solid OpenSCAD_Model
  facet normal 0.60183 0.181836 -0.777648
    outer loop
      vertex 104.751 103.182 1.99
      vertex 102.654 101.612 0
      vertex 104.638 103.556 1.99
    endloop
  endfacet
  facet normal -0.601425 -0.18244 -0.777819
    outer loop
      vertex 0.162211 1.2444 1.99
      vertex 0.0489689 1.61771 1.99
      vertex 2.14643 3.18751 0
    endloop
  endfacet
  facet normal -0.527712 -0.281785 -0.801323
    outer loop
      vertex 0.346108 0.900353 1.99
      vertex 2.3242 2.85493 0
      vertex 0.346996 0.89869 1.99
    endloop
  endfacet
  facet normal -0.52755 -0.281985 -0.801359
    outer loop
      vertex 2.3242 2.85493 0
      vertex 0.346108 0.900353 1.99
      vertex 2.14643 3.18751 0
    endloop
  endfacet
  facet normal -0.601221 -0.182805 -0.777892
    outer loop
      vertex 0.0484216 1.61951 1.99
      vertex 2.14643 3.18751 0
      vertex 0.0489689 1.61771 1.99
    endloop
  endfacet
  facet normal -0.601424 -0.182442 -0.77782
    outer loop
      vertex 2.14643 3.18751 0
      vertex 0.0484216 1.61951 1.99
      vertex 2.03696 3.54838 0
    endloop
  endfacet
  facet normal 0 0.707107 -0.707107
    outer loop
      vertex 100.876 102.8 0
      vertex 2.00962 104.79 1.99
      vertex 102.79 104.79 1.99
    endloop
  endfacet
  facet normal 0 0.707107 -0.707107
    outer loop
      vertex 2.00962 104.79 1.99
      vertex 100.876 102.8 0
      vertex 3.92366 102.8 0
    endloop
  endfacet
  facet normal -0.527552 -0.281983 -0.801358
    outer loop
      vertex 0.346108 0.900353 1.99
      vertex 0.162211 1.2444 1.99
      vertex 2.14643 3.18751 0
    endloop
  endfacet
  facet normal 0.281981 -0.527477 -0.801408
    outer loop
      vertex 103.556 0.162211 1.99
      vertex 101.612 2.14643 0
      vertex 103.9 0.346108 1.99
    endloop
  endfacet
  facet normal 0 -0.707107 -0.707107
    outer loop
      vertex 102.79 0.00999966 1.99
      vertex 3.92366 2 0
      vertex 100.876 2 0
    endloop
  endfacet
  facet normal 0 -0.707107 -0.707107
    outer loop
      vertex 3.92366 2 0
      vertex 102.79 0.00999966 1.99
      vertex 2.00962 0.00999966 1.99
    endloop
  endfacet
  facet normal 0.0657663 0.673239 -0.736494
    outer loop
      vertex 103.179 104.752 1.99
      vertex 100.876 102.8 0
      vertex 102.79 104.79 1.99
    endloop
  endfacet
  facet normal 0.527488 -0.282106 -0.801357
    outer loop
      vertex 104.454 0.900353 1.99
      vertex 102.654 3.18751 0
      vertex 104.638 1.2444 1.99
    endloop
  endfacet
  facet normal -0.370192 -0.451077 -0.812088
    outer loop
      vertex 0.89869 0.346996 1.99
      vertex 2.56343 2.56343 0
      vertex 2.85493 2.3242 0
    endloop
  endfacet
  facet normal -0.370086 -0.451159 -0.812091
    outer loop
      vertex 2.56343 2.56343 0
      vertex 0.89869 0.346996 1.99
      vertex 0.897232 0.348192 1.99
    endloop
  endfacet
  facet normal -0.451077 -0.370192 -0.812088
    outer loop
      vertex 0.595675 0.595675 1.99
      vertex 0.348192 0.897232 1.99
      vertex 2.56343 2.56343 0
    endloop
  endfacet
  facet normal -0.18244 -0.601425 -0.777819
    outer loop
      vertex 1.61771 0.0489689 1.99
      vertex 1.2444 0.162211 1.99
      vertex 3.18751 2.14643 0
    endloop
  endfacet
  facet normal -0.450766 0.370621 -0.812065
    outer loop
      vertex 2.56343 102.237 0
      vertex 0.348192 103.903 1.99
      vertex 0.595675 104.204 1.99
    endloop
  endfacet
  facet normal 0.386746 -0.435525 -0.812863
    outer loop
      vertex 103.9 0.346108 1.99
      vertex 101.945 2.3242 0
      vertex 103.901 0.346996 1.99
    endloop
  endfacet
  facet normal 0.281723 -0.527725 -0.801335
    outer loop
      vertex 101.945 2.3242 0
      vertex 103.9 0.346108 1.99
      vertex 101.612 2.14643 0
    endloop
  endfacet
  facet normal -0.281985 -0.52755 -0.801359
    outer loop
      vertex 0.900353 0.346108 1.99
      vertex 2.85493 2.3242 0
      vertex 3.18751 2.14643 0
    endloop
  endfacet
  facet normal -0.281785 -0.527712 -0.801323
    outer loop
      vertex 2.85493 2.3242 0
      vertex 0.900353 0.346108 1.99
      vertex 0.89869 0.346996 1.99
    endloop
  endfacet
  facet normal -0.672956 -0.0662801 -0.736707
    outer loop
      vertex 0.0482368 1.62139 1.99
      vertex 0.00999966 2.00962 1.99
      vertex 2 3.92366 0
    endloop
  endfacet
  facet normal 0.166924 -0.609992 -0.774626
    outer loop
      vertex 103.18 0.0484216 1.99
      vertex 101.612 2.14643 0
      vertex 103.182 0.0489689 1.99
    endloop
  endfacet
  facet normal 0.182819 -0.601213 -0.777895
    outer loop
      vertex 101.612 2.14643 0
      vertex 103.18 0.0484216 1.99
      vertex 101.252 2.03696 0
    endloop
  endfacet
  facet normal -0.601213 0.182819 -0.777895
    outer loop
      vertex 0.0484216 103.18 1.99
      vertex 2.14643 101.612 0
      vertex 2.03696 101.252 0
    endloop
  endfacet
  facet normal -0.609992 0.166924 -0.774626
    outer loop
      vertex 2.14643 101.612 0
      vertex 0.0484216 103.18 1.99
      vertex 0.0489689 103.182 1.99
    endloop
  endfacet
  facet normal -0.281983 -0.527552 -0.801358
    outer loop
      vertex 1.2444 0.162211 1.99
      vertex 0.900353 0.346108 1.99
      vertex 3.18751 2.14643 0
    endloop
  endfacet
  facet normal 0.37111 0.45042 -0.812034
    outer loop
      vertex 104.204 104.204 1.99
      vertex 102.237 102.237 0
      vertex 103.903 104.452 1.99
    endloop
  endfacet
  facet normal -0.673025 0.0661557 -0.736655
    outer loop
      vertex 2 100.876 0
      vertex 0.00999966 102.79 1.99
      vertex 0.0482368 103.179 1.99
    endloop
  endfacet
  facet normal 0.282105 0.527413 -0.801407
    outer loop
      vertex 103.9 104.454 1.99
      vertex 101.612 102.654 0
      vertex 103.556 104.638 1.99
    endloop
  endfacet
  facet normal 0.508164 -0.30557 -0.805231
    outer loop
      vertex 102.476 2.85493 0
      vertex 104.454 0.900353 1.99
      vertex 104.453 0.89869 1.99
    endloop
  endfacet
  facet normal 0.527355 -0.282245 -0.801396
    outer loop
      vertex 104.454 0.900353 1.99
      vertex 102.476 2.85493 0
      vertex 102.654 3.18751 0
    endloop
  endfacet
  facet normal 0.300429 -0.50239 -0.810769
    outer loop
      vertex 103.901 0.346996 1.99
      vertex 102.237 2.56343 0
      vertex 103.903 0.348192 1.99
    endloop
  endfacet
  facet normal 0.369846 -0.451427 -0.812051
    outer loop
      vertex 102.237 2.56343 0
      vertex 103.901 0.346996 1.99
      vertex 101.945 2.3242 0
    endloop
  endfacet
  facet normal 0.601677 -0.182126 -0.777698
    outer loop
      vertex 104.638 1.2444 1.99
      vertex 102.654 3.18751 0
      vertex 104.751 1.61771 1.99
    endloop
  endfacet
  facet normal 0.370621 -0.450766 -0.812065
    outer loop
      vertex 103.903 0.348192 1.99
      vertex 102.237 2.56343 0
      vertex 104.204 0.595675 1.99
    endloop
  endfacet
  facet normal 0.707107 0 -0.707107
    outer loop
      vertex 104.79 102.79 1.99
      vertex 102.8 3.92366 0
      vertex 102.8 100.876 0
    endloop
  endfacet
  facet normal 0.707107 0 -0.707107
    outer loop
      vertex 102.8 3.92366 0
      vertex 104.79 102.79 1.99
      vertex 104.79 2.00962 1.99
    endloop
  endfacet
  facet normal -0.0663407 0.672874 -0.736776
    outer loop
      vertex 3.54838 102.763 0
      vertex 1.62139 104.752 1.99
      vertex 3.92366 102.8 0
    endloop
  endfacet
  facet normal 0 0.707284 -0.706929
    outer loop
      vertex 1.62139 104.752 1.99
      vertex 3.54838 102.763 0
      vertex 1.61951 104.752 1.99
    endloop
  endfacet
  facet normal 0.45042 0.37111 -0.812034
    outer loop
      vertex 104.452 103.903 1.99
      vertex 102.237 102.237 0
      vertex 104.204 104.204 1.99
    endloop
  endfacet
  facet normal -0.181772 0.6018 -0.777686
    outer loop
      vertex 3.18751 102.654 0
      vertex 1.61951 104.752 1.99
      vertex 3.54838 102.763 0
    endloop
  endfacet
  facet normal -0.295494 0.531888 -0.793586
    outer loop
      vertex 1.61951 104.752 1.99
      vertex 3.18751 102.654 0
      vertex 1.61771 104.751 1.99
    endloop
  endfacet
  facet normal 0.527413 0.282105 -0.801407
    outer loop
      vertex 104.638 103.556 1.99
      vertex 102.654 101.612 0
      vertex 104.454 103.9 1.99
    endloop
  endfacet
  facet normal -0.282106 0.527488 -0.801357
    outer loop
      vertex 3.18751 102.654 0
      vertex 0.900353 104.454 1.99
      vertex 1.2444 104.638 1.99
    endloop
  endfacet
  facet normal 0.673171 -0.06589 -0.736546
    outer loop
      vertex 104.752 1.62139 1.99
      vertex 102.8 3.92366 0
      vertex 104.79 2.00962 1.99
    endloop
  endfacet
  facet normal 0.273285 0.54657 -0.791566
    outer loop
      vertex 101.612 102.654 0
      vertex 103.18 104.752 1.99
      vertex 103.182 104.751 1.99
    endloop
  endfacet
  facet normal 0.182148 0.60159 -0.777761
    outer loop
      vertex 103.18 104.752 1.99
      vertex 101.612 102.654 0
      vertex 101.252 102.763 0
    endloop
  endfacet
  facet normal -0.451159 -0.370086 -0.812091
    outer loop
      vertex 0.346996 0.89869 1.99
      vertex 2.56343 2.56343 0
      vertex 0.348192 0.897232 1.99
    endloop
  endfacet
  facet normal -0.451077 -0.370192 -0.812088
    outer loop
      vertex 2.56343 2.56343 0
      vertex 0.346996 0.89869 1.99
      vertex 2.3242 2.85493 0
    endloop
  endfacet
  facet normal 0.52753 0.281983 -0.801372
    outer loop
      vertex 102.476 101.945 0
      vertex 104.454 103.9 1.99
      vertex 102.654 101.612 0
    endloop
  endfacet
  facet normal 0.411481 0.411481 -0.813244
    outer loop
      vertex 104.454 103.9 1.99
      vertex 102.476 101.945 0
      vertex 104.453 103.901 1.99
    endloop
  endfacet
  facet normal -0.370004 0.451281 -0.81206
    outer loop
      vertex 2.56343 102.237 0
      vertex 0.89869 104.453 1.99
      vertex 2.85493 102.476 0
    endloop
  endfacet
  facet normal -0.330085 0.481263 -0.812053
    outer loop
      vertex 0.89869 104.453 1.99
      vertex 2.56343 102.237 0
      vertex 0.897232 104.452 1.99
    endloop
  endfacet
  facet normal -0.06589 0.673171 -0.736546
    outer loop
      vertex 3.92366 102.8 0
      vertex 1.62139 104.752 1.99
      vertex 2.00962 104.79 1.99
    endloop
  endfacet
  facet normal 0.450731 -0.37068 -0.812058
    outer loop
      vertex 104.204 0.595675 1.99
      vertex 102.237 2.56343 0
      vertex 104.452 0.897232 1.99
    endloop
  endfacet
  facet normal -0.182442 -0.601424 -0.77782
    outer loop
      vertex 1.61951 0.0484216 1.99
      vertex 3.18751 2.14643 0
      vertex 3.54838 2.03696 0
    endloop
  endfacet
  facet normal -0.182805 -0.601221 -0.777892
    outer loop
      vertex 3.18751 2.14643 0
      vertex 1.61951 0.0484216 1.99
      vertex 1.61771 0.0489689 1.99
    endloop
  endfacet
  facet normal -0.370192 -0.451077 -0.812088
    outer loop
      vertex 0.897232 0.348192 1.99
      vertex 0.595675 0.595675 1.99
      vertex 2.56343 2.56343 0
    endloop
  endfacet
  facet normal -0.601578 0.18215 -0.77777
    outer loop
      vertex 2.14643 101.612 0
      vertex 0.0489689 103.182 1.99
      vertex 0.162211 103.556 1.99
    endloop
  endfacet
  facet normal 0.673239 0.0657663 -0.736494
    outer loop
      vertex 104.79 102.79 1.99
      vertex 102.8 100.876 0
      vertex 104.752 103.179 1.99
    endloop
  endfacet
  facet normal 0.531888 -0.295494 -0.793586
    outer loop
      vertex 102.654 3.18751 0
      vertex 104.752 1.61951 1.99
      vertex 104.751 1.61771 1.99
    endloop
  endfacet
  facet normal 0.6018 -0.181772 -0.777686
    outer loop
      vertex 104.752 1.61951 1.99
      vertex 102.654 3.18751 0
      vertex 102.763 3.54838 0
    endloop
  endfacet
  facet normal -0.282245 0.527355 -0.801396
    outer loop
      vertex 2.85493 102.476 0
      vertex 0.900353 104.454 1.99
      vertex 3.18751 102.654 0
    endloop
  endfacet
  facet normal -0.30557 0.508164 -0.805231
    outer loop
      vertex 0.900353 104.454 1.99
      vertex 2.85493 102.476 0
      vertex 0.89869 104.453 1.99
    endloop
  endfacet
  facet normal 0.263671 0.527341 -0.807706
    outer loop
      vertex 102.237 102.237 0
      vertex 103.901 104.453 1.99
      vertex 103.903 104.452 1.99
    endloop
  endfacet
  facet normal 0.369658 0.451632 -0.812023
    outer loop
      vertex 103.901 104.453 1.99
      vertex 102.237 102.237 0
      vertex 101.945 102.476 0
    endloop
  endfacet
  facet normal -0.451427 0.369846 -0.812051
    outer loop
      vertex 0.346996 103.901 1.99
      vertex 2.56343 102.237 0
      vertex 2.3242 101.945 0
    endloop
  endfacet
  facet normal -0.50239 0.300429 -0.810769
    outer loop
      vertex 2.56343 102.237 0
      vertex 0.346996 103.901 1.99
      vertex 0.348192 103.903 1.99
    endloop
  endfacet
  facet normal -0.0662801 -0.672956 -0.736707
    outer loop
      vertex 2.00962 0.00999966 1.99
      vertex 1.62139 0.0482368 1.99
      vertex 3.92366 2 0
    endloop
  endfacet
  facet normal -0.37068 0.450731 -0.812058
    outer loop
      vertex 2.56343 102.237 0
      vertex 0.595675 104.204 1.99
      vertex 0.897232 104.452 1.99
    endloop
  endfacet
  facet normal -0.182126 0.601677 -0.777698
    outer loop
      vertex 3.18751 102.654 0
      vertex 1.2444 104.638 1.99
      vertex 1.61771 104.751 1.99
    endloop
  endfacet
  facet normal 0.0661557 -0.673025 -0.736655
    outer loop
      vertex 102.79 0.00999966 1.99
      vertex 100.876 2 0
      vertex 103.179 0.0482368 1.99
    endloop
  endfacet
  facet normal -0.707107 0 -0.707107
    outer loop
      vertex 0.00999966 2.00962 1.99
      vertex 2 100.876 0
      vertex 2 3.92366 0
    endloop
  endfacet
  facet normal -0.707107 0 -0.707107
    outer loop
      vertex 2 100.876 0
      vertex 0.00999966 2.00962 1.99
      vertex 0.00999966 102.79 1.99
    endloop
  endfacet
  facet normal 0.181836 0.60183 -0.777648
    outer loop
      vertex 103.556 104.638 1.99
      vertex 101.612 102.654 0
      vertex 103.182 104.751 1.99
    endloop
  endfacet
  facet normal 0.60159 0.182148 -0.777761
    outer loop
      vertex 102.654 101.612 0
      vertex 104.752 103.18 1.99
      vertex 102.763 101.252 0
    endloop
  endfacet
  facet normal 0.54657 0.273285 -0.791566
    outer loop
      vertex 104.752 103.18 1.99
      vertex 102.654 101.612 0
      vertex 104.751 103.182 1.99
    endloop
  endfacet
  facet normal 0.672941 0.0662202 -0.736726
    outer loop
      vertex 102.763 101.252 0
      vertex 104.752 103.179 1.99
      vertex 102.8 100.876 0
    endloop
  endfacet
  facet normal 0.707284 0 -0.706929
    outer loop
      vertex 104.752 103.179 1.99
      vertex 102.763 101.252 0
      vertex 104.752 103.18 1.99
    endloop
  endfacet
  facet normal 0.411481 0.411481 -0.813244
    outer loop
      vertex 101.945 102.476 0
      vertex 103.9 104.454 1.99
      vertex 103.901 104.453 1.99
    endloop
  endfacet
  facet normal 0.281983 0.52753 -0.801372
    outer loop
      vertex 103.9 104.454 1.99
      vertex 101.945 102.476 0
      vertex 101.612 102.654 0
    endloop
  endfacet
  facet normal 0.481263 -0.330085 -0.812053
    outer loop
      vertex 102.237 2.56343 0
      vertex 104.453 0.89869 1.99
      vertex 104.452 0.897232 1.99
    endloop
  endfacet
  facet normal 0.451281 -0.370004 -0.81206
    outer loop
      vertex 104.453 0.89869 1.99
      vertex 102.237 2.56343 0
      vertex 102.476 2.85493 0
    endloop
  endfacet
  facet normal 0.18215 -0.601578 -0.77777
    outer loop
      vertex 103.182 0.0489689 1.99
      vertex 101.612 2.14643 0
      vertex 103.556 0.162211 1.99
    endloop
  endfacet
  facet normal 0.707284 0 -0.706929
    outer loop
      vertex 102.763 3.54838 0
      vertex 104.752 1.62139 1.99
      vertex 104.752 1.61951 1.99
    endloop
  endfacet
  facet normal 0.672874 -0.0663407 -0.736776
    outer loop
      vertex 104.752 1.62139 1.99
      vertex 102.763 3.54838 0
      vertex 102.8 3.92366 0
    endloop
  endfacet
  facet normal 0.451632 0.369658 -0.812023
    outer loop
      vertex 102.237 102.237 0
      vertex 104.453 103.901 1.99
      vertex 102.476 101.945 0
    endloop
  endfacet
  facet normal 0.527341 0.263671 -0.807706
    outer loop
      vertex 104.453 103.901 1.99
      vertex 102.237 102.237 0
      vertex 104.452 103.903 1.99
    endloop
  endfacet
  facet normal -0.0662773 -0.672958 -0.736705
    outer loop
      vertex 1.62139 0.0482368 1.99
      vertex 3.54838 2.03696 0
      vertex 3.92366 2 0
    endloop
  endfacet
  facet normal -0.0661569 -0.673025 -0.736655
    outer loop
      vertex 3.54838 2.03696 0
      vertex 1.62139 0.0482368 1.99
      vertex 1.61951 0.0484216 1.99
    endloop
  endfacet
  facet normal 0 0 -1
    outer loop
      vertex 100.876 2 0
      vertex 102.8 3.92366 0
      vertex 102.763 3.54838 0
    endloop
  endfacet
  facet normal -0 0 -1
    outer loop
      vertex 102.8 3.92366 0
      vertex 100.876 2 0
      vertex 102.8 100.876 0
    endloop
  endfacet
  facet normal 0 0 -1
    outer loop
      vertex 100.876 2 0
      vertex 102.763 3.54838 0
      vertex 102.654 3.18751 0
    endloop
  endfacet
  facet normal 0 0 -1
    outer loop
      vertex 100.876 102.8 0
      vertex 102.8 100.876 0
      vertex 100.876 2 0
    endloop
  endfacet
  facet normal 0 0 -1
    outer loop
      vertex 100.876 2 0
      vertex 102.654 3.18751 0
      vertex 102.476 2.85493 0
    endloop
  endfacet
  facet normal 0 0 -1
    outer loop
      vertex 102.8 100.876 0
      vertex 100.876 102.8 0
      vertex 102.763 101.252 0
    endloop
  endfacet
  facet normal 0 0 -1
    outer loop
      vertex 100.876 2 0
      vertex 102.476 2.85493 0
      vertex 102.237 2.56343 0
    endloop
  endfacet
  facet normal 0 0 -1
    outer loop
      vertex 102.763 101.252 0
      vertex 100.876 102.8 0
      vertex 102.654 101.612 0
    endloop
  endfacet
  facet normal 0 0 -1
    outer loop
      vertex 100.876 2 0
      vertex 102.237 2.56343 0
      vertex 101.945 2.3242 0
    endloop
  endfacet
  facet normal 0 0 -1
    outer loop
      vertex 102.654 101.612 0
      vertex 100.876 102.8 0
      vertex 102.476 101.945 0
    endloop
  endfacet
  facet normal 0 0 -1
    outer loop
      vertex 100.876 2 0
      vertex 101.945 2.3242 0
      vertex 101.612 2.14643 0
    endloop
  endfacet
  facet normal 0 0 -1
    outer loop
      vertex 102.476 101.945 0
      vertex 100.876 102.8 0
      vertex 102.237 102.237 0
    endloop
  endfacet
  facet normal 0 0 -1
    outer loop
      vertex 100.876 2 0
      vertex 101.612 2.14643 0
      vertex 101.252 2.03696 0
    endloop
  endfacet
  facet normal 0 0 -1
    outer loop
      vertex 102.237 102.237 0
      vertex 100.876 102.8 0
      vertex 101.945 102.476 0
    endloop
  endfacet
  facet normal 0 0 -1
    outer loop
      vertex 101.945 102.476 0
      vertex 100.876 102.8 0
      vertex 101.612 102.654 0
    endloop
  endfacet
  facet normal 0 0 -1
    outer loop
      vertex 101.612 102.654 0
      vertex 100.876 102.8 0
      vertex 101.252 102.763 0
    endloop
  endfacet
  facet normal 0 0 -1
    outer loop
      vertex 3.92366 2 0
      vertex 100.876 102.8 0
      vertex 100.876 2 0
    endloop
  endfacet
  facet normal 0 0 -1
    outer loop
      vertex 3.92366 2 0
      vertex 3.92366 102.8 0
      vertex 100.876 102.8 0
    endloop
  endfacet
  facet normal 0 0 -1
    outer loop
      vertex 2 3.92366 0
      vertex 3.92366 2 0
      vertex 3.54838 2.03696 0
    endloop
  endfacet
  facet normal 0 0 -1
    outer loop
      vertex 3.92366 2 0
      vertex 2 3.92366 0
      vertex 3.92366 102.8 0
    endloop
  endfacet
  facet normal 0 0 -1
    outer loop
      vertex 2 3.92366 0
      vertex 3.54838 2.03696 0
      vertex 3.18751 2.14643 0
    endloop
  endfacet
  facet normal 0 0 -1
    outer loop
      vertex 2 100.876 0
      vertex 3.92366 102.8 0
      vertex 2 3.92366 0
    endloop
  endfacet
  facet normal 0 0 -1
    outer loop
      vertex 2 3.92366 0
      vertex 3.18751 2.14643 0
      vertex 2.85493 2.3242 0
    endloop
  endfacet
  facet normal 0 0 -1
    outer loop
      vertex 3.92366 102.8 0
      vertex 2 100.876 0
      vertex 3.54838 102.763 0
    endloop
  endfacet
  facet normal 0 0 -1
    outer loop
      vertex 2 3.92366 0
      vertex 2.85493 2.3242 0
      vertex 2.56343 2.56343 0
    endloop
  endfacet
  facet normal 0 0 -1
    outer loop
      vertex 3.54838 102.763 0
      vertex 2 100.876 0
      vertex 3.18751 102.654 0
    endloop
  endfacet
  facet normal 0 0 -1
    outer loop
      vertex 2 3.92366 0
      vertex 2.56343 2.56343 0
      vertex 2.3242 2.85493 0
    endloop
  endfacet
  facet normal 0 0 -1
    outer loop
      vertex 3.18751 102.654 0
      vertex 2 100.876 0
      vertex 2.85493 102.476 0
    endloop
  endfacet
  facet normal 0 0 -1
    outer loop
      vertex 2 3.92366 0
      vertex 2.3242 2.85493 0
      vertex 2.14643 3.18751 0
    endloop
  endfacet
  facet normal 0 0 -1
    outer loop
      vertex 2.85493 102.476 0
      vertex 2 100.876 0
      vertex 2.56343 102.237 0
    endloop
  endfacet
  facet normal 0 0 -1
    outer loop
      vertex 2 3.92366 0
      vertex 2.14643 3.18751 0
      vertex 2.03696 3.54838 0
    endloop
  endfacet
  facet normal 0 0 -1
    outer loop
      vertex 2.56343 102.237 0
      vertex 2 100.876 0
      vertex 2.3242 101.945 0
    endloop
  endfacet
  facet normal 0 0 -1
    outer loop
      vertex 2.3242 101.945 0
      vertex 2 100.876 0
      vertex 2.14643 101.612 0
    endloop
  endfacet
  facet normal 0 0 -1
    outer loop
      vertex 2.14643 101.612 0
      vertex 2 100.876 0
      vertex 2.03696 101.252 0
    endloop
  endfacet
  facet normal 0 0.707284 -0.706929
    outer loop
      vertex 101.252 102.763 0
      vertex 103.179 104.752 1.99
      vertex 103.18 104.752 1.99
    endloop
  endfacet
  facet normal 0.0662202 0.672941 -0.736726
    outer loop
      vertex 103.179 104.752 1.99
      vertex 101.252 102.763 0
      vertex 100.876 102.8 0
    endloop
  endfacet
  facet normal -0.527477 0.281981 -0.801408
    outer loop
      vertex 2.14643 101.612 0
      vertex 0.162211 103.556 1.99
      vertex 0.346108 103.9 1.99
    endloop
  endfacet
  facet normal -0.527725 0.281723 -0.801335
    outer loop
      vertex 0.346108 103.9 1.99
      vertex 2.3242 101.945 0
      vertex 2.14643 101.612 0
    endloop
  endfacet
  facet normal -0.435525 0.386746 -0.812863
    outer loop
      vertex 2.3242 101.945 0
      vertex 0.346108 103.9 1.99
      vertex 0.346996 103.901 1.99
    endloop
  endfacet
  facet normal -0.673025 0.0661569 -0.736655
    outer loop
      vertex 0.0482368 103.179 1.99
      vertex 2.03696 101.252 0
      vertex 2 100.876 0
    endloop
  endfacet
  facet normal -0.642485 0.118731 -0.757045
    outer loop
      vertex 2.03696 101.252 0
      vertex 0.0482368 103.179 1.99
      vertex 0.0484216 103.18 1.99
    endloop
  endfacet
  facet normal -0.673025 -0.0661569 -0.736655
    outer loop
      vertex 0.0482368 1.62139 1.99
      vertex 2.03696 3.54838 0
      vertex 0.0484216 1.61951 1.99
    endloop
  endfacet
  facet normal -0.672958 -0.0662773 -0.736705
    outer loop
      vertex 2.03696 3.54838 0
      vertex 0.0482368 1.62139 1.99
      vertex 2 3.92366 0
    endloop
  endfacet
  facet normal 0.118731 -0.642485 -0.757045
    outer loop
      vertex 103.179 0.0482368 1.99
      vertex 101.252 2.03696 0
      vertex 103.18 0.0484216 1.99
    endloop
  endfacet
  facet normal 0.0661569 -0.673025 -0.736655
    outer loop
      vertex 101.252 2.03696 0
      vertex 103.179 0.0482368 1.99
      vertex 100.876 2 0
    endloop
  endfacet
  facet normal -0.956941 -0.290282 0
    outer loop
      vertex 0.152241 1.23463 1.99
      vertex 0.0384296 1.60982 6.5
      vertex 0.0384296 1.60982 1.99
    endloop
  endfacet
  facet normal -0.956941 -0.290282 0
    outer loop
      vertex 0.0384296 1.60982 6.5
      vertex 0.152241 1.23463 1.99
      vertex 0.152241 1.23463 6.5
    endloop
  endfacet
  facet normal -0.995185 -0.0980167 0
    outer loop
      vertex 0.0384296 1.60982 1.99
      vertex 3.8147e-07 2 6.5
      vertex 3.8147e-07 2 1.99
    endloop
  endfacet
  facet normal -0.995185 -0.0980167 0
    outer loop
      vertex 3.8147e-07 2 6.5
      vertex 0.0384296 1.60982 1.99
      vertex 0.0384296 1.60982 6.5
    endloop
  endfacet
  facet normal 0.956808 -0.290722 0
    outer loop
      vertex 104.648 1.23463 6.5
      vertex 104.762 1.60982 1.99
      vertex 104.762 1.60982 6.5
    endloop
  endfacet
  facet normal 0.956808 -0.290722 0
    outer loop
      vertex 104.762 1.60982 1.99
      vertex 104.648 1.23463 6.5
      vertex 104.648 1.23463 1.99
    endloop
  endfacet
  facet normal 0.772667 -0.634811 0
    outer loop
      vertex 104.214 0.585787 6.5
      vertex 104.463 0.88886 1.99
      vertex 104.463 0.88886 6.5
    endloop
  endfacet
  facet normal 0.772667 -0.634811 0
    outer loop
      vertex 104.463 0.88886 1.99
      vertex 104.214 0.585787 6.5
      vertex 104.214 0.585787 1.99
    endloop
  endfacet
  facet normal -0.9569 0.290416 0
    outer loop
      vertex 0.0384296 103.19 1.99
      vertex 0.152241 103.565 6.5
      vertex 0.152241 103.565 1.99
    endloop
  endfacet
  facet normal -0.9569 0.290416 0
    outer loop
      vertex 0.152241 103.565 6.5
      vertex 0.0384296 103.19 1.99
      vertex 0.0384296 103.19 6.5
    endloop
  endfacet
  facet normal 0.881728 -0.471758 0
    outer loop
      vertex 104.463 0.88886 6.5
      vertex 104.648 1.23463 1.99
      vertex 104.648 1.23463 6.5
    endloop
  endfacet
  facet normal 0.881728 -0.471758 0
    outer loop
      vertex 104.648 1.23463 1.99
      vertex 104.463 0.88886 6.5
      vertex 104.463 0.88886 1.99
    endloop
  endfacet
  facet normal -0.290722 0.956808 0
    outer loop
      vertex 1.60982 104.762 1.99
      vertex 1.23463 104.648 6.5
      vertex 1.60982 104.762 6.5
    endloop
  endfacet
  facet normal -0.290722 0.956808 0
    outer loop
      vertex 1.23463 104.648 6.5
      vertex 1.60982 104.762 1.99
      vertex 1.23463 104.648 1.99
    endloop
  endfacet
  facet normal -0.77301 -0.634394 0
    outer loop
      vertex 0.585787 0.585787 1.99
      vertex 0.337061 0.88886 6.5
      vertex 0.337061 0.88886 1.99
    endloop
  endfacet
  facet normal -0.77301 -0.634394 0
    outer loop
      vertex 0.337061 0.88886 6.5
      vertex 0.585787 0.585787 1.99
      vertex 0.585787 0.585787 6.5
    endloop
  endfacet
  facet normal -0.471401 -0.881919 0
    outer loop
      vertex 0.88886 0.337061 1.99
      vertex 1.23463 0.152241 6.5
      vertex 0.88886 0.337061 6.5
    endloop
  endfacet
  facet normal -0.471401 -0.881919 -0
    outer loop
      vertex 1.23463 0.152241 6.5
      vertex 0.88886 0.337061 1.99
      vertex 1.23463 0.152241 1.99
    endloop
  endfacet
  facet normal 0.0969766 0.995287 -0
    outer loop
      vertex 103.19 104.762 1.99
      vertex 102.8 104.8 6.5
      vertex 103.19 104.762 6.5
    endloop
  endfacet
  facet normal 0.0969766 0.995287 0
    outer loop
      vertex 102.8 104.8 6.5
      vertex 103.19 104.762 1.99
      vertex 102.8 104.8 1.99
    endloop
  endfacet
  facet normal -1 0 0
    outer loop
      vertex 3.8147e-07 2 1.99
      vertex 3.8147e-07 102.8 6.5
      vertex 3.8147e-07 102.8 1.99
    endloop
  endfacet
  facet normal -1 -0 0
    outer loop
      vertex 3.8147e-07 102.8 6.5
      vertex 3.8147e-07 2 1.99
      vertex 3.8147e-07 2 6.5
    endloop
  endfacet
  facet normal -0.772935 0.634485 0
    outer loop
      vertex 0.337061 103.911 1.99
      vertex 0.585787 104.214 6.5
      vertex 0.585787 104.214 1.99
    endloop
  endfacet
  facet normal -0.772935 0.634485 0
    outer loop
      vertex 0.585787 104.214 6.5
      vertex 0.337061 103.911 1.99
      vertex 0.337061 103.911 6.5
    endloop
  endfacet
  facet normal -0.881919 -0.471401 0
    outer loop
      vertex 0.337061 0.88886 1.99
      vertex 0.152241 1.23463 6.5
      vertex 0.152241 1.23463 1.99
    endloop
  endfacet
  facet normal -0.881919 -0.471401 0
    outer loop
      vertex 0.152241 1.23463 6.5
      vertex 0.337061 0.88886 1.99
      vertex 0.337061 0.88886 6.5
    endloop
  endfacet
  facet normal 0.290857 0.956767 -0
    outer loop
      vertex 103.565 104.648 1.99
      vertex 103.19 104.762 6.5
      vertex 103.565 104.648 6.5
    endloop
  endfacet
  facet normal 0.290857 0.956767 0
    outer loop
      vertex 103.19 104.762 6.5
      vertex 103.565 104.648 1.99
      vertex 103.19 104.762 1.99
    endloop
  endfacet
  facet normal 0.634903 0.772592 -0
    outer loop
      vertex 104.214 104.214 1.99
      vertex 103.911 104.463 6.5
      vertex 104.214 104.214 6.5
    endloop
  endfacet
  facet normal 0.634903 0.772592 0
    outer loop
      vertex 103.911 104.463 6.5
      vertex 104.214 104.214 1.99
      vertex 103.911 104.463 1.99
    endloop
  endfacet
  facet normal -0.99518 0.0980615 0
    outer loop
      vertex 3.8147e-07 102.8 1.99
      vertex 0.0384296 103.19 6.5
      vertex 0.0384296 103.19 1.99
    endloop
  endfacet
  facet normal -0.99518 0.0980615 0
    outer loop
      vertex 0.0384296 103.19 6.5
      vertex 3.8147e-07 102.8 1.99
      vertex 3.8147e-07 102.8 6.5
    endloop
  endfacet
  facet normal 0 1 -0
    outer loop
      vertex 102.8 104.8 1.99
      vertex 2 104.8 6.5
      vertex 102.8 104.8 6.5
    endloop
  endfacet
  facet normal 0 1 0
    outer loop
      vertex 2 104.8 6.5
      vertex 102.8 104.8 1.99
      vertex 2 104.8 1.99
    endloop
  endfacet
  facet normal 0 -1 0
    outer loop
      vertex 2 3.8147e-07 1.99
      vertex 102.8 3.8147e-07 6.5
      vertex 2 3.8147e-07 6.5
    endloop
  endfacet
  facet normal 0 -1 -0
    outer loop
      vertex 102.8 3.8147e-07 6.5
      vertex 2 3.8147e-07 1.99
      vertex 102.8 3.8147e-07 1.99
    endloop
  endfacet
  facet normal 0.772592 0.634903 0
    outer loop
      vertex 104.463 103.911 6.5
      vertex 104.214 104.214 1.99
      vertex 104.214 104.214 6.5
    endloop
  endfacet
  facet normal 0.772592 0.634903 0
    outer loop
      vertex 104.214 104.214 1.99
      vertex 104.463 103.911 6.5
      vertex 104.463 103.911 1.99
    endloop
  endfacet
  facet normal 1 -0 0
    outer loop
      vertex 104.8 2 6.5
      vertex 104.8 102.8 1.99
      vertex 104.8 102.8 6.5
    endloop
  endfacet
  facet normal 1 0 0
    outer loop
      vertex 104.8 102.8 1.99
      vertex 104.8 2 6.5
      vertex 104.8 2 1.99
    endloop
  endfacet
  facet normal 0.471514 0.881859 -0
    outer loop
      vertex 103.911 104.463 1.99
      vertex 103.565 104.648 6.5
      vertex 103.911 104.463 6.5
    endloop
  endfacet
  facet normal 0.471514 0.881859 0
    outer loop
      vertex 103.565 104.648 6.5
      vertex 103.911 104.463 1.99
      vertex 103.565 104.648 1.99
    endloop
  endfacet
  facet normal -0.0969323 0.995291 0
    outer loop
      vertex 2 104.8 1.99
      vertex 1.60982 104.762 6.5
      vertex 2 104.8 6.5
    endloop
  endfacet
  facet normal -0.0969323 0.995291 0
    outer loop
      vertex 1.60982 104.762 6.5
      vertex 2 104.8 1.99
      vertex 1.60982 104.762 1.99
    endloop
  endfacet
  facet normal 0.881859 0.471514 0
    outer loop
      vertex 104.648 103.565 6.5
      vertex 104.463 103.911 1.99
      vertex 104.463 103.911 6.5
    endloop
  endfacet
  facet normal 0.881859 0.471514 0
    outer loop
      vertex 104.463 103.911 1.99
      vertex 104.648 103.565 6.5
      vertex 104.648 103.565 1.99
    endloop
  endfacet
  facet normal 0.995287 0.0969766 0
    outer loop
      vertex 104.8 102.8 6.5
      vertex 104.762 103.19 1.99
      vertex 104.762 103.19 6.5
    endloop
  endfacet
  facet normal 0.995287 0.0969766 0
    outer loop
      vertex 104.762 103.19 1.99
      vertex 104.8 102.8 6.5
      vertex 104.8 102.8 1.99
    endloop
  endfacet
  facet normal 0.956767 0.290857 0
    outer loop
      vertex 104.762 103.19 6.5
      vertex 104.648 103.565 1.99
      vertex 104.648 103.565 6.5
    endloop
  endfacet
  facet normal 0.956767 0.290857 0
    outer loop
      vertex 104.648 103.565 1.99
      vertex 104.762 103.19 6.5
      vertex 104.762 103.19 1.99
    endloop
  endfacet
  facet normal -0.290282 -0.956941 0
    outer loop
      vertex 1.23463 0.152241 1.99
      vertex 1.60982 0.0384296 6.5
      vertex 1.23463 0.152241 6.5
    endloop
  endfacet
  facet normal -0.290282 -0.956941 -0
    outer loop
      vertex 1.60982 0.0384296 6.5
      vertex 1.23463 0.152241 1.99
      vertex 1.60982 0.0384296 1.99
    endloop
  endfacet
  facet normal 0.290416 -0.9569 0
    outer loop
      vertex 103.19 0.0384296 1.99
      vertex 103.565 0.152241 6.5
      vertex 103.19 0.0384296 6.5
    endloop
  endfacet
  facet normal 0.290416 -0.9569 0
    outer loop
      vertex 103.565 0.152241 6.5
      vertex 103.19 0.0384296 1.99
      vertex 103.565 0.152241 1.99
    endloop
  endfacet
  facet normal 0.0980615 -0.99518 0
    outer loop
      vertex 102.8 3.8147e-07 1.99
      vertex 103.19 0.0384296 6.5
      vertex 102.8 3.8147e-07 6.5
    endloop
  endfacet
  facet normal 0.0980615 -0.99518 0
    outer loop
      vertex 103.19 0.0384296 6.5
      vertex 102.8 3.8147e-07 1.99
      vertex 103.19 0.0384296 1.99
    endloop
  endfacet
  facet normal 0.995291 -0.0969323 0
    outer loop
      vertex 104.762 1.60982 6.5
      vertex 104.8 2 1.99
      vertex 104.8 2 6.5
    endloop
  endfacet
  facet normal 0.995291 -0.0969323 0
    outer loop
      vertex 104.8 2 1.99
      vertex 104.762 1.60982 6.5
      vertex 104.762 1.60982 1.99
    endloop
  endfacet
  facet normal 0.471157 -0.882049 0
    outer loop
      vertex 103.565 0.152241 1.99
      vertex 103.911 0.337061 6.5
      vertex 103.565 0.152241 6.5
    endloop
  endfacet
  facet normal 0.471157 -0.882049 0
    outer loop
      vertex 103.911 0.337061 6.5
      vertex 103.565 0.152241 1.99
      vertex 103.911 0.337061 1.99
    endloop
  endfacet
  facet normal -0.0980167 -0.995185 0
    outer loop
      vertex 1.60982 0.0384296 1.99
      vertex 2 3.8147e-07 6.5
      vertex 1.60982 0.0384296 6.5
    endloop
  endfacet
  facet normal -0.0980167 -0.995185 -0
    outer loop
      vertex 2 3.8147e-07 6.5
      vertex 1.60982 0.0384296 1.99
      vertex 2 3.8147e-07 1.99
    endloop
  endfacet
  facet normal 0.634485 -0.772935 0
    outer loop
      vertex 103.911 0.337061 1.99
      vertex 104.214 0.585787 6.5
      vertex 103.911 0.337061 6.5
    endloop
  endfacet
  facet normal 0.634485 -0.772935 0
    outer loop
      vertex 104.214 0.585787 6.5
      vertex 103.911 0.337061 1.99
      vertex 104.214 0.585787 1.99
    endloop
  endfacet
  facet normal -0.634394 -0.77301 0
    outer loop
      vertex 0.585787 0.585787 1.99
      vertex 0.88886 0.337061 6.5
      vertex 0.585787 0.585787 6.5
    endloop
  endfacet
  facet normal -0.634394 -0.77301 -0
    outer loop
      vertex 0.88886 0.337061 6.5
      vertex 0.585787 0.585787 1.99
      vertex 0.88886 0.337061 1.99
    endloop
  endfacet
  facet normal -0.882049 0.471157 0
    outer loop
      vertex 0.152241 103.565 1.99
      vertex 0.337061 103.911 6.5
      vertex 0.337061 103.911 1.99
    endloop
  endfacet
  facet normal -0.882049 0.471157 0
    outer loop
      vertex 0.337061 103.911 6.5
      vertex 0.152241 103.565 1.99
      vertex 0.152241 103.565 6.5
    endloop
  endfacet
  facet normal -0.471758 0.881728 0
    outer loop
      vertex 1.23463 104.648 1.99
      vertex 0.88886 104.463 6.5
      vertex 1.23463 104.648 6.5
    endloop
  endfacet
  facet normal -0.471758 0.881728 0
    outer loop
      vertex 0.88886 104.463 6.5
      vertex 1.23463 104.648 1.99
      vertex 0.88886 104.463 1.99
    endloop
  endfacet
  facet normal -0.634811 0.772667 0
    outer loop
      vertex 0.88886 104.463 1.99
      vertex 0.585787 104.214 6.5
      vertex 0.88886 104.463 6.5
    endloop
  endfacet
  facet normal -0.634811 0.772667 0
    outer loop
      vertex 0.585787 104.214 6.5
      vertex 0.88886 104.463 1.99
      vertex 0.585787 104.214 1.99
    endloop
  endfacet
  facet normal 0 0 -1
    outer loop
      vertex 104.8 2 1.99
      vertex 104.79 2.00962 1.99
      vertex 104.8 102.8 1.99
    endloop
  endfacet
  facet normal 0 0 -1
    outer loop
      vertex 104.752 1.62139 1.99
      vertex 104.8 2 1.99
      vertex 104.762 1.60982 1.99
    endloop
  endfacet
  facet normal -0 0 -1
    outer loop
      vertex 104.8 2 1.99
      vertex 104.752 1.62139 1.99
      vertex 104.79 2.00962 1.99
    endloop
  endfacet
  facet normal 0 0 -1
    outer loop
      vertex 104.762 1.60982 1.99
      vertex 104.752 1.61951 1.99
      vertex 104.752 1.62139 1.99
    endloop
  endfacet
  facet normal 0 0 -1
    outer loop
      vertex 104.762 1.60982 1.99
      vertex 104.751 1.61771 1.99
      vertex 104.752 1.61951 1.99
    endloop
  endfacet
  facet normal 0 0 -1
    outer loop
      vertex 104.638 1.2444 1.99
      vertex 104.762 1.60982 1.99
      vertex 104.648 1.23463 1.99
    endloop
  endfacet
  facet normal -0 0 -1
    outer loop
      vertex 104.762 1.60982 1.99
      vertex 104.638 1.2444 1.99
      vertex 104.751 1.61771 1.99
    endloop
  endfacet
  facet normal 0 0 -1
    outer loop
      vertex 104.454 0.900353 1.99
      vertex 104.648 1.23463 1.99
      vertex 104.463 0.88886 1.99
    endloop
  endfacet
  facet normal -0 0 -1
    outer loop
      vertex 104.648 1.23463 1.99
      vertex 104.454 0.900353 1.99
      vertex 104.638 1.2444 1.99
    endloop
  endfacet
  facet normal 0 0 -1
    outer loop
      vertex 104.463 0.88886 1.99
      vertex 104.453 0.89869 1.99
      vertex 104.454 0.900353 1.99
    endloop
  endfacet
  facet normal 0 0 -1
    outer loop
      vertex 104.463 0.88886 1.99
      vertex 104.452 0.897232 1.99
      vertex 104.453 0.89869 1.99
    endloop
  endfacet
  facet normal 0 0 -1
    outer loop
      vertex 104.204 0.595675 1.99
      vertex 104.463 0.88886 1.99
      vertex 104.214 0.585787 1.99
    endloop
  endfacet
  facet normal -0 0 -1
    outer loop
      vertex 104.463 0.88886 1.99
      vertex 104.204 0.595675 1.99
      vertex 104.452 0.897232 1.99
    endloop
  endfacet
  facet normal 0 0 -1
    outer loop
      vertex 103.911 0.337061 1.99
      vertex 104.204 0.595675 1.99
      vertex 104.214 0.585787 1.99
    endloop
  endfacet
  facet normal 0 0 -1
    outer loop
      vertex 103.911 0.337061 1.99
      vertex 103.903 0.348192 1.99
      vertex 104.204 0.595675 1.99
    endloop
  endfacet
  facet normal 0 0 -1
    outer loop
      vertex 103.911 0.337061 1.99
      vertex 103.901 0.346996 1.99
      vertex 103.903 0.348192 1.99
    endloop
  endfacet
  facet normal 0 0 -1
    outer loop
      vertex 103.911 0.337061 1.99
      vertex 103.9 0.346108 1.99
      vertex 103.901 0.346996 1.99
    endloop
  endfacet
  facet normal 0 0 -1
    outer loop
      vertex 103.565 0.152241 1.99
      vertex 103.9 0.346108 1.99
      vertex 103.911 0.337061 1.99
    endloop
  endfacet
  facet normal 0 0 -1
    outer loop
      vertex 103.565 0.152241 1.99
      vertex 103.556 0.162211 1.99
      vertex 103.9 0.346108 1.99
    endloop
  endfacet
  facet normal 0 0 -1
    outer loop
      vertex 103.19 0.0384296 1.99
      vertex 103.556 0.162211 1.99
      vertex 103.565 0.152241 1.99
    endloop
  endfacet
  facet normal 0 0 -1
    outer loop
      vertex 103.19 0.0384296 1.99
      vertex 103.182 0.0489689 1.99
      vertex 103.556 0.162211 1.99
    endloop
  endfacet
  facet normal 0 0 -1
    outer loop
      vertex 103.19 0.0384296 1.99
      vertex 103.18 0.0484216 1.99
      vertex 103.182 0.0489689 1.99
    endloop
  endfacet
  facet normal 0 0 -1
    outer loop
      vertex 103.19 0.0384296 1.99
      vertex 103.179 0.0482368 1.99
      vertex 103.18 0.0484216 1.99
    endloop
  endfacet
  facet normal 0 0 -1
    outer loop
      vertex 102.8 3.8147e-07 1.99
      vertex 103.179 0.0482368 1.99
      vertex 103.19 0.0384296 1.99
    endloop
  endfacet
  facet normal 0 0 -1
    outer loop
      vertex 102.8 3.8147e-07 1.99
      vertex 102.79 0.00999966 1.99
      vertex 103.179 0.0482368 1.99
    endloop
  endfacet
  facet normal 0 0 -1
    outer loop
      vertex 102.8 3.8147e-07 1.99
      vertex 2.00962 0.00999966 1.99
      vertex 102.79 0.00999966 1.99
    endloop
  endfacet
  facet normal 0 0 -1
    outer loop
      vertex 2 3.8147e-07 1.99
      vertex 2.00962 0.00999966 1.99
      vertex 102.8 3.8147e-07 1.99
    endloop
  endfacet
  facet normal 0 0 -1
    outer loop
      vertex 2 3.8147e-07 1.99
      vertex 1.62139 0.0482368 1.99
      vertex 2.00962 0.00999966 1.99
    endloop
  endfacet
  facet normal 0 0 -1
    outer loop
      vertex 1.60982 0.0384296 1.99
      vertex 1.62139 0.0482368 1.99
      vertex 2 3.8147e-07 1.99
    endloop
  endfacet
  facet normal -0 0 -1
    outer loop
      vertex 1.62139 0.0482368 1.99
      vertex 1.60982 0.0384296 1.99
      vertex 1.61951 0.0484216 1.99
    endloop
  endfacet
  facet normal 0 0 -1
    outer loop
      vertex 1.60982 0.0384296 1.99
      vertex 1.61771 0.0489689 1.99
      vertex 1.61951 0.0484216 1.99
    endloop
  endfacet
  facet normal 0 0 -1
    outer loop
      vertex 1.60982 0.0384296 1.99
      vertex 1.2444 0.162211 1.99
      vertex 1.61771 0.0489689 1.99
    endloop
  endfacet
  facet normal 0 0 -1
    outer loop
      vertex 1.23463 0.152241 1.99
      vertex 1.2444 0.162211 1.99
      vertex 1.60982 0.0384296 1.99
    endloop
  endfacet
  facet normal 0 0 -1
    outer loop
      vertex 1.23463 0.152241 1.99
      vertex 0.900353 0.346108 1.99
      vertex 1.2444 0.162211 1.99
    endloop
  endfacet
  facet normal 0 0 -1
    outer loop
      vertex 0.88886 0.337061 1.99
      vertex 0.900353 0.346108 1.99
      vertex 1.23463 0.152241 1.99
    endloop
  endfacet
  facet normal -0 0 -1
    outer loop
      vertex 0.900353 0.346108 1.99
      vertex 0.88886 0.337061 1.99
      vertex 0.89869 0.346996 1.99
    endloop
  endfacet
  facet normal 0 0 -1
    outer loop
      vertex 0.88886 0.337061 1.99
      vertex 0.897232 0.348192 1.99
      vertex 0.89869 0.346996 1.99
    endloop
  endfacet
  facet normal 0 0 -1
    outer loop
      vertex 0.88886 0.337061 1.99
      vertex 0.595675 0.595675 1.99
      vertex 0.897232 0.348192 1.99
    endloop
  endfacet
  facet normal 0 0 -1
    outer loop
      vertex 0.585787 0.585787 1.99
      vertex 0.595675 0.595675 1.99
      vertex 0.88886 0.337061 1.99
    endloop
  endfacet
  facet normal 0 0 -1
    outer loop
      vertex 0.337061 0.88886 1.99
      vertex 0.595675 0.595675 1.99
      vertex 0.585787 0.585787 1.99
    endloop
  endfacet
  facet normal 0 0 -1
    outer loop
      vertex 0.595675 0.595675 1.99
      vertex 0.337061 0.88886 1.99
      vertex 0.348192 0.897232 1.99
    endloop
  endfacet
  facet normal -0 0 -1
    outer loop
      vertex 0.348192 0.897232 1.99
      vertex 0.337061 0.88886 1.99
      vertex 0.346996 0.89869 1.99
    endloop
  endfacet
  facet normal 0 0 -1
    outer loop
      vertex 0.337061 0.88886 1.99
      vertex 0.346108 0.900353 1.99
      vertex 0.346996 0.89869 1.99
    endloop
  endfacet
  facet normal 0 0 -1
    outer loop
      vertex 0.152241 1.23463 1.99
      vertex 0.346108 0.900353 1.99
      vertex 0.337061 0.88886 1.99
    endloop
  endfacet
  facet normal 0 0 -1
    outer loop
      vertex 0.346108 0.900353 1.99
      vertex 0.152241 1.23463 1.99
      vertex 0.162211 1.2444 1.99
    endloop
  endfacet
  facet normal 0 0 -1
    outer loop
      vertex 0.0384296 1.60982 1.99
      vertex 0.162211 1.2444 1.99
      vertex 0.152241 1.23463 1.99
    endloop
  endfacet
  facet normal 0 0 -1
    outer loop
      vertex 0.162211 1.2444 1.99
      vertex 0.0384296 1.60982 1.99
      vertex 0.0489689 1.61771 1.99
    endloop
  endfacet
  facet normal -0 0 -1
    outer loop
      vertex 0.0489689 1.61771 1.99
      vertex 0.0384296 1.60982 1.99
      vertex 0.0484216 1.61951 1.99
    endloop
  endfacet
  facet normal 0 0 -1
    outer loop
      vertex 0.0384296 1.60982 1.99
      vertex 0.0482368 1.62139 1.99
      vertex 0.0484216 1.61951 1.99
    endloop
  endfacet
  facet normal 0 0 -1
    outer loop
      vertex 3.8147e-07 2 1.99
      vertex 0.0482368 1.62139 1.99
      vertex 0.0384296 1.60982 1.99
    endloop
  endfacet
  facet normal -0 0 -1
    outer loop
      vertex 0.00999966 2.00962 1.99
      vertex 3.8147e-07 2 1.99
      vertex 0.00999966 102.79 1.99
    endloop
  endfacet
  facet normal 0 0 -1
    outer loop
      vertex 0.0482368 1.62139 1.99
      vertex 3.8147e-07 2 1.99
      vertex 0.00999966 2.00962 1.99
    endloop
  endfacet
  facet normal 0 0 -1
    outer loop
      vertex 104.79 102.79 1.99
      vertex 104.8 102.8 1.99
      vertex 104.79 2.00962 1.99
    endloop
  endfacet
  facet normal 0 0 -1
    outer loop
      vertex 104.752 103.179 1.99
      vertex 104.8 102.8 1.99
      vertex 104.79 102.79 1.99
    endloop
  endfacet
  facet normal 0 0 -1
    outer loop
      vertex 104.8 102.8 1.99
      vertex 104.752 103.179 1.99
      vertex 104.762 103.19 1.99
    endloop
  endfacet
  facet normal 0 0 -1
    outer loop
      vertex 104.752 103.18 1.99
      vertex 104.762 103.19 1.99
      vertex 104.752 103.179 1.99
    endloop
  endfacet
  facet normal 0 0 -1
    outer loop
      vertex 104.751 103.182 1.99
      vertex 104.762 103.19 1.99
      vertex 104.752 103.18 1.99
    endloop
  endfacet
  facet normal 0 0 -1
    outer loop
      vertex 104.638 103.556 1.99
      vertex 104.762 103.19 1.99
      vertex 104.751 103.182 1.99
    endloop
  endfacet
  facet normal 0 0 -1
    outer loop
      vertex 104.762 103.19 1.99
      vertex 104.638 103.556 1.99
      vertex 104.648 103.565 1.99
    endloop
  endfacet
  facet normal 0 0 -1
    outer loop
      vertex 104.454 103.9 1.99
      vertex 104.648 103.565 1.99
      vertex 104.638 103.556 1.99
    endloop
  endfacet
  facet normal 0 0 -1
    outer loop
      vertex 104.648 103.565 1.99
      vertex 104.454 103.9 1.99
      vertex 104.463 103.911 1.99
    endloop
  endfacet
  facet normal 0 0 -1
    outer loop
      vertex 104.453 103.901 1.99
      vertex 104.463 103.911 1.99
      vertex 104.454 103.9 1.99
    endloop
  endfacet
  facet normal 0 0 -1
    outer loop
      vertex 104.452 103.903 1.99
      vertex 104.463 103.911 1.99
      vertex 104.453 103.901 1.99
    endloop
  endfacet
  facet normal 0 0 -1
    outer loop
      vertex 104.204 104.204 1.99
      vertex 104.463 103.911 1.99
      vertex 104.452 103.903 1.99
    endloop
  endfacet
  facet normal 0 0 -1
    outer loop
      vertex 104.463 103.911 1.99
      vertex 104.204 104.204 1.99
      vertex 104.214 104.214 1.99
    endloop
  endfacet
  facet normal 0 0 -1
    outer loop
      vertex 104.204 104.204 1.99
      vertex 103.911 104.463 1.99
      vertex 104.214 104.214 1.99
    endloop
  endfacet
  facet normal 0 0 -1
    outer loop
      vertex 103.903 104.452 1.99
      vertex 103.911 104.463 1.99
      vertex 104.204 104.204 1.99
    endloop
  endfacet
  facet normal 0 0 -1
    outer loop
      vertex 103.901 104.453 1.99
      vertex 103.911 104.463 1.99
      vertex 103.903 104.452 1.99
    endloop
  endfacet
  facet normal 0 0 -1
    outer loop
      vertex 103.9 104.454 1.99
      vertex 103.911 104.463 1.99
      vertex 103.901 104.453 1.99
    endloop
  endfacet
  facet normal 0 0 -1
    outer loop
      vertex 103.9 104.454 1.99
      vertex 103.565 104.648 1.99
      vertex 103.911 104.463 1.99
    endloop
  endfacet
  facet normal 0 0 -1
    outer loop
      vertex 103.556 104.638 1.99
      vertex 103.565 104.648 1.99
      vertex 103.9 104.454 1.99
    endloop
  endfacet
  facet normal 0 0 -1
    outer loop
      vertex 103.556 104.638 1.99
      vertex 103.19 104.762 1.99
      vertex 103.565 104.648 1.99
    endloop
  endfacet
  facet normal 0 0 -1
    outer loop
      vertex 103.182 104.751 1.99
      vertex 103.19 104.762 1.99
      vertex 103.556 104.638 1.99
    endloop
  endfacet
  facet normal 0 0 -1
    outer loop
      vertex 103.18 104.752 1.99
      vertex 103.19 104.762 1.99
      vertex 103.182 104.751 1.99
    endloop
  endfacet
  facet normal 0 0 -1
    outer loop
      vertex 103.179 104.752 1.99
      vertex 103.19 104.762 1.99
      vertex 103.18 104.752 1.99
    endloop
  endfacet
  facet normal 0 0 -1
    outer loop
      vertex 103.179 104.752 1.99
      vertex 102.8 104.8 1.99
      vertex 103.19 104.762 1.99
    endloop
  endfacet
  facet normal 0 0 -1
    outer loop
      vertex 102.79 104.79 1.99
      vertex 102.8 104.8 1.99
      vertex 103.179 104.752 1.99
    endloop
  endfacet
  facet normal 0 0 -1
    outer loop
      vertex 2.00962 104.79 1.99
      vertex 102.8 104.8 1.99
      vertex 102.79 104.79 1.99
    endloop
  endfacet
  facet normal 0 0 -1
    outer loop
      vertex 2.00962 104.79 1.99
      vertex 2 104.8 1.99
      vertex 102.8 104.8 1.99
    endloop
  endfacet
  facet normal 0 0 -1
    outer loop
      vertex 1.62139 104.752 1.99
      vertex 2 104.8 1.99
      vertex 2.00962 104.79 1.99
    endloop
  endfacet
  facet normal 0 0 -1
    outer loop
      vertex 1.60982 104.762 1.99
      vertex 1.62139 104.752 1.99
      vertex 1.61951 104.752 1.99
    endloop
  endfacet
  facet normal 0 0 -1
    outer loop
      vertex 1.62139 104.752 1.99
      vertex 1.60982 104.762 1.99
      vertex 2 104.8 1.99
    endloop
  endfacet
  facet normal 0 0 -1
    outer loop
      vertex 1.61771 104.751 1.99
      vertex 1.60982 104.762 1.99
      vertex 1.61951 104.752 1.99
    endloop
  endfacet
  facet normal 0 0 -1
    outer loop
      vertex 1.2444 104.638 1.99
      vertex 1.60982 104.762 1.99
      vertex 1.61771 104.751 1.99
    endloop
  endfacet
  facet normal 0 0 -1
    outer loop
      vertex 1.2444 104.638 1.99
      vertex 1.23463 104.648 1.99
      vertex 1.60982 104.762 1.99
    endloop
  endfacet
  facet normal 0 0 -1
    outer loop
      vertex 0.900353 104.454 1.99
      vertex 1.23463 104.648 1.99
      vertex 1.2444 104.638 1.99
    endloop
  endfacet
  facet normal 0 0 -1
    outer loop
      vertex 0.88886 104.463 1.99
      vertex 0.900353 104.454 1.99
      vertex 0.89869 104.453 1.99
    endloop
  endfacet
  facet normal 0 0 -1
    outer loop
      vertex 0.900353 104.454 1.99
      vertex 0.88886 104.463 1.99
      vertex 1.23463 104.648 1.99
    endloop
  endfacet
  facet normal 0 0 -1
    outer loop
      vertex 0.897232 104.452 1.99
      vertex 0.88886 104.463 1.99
      vertex 0.89869 104.453 1.99
    endloop
  endfacet
  facet normal 0 0 -1
    outer loop
      vertex 0.595675 104.204 1.99
      vertex 0.88886 104.463 1.99
      vertex 0.897232 104.452 1.99
    endloop
  endfacet
  facet normal 0 0 -1
    outer loop
      vertex 0.595675 104.204 1.99
      vertex 0.585787 104.214 1.99
      vertex 0.88886 104.463 1.99
    endloop
  endfacet
  facet normal 0 0 -1
    outer loop
      vertex 0.337061 103.911 1.99
      vertex 0.595675 104.204 1.99
      vertex 0.348192 103.903 1.99
    endloop
  endfacet
  facet normal 0 0 -1
    outer loop
      vertex 0.337061 103.911 1.99
      vertex 0.348192 103.903 1.99
      vertex 0.346996 103.901 1.99
    endloop
  endfacet
  facet normal -0 0 -1
    outer loop
      vertex 0.595675 104.204 1.99
      vertex 0.337061 103.911 1.99
      vertex 0.585787 104.214 1.99
    endloop
  endfacet
  facet normal 0 0 -1
    outer loop
      vertex 0.346108 103.9 1.99
      vertex 0.337061 103.911 1.99
      vertex 0.346996 103.901 1.99
    endloop
  endfacet
  facet normal 0 0 -1
    outer loop
      vertex 0.152241 103.565 1.99
      vertex 0.346108 103.9 1.99
      vertex 0.162211 103.556 1.99
    endloop
  endfacet
  facet normal -0 0 -1
    outer loop
      vertex 0.346108 103.9 1.99
      vertex 0.152241 103.565 1.99
      vertex 0.337061 103.911 1.99
    endloop
  endfacet
  facet normal 0 0 -1
    outer loop
      vertex 0.0384296 103.19 1.99
      vertex 0.162211 103.556 1.99
      vertex 0.0489689 103.182 1.99
    endloop
  endfacet
  facet normal 0 0 -1
    outer loop
      vertex 0.0384296 103.19 1.99
      vertex 0.0489689 103.182 1.99
      vertex 0.0484216 103.18 1.99
    endloop
  endfacet
  facet normal -0 0 -1
    outer loop
      vertex 0.162211 103.556 1.99
      vertex 0.0384296 103.19 1.99
      vertex 0.152241 103.565 1.99
    endloop
  endfacet
  facet normal 0 0 -1
    outer loop
      vertex 0.0482368 103.179 1.99
      vertex 0.0384296 103.19 1.99
      vertex 0.0484216 103.18 1.99
    endloop
  endfacet
  facet normal 0 0 -1
    outer loop
      vertex 3.8147e-07 102.8 1.99
      vertex 0.0482368 103.179 1.99
      vertex 0.00999966 102.79 1.99
    endloop
  endfacet
  facet normal -0 0 -1
    outer loop
      vertex 0.0482368 103.179 1.99
      vertex 3.8147e-07 102.8 1.99
      vertex 0.0384296 103.19 1.99
    endloop
  endfacet
  facet normal 0 0 -1
    outer loop
      vertex 3.8147e-07 102.8 1.99
      vertex 0.00999966 102.79 1.99
      vertex 3.8147e-07 2 1.99
    endloop
  endfacet
  facet normal 0.599443 0.181886 0.779477
    outer loop
      vertex 1.4551 1.78217 2.09
      vertex 2.04514 2.36603 1.5
      vertex 2.01139 2.47726 1.5
    endloop
  endfacet
  facet normal 0.599691 0.181528 0.779371
    outer loop
      vertex 2.04514 2.36603 1.5
      vertex 1.4551 1.78217 2.09
      vertex 1.45566 1.78032 2.09
    endloop
  endfacet
  facet normal 0.436158 -0.401266 0.805451
    outer loop
      vertex 1.45566 103.02 2.09
      vertex 2.09993 102.536 1.5
      vertex 1.45658 103.021 2.09
    endloop
  endfacet
  facet normal 0.524322 -0.281643 0.803594
    outer loop
      vertex 2.09993 102.536 1.5
      vertex 1.45566 103.02 2.09
      vertex 2.04514 102.434 1.5
    endloop
  endfacet
  facet normal 0.59949 0.181829 0.779455
    outer loop
      vertex 1.4551 1.78217 2.09
      vertex 2.01139 2.47726 1.5
      vertex 1.42153 1.89285 2.09
    endloop
  endfacet
  facet normal 0.67205 -0.06627 0.737534
    outer loop
      vertex 2 102.207 1.5
      vertex 1.42134 102.905 2.09
      vertex 1.41 102.79 2.09
    endloop
  endfacet
  facet normal 0.52517 0.280709 0.803367
    outer loop
      vertex 1.5111 1.67661 2.09
      vertex 2.09993 2.26352 1.5
      vertex 1.45658 1.77861 2.09
    endloop
  endfacet
  facet normal -0.449717 0.367177 0.814209
    outer loop
      vertex 103.216 1.5872 2.09
      vertex 103.289 1.67661 2.09
      vertex 102.7 2.26352 1.5
    endloop
  endfacet
  facet normal 0.525175 0.280698 0.803368
    outer loop
      vertex 1.45566 1.78032 2.09
      vertex 2.09993 2.26352 1.5
      vertex 2.04514 2.36603 1.5
    endloop
  endfacet
  facet normal 0.524262 0.282059 0.803487
    outer loop
      vertex 2.09993 2.26352 1.5
      vertex 1.45566 1.78032 2.09
      vertex 1.45658 1.77861 2.09
    endloop
  endfacet
  facet normal 0.707107 0 0.707107
    outer loop
      vertex 1.41 102.79 2.09
      vertex 2 2.59294 1.5
      vertex 2 102.207 1.5
    endloop
  endfacet
  facet normal 0.707107 0 0.707107
    outer loop
      vertex 2 2.59294 1.5
      vertex 1.41 102.79 2.09
      vertex 1.41 2.00988 2.09
    endloop
  endfacet
  facet normal -0.17898 -0.602022 0.778162
    outer loop
      vertex 103.018 103.345 2.09
      vertex 102.907 103.378 2.09
      vertex 102.323 102.789 1.5
    endloop
  endfacet
  facet normal -0.280699 0.525152 0.803382
    outer loop
      vertex 103.021 1.45658 2.09
      vertex 103.123 1.5111 2.09
      vertex 102.536 2.09993 1.5
    endloop
  endfacet
  facet normal -0.06627 0.67205 0.737534
    outer loop
      vertex 102.79 1.41 2.09
      vertex 102.905 1.42134 2.09
      vertex 102.207 2 1.5
    endloop
  endfacet
  facet normal 0.44878 0.36827 0.814232
    outer loop
      vertex 1.58447 1.5872 2.09
      vertex 2.09993 2.26352 1.5
      vertex 1.5111 1.67661 2.09
    endloop
  endfacet
  facet normal 0 -0.707107 0.707107
    outer loop
      vertex 2.59294 102.8 1.5
      vertex 102.79 103.39 2.09
      vertex 2.00988 103.39 2.09
    endloop
  endfacet
  facet normal 0 -0.707107 0.707107
    outer loop
      vertex 102.79 103.39 2.09
      vertex 2.59294 102.8 1.5
      vertex 102.207 102.8 1.5
    endloop
  endfacet
  facet normal -0.535689 -0.267845 0.80081
    outer loop
      vertex 102.755 102.434 1.5
      vertex 103.345 103.018 2.09
      vertex 103.344 103.02 2.09
    endloop
  endfacet
  facet normal -0.598456 -0.183311 0.779902
    outer loop
      vertex 103.345 103.018 2.09
      vertex 102.755 102.434 1.5
      vertex 102.789 102.323 1.5
    endloop
  endfacet
  facet normal -0.365789 -0.450973 0.814138
    outer loop
      vertex 103.213 103.216 2.09
      vertex 103.123 103.289 2.09
      vertex 102.536 102.7 1.5
    endloop
  endfacet
  facet normal -0 0.707107 0.707107
    outer loop
      vertex 2.59294 2 1.5
      vertex 102.79 1.41 2.09
      vertex 102.207 2 1.5
    endloop
  endfacet
  facet normal 0 0.707107 0.707107
    outer loop
      vertex 102.79 1.41 2.09
      vertex 2.59294 2 1.5
      vertex 2.00988 1.41 2.09
    endloop
  endfacet
  facet normal 0.448754 0.368293 0.814236
    outer loop
      vertex 1.58447 1.5872 2.09
      vertex 2.17367 2.17367 1.5
      vertex 2.09993 2.26352 1.5
    endloop
  endfacet
  facet normal 0.448921 0.368115 0.814225
    outer loop
      vertex 2.17367 2.17367 1.5
      vertex 1.58447 1.5872 2.09
      vertex 1.5857 1.5857 2.09
    endloop
  endfacet
  facet normal -0.673138 0.0643312 0.736713
    outer loop
      vertex 103.379 1.89478 2.09
      vertex 103.39 2.00988 2.09
      vertex 102.8 2.59294 1.5
    endloop
  endfacet
  facet normal 0.0662151 0.672078 0.737514
    outer loop
      vertex 2.00988 1.41 2.09
      vertex 2.59294 2 1.5
      vertex 1.89478 1.42134 2.09
    endloop
  endfacet
  facet normal 0.368293 0.448754 0.814236
    outer loop
      vertex 2.17367 2.17367 1.5
      vertex 1.5872 1.58447 2.09
      vertex 2.26352 2.09993 1.5
    endloop
  endfacet
  facet normal 0.368115 0.448921 0.814225
    outer loop
      vertex 1.5872 1.58447 2.09
      vertex 2.17367 2.17367 1.5
      vertex 1.5857 1.5857 2.09
    endloop
  endfacet
  facet normal -0.450973 -0.365789 0.814138
    outer loop
      vertex 103.289 103.123 2.09
      vertex 103.216 103.213 2.09
      vertex 102.7 102.536 1.5
    endloop
  endfacet
  facet normal -0.267845 -0.535689 0.80081
    outer loop
      vertex 103.018 103.345 2.09
      vertex 102.434 102.755 1.5
      vertex 103.02 103.344 2.09
    endloop
  endfacet
  facet normal -0.183311 -0.598456 0.779902
    outer loop
      vertex 102.434 102.755 1.5
      vertex 103.018 103.345 2.09
      vertex 102.323 102.789 1.5
    endloop
  endfacet
  facet normal 0.599849 -0.181414 0.779275
    outer loop
      vertex 2.01139 102.323 1.5
      vertex 1.4551 103.018 2.09
      vertex 1.42153 102.907 2.09
    endloop
  endfacet
  facet normal 0.181829 0.59949 0.779455
    outer loop
      vertex 1.89285 1.42153 2.09
      vertex 2.47726 2.01139 1.5
      vertex 1.78217 1.4551 2.09
    endloop
  endfacet
  facet normal 0.0661762 0.672104 0.737494
    outer loop
      vertex 2.47726 2.01139 1.5
      vertex 1.89478 1.42134 2.09
      vertex 2.59294 2 1.5
    endloop
  endfacet
  facet normal 0.0661662 0.67211 0.737489
    outer loop
      vertex 1.89478 1.42134 2.09
      vertex 2.47726 2.01139 1.5
      vertex 1.89285 1.42153 2.09
    endloop
  endfacet
  facet normal -0.601668 0.179392 0.77834
    outer loop
      vertex 103.345 1.78217 2.09
      vertex 103.378 1.89285 2.09
      vertex 102.789 2.47726 1.5
    endloop
  endfacet
  facet normal -0.526609 -0.278793 0.803092
    outer loop
      vertex 103.343 103.021 2.09
      vertex 103.289 103.123 2.09
      vertex 102.7 102.536 1.5
    endloop
  endfacet
  facet normal -0.673112 -0.0643846 0.736733
    outer loop
      vertex 103.39 102.79 2.09
      vertex 103.379 102.905 2.09
      vertex 102.8 102.207 1.5
    endloop
  endfacet
  facet normal -0.707107 0 0.707107
    outer loop
      vertex 102.8 2.59294 1.5
      vertex 103.39 102.79 2.09
      vertex 102.8 102.207 1.5
    endloop
  endfacet
  facet normal -0.707107 0 0.707107
    outer loop
      vertex 103.39 102.79 2.09
      vertex 102.8 2.59294 1.5
      vertex 103.39 2.00988 2.09
    endloop
  endfacet
  facet normal 0.280709 0.52517 0.803367
    outer loop
      vertex 1.77861 1.45658 2.09
      vertex 2.26352 2.09993 1.5
      vertex 1.67661 1.5111 2.09
    endloop
  endfacet
  facet normal -0.401266 0.436158 0.805451
    outer loop
      vertex 102.536 2.09993 1.5
      vertex 103.02 1.45566 2.09
      vertex 103.021 1.45658 2.09
    endloop
  endfacet
  facet normal -0.281643 0.524322 0.803594
    outer loop
      vertex 103.02 1.45566 2.09
      vertex 102.536 2.09993 1.5
      vertex 102.434 2.04514 1.5
    endloop
  endfacet
  facet normal -0.366882 0.450039 0.814163
    outer loop
      vertex 103.123 1.5111 2.09
      vertex 103.213 1.58447 2.09
      vertex 102.536 2.09993 1.5
    endloop
  endfacet
  facet normal 0.181886 0.599443 0.779477
    outer loop
      vertex 2.36603 2.04514 1.5
      vertex 1.78217 1.4551 2.09
      vertex 2.47726 2.01139 1.5
    endloop
  endfacet
  facet normal 0.181528 0.599691 0.779371
    outer loop
      vertex 1.78217 1.4551 2.09
      vertex 2.36603 2.04514 1.5
      vertex 1.78032 1.45566 2.09
    endloop
  endfacet
  facet normal -0.420509 -0.420509 0.803956
    outer loop
      vertex 103.02 103.344 2.09
      vertex 102.536 102.7 1.5
      vertex 103.021 103.343 2.09
    endloop
  endfacet
  facet normal -0.28249 -0.523891 0.803578
    outer loop
      vertex 102.536 102.7 1.5
      vertex 103.02 103.344 2.09
      vertex 102.434 102.755 1.5
    endloop
  endfacet
  facet normal 0.280698 0.525175 0.803368
    outer loop
      vertex 2.26352 2.09993 1.5
      vertex 1.78032 1.45566 2.09
      vertex 2.36603 2.04514 1.5
    endloop
  endfacet
  facet normal 0.282059 0.524262 0.803487
    outer loop
      vertex 1.78032 1.45566 2.09
      vertex 2.26352 2.09993 1.5
      vertex 1.77861 1.45658 2.09
    endloop
  endfacet
  facet normal -0.0639703 0.673372 0.736531
    outer loop
      vertex 102.323 2.01139 1.5
      vertex 102.905 1.42134 2.09
      vertex 102.907 1.42153 2.09
    endloop
  endfacet
  facet normal -0.0660058 0.672228 0.737396
    outer loop
      vertex 102.905 1.42134 2.09
      vertex 102.323 2.01139 1.5
      vertex 102.207 2 1.5
    endloop
  endfacet
  facet normal 0.36827 0.44878 0.814232
    outer loop
      vertex 1.67661 1.5111 2.09
      vertex 2.26352 2.09993 1.5
      vertex 1.5872 1.58447 2.09
    endloop
  endfacet
  facet normal 0.450039 -0.366882 0.814163
    outer loop
      vertex 2.09993 102.536 1.5
      vertex 1.58447 103.213 2.09
      vertex 1.5111 103.123 2.09
    endloop
  endfacet
  facet normal -0.598693 0.183004 0.779793
    outer loop
      vertex 102.755 2.36603 1.5
      vertex 103.345 1.78217 2.09
      vertex 102.789 2.47726 1.5
    endloop
  endfacet
  facet normal -0.523557 0.283004 0.803615
    outer loop
      vertex 103.345 1.78217 2.09
      vertex 102.755 2.36603 1.5
      vertex 103.344 1.78032 2.09
    endloop
  endfacet
  facet normal 0.672104 0.0661762 0.737494
    outer loop
      vertex 1.42134 1.89478 2.09
      vertex 2.01139 2.47726 1.5
      vertex 2 2.59294 1.5
    endloop
  endfacet
  facet normal 0.67211 0.0661662 0.737489
    outer loop
      vertex 2.01139 2.47726 1.5
      vertex 1.42134 1.89478 2.09
      vertex 1.42153 1.89285 2.09
    endloop
  endfacet
  facet normal 0.525152 -0.280699 0.803382
    outer loop
      vertex 2.09993 102.536 1.5
      vertex 1.5111 103.123 2.09
      vertex 1.45658 103.021 2.09
    endloop
  endfacet
  facet normal -0.536079 -0.268039 0.800484
    outer loop
      vertex 102.789 102.323 1.5
      vertex 103.379 102.905 2.09
      vertex 103.378 102.907 2.09
    endloop
  endfacet
  facet normal -0.673462 -0.0638627 0.736458
    outer loop
      vertex 103.379 102.905 2.09
      vertex 102.789 102.323 1.5
      vertex 102.8 102.207 1.5
    endloop
  endfacet
  facet normal -0.420509 -0.420509 0.803956
    outer loop
      vertex 102.7 102.536 1.5
      vertex 103.344 103.02 2.09
      vertex 103.343 103.021 2.09
    endloop
  endfacet
  facet normal -0.523891 -0.28249 0.803578
    outer loop
      vertex 103.344 103.02 2.09
      vertex 102.7 102.536 1.5
      vertex 102.755 102.434 1.5
    endloop
  endfacet
  facet normal 0.366325 -0.450579 0.814116
    outer loop
      vertex 1.58447 103.213 2.09
      vertex 2.17367 102.626 1.5
      vertex 1.5857 103.214 2.09
    endloop
  endfacet
  facet normal 0.448958 -0.367846 0.814325
    outer loop
      vertex 2.17367 102.626 1.5
      vertex 1.58447 103.213 2.09
      vertex 2.09993 102.536 1.5
    endloop
  endfacet
  facet normal -0.602022 -0.17898 0.778162
    outer loop
      vertex 103.378 102.907 2.09
      vertex 103.345 103.018 2.09
      vertex 102.789 102.323 1.5
    endloop
  endfacet
  facet normal 0.0643312 -0.673138 0.736713
    outer loop
      vertex 2.59294 102.8 1.5
      vertex 2.00988 103.39 2.09
      vertex 1.89478 103.379 2.09
    endloop
  endfacet
  facet normal -0.673342 0.064028 0.736554
    outer loop
      vertex 102.789 2.47726 1.5
      vertex 103.379 1.89478 2.09
      vertex 102.8 2.59294 1.5
    endloop
  endfacet
  facet normal -0.530507 0.274874 0.801877
    outer loop
      vertex 103.379 1.89478 2.09
      vertex 102.789 2.47726 1.5
      vertex 103.378 1.89285 2.09
    endloop
  endfacet
  facet normal -0.526627 0.278803 0.803077
    outer loop
      vertex 103.289 1.67661 2.09
      vertex 103.343 1.77861 2.09
      vertex 102.7 2.26352 1.5
    endloop
  endfacet
  facet normal -0.268039 -0.536079 0.800484
    outer loop
      vertex 102.905 103.379 2.09
      vertex 102.323 102.789 1.5
      vertex 102.907 103.378 2.09
    endloop
  endfacet
  facet normal -0.0638627 -0.673462 0.736458
    outer loop
      vertex 102.323 102.789 1.5
      vertex 102.905 103.379 2.09
      vertex 102.207 102.8 1.5
    endloop
  endfacet
  facet normal -0.278793 -0.526609 0.803092
    outer loop
      vertex 103.123 103.289 2.09
      vertex 103.021 103.343 2.09
      vertex 102.536 102.7 1.5
    endloop
  endfacet
  facet normal -0.450579 0.366325 0.814116
    outer loop
      vertex 102.626 2.17367 1.5
      vertex 103.213 1.58447 2.09
      vertex 103.214 1.5857 2.09
    endloop
  endfacet
  facet normal -0.367846 0.448958 0.814325
    outer loop
      vertex 103.213 1.58447 2.09
      vertex 102.626 2.17367 1.5
      vertex 102.536 2.09993 1.5
    endloop
  endfacet
  facet normal -0.447847 0.368845 0.814485
    outer loop
      vertex 102.626 2.17367 1.5
      vertex 103.216 1.5872 2.09
      vertex 102.7 2.26352 1.5
    endloop
  endfacet
  facet normal -0.349534 0.466045 0.81279
    outer loop
      vertex 103.216 1.5872 2.09
      vertex 102.626 2.17367 1.5
      vertex 103.214 1.5857 2.09
    endloop
  endfacet
  facet normal 0.673372 -0.0639703 0.736531
    outer loop
      vertex 1.42134 102.905 2.09
      vertex 2.01139 102.323 1.5
      vertex 1.42153 102.907 2.09
    endloop
  endfacet
  facet normal 0.672228 -0.0660058 0.737396
    outer loop
      vertex 2.01139 102.323 1.5
      vertex 1.42134 102.905 2.09
      vertex 2 102.207 1.5
    endloop
  endfacet
  facet normal -0.0643846 -0.673112 0.736733
    outer loop
      vertex 102.905 103.379 2.09
      vertex 102.79 103.39 2.09
      vertex 102.207 102.8 1.5
    endloop
  endfacet
  facet normal -0.170098 0.607491 0.7759
    outer loop
      vertex 102.434 2.04514 1.5
      vertex 103.018 1.4551 2.09
      vertex 103.02 1.45566 2.09
    endloop
  endfacet
  facet normal -0.182192 0.599208 0.779587
    outer loop
      vertex 103.018 1.4551 2.09
      vertex 102.434 2.04514 1.5
      vertex 102.323 2.01139 1.5
    endloop
  endfacet
  facet normal -0.181414 0.599849 0.779275
    outer loop
      vertex 102.907 1.42153 2.09
      vertex 103.018 1.4551 2.09
      vertex 102.323 2.01139 1.5
    endloop
  endfacet
  facet normal 0.672078 0.0662151 0.737514
    outer loop
      vertex 1.42134 1.89478 2.09
      vertex 2 2.59294 1.5
      vertex 1.41 2.00988 2.09
    endloop
  endfacet
  facet normal 0.183004 -0.598693 0.779793
    outer loop
      vertex 1.78217 103.345 2.09
      vertex 2.36603 102.755 1.5
      vertex 2.47726 102.789 1.5
    endloop
  endfacet
  facet normal 0.283004 -0.523557 0.803615
    outer loop
      vertex 2.36603 102.755 1.5
      vertex 1.78217 103.345 2.09
      vertex 1.78032 103.344 2.09
    endloop
  endfacet
  facet normal -0.524746 0.281543 0.803353
    outer loop
      vertex 102.7 2.26352 1.5
      vertex 103.344 1.78032 2.09
      vertex 102.755 2.36603 1.5
    endloop
  endfacet
  facet normal -0.512427 0.299665 0.804748
    outer loop
      vertex 103.344 1.78032 2.09
      vertex 102.7 2.26352 1.5
      vertex 103.343 1.77861 2.09
    endloop
  endfacet
  facet normal -0.535689 -0.267845 0.80081
    outer loop
      vertex 103.213 103.216 2.09
      vertex 102.626 102.626 1.5
      vertex 103.214 103.214 2.09
    endloop
  endfacet
  facet normal -0.368398 -0.448051 0.814576
    outer loop
      vertex 102.626 102.626 1.5
      vertex 103.213 103.216 2.09
      vertex 102.536 102.7 1.5
    endloop
  endfacet
  facet normal 0.607491 -0.170098 0.7759
    outer loop
      vertex 1.4551 103.018 2.09
      vertex 2.04514 102.434 1.5
      vertex 1.45566 103.02 2.09
    endloop
  endfacet
  facet normal 0.599208 -0.182192 0.779587
    outer loop
      vertex 2.04514 102.434 1.5
      vertex 1.4551 103.018 2.09
      vertex 2.01139 102.323 1.5
    endloop
  endfacet
  facet normal 0.281543 -0.524746 0.803353
    outer loop
      vertex 1.78032 103.344 2.09
      vertex 2.26352 102.7 1.5
      vertex 2.36603 102.755 1.5
    endloop
  endfacet
  facet normal 0.299665 -0.512427 0.804748
    outer loop
      vertex 2.26352 102.7 1.5
      vertex 1.78032 103.344 2.09
      vertex 1.77861 103.343 2.09
    endloop
  endfacet
  facet normal 0.367177 -0.449717 0.814209
    outer loop
      vertex 2.26352 102.7 1.5
      vertex 1.67661 103.289 2.09
      vertex 1.5872 103.216 2.09
    endloop
  endfacet
  facet normal 0.179392 -0.601668 0.77834
    outer loop
      vertex 2.47726 102.789 1.5
      vertex 1.89285 103.378 2.09
      vertex 1.78217 103.345 2.09
    endloop
  endfacet
  facet normal 0.064028 -0.673342 0.736554
    outer loop
      vertex 1.89478 103.379 2.09
      vertex 2.47726 102.789 1.5
      vertex 2.59294 102.8 1.5
    endloop
  endfacet
  facet normal 0.274874 -0.530507 0.801877
    outer loop
      vertex 2.47726 102.789 1.5
      vertex 1.89478 103.379 2.09
      vertex 1.89285 103.378 2.09
    endloop
  endfacet
  facet normal 0 0 1
    outer loop
      vertex 102.207 102.8 1.5
      vertex 102.8 102.207 1.5
      vertex 102.789 102.323 1.5
    endloop
  endfacet
  facet normal 0 0 1
    outer loop
      vertex 102.8 102.207 1.5
      vertex 102.207 102.8 1.5
      vertex 102.8 2.59294 1.5
    endloop
  endfacet
  facet normal 0 0 1
    outer loop
      vertex 102.207 102.8 1.5
      vertex 102.789 102.323 1.5
      vertex 102.755 102.434 1.5
    endloop
  endfacet
  facet normal 0 0 1
    outer loop
      vertex 102.207 2 1.5
      vertex 102.8 2.59294 1.5
      vertex 102.207 102.8 1.5
    endloop
  endfacet
  facet normal 0 0 1
    outer loop
      vertex 102.207 102.8 1.5
      vertex 102.755 102.434 1.5
      vertex 102.7 102.536 1.5
    endloop
  endfacet
  facet normal 0 0 1
    outer loop
      vertex 102.8 2.59294 1.5
      vertex 102.207 2 1.5
      vertex 102.789 2.47726 1.5
    endloop
  endfacet
  facet normal 0 0 1
    outer loop
      vertex 102.207 102.8 1.5
      vertex 102.7 102.536 1.5
      vertex 102.626 102.626 1.5
    endloop
  endfacet
  facet normal 0 0 1
    outer loop
      vertex 102.789 2.47726 1.5
      vertex 102.207 2 1.5
      vertex 102.755 2.36603 1.5
    endloop
  endfacet
  facet normal 0 0 1
    outer loop
      vertex 102.207 102.8 1.5
      vertex 102.626 102.626 1.5
      vertex 102.536 102.7 1.5
    endloop
  endfacet
  facet normal 0 0 1
    outer loop
      vertex 102.755 2.36603 1.5
      vertex 102.207 2 1.5
      vertex 102.7 2.26352 1.5
    endloop
  endfacet
  facet normal 0 0 1
    outer loop
      vertex 102.207 102.8 1.5
      vertex 102.536 102.7 1.5
      vertex 102.434 102.755 1.5
    endloop
  endfacet
  facet normal 0 0 1
    outer loop
      vertex 102.7 2.26352 1.5
      vertex 102.207 2 1.5
      vertex 102.626 2.17367 1.5
    endloop
  endfacet
  facet normal 0 0 1
    outer loop
      vertex 102.207 102.8 1.5
      vertex 102.434 102.755 1.5
      vertex 102.323 102.789 1.5
    endloop
  endfacet
  facet normal 0 0 1
    outer loop
      vertex 102.626 2.17367 1.5
      vertex 102.207 2 1.5
      vertex 102.536 2.09993 1.5
    endloop
  endfacet
  facet normal 0 0 1
    outer loop
      vertex 102.536 2.09993 1.5
      vertex 102.207 2 1.5
      vertex 102.434 2.04514 1.5
    endloop
  endfacet
  facet normal 0 0 1
    outer loop
      vertex 102.434 2.04514 1.5
      vertex 102.207 2 1.5
      vertex 102.323 2.01139 1.5
    endloop
  endfacet
  facet normal -0 0 1
    outer loop
      vertex 2.59294 102.8 1.5
      vertex 102.207 2 1.5
      vertex 102.207 102.8 1.5
    endloop
  endfacet
  facet normal 0 0 1
    outer loop
      vertex 2.59294 102.8 1.5
      vertex 2.59294 2 1.5
      vertex 102.207 2 1.5
    endloop
  endfacet
  facet normal 0 0 1
    outer loop
      vertex 2 102.207 1.5
      vertex 2.59294 102.8 1.5
      vertex 2.47726 102.789 1.5
    endloop
  endfacet
  facet normal 0 0 1
    outer loop
      vertex 2.59294 102.8 1.5
      vertex 2 102.207 1.5
      vertex 2.59294 2 1.5
    endloop
  endfacet
  facet normal 0 0 1
    outer loop
      vertex 2 102.207 1.5
      vertex 2.47726 102.789 1.5
      vertex 2.36603 102.755 1.5
    endloop
  endfacet
  facet normal -0 0 1
    outer loop
      vertex 2 2.59294 1.5
      vertex 2.59294 2 1.5
      vertex 2 102.207 1.5
    endloop
  endfacet
  facet normal 0 0 1
    outer loop
      vertex 2 102.207 1.5
      vertex 2.36603 102.755 1.5
      vertex 2.26352 102.7 1.5
    endloop
  endfacet
  facet normal 0 0 1
    outer loop
      vertex 2.59294 2 1.5
      vertex 2 2.59294 1.5
      vertex 2.47726 2.01139 1.5
    endloop
  endfacet
  facet normal 0 0 1
    outer loop
      vertex 2 102.207 1.5
      vertex 2.26352 102.7 1.5
      vertex 2.17367 102.626 1.5
    endloop
  endfacet
  facet normal 0 0 1
    outer loop
      vertex 2.47726 2.01139 1.5
      vertex 2 2.59294 1.5
      vertex 2.36603 2.04514 1.5
    endloop
  endfacet
  facet normal 0 0 1
    outer loop
      vertex 2 102.207 1.5
      vertex 2.17367 102.626 1.5
      vertex 2.09993 102.536 1.5
    endloop
  endfacet
  facet normal 0 0 1
    outer loop
      vertex 2.36603 2.04514 1.5
      vertex 2 2.59294 1.5
      vertex 2.26352 2.09993 1.5
    endloop
  endfacet
  facet normal 0 0 1
    outer loop
      vertex 2 102.207 1.5
      vertex 2.09993 102.536 1.5
      vertex 2.04514 102.434 1.5
    endloop
  endfacet
  facet normal 0 0 1
    outer loop
      vertex 2.26352 2.09993 1.5
      vertex 2 2.59294 1.5
      vertex 2.17367 2.17367 1.5
    endloop
  endfacet
  facet normal 0 0 1
    outer loop
      vertex 2 102.207 1.5
      vertex 2.04514 102.434 1.5
      vertex 2.01139 102.323 1.5
    endloop
  endfacet
  facet normal 0 0 1
    outer loop
      vertex 2.17367 2.17367 1.5
      vertex 2 2.59294 1.5
      vertex 2.09993 2.26352 1.5
    endloop
  endfacet
  facet normal 0 0 1
    outer loop
      vertex 2.09993 2.26352 1.5
      vertex 2 2.59294 1.5
      vertex 2.04514 2.36603 1.5
    endloop
  endfacet
  facet normal 0 0 1
    outer loop
      vertex 2.04514 2.36603 1.5
      vertex 2 2.59294 1.5
      vertex 2.01139 2.47726 1.5
    endloop
  endfacet
  facet normal 0.368845 -0.447847 0.814485
    outer loop
      vertex 1.5872 103.216 2.09
      vertex 2.17367 102.626 1.5
      vertex 2.26352 102.7 1.5
    endloop
  endfacet
  facet normal 0.466045 -0.349534 0.81279
    outer loop
      vertex 2.17367 102.626 1.5
      vertex 1.5872 103.216 2.09
      vertex 1.5857 103.214 2.09
    endloop
  endfacet
  facet normal 0.278803 -0.526627 0.803077
    outer loop
      vertex 2.26352 102.7 1.5
      vertex 1.77861 103.343 2.09
      vertex 1.67661 103.289 2.09
    endloop
  endfacet
  facet normal -0.267845 -0.535689 0.80081
    outer loop
      vertex 102.626 102.626 1.5
      vertex 103.216 103.213 2.09
      vertex 103.214 103.214 2.09
    endloop
  endfacet
  facet normal -0.448051 -0.368398 0.814576
    outer loop
      vertex 103.216 103.213 2.09
      vertex 102.626 102.626 1.5
      vertex 102.7 102.536 1.5
    endloop
  endfacet
  facet normal 0.956951 0.290248 0
    outer loop
      vertex 1.44567 1.77039 11.5
      vertex 1.41153 1.88295 2.09
      vertex 1.41153 1.88295 11.5
    endloop
  endfacet
  facet normal 0.956951 0.290248 0
    outer loop
      vertex 1.41153 1.88295 2.09
      vertex 1.44567 1.77039 11.5
      vertex 1.44567 1.77039 2.09
    endloop
  endfacet
  facet normal -0.474023 0.880512 0
    outer loop
      vertex 103.133 1.50112 2.09
      vertex 103.03 1.44567 11.5
      vertex 103.133 1.50112 11.5
    endloop
  endfacet
  facet normal -0.474023 0.880512 0
    outer loop
      vertex 103.03 1.44567 11.5
      vertex 103.133 1.50112 2.09
      vertex 103.03 1.44567 2.09
    endloop
  endfacet
  facet normal 0.995183 0.0980305 0
    outer loop
      vertex 1.41153 1.88295 11.5
      vertex 1.4 2 2.09
      vertex 1.4 2 11.5
    endloop
  endfacet
  facet normal 0.995183 0.0980305 0
    outer loop
      vertex 1.4 2 2.09
      vertex 1.41153 1.88295 11.5
      vertex 1.41153 1.88295 2.09
    endloop
  endfacet
  facet normal 0.634413 0.772994 -0
    outer loop
      vertex 1.66666 1.50112 2.09
      vertex 1.57574 1.57574 11.5
      vertex 1.66666 1.50112 11.5
    endloop
  endfacet
  facet normal 0.634413 0.772994 0
    outer loop
      vertex 1.57574 1.57574 11.5
      vertex 1.66666 1.50112 2.09
      vertex 1.57574 1.57574 2.09
    endloop
  endfacet
  facet normal 0.468447 -0.883491 0
    outer loop
      vertex 1.66666 103.299 2.09
      vertex 1.77039 103.354 11.5
      vertex 1.66666 103.299 11.5
    endloop
  endfacet
  facet normal 0.468447 -0.883491 0
    outer loop
      vertex 1.77039 103.354 11.5
      vertex 1.66666 103.299 2.09
      vertex 1.77039 103.354 2.09
    endloop
  endfacet
  facet normal 0.957265 -0.289213 0
    outer loop
      vertex 1.41153 102.917 11.5
      vertex 1.44567 103.03 2.09
      vertex 1.44567 103.03 11.5
    endloop
  endfacet
  facet normal 0.957265 -0.289213 0
    outer loop
      vertex 1.44567 103.03 2.09
      vertex 1.41153 102.917 11.5
      vertex 1.41153 102.917 2.09
    endloop
  endfacet
  facet normal -0.883491 0.468447 0
    outer loop
      vertex 103.299 1.66666 2.09
      vertex 103.354 1.77039 11.5
      vertex 103.354 1.77039 2.09
    endloop
  endfacet
  facet normal -0.883491 0.468447 0
    outer loop
      vertex 103.354 1.77039 11.5
      vertex 103.299 1.66666 2.09
      vertex 103.299 1.66666 11.5
    endloop
  endfacet
  facet normal 0.290248 0.956951 -0
    outer loop
      vertex 1.88295 1.41153 2.09
      vertex 1.77039 1.44567 11.5
      vertex 1.88295 1.41153 11.5
    endloop
  endfacet
  facet normal 0.290248 0.956951 0
    outer loop
      vertex 1.77039 1.44567 11.5
      vertex 1.88295 1.41153 2.09
      vertex 1.77039 1.44567 2.09
    endloop
  endfacet
  facet normal -0.957282 0.289158 0
    outer loop
      vertex 103.354 1.77039 2.09
      vertex 103.388 1.88295 11.5
      vertex 103.388 1.88295 2.09
    endloop
  endfacet
  facet normal -0.957282 0.289158 0
    outer loop
      vertex 103.388 1.88295 11.5
      vertex 103.354 1.77039 2.09
      vertex 103.354 1.77039 11.5
    endloop
  endfacet
  facet normal 1 -0 0
    outer loop
      vertex 1.4 2 11.5
      vertex 1.4 102.8 2.09
      vertex 1.4 102.8 11.5
    endloop
  endfacet
  facet normal 1 0 0
    outer loop
      vertex 1.4 102.8 2.09
      vertex 1.4 2 11.5
      vertex 1.4 2 2.09
    endloop
  endfacet
  facet normal -0.289213 0.957265 0
    outer loop
      vertex 103.03 1.44567 2.09
      vertex 102.917 1.41153 11.5
      vertex 103.03 1.44567 11.5
    endloop
  endfacet
  facet normal -0.289213 0.957265 0
    outer loop
      vertex 102.917 1.41153 11.5
      vertex 103.03 1.44567 2.09
      vertex 102.917 1.41153 2.09
    endloop
  endfacet
  facet normal 0.995179 -0.0980719 0
    outer loop
      vertex 1.4 102.8 11.5
      vertex 1.41153 102.917 2.09
      vertex 1.41153 102.917 11.5
    endloop
  endfacet
  facet normal 0.995179 -0.0980719 0
    outer loop
      vertex 1.41153 102.917 2.09
      vertex 1.4 102.8 11.5
      vertex 1.4 102.8 2.09
    endloop
  endfacet
  facet normal 0 -1 0
    outer loop
      vertex 2 103.4 2.09
      vertex 102.8 103.4 11.5
      vertex 2 103.4 11.5
    endloop
  endfacet
  facet normal 0 -1 -0
    outer loop
      vertex 102.8 103.4 11.5
      vertex 2 103.4 2.09
      vertex 102.8 103.4 2.09
    endloop
  endfacet
  facet normal 0 1 -0
    outer loop
      vertex 102.8 1.4 2.09
      vertex 2 1.4 11.5
      vertex 102.8 1.4 11.5
    endloop
  endfacet
  facet normal 0 1 0
    outer loop
      vertex 2 1.4 11.5
      vertex 102.8 1.4 2.09
      vertex 2 1.4 2.09
    endloop
  endfacet
  facet normal -1 0 0
    outer loop
      vertex 103.4 2 2.09
      vertex 103.4 102.8 11.5
      vertex 103.4 102.8 2.09
    endloop
  endfacet
  facet normal -1 -0 0
    outer loop
      vertex 103.4 102.8 11.5
      vertex 103.4 2 2.09
      vertex 103.4 2 11.5
    endloop
  endfacet
  facet normal -0.63408 0.773268 0
    outer loop
      vertex 103.224 1.57574 2.09
      vertex 103.133 1.50112 11.5
      vertex 103.224 1.57574 11.5
    endloop
  endfacet
  facet normal -0.63408 0.773268 0
    outer loop
      vertex 103.133 1.50112 11.5
      vertex 103.224 1.57574 2.09
      vertex 103.133 1.50112 2.09
    endloop
  endfacet
  facet normal 0.289158 -0.957282 0
    outer loop
      vertex 1.77039 103.354 2.09
      vertex 1.88295 103.388 11.5
      vertex 1.77039 103.354 11.5
    endloop
  endfacet
  facet normal 0.289158 -0.957282 0
    outer loop
      vertex 1.88295 103.388 11.5
      vertex 1.77039 103.354 2.09
      vertex 1.88295 103.388 2.09
    endloop
  endfacet
  facet normal 0.471431 0.881903 -0
    outer loop
      vertex 1.77039 1.44567 2.09
      vertex 1.66666 1.50112 11.5
      vertex 1.77039 1.44567 11.5
    endloop
  endfacet
  facet normal 0.471431 0.881903 0
    outer loop
      vertex 1.66666 1.50112 11.5
      vertex 1.77039 1.44567 2.09
      vertex 1.66666 1.50112 2.09
    endloop
  endfacet
  facet normal 0.772994 0.634413 0
    outer loop
      vertex 1.57574 1.57574 11.5
      vertex 1.50112 1.66666 2.09
      vertex 1.50112 1.66666 11.5
    endloop
  endfacet
  facet normal 0.772994 0.634413 0
    outer loop
      vertex 1.50112 1.66666 2.09
      vertex 1.57574 1.57574 11.5
      vertex 1.57574 1.57574 2.09
    endloop
  endfacet
  facet normal 0.881903 0.471431 0
    outer loop
      vertex 1.50112 1.66666 11.5
      vertex 1.44567 1.77039 2.09
      vertex 1.44567 1.77039 11.5
    endloop
  endfacet
  facet normal 0.881903 0.471431 0
    outer loop
      vertex 1.44567 1.77039 2.09
      vertex 1.50112 1.66666 11.5
      vertex 1.50112 1.66666 2.09
    endloop
  endfacet
  facet normal 0.0980305 0.995183 -0
    outer loop
      vertex 2 1.4 2.09
      vertex 1.88295 1.41153 11.5
      vertex 2 1.4 11.5
    endloop
  endfacet
  facet normal 0.0980305 0.995183 0
    outer loop
      vertex 1.88295 1.41153 11.5
      vertex 2 1.4 2.09
      vertex 1.88295 1.41153 2.09
    endloop
  endfacet
  facet normal -0.994781 -0.102029 0
    outer loop
      vertex 103.4 102.8 2.09
      vertex 103.388 102.917 11.5
      vertex 103.388 102.917 2.09
    endloop
  endfacet
  facet normal -0.994781 -0.102029 0
    outer loop
      vertex 103.388 102.917 11.5
      vertex 103.4 102.8 2.09
      vertex 103.4 102.8 11.5
    endloop
  endfacet
  facet normal -0.957593 -0.288125 0
    outer loop
      vertex 103.388 102.917 2.09
      vertex 103.354 103.03 11.5
      vertex 103.354 103.03 2.09
    endloop
  endfacet
  facet normal -0.957593 -0.288125 0
    outer loop
      vertex 103.354 103.03 11.5
      vertex 103.388 102.917 2.09
      vertex 103.388 102.917 11.5
    endloop
  endfacet
  facet normal -0.102029 -0.994781 0
    outer loop
      vertex 102.8 103.4 2.09
      vertex 102.917 103.388 11.5
      vertex 102.8 103.4 11.5
    endloop
  endfacet
  facet normal -0.102029 -0.994781 -0
    outer loop
      vertex 102.917 103.388 11.5
      vertex 102.8 103.4 2.09
      vertex 102.917 103.388 2.09
    endloop
  endfacet
  facet normal -0.882116 -0.471033 0
    outer loop
      vertex 103.354 103.03 2.09
      vertex 103.299 103.133 11.5
      vertex 103.299 103.133 2.09
    endloop
  endfacet
  facet normal -0.882116 -0.471033 0
    outer loop
      vertex 103.299 103.133 11.5
      vertex 103.354 103.03 2.09
      vertex 103.354 103.03 11.5
    endloop
  endfacet
  facet normal 0 0 1
    outer loop
      vertex 103.4 102.8 2.09
      vertex 103.39 102.79 2.09
      vertex 103.4 2 2.09
    endloop
  endfacet
  facet normal -0 0 1
    outer loop
      vertex 103.379 102.905 2.09
      vertex 103.4 102.8 2.09
      vertex 103.388 102.917 2.09
    endloop
  endfacet
  facet normal 0 0 1
    outer loop
      vertex 103.4 102.8 2.09
      vertex 103.379 102.905 2.09
      vertex 103.39 102.79 2.09
    endloop
  endfacet
  facet normal 0 0 1
    outer loop
      vertex 103.388 102.917 2.09
      vertex 103.378 102.907 2.09
      vertex 103.379 102.905 2.09
    endloop
  endfacet
  facet normal -0 0 1
    outer loop
      vertex 103.345 103.018 2.09
      vertex 103.388 102.917 2.09
      vertex 103.354 103.03 2.09
    endloop
  endfacet
  facet normal 0 0 1
    outer loop
      vertex 103.388 102.917 2.09
      vertex 103.345 103.018 2.09
      vertex 103.378 102.907 2.09
    endloop
  endfacet
  facet normal 0 0 1
    outer loop
      vertex 103.354 103.03 2.09
      vertex 103.344 103.02 2.09
      vertex 103.345 103.018 2.09
    endloop
  endfacet
  facet normal 0 0 1
    outer loop
      vertex 103.354 103.03 2.09
      vertex 103.343 103.021 2.09
      vertex 103.344 103.02 2.09
    endloop
  endfacet
  facet normal -0 0 1
    outer loop
      vertex 103.289 103.123 2.09
      vertex 103.354 103.03 2.09
      vertex 103.299 103.133 2.09
    endloop
  endfacet
  facet normal 0 0 1
    outer loop
      vertex 103.354 103.03 2.09
      vertex 103.289 103.123 2.09
      vertex 103.343 103.021 2.09
    endloop
  endfacet
  facet normal -0 0 1
    outer loop
      vertex 103.216 103.213 2.09
      vertex 103.299 103.133 2.09
      vertex 103.224 103.224 2.09
    endloop
  endfacet
  facet normal 0 0 1
    outer loop
      vertex 103.299 103.133 2.09
      vertex 103.216 103.213 2.09
      vertex 103.289 103.123 2.09
    endloop
  endfacet
  facet normal 0 0 1
    outer loop
      vertex 103.224 103.224 2.09
      vertex 103.214 103.214 2.09
      vertex 103.216 103.213 2.09
    endloop
  endfacet
  facet normal 0 0 1
    outer loop
      vertex 103.224 103.224 2.09
      vertex 103.213 103.216 2.09
      vertex 103.214 103.214 2.09
    endloop
  endfacet
  facet normal 0 0 1
    outer loop
      vertex 103.133 103.299 2.09
      vertex 103.213 103.216 2.09
      vertex 103.224 103.224 2.09
    endloop
  endfacet
  facet normal 0 0 1
    outer loop
      vertex 103.133 103.299 2.09
      vertex 103.123 103.289 2.09
      vertex 103.213 103.216 2.09
    endloop
  endfacet
  facet normal 0 0 1
    outer loop
      vertex 103.03 103.354 2.09
      vertex 103.123 103.289 2.09
      vertex 103.133 103.299 2.09
    endloop
  endfacet
  facet normal 0 0 1
    outer loop
      vertex 103.03 103.354 2.09
      vertex 103.021 103.343 2.09
      vertex 103.123 103.289 2.09
    endloop
  endfacet
  facet normal 0 0 1
    outer loop
      vertex 103.03 103.354 2.09
      vertex 103.02 103.344 2.09
      vertex 103.021 103.343 2.09
    endloop
  endfacet
  facet normal 0 0 1
    outer loop
      vertex 103.03 103.354 2.09
      vertex 103.018 103.345 2.09
      vertex 103.02 103.344 2.09
    endloop
  endfacet
  facet normal 0 0 1
    outer loop
      vertex 102.917 103.388 2.09
      vertex 103.018 103.345 2.09
      vertex 103.03 103.354 2.09
    endloop
  endfacet
  facet normal 0 0 1
    outer loop
      vertex 102.917 103.388 2.09
      vertex 102.907 103.378 2.09
      vertex 103.018 103.345 2.09
    endloop
  endfacet
  facet normal 0 0 1
    outer loop
      vertex 102.917 103.388 2.09
      vertex 102.905 103.379 2.09
      vertex 102.907 103.378 2.09
    endloop
  endfacet
  facet normal 0 0 1
    outer loop
      vertex 102.8 103.4 2.09
      vertex 102.905 103.379 2.09
      vertex 102.917 103.388 2.09
    endloop
  endfacet
  facet normal 0 0 1
    outer loop
      vertex 102.8 103.4 2.09
      vertex 102.79 103.39 2.09
      vertex 102.905 103.379 2.09
    endloop
  endfacet
  facet normal 0 0 1
    outer loop
      vertex 102.8 103.4 2.09
      vertex 2.00988 103.39 2.09
      vertex 102.79 103.39 2.09
    endloop
  endfacet
  facet normal -0 0 1
    outer loop
      vertex 2 103.4 2.09
      vertex 2.00988 103.39 2.09
      vertex 102.8 103.4 2.09
    endloop
  endfacet
  facet normal 0 0 1
    outer loop
      vertex 2 103.4 2.09
      vertex 1.89478 103.379 2.09
      vertex 2.00988 103.39 2.09
    endloop
  endfacet
  facet normal -0 0 1
    outer loop
      vertex 1.88295 103.388 2.09
      vertex 1.89478 103.379 2.09
      vertex 2 103.4 2.09
    endloop
  endfacet
  facet normal 0 0 1
    outer loop
      vertex 1.89478 103.379 2.09
      vertex 1.88295 103.388 2.09
      vertex 1.89285 103.378 2.09
    endloop
  endfacet
  facet normal 0 0 1
    outer loop
      vertex 1.88295 103.388 2.09
      vertex 1.78217 103.345 2.09
      vertex 1.89285 103.378 2.09
    endloop
  endfacet
  facet normal -0 0 1
    outer loop
      vertex 1.77039 103.354 2.09
      vertex 1.78217 103.345 2.09
      vertex 1.88295 103.388 2.09
    endloop
  endfacet
  facet normal 0 0 1
    outer loop
      vertex 1.78217 103.345 2.09
      vertex 1.77039 103.354 2.09
      vertex 1.78032 103.344 2.09
    endloop
  endfacet
  facet normal 0 0 1
    outer loop
      vertex 1.77039 103.354 2.09
      vertex 1.77861 103.343 2.09
      vertex 1.78032 103.344 2.09
    endloop
  endfacet
  facet normal 0 0 1
    outer loop
      vertex 1.77039 103.354 2.09
      vertex 1.67661 103.289 2.09
      vertex 1.77861 103.343 2.09
    endloop
  endfacet
  facet normal -0 0 1
    outer loop
      vertex 1.66666 103.299 2.09
      vertex 1.67661 103.289 2.09
      vertex 1.77039 103.354 2.09
    endloop
  endfacet
  facet normal 0 0 1
    outer loop
      vertex 1.66666 103.299 2.09
      vertex 1.5872 103.216 2.09
      vertex 1.67661 103.289 2.09
    endloop
  endfacet
  facet normal -0 0 1
    outer loop
      vertex 1.57574 103.224 2.09
      vertex 1.5872 103.216 2.09
      vertex 1.66666 103.299 2.09
    endloop
  endfacet
  facet normal 0 0 1
    outer loop
      vertex 1.5872 103.216 2.09
      vertex 1.57574 103.224 2.09
      vertex 1.5857 103.214 2.09
    endloop
  endfacet
  facet normal 0 0 1
    outer loop
      vertex 1.57574 103.224 2.09
      vertex 1.58447 103.213 2.09
      vertex 1.5857 103.214 2.09
    endloop
  endfacet
  facet normal 0 0 1
    outer loop
      vertex 1.50112 103.133 2.09
      vertex 1.58447 103.213 2.09
      vertex 1.57574 103.224 2.09
    endloop
  endfacet
  facet normal 0 0 1
    outer loop
      vertex 1.58447 103.213 2.09
      vertex 1.50112 103.133 2.09
      vertex 1.5111 103.123 2.09
    endloop
  endfacet
  facet normal 0 0 1
    outer loop
      vertex 1.44567 103.03 2.09
      vertex 1.5111 103.123 2.09
      vertex 1.50112 103.133 2.09
    endloop
  endfacet
  facet normal 0 0 1
    outer loop
      vertex 1.5111 103.123 2.09
      vertex 1.44567 103.03 2.09
      vertex 1.45658 103.021 2.09
    endloop
  endfacet
  facet normal 0 0 1
    outer loop
      vertex 1.45658 103.021 2.09
      vertex 1.44567 103.03 2.09
      vertex 1.45566 103.02 2.09
    endloop
  endfacet
  facet normal 0 0 1
    outer loop
      vertex 1.44567 103.03 2.09
      vertex 1.4551 103.018 2.09
      vertex 1.45566 103.02 2.09
    endloop
  endfacet
  facet normal 0 0 1
    outer loop
      vertex 1.41153 102.917 2.09
      vertex 1.4551 103.018 2.09
      vertex 1.44567 103.03 2.09
    endloop
  endfacet
  facet normal 0 0 1
    outer loop
      vertex 1.4551 103.018 2.09
      vertex 1.41153 102.917 2.09
      vertex 1.42153 102.907 2.09
    endloop
  endfacet
  facet normal 0 0 1
    outer loop
      vertex 1.41153 102.917 2.09
      vertex 1.42134 102.905 2.09
      vertex 1.42153 102.907 2.09
    endloop
  endfacet
  facet normal 0 0 1
    outer loop
      vertex 1.4 102.8 2.09
      vertex 1.42134 102.905 2.09
      vertex 1.41153 102.917 2.09
    endloop
  endfacet
  facet normal 0 0 1
    outer loop
      vertex 1.41 102.79 2.09
      vertex 1.4 102.8 2.09
      vertex 1.41 2.00988 2.09
    endloop
  endfacet
  facet normal 0 0 1
    outer loop
      vertex 1.42134 102.905 2.09
      vertex 1.4 102.8 2.09
      vertex 1.41 102.79 2.09
    endloop
  endfacet
  facet normal -0 0 1
    outer loop
      vertex 103.39 2.00988 2.09
      vertex 103.4 2 2.09
      vertex 103.39 102.79 2.09
    endloop
  endfacet
  facet normal 0 0 1
    outer loop
      vertex 103.379 1.89478 2.09
      vertex 103.4 2 2.09
      vertex 103.39 2.00988 2.09
    endloop
  endfacet
  facet normal 0 0 1
    outer loop
      vertex 103.4 2 2.09
      vertex 103.379 1.89478 2.09
      vertex 103.388 1.88295 2.09
    endloop
  endfacet
  facet normal -0 0 1
    outer loop
      vertex 103.378 1.89285 2.09
      vertex 103.388 1.88295 2.09
      vertex 103.379 1.89478 2.09
    endloop
  endfacet
  facet normal 0 0 1
    outer loop
      vertex 103.345 1.78217 2.09
      vertex 103.388 1.88295 2.09
      vertex 103.378 1.89285 2.09
    endloop
  endfacet
  facet normal 0 0 1
    outer loop
      vertex 103.388 1.88295 2.09
      vertex 103.345 1.78217 2.09
      vertex 103.354 1.77039 2.09
    endloop
  endfacet
  facet normal -0 0 1
    outer loop
      vertex 103.344 1.78032 2.09
      vertex 103.354 1.77039 2.09
      vertex 103.345 1.78217 2.09
    endloop
  endfacet
  facet normal -0 0 1
    outer loop
      vertex 103.343 1.77861 2.09
      vertex 103.354 1.77039 2.09
      vertex 103.344 1.78032 2.09
    endloop
  endfacet
  facet normal 0 0 1
    outer loop
      vertex 103.289 1.67661 2.09
      vertex 103.354 1.77039 2.09
      vertex 103.343 1.77861 2.09
    endloop
  endfacet
  facet normal 0 0 1
    outer loop
      vertex 103.354 1.77039 2.09
      vertex 103.289 1.67661 2.09
      vertex 103.299 1.66666 2.09
    endloop
  endfacet
  facet normal 0 0 1
    outer loop
      vertex 103.216 1.5872 2.09
      vertex 103.299 1.66666 2.09
      vertex 103.289 1.67661 2.09
    endloop
  endfacet
  facet normal 0 0 1
    outer loop
      vertex 103.299 1.66666 2.09
      vertex 103.216 1.5872 2.09
      vertex 103.224 1.57574 2.09
    endloop
  endfacet
  facet normal -0 0 1
    outer loop
      vertex 103.214 1.5857 2.09
      vertex 103.224 1.57574 2.09
      vertex 103.216 1.5872 2.09
    endloop
  endfacet
  facet normal -0 0 1
    outer loop
      vertex 103.213 1.58447 2.09
      vertex 103.224 1.57574 2.09
      vertex 103.214 1.5857 2.09
    endloop
  endfacet
  facet normal 0 0 1
    outer loop
      vertex 103.213 1.58447 2.09
      vertex 103.133 1.50112 2.09
      vertex 103.224 1.57574 2.09
    endloop
  endfacet
  facet normal -0 0 1
    outer loop
      vertex 103.123 1.5111 2.09
      vertex 103.133 1.50112 2.09
      vertex 103.213 1.58447 2.09
    endloop
  endfacet
  facet normal 0 0 1
    outer loop
      vertex 103.123 1.5111 2.09
      vertex 103.03 1.44567 2.09
      vertex 103.133 1.50112 2.09
    endloop
  endfacet
  facet normal -0 0 1
    outer loop
      vertex 103.021 1.45658 2.09
      vertex 103.03 1.44567 2.09
      vertex 103.123 1.5111 2.09
    endloop
  endfacet
  facet normal -0 0 1
    outer loop
      vertex 103.02 1.45566 2.09
      vertex 103.03 1.44567 2.09
      vertex 103.021 1.45658 2.09
    endloop
  endfacet
  facet normal -0 0 1
    outer loop
      vertex 103.018 1.4551 2.09
      vertex 103.03 1.44567 2.09
      vertex 103.02 1.45566 2.09
    endloop
  endfacet
  facet normal 0 0 1
    outer loop
      vertex 103.018 1.4551 2.09
      vertex 102.917 1.41153 2.09
      vertex 103.03 1.44567 2.09
    endloop
  endfacet
  facet normal -0 0 1
    outer loop
      vertex 102.907 1.42153 2.09
      vertex 102.917 1.41153 2.09
      vertex 103.018 1.4551 2.09
    endloop
  endfacet
  facet normal -0 0 1
    outer loop
      vertex 102.905 1.42134 2.09
      vertex 102.917 1.41153 2.09
      vertex 102.907 1.42153 2.09
    endloop
  endfacet
  facet normal 0 0 1
    outer loop
      vertex 102.905 1.42134 2.09
      vertex 102.8 1.4 2.09
      vertex 102.917 1.41153 2.09
    endloop
  endfacet
  facet normal -0 0 1
    outer loop
      vertex 102.79 1.41 2.09
      vertex 102.8 1.4 2.09
      vertex 102.905 1.42134 2.09
    endloop
  endfacet
  facet normal -0 0 1
    outer loop
      vertex 2.00988 1.41 2.09
      vertex 102.8 1.4 2.09
      vertex 102.79 1.41 2.09
    endloop
  endfacet
  facet normal 0 0 1
    outer loop
      vertex 2.00988 1.41 2.09
      vertex 2 1.4 2.09
      vertex 102.8 1.4 2.09
    endloop
  endfacet
  facet normal 0 0 1
    outer loop
      vertex 1.89478 1.42134 2.09
      vertex 2 1.4 2.09
      vertex 2.00988 1.41 2.09
    endloop
  endfacet
  facet normal 0 0 1
    outer loop
      vertex 1.88295 1.41153 2.09
      vertex 1.89478 1.42134 2.09
      vertex 1.89285 1.42153 2.09
    endloop
  endfacet
  facet normal 0 0 1
    outer loop
      vertex 1.89478 1.42134 2.09
      vertex 1.88295 1.41153 2.09
      vertex 2 1.4 2.09
    endloop
  endfacet
  facet normal 0 0 1
    outer loop
      vertex 1.78217 1.4551 2.09
      vertex 1.88295 1.41153 2.09
      vertex 1.89285 1.42153 2.09
    endloop
  endfacet
  facet normal 0 0 1
    outer loop
      vertex 1.77039 1.44567 2.09
      vertex 1.78217 1.4551 2.09
      vertex 1.78032 1.45566 2.09
    endloop
  endfacet
  facet normal 0 0 1
    outer loop
      vertex 1.78217 1.4551 2.09
      vertex 1.77039 1.44567 2.09
      vertex 1.88295 1.41153 2.09
    endloop
  endfacet
  facet normal 0 0 1
    outer loop
      vertex 1.77861 1.45658 2.09
      vertex 1.77039 1.44567 2.09
      vertex 1.78032 1.45566 2.09
    endloop
  endfacet
  facet normal 0 0 1
    outer loop
      vertex 1.67661 1.5111 2.09
      vertex 1.77039 1.44567 2.09
      vertex 1.77861 1.45658 2.09
    endloop
  endfacet
  facet normal 0 0 1
    outer loop
      vertex 1.67661 1.5111 2.09
      vertex 1.66666 1.50112 2.09
      vertex 1.77039 1.44567 2.09
    endloop
  endfacet
  facet normal 0 0 1
    outer loop
      vertex 1.5872 1.58447 2.09
      vertex 1.66666 1.50112 2.09
      vertex 1.67661 1.5111 2.09
    endloop
  endfacet
  facet normal 0 0 1
    outer loop
      vertex 1.57574 1.57574 2.09
      vertex 1.5872 1.58447 2.09
      vertex 1.5857 1.5857 2.09
    endloop
  endfacet
  facet normal 0 0 1
    outer loop
      vertex 1.5872 1.58447 2.09
      vertex 1.57574 1.57574 2.09
      vertex 1.66666 1.50112 2.09
    endloop
  endfacet
  facet normal 0 0 1
    outer loop
      vertex 1.58447 1.5872 2.09
      vertex 1.57574 1.57574 2.09
      vertex 1.5857 1.5857 2.09
    endloop
  endfacet
  facet normal -0 0 1
    outer loop
      vertex 1.50112 1.66666 2.09
      vertex 1.58447 1.5872 2.09
      vertex 1.5111 1.67661 2.09
    endloop
  endfacet
  facet normal 0 0 1
    outer loop
      vertex 1.58447 1.5872 2.09
      vertex 1.50112 1.66666 2.09
      vertex 1.57574 1.57574 2.09
    endloop
  endfacet
  facet normal -0 0 1
    outer loop
      vertex 1.44567 1.77039 2.09
      vertex 1.5111 1.67661 2.09
      vertex 1.45658 1.77861 2.09
    endloop
  endfacet
  facet normal 0 0 1
    outer loop
      vertex 1.44567 1.77039 2.09
      vertex 1.45658 1.77861 2.09
      vertex 1.45566 1.78032 2.09
    endloop
  endfacet
  facet normal 0 0 1
    outer loop
      vertex 1.5111 1.67661 2.09
      vertex 1.44567 1.77039 2.09
      vertex 1.50112 1.66666 2.09
    endloop
  endfacet
  facet normal 0 0 1
    outer loop
      vertex 1.4551 1.78217 2.09
      vertex 1.44567 1.77039 2.09
      vertex 1.45566 1.78032 2.09
    endloop
  endfacet
  facet normal -0 0 1
    outer loop
      vertex 1.41153 1.88295 2.09
      vertex 1.4551 1.78217 2.09
      vertex 1.42153 1.89285 2.09
    endloop
  endfacet
  facet normal 0 0 1
    outer loop
      vertex 1.4551 1.78217 2.09
      vertex 1.41153 1.88295 2.09
      vertex 1.44567 1.77039 2.09
    endloop
  endfacet
  facet normal 0 0 1
    outer loop
      vertex 1.42134 1.89478 2.09
      vertex 1.41153 1.88295 2.09
      vertex 1.42153 1.89285 2.09
    endloop
  endfacet
  facet normal -0 0 1
    outer loop
      vertex 1.4 2 2.09
      vertex 1.42134 1.89478 2.09
      vertex 1.41 2.00988 2.09
    endloop
  endfacet
  facet normal 0 0 1
    outer loop
      vertex 1.42134 1.89478 2.09
      vertex 1.4 2 2.09
      vertex 1.41153 1.88295 2.09
    endloop
  endfacet
  facet normal 0 0 1
    outer loop
      vertex 1.4 2 2.09
      vertex 1.41 2.00988 2.09
      vertex 1.4 102.8 2.09
    endloop
  endfacet
  facet normal 0.880512 -0.474023 0
    outer loop
      vertex 1.44567 103.03 11.5
      vertex 1.50112 103.133 2.09
      vertex 1.50112 103.133 11.5
    endloop
  endfacet
  facet normal 0.880512 -0.474023 0
    outer loop
      vertex 1.50112 103.133 2.09
      vertex 1.44567 103.03 11.5
      vertex 1.44567 103.03 2.09
    endloop
  endfacet
  facet normal -0.0980719 0.995179 0
    outer loop
      vertex 102.917 1.41153 2.09
      vertex 102.8 1.4 11.5
      vertex 102.917 1.41153 11.5
    endloop
  endfacet
  facet normal -0.0980719 0.995179 0
    outer loop
      vertex 102.8 1.4 11.5
      vertex 102.917 1.41153 2.09
      vertex 102.8 1.4 2.09
    endloop
  endfacet
  facet normal 0.773268 -0.63408 0
    outer loop
      vertex 1.50112 103.133 11.5
      vertex 1.57574 103.224 2.09
      vertex 1.57574 103.224 11.5
    endloop
  endfacet
  facet normal 0.773268 -0.63408 0
    outer loop
      vertex 1.57574 103.224 2.09
      vertex 1.50112 103.133 11.5
      vertex 1.50112 103.133 2.09
    endloop
  endfacet
  facet normal -0.771411 0.636338 0
    outer loop
      vertex 103.224 1.57574 2.09
      vertex 103.299 1.66666 11.5
      vertex 103.299 1.66666 2.09
    endloop
  endfacet
  facet normal -0.771411 0.636338 0
    outer loop
      vertex 103.299 1.66666 11.5
      vertex 103.224 1.57574 2.09
      vertex 103.224 1.57574 11.5
    endloop
  endfacet
  facet normal -0.994786 0.101986 0
    outer loop
      vertex 103.388 1.88295 2.09
      vertex 103.4 2 11.5
      vertex 103.4 2 2.09
    endloop
  endfacet
  facet normal -0.994786 0.101986 0
    outer loop
      vertex 103.4 2 11.5
      vertex 103.388 1.88295 2.09
      vertex 103.388 1.88295 11.5
    endloop
  endfacet
  facet normal 0.101986 -0.994786 0
    outer loop
      vertex 1.88295 103.388 2.09
      vertex 2 103.4 11.5
      vertex 1.88295 103.388 11.5
    endloop
  endfacet
  facet normal 0.101986 -0.994786 0
    outer loop
      vertex 2 103.4 11.5
      vertex 1.88295 103.388 2.09
      vertex 2 103.4 2.09
    endloop
  endfacet
  facet normal -0.636004 -0.771685 0
    outer loop
      vertex 103.133 103.299 2.09
      vertex 103.224 103.224 11.5
      vertex 103.133 103.299 11.5
    endloop
  endfacet
  facet normal -0.636004 -0.771685 -0
    outer loop
      vertex 103.224 103.224 11.5
      vertex 103.133 103.299 2.09
      vertex 103.224 103.224 2.09
    endloop
  endfacet
  facet normal 0.636338 -0.771411 0
    outer loop
      vertex 1.57574 103.224 2.09
      vertex 1.66666 103.299 11.5
      vertex 1.57574 103.224 11.5
    endloop
  endfacet
  facet normal 0.636338 -0.771411 0
    outer loop
      vertex 1.66666 103.299 11.5
      vertex 1.57574 103.224 2.09
      vertex 1.66666 103.299 2.09
    endloop
  endfacet
  facet normal -0.471033 -0.882116 0
    outer loop
      vertex 103.03 103.354 2.09
      vertex 103.133 103.299 11.5
      vertex 103.03 103.354 11.5
    endloop
  endfacet
  facet normal -0.471033 -0.882116 -0
    outer loop
      vertex 103.133 103.299 11.5
      vertex 103.03 103.354 2.09
      vertex 103.133 103.299 2.09
    endloop
  endfacet
  facet normal -0.288125 -0.957593 0
    outer loop
      vertex 102.917 103.388 2.09
      vertex 103.03 103.354 11.5
      vertex 102.917 103.388 11.5
    endloop
  endfacet
  facet normal -0.288125 -0.957593 -0
    outer loop
      vertex 103.03 103.354 11.5
      vertex 102.917 103.388 2.09
      vertex 103.03 103.354 2.09
    endloop
  endfacet
  facet normal -0.771685 -0.636004 0
    outer loop
      vertex 103.299 103.133 2.09
      vertex 103.224 103.224 11.5
      vertex 103.224 103.224 2.09
    endloop
  endfacet
  facet normal -0.771685 -0.636004 0
    outer loop
      vertex 103.224 103.224 11.5
      vertex 103.299 103.133 2.09
      vertex 103.299 103.133 11.5
    endloop
  endfacet
  facet normal -0 0 1
    outer loop
      vertex 103.976 102.994 6.5
      vertex 104.8 102.8 6.5
      vertex 104.762 103.19 6.5
    endloop
  endfacet
  facet normal 0 0 1
    outer loop
      vertex 104.8 102.8 6.5
      vertex 104 102.75 6.5
      vertex 104.8 2 6.5
    endloop
  endfacet
  facet normal -0 0 1
    outer loop
      vertex 103.905 103.228 6.5
      vertex 104.762 103.19 6.5
      vertex 104.648 103.565 6.5
    endloop
  endfacet
  facet normal -0 0 1
    outer loop
      vertex 104 2.05 6.5
      vertex 104.8 2 6.5
      vertex 104 102.75 6.5
    endloop
  endfacet
  facet normal 0 0 1
    outer loop
      vertex 103.789 103.444 6.5
      vertex 104.648 103.565 6.5
      vertex 104.463 103.911 6.5
    endloop
  endfacet
  facet normal 0 0 1
    outer loop
      vertex 103.976 1.80614 6.5
      vertex 104.8 2 6.5
      vertex 104 2.05 6.5
    endloop
  endfacet
  facet normal 0 0 1
    outer loop
      vertex 103.634 103.634 6.5
      vertex 104.463 103.911 6.5
      vertex 104.214 104.214 6.5
    endloop
  endfacet
  facet normal 0 0 1
    outer loop
      vertex 104.8 2 6.5
      vertex 103.976 1.80614 6.5
      vertex 104.762 1.60982 6.5
    endloop
  endfacet
  facet normal 0 0 1
    outer loop
      vertex 103.905 1.57165 6.5
      vertex 104.762 1.60982 6.5
      vertex 103.976 1.80614 6.5
    endloop
  endfacet
  facet normal 0 0 1
    outer loop
      vertex 104.8 102.8 6.5
      vertex 103.976 102.994 6.5
      vertex 104 102.75 6.5
    endloop
  endfacet
  facet normal 0 0 1
    outer loop
      vertex 103.634 103.634 6.5
      vertex 104.214 104.214 6.5
      vertex 103.911 104.463 6.5
    endloop
  endfacet
  facet normal 0 0 1
    outer loop
      vertex 104.762 103.19 6.5
      vertex 103.905 103.228 6.5
      vertex 103.976 102.994 6.5
    endloop
  endfacet
  facet normal 0 0 1
    outer loop
      vertex 104.648 103.565 6.5
      vertex 103.789 103.444 6.5
      vertex 103.905 103.228 6.5
    endloop
  endfacet
  facet normal 0 0 1
    outer loop
      vertex 104.463 103.911 6.5
      vertex 103.634 103.634 6.5
      vertex 103.789 103.444 6.5
    endloop
  endfacet
  facet normal 0 0 1
    outer loop
      vertex 103.444 103.789 6.5
      vertex 103.911 104.463 6.5
      vertex 103.565 104.648 6.5
    endloop
  endfacet
  facet normal 0 0 1
    outer loop
      vertex 103.911 104.463 6.5
      vertex 103.444 103.789 6.5
      vertex 103.634 103.634 6.5
    endloop
  endfacet
  facet normal 0 0 1
    outer loop
      vertex 103.565 104.648 6.5
      vertex 103.228 103.905 6.5
      vertex 103.444 103.789 6.5
    endloop
  endfacet
  facet normal 0 0 1
    outer loop
      vertex 103.19 104.762 6.5
      vertex 103.228 103.905 6.5
      vertex 103.565 104.648 6.5
    endloop
  endfacet
  facet normal 0 0 1
    outer loop
      vertex 103.19 104.762 6.5
      vertex 102.994 103.976 6.5
      vertex 103.228 103.905 6.5
    endloop
  endfacet
  facet normal 0 0 1
    outer loop
      vertex 102.8 104.8 6.5
      vertex 102.994 103.976 6.5
      vertex 103.19 104.762 6.5
    endloop
  endfacet
  facet normal 0 0 1
    outer loop
      vertex 102.8 104.8 6.5
      vertex 102.75 104 6.5
      vertex 102.994 103.976 6.5
    endloop
  endfacet
  facet normal 0 0 1
    outer loop
      vertex 102.8 104.8 6.5
      vertex 2.05 104 6.5
      vertex 102.75 104 6.5
    endloop
  endfacet
  facet normal -0 0 1
    outer loop
      vertex 2 104.8 6.5
      vertex 2.05 104 6.5
      vertex 102.8 104.8 6.5
    endloop
  endfacet
  facet normal 0 0 1
    outer loop
      vertex 2 104.8 6.5
      vertex 1.80614 103.976 6.5
      vertex 2.05 104 6.5
    endloop
  endfacet
  facet normal -0 0 1
    outer loop
      vertex 1.60982 104.762 6.5
      vertex 1.80614 103.976 6.5
      vertex 2 104.8 6.5
    endloop
  endfacet
  facet normal 0 0 1
    outer loop
      vertex 1.60982 104.762 6.5
      vertex 1.57165 103.905 6.5
      vertex 1.80614 103.976 6.5
    endloop
  endfacet
  facet normal -0 0 1
    outer loop
      vertex 1.23463 104.648 6.5
      vertex 1.57165 103.905 6.5
      vertex 1.60982 104.762 6.5
    endloop
  endfacet
  facet normal 0 0 1
    outer loop
      vertex 1.57165 103.905 6.5
      vertex 1.23463 104.648 6.5
      vertex 1.35554 103.789 6.5
    endloop
  endfacet
  facet normal -0 0 1
    outer loop
      vertex 0.88886 104.463 6.5
      vertex 1.35554 103.789 6.5
      vertex 1.23463 104.648 6.5
    endloop
  endfacet
  facet normal 0 0 1
    outer loop
      vertex 1.35554 103.789 6.5
      vertex 0.88886 104.463 6.5
      vertex 1.16612 103.634 6.5
    endloop
  endfacet
  facet normal -0 0 1
    outer loop
      vertex 0.585787 104.214 6.5
      vertex 1.16612 103.634 6.5
      vertex 0.88886 104.463 6.5
    endloop
  endfacet
  facet normal -0 0 1
    outer loop
      vertex 0.337061 103.911 6.5
      vertex 1.16612 103.634 6.5
      vertex 0.585787 104.214 6.5
    endloop
  endfacet
  facet normal 0 0 1
    outer loop
      vertex 1.16612 103.634 6.5
      vertex 0.337061 103.911 6.5
      vertex 1.01066 103.444 6.5
    endloop
  endfacet
  facet normal -0 0 1
    outer loop
      vertex 0.152241 103.565 6.5
      vertex 1.01066 103.444 6.5
      vertex 0.337061 103.911 6.5
    endloop
  endfacet
  facet normal 0 0 1
    outer loop
      vertex 0.0384296 103.19 6.5
      vertex 0.895151 103.228 6.5
      vertex 0.152241 103.565 6.5
    endloop
  endfacet
  facet normal 0 0 1
    outer loop
      vertex 1.01066 103.444 6.5
      vertex 0.152241 103.565 6.5
      vertex 0.895151 103.228 6.5
    endloop
  endfacet
  facet normal 0 0 1
    outer loop
      vertex 104.762 1.60982 6.5
      vertex 103.905 1.57165 6.5
      vertex 104.648 1.23463 6.5
    endloop
  endfacet
  facet normal -0 0 1
    outer loop
      vertex 103.789 1.35554 6.5
      vertex 104.648 1.23463 6.5
      vertex 103.905 1.57165 6.5
    endloop
  endfacet
  facet normal 0 0 1
    outer loop
      vertex 104.648 1.23463 6.5
      vertex 103.789 1.35554 6.5
      vertex 104.463 0.88886 6.5
    endloop
  endfacet
  facet normal -0 0 1
    outer loop
      vertex 103.634 1.16612 6.5
      vertex 104.463 0.88886 6.5
      vertex 103.789 1.35554 6.5
    endloop
  endfacet
  facet normal 0 0 1
    outer loop
      vertex 104.463 0.88886 6.5
      vertex 103.634 1.16612 6.5
      vertex 104.214 0.585787 6.5
    endloop
  endfacet
  facet normal 0 0 1
    outer loop
      vertex 104.214 0.585787 6.5
      vertex 103.634 1.16612 6.5
      vertex 103.911 0.337061 6.5
    endloop
  endfacet
  facet normal -0 0 1
    outer loop
      vertex 103.444 1.01066 6.5
      vertex 103.911 0.337061 6.5
      vertex 103.634 1.16612 6.5
    endloop
  endfacet
  facet normal 0 0 1
    outer loop
      vertex 103.911 0.337061 6.5
      vertex 103.444 1.01066 6.5
      vertex 103.565 0.152241 6.5
    endloop
  endfacet
  facet normal -0 0 1
    outer loop
      vertex 103.228 0.895151 6.5
      vertex 103.565 0.152241 6.5
      vertex 103.444 1.01066 6.5
    endloop
  endfacet
  facet normal 0 0 1
    outer loop
      vertex 103.228 0.895151 6.5
      vertex 103.19 0.0384296 6.5
      vertex 103.565 0.152241 6.5
    endloop
  endfacet
  facet normal -0 0 1
    outer loop
      vertex 102.994 0.824019 6.5
      vertex 103.19 0.0384296 6.5
      vertex 103.228 0.895151 6.5
    endloop
  endfacet
  facet normal 0 0 1
    outer loop
      vertex 102.994 0.824019 6.5
      vertex 102.8 3.8147e-07 6.5
      vertex 103.19 0.0384296 6.5
    endloop
  endfacet
  facet normal -0 0 1
    outer loop
      vertex 102.75 0.800001 6.5
      vertex 102.8 3.8147e-07 6.5
      vertex 102.994 0.824019 6.5
    endloop
  endfacet
  facet normal -0 0 1
    outer loop
      vertex 2.05 0.800001 6.5
      vertex 102.8 3.8147e-07 6.5
      vertex 102.75 0.800001 6.5
    endloop
  endfacet
  facet normal 0 0 1
    outer loop
      vertex 2.05 0.800001 6.5
      vertex 2 3.8147e-07 6.5
      vertex 102.8 3.8147e-07 6.5
    endloop
  endfacet
  facet normal 0 0 1
    outer loop
      vertex 1.80614 0.824019 6.5
      vertex 2 3.8147e-07 6.5
      vertex 2.05 0.800001 6.5
    endloop
  endfacet
  facet normal 0 0 1
    outer loop
      vertex 1.80614 0.824019 6.5
      vertex 1.60982 0.0384296 6.5
      vertex 2 3.8147e-07 6.5
    endloop
  endfacet
  facet normal 0 0 1
    outer loop
      vertex 1.57165 0.895151 6.5
      vertex 1.60982 0.0384296 6.5
      vertex 1.80614 0.824019 6.5
    endloop
  endfacet
  facet normal 0 0 1
    outer loop
      vertex 1.23463 0.152241 6.5
      vertex 1.57165 0.895151 6.5
      vertex 1.35554 1.01066 6.5
    endloop
  endfacet
  facet normal 0 0 1
    outer loop
      vertex 1.57165 0.895151 6.5
      vertex 1.23463 0.152241 6.5
      vertex 1.60982 0.0384296 6.5
    endloop
  endfacet
  facet normal 0 0 1
    outer loop
      vertex 0.88886 0.337061 6.5
      vertex 1.35554 1.01066 6.5
      vertex 1.16612 1.16612 6.5
    endloop
  endfacet
  facet normal 0 0 1
    outer loop
      vertex 0.337061 0.88886 6.5
      vertex 1.16612 1.16612 6.5
      vertex 1.01066 1.35554 6.5
    endloop
  endfacet
  facet normal 0 0 1
    outer loop
      vertex 0.152241 1.23463 6.5
      vertex 1.01066 1.35554 6.5
      vertex 0.895151 1.57165 6.5
    endloop
  endfacet
  facet normal 0 0 1
    outer loop
      vertex 1.35554 1.01066 6.5
      vertex 0.88886 0.337061 6.5
      vertex 1.23463 0.152241 6.5
    endloop
  endfacet
  facet normal -0 0 1
    outer loop
      vertex 0.0384296 1.60982 6.5
      vertex 0.895151 1.57165 6.5
      vertex 0.824019 1.80614 6.5
    endloop
  endfacet
  facet normal -0 0 1
    outer loop
      vertex 3.8147e-07 2 6.5
      vertex 0.824019 1.80614 6.5
      vertex 0.800001 2.05 6.5
    endloop
  endfacet
  facet normal 0 0 1
    outer loop
      vertex 1.16612 1.16612 6.5
      vertex 0.585787 0.585787 6.5
      vertex 0.88886 0.337061 6.5
    endloop
  endfacet
  facet normal 0 0 1
    outer loop
      vertex 0.800001 102.75 6.5
      vertex 3.8147e-07 102.8 6.5
      vertex 0.800001 2.05 6.5
    endloop
  endfacet
  facet normal 0 0 1
    outer loop
      vertex 0.895151 103.228 6.5
      vertex 0.0384296 103.19 6.5
      vertex 0.824019 102.994 6.5
    endloop
  endfacet
  facet normal 0 0 1
    outer loop
      vertex 3.8147e-07 2 6.5
      vertex 0.800001 2.05 6.5
      vertex 3.8147e-07 102.8 6.5
    endloop
  endfacet
  facet normal 0 0 1
    outer loop
      vertex 3.8147e-07 102.8 6.5
      vertex 0.824019 102.994 6.5
      vertex 0.0384296 103.19 6.5
    endloop
  endfacet
  facet normal 0 0 1
    outer loop
      vertex 0.824019 1.80614 6.5
      vertex 3.8147e-07 2 6.5
      vertex 0.0384296 1.60982 6.5
    endloop
  endfacet
  facet normal 0 0 1
    outer loop
      vertex 0.824019 102.994 6.5
      vertex 3.8147e-07 102.8 6.5
      vertex 0.800001 102.75 6.5
    endloop
  endfacet
  facet normal 0 0 1
    outer loop
      vertex 1.16612 1.16612 6.5
      vertex 0.337061 0.88886 6.5
      vertex 0.585787 0.585787 6.5
    endloop
  endfacet
  facet normal 0 0 1
    outer loop
      vertex 1.01066 1.35554 6.5
      vertex 0.152241 1.23463 6.5
      vertex 0.337061 0.88886 6.5
    endloop
  endfacet
  facet normal 0 0 1
    outer loop
      vertex 0.895151 1.57165 6.5
      vertex 0.0384296 1.60982 6.5
      vertex 0.152241 1.23463 6.5
    endloop
  endfacet
  facet normal -0.63441 -0.772996 0
    outer loop
      vertex 1.16612 1.16612 6.5
      vertex 1.35554 1.01066 11.5
      vertex 1.16612 1.16612 11.5
    endloop
  endfacet
  facet normal -0.63441 -0.772996 -0
    outer loop
      vertex 1.35554 1.01066 11.5
      vertex 1.16612 1.16612 6.5
      vertex 1.35554 1.01066 6.5
    endloop
  endfacet
  facet normal -0.773946 0.633251 0
    outer loop
      vertex 1.01066 103.444 6.5
      vertex 1.16612 103.634 11.5
      vertex 1.16612 103.634 6.5
    endloop
  endfacet
  facet normal -0.773946 0.633251 0
    outer loop
      vertex 1.16612 103.634 11.5
      vertex 1.01066 103.444 6.5
      vertex 1.01066 103.444 11.5
    endloop
  endfacet
  facet normal 0 1 -0
    outer loop
      vertex 102.75 104 6.5
      vertex 2.05 104 11.5
      vertex 102.75 104 11.5
    endloop
  endfacet
  facet normal 0 1 0
    outer loop
      vertex 2.05 104 11.5
      vertex 102.75 104 6.5
      vertex 2.05 104 6.5
    endloop
  endfacet
  facet normal -0.881928 -0.471383 0
    outer loop
      vertex 1.01066 1.35554 6.5
      vertex 0.895151 1.57165 11.5
      vertex 0.895151 1.57165 6.5
    endloop
  endfacet
  facet normal -0.881928 -0.471383 0
    outer loop
      vertex 0.895151 1.57165 11.5
      vertex 1.01066 1.35554 6.5
      vertex 1.01066 1.35554 11.5
    endloop
  endfacet
  facet normal -0.289792 0.95709 0
    outer loop
      vertex 1.80614 103.976 6.5
      vertex 1.57165 103.905 11.5
      vertex 1.80614 103.976 11.5
    endloop
  endfacet
  facet normal -0.289792 0.95709 0
    outer loop
      vertex 1.57165 103.905 11.5
      vertex 1.80614 103.976 6.5
      vertex 1.57165 103.905 6.5
    endloop
  endfacet
  facet normal -0.772996 -0.63441 0
    outer loop
      vertex 1.16612 1.16612 6.5
      vertex 1.01066 1.35554 11.5
      vertex 1.01066 1.35554 6.5
    endloop
  endfacet
  facet normal -0.772996 -0.63441 0
    outer loop
      vertex 1.01066 1.35554 11.5
      vertex 1.16612 1.16612 6.5
      vertex 1.16612 1.16612 11.5
    endloop
  endfacet
  facet normal 0.774865 0.632127 0
    outer loop
      vertex 103.789 103.444 11.5
      vertex 103.634 103.634 6.5
      vertex 103.634 103.634 11.5
    endloop
  endfacet
  facet normal 0.774865 0.632127 0
    outer loop
      vertex 103.634 103.634 6.5
      vertex 103.789 103.444 11.5
      vertex 103.789 103.444 6.5
    endloop
  endfacet
  facet normal -0.47294 0.881095 0
    outer loop
      vertex 1.57165 103.905 6.5
      vertex 1.35554 103.789 11.5
      vertex 1.57165 103.905 11.5
    endloop
  endfacet
  facet normal -0.47294 0.881095 0
    outer loop
      vertex 1.35554 103.789 11.5
      vertex 1.57165 103.905 6.5
      vertex 1.35554 103.789 6.5
    endloop
  endfacet
  facet normal -0.995185 -0.0980167 0
    outer loop
      vertex 0.824019 1.80614 6.5
      vertex 0.800001 2.05 11.5
      vertex 0.800001 2.05 6.5
    endloop
  endfacet
  facet normal -0.995185 -0.0980167 0
    outer loop
      vertex 0.800001 2.05 11.5
      vertex 0.824019 1.80614 6.5
      vertex 0.824019 1.80614 11.5
    endloop
  endfacet
  facet normal -1 0 0
    outer loop
      vertex 0.800001 2.05 6.5
      vertex 0.800001 102.75 11.5
      vertex 0.800001 102.75 6.5
    endloop
  endfacet
  facet normal -1 -0 0
    outer loop
      vertex 0.800001 102.75 11.5
      vertex 0.800001 2.05 6.5
      vertex 0.800001 2.05 11.5
    endloop
  endfacet
  facet normal -0.0979439 0.995192 0
    outer loop
      vertex 2.05 104 6.5
      vertex 1.80614 103.976 11.5
      vertex 2.05 104 11.5
    endloop
  endfacet
  facet normal -0.0979439 0.995192 0
    outer loop
      vertex 1.80614 103.976 11.5
      vertex 2.05 104 6.5
      vertex 1.80614 103.976 6.5
    endloop
  endfacet
  facet normal 0.0978883 0.995197 -0
    outer loop
      vertex 102.994 103.976 6.5
      vertex 102.75 104 11.5
      vertex 102.994 103.976 11.5
    endloop
  endfacet
  facet normal 0.0978883 0.995197 0
    outer loop
      vertex 102.75 104 11.5
      vertex 102.994 103.976 6.5
      vertex 102.75 104 6.5
    endloop
  endfacet
  facet normal 1 -0 0
    outer loop
      vertex 104 2.05 11.5
      vertex 104 102.75 6.5
      vertex 104 102.75 11.5
    endloop
  endfacet
  facet normal 1 0 0
    outer loop
      vertex 104 102.75 6.5
      vertex 104 2.05 11.5
      vertex 104 2.05 6.5
    endloop
  endfacet
  facet normal 0.290842 -0.956771 0
    outer loop
      vertex 102.994 0.824019 6.5
      vertex 103.228 0.895151 11.5
      vertex 102.994 0.824019 11.5
    endloop
  endfacet
  facet normal 0.290842 -0.956771 0
    outer loop
      vertex 103.228 0.895151 11.5
      vertex 102.994 0.824019 6.5
      vertex 103.228 0.895151 6.5
    endloop
  endfacet
  facet normal -0.633287 0.773917 0
    outer loop
      vertex 1.35554 103.789 6.5
      vertex 1.16612 103.634 11.5
      vertex 1.35554 103.789 11.5
    endloop
  endfacet
  facet normal -0.633287 0.773917 0
    outer loop
      vertex 1.16612 103.634 11.5
      vertex 1.35554 103.789 6.5
      vertex 1.16612 103.634 6.5
    endloop
  endfacet
  facet normal 0.95709 -0.289792 0
    outer loop
      vertex 103.905 1.57165 11.5
      vertex 103.976 1.80614 6.5
      vertex 103.976 1.80614 11.5
    endloop
  endfacet
  facet normal 0.95709 -0.289792 0
    outer loop
      vertex 103.976 1.80614 6.5
      vertex 103.905 1.57165 11.5
      vertex 103.905 1.57165 6.5
    endloop
  endfacet
  facet normal -0.95694 -0.290286 0
    outer loop
      vertex 0.895151 1.57165 6.5
      vertex 0.824019 1.80614 11.5
      vertex 0.824019 1.80614 6.5
    endloop
  endfacet
  facet normal -0.95694 -0.290286 0
    outer loop
      vertex 0.824019 1.80614 11.5
      vertex 0.895151 1.57165 6.5
      vertex 0.895151 1.57165 11.5
    endloop
  endfacet
  facet normal 0.47157 -0.881829 0
    outer loop
      vertex 103.228 0.895151 6.5
      vertex 103.444 1.01066 11.5
      vertex 103.228 0.895151 11.5
    endloop
  endfacet
  facet normal 0.47157 -0.881829 0
    outer loop
      vertex 103.444 1.01066 11.5
      vertex 103.228 0.895151 6.5
      vertex 103.444 1.01066 6.5
    endloop
  endfacet
  facet normal 0.881095 -0.47294 0
    outer loop
      vertex 103.789 1.35554 11.5
      vertex 103.905 1.57165 6.5
      vertex 103.905 1.57165 11.5
    endloop
  endfacet
  facet normal 0.881095 -0.47294 0
    outer loop
      vertex 103.905 1.57165 6.5
      vertex 103.789 1.35554 11.5
      vertex 103.789 1.35554 6.5
    endloop
  endfacet
  facet normal -0.956771 0.290842 0
    outer loop
      vertex 0.824019 102.994 6.5
      vertex 0.895151 103.228 11.5
      vertex 0.895151 103.228 6.5
    endloop
  endfacet
  facet normal -0.956771 0.290842 0
    outer loop
      vertex 0.895151 103.228 11.5
      vertex 0.824019 102.994 6.5
      vertex 0.824019 102.994 11.5
    endloop
  endfacet
  facet normal 0.956921 0.290348 0
    outer loop
      vertex 103.976 102.994 11.5
      vertex 103.905 103.228 6.5
      vertex 103.905 103.228 11.5
    endloop
  endfacet
  facet normal 0.956921 0.290348 0
    outer loop
      vertex 103.905 103.228 6.5
      vertex 103.976 102.994 11.5
      vertex 103.976 102.994 6.5
    endloop
  endfacet
  facet normal 0.290348 0.956921 -0
    outer loop
      vertex 103.228 103.905 6.5
      vertex 102.994 103.976 11.5
      vertex 103.228 103.905 11.5
    endloop
  endfacet
  facet normal 0.290348 0.956921 0
    outer loop
      vertex 102.994 103.976 11.5
      vertex 103.228 103.905 6.5
      vertex 102.994 103.976 6.5
    endloop
  endfacet
  facet normal -0.99519 0.097961 0
    outer loop
      vertex 0.800001 102.75 6.5
      vertex 0.824019 102.994 11.5
      vertex 0.824019 102.994 6.5
    endloop
  endfacet
  facet normal -0.99519 0.097961 0
    outer loop
      vertex 0.824019 102.994 11.5
      vertex 0.800001 102.75 6.5
      vertex 0.800001 102.75 11.5
    endloop
  endfacet
  facet normal 0.773917 -0.633287 0
    outer loop
      vertex 103.634 1.16612 11.5
      vertex 103.789 1.35554 6.5
      vertex 103.789 1.35554 11.5
    endloop
  endfacet
  facet normal 0.773917 -0.633287 0
    outer loop
      vertex 103.789 1.35554 6.5
      vertex 103.634 1.16612 11.5
      vertex 103.634 1.16612 6.5
    endloop
  endfacet
  facet normal 0 -1 0
    outer loop
      vertex 2.05 0.800001 6.5
      vertex 102.75 0.800001 11.5
      vertex 2.05 0.800001 11.5
    endloop
  endfacet
  facet normal 0 -1 -0
    outer loop
      vertex 102.75 0.800001 11.5
      vertex 2.05 0.800001 6.5
      vertex 102.75 0.800001 6.5
    endloop
  endfacet
  facet normal -0.290286 -0.95694 0
    outer loop
      vertex 1.57165 0.895151 6.5
      vertex 1.80614 0.824019 11.5
      vertex 1.57165 0.895151 11.5
    endloop
  endfacet
  facet normal -0.290286 -0.95694 -0
    outer loop
      vertex 1.80614 0.824019 11.5
      vertex 1.57165 0.895151 6.5
      vertex 1.80614 0.824019 6.5
    endloop
  endfacet
  facet normal -0.881829 0.47157 0
    outer loop
      vertex 0.895151 103.228 6.5
      vertex 1.01066 103.444 11.5
      vertex 1.01066 103.444 6.5
    endloop
  endfacet
  facet normal -0.881829 0.47157 0
    outer loop
      vertex 1.01066 103.444 11.5
      vertex 0.895151 103.228 6.5
      vertex 0.895151 103.228 11.5
    endloop
  endfacet
  facet normal 0.632127 0.774865 -0
    outer loop
      vertex 103.634 103.634 6.5
      vertex 103.444 103.789 11.5
      vertex 103.634 103.634 11.5
    endloop
  endfacet
  facet normal 0.632127 0.774865 0
    outer loop
      vertex 103.444 103.789 11.5
      vertex 103.634 103.634 6.5
      vertex 103.444 103.789 6.5
    endloop
  endfacet
  facet normal 0.995197 0.0978883 0
    outer loop
      vertex 104 102.75 11.5
      vertex 103.976 102.994 6.5
      vertex 103.976 102.994 11.5
    endloop
  endfacet
  facet normal 0.995197 0.0978883 0
    outer loop
      vertex 103.976 102.994 6.5
      vertex 104 102.75 11.5
      vertex 104 102.75 6.5
    endloop
  endfacet
  facet normal -0.0980167 -0.995185 0
    outer loop
      vertex 1.80614 0.824019 6.5
      vertex 2.05 0.800001 11.5
      vertex 1.80614 0.824019 11.5
    endloop
  endfacet
  facet normal -0.0980167 -0.995185 -0
    outer loop
      vertex 2.05 0.800001 11.5
      vertex 1.80614 0.824019 6.5
      vertex 2.05 0.800001 6.5
    endloop
  endfacet
  facet normal 0.880994 0.473127 0
    outer loop
      vertex 103.905 103.228 11.5
      vertex 103.789 103.444 6.5
      vertex 103.789 103.444 11.5
    endloop
  endfacet
  facet normal 0.880994 0.473127 0
    outer loop
      vertex 103.789 103.444 6.5
      vertex 103.905 103.228 11.5
      vertex 103.905 103.228 6.5
    endloop
  endfacet
  facet normal 0.995192 -0.0979439 0
    outer loop
      vertex 103.976 1.80614 11.5
      vertex 104 2.05 6.5
      vertex 104 2.05 11.5
    endloop
  endfacet
  facet normal 0.995192 -0.0979439 0
    outer loop
      vertex 104 2.05 6.5
      vertex 103.976 1.80614 11.5
      vertex 103.976 1.80614 6.5
    endloop
  endfacet
  facet normal 0.097961 -0.99519 0
    outer loop
      vertex 102.75 0.800001 6.5
      vertex 102.994 0.824019 11.5
      vertex 102.75 0.800001 11.5
    endloop
  endfacet
  facet normal 0.097961 -0.99519 0
    outer loop
      vertex 102.994 0.824019 11.5
      vertex 102.75 0.800001 6.5
      vertex 102.994 0.824019 6.5
    endloop
  endfacet
  facet normal -0.471383 -0.881928 0
    outer loop
      vertex 1.35554 1.01066 6.5
      vertex 1.57165 0.895151 11.5
      vertex 1.35554 1.01066 11.5
    endloop
  endfacet
  facet normal -0.471383 -0.881928 -0
    outer loop
      vertex 1.57165 0.895151 11.5
      vertex 1.35554 1.01066 6.5
      vertex 1.57165 0.895151 6.5
    endloop
  endfacet
  facet normal 0.633251 -0.773946 0
    outer loop
      vertex 103.444 1.01066 6.5
      vertex 103.634 1.16612 11.5
      vertex 103.444 1.01066 11.5
    endloop
  endfacet
  facet normal 0.633251 -0.773946 0
    outer loop
      vertex 103.634 1.16612 11.5
      vertex 103.444 1.01066 6.5
      vertex 103.634 1.16612 6.5
    endloop
  endfacet
  facet normal 0.473127 0.880994 -0
    outer loop
      vertex 103.444 103.789 6.5
      vertex 103.228 103.905 11.5
      vertex 103.444 103.789 11.5
    endloop
  endfacet
  facet normal 0.473127 0.880994 0
    outer loop
      vertex 103.228 103.905 11.5
      vertex 103.444 103.789 6.5
      vertex 103.228 103.905 6.5
    endloop
  endfacet
  facet normal -0 0 1
    outer loop
      vertex 103.4 102.8 11.5
      vertex 104 102.75 11.5
      vertex 103.976 102.994 11.5
    endloop
  endfacet
  facet normal 0 0 1
    outer loop
      vertex 104 102.75 11.5
      vertex 103.4 102.8 11.5
      vertex 104 2.05 11.5
    endloop
  endfacet
  facet normal 0 0 1
    outer loop
      vertex 103.388 102.917 11.5
      vertex 103.976 102.994 11.5
      vertex 103.905 103.228 11.5
    endloop
  endfacet
  facet normal 0 0 1
    outer loop
      vertex 103.4 2 11.5
      vertex 104 2.05 11.5
      vertex 103.4 102.8 11.5
    endloop
  endfacet
  facet normal 0 0 1
    outer loop
      vertex 103.354 103.03 11.5
      vertex 103.905 103.228 11.5
      vertex 103.789 103.444 11.5
    endloop
  endfacet
  facet normal 0 0 1
    outer loop
      vertex 104 2.05 11.5
      vertex 103.4 2 11.5
      vertex 103.976 1.80614 11.5
    endloop
  endfacet
  facet normal 0 0 1
    outer loop
      vertex 103.299 103.133 11.5
      vertex 103.789 103.444 11.5
      vertex 103.634 103.634 11.5
    endloop
  endfacet
  facet normal -0 0 1
    outer loop
      vertex 103.388 1.88295 11.5
      vertex 103.976 1.80614 11.5
      vertex 103.4 2 11.5
    endloop
  endfacet
  facet normal 0 0 1
    outer loop
      vertex 103.133 103.299 11.5
      vertex 103.634 103.634 11.5
      vertex 103.444 103.789 11.5
    endloop
  endfacet
  facet normal 0 0 1
    outer loop
      vertex 103.976 1.80614 11.5
      vertex 103.388 1.88295 11.5
      vertex 103.905 1.57165 11.5
    endloop
  endfacet
  facet normal -0 0 1
    outer loop
      vertex 103.354 1.77039 11.5
      vertex 103.905 1.57165 11.5
      vertex 103.388 1.88295 11.5
    endloop
  endfacet
  facet normal 0 0 1
    outer loop
      vertex 103.976 102.994 11.5
      vertex 103.388 102.917 11.5
      vertex 103.4 102.8 11.5
    endloop
  endfacet
  facet normal 0 0 1
    outer loop
      vertex 103.905 103.228 11.5
      vertex 103.354 103.03 11.5
      vertex 103.388 102.917 11.5
    endloop
  endfacet
  facet normal 0 0 1
    outer loop
      vertex 103.789 103.444 11.5
      vertex 103.299 103.133 11.5
      vertex 103.354 103.03 11.5
    endloop
  endfacet
  facet normal 0 0 1
    outer loop
      vertex 103.03 103.354 11.5
      vertex 103.444 103.789 11.5
      vertex 103.228 103.905 11.5
    endloop
  endfacet
  facet normal 0 0 1
    outer loop
      vertex 103.634 103.634 11.5
      vertex 103.224 103.224 11.5
      vertex 103.299 103.133 11.5
    endloop
  endfacet
  facet normal 0 0 1
    outer loop
      vertex 103.634 103.634 11.5
      vertex 103.133 103.299 11.5
      vertex 103.224 103.224 11.5
    endloop
  endfacet
  facet normal 0 0 1
    outer loop
      vertex 103.444 103.789 11.5
      vertex 103.03 103.354 11.5
      vertex 103.133 103.299 11.5
    endloop
  endfacet
  facet normal 0 0 1
    outer loop
      vertex 102.917 103.388 11.5
      vertex 103.228 103.905 11.5
      vertex 102.994 103.976 11.5
    endloop
  endfacet
  facet normal 0 0 1
    outer loop
      vertex 103.228 103.905 11.5
      vertex 102.917 103.388 11.5
      vertex 103.03 103.354 11.5
    endloop
  endfacet
  facet normal 0 0 1
    outer loop
      vertex 102.994 103.976 11.5
      vertex 102.8 103.4 11.5
      vertex 102.917 103.388 11.5
    endloop
  endfacet
  facet normal 0 0 1
    outer loop
      vertex 102.75 104 11.5
      vertex 102.8 103.4 11.5
      vertex 102.994 103.976 11.5
    endloop
  endfacet
  facet normal -0 0 1
    outer loop
      vertex 2.05 104 11.5
      vertex 102.8 103.4 11.5
      vertex 102.75 104 11.5
    endloop
  endfacet
  facet normal 0 0 1
    outer loop
      vertex 2.05 104 11.5
      vertex 2 103.4 11.5
      vertex 102.8 103.4 11.5
    endloop
  endfacet
  facet normal -0 0 1
    outer loop
      vertex 1.80614 103.976 11.5
      vertex 2 103.4 11.5
      vertex 2.05 104 11.5
    endloop
  endfacet
  facet normal 0 0 1
    outer loop
      vertex 2 103.4 11.5
      vertex 1.80614 103.976 11.5
      vertex 1.88295 103.388 11.5
    endloop
  endfacet
  facet normal -0 0 1
    outer loop
      vertex 1.57165 103.905 11.5
      vertex 1.88295 103.388 11.5
      vertex 1.80614 103.976 11.5
    endloop
  endfacet
  facet normal 0 0 1
    outer loop
      vertex 1.88295 103.388 11.5
      vertex 1.57165 103.905 11.5
      vertex 1.77039 103.354 11.5
    endloop
  endfacet
  facet normal -0 0 1
    outer loop
      vertex 1.35554 103.789 11.5
      vertex 1.77039 103.354 11.5
      vertex 1.57165 103.905 11.5
    endloop
  endfacet
  facet normal 0 0 1
    outer loop
      vertex 1.77039 103.354 11.5
      vertex 1.35554 103.789 11.5
      vertex 1.66666 103.299 11.5
    endloop
  endfacet
  facet normal -0 0 1
    outer loop
      vertex 1.16612 103.634 11.5
      vertex 1.66666 103.299 11.5
      vertex 1.35554 103.789 11.5
    endloop
  endfacet
  facet normal 0 0 1
    outer loop
      vertex 1.66666 103.299 11.5
      vertex 1.16612 103.634 11.5
      vertex 1.57574 103.224 11.5
    endloop
  endfacet
  facet normal 0 0 1
    outer loop
      vertex 1.57574 103.224 11.5
      vertex 1.16612 103.634 11.5
      vertex 1.50112 103.133 11.5
    endloop
  endfacet
  facet normal -0 0 1
    outer loop
      vertex 0.895151 103.228 11.5
      vertex 1.44567 103.03 11.5
      vertex 1.01066 103.444 11.5
    endloop
  endfacet
  facet normal 0 0 1
    outer loop
      vertex 1.50112 103.133 11.5
      vertex 1.01066 103.444 11.5
      vertex 1.44567 103.03 11.5
    endloop
  endfacet
  facet normal -0 0 1
    outer loop
      vertex 1.01066 103.444 11.5
      vertex 1.50112 103.133 11.5
      vertex 1.16612 103.634 11.5
    endloop
  endfacet
  facet normal 0 0 1
    outer loop
      vertex 103.905 1.57165 11.5
      vertex 103.354 1.77039 11.5
      vertex 103.789 1.35554 11.5
    endloop
  endfacet
  facet normal -0 0 1
    outer loop
      vertex 103.299 1.66666 11.5
      vertex 103.789 1.35554 11.5
      vertex 103.354 1.77039 11.5
    endloop
  endfacet
  facet normal 0 0 1
    outer loop
      vertex 103.789 1.35554 11.5
      vertex 103.299 1.66666 11.5
      vertex 103.634 1.16612 11.5
    endloop
  endfacet
  facet normal -0 0 1
    outer loop
      vertex 103.224 1.57574 11.5
      vertex 103.634 1.16612 11.5
      vertex 103.299 1.66666 11.5
    endloop
  endfacet
  facet normal -0 0 1
    outer loop
      vertex 103.133 1.50112 11.5
      vertex 103.634 1.16612 11.5
      vertex 103.224 1.57574 11.5
    endloop
  endfacet
  facet normal 0 0 1
    outer loop
      vertex 103.634 1.16612 11.5
      vertex 103.133 1.50112 11.5
      vertex 103.444 1.01066 11.5
    endloop
  endfacet
  facet normal -0 0 1
    outer loop
      vertex 103.03 1.44567 11.5
      vertex 103.444 1.01066 11.5
      vertex 103.133 1.50112 11.5
    endloop
  endfacet
  facet normal 0 0 1
    outer loop
      vertex 103.444 1.01066 11.5
      vertex 103.03 1.44567 11.5
      vertex 103.228 0.895151 11.5
    endloop
  endfacet
  facet normal -0 0 1
    outer loop
      vertex 102.917 1.41153 11.5
      vertex 103.228 0.895151 11.5
      vertex 103.03 1.44567 11.5
    endloop
  endfacet
  facet normal 0 0 1
    outer loop
      vertex 103.228 0.895151 11.5
      vertex 102.917 1.41153 11.5
      vertex 102.994 0.824019 11.5
    endloop
  endfacet
  facet normal -0 0 1
    outer loop
      vertex 102.8 1.4 11.5
      vertex 102.994 0.824019 11.5
      vertex 102.917 1.41153 11.5
    endloop
  endfacet
  facet normal 0 0 1
    outer loop
      vertex 102.8 1.4 11.5
      vertex 102.75 0.800001 11.5
      vertex 102.994 0.824019 11.5
    endloop
  endfacet
  facet normal 0 0 1
    outer loop
      vertex 102.8 1.4 11.5
      vertex 2.05 0.800001 11.5
      vertex 102.75 0.800001 11.5
    endloop
  endfacet
  facet normal -0 0 1
    outer loop
      vertex 2 1.4 11.5
      vertex 2.05 0.800001 11.5
      vertex 102.8 1.4 11.5
    endloop
  endfacet
  facet normal 0 0 1
    outer loop
      vertex 1.80614 0.824019 11.5
      vertex 2 1.4 11.5
      vertex 1.88295 1.41153 11.5
    endloop
  endfacet
  facet normal 0 0 1
    outer loop
      vertex 2 1.4 11.5
      vertex 1.80614 0.824019 11.5
      vertex 2.05 0.800001 11.5
    endloop
  endfacet
  facet normal 0 0 1
    outer loop
      vertex 1.57165 0.895151 11.5
      vertex 1.88295 1.41153 11.5
      vertex 1.77039 1.44567 11.5
    endloop
  endfacet
  facet normal 0 0 1
    outer loop
      vertex 1.35554 1.01066 11.5
      vertex 1.77039 1.44567 11.5
      vertex 1.66666 1.50112 11.5
    endloop
  endfacet
  facet normal 0 0 1
    outer loop
      vertex 1.16612 1.16612 11.5
      vertex 1.66666 1.50112 11.5
      vertex 1.57574 1.57574 11.5
    endloop
  endfacet
  facet normal 0 0 1
    outer loop
      vertex 1.88295 1.41153 11.5
      vertex 1.57165 0.895151 11.5
      vertex 1.80614 0.824019 11.5
    endloop
  endfacet
  facet normal 0 0 1
    outer loop
      vertex 1.16612 1.16612 11.5
      vertex 1.57574 1.57574 11.5
      vertex 1.50112 1.66666 11.5
    endloop
  endfacet
  facet normal 0 0 1
    outer loop
      vertex 1.01066 1.35554 11.5
      vertex 1.50112 1.66666 11.5
      vertex 1.44567 1.77039 11.5
    endloop
  endfacet
  facet normal 0 0 1
    outer loop
      vertex 0.895151 1.57165 11.5
      vertex 1.44567 1.77039 11.5
      vertex 1.41153 1.88295 11.5
    endloop
  endfacet
  facet normal 0 0 1
    outer loop
      vertex 1.77039 1.44567 11.5
      vertex 1.35554 1.01066 11.5
      vertex 1.57165 0.895151 11.5
    endloop
  endfacet
  facet normal 0 0 1
    outer loop
      vertex 0.824019 1.80614 11.5
      vertex 1.41153 1.88295 11.5
      vertex 1.4 2 11.5
    endloop
  endfacet
  facet normal 0 0 1
    outer loop
      vertex 1.4 102.8 11.5
      vertex 0.800001 102.75 11.5
      vertex 1.4 2 11.5
    endloop
  endfacet
  facet normal 0 0 1
    outer loop
      vertex 1.44567 103.03 11.5
      vertex 0.895151 103.228 11.5
      vertex 1.41153 102.917 11.5
    endloop
  endfacet
  facet normal -0 0 1
    outer loop
      vertex 0.800001 2.05 11.5
      vertex 1.4 2 11.5
      vertex 0.800001 102.75 11.5
    endloop
  endfacet
  facet normal -0 0 1
    outer loop
      vertex 0.824019 102.994 11.5
      vertex 1.41153 102.917 11.5
      vertex 0.895151 103.228 11.5
    endloop
  endfacet
  facet normal 0 -0 1
    outer loop
      vertex 0.824019 1.80614 11.5
      vertex 1.4 2 11.5
      vertex 0.800001 2.05 11.5
    endloop
  endfacet
  facet normal 0 0 1
    outer loop
      vertex 1.41153 102.917 11.5
      vertex 0.824019 102.994 11.5
      vertex 1.4 102.8 11.5
    endloop
  endfacet
  facet normal 0 0 1
    outer loop
      vertex 1.66666 1.50112 11.5
      vertex 1.16612 1.16612 11.5
      vertex 1.35554 1.01066 11.5
    endloop
  endfacet
  facet normal 0 0 1
    outer loop
      vertex 1.4 102.8 11.5
      vertex 0.824019 102.994 11.5
      vertex 0.800001 102.75 11.5
    endloop
  endfacet
  facet normal 0 0 1
    outer loop
      vertex 1.50112 1.66666 11.5
      vertex 1.01066 1.35554 11.5
      vertex 1.16612 1.16612 11.5
    endloop
  endfacet
  facet normal 0 0 1
    outer loop
      vertex 1.44567 1.77039 11.5
      vertex 0.895151 1.57165 11.5
      vertex 1.01066 1.35554 11.5
    endloop
  endfacet
  facet normal 0 0 1
    outer loop
      vertex 1.41153 1.88295 11.5
      vertex 0.824019 1.80614 11.5
      vertex 0.895151 1.57165 11.5
    endloop
  endfacet
  facet normal 0.471329 0.881957 -0
    outer loop
      vertex -37.7777 23.3259 0
      vertex -38.4693 23.6955 1
      vertex -37.7777 23.3259 1
    endloop
  endfacet
  facet normal 0.471329 0.881957 0
    outer loop
      vertex -38.4693 23.6955 1
      vertex -37.7777 23.3259 0
      vertex -38.4693 23.6955 0
    endloop
  endfacet
  facet normal 0.290248 0.956951 -0
    outer loop
      vertex -38.4693 23.6955 0
      vertex -39.2197 23.9231 1
      vertex -38.4693 23.6955 1
    endloop
  endfacet
  facet normal 0.290248 0.956951 0
    outer loop
      vertex -39.2197 23.9231 1
      vertex -38.4693 23.6955 0
      vertex -39.2197 23.9231 0
    endloop
  endfacet
  facet normal 0.995179 -0.0980767 0
    outer loop
      vertex -36.0769 19.2197 1
      vertex -36 20 0
      vertex -36 20 1
    endloop
  endfacet
  facet normal 0.995179 -0.0980767 0
    outer loop
      vertex -36 20 0
      vertex -36.0769 19.2197 1
      vertex -36.0769 19.2197 0
    endloop
  endfacet
  facet normal -0.881957 -0.471329 0
    outer loop
      vertex -43.3259 17.7777 0
      vertex -43.6955 18.4693 1
      vertex -43.6955 18.4693 0
    endloop
  endfacet
  facet normal -0.881957 -0.471329 0
    outer loop
      vertex -43.6955 18.4693 1
      vertex -43.3259 17.7777 0
      vertex -43.3259 17.7777 1
    endloop
  endfacet
  facet normal 0.0980767 0.995179 -0
    outer loop
      vertex -39.2197 23.9231 0
      vertex -40 24 1
      vertex -39.2197 23.9231 1
    endloop
  endfacet
  facet normal 0.0980767 0.995179 0
    outer loop
      vertex -40 24 1
      vertex -39.2197 23.9231 0
      vertex -40 24 0
    endloop
  endfacet
  facet normal 0.634459 -0.772956 0
    outer loop
      vertex -37.7777 16.6741 0
      vertex -37.1716 17.1716 1
      vertex -37.7777 16.6741 1
    endloop
  endfacet
  facet normal 0.634459 -0.772956 0
    outer loop
      vertex -37.1716 17.1716 1
      vertex -37.7777 16.6741 0
      vertex -37.1716 17.1716 0
    endloop
  endfacet
  facet normal -0.772956 0.634459 0
    outer loop
      vertex -43.3259 22.2223 0
      vertex -42.8284 22.8284 1
      vertex -42.8284 22.8284 0
    endloop
  endfacet
  facet normal -0.772956 0.634459 0
    outer loop
      vertex -42.8284 22.8284 1
      vertex -43.3259 22.2223 0
      vertex -43.3259 22.2223 1
    endloop
  endfacet
  facet normal -0.0980767 -0.995179 0
    outer loop
      vertex -40.7803 16.0769 0
      vertex -40 16 1
      vertex -40.7803 16.0769 1
    endloop
  endfacet
  facet normal -0.0980767 -0.995179 -0
    outer loop
      vertex -40 16 1
      vertex -40.7803 16.0769 0
      vertex -40 16 0
    endloop
  endfacet
  facet normal 0.881957 -0.471329 0
    outer loop
      vertex -36.6741 17.7777 1
      vertex -36.3045 18.4693 0
      vertex -36.3045 18.4693 1
    endloop
  endfacet
  facet normal 0.881957 -0.471329 0
    outer loop
      vertex -36.3045 18.4693 0
      vertex -36.6741 17.7777 1
      vertex -36.6741 17.7777 0
    endloop
  endfacet
  facet normal 0.634459 0.772956 -0
    outer loop
      vertex -37.1716 22.8284 0
      vertex -37.7777 23.3259 1
      vertex -37.1716 22.8284 1
    endloop
  endfacet
  facet normal 0.634459 0.772956 0
    outer loop
      vertex -37.7777 23.3259 1
      vertex -37.1716 22.8284 0
      vertex -37.7777 23.3259 0
    endloop
  endfacet
  facet normal -0.0980767 0.995179 0
    outer loop
      vertex -40 24 0
      vertex -40.7803 23.9231 1
      vertex -40 24 1
    endloop
  endfacet
  facet normal -0.0980767 0.995179 0
    outer loop
      vertex -40.7803 23.9231 1
      vertex -40 24 0
      vertex -40.7803 23.9231 0
    endloop
  endfacet
  facet normal -0.634459 -0.772956 0
    outer loop
      vertex -42.8284 17.1716 0
      vertex -42.2223 16.6741 1
      vertex -42.8284 17.1716 1
    endloop
  endfacet
  facet normal -0.634459 -0.772956 -0
    outer loop
      vertex -42.2223 16.6741 1
      vertex -42.8284 17.1716 0
      vertex -42.2223 16.6741 0
    endloop
  endfacet
  facet normal -0.772956 -0.634459 0
    outer loop
      vertex -42.8284 17.1716 0
      vertex -43.3259 17.7777 1
      vertex -43.3259 17.7777 0
    endloop
  endfacet
  facet normal -0.772956 -0.634459 0
    outer loop
      vertex -43.3259 17.7777 1
      vertex -42.8284 17.1716 0
      vertex -42.8284 17.1716 1
    endloop
  endfacet
  facet normal 0.0980767 -0.995179 0
    outer loop
      vertex -40 16 0
      vertex -39.2197 16.0769 1
      vertex -40 16 1
    endloop
  endfacet
  facet normal 0.0980767 -0.995179 0
    outer loop
      vertex -39.2197 16.0769 1
      vertex -40 16 0
      vertex -39.2197 16.0769 0
    endloop
  endfacet
  facet normal 0.995179 0.0980767 0
    outer loop
      vertex -36 20 1
      vertex -36.0769 20.7803 0
      vertex -36.0769 20.7803 1
    endloop
  endfacet
  facet normal 0.995179 0.0980767 0
    outer loop
      vertex -36.0769 20.7803 0
      vertex -36 20 1
      vertex -36 20 0
    endloop
  endfacet
  facet normal -0.290248 0.956951 0
    outer loop
      vertex -40.7803 23.9231 0
      vertex -41.5307 23.6955 1
      vertex -40.7803 23.9231 1
    endloop
  endfacet
  facet normal -0.290248 0.956951 0
    outer loop
      vertex -41.5307 23.6955 1
      vertex -40.7803 23.9231 0
      vertex -41.5307 23.6955 0
    endloop
  endfacet
  facet normal 0.471329 -0.881957 0
    outer loop
      vertex -38.4693 16.3045 0
      vertex -37.7777 16.6741 1
      vertex -38.4693 16.3045 1
    endloop
  endfacet
  facet normal 0.471329 -0.881957 0
    outer loop
      vertex -37.7777 16.6741 1
      vertex -38.4693 16.3045 0
      vertex -37.7777 16.6741 0
    endloop
  endfacet
  facet normal 0.772956 -0.634459 0
    outer loop
      vertex -37.1716 17.1716 1
      vertex -36.6741 17.7777 0
      vertex -36.6741 17.7777 1
    endloop
  endfacet
  facet normal 0.772956 -0.634459 0
    outer loop
      vertex -36.6741 17.7777 0
      vertex -37.1716 17.1716 1
      vertex -37.1716 17.1716 0
    endloop
  endfacet
  facet normal -0.995179 -0.0980767 0
    outer loop
      vertex -43.9231 19.2197 0
      vertex -44 20 1
      vertex -44 20 0
    endloop
  endfacet
  facet normal -0.995179 -0.0980767 0
    outer loop
      vertex -44 20 1
      vertex -43.9231 19.2197 0
      vertex -43.9231 19.2197 1
    endloop
  endfacet
  facet normal -0.634459 0.772956 0
    outer loop
      vertex -42.2223 23.3259 0
      vertex -42.8284 22.8284 1
      vertex -42.2223 23.3259 1
    endloop
  endfacet
  facet normal -0.634459 0.772956 0
    outer loop
      vertex -42.8284 22.8284 1
      vertex -42.2223 23.3259 0
      vertex -42.8284 22.8284 0
    endloop
  endfacet
  facet normal -0.471329 -0.881957 0
    outer loop
      vertex -42.2223 16.6741 0
      vertex -41.5307 16.3045 1
      vertex -42.2223 16.6741 1
    endloop
  endfacet
  facet normal -0.471329 -0.881957 -0
    outer loop
      vertex -41.5307 16.3045 1
      vertex -42.2223 16.6741 0
      vertex -41.5307 16.3045 0
    endloop
  endfacet
  facet normal -0.881957 0.471329 0
    outer loop
      vertex -43.6955 21.5307 0
      vertex -43.3259 22.2223 1
      vertex -43.3259 22.2223 0
    endloop
  endfacet
  facet normal -0.881957 0.471329 0
    outer loop
      vertex -43.3259 22.2223 1
      vertex -43.6955 21.5307 0
      vertex -43.6955 21.5307 1
    endloop
  endfacet
  facet normal 0.290248 -0.956951 0
    outer loop
      vertex -39.2197 16.0769 0
      vertex -38.4693 16.3045 1
      vertex -39.2197 16.0769 1
    endloop
  endfacet
  facet normal 0.290248 -0.956951 0
    outer loop
      vertex -38.4693 16.3045 1
      vertex -39.2197 16.0769 0
      vertex -38.4693 16.3045 0
    endloop
  endfacet
  facet normal -0.471329 0.881957 0
    outer loop
      vertex -41.5307 23.6955 0
      vertex -42.2223 23.3259 1
      vertex -41.5307 23.6955 1
    endloop
  endfacet
  facet normal -0.471329 0.881957 0
    outer loop
      vertex -42.2223 23.3259 1
      vertex -41.5307 23.6955 0
      vertex -42.2223 23.3259 0
    endloop
  endfacet
  facet normal 0.881957 0.471329 0
    outer loop
      vertex -36.3045 21.5307 1
      vertex -36.6741 22.2223 0
      vertex -36.6741 22.2223 1
    endloop
  endfacet
  facet normal 0.881957 0.471329 0
    outer loop
      vertex -36.6741 22.2223 0
      vertex -36.3045 21.5307 1
      vertex -36.3045 21.5307 0
    endloop
  endfacet
  facet normal 0.956951 0.290248 0
    outer loop
      vertex -36.0769 20.7803 1
      vertex -36.3045 21.5307 0
      vertex -36.3045 21.5307 1
    endloop
  endfacet
  facet normal 0.956951 0.290248 0
    outer loop
      vertex -36.3045 21.5307 0
      vertex -36.0769 20.7803 1
      vertex -36.0769 20.7803 0
    endloop
  endfacet
  facet normal -0.956951 0.290248 0
    outer loop
      vertex -43.9231 20.7803 0
      vertex -43.6955 21.5307 1
      vertex -43.6955 21.5307 0
    endloop
  endfacet
  facet normal -0.956951 0.290248 0
    outer loop
      vertex -43.6955 21.5307 1
      vertex -43.9231 20.7803 0
      vertex -43.9231 20.7803 1
    endloop
  endfacet
  facet normal -0.956951 -0.290248 0
    outer loop
      vertex -43.6955 18.4693 0
      vertex -43.9231 19.2197 1
      vertex -43.9231 19.2197 0
    endloop
  endfacet
  facet normal -0.956951 -0.290248 0
    outer loop
      vertex -43.9231 19.2197 1
      vertex -43.6955 18.4693 0
      vertex -43.6955 18.4693 1
    endloop
  endfacet
  facet normal 0 0 1
    outer loop
      vertex -38.625 20 1
      vertex -36 20 1
      vertex -36.0769 20.7803 1
    endloop
  endfacet
  facet normal 0 0 1
    outer loop
      vertex -38.6514 20.2682 1
      vertex -36.0769 20.7803 1
      vertex -36.3045 21.5307 1
    endloop
  endfacet
  facet normal 0 0 1
    outer loop
      vertex -36 20 1
      vertex -38.625 20 1
      vertex -36.0769 19.2197 1
    endloop
  endfacet
  facet normal 0 0 1
    outer loop
      vertex -38.7297 20.5262 1
      vertex -36.3045 21.5307 1
      vertex -36.6741 22.2223 1
    endloop
  endfacet
  facet normal -0 0 1
    outer loop
      vertex -38.6514 19.7318 1
      vertex -36.0769 19.2197 1
      vertex -38.625 20 1
    endloop
  endfacet
  facet normal 0 0 1
    outer loop
      vertex -38.8567 20.7639 1
      vertex -36.6741 22.2223 1
      vertex -37.1716 22.8284 1
    endloop
  endfacet
  facet normal 0 0 1
    outer loop
      vertex -36.0769 19.2197 1
      vertex -38.6514 19.7318 1
      vertex -36.3045 18.4693 1
    endloop
  endfacet
  facet normal 0 0 1
    outer loop
      vertex -39.0277 20.9723 1
      vertex -37.1716 22.8284 1
      vertex -37.7777 23.3259 1
    endloop
  endfacet
  facet normal -0 0 1
    outer loop
      vertex -38.7297 19.4738 1
      vertex -36.3045 18.4693 1
      vertex -38.6514 19.7318 1
    endloop
  endfacet
  facet normal 0 0 1
    outer loop
      vertex -39.2361 21.1433 1
      vertex -37.7777 23.3259 1
      vertex -38.4693 23.6955 1
    endloop
  endfacet
  facet normal 0 0 1
    outer loop
      vertex -36.3045 18.4693 1
      vertex -38.7297 19.4738 1
      vertex -36.6741 17.7777 1
    endloop
  endfacet
  facet normal -0 0 1
    outer loop
      vertex -38.8567 19.2361 1
      vertex -36.6741 17.7777 1
      vertex -38.7297 19.4738 1
    endloop
  endfacet
  facet normal 0 0 1
    outer loop
      vertex -36.0769 20.7803 1
      vertex -38.6514 20.2682 1
      vertex -38.625 20 1
    endloop
  endfacet
  facet normal 0 0 1
    outer loop
      vertex -36.3045 21.5307 1
      vertex -38.7297 20.5262 1
      vertex -38.6514 20.2682 1
    endloop
  endfacet
  facet normal 0 0 1
    outer loop
      vertex -36.6741 22.2223 1
      vertex -38.8567 20.7639 1
      vertex -38.7297 20.5262 1
    endloop
  endfacet
  facet normal 0 0 1
    outer loop
      vertex -37.1716 22.8284 1
      vertex -39.0277 20.9723 1
      vertex -38.8567 20.7639 1
    endloop
  endfacet
  facet normal 0 0 1
    outer loop
      vertex -39.4738 21.2703 1
      vertex -38.4693 23.6955 1
      vertex -39.2197 23.9231 1
    endloop
  endfacet
  facet normal 0 0 1
    outer loop
      vertex -37.7777 23.3259 1
      vertex -39.2361 21.1433 1
      vertex -39.0277 20.9723 1
    endloop
  endfacet
  facet normal 0 0 1
    outer loop
      vertex -38.4693 23.6955 1
      vertex -39.4738 21.2703 1
      vertex -39.2361 21.1433 1
    endloop
  endfacet
  facet normal 0 0 1
    outer loop
      vertex -39.2197 23.9231 1
      vertex -39.7318 21.3486 1
      vertex -39.4738 21.2703 1
    endloop
  endfacet
  facet normal 0 0 1
    outer loop
      vertex -40 24 1
      vertex -39.7318 21.3486 1
      vertex -39.2197 23.9231 1
    endloop
  endfacet
  facet normal 0 0 1
    outer loop
      vertex -40 24 1
      vertex -40 21.375 1
      vertex -39.7318 21.3486 1
    endloop
  endfacet
  facet normal 0 0 1
    outer loop
      vertex -40 24 1
      vertex -40.2682 21.3486 1
      vertex -40 21.375 1
    endloop
  endfacet
  facet normal -0 0 1
    outer loop
      vertex -40.7803 23.9231 1
      vertex -40.2682 21.3486 1
      vertex -40 24 1
    endloop
  endfacet
  facet normal 0 0 1
    outer loop
      vertex -40.2682 21.3486 1
      vertex -40.7803 23.9231 1
      vertex -40.5262 21.2703 1
    endloop
  endfacet
  facet normal -0 0 1
    outer loop
      vertex -41.5307 23.6955 1
      vertex -40.5262 21.2703 1
      vertex -40.7803 23.9231 1
    endloop
  endfacet
  facet normal 0 0 1
    outer loop
      vertex -40.5262 21.2703 1
      vertex -41.5307 23.6955 1
      vertex -40.7639 21.1433 1
    endloop
  endfacet
  facet normal -0 0 1
    outer loop
      vertex -42.2223 23.3259 1
      vertex -40.7639 21.1433 1
      vertex -41.5307 23.6955 1
    endloop
  endfacet
  facet normal 0 0 1
    outer loop
      vertex -40.7639 21.1433 1
      vertex -42.2223 23.3259 1
      vertex -40.9723 20.9723 1
    endloop
  endfacet
  facet normal -0 0 1
    outer loop
      vertex -42.8284 22.8284 1
      vertex -40.9723 20.9723 1
      vertex -42.2223 23.3259 1
    endloop
  endfacet
  facet normal -0 0 1
    outer loop
      vertex -43.3259 22.2223 1
      vertex -41.1433 20.7639 1
      vertex -42.8284 22.8284 1
    endloop
  endfacet
  facet normal 0 0 1
    outer loop
      vertex -40.9723 20.9723 1
      vertex -42.8284 22.8284 1
      vertex -41.1433 20.7639 1
    endloop
  endfacet
  facet normal 0 0 1
    outer loop
      vertex -36.6741 17.7777 1
      vertex -38.8567 19.2361 1
      vertex -37.1716 17.1716 1
    endloop
  endfacet
  facet normal -0 0 1
    outer loop
      vertex -39.0277 19.0277 1
      vertex -37.1716 17.1716 1
      vertex -38.8567 19.2361 1
    endloop
  endfacet
  facet normal 0 0 1
    outer loop
      vertex -37.1716 17.1716 1
      vertex -39.0277 19.0277 1
      vertex -37.7777 16.6741 1
    endloop
  endfacet
  facet normal -0 0 1
    outer loop
      vertex -39.2361 18.8567 1
      vertex -37.7777 16.6741 1
      vertex -39.0277 19.0277 1
    endloop
  endfacet
  facet normal 0 0 1
    outer loop
      vertex -37.7777 16.6741 1
      vertex -39.2361 18.8567 1
      vertex -38.4693 16.3045 1
    endloop
  endfacet
  facet normal -0 0 1
    outer loop
      vertex -39.4738 18.7297 1
      vertex -38.4693 16.3045 1
      vertex -39.2361 18.8567 1
    endloop
  endfacet
  facet normal 0 0 1
    outer loop
      vertex -38.4693 16.3045 1
      vertex -39.4738 18.7297 1
      vertex -39.2197 16.0769 1
    endloop
  endfacet
  facet normal -0 0 1
    outer loop
      vertex -39.7318 18.6514 1
      vertex -39.2197 16.0769 1
      vertex -39.4738 18.7297 1
    endloop
  endfacet
  facet normal -0 0 1
    outer loop
      vertex -40 18.625 1
      vertex -39.2197 16.0769 1
      vertex -39.7318 18.6514 1
    endloop
  endfacet
  facet normal 0 0 1
    outer loop
      vertex -40 18.625 1
      vertex -40 16 1
      vertex -39.2197 16.0769 1
    endloop
  endfacet
  facet normal 0 0 1
    outer loop
      vertex -40.2682 18.6514 1
      vertex -40 16 1
      vertex -40 18.625 1
    endloop
  endfacet
  facet normal 0 0 1
    outer loop
      vertex -40.7803 16.0769 1
      vertex -40.2682 18.6514 1
      vertex -40.5262 18.7297 1
    endloop
  endfacet
  facet normal 0 0 1
    outer loop
      vertex -41.5307 16.3045 1
      vertex -40.5262 18.7297 1
      vertex -40.7639 18.8567 1
    endloop
  endfacet
  facet normal 0 0 1
    outer loop
      vertex -40.2682 18.6514 1
      vertex -40.7803 16.0769 1
      vertex -40 16 1
    endloop
  endfacet
  facet normal 0 0 1
    outer loop
      vertex -42.2223 16.6741 1
      vertex -40.7639 18.8567 1
      vertex -40.9723 19.0277 1
    endloop
  endfacet
  facet normal 0 0 1
    outer loop
      vertex -42.8284 17.1716 1
      vertex -40.9723 19.0277 1
      vertex -41.1433 19.2361 1
    endloop
  endfacet
  facet normal 0 0 1
    outer loop
      vertex -43.3259 17.7777 1
      vertex -41.1433 19.2361 1
      vertex -41.2703 19.4738 1
    endloop
  endfacet
  facet normal 0 0 1
    outer loop
      vertex -43.6955 18.4693 1
      vertex -41.2703 19.4738 1
      vertex -41.3486 19.7318 1
    endloop
  endfacet
  facet normal 0 0 1
    outer loop
      vertex -40.5262 18.7297 1
      vertex -41.5307 16.3045 1
      vertex -40.7803 16.0769 1
    endloop
  endfacet
  facet normal 0 0 1
    outer loop
      vertex -43.9231 19.2197 1
      vertex -41.3486 19.7318 1
      vertex -41.375 20 1
    endloop
  endfacet
  facet normal 0 0 1
    outer loop
      vertex -41.1433 20.7639 1
      vertex -43.3259 22.2223 1
      vertex -41.2703 20.5262 1
    endloop
  endfacet
  facet normal -0 0 1
    outer loop
      vertex -43.6955 21.5307 1
      vertex -41.2703 20.5262 1
      vertex -43.3259 22.2223 1
    endloop
  endfacet
  facet normal 0 0 1
    outer loop
      vertex -40.7639 18.8567 1
      vertex -42.2223 16.6741 1
      vertex -41.5307 16.3045 1
    endloop
  endfacet
  facet normal 0 0 1
    outer loop
      vertex -41.2703 20.5262 1
      vertex -43.6955 21.5307 1
      vertex -41.3486 20.2682 1
    endloop
  endfacet
  facet normal 0 0 1
    outer loop
      vertex -40.9723 19.0277 1
      vertex -42.8284 17.1716 1
      vertex -42.2223 16.6741 1
    endloop
  endfacet
  facet normal -0 0 1
    outer loop
      vertex -43.9231 20.7803 1
      vertex -41.3486 20.2682 1
      vertex -43.6955 21.5307 1
    endloop
  endfacet
  facet normal 0 0 1
    outer loop
      vertex -41.1433 19.2361 1
      vertex -43.3259 17.7777 1
      vertex -42.8284 17.1716 1
    endloop
  endfacet
  facet normal 0 0 1
    outer loop
      vertex -41.3486 20.2682 1
      vertex -43.9231 20.7803 1
      vertex -41.375 20 1
    endloop
  endfacet
  facet normal 0 0 1
    outer loop
      vertex -41.2703 19.4738 1
      vertex -43.6955 18.4693 1
      vertex -43.3259 17.7777 1
    endloop
  endfacet
  facet normal 0 0 1
    outer loop
      vertex -44 20 1
      vertex -41.375 20 1
      vertex -43.9231 20.7803 1
    endloop
  endfacet
  facet normal 0 0 1
    outer loop
      vertex -41.3486 19.7318 1
      vertex -43.9231 19.2197 1
      vertex -43.6955 18.4693 1
    endloop
  endfacet
  facet normal 0 0 1
    outer loop
      vertex -41.375 20 1
      vertex -44 20 1
      vertex -43.9231 19.2197 1
    endloop
  endfacet
  facet normal -0.290248 -0.956951 0
    outer loop
      vertex -41.5307 16.3045 0
      vertex -40.7803 16.0769 1
      vertex -41.5307 16.3045 1
    endloop
  endfacet
  facet normal -0.290248 -0.956951 -0
    outer loop
      vertex -40.7803 16.0769 1
      vertex -41.5307 16.3045 0
      vertex -40.7803 16.0769 0
    endloop
  endfacet
  facet normal 0.956951 -0.290248 0
    outer loop
      vertex -36.3045 18.4693 1
      vertex -36.0769 19.2197 0
      vertex -36.0769 19.2197 1
    endloop
  endfacet
  facet normal 0.956951 -0.290248 0
    outer loop
      vertex -36.0769 19.2197 0
      vertex -36.3045 18.4693 1
      vertex -36.3045 18.4693 0
    endloop
  endfacet
  facet normal 0 0 -1
    outer loop
      vertex -36.0769 19.2197 0
      vertex -36.0769 20.7803 0
      vertex -36 20 0
    endloop
  endfacet
  facet normal 0 0 -1
    outer loop
      vertex -36.3045 18.4693 0
      vertex -36.0769 20.7803 0
      vertex -36.0769 19.2197 0
    endloop
  endfacet
  facet normal 0 0 -1
    outer loop
      vertex -36.3045 18.4693 0
      vertex -36.3045 21.5307 0
      vertex -36.0769 20.7803 0
    endloop
  endfacet
  facet normal 0 0 -1
    outer loop
      vertex -36.6741 17.7777 0
      vertex -36.3045 21.5307 0
      vertex -36.3045 18.4693 0
    endloop
  endfacet
  facet normal 0 0 -1
    outer loop
      vertex -36.6741 17.7777 0
      vertex -36.6741 22.2223 0
      vertex -36.3045 21.5307 0
    endloop
  endfacet
  facet normal 0 0 -1
    outer loop
      vertex -37.1716 17.1716 0
      vertex -36.6741 22.2223 0
      vertex -36.6741 17.7777 0
    endloop
  endfacet
  facet normal 0 0 -1
    outer loop
      vertex -37.1716 17.1716 0
      vertex -37.1716 22.8284 0
      vertex -36.6741 22.2223 0
    endloop
  endfacet
  facet normal 0 0 -1
    outer loop
      vertex -37.7777 16.6741 0
      vertex -37.1716 22.8284 0
      vertex -37.1716 17.1716 0
    endloop
  endfacet
  facet normal 0 0 -1
    outer loop
      vertex -37.7777 16.6741 0
      vertex -37.7777 23.3259 0
      vertex -37.1716 22.8284 0
    endloop
  endfacet
  facet normal 0 0 -1
    outer loop
      vertex -38.4693 16.3045 0
      vertex -37.7777 23.3259 0
      vertex -37.7777 16.6741 0
    endloop
  endfacet
  facet normal 0 0 -1
    outer loop
      vertex -38.4693 16.3045 0
      vertex -38.4693 23.6955 0
      vertex -37.7777 23.3259 0
    endloop
  endfacet
  facet normal 0 0 -1
    outer loop
      vertex -39.2197 16.0769 0
      vertex -38.4693 23.6955 0
      vertex -38.4693 16.3045 0
    endloop
  endfacet
  facet normal 0 0 -1
    outer loop
      vertex -39.2197 16.0769 0
      vertex -39.2197 23.9231 0
      vertex -38.4693 23.6955 0
    endloop
  endfacet
  facet normal 0 0 -1
    outer loop
      vertex -40 16 0
      vertex -39.2197 23.9231 0
      vertex -39.2197 16.0769 0
    endloop
  endfacet
  facet normal 0 0 -1
    outer loop
      vertex -40 16 0
      vertex -40 24 0
      vertex -39.2197 23.9231 0
    endloop
  endfacet
  facet normal 0 0 -1
    outer loop
      vertex -40.7803 16.0769 0
      vertex -40 24 0
      vertex -40 16 0
    endloop
  endfacet
  facet normal 0 0 -1
    outer loop
      vertex -40.7803 16.0769 0
      vertex -40.7803 23.9231 0
      vertex -40 24 0
    endloop
  endfacet
  facet normal 0 0 -1
    outer loop
      vertex -41.5307 16.3045 0
      vertex -40.7803 23.9231 0
      vertex -40.7803 16.0769 0
    endloop
  endfacet
  facet normal 0 0 -1
    outer loop
      vertex -41.5307 16.3045 0
      vertex -41.5307 23.6955 0
      vertex -40.7803 23.9231 0
    endloop
  endfacet
  facet normal 0 0 -1
    outer loop
      vertex -42.2223 16.6741 0
      vertex -41.5307 23.6955 0
      vertex -41.5307 16.3045 0
    endloop
  endfacet
  facet normal 0 0 -1
    outer loop
      vertex -42.2223 16.6741 0
      vertex -42.2223 23.3259 0
      vertex -41.5307 23.6955 0
    endloop
  endfacet
  facet normal 0 0 -1
    outer loop
      vertex -42.8284 17.1716 0
      vertex -42.2223 23.3259 0
      vertex -42.2223 16.6741 0
    endloop
  endfacet
  facet normal 0 0 -1
    outer loop
      vertex -42.8284 17.1716 0
      vertex -42.8284 22.8284 0
      vertex -42.2223 23.3259 0
    endloop
  endfacet
  facet normal 0 0 -1
    outer loop
      vertex -43.3259 17.7777 0
      vertex -42.8284 22.8284 0
      vertex -42.8284 17.1716 0
    endloop
  endfacet
  facet normal 0 0 -1
    outer loop
      vertex -43.3259 17.7777 0
      vertex -43.3259 22.2223 0
      vertex -42.8284 22.8284 0
    endloop
  endfacet
  facet normal 0 0 -1
    outer loop
      vertex -43.6955 18.4693 0
      vertex -43.3259 22.2223 0
      vertex -43.3259 17.7777 0
    endloop
  endfacet
  facet normal 0 0 -1
    outer loop
      vertex -43.6955 18.4693 0
      vertex -43.6955 21.5307 0
      vertex -43.3259 22.2223 0
    endloop
  endfacet
  facet normal 0 0 -1
    outer loop
      vertex -43.9231 19.2197 0
      vertex -43.6955 21.5307 0
      vertex -43.6955 18.4693 0
    endloop
  endfacet
  facet normal 0 0 -1
    outer loop
      vertex -43.9231 19.2197 0
      vertex -43.9231 20.7803 0
      vertex -43.6955 21.5307 0
    endloop
  endfacet
  facet normal 0 -0 -1
    outer loop
      vertex -43.9231 20.7803 0
      vertex -43.9231 19.2197 0
      vertex -44 20 0
    endloop
  endfacet
  facet normal -0.995179 0.0980767 0
    outer loop
      vertex -44 20 0
      vertex -43.9231 20.7803 1
      vertex -43.9231 20.7803 0
    endloop
  endfacet
  facet normal -0.995179 0.0980767 0
    outer loop
      vertex -43.9231 20.7803 1
      vertex -44 20 0
      vertex -44 20 1
    endloop
  endfacet
  facet normal 0.772956 0.634459 0
    outer loop
      vertex -36.6741 22.2223 1
      vertex -37.1716 22.8284 0
      vertex -37.1716 22.8284 1
    endloop
  endfacet
  facet normal 0.772956 0.634459 0
    outer loop
      vertex -37.1716 22.8284 0
      vertex -36.6741 22.2223 1
      vertex -36.6741 22.2223 0
    endloop
  endfacet
  facet normal -0.471243 -0.882003 0
    outer loop
      vertex -40.7639 18.8567 1
      vertex -40.5262 18.7297 10.9
      vertex -40.7639 18.8567 10.9
    endloop
  endfacet
  facet normal -0.471243 -0.882003 -0
    outer loop
      vertex -40.5262 18.7297 10.9
      vertex -40.7639 18.8567 1
      vertex -40.5262 18.7297 1
    endloop
  endfacet
  facet normal 0.956903 -0.290409 0
    outer loop
      vertex -38.7297 19.4738 10.9
      vertex -38.6514 19.7318 1
      vertex -38.6514 19.7318 10.9
    endloop
  endfacet
  facet normal 0.956903 -0.290409 0
    outer loop
      vertex -38.6514 19.7318 1
      vertex -38.7297 19.4738 10.9
      vertex -38.7297 19.4738 1
    endloop
  endfacet
  facet normal 0.99519 -0.0979606 0
    outer loop
      vertex -38.6514 19.7318 10.9
      vertex -38.625 20 1
      vertex -38.625 20 10.9
    endloop
  endfacet
  facet normal 0.99519 -0.0979606 0
    outer loop
      vertex -38.625 20 1
      vertex -38.6514 19.7318 10.9
      vertex -38.6514 19.7318 1
    endloop
  endfacet
  facet normal 0.882003 -0.471243 0
    outer loop
      vertex -38.8567 19.2361 10.9
      vertex -38.7297 19.4738 1
      vertex -38.7297 19.4738 10.9
    endloop
  endfacet
  facet normal 0.882003 -0.471243 0
    outer loop
      vertex -38.7297 19.4738 1
      vertex -38.8567 19.2361 10.9
      vertex -38.8567 19.2361 1
    endloop
  endfacet
  facet normal 0 0 1
    outer loop
      vertex -38.6514 20.2682 10.9
      vertex -38.6514 19.7318 10.9
      vertex -38.625 20 10.9
    endloop
  endfacet
  facet normal 0 0 1
    outer loop
      vertex -38.7297 20.5262 10.9
      vertex -38.6514 19.7318 10.9
      vertex -38.6514 20.2682 10.9
    endloop
  endfacet
  facet normal 0 0 1
    outer loop
      vertex -38.7297 20.5262 10.9
      vertex -38.7297 19.4738 10.9
      vertex -38.6514 19.7318 10.9
    endloop
  endfacet
  facet normal 0 0 1
    outer loop
      vertex -38.8567 20.7639 10.9
      vertex -38.7297 19.4738 10.9
      vertex -38.7297 20.5262 10.9
    endloop
  endfacet
  facet normal 0 0 1
    outer loop
      vertex -38.8567 20.7639 10.9
      vertex -38.8567 19.2361 10.9
      vertex -38.7297 19.4738 10.9
    endloop
  endfacet
  facet normal 0 0 1
    outer loop
      vertex -39.0277 20.9723 10.9
      vertex -38.8567 19.2361 10.9
      vertex -38.8567 20.7639 10.9
    endloop
  endfacet
  facet normal 0 0 1
    outer loop
      vertex -39.0277 20.9723 10.9
      vertex -39.0277 19.0277 10.9
      vertex -38.8567 19.2361 10.9
    endloop
  endfacet
  facet normal 0 0 1
    outer loop
      vertex -39.2361 21.1433 10.9
      vertex -39.0277 19.0277 10.9
      vertex -39.0277 20.9723 10.9
    endloop
  endfacet
  facet normal 0 0 1
    outer loop
      vertex -39.2361 21.1433 10.9
      vertex -39.2361 18.8567 10.9
      vertex -39.0277 19.0277 10.9
    endloop
  endfacet
  facet normal 0 0 1
    outer loop
      vertex -39.4738 21.2703 10.9
      vertex -39.2361 18.8567 10.9
      vertex -39.2361 21.1433 10.9
    endloop
  endfacet
  facet normal 0 0 1
    outer loop
      vertex -39.4738 21.2703 10.9
      vertex -39.4738 18.7297 10.9
      vertex -39.2361 18.8567 10.9
    endloop
  endfacet
  facet normal 0 0 1
    outer loop
      vertex -39.7318 21.3486 10.9
      vertex -39.4738 18.7297 10.9
      vertex -39.4738 21.2703 10.9
    endloop
  endfacet
  facet normal 0 0 1
    outer loop
      vertex -39.7318 21.3486 10.9
      vertex -39.7318 18.6514 10.9
      vertex -39.4738 18.7297 10.9
    endloop
  endfacet
  facet normal 0 0 1
    outer loop
      vertex -40 21.375 10.9
      vertex -39.7318 18.6514 10.9
      vertex -39.7318 21.3486 10.9
    endloop
  endfacet
  facet normal 0 0 1
    outer loop
      vertex -40 21.375 10.9
      vertex -40 18.625 10.9
      vertex -39.7318 18.6514 10.9
    endloop
  endfacet
  facet normal -0 0 1
    outer loop
      vertex -40.2682 21.3486 10.9
      vertex -40 18.625 10.9
      vertex -40 21.375 10.9
    endloop
  endfacet
  facet normal 0 0 1
    outer loop
      vertex -40.2682 21.3486 10.9
      vertex -40.2682 18.6514 10.9
      vertex -40 18.625 10.9
    endloop
  endfacet
  facet normal -0 0 1
    outer loop
      vertex -40.5262 21.2703 10.9
      vertex -40.2682 18.6514 10.9
      vertex -40.2682 21.3486 10.9
    endloop
  endfacet
  facet normal 0 0 1
    outer loop
      vertex -40.5262 21.2703 10.9
      vertex -40.5262 18.7297 10.9
      vertex -40.2682 18.6514 10.9
    endloop
  endfacet
  facet normal -0 0 1
    outer loop
      vertex -40.7639 21.1433 10.9
      vertex -40.5262 18.7297 10.9
      vertex -40.5262 21.2703 10.9
    endloop
  endfacet
  facet normal 0 0 1
    outer loop
      vertex -40.7639 21.1433 10.9
      vertex -40.7639 18.8567 10.9
      vertex -40.5262 18.7297 10.9
    endloop
  endfacet
  facet normal -0 0 1
    outer loop
      vertex -40.9723 20.9723 10.9
      vertex -40.7639 18.8567 10.9
      vertex -40.7639 21.1433 10.9
    endloop
  endfacet
  facet normal 0 0 1
    outer loop
      vertex -40.9723 20.9723 10.9
      vertex -40.9723 19.0277 10.9
      vertex -40.7639 18.8567 10.9
    endloop
  endfacet
  facet normal -0 0 1
    outer loop
      vertex -41.1433 20.7639 10.9
      vertex -40.9723 19.0277 10.9
      vertex -40.9723 20.9723 10.9
    endloop
  endfacet
  facet normal 0 0 1
    outer loop
      vertex -41.1433 20.7639 10.9
      vertex -41.1433 19.2361 10.9
      vertex -40.9723 19.0277 10.9
    endloop
  endfacet
  facet normal -0 0 1
    outer loop
      vertex -41.2703 20.5262 10.9
      vertex -41.1433 19.2361 10.9
      vertex -41.1433 20.7639 10.9
    endloop
  endfacet
  facet normal 0 0 1
    outer loop
      vertex -41.2703 20.5262 10.9
      vertex -41.2703 19.4738 10.9
      vertex -41.1433 19.2361 10.9
    endloop
  endfacet
  facet normal -0 0 1
    outer loop
      vertex -41.3486 20.2682 10.9
      vertex -41.2703 19.4738 10.9
      vertex -41.2703 20.5262 10.9
    endloop
  endfacet
  facet normal 0 0 1
    outer loop
      vertex -41.3486 20.2682 10.9
      vertex -41.3486 19.7318 10.9
      vertex -41.2703 19.4738 10.9
    endloop
  endfacet
  facet normal 0 -0 1
    outer loop
      vertex -41.3486 19.7318 10.9
      vertex -41.3486 20.2682 10.9
      vertex -41.375 20 10.9
    endloop
  endfacet
  facet normal -0.956903 0.290409 0
    outer loop
      vertex -41.3486 20.2682 1
      vertex -41.2703 20.5262 10.9
      vertex -41.2703 20.5262 1
    endloop
  endfacet
  facet normal -0.956903 0.290409 0
    outer loop
      vertex -41.2703 20.5262 10.9
      vertex -41.3486 20.2682 1
      vertex -41.3486 20.2682 10.9
    endloop
  endfacet
  facet normal 0.471243 0.882003 -0
    outer loop
      vertex -39.2361 21.1433 1
      vertex -39.4738 21.2703 10.9
      vertex -39.2361 21.1433 10.9
    endloop
  endfacet
  facet normal 0.471243 0.882003 0
    outer loop
      vertex -39.4738 21.2703 10.9
      vertex -39.2361 21.1433 1
      vertex -39.4738 21.2703 1
    endloop
  endfacet
  facet normal -0.882003 -0.471243 0
    outer loop
      vertex -41.1433 19.2361 1
      vertex -41.2703 19.4738 10.9
      vertex -41.2703 19.4738 1
    endloop
  endfacet
  facet normal -0.882003 -0.471243 0
    outer loop
      vertex -41.2703 19.4738 10.9
      vertex -41.1433 19.2361 1
      vertex -41.1433 19.2361 10.9
    endloop
  endfacet
  facet normal 0.773064 -0.634328 0
    outer loop
      vertex -39.0277 19.0277 10.9
      vertex -38.8567 19.2361 1
      vertex -38.8567 19.2361 10.9
    endloop
  endfacet
  facet normal 0.773064 -0.634328 0
    outer loop
      vertex -38.8567 19.2361 1
      vertex -39.0277 19.0277 10.9
      vertex -39.0277 19.0277 1
    endloop
  endfacet
  facet normal 0.956903 0.290409 0
    outer loop
      vertex -38.6514 20.2682 10.9
      vertex -38.7297 20.5262 1
      vertex -38.7297 20.5262 10.9
    endloop
  endfacet
  facet normal 0.956903 0.290409 0
    outer loop
      vertex -38.7297 20.5262 1
      vertex -38.6514 20.2682 10.9
      vertex -38.6514 20.2682 1
    endloop
  endfacet
  facet normal -0.882003 0.471243 0
    outer loop
      vertex -41.2703 20.5262 1
      vertex -41.1433 20.7639 10.9
      vertex -41.1433 20.7639 1
    endloop
  endfacet
  facet normal -0.882003 0.471243 0
    outer loop
      vertex -41.1433 20.7639 10.9
      vertex -41.2703 20.5262 1
      vertex -41.2703 20.5262 10.9
    endloop
  endfacet
  facet normal 0.99519 0.0979606 0
    outer loop
      vertex -38.625 20 10.9
      vertex -38.6514 20.2682 1
      vertex -38.6514 20.2682 10.9
    endloop
  endfacet
  facet normal 0.99519 0.0979606 0
    outer loop
      vertex -38.6514 20.2682 1
      vertex -38.625 20 10.9
      vertex -38.625 20 1
    endloop
  endfacet
  facet normal 0.471243 -0.882003 0
    outer loop
      vertex -39.4738 18.7297 1
      vertex -39.2361 18.8567 10.9
      vertex -39.4738 18.7297 10.9
    endloop
  endfacet
  facet normal 0.471243 -0.882003 0
    outer loop
      vertex -39.2361 18.8567 10.9
      vertex -39.4738 18.7297 1
      vertex -39.2361 18.8567 1
    endloop
  endfacet
  facet normal 0.0979606 -0.99519 0
    outer loop
      vertex -40 18.625 1
      vertex -39.7318 18.6514 10.9
      vertex -40 18.625 10.9
    endloop
  endfacet
  facet normal 0.0979606 -0.99519 0
    outer loop
      vertex -39.7318 18.6514 10.9
      vertex -40 18.625 1
      vertex -39.7318 18.6514 1
    endloop
  endfacet
  facet normal 0.634328 -0.773064 0
    outer loop
      vertex -39.2361 18.8567 1
      vertex -39.0277 19.0277 10.9
      vertex -39.2361 18.8567 10.9
    endloop
  endfacet
  facet normal 0.634328 -0.773064 0
    outer loop
      vertex -39.0277 19.0277 10.9
      vertex -39.2361 18.8567 1
      vertex -39.0277 19.0277 1
    endloop
  endfacet
  facet normal 0.882003 0.471243 0
    outer loop
      vertex -38.7297 20.5262 10.9
      vertex -38.8567 20.7639 1
      vertex -38.8567 20.7639 10.9
    endloop
  endfacet
  facet normal 0.882003 0.471243 0
    outer loop
      vertex -38.8567 20.7639 1
      vertex -38.7297 20.5262 10.9
      vertex -38.7297 20.5262 1
    endloop
  endfacet
  facet normal 0.0979606 0.99519 -0
    outer loop
      vertex -39.7318 21.3486 1
      vertex -40 21.375 10.9
      vertex -39.7318 21.3486 10.9
    endloop
  endfacet
  facet normal 0.0979606 0.99519 0
    outer loop
      vertex -40 21.375 10.9
      vertex -39.7318 21.3486 1
      vertex -40 21.375 1
    endloop
  endfacet
  facet normal -0.471243 0.882003 0
    outer loop
      vertex -40.5262 21.2703 1
      vertex -40.7639 21.1433 10.9
      vertex -40.5262 21.2703 10.9
    endloop
  endfacet
  facet normal -0.471243 0.882003 0
    outer loop
      vertex -40.7639 21.1433 10.9
      vertex -40.5262 21.2703 1
      vertex -40.7639 21.1433 1
    endloop
  endfacet
  facet normal 0.773064 0.634328 0
    outer loop
      vertex -38.8567 20.7639 10.9
      vertex -39.0277 20.9723 1
      vertex -39.0277 20.9723 10.9
    endloop
  endfacet
  facet normal 0.773064 0.634328 0
    outer loop
      vertex -39.0277 20.9723 1
      vertex -38.8567 20.7639 10.9
      vertex -38.8567 20.7639 1
    endloop
  endfacet
  facet normal 0.634328 0.773064 -0
    outer loop
      vertex -39.0277 20.9723 1
      vertex -39.2361 21.1433 10.9
      vertex -39.0277 20.9723 10.9
    endloop
  endfacet
  facet normal 0.634328 0.773064 0
    outer loop
      vertex -39.2361 21.1433 10.9
      vertex -39.0277 20.9723 1
      vertex -39.2361 21.1433 1
    endloop
  endfacet
  facet normal -0.773064 -0.634328 0
    outer loop
      vertex -40.9723 19.0277 1
      vertex -41.1433 19.2361 10.9
      vertex -41.1433 19.2361 1
    endloop
  endfacet
  facet normal -0.773064 -0.634328 0
    outer loop
      vertex -41.1433 19.2361 10.9
      vertex -40.9723 19.0277 1
      vertex -40.9723 19.0277 10.9
    endloop
  endfacet
  facet normal 0.290409 -0.956903 0
    outer loop
      vertex -39.7318 18.6514 1
      vertex -39.4738 18.7297 10.9
      vertex -39.7318 18.6514 10.9
    endloop
  endfacet
  facet normal 0.290409 -0.956903 0
    outer loop
      vertex -39.4738 18.7297 10.9
      vertex -39.7318 18.6514 1
      vertex -39.4738 18.7297 1
    endloop
  endfacet
  facet normal -0.634328 -0.773064 0
    outer loop
      vertex -40.9723 19.0277 1
      vertex -40.7639 18.8567 10.9
      vertex -40.9723 19.0277 10.9
    endloop
  endfacet
  facet normal -0.634328 -0.773064 -0
    outer loop
      vertex -40.7639 18.8567 10.9
      vertex -40.9723 19.0277 1
      vertex -40.7639 18.8567 1
    endloop
  endfacet
  facet normal -0.0979606 -0.99519 0
    outer loop
      vertex -40.2682 18.6514 1
      vertex -40 18.625 10.9
      vertex -40.2682 18.6514 10.9
    endloop
  endfacet
  facet normal -0.0979606 -0.99519 -0
    outer loop
      vertex -40 18.625 10.9
      vertex -40.2682 18.6514 1
      vertex -40 18.625 1
    endloop
  endfacet
  facet normal -0.290409 -0.956903 0
    outer loop
      vertex -40.5262 18.7297 1
      vertex -40.2682 18.6514 10.9
      vertex -40.5262 18.7297 10.9
    endloop
  endfacet
  facet normal -0.290409 -0.956903 -0
    outer loop
      vertex -40.2682 18.6514 10.9
      vertex -40.5262 18.7297 1
      vertex -40.2682 18.6514 1
    endloop
  endfacet
  facet normal -0.773064 0.634328 0
    outer loop
      vertex -41.1433 20.7639 1
      vertex -40.9723 20.9723 10.9
      vertex -40.9723 20.9723 1
    endloop
  endfacet
  facet normal -0.773064 0.634328 0
    outer loop
      vertex -40.9723 20.9723 10.9
      vertex -41.1433 20.7639 1
      vertex -41.1433 20.7639 10.9
    endloop
  endfacet
  facet normal -0.0979606 0.99519 0
    outer loop
      vertex -40 21.375 1
      vertex -40.2682 21.3486 10.9
      vertex -40 21.375 10.9
    endloop
  endfacet
  facet normal -0.0979606 0.99519 0
    outer loop
      vertex -40.2682 21.3486 10.9
      vertex -40 21.375 1
      vertex -40.2682 21.3486 1
    endloop
  endfacet
  facet normal -0.290409 0.956903 0
    outer loop
      vertex -40.2682 21.3486 1
      vertex -40.5262 21.2703 10.9
      vertex -40.2682 21.3486 10.9
    endloop
  endfacet
  facet normal -0.290409 0.956903 0
    outer loop
      vertex -40.5262 21.2703 10.9
      vertex -40.2682 21.3486 1
      vertex -40.5262 21.2703 1
    endloop
  endfacet
  facet normal -0.99519 0.0979606 0
    outer loop
      vertex -41.375 20 1
      vertex -41.3486 20.2682 10.9
      vertex -41.3486 20.2682 1
    endloop
  endfacet
  facet normal -0.99519 0.0979606 0
    outer loop
      vertex -41.3486 20.2682 10.9
      vertex -41.375 20 1
      vertex -41.375 20 10.9
    endloop
  endfacet
  facet normal -0.634328 0.773064 0
    outer loop
      vertex -40.7639 21.1433 1
      vertex -40.9723 20.9723 10.9
      vertex -40.7639 21.1433 10.9
    endloop
  endfacet
  facet normal -0.634328 0.773064 0
    outer loop
      vertex -40.9723 20.9723 10.9
      vertex -40.7639 21.1433 1
      vertex -40.9723 20.9723 1
    endloop
  endfacet
  facet normal 0.290409 0.956903 -0
    outer loop
      vertex -39.4738 21.2703 1
      vertex -39.7318 21.3486 10.9
      vertex -39.4738 21.2703 10.9
    endloop
  endfacet
  facet normal 0.290409 0.956903 0
    outer loop
      vertex -39.7318 21.3486 10.9
      vertex -39.4738 21.2703 1
      vertex -39.7318 21.3486 1
    endloop
  endfacet
  facet normal -0.956903 -0.290409 0
    outer loop
      vertex -41.2703 19.4738 1
      vertex -41.3486 19.7318 10.9
      vertex -41.3486 19.7318 1
    endloop
  endfacet
  facet normal -0.956903 -0.290409 0
    outer loop
      vertex -41.3486 19.7318 10.9
      vertex -41.2703 19.4738 1
      vertex -41.2703 19.4738 10.9
    endloop
  endfacet
  facet normal -0.99519 -0.0979606 0
    outer loop
      vertex -41.3486 19.7318 1
      vertex -41.375 20 10.9
      vertex -41.375 20 1
    endloop
  endfacet
  facet normal -0.99519 -0.0979606 0
    outer loop
      vertex -41.375 20 10.9
      vertex -41.3486 19.7318 1
      vertex -41.3486 19.7318 10.9
    endloop
  endfacet
  facet normal -0.471329 -0.881957 0
    outer loop
      vertex -21.6667 17.5056 0
      vertex -21.148 17.2284 2.5
      vertex -21.6667 17.5056 2.5
    endloop
  endfacet
  facet normal -0.471329 -0.881957 -0
    outer loop
      vertex -21.148 17.2284 2.5
      vertex -21.6667 17.5056 0
      vertex -21.148 17.2284 0
    endloop
  endfacet
  facet normal 0.471329 -0.881957 0
    outer loop
      vertex -18.852 17.2284 0
      vertex -18.3333 17.5056 2.5
      vertex -18.852 17.2284 2.5
    endloop
  endfacet
  facet normal 0.471329 -0.881957 0
    outer loop
      vertex -18.3333 17.5056 2.5
      vertex -18.852 17.2284 0
      vertex -18.3333 17.5056 0
    endloop
  endfacet
  facet normal 0.95689 -0.290451 0
    outer loop
      vertex -17.2284 18.852 2.5
      vertex -17.0576 19.4147 0
      vertex -17.0576 19.4147 2.5
    endloop
  endfacet
  facet normal 0.95689 -0.290451 0
    outer loop
      vertex -17.0576 19.4147 0
      vertex -17.2284 18.852 2.5
      vertex -17.2284 18.852 0
    endloop
  endfacet
  facet normal 0.995193 -0.097938 0
    outer loop
      vertex -17.0576 19.4147 2.5
      vertex -17 20 0
      vertex -17 20 2.5
    endloop
  endfacet
  facet normal 0.995193 -0.097938 0
    outer loop
      vertex -17 20 0
      vertex -17.0576 19.4147 2.5
      vertex -17.0576 19.4147 0
    endloop
  endfacet
  facet normal 0.881957 -0.471329 0
    outer loop
      vertex -17.5056 18.3333 2.5
      vertex -17.2284 18.852 0
      vertex -17.2284 18.852 2.5
    endloop
  endfacet
  facet normal 0.881957 -0.471329 0
    outer loop
      vertex -17.2284 18.852 0
      vertex -17.5056 18.3333 2.5
      vertex -17.5056 18.3333 0
    endloop
  endfacet
  facet normal 0.097938 -0.995193 0
    outer loop
      vertex -20 17 0
      vertex -19.4147 17.0576 2.5
      vertex -20 17 2.5
    endloop
  endfacet
  facet normal 0.097938 -0.995193 0
    outer loop
      vertex -19.4147 17.0576 2.5
      vertex -20 17 0
      vertex -19.4147 17.0576 0
    endloop
  endfacet
  facet normal 0.097938 0.995193 -0
    outer loop
      vertex -19.4147 22.9424 0
      vertex -20 23 2.5
      vertex -19.4147 22.9424 2.5
    endloop
  endfacet
  facet normal 0.097938 0.995193 0
    outer loop
      vertex -20 23 2.5
      vertex -19.4147 22.9424 0
      vertex -20 23 0
    endloop
  endfacet
  facet normal 0.290451 -0.95689 0
    outer loop
      vertex -19.4147 17.0576 0
      vertex -18.852 17.2284 2.5
      vertex -19.4147 17.0576 2.5
    endloop
  endfacet
  facet normal 0.290451 -0.95689 0
    outer loop
      vertex -18.852 17.2284 2.5
      vertex -19.4147 17.0576 0
      vertex -18.852 17.2284 0
    endloop
  endfacet
  facet normal 0.634413 -0.772994 0
    outer loop
      vertex -18.3333 17.5056 0
      vertex -17.8787 17.8787 2.5
      vertex -18.3333 17.5056 2.5
    endloop
  endfacet
  facet normal 0.634413 -0.772994 0
    outer loop
      vertex -17.8787 17.8787 2.5
      vertex -18.3333 17.5056 0
      vertex -17.8787 17.8787 0
    endloop
  endfacet
  facet normal 0.772994 0.634413 0
    outer loop
      vertex -17.5056 21.6667 2.5
      vertex -17.8787 22.1213 0
      vertex -17.8787 22.1213 2.5
    endloop
  endfacet
  facet normal 0.772994 0.634413 0
    outer loop
      vertex -17.8787 22.1213 0
      vertex -17.5056 21.6667 2.5
      vertex -17.5056 21.6667 0
    endloop
  endfacet
  facet normal -0.634413 -0.772994 0
    outer loop
      vertex -22.1213 17.8787 0
      vertex -21.6667 17.5056 2.5
      vertex -22.1213 17.8787 2.5
    endloop
  endfacet
  facet normal -0.634413 -0.772994 -0
    outer loop
      vertex -21.6667 17.5056 2.5
      vertex -22.1213 17.8787 0
      vertex -21.6667 17.5056 0
    endloop
  endfacet
  facet normal 0.471329 0.881957 -0
    outer loop
      vertex -18.3333 22.4944 0
      vertex -18.852 22.7716 2.5
      vertex -18.3333 22.4944 2.5
    endloop
  endfacet
  facet normal 0.471329 0.881957 0
    outer loop
      vertex -18.852 22.7716 2.5
      vertex -18.3333 22.4944 0
      vertex -18.852 22.7716 0
    endloop
  endfacet
  facet normal -0.881957 0.471329 0
    outer loop
      vertex -22.7716 21.148 0
      vertex -22.4944 21.6667 2.5
      vertex -22.4944 21.6667 0
    endloop
  endfacet
  facet normal -0.881957 0.471329 0
    outer loop
      vertex -22.4944 21.6667 2.5
      vertex -22.7716 21.148 0
      vertex -22.7716 21.148 2.5
    endloop
  endfacet
  facet normal 0.995193 0.097938 0
    outer loop
      vertex -17 20 2.5
      vertex -17.0576 20.5853 0
      vertex -17.0576 20.5853 2.5
    endloop
  endfacet
  facet normal 0.995193 0.097938 0
    outer loop
      vertex -17.0576 20.5853 0
      vertex -17 20 2.5
      vertex -17 20 0
    endloop
  endfacet
  facet normal -0.290451 -0.95689 0
    outer loop
      vertex -21.148 17.2284 0
      vertex -20.5853 17.0576 2.5
      vertex -21.148 17.2284 2.5
    endloop
  endfacet
  facet normal -0.290451 -0.95689 -0
    outer loop
      vertex -20.5853 17.0576 2.5
      vertex -21.148 17.2284 0
      vertex -20.5853 17.0576 0
    endloop
  endfacet
  facet normal -0.097938 0.995193 0
    outer loop
      vertex -20 23 0
      vertex -20.5853 22.9424 2.5
      vertex -20 23 2.5
    endloop
  endfacet
  facet normal -0.097938 0.995193 0
    outer loop
      vertex -20.5853 22.9424 2.5
      vertex -20 23 0
      vertex -20.5853 22.9424 0
    endloop
  endfacet
  facet normal 0 0 1
    outer loop
      vertex -18.6 20 2.5
      vertex -17 20 2.5
      vertex -17.0576 20.5853 2.5
    endloop
  endfacet
  facet normal 0 0 1
    outer loop
      vertex -18.6269 20.2731 2.5
      vertex -17.0576 20.5853 2.5
      vertex -17.2284 21.148 2.5
    endloop
  endfacet
  facet normal 0 0 1
    outer loop
      vertex -17 20 2.5
      vertex -18.6 20 2.5
      vertex -17.0576 19.4147 2.5
    endloop
  endfacet
  facet normal 0 0 1
    outer loop
      vertex -18.7066 20.5358 2.5
      vertex -17.2284 21.148 2.5
      vertex -17.5056 21.6667 2.5
    endloop
  endfacet
  facet normal -0 0 1
    outer loop
      vertex -18.6269 19.7269 2.5
      vertex -17.0576 19.4147 2.5
      vertex -18.6 20 2.5
    endloop
  endfacet
  facet normal 0 0 1
    outer loop
      vertex -18.8359 20.7778 2.5
      vertex -17.5056 21.6667 2.5
      vertex -17.8787 22.1213 2.5
    endloop
  endfacet
  facet normal 0 0 1
    outer loop
      vertex -17.0576 19.4147 2.5
      vertex -18.6269 19.7269 2.5
      vertex -17.2284 18.852 2.5
    endloop
  endfacet
  facet normal 0 0 1
    outer loop
      vertex -19.0101 20.9899 2.5
      vertex -17.8787 22.1213 2.5
      vertex -18.3333 22.4944 2.5
    endloop
  endfacet
  facet normal -0 0 1
    outer loop
      vertex -18.7066 19.4642 2.5
      vertex -17.2284 18.852 2.5
      vertex -18.6269 19.7269 2.5
    endloop
  endfacet
  facet normal 0 0 1
    outer loop
      vertex -17.2284 18.852 2.5
      vertex -18.7066 19.4642 2.5
      vertex -17.5056 18.3333 2.5
    endloop
  endfacet
  facet normal 0 0 1
    outer loop
      vertex -17.0576 20.5853 2.5
      vertex -18.6269 20.2731 2.5
      vertex -18.6 20 2.5
    endloop
  endfacet
  facet normal 0 0 1
    outer loop
      vertex -17.2284 21.148 2.5
      vertex -18.7066 20.5358 2.5
      vertex -18.6269 20.2731 2.5
    endloop
  endfacet
  facet normal 0 0 1
    outer loop
      vertex -17.5056 21.6667 2.5
      vertex -18.8359 20.7778 2.5
      vertex -18.7066 20.5358 2.5
    endloop
  endfacet
  facet normal 0 0 1
    outer loop
      vertex -19.2222 21.1641 2.5
      vertex -18.3333 22.4944 2.5
      vertex -18.852 22.7716 2.5
    endloop
  endfacet
  facet normal 0 0 1
    outer loop
      vertex -17.8787 22.1213 2.5
      vertex -19.0101 20.9899 2.5
      vertex -18.8359 20.7778 2.5
    endloop
  endfacet
  facet normal 0 0 1
    outer loop
      vertex -18.3333 22.4944 2.5
      vertex -19.2222 21.1641 2.5
      vertex -19.0101 20.9899 2.5
    endloop
  endfacet
  facet normal 0 0 1
    outer loop
      vertex -19.4642 21.2934 2.5
      vertex -18.852 22.7716 2.5
      vertex -19.4147 22.9424 2.5
    endloop
  endfacet
  facet normal 0 0 1
    outer loop
      vertex -18.852 22.7716 2.5
      vertex -19.4642 21.2934 2.5
      vertex -19.2222 21.1641 2.5
    endloop
  endfacet
  facet normal 0 0 1
    outer loop
      vertex -19.4147 22.9424 2.5
      vertex -19.7269 21.3731 2.5
      vertex -19.4642 21.2934 2.5
    endloop
  endfacet
  facet normal 0 0 1
    outer loop
      vertex -20 23 2.5
      vertex -19.7269 21.3731 2.5
      vertex -19.4147 22.9424 2.5
    endloop
  endfacet
  facet normal 0 0 1
    outer loop
      vertex -20 23 2.5
      vertex -20 21.4 2.5
      vertex -19.7269 21.3731 2.5
    endloop
  endfacet
  facet normal 0 0 1
    outer loop
      vertex -20 23 2.5
      vertex -20.2731 21.3731 2.5
      vertex -20 21.4 2.5
    endloop
  endfacet
  facet normal -0 0 1
    outer loop
      vertex -20.5853 22.9424 2.5
      vertex -20.2731 21.3731 2.5
      vertex -20 23 2.5
    endloop
  endfacet
  facet normal 0 0 1
    outer loop
      vertex -20.2731 21.3731 2.5
      vertex -20.5853 22.9424 2.5
      vertex -20.5358 21.2934 2.5
    endloop
  endfacet
  facet normal -0 0 1
    outer loop
      vertex -21.148 22.7716 2.5
      vertex -20.5358 21.2934 2.5
      vertex -20.5853 22.9424 2.5
    endloop
  endfacet
  facet normal 0 0 1
    outer loop
      vertex -20.5358 21.2934 2.5
      vertex -21.148 22.7716 2.5
      vertex -20.7778 21.1641 2.5
    endloop
  endfacet
  facet normal -0 0 1
    outer loop
      vertex -21.6667 22.4944 2.5
      vertex -20.7778 21.1641 2.5
      vertex -21.148 22.7716 2.5
    endloop
  endfacet
  facet normal 0 0 1
    outer loop
      vertex -20.7778 21.1641 2.5
      vertex -21.6667 22.4944 2.5
      vertex -20.9899 20.9899 2.5
    endloop
  endfacet
  facet normal -0 0 1
    outer loop
      vertex -22.1213 22.1213 2.5
      vertex -20.9899 20.9899 2.5
      vertex -21.6667 22.4944 2.5
    endloop
  endfacet
  facet normal 0 0 1
    outer loop
      vertex -20.9899 20.9899 2.5
      vertex -22.1213 22.1213 2.5
      vertex -21.1641 20.7778 2.5
    endloop
  endfacet
  facet normal -0 0 1
    outer loop
      vertex -22.4944 21.6667 2.5
      vertex -21.1641 20.7778 2.5
      vertex -22.1213 22.1213 2.5
    endloop
  endfacet
  facet normal 0 0 1
    outer loop
      vertex -21.1641 20.7778 2.5
      vertex -22.4944 21.6667 2.5
      vertex -21.2934 20.5358 2.5
    endloop
  endfacet
  facet normal -0 0 1
    outer loop
      vertex -18.8359 19.2222 2.5
      vertex -17.5056 18.3333 2.5
      vertex -18.7066 19.4642 2.5
    endloop
  endfacet
  facet normal 0 0 1
    outer loop
      vertex -17.5056 18.3333 2.5
      vertex -18.8359 19.2222 2.5
      vertex -17.8787 17.8787 2.5
    endloop
  endfacet
  facet normal -0 0 1
    outer loop
      vertex -19.0101 19.0101 2.5
      vertex -17.8787 17.8787 2.5
      vertex -18.8359 19.2222 2.5
    endloop
  endfacet
  facet normal 0 0 1
    outer loop
      vertex -17.8787 17.8787 2.5
      vertex -19.0101 19.0101 2.5
      vertex -18.3333 17.5056 2.5
    endloop
  endfacet
  facet normal -0 0 1
    outer loop
      vertex -19.2222 18.8359 2.5
      vertex -18.3333 17.5056 2.5
      vertex -19.0101 19.0101 2.5
    endloop
  endfacet
  facet normal 0 0 1
    outer loop
      vertex -18.3333 17.5056 2.5
      vertex -19.2222 18.8359 2.5
      vertex -18.852 17.2284 2.5
    endloop
  endfacet
  facet normal -0 0 1
    outer loop
      vertex -19.4642 18.7066 2.5
      vertex -18.852 17.2284 2.5
      vertex -19.2222 18.8359 2.5
    endloop
  endfacet
  facet normal 0 0 1
    outer loop
      vertex -18.852 17.2284 2.5
      vertex -19.4642 18.7066 2.5
      vertex -19.4147 17.0576 2.5
    endloop
  endfacet
  facet normal -0 0 1
    outer loop
      vertex -19.7269 18.6269 2.5
      vertex -19.4147 17.0576 2.5
      vertex -19.4642 18.7066 2.5
    endloop
  endfacet
  facet normal -0 0 1
    outer loop
      vertex -20 18.6 2.5
      vertex -19.4147 17.0576 2.5
      vertex -19.7269 18.6269 2.5
    endloop
  endfacet
  facet normal 0 0 1
    outer loop
      vertex -20 18.6 2.5
      vertex -20 17 2.5
      vertex -19.4147 17.0576 2.5
    endloop
  endfacet
  facet normal 0 0 1
    outer loop
      vertex -20.2731 18.6269 2.5
      vertex -20 17 2.5
      vertex -20 18.6 2.5
    endloop
  endfacet
  facet normal 0 0 1
    outer loop
      vertex -20.5853 17.0576 2.5
      vertex -20.2731 18.6269 2.5
      vertex -20.5358 18.7066 2.5
    endloop
  endfacet
  facet normal 0 0 1
    outer loop
      vertex -20.2731 18.6269 2.5
      vertex -20.5853 17.0576 2.5
      vertex -20 17 2.5
    endloop
  endfacet
  facet normal 0 0 1
    outer loop
      vertex -21.148 17.2284 2.5
      vertex -20.5358 18.7066 2.5
      vertex -20.7778 18.8359 2.5
    endloop
  endfacet
  facet normal 0 0 1
    outer loop
      vertex -21.6667 17.5056 2.5
      vertex -20.7778 18.8359 2.5
      vertex -20.9899 19.0101 2.5
    endloop
  endfacet
  facet normal 0 0 1
    outer loop
      vertex -20.5358 18.7066 2.5
      vertex -21.148 17.2284 2.5
      vertex -20.5853 17.0576 2.5
    endloop
  endfacet
  facet normal 0 0 1
    outer loop
      vertex -22.1213 17.8787 2.5
      vertex -20.9899 19.0101 2.5
      vertex -21.1641 19.2222 2.5
    endloop
  endfacet
  facet normal 0 0 1
    outer loop
      vertex -22.4944 18.3333 2.5
      vertex -21.1641 19.2222 2.5
      vertex -21.2934 19.4642 2.5
    endloop
  endfacet
  facet normal 0 0 1
    outer loop
      vertex -22.7716 18.852 2.5
      vertex -21.2934 19.4642 2.5
      vertex -21.3731 19.7269 2.5
    endloop
  endfacet
  facet normal 0 0 1
    outer loop
      vertex -22.9424 19.4147 2.5
      vertex -21.3731 19.7269 2.5
      vertex -21.4 20 2.5
    endloop
  endfacet
  facet normal -0 0 1
    outer loop
      vertex -22.7716 21.148 2.5
      vertex -21.2934 20.5358 2.5
      vertex -22.4944 21.6667 2.5
    endloop
  endfacet
  facet normal 0 0 1
    outer loop
      vertex -20.7778 18.8359 2.5
      vertex -21.6667 17.5056 2.5
      vertex -21.148 17.2284 2.5
    endloop
  endfacet
  facet normal 0 0 1
    outer loop
      vertex -21.2934 20.5358 2.5
      vertex -22.7716 21.148 2.5
      vertex -21.3731 20.2731 2.5
    endloop
  endfacet
  facet normal 0 0 1
    outer loop
      vertex -20.9899 19.0101 2.5
      vertex -22.1213 17.8787 2.5
      vertex -21.6667 17.5056 2.5
    endloop
  endfacet
  facet normal -0 0 1
    outer loop
      vertex -22.9424 20.5853 2.5
      vertex -21.3731 20.2731 2.5
      vertex -22.7716 21.148 2.5
    endloop
  endfacet
  facet normal 0 0 1
    outer loop
      vertex -21.1641 19.2222 2.5
      vertex -22.4944 18.3333 2.5
      vertex -22.1213 17.8787 2.5
    endloop
  endfacet
  facet normal 0 0 1
    outer loop
      vertex -21.3731 20.2731 2.5
      vertex -22.9424 20.5853 2.5
      vertex -21.4 20 2.5
    endloop
  endfacet
  facet normal 0 0 1
    outer loop
      vertex -21.2934 19.4642 2.5
      vertex -22.7716 18.852 2.5
      vertex -22.4944 18.3333 2.5
    endloop
  endfacet
  facet normal 0 0 1
    outer loop
      vertex -23 20 2.5
      vertex -21.4 20 2.5
      vertex -22.9424 20.5853 2.5
    endloop
  endfacet
  facet normal 0 0 1
    outer loop
      vertex -21.3731 19.7269 2.5
      vertex -22.9424 19.4147 2.5
      vertex -22.7716 18.852 2.5
    endloop
  endfacet
  facet normal 0 0 1
    outer loop
      vertex -21.4 20 2.5
      vertex -23 20 2.5
      vertex -22.9424 19.4147 2.5
    endloop
  endfacet
  facet normal -0.881957 -0.471329 0
    outer loop
      vertex -22.4944 18.3333 0
      vertex -22.7716 18.852 2.5
      vertex -22.7716 18.852 0
    endloop
  endfacet
  facet normal -0.881957 -0.471329 0
    outer loop
      vertex -22.7716 18.852 2.5
      vertex -22.4944 18.3333 0
      vertex -22.4944 18.3333 2.5
    endloop
  endfacet
  facet normal 0.290451 0.95689 -0
    outer loop
      vertex -18.852 22.7716 0
      vertex -19.4147 22.9424 2.5
      vertex -18.852 22.7716 2.5
    endloop
  endfacet
  facet normal 0.290451 0.95689 0
    outer loop
      vertex -19.4147 22.9424 2.5
      vertex -18.852 22.7716 0
      vertex -19.4147 22.9424 0
    endloop
  endfacet
  facet normal 0 0 -1
    outer loop
      vertex -17.0576 19.4147 0
      vertex -17.0576 20.5853 0
      vertex -17 20 0
    endloop
  endfacet
  facet normal 0 0 -1
    outer loop
      vertex -17.2284 18.852 0
      vertex -17.0576 20.5853 0
      vertex -17.0576 19.4147 0
    endloop
  endfacet
  facet normal 0 0 -1
    outer loop
      vertex -17.2284 18.852 0
      vertex -17.2284 21.148 0
      vertex -17.0576 20.5853 0
    endloop
  endfacet
  facet normal 0 0 -1
    outer loop
      vertex -17.5056 18.3333 0
      vertex -17.2284 21.148 0
      vertex -17.2284 18.852 0
    endloop
  endfacet
  facet normal 0 0 -1
    outer loop
      vertex -17.5056 18.3333 0
      vertex -17.5056 21.6667 0
      vertex -17.2284 21.148 0
    endloop
  endfacet
  facet normal 0 0 -1
    outer loop
      vertex -17.8787 17.8787 0
      vertex -17.5056 21.6667 0
      vertex -17.5056 18.3333 0
    endloop
  endfacet
  facet normal 0 0 -1
    outer loop
      vertex -17.8787 17.8787 0
      vertex -17.8787 22.1213 0
      vertex -17.5056 21.6667 0
    endloop
  endfacet
  facet normal 0 0 -1
    outer loop
      vertex -18.3333 17.5056 0
      vertex -17.8787 22.1213 0
      vertex -17.8787 17.8787 0
    endloop
  endfacet
  facet normal 0 0 -1
    outer loop
      vertex -18.3333 17.5056 0
      vertex -18.3333 22.4944 0
      vertex -17.8787 22.1213 0
    endloop
  endfacet
  facet normal 0 0 -1
    outer loop
      vertex -18.852 17.2284 0
      vertex -18.3333 22.4944 0
      vertex -18.3333 17.5056 0
    endloop
  endfacet
  facet normal 0 0 -1
    outer loop
      vertex -18.852 17.2284 0
      vertex -18.852 22.7716 0
      vertex -18.3333 22.4944 0
    endloop
  endfacet
  facet normal 0 0 -1
    outer loop
      vertex -19.4147 17.0576 0
      vertex -18.852 22.7716 0
      vertex -18.852 17.2284 0
    endloop
  endfacet
  facet normal 0 0 -1
    outer loop
      vertex -19.4147 17.0576 0
      vertex -19.4147 22.9424 0
      vertex -18.852 22.7716 0
    endloop
  endfacet
  facet normal 0 0 -1
    outer loop
      vertex -20 17 0
      vertex -19.4147 22.9424 0
      vertex -19.4147 17.0576 0
    endloop
  endfacet
  facet normal 0 0 -1
    outer loop
      vertex -20 17 0
      vertex -20 23 0
      vertex -19.4147 22.9424 0
    endloop
  endfacet
  facet normal 0 0 -1
    outer loop
      vertex -20.5853 17.0576 0
      vertex -20 23 0
      vertex -20 17 0
    endloop
  endfacet
  facet normal 0 0 -1
    outer loop
      vertex -20.5853 17.0576 0
      vertex -20.5853 22.9424 0
      vertex -20 23 0
    endloop
  endfacet
  facet normal 0 0 -1
    outer loop
      vertex -21.148 17.2284 0
      vertex -20.5853 22.9424 0
      vertex -20.5853 17.0576 0
    endloop
  endfacet
  facet normal 0 0 -1
    outer loop
      vertex -21.148 17.2284 0
      vertex -21.148 22.7716 0
      vertex -20.5853 22.9424 0
    endloop
  endfacet
  facet normal 0 0 -1
    outer loop
      vertex -21.6667 17.5056 0
      vertex -21.148 22.7716 0
      vertex -21.148 17.2284 0
    endloop
  endfacet
  facet normal 0 0 -1
    outer loop
      vertex -21.6667 17.5056 0
      vertex -21.6667 22.4944 0
      vertex -21.148 22.7716 0
    endloop
  endfacet
  facet normal 0 0 -1
    outer loop
      vertex -22.1213 17.8787 0
      vertex -21.6667 22.4944 0
      vertex -21.6667 17.5056 0
    endloop
  endfacet
  facet normal 0 0 -1
    outer loop
      vertex -22.1213 17.8787 0
      vertex -22.1213 22.1213 0
      vertex -21.6667 22.4944 0
    endloop
  endfacet
  facet normal 0 0 -1
    outer loop
      vertex -22.4944 18.3333 0
      vertex -22.1213 22.1213 0
      vertex -22.1213 17.8787 0
    endloop
  endfacet
  facet normal 0 0 -1
    outer loop
      vertex -22.4944 18.3333 0
      vertex -22.4944 21.6667 0
      vertex -22.1213 22.1213 0
    endloop
  endfacet
  facet normal 0 0 -1
    outer loop
      vertex -22.7716 18.852 0
      vertex -22.4944 21.6667 0
      vertex -22.4944 18.3333 0
    endloop
  endfacet
  facet normal 0 0 -1
    outer loop
      vertex -22.7716 18.852 0
      vertex -22.7716 21.148 0
      vertex -22.4944 21.6667 0
    endloop
  endfacet
  facet normal 0 0 -1
    outer loop
      vertex -22.9424 19.4147 0
      vertex -22.7716 21.148 0
      vertex -22.7716 18.852 0
    endloop
  endfacet
  facet normal 0 0 -1
    outer loop
      vertex -22.9424 19.4147 0
      vertex -22.9424 20.5853 0
      vertex -22.7716 21.148 0
    endloop
  endfacet
  facet normal 0 -0 -1
    outer loop
      vertex -22.9424 20.5853 0
      vertex -22.9424 19.4147 0
      vertex -23 20 0
    endloop
  endfacet
  facet normal -0.290451 0.95689 0
    outer loop
      vertex -20.5853 22.9424 0
      vertex -21.148 22.7716 2.5
      vertex -20.5853 22.9424 2.5
    endloop
  endfacet
  facet normal -0.290451 0.95689 0
    outer loop
      vertex -21.148 22.7716 2.5
      vertex -20.5853 22.9424 0
      vertex -21.148 22.7716 0
    endloop
  endfacet
  facet normal 0.95689 0.290451 0
    outer loop
      vertex -17.0576 20.5853 2.5
      vertex -17.2284 21.148 0
      vertex -17.2284 21.148 2.5
    endloop
  endfacet
  facet normal 0.95689 0.290451 0
    outer loop
      vertex -17.2284 21.148 0
      vertex -17.0576 20.5853 2.5
      vertex -17.0576 20.5853 0
    endloop
  endfacet
  facet normal 0.772994 -0.634413 0
    outer loop
      vertex -17.8787 17.8787 2.5
      vertex -17.5056 18.3333 0
      vertex -17.5056 18.3333 2.5
    endloop
  endfacet
  facet normal 0.772994 -0.634413 0
    outer loop
      vertex -17.5056 18.3333 0
      vertex -17.8787 17.8787 2.5
      vertex -17.8787 17.8787 0
    endloop
  endfacet
  facet normal -0.995193 -0.097938 0
    outer loop
      vertex -22.9424 19.4147 0
      vertex -23 20 2.5
      vertex -23 20 0
    endloop
  endfacet
  facet normal -0.995193 -0.097938 0
    outer loop
      vertex -23 20 2.5
      vertex -22.9424 19.4147 0
      vertex -22.9424 19.4147 2.5
    endloop
  endfacet
  facet normal 0.634413 0.772994 -0
    outer loop
      vertex -17.8787 22.1213 0
      vertex -18.3333 22.4944 2.5
      vertex -17.8787 22.1213 2.5
    endloop
  endfacet
  facet normal 0.634413 0.772994 0
    outer loop
      vertex -18.3333 22.4944 2.5
      vertex -17.8787 22.1213 0
      vertex -18.3333 22.4944 0
    endloop
  endfacet
  facet normal -0.634413 0.772994 0
    outer loop
      vertex -21.6667 22.4944 0
      vertex -22.1213 22.1213 2.5
      vertex -21.6667 22.4944 2.5
    endloop
  endfacet
  facet normal -0.634413 0.772994 0
    outer loop
      vertex -22.1213 22.1213 2.5
      vertex -21.6667 22.4944 0
      vertex -22.1213 22.1213 0
    endloop
  endfacet
  facet normal -0.097938 -0.995193 0
    outer loop
      vertex -20.5853 17.0576 0
      vertex -20 17 2.5
      vertex -20.5853 17.0576 2.5
    endloop
  endfacet
  facet normal -0.097938 -0.995193 -0
    outer loop
      vertex -20 17 2.5
      vertex -20.5853 17.0576 0
      vertex -20 17 0
    endloop
  endfacet
  facet normal 0.881957 0.471329 0
    outer loop
      vertex -17.2284 21.148 2.5
      vertex -17.5056 21.6667 0
      vertex -17.5056 21.6667 2.5
    endloop
  endfacet
  facet normal 0.881957 0.471329 0
    outer loop
      vertex -17.5056 21.6667 0
      vertex -17.2284 21.148 2.5
      vertex -17.2284 21.148 0
    endloop
  endfacet
  facet normal -0.95689 0.290451 0
    outer loop
      vertex -22.9424 20.5853 0
      vertex -22.7716 21.148 2.5
      vertex -22.7716 21.148 0
    endloop
  endfacet
  facet normal -0.95689 0.290451 0
    outer loop
      vertex -22.7716 21.148 2.5
      vertex -22.9424 20.5853 0
      vertex -22.9424 20.5853 2.5
    endloop
  endfacet
  facet normal -0.995193 0.097938 0
    outer loop
      vertex -23 20 0
      vertex -22.9424 20.5853 2.5
      vertex -22.9424 20.5853 0
    endloop
  endfacet
  facet normal -0.995193 0.097938 0
    outer loop
      vertex -22.9424 20.5853 2.5
      vertex -23 20 0
      vertex -23 20 2.5
    endloop
  endfacet
  facet normal -0.772994 0.634413 0
    outer loop
      vertex -22.4944 21.6667 0
      vertex -22.1213 22.1213 2.5
      vertex -22.1213 22.1213 0
    endloop
  endfacet
  facet normal -0.772994 0.634413 0
    outer loop
      vertex -22.1213 22.1213 2.5
      vertex -22.4944 21.6667 0
      vertex -22.4944 21.6667 2.5
    endloop
  endfacet
  facet normal -0.772994 -0.634413 0
    outer loop
      vertex -22.1213 17.8787 0
      vertex -22.4944 18.3333 2.5
      vertex -22.4944 18.3333 0
    endloop
  endfacet
  facet normal -0.772994 -0.634413 0
    outer loop
      vertex -22.4944 18.3333 2.5
      vertex -22.1213 17.8787 0
      vertex -22.1213 17.8787 2.5
    endloop
  endfacet
  facet normal -0.95689 -0.290451 0
    outer loop
      vertex -22.7716 18.852 0
      vertex -22.9424 19.4147 2.5
      vertex -22.9424 19.4147 0
    endloop
  endfacet
  facet normal -0.95689 -0.290451 0
    outer loop
      vertex -22.9424 19.4147 2.5
      vertex -22.7716 18.852 0
      vertex -22.7716 18.852 2.5
    endloop
  endfacet
  facet normal -0.471329 0.881957 0
    outer loop
      vertex -21.148 22.7716 0
      vertex -21.6667 22.4944 2.5
      vertex -21.148 22.7716 2.5
    endloop
  endfacet
  facet normal -0.471329 0.881957 0
    outer loop
      vertex -21.6667 22.4944 2.5
      vertex -21.148 22.7716 0
      vertex -21.6667 22.4944 0
    endloop
  endfacet
  facet normal -0.956929 0.290321 0
    outer loop
      vertex -18.7066 19.4642 0.5
      vertex -18.6269 19.7269 2.5
      vertex -18.6269 19.7269 0.5
    endloop
  endfacet
  facet normal -0.956929 0.290321 0
    outer loop
      vertex -18.6269 19.7269 2.5
      vertex -18.7066 19.4642 0.5
      vertex -18.7066 19.4642 2.5
    endloop
  endfacet
  facet normal -0.995184 0.0980244 0
    outer loop
      vertex -18.6269 19.7269 0.5
      vertex -18.6 20 2.5
      vertex -18.6 20 0.5
    endloop
  endfacet
  facet normal -0.995184 0.0980244 0
    outer loop
      vertex -18.6 20 2.5
      vertex -18.6269 19.7269 0.5
      vertex -18.6269 19.7269 2.5
    endloop
  endfacet
  facet normal -0.882 0.47125 0
    outer loop
      vertex -18.8359 19.2222 0.5
      vertex -18.7066 19.4642 2.5
      vertex -18.7066 19.4642 0.5
    endloop
  endfacet
  facet normal -0.882 0.47125 0
    outer loop
      vertex -18.7066 19.4642 2.5
      vertex -18.8359 19.2222 0.5
      vertex -18.8359 19.2222 2.5
    endloop
  endfacet
  facet normal 0.0980244 0.995184 -0
    outer loop
      vertex -20 18.6 0.5
      vertex -20.2731 18.6269 2.5
      vertex -20 18.6 2.5
    endloop
  endfacet
  facet normal 0.0980244 0.995184 0
    outer loop
      vertex -20.2731 18.6269 2.5
      vertex -20 18.6 0.5
      vertex -20.2731 18.6269 0.5
    endloop
  endfacet
  facet normal -0.995184 -0.0980244 0
    outer loop
      vertex -18.6 20 0.5
      vertex -18.6269 20.2731 2.5
      vertex -18.6269 20.2731 0.5
    endloop
  endfacet
  facet normal -0.995184 -0.0980244 0
    outer loop
      vertex -18.6269 20.2731 2.5
      vertex -18.6 20 0.5
      vertex -18.6 20 2.5
    endloop
  endfacet
  facet normal 0.47125 -0.882 0
    outer loop
      vertex -20.7778 21.1641 0.5
      vertex -20.5358 21.2934 2.5
      vertex -20.7778 21.1641 2.5
    endloop
  endfacet
  facet normal 0.47125 -0.882 0
    outer loop
      vertex -20.5358 21.2934 2.5
      vertex -20.7778 21.1641 0.5
      vertex -20.5358 21.2934 0.5
    endloop
  endfacet
  facet normal -0.634685 -0.772771 0
    outer loop
      vertex -19.2222 21.1641 0.5
      vertex -19.0101 20.9899 2.5
      vertex -19.2222 21.1641 2.5
    endloop
  endfacet
  facet normal -0.634685 -0.772771 -0
    outer loop
      vertex -19.0101 20.9899 2.5
      vertex -19.2222 21.1641 0.5
      vertex -19.0101 20.9899 0.5
    endloop
  endfacet
  facet normal -0.772771 0.634685 0
    outer loop
      vertex -19.0101 19.0101 0.5
      vertex -18.8359 19.2222 2.5
      vertex -18.8359 19.2222 0.5
    endloop
  endfacet
  facet normal -0.772771 0.634685 0
    outer loop
      vertex -18.8359 19.2222 2.5
      vertex -19.0101 19.0101 0.5
      vertex -19.0101 19.0101 2.5
    endloop
  endfacet
  facet normal -0.956929 -0.290321 0
    outer loop
      vertex -18.6269 20.2731 0.5
      vertex -18.7066 20.5358 2.5
      vertex -18.7066 20.5358 0.5
    endloop
  endfacet
  facet normal -0.956929 -0.290321 0
    outer loop
      vertex -18.7066 20.5358 2.5
      vertex -18.6269 20.2731 0.5
      vertex -18.6269 20.2731 2.5
    endloop
  endfacet
  facet normal 0.772771 -0.634685 0
    outer loop
      vertex -21.1641 20.7778 2.5
      vertex -20.9899 20.9899 0.5
      vertex -20.9899 20.9899 2.5
    endloop
  endfacet
  facet normal 0.772771 -0.634685 0
    outer loop
      vertex -20.9899 20.9899 0.5
      vertex -21.1641 20.7778 2.5
      vertex -21.1641 20.7778 0.5
    endloop
  endfacet
  facet normal 0.634685 0.772771 -0
    outer loop
      vertex -20.7778 18.8359 0.5
      vertex -20.9899 19.0101 2.5
      vertex -20.7778 18.8359 2.5
    endloop
  endfacet
  facet normal 0.634685 0.772771 0
    outer loop
      vertex -20.9899 19.0101 2.5
      vertex -20.7778 18.8359 0.5
      vertex -20.9899 19.0101 0.5
    endloop
  endfacet
  facet normal 0.47125 0.882 -0
    outer loop
      vertex -20.5358 18.7066 0.5
      vertex -20.7778 18.8359 2.5
      vertex -20.5358 18.7066 2.5
    endloop
  endfacet
  facet normal 0.47125 0.882 0
    outer loop
      vertex -20.7778 18.8359 2.5
      vertex -20.5358 18.7066 0.5
      vertex -20.7778 18.8359 0.5
    endloop
  endfacet
  facet normal -0.47125 0.882 0
    outer loop
      vertex -19.2222 18.8359 0.5
      vertex -19.4642 18.7066 2.5
      vertex -19.2222 18.8359 2.5
    endloop
  endfacet
  facet normal -0.47125 0.882 0
    outer loop
      vertex -19.4642 18.7066 2.5
      vertex -19.2222 18.8359 0.5
      vertex -19.4642 18.7066 0.5
    endloop
  endfacet
  facet normal 0.290321 0.956929 -0
    outer loop
      vertex -20.2731 18.6269 0.5
      vertex -20.5358 18.7066 2.5
      vertex -20.2731 18.6269 2.5
    endloop
  endfacet
  facet normal 0.290321 0.956929 0
    outer loop
      vertex -20.5358 18.7066 2.5
      vertex -20.2731 18.6269 0.5
      vertex -20.5358 18.7066 0.5
    endloop
  endfacet
  facet normal 0.882 -0.47125 0
    outer loop
      vertex -21.2934 20.5358 2.5
      vertex -21.1641 20.7778 0.5
      vertex -21.1641 20.7778 2.5
    endloop
  endfacet
  facet normal 0.882 -0.47125 0
    outer loop
      vertex -21.1641 20.7778 0.5
      vertex -21.2934 20.5358 2.5
      vertex -21.2934 20.5358 0.5
    endloop
  endfacet
  facet normal 0.634685 -0.772771 0
    outer loop
      vertex -20.9899 20.9899 0.5
      vertex -20.7778 21.1641 2.5
      vertex -20.9899 20.9899 2.5
    endloop
  endfacet
  facet normal 0.634685 -0.772771 0
    outer loop
      vertex -20.7778 21.1641 2.5
      vertex -20.9899 20.9899 0.5
      vertex -20.7778 21.1641 0.5
    endloop
  endfacet
  facet normal -0.772771 -0.634685 0
    outer loop
      vertex -18.8359 20.7778 0.5
      vertex -19.0101 20.9899 2.5
      vertex -19.0101 20.9899 0.5
    endloop
  endfacet
  facet normal -0.772771 -0.634685 0
    outer loop
      vertex -19.0101 20.9899 2.5
      vertex -18.8359 20.7778 0.5
      vertex -18.8359 20.7778 2.5
    endloop
  endfacet
  facet normal -0.290321 0.956929 0
    outer loop
      vertex -19.4642 18.7066 0.5
      vertex -19.7269 18.6269 2.5
      vertex -19.4642 18.7066 2.5
    endloop
  endfacet
  facet normal -0.290321 0.956929 0
    outer loop
      vertex -19.7269 18.6269 2.5
      vertex -19.4642 18.7066 0.5
      vertex -19.7269 18.6269 0.5
    endloop
  endfacet
  facet normal -0.0980244 0.995184 0
    outer loop
      vertex -19.7269 18.6269 0.5
      vertex -20 18.6 2.5
      vertex -19.7269 18.6269 2.5
    endloop
  endfacet
  facet normal -0.0980244 0.995184 0
    outer loop
      vertex -20 18.6 2.5
      vertex -19.7269 18.6269 0.5
      vertex -20 18.6 0.5
    endloop
  endfacet
  facet normal -0.290321 -0.956929 0
    outer loop
      vertex -19.7269 21.3731 0.5
      vertex -19.4642 21.2934 2.5
      vertex -19.7269 21.3731 2.5
    endloop
  endfacet
  facet normal -0.290321 -0.956929 -0
    outer loop
      vertex -19.4642 21.2934 2.5
      vertex -19.7269 21.3731 0.5
      vertex -19.4642 21.2934 0.5
    endloop
  endfacet
  facet normal 0.956929 0.290321 0
    outer loop
      vertex -21.2934 19.4642 2.5
      vertex -21.3731 19.7269 0.5
      vertex -21.3731 19.7269 2.5
    endloop
  endfacet
  facet normal 0.956929 0.290321 0
    outer loop
      vertex -21.3731 19.7269 0.5
      vertex -21.2934 19.4642 2.5
      vertex -21.2934 19.4642 0.5
    endloop
  endfacet
  facet normal -0.47125 -0.882 0
    outer loop
      vertex -19.4642 21.2934 0.5
      vertex -19.2222 21.1641 2.5
      vertex -19.4642 21.2934 2.5
    endloop
  endfacet
  facet normal -0.47125 -0.882 -0
    outer loop
      vertex -19.2222 21.1641 2.5
      vertex -19.4642 21.2934 0.5
      vertex -19.2222 21.1641 0.5
    endloop
  endfacet
  facet normal 0.882 0.47125 0
    outer loop
      vertex -21.1641 19.2222 2.5
      vertex -21.2934 19.4642 0.5
      vertex -21.2934 19.4642 2.5
    endloop
  endfacet
  facet normal 0.882 0.47125 0
    outer loop
      vertex -21.2934 19.4642 0.5
      vertex -21.1641 19.2222 2.5
      vertex -21.1641 19.2222 0.5
    endloop
  endfacet
  facet normal -0.882 -0.47125 0
    outer loop
      vertex -18.7066 20.5358 0.5
      vertex -18.8359 20.7778 2.5
      vertex -18.8359 20.7778 0.5
    endloop
  endfacet
  facet normal -0.882 -0.47125 0
    outer loop
      vertex -18.8359 20.7778 2.5
      vertex -18.7066 20.5358 0.5
      vertex -18.7066 20.5358 2.5
    endloop
  endfacet
  facet normal -0.634685 0.772771 0
    outer loop
      vertex -19.0101 19.0101 0.5
      vertex -19.2222 18.8359 2.5
      vertex -19.0101 19.0101 2.5
    endloop
  endfacet
  facet normal -0.634685 0.772771 0
    outer loop
      vertex -19.2222 18.8359 2.5
      vertex -19.0101 19.0101 0.5
      vertex -19.2222 18.8359 0.5
    endloop
  endfacet
  facet normal 0.995184 0.0980244 0
    outer loop
      vertex -21.3731 19.7269 2.5
      vertex -21.4 20 0.5
      vertex -21.4 20 2.5
    endloop
  endfacet
  facet normal 0.995184 0.0980244 0
    outer loop
      vertex -21.4 20 0.5
      vertex -21.3731 19.7269 2.5
      vertex -21.3731 19.7269 0.5
    endloop
  endfacet
  facet normal -0.0980244 -0.995184 0
    outer loop
      vertex -20 21.4 0.5
      vertex -19.7269 21.3731 2.5
      vertex -20 21.4 2.5
    endloop
  endfacet
  facet normal -0.0980244 -0.995184 -0
    outer loop
      vertex -19.7269 21.3731 2.5
      vertex -20 21.4 0.5
      vertex -19.7269 21.3731 0.5
    endloop
  endfacet
  facet normal 0 0 1
    outer loop
      vertex -18.6269 20.2731 0.5
      vertex -18.6269 19.7269 0.5
      vertex -18.6 20 0.5
    endloop
  endfacet
  facet normal 0 0 1
    outer loop
      vertex -18.7066 20.5358 0.5
      vertex -18.6269 19.7269 0.5
      vertex -18.6269 20.2731 0.5
    endloop
  endfacet
  facet normal 0 0 1
    outer loop
      vertex -18.7066 20.5358 0.5
      vertex -18.7066 19.4642 0.5
      vertex -18.6269 19.7269 0.5
    endloop
  endfacet
  facet normal 0 0 1
    outer loop
      vertex -18.8359 20.7778 0.5
      vertex -18.7066 19.4642 0.5
      vertex -18.7066 20.5358 0.5
    endloop
  endfacet
  facet normal 0 0 1
    outer loop
      vertex -18.8359 20.7778 0.5
      vertex -18.8359 19.2222 0.5
      vertex -18.7066 19.4642 0.5
    endloop
  endfacet
  facet normal 0 0 1
    outer loop
      vertex -19.0101 20.9899 0.5
      vertex -18.8359 19.2222 0.5
      vertex -18.8359 20.7778 0.5
    endloop
  endfacet
  facet normal 0 0 1
    outer loop
      vertex -19.0101 20.9899 0.5
      vertex -19.0101 19.0101 0.5
      vertex -18.8359 19.2222 0.5
    endloop
  endfacet
  facet normal 0 0 1
    outer loop
      vertex -19.2222 21.1641 0.5
      vertex -19.0101 19.0101 0.5
      vertex -19.0101 20.9899 0.5
    endloop
  endfacet
  facet normal 0 0 1
    outer loop
      vertex -19.2222 21.1641 0.5
      vertex -19.2222 18.8359 0.5
      vertex -19.0101 19.0101 0.5
    endloop
  endfacet
  facet normal 0 0 1
    outer loop
      vertex -19.4642 21.2934 0.5
      vertex -19.2222 18.8359 0.5
      vertex -19.2222 21.1641 0.5
    endloop
  endfacet
  facet normal 0 0 1
    outer loop
      vertex -19.4642 21.2934 0.5
      vertex -19.4642 18.7066 0.5
      vertex -19.2222 18.8359 0.5
    endloop
  endfacet
  facet normal 0 0 1
    outer loop
      vertex -19.7269 21.3731 0.5
      vertex -19.4642 18.7066 0.5
      vertex -19.4642 21.2934 0.5
    endloop
  endfacet
  facet normal 0 0 1
    outer loop
      vertex -19.7269 21.3731 0.5
      vertex -19.7269 18.6269 0.5
      vertex -19.4642 18.7066 0.5
    endloop
  endfacet
  facet normal 0 0 1
    outer loop
      vertex -20 21.4 0.5
      vertex -19.7269 18.6269 0.5
      vertex -19.7269 21.3731 0.5
    endloop
  endfacet
  facet normal 0 0 1
    outer loop
      vertex -20 21.4 0.5
      vertex -20 18.6 0.5
      vertex -19.7269 18.6269 0.5
    endloop
  endfacet
  facet normal -0 0 1
    outer loop
      vertex -20.2731 21.3731 0.5
      vertex -20 18.6 0.5
      vertex -20 21.4 0.5
    endloop
  endfacet
  facet normal 0 0 1
    outer loop
      vertex -20.2731 21.3731 0.5
      vertex -20.2731 18.6269 0.5
      vertex -20 18.6 0.5
    endloop
  endfacet
  facet normal -0 0 1
    outer loop
      vertex -20.5358 21.2934 0.5
      vertex -20.2731 18.6269 0.5
      vertex -20.2731 21.3731 0.5
    endloop
  endfacet
  facet normal 0 0 1
    outer loop
      vertex -20.5358 21.2934 0.5
      vertex -20.5358 18.7066 0.5
      vertex -20.2731 18.6269 0.5
    endloop
  endfacet
  facet normal -0 0 1
    outer loop
      vertex -20.7778 21.1641 0.5
      vertex -20.5358 18.7066 0.5
      vertex -20.5358 21.2934 0.5
    endloop
  endfacet
  facet normal 0 0 1
    outer loop
      vertex -20.7778 21.1641 0.5
      vertex -20.7778 18.8359 0.5
      vertex -20.5358 18.7066 0.5
    endloop
  endfacet
  facet normal -0 0 1
    outer loop
      vertex -20.9899 20.9899 0.5
      vertex -20.7778 18.8359 0.5
      vertex -20.7778 21.1641 0.5
    endloop
  endfacet
  facet normal 0 0 1
    outer loop
      vertex -20.9899 20.9899 0.5
      vertex -20.9899 19.0101 0.5
      vertex -20.7778 18.8359 0.5
    endloop
  endfacet
  facet normal -0 0 1
    outer loop
      vertex -21.1641 20.7778 0.5
      vertex -20.9899 19.0101 0.5
      vertex -20.9899 20.9899 0.5
    endloop
  endfacet
  facet normal 0 0 1
    outer loop
      vertex -21.1641 20.7778 0.5
      vertex -21.1641 19.2222 0.5
      vertex -20.9899 19.0101 0.5
    endloop
  endfacet
  facet normal -0 0 1
    outer loop
      vertex -21.2934 20.5358 0.5
      vertex -21.1641 19.2222 0.5
      vertex -21.1641 20.7778 0.5
    endloop
  endfacet
  facet normal 0 0 1
    outer loop
      vertex -21.2934 20.5358 0.5
      vertex -21.2934 19.4642 0.5
      vertex -21.1641 19.2222 0.5
    endloop
  endfacet
  facet normal -0 0 1
    outer loop
      vertex -21.3731 20.2731 0.5
      vertex -21.2934 19.4642 0.5
      vertex -21.2934 20.5358 0.5
    endloop
  endfacet
  facet normal 0 0 1
    outer loop
      vertex -21.3731 20.2731 0.5
      vertex -21.3731 19.7269 0.5
      vertex -21.2934 19.4642 0.5
    endloop
  endfacet
  facet normal 0 -0 1
    outer loop
      vertex -21.3731 19.7269 0.5
      vertex -21.3731 20.2731 0.5
      vertex -21.4 20 0.5
    endloop
  endfacet
  facet normal 0.956929 -0.290321 0
    outer loop
      vertex -21.3731 20.2731 2.5
      vertex -21.2934 20.5358 0.5
      vertex -21.2934 20.5358 2.5
    endloop
  endfacet
  facet normal 0.956929 -0.290321 0
    outer loop
      vertex -21.2934 20.5358 0.5
      vertex -21.3731 20.2731 2.5
      vertex -21.3731 20.2731 0.5
    endloop
  endfacet
  facet normal 0.995184 -0.0980244 0
    outer loop
      vertex -21.4 20 2.5
      vertex -21.3731 20.2731 0.5
      vertex -21.3731 20.2731 2.5
    endloop
  endfacet
  facet normal 0.995184 -0.0980244 0
    outer loop
      vertex -21.3731 20.2731 0.5
      vertex -21.4 20 2.5
      vertex -21.4 20 0.5
    endloop
  endfacet
  facet normal 0.0980244 -0.995184 0
    outer loop
      vertex -20.2731 21.3731 0.5
      vertex -20 21.4 2.5
      vertex -20.2731 21.3731 2.5
    endloop
  endfacet
  facet normal 0.0980244 -0.995184 0
    outer loop
      vertex -20 21.4 2.5
      vertex -20.2731 21.3731 0.5
      vertex -20 21.4 0.5
    endloop
  endfacet
  facet normal 0.290321 -0.956929 0
    outer loop
      vertex -20.5358 21.2934 0.5
      vertex -20.2731 21.3731 2.5
      vertex -20.5358 21.2934 2.5
    endloop
  endfacet
  facet normal 0.290321 -0.956929 0
    outer loop
      vertex -20.2731 21.3731 2.5
      vertex -20.5358 21.2934 0.5
      vertex -20.2731 21.3731 0.5
    endloop
  endfacet
  facet normal 0.772771 0.634685 0
    outer loop
      vertex -20.9899 19.0101 2.5
      vertex -21.1641 19.2222 0.5
      vertex -21.1641 19.2222 2.5
    endloop
  endfacet
  facet normal 0.772771 0.634685 0
    outer loop
      vertex -21.1641 19.2222 0.5
      vertex -20.9899 19.0101 2.5
      vertex -20.9899 19.0101 0.5
    endloop
  endfacet
  facet normal 0.471329 0.881957 -0
    outer loop
      vertex -37.7777 43.3259 0
      vertex -38.4693 43.6955 1
      vertex -37.7777 43.3259 1
    endloop
  endfacet
  facet normal 0.471329 0.881957 0
    outer loop
      vertex -38.4693 43.6955 1
      vertex -37.7777 43.3259 0
      vertex -38.4693 43.6955 0
    endloop
  endfacet
  facet normal 0.290248 0.956951 -0
    outer loop
      vertex -38.4693 43.6955 0
      vertex -39.2197 43.9231 1
      vertex -38.4693 43.6955 1
    endloop
  endfacet
  facet normal 0.290248 0.956951 0
    outer loop
      vertex -39.2197 43.9231 1
      vertex -38.4693 43.6955 0
      vertex -39.2197 43.9231 0
    endloop
  endfacet
  facet normal 0.995179 -0.0980767 0
    outer loop
      vertex -36.0769 39.2197 1
      vertex -36 40 0
      vertex -36 40 1
    endloop
  endfacet
  facet normal 0.995179 -0.0980767 0
    outer loop
      vertex -36 40 0
      vertex -36.0769 39.2197 1
      vertex -36.0769 39.2197 0
    endloop
  endfacet
  facet normal -0.881957 -0.471329 0
    outer loop
      vertex -43.3259 37.7777 0
      vertex -43.6955 38.4693 1
      vertex -43.6955 38.4693 0
    endloop
  endfacet
  facet normal -0.881957 -0.471329 0
    outer loop
      vertex -43.6955 38.4693 1
      vertex -43.3259 37.7777 0
      vertex -43.3259 37.7777 1
    endloop
  endfacet
  facet normal 0.0980767 0.995179 -0
    outer loop
      vertex -39.2197 43.9231 0
      vertex -40 44 1
      vertex -39.2197 43.9231 1
    endloop
  endfacet
  facet normal 0.0980767 0.995179 0
    outer loop
      vertex -40 44 1
      vertex -39.2197 43.9231 0
      vertex -40 44 0
    endloop
  endfacet
  facet normal 0.634459 -0.772956 0
    outer loop
      vertex -37.7777 36.6741 0
      vertex -37.1716 37.1716 1
      vertex -37.7777 36.6741 1
    endloop
  endfacet
  facet normal 0.634459 -0.772956 0
    outer loop
      vertex -37.1716 37.1716 1
      vertex -37.7777 36.6741 0
      vertex -37.1716 37.1716 0
    endloop
  endfacet
  facet normal -0.772956 0.634459 0
    outer loop
      vertex -43.3259 42.2223 0
      vertex -42.8284 42.8284 1
      vertex -42.8284 42.8284 0
    endloop
  endfacet
  facet normal -0.772956 0.634459 0
    outer loop
      vertex -42.8284 42.8284 1
      vertex -43.3259 42.2223 0
      vertex -43.3259 42.2223 1
    endloop
  endfacet
  facet normal -0.0980767 -0.995179 0
    outer loop
      vertex -40.7803 36.0769 0
      vertex -40 36 1
      vertex -40.7803 36.0769 1
    endloop
  endfacet
  facet normal -0.0980767 -0.995179 -0
    outer loop
      vertex -40 36 1
      vertex -40.7803 36.0769 0
      vertex -40 36 0
    endloop
  endfacet
  facet normal 0.881957 -0.471329 0
    outer loop
      vertex -36.6741 37.7777 1
      vertex -36.3045 38.4693 0
      vertex -36.3045 38.4693 1
    endloop
  endfacet
  facet normal 0.881957 -0.471329 0
    outer loop
      vertex -36.3045 38.4693 0
      vertex -36.6741 37.7777 1
      vertex -36.6741 37.7777 0
    endloop
  endfacet
  facet normal 0.634459 0.772956 -0
    outer loop
      vertex -37.1716 42.8284 0
      vertex -37.7777 43.3259 1
      vertex -37.1716 42.8284 1
    endloop
  endfacet
  facet normal 0.634459 0.772956 0
    outer loop
      vertex -37.7777 43.3259 1
      vertex -37.1716 42.8284 0
      vertex -37.7777 43.3259 0
    endloop
  endfacet
  facet normal -0.0980767 0.995179 0
    outer loop
      vertex -40 44 0
      vertex -40.7803 43.9231 1
      vertex -40 44 1
    endloop
  endfacet
  facet normal -0.0980767 0.995179 0
    outer loop
      vertex -40.7803 43.9231 1
      vertex -40 44 0
      vertex -40.7803 43.9231 0
    endloop
  endfacet
  facet normal -0.634459 -0.772956 0
    outer loop
      vertex -42.8284 37.1716 0
      vertex -42.2223 36.6741 1
      vertex -42.8284 37.1716 1
    endloop
  endfacet
  facet normal -0.634459 -0.772956 -0
    outer loop
      vertex -42.2223 36.6741 1
      vertex -42.8284 37.1716 0
      vertex -42.2223 36.6741 0
    endloop
  endfacet
  facet normal -0.772956 -0.634459 0
    outer loop
      vertex -42.8284 37.1716 0
      vertex -43.3259 37.7777 1
      vertex -43.3259 37.7777 0
    endloop
  endfacet
  facet normal -0.772956 -0.634459 0
    outer loop
      vertex -43.3259 37.7777 1
      vertex -42.8284 37.1716 0
      vertex -42.8284 37.1716 1
    endloop
  endfacet
  facet normal 0.0980767 -0.995179 0
    outer loop
      vertex -40 36 0
      vertex -39.2197 36.0769 1
      vertex -40 36 1
    endloop
  endfacet
  facet normal 0.0980767 -0.995179 0
    outer loop
      vertex -39.2197 36.0769 1
      vertex -40 36 0
      vertex -39.2197 36.0769 0
    endloop
  endfacet
  facet normal 0.995179 0.0980767 0
    outer loop
      vertex -36 40 1
      vertex -36.0769 40.7803 0
      vertex -36.0769 40.7803 1
    endloop
  endfacet
  facet normal 0.995179 0.0980767 0
    outer loop
      vertex -36.0769 40.7803 0
      vertex -36 40 1
      vertex -36 40 0
    endloop
  endfacet
  facet normal -0.290248 0.956951 0
    outer loop
      vertex -40.7803 43.9231 0
      vertex -41.5307 43.6955 1
      vertex -40.7803 43.9231 1
    endloop
  endfacet
  facet normal -0.290248 0.956951 0
    outer loop
      vertex -41.5307 43.6955 1
      vertex -40.7803 43.9231 0
      vertex -41.5307 43.6955 0
    endloop
  endfacet
  facet normal 0.471329 -0.881957 0
    outer loop
      vertex -38.4693 36.3045 0
      vertex -37.7777 36.6741 1
      vertex -38.4693 36.3045 1
    endloop
  endfacet
  facet normal 0.471329 -0.881957 0
    outer loop
      vertex -37.7777 36.6741 1
      vertex -38.4693 36.3045 0
      vertex -37.7777 36.6741 0
    endloop
  endfacet
  facet normal 0.772956 -0.634459 0
    outer loop
      vertex -37.1716 37.1716 1
      vertex -36.6741 37.7777 0
      vertex -36.6741 37.7777 1
    endloop
  endfacet
  facet normal 0.772956 -0.634459 0
    outer loop
      vertex -36.6741 37.7777 0
      vertex -37.1716 37.1716 1
      vertex -37.1716 37.1716 0
    endloop
  endfacet
  facet normal -0.995179 -0.0980767 0
    outer loop
      vertex -43.9231 39.2197 0
      vertex -44 40 1
      vertex -44 40 0
    endloop
  endfacet
  facet normal -0.995179 -0.0980767 0
    outer loop
      vertex -44 40 1
      vertex -43.9231 39.2197 0
      vertex -43.9231 39.2197 1
    endloop
  endfacet
  facet normal -0.634459 0.772956 0
    outer loop
      vertex -42.2223 43.3259 0
      vertex -42.8284 42.8284 1
      vertex -42.2223 43.3259 1
    endloop
  endfacet
  facet normal -0.634459 0.772956 0
    outer loop
      vertex -42.8284 42.8284 1
      vertex -42.2223 43.3259 0
      vertex -42.8284 42.8284 0
    endloop
  endfacet
  facet normal -0.471329 -0.881957 0
    outer loop
      vertex -42.2223 36.6741 0
      vertex -41.5307 36.3045 1
      vertex -42.2223 36.6741 1
    endloop
  endfacet
  facet normal -0.471329 -0.881957 -0
    outer loop
      vertex -41.5307 36.3045 1
      vertex -42.2223 36.6741 0
      vertex -41.5307 36.3045 0
    endloop
  endfacet
  facet normal -0.881957 0.471329 0
    outer loop
      vertex -43.6955 41.5307 0
      vertex -43.3259 42.2223 1
      vertex -43.3259 42.2223 0
    endloop
  endfacet
  facet normal -0.881957 0.471329 0
    outer loop
      vertex -43.3259 42.2223 1
      vertex -43.6955 41.5307 0
      vertex -43.6955 41.5307 1
    endloop
  endfacet
  facet normal 0.290248 -0.956951 0
    outer loop
      vertex -39.2197 36.0769 0
      vertex -38.4693 36.3045 1
      vertex -39.2197 36.0769 1
    endloop
  endfacet
  facet normal 0.290248 -0.956951 0
    outer loop
      vertex -38.4693 36.3045 1
      vertex -39.2197 36.0769 0
      vertex -38.4693 36.3045 0
    endloop
  endfacet
  facet normal -0.471329 0.881957 0
    outer loop
      vertex -41.5307 43.6955 0
      vertex -42.2223 43.3259 1
      vertex -41.5307 43.6955 1
    endloop
  endfacet
  facet normal -0.471329 0.881957 0
    outer loop
      vertex -42.2223 43.3259 1
      vertex -41.5307 43.6955 0
      vertex -42.2223 43.3259 0
    endloop
  endfacet
  facet normal 0.881957 0.471329 0
    outer loop
      vertex -36.3045 41.5307 1
      vertex -36.6741 42.2223 0
      vertex -36.6741 42.2223 1
    endloop
  endfacet
  facet normal 0.881957 0.471329 0
    outer loop
      vertex -36.6741 42.2223 0
      vertex -36.3045 41.5307 1
      vertex -36.3045 41.5307 0
    endloop
  endfacet
  facet normal 0.956951 0.290248 0
    outer loop
      vertex -36.0769 40.7803 1
      vertex -36.3045 41.5307 0
      vertex -36.3045 41.5307 1
    endloop
  endfacet
  facet normal 0.956951 0.290248 0
    outer loop
      vertex -36.3045 41.5307 0
      vertex -36.0769 40.7803 1
      vertex -36.0769 40.7803 0
    endloop
  endfacet
  facet normal -0.956951 0.290248 0
    outer loop
      vertex -43.9231 40.7803 0
      vertex -43.6955 41.5307 1
      vertex -43.6955 41.5307 0
    endloop
  endfacet
  facet normal -0.956951 0.290248 0
    outer loop
      vertex -43.6955 41.5307 1
      vertex -43.9231 40.7803 0
      vertex -43.9231 40.7803 1
    endloop
  endfacet
  facet normal -0.956951 -0.290248 0
    outer loop
      vertex -43.6955 38.4693 0
      vertex -43.9231 39.2197 1
      vertex -43.9231 39.2197 0
    endloop
  endfacet
  facet normal -0.956951 -0.290248 0
    outer loop
      vertex -43.9231 39.2197 1
      vertex -43.6955 38.4693 0
      vertex -43.6955 38.4693 1
    endloop
  endfacet
  facet normal 0 0 1
    outer loop
      vertex -38.75 40 1
      vertex -36 40 1
      vertex -36.0769 40.7803 1
    endloop
  endfacet
  facet normal 0 0 1
    outer loop
      vertex -38.774 40.2439 1
      vertex -36.0769 40.7803 1
      vertex -36.3045 41.5307 1
    endloop
  endfacet
  facet normal 0 0 1
    outer loop
      vertex -36 40 1
      vertex -38.75 40 1
      vertex -36.0769 39.2197 1
    endloop
  endfacet
  facet normal 0 0 1
    outer loop
      vertex -38.8451 40.4784 1
      vertex -36.3045 41.5307 1
      vertex -36.6741 42.2223 1
    endloop
  endfacet
  facet normal -0 0 1
    outer loop
      vertex -38.774 39.7561 1
      vertex -36.0769 39.2197 1
      vertex -38.75 40 1
    endloop
  endfacet
  facet normal 0 0 1
    outer loop
      vertex -38.9607 40.6945 1
      vertex -36.6741 42.2223 1
      vertex -37.1716 42.8284 1
    endloop
  endfacet
  facet normal 0 0 1
    outer loop
      vertex -36.0769 39.2197 1
      vertex -38.774 39.7561 1
      vertex -36.3045 38.4693 1
    endloop
  endfacet
  facet normal 0 0 1
    outer loop
      vertex -39.1161 40.8839 1
      vertex -37.1716 42.8284 1
      vertex -37.7777 43.3259 1
    endloop
  endfacet
  facet normal -0 0 1
    outer loop
      vertex -38.8451 39.5216 1
      vertex -36.3045 38.4693 1
      vertex -38.774 39.7561 1
    endloop
  endfacet
  facet normal 0 0 1
    outer loop
      vertex -39.3055 41.0393 1
      vertex -37.7777 43.3259 1
      vertex -38.4693 43.6955 1
    endloop
  endfacet
  facet normal 0 0 1
    outer loop
      vertex -36.3045 38.4693 1
      vertex -38.8451 39.5216 1
      vertex -36.6741 37.7777 1
    endloop
  endfacet
  facet normal -0 0 1
    outer loop
      vertex -38.9607 39.3055 1
      vertex -36.6741 37.7777 1
      vertex -38.8451 39.5216 1
    endloop
  endfacet
  facet normal 0 0 1
    outer loop
      vertex -36.0769 40.7803 1
      vertex -38.774 40.2439 1
      vertex -38.75 40 1
    endloop
  endfacet
  facet normal 0 0 1
    outer loop
      vertex -36.3045 41.5307 1
      vertex -38.8451 40.4784 1
      vertex -38.774 40.2439 1
    endloop
  endfacet
  facet normal 0 0 1
    outer loop
      vertex -36.6741 42.2223 1
      vertex -38.9607 40.6945 1
      vertex -38.8451 40.4784 1
    endloop
  endfacet
  facet normal 0 0 1
    outer loop
      vertex -37.1716 42.8284 1
      vertex -39.1161 40.8839 1
      vertex -38.9607 40.6945 1
    endloop
  endfacet
  facet normal 0 0 1
    outer loop
      vertex -39.5216 41.1549 1
      vertex -38.4693 43.6955 1
      vertex -39.2197 43.9231 1
    endloop
  endfacet
  facet normal 0 0 1
    outer loop
      vertex -37.7777 43.3259 1
      vertex -39.3055 41.0393 1
      vertex -39.1161 40.8839 1
    endloop
  endfacet
  facet normal 0 0 1
    outer loop
      vertex -38.4693 43.6955 1
      vertex -39.5216 41.1549 1
      vertex -39.3055 41.0393 1
    endloop
  endfacet
  facet normal 0 0 1
    outer loop
      vertex -39.2197 43.9231 1
      vertex -39.7561 41.226 1
      vertex -39.5216 41.1549 1
    endloop
  endfacet
  facet normal 0 0 1
    outer loop
      vertex -40 44 1
      vertex -39.7561 41.226 1
      vertex -39.2197 43.9231 1
    endloop
  endfacet
  facet normal 0 0 1
    outer loop
      vertex -40 44 1
      vertex -40 41.25 1
      vertex -39.7561 41.226 1
    endloop
  endfacet
  facet normal 0 0 1
    outer loop
      vertex -40 44 1
      vertex -40.2439 41.226 1
      vertex -40 41.25 1
    endloop
  endfacet
  facet normal -0 0 1
    outer loop
      vertex -40.7803 43.9231 1
      vertex -40.2439 41.226 1
      vertex -40 44 1
    endloop
  endfacet
  facet normal 0 0 1
    outer loop
      vertex -40.2439 41.226 1
      vertex -40.7803 43.9231 1
      vertex -40.4784 41.1549 1
    endloop
  endfacet
  facet normal -0 0 1
    outer loop
      vertex -41.5307 43.6955 1
      vertex -40.4784 41.1549 1
      vertex -40.7803 43.9231 1
    endloop
  endfacet
  facet normal 0 0 1
    outer loop
      vertex -40.4784 41.1549 1
      vertex -41.5307 43.6955 1
      vertex -40.6945 41.0393 1
    endloop
  endfacet
  facet normal -0 0 1
    outer loop
      vertex -42.2223 43.3259 1
      vertex -40.6945 41.0393 1
      vertex -41.5307 43.6955 1
    endloop
  endfacet
  facet normal 0 0 1
    outer loop
      vertex -40.6945 41.0393 1
      vertex -42.2223 43.3259 1
      vertex -40.8839 40.8839 1
    endloop
  endfacet
  facet normal -0 0 1
    outer loop
      vertex -42.8284 42.8284 1
      vertex -40.8839 40.8839 1
      vertex -42.2223 43.3259 1
    endloop
  endfacet
  facet normal -0 0 1
    outer loop
      vertex -43.3259 42.2223 1
      vertex -41.0393 40.6945 1
      vertex -42.8284 42.8284 1
    endloop
  endfacet
  facet normal 0 0 1
    outer loop
      vertex -40.8839 40.8839 1
      vertex -42.8284 42.8284 1
      vertex -41.0393 40.6945 1
    endloop
  endfacet
  facet normal 0 0 1
    outer loop
      vertex -36.6741 37.7777 1
      vertex -38.9607 39.3055 1
      vertex -37.1716 37.1716 1
    endloop
  endfacet
  facet normal -0 0 1
    outer loop
      vertex -39.1161 39.1161 1
      vertex -37.1716 37.1716 1
      vertex -38.9607 39.3055 1
    endloop
  endfacet
  facet normal 0 0 1
    outer loop
      vertex -37.1716 37.1716 1
      vertex -39.1161 39.1161 1
      vertex -37.7777 36.6741 1
    endloop
  endfacet
  facet normal -0 0 1
    outer loop
      vertex -39.3055 38.9607 1
      vertex -37.7777 36.6741 1
      vertex -39.1161 39.1161 1
    endloop
  endfacet
  facet normal 0 0 1
    outer loop
      vertex -37.7777 36.6741 1
      vertex -39.3055 38.9607 1
      vertex -38.4693 36.3045 1
    endloop
  endfacet
  facet normal -0 0 1
    outer loop
      vertex -39.5216 38.8451 1
      vertex -38.4693 36.3045 1
      vertex -39.3055 38.9607 1
    endloop
  endfacet
  facet normal 0 0 1
    outer loop
      vertex -38.4693 36.3045 1
      vertex -39.5216 38.8451 1
      vertex -39.2197 36.0769 1
    endloop
  endfacet
  facet normal -0 0 1
    outer loop
      vertex -39.7561 38.774 1
      vertex -39.2197 36.0769 1
      vertex -39.5216 38.8451 1
    endloop
  endfacet
  facet normal -0 0 1
    outer loop
      vertex -40 38.75 1
      vertex -39.2197 36.0769 1
      vertex -39.7561 38.774 1
    endloop
  endfacet
  facet normal 0 0 1
    outer loop
      vertex -40 38.75 1
      vertex -40 36 1
      vertex -39.2197 36.0769 1
    endloop
  endfacet
  facet normal 0 0 1
    outer loop
      vertex -40.2439 38.774 1
      vertex -40 36 1
      vertex -40 38.75 1
    endloop
  endfacet
  facet normal 0 0 1
    outer loop
      vertex -40.7803 36.0769 1
      vertex -40.2439 38.774 1
      vertex -40.4784 38.8451 1
    endloop
  endfacet
  facet normal 0 0 1
    outer loop
      vertex -41.5307 36.3045 1
      vertex -40.4784 38.8451 1
      vertex -40.6945 38.9607 1
    endloop
  endfacet
  facet normal 0 0 1
    outer loop
      vertex -40.2439 38.774 1
      vertex -40.7803 36.0769 1
      vertex -40 36 1
    endloop
  endfacet
  facet normal 0 0 1
    outer loop
      vertex -42.2223 36.6741 1
      vertex -40.6945 38.9607 1
      vertex -40.8839 39.1161 1
    endloop
  endfacet
  facet normal 0 0 1
    outer loop
      vertex -42.8284 37.1716 1
      vertex -40.8839 39.1161 1
      vertex -41.0393 39.3055 1
    endloop
  endfacet
  facet normal 0 0 1
    outer loop
      vertex -43.3259 37.7777 1
      vertex -41.0393 39.3055 1
      vertex -41.1549 39.5216 1
    endloop
  endfacet
  facet normal 0 0 1
    outer loop
      vertex -43.6955 38.4693 1
      vertex -41.1549 39.5216 1
      vertex -41.226 39.7561 1
    endloop
  endfacet
  facet normal 0 0 1
    outer loop
      vertex -40.4784 38.8451 1
      vertex -41.5307 36.3045 1
      vertex -40.7803 36.0769 1
    endloop
  endfacet
  facet normal 0 0 1
    outer loop
      vertex -43.9231 39.2197 1
      vertex -41.226 39.7561 1
      vertex -41.25 40 1
    endloop
  endfacet
  facet normal 0 0 1
    outer loop
      vertex -41.0393 40.6945 1
      vertex -43.3259 42.2223 1
      vertex -41.1549 40.4784 1
    endloop
  endfacet
  facet normal -0 0 1
    outer loop
      vertex -43.6955 41.5307 1
      vertex -41.1549 40.4784 1
      vertex -43.3259 42.2223 1
    endloop
  endfacet
  facet normal 0 0 1
    outer loop
      vertex -40.6945 38.9607 1
      vertex -42.2223 36.6741 1
      vertex -41.5307 36.3045 1
    endloop
  endfacet
  facet normal 0 0 1
    outer loop
      vertex -41.1549 40.4784 1
      vertex -43.6955 41.5307 1
      vertex -41.226 40.2439 1
    endloop
  endfacet
  facet normal 0 0 1
    outer loop
      vertex -40.8839 39.1161 1
      vertex -42.8284 37.1716 1
      vertex -42.2223 36.6741 1
    endloop
  endfacet
  facet normal -0 0 1
    outer loop
      vertex -43.9231 40.7803 1
      vertex -41.226 40.2439 1
      vertex -43.6955 41.5307 1
    endloop
  endfacet
  facet normal 0 0 1
    outer loop
      vertex -41.0393 39.3055 1
      vertex -43.3259 37.7777 1
      vertex -42.8284 37.1716 1
    endloop
  endfacet
  facet normal 0 0 1
    outer loop
      vertex -41.226 40.2439 1
      vertex -43.9231 40.7803 1
      vertex -41.25 40 1
    endloop
  endfacet
  facet normal 0 0 1
    outer loop
      vertex -41.1549 39.5216 1
      vertex -43.6955 38.4693 1
      vertex -43.3259 37.7777 1
    endloop
  endfacet
  facet normal 0 0 1
    outer loop
      vertex -44 40 1
      vertex -41.25 40 1
      vertex -43.9231 40.7803 1
    endloop
  endfacet
  facet normal 0 0 1
    outer loop
      vertex -41.226 39.7561 1
      vertex -43.9231 39.2197 1
      vertex -43.6955 38.4693 1
    endloop
  endfacet
  facet normal 0 0 1
    outer loop
      vertex -41.25 40 1
      vertex -44 40 1
      vertex -43.9231 39.2197 1
    endloop
  endfacet
  facet normal -0.290248 -0.956951 0
    outer loop
      vertex -41.5307 36.3045 0
      vertex -40.7803 36.0769 1
      vertex -41.5307 36.3045 1
    endloop
  endfacet
  facet normal -0.290248 -0.956951 -0
    outer loop
      vertex -40.7803 36.0769 1
      vertex -41.5307 36.3045 0
      vertex -40.7803 36.0769 0
    endloop
  endfacet
  facet normal 0.956951 -0.290248 0
    outer loop
      vertex -36.3045 38.4693 1
      vertex -36.0769 39.2197 0
      vertex -36.0769 39.2197 1
    endloop
  endfacet
  facet normal 0.956951 -0.290248 0
    outer loop
      vertex -36.0769 39.2197 0
      vertex -36.3045 38.4693 1
      vertex -36.3045 38.4693 0
    endloop
  endfacet
  facet normal -0.995179 0.0980767 0
    outer loop
      vertex -44 40 0
      vertex -43.9231 40.7803 1
      vertex -43.9231 40.7803 0
    endloop
  endfacet
  facet normal -0.995179 0.0980767 0
    outer loop
      vertex -43.9231 40.7803 1
      vertex -44 40 0
      vertex -44 40 1
    endloop
  endfacet
  facet normal 0 0 -1
    outer loop
      vertex -36.0769 39.2197 0
      vertex -36.0769 40.7803 0
      vertex -36 40 0
    endloop
  endfacet
  facet normal 0 0 -1
    outer loop
      vertex -36.3045 38.4693 0
      vertex -36.0769 40.7803 0
      vertex -36.0769 39.2197 0
    endloop
  endfacet
  facet normal 0 0 -1
    outer loop
      vertex -36.3045 38.4693 0
      vertex -36.3045 41.5307 0
      vertex -36.0769 40.7803 0
    endloop
  endfacet
  facet normal 0 0 -1
    outer loop
      vertex -36.6741 37.7777 0
      vertex -36.3045 41.5307 0
      vertex -36.3045 38.4693 0
    endloop
  endfacet
  facet normal 0 0 -1
    outer loop
      vertex -36.6741 37.7777 0
      vertex -36.6741 42.2223 0
      vertex -36.3045 41.5307 0
    endloop
  endfacet
  facet normal 0 0 -1
    outer loop
      vertex -37.1716 37.1716 0
      vertex -36.6741 42.2223 0
      vertex -36.6741 37.7777 0
    endloop
  endfacet
  facet normal 0 0 -1
    outer loop
      vertex -37.1716 37.1716 0
      vertex -37.1716 42.8284 0
      vertex -36.6741 42.2223 0
    endloop
  endfacet
  facet normal 0 0 -1
    outer loop
      vertex -37.7777 36.6741 0
      vertex -37.1716 42.8284 0
      vertex -37.1716 37.1716 0
    endloop
  endfacet
  facet normal 0 0 -1
    outer loop
      vertex -37.7777 36.6741 0
      vertex -37.7777 43.3259 0
      vertex -37.1716 42.8284 0
    endloop
  endfacet
  facet normal 0 0 -1
    outer loop
      vertex -38.4693 36.3045 0
      vertex -37.7777 43.3259 0
      vertex -37.7777 36.6741 0
    endloop
  endfacet
  facet normal 0 0 -1
    outer loop
      vertex -38.4693 36.3045 0
      vertex -38.4693 43.6955 0
      vertex -37.7777 43.3259 0
    endloop
  endfacet
  facet normal 0 0 -1
    outer loop
      vertex -39.2197 36.0769 0
      vertex -38.4693 43.6955 0
      vertex -38.4693 36.3045 0
    endloop
  endfacet
  facet normal 0 0 -1
    outer loop
      vertex -39.2197 36.0769 0
      vertex -39.2197 43.9231 0
      vertex -38.4693 43.6955 0
    endloop
  endfacet
  facet normal 0 0 -1
    outer loop
      vertex -40 36 0
      vertex -39.2197 43.9231 0
      vertex -39.2197 36.0769 0
    endloop
  endfacet
  facet normal 0 0 -1
    outer loop
      vertex -40 36 0
      vertex -40 44 0
      vertex -39.2197 43.9231 0
    endloop
  endfacet
  facet normal 0 0 -1
    outer loop
      vertex -40.7803 36.0769 0
      vertex -40 44 0
      vertex -40 36 0
    endloop
  endfacet
  facet normal 0 0 -1
    outer loop
      vertex -40.7803 36.0769 0
      vertex -40.7803 43.9231 0
      vertex -40 44 0
    endloop
  endfacet
  facet normal 0 0 -1
    outer loop
      vertex -41.5307 36.3045 0
      vertex -40.7803 43.9231 0
      vertex -40.7803 36.0769 0
    endloop
  endfacet
  facet normal 0 0 -1
    outer loop
      vertex -41.5307 36.3045 0
      vertex -41.5307 43.6955 0
      vertex -40.7803 43.9231 0
    endloop
  endfacet
  facet normal 0 0 -1
    outer loop
      vertex -42.2223 36.6741 0
      vertex -41.5307 43.6955 0
      vertex -41.5307 36.3045 0
    endloop
  endfacet
  facet normal 0 0 -1
    outer loop
      vertex -42.2223 36.6741 0
      vertex -42.2223 43.3259 0
      vertex -41.5307 43.6955 0
    endloop
  endfacet
  facet normal 0 0 -1
    outer loop
      vertex -42.8284 37.1716 0
      vertex -42.2223 43.3259 0
      vertex -42.2223 36.6741 0
    endloop
  endfacet
  facet normal 0 0 -1
    outer loop
      vertex -42.8284 37.1716 0
      vertex -42.8284 42.8284 0
      vertex -42.2223 43.3259 0
    endloop
  endfacet
  facet normal 0 0 -1
    outer loop
      vertex -43.3259 37.7777 0
      vertex -42.8284 42.8284 0
      vertex -42.8284 37.1716 0
    endloop
  endfacet
  facet normal 0 0 -1
    outer loop
      vertex -43.3259 37.7777 0
      vertex -43.3259 42.2223 0
      vertex -42.8284 42.8284 0
    endloop
  endfacet
  facet normal 0 0 -1
    outer loop
      vertex -43.6955 38.4693 0
      vertex -43.3259 42.2223 0
      vertex -43.3259 37.7777 0
    endloop
  endfacet
  facet normal 0 0 -1
    outer loop
      vertex -43.6955 38.4693 0
      vertex -43.6955 41.5307 0
      vertex -43.3259 42.2223 0
    endloop
  endfacet
  facet normal 0 0 -1
    outer loop
      vertex -43.9231 39.2197 0
      vertex -43.6955 41.5307 0
      vertex -43.6955 38.4693 0
    endloop
  endfacet
  facet normal 0 0 -1
    outer loop
      vertex -43.9231 39.2197 0
      vertex -43.9231 40.7803 0
      vertex -43.6955 41.5307 0
    endloop
  endfacet
  facet normal 0 -0 -1
    outer loop
      vertex -43.9231 40.7803 0
      vertex -43.9231 39.2197 0
      vertex -44 40 0
    endloop
  endfacet
  facet normal 0.772956 0.634459 0
    outer loop
      vertex -36.6741 42.2223 1
      vertex -37.1716 42.8284 0
      vertex -37.1716 42.8284 1
    endloop
  endfacet
  facet normal 0.772956 0.634459 0
    outer loop
      vertex -37.1716 42.8284 0
      vertex -36.6741 42.2223 1
      vertex -36.6741 42.2223 0
    endloop
  endfacet
  facet normal -0.881765 -0.471689 0
    outer loop
      vertex -41.0393 39.3055 1
      vertex -41.1549 39.5216 10.9
      vertex -41.1549 39.5216 1
    endloop
  endfacet
  facet normal -0.881765 -0.471689 0
    outer loop
      vertex -41.1549 39.5216 10.9
      vertex -41.0393 39.3055 1
      vertex -41.0393 39.3055 10.9
    endloop
  endfacet
  facet normal 0.097928 0.995194 -0
    outer loop
      vertex -39.7561 41.226 1
      vertex -40 41.25 10.9
      vertex -39.7561 41.226 10.9
    endloop
  endfacet
  facet normal 0.097928 0.995194 0
    outer loop
      vertex -40 41.25 10.9
      vertex -39.7561 41.226 1
      vertex -40 41.25 1
    endloop
  endfacet
  facet normal 0.95698 -0.290155 0
    outer loop
      vertex -38.8451 39.5216 10.9
      vertex -38.774 39.7561 1
      vertex -38.774 39.7561 10.9
    endloop
  endfacet
  facet normal 0.95698 -0.290155 0
    outer loop
      vertex -38.774 39.7561 1
      vertex -38.8451 39.5216 10.9
      vertex -38.8451 39.5216 1
    endloop
  endfacet
  facet normal 0.995194 -0.097928 0
    outer loop
      vertex -38.774 39.7561 10.9
      vertex -38.75 40 1
      vertex -38.75 40 10.9
    endloop
  endfacet
  facet normal 0.995194 -0.097928 0
    outer loop
      vertex -38.75 40 1
      vertex -38.774 39.7561 10.9
      vertex -38.774 39.7561 1
    endloop
  endfacet
  facet normal 0.290155 0.95698 -0
    outer loop
      vertex -39.5216 41.1549 1
      vertex -39.7561 41.226 10.9
      vertex -39.5216 41.1549 10.9
    endloop
  endfacet
  facet normal 0.290155 0.95698 0
    outer loop
      vertex -39.7561 41.226 10.9
      vertex -39.5216 41.1549 1
      vertex -39.7561 41.226 1
    endloop
  endfacet
  facet normal -0.95698 0.290155 0
    outer loop
      vertex -41.226 40.2439 1
      vertex -41.1549 40.4784 10.9
      vertex -41.1549 40.4784 1
    endloop
  endfacet
  facet normal -0.95698 0.290155 0
    outer loop
      vertex -41.1549 40.4784 10.9
      vertex -41.226 40.2439 1
      vertex -41.226 40.2439 10.9
    endloop
  endfacet
  facet normal 0.773084 0.634304 0
    outer loop
      vertex -38.9607 40.6945 10.9
      vertex -39.1161 40.8839 1
      vertex -39.1161 40.8839 10.9
    endloop
  endfacet
  facet normal 0.773084 0.634304 0
    outer loop
      vertex -39.1161 40.8839 1
      vertex -38.9607 40.6945 10.9
      vertex -38.9607 40.6945 1
    endloop
  endfacet
  facet normal 0.881765 -0.471689 0
    outer loop
      vertex -38.9607 39.3055 10.9
      vertex -38.8451 39.5216 1
      vertex -38.8451 39.5216 10.9
    endloop
  endfacet
  facet normal 0.881765 -0.471689 0
    outer loop
      vertex -38.8451 39.5216 1
      vertex -38.9607 39.3055 10.9
      vertex -38.9607 39.3055 1
    endloop
  endfacet
  facet normal 0.634304 -0.773084 0
    outer loop
      vertex -39.3055 38.9607 1
      vertex -39.1161 39.1161 10.9
      vertex -39.3055 38.9607 10.9
    endloop
  endfacet
  facet normal 0.634304 -0.773084 0
    outer loop
      vertex -39.1161 39.1161 10.9
      vertex -39.3055 38.9607 1
      vertex -39.1161 39.1161 1
    endloop
  endfacet
  facet normal 0.290155 -0.95698 0
    outer loop
      vertex -39.7561 38.774 1
      vertex -39.5216 38.8451 10.9
      vertex -39.7561 38.774 10.9
    endloop
  endfacet
  facet normal 0.290155 -0.95698 0
    outer loop
      vertex -39.5216 38.8451 10.9
      vertex -39.7561 38.774 1
      vertex -39.5216 38.8451 1
    endloop
  endfacet
  facet normal -0.881765 0.471689 0
    outer loop
      vertex -41.1549 40.4784 1
      vertex -41.0393 40.6945 10.9
      vertex -41.0393 40.6945 1
    endloop
  endfacet
  facet normal -0.881765 0.471689 0
    outer loop
      vertex -41.0393 40.6945 10.9
      vertex -41.1549 40.4784 1
      vertex -41.1549 40.4784 10.9
    endloop
  endfacet
  facet normal 0.773084 -0.634304 0
    outer loop
      vertex -39.1161 39.1161 10.9
      vertex -38.9607 39.3055 1
      vertex -38.9607 39.3055 10.9
    endloop
  endfacet
  facet normal 0.773084 -0.634304 0
    outer loop
      vertex -38.9607 39.3055 1
      vertex -39.1161 39.1161 10.9
      vertex -39.1161 39.1161 1
    endloop
  endfacet
  facet normal 0.097928 -0.995194 0
    outer loop
      vertex -40 38.75 1
      vertex -39.7561 38.774 10.9
      vertex -40 38.75 10.9
    endloop
  endfacet
  facet normal 0.097928 -0.995194 0
    outer loop
      vertex -39.7561 38.774 10.9
      vertex -40 38.75 1
      vertex -39.7561 38.774 1
    endloop
  endfacet
  facet normal -0.290155 -0.95698 0
    outer loop
      vertex -40.4784 38.8451 1
      vertex -40.2439 38.774 10.9
      vertex -40.4784 38.8451 10.9
    endloop
  endfacet
  facet normal -0.290155 -0.95698 -0
    outer loop
      vertex -40.2439 38.774 10.9
      vertex -40.4784 38.8451 1
      vertex -40.2439 38.774 1
    endloop
  endfacet
  facet normal -0.634304 0.773084 0
    outer loop
      vertex -40.6945 41.0393 1
      vertex -40.8839 40.8839 10.9
      vertex -40.6945 41.0393 10.9
    endloop
  endfacet
  facet normal -0.634304 0.773084 0
    outer loop
      vertex -40.8839 40.8839 10.9
      vertex -40.6945 41.0393 1
      vertex -40.8839 40.8839 1
    endloop
  endfacet
  facet normal 0.471689 -0.881765 0
    outer loop
      vertex -39.5216 38.8451 1
      vertex -39.3055 38.9607 10.9
      vertex -39.5216 38.8451 10.9
    endloop
  endfacet
  facet normal 0.471689 -0.881765 0
    outer loop
      vertex -39.3055 38.9607 10.9
      vertex -39.5216 38.8451 1
      vertex -39.3055 38.9607 1
    endloop
  endfacet
  facet normal -0.995194 -0.097928 0
    outer loop
      vertex -41.226 39.7561 1
      vertex -41.25 40 10.9
      vertex -41.25 40 1
    endloop
  endfacet
  facet normal -0.995194 -0.097928 0
    outer loop
      vertex -41.25 40 10.9
      vertex -41.226 39.7561 1
      vertex -41.226 39.7561 10.9
    endloop
  endfacet
  facet normal 0.881765 0.471689 0
    outer loop
      vertex -38.8451 40.4784 10.9
      vertex -38.9607 40.6945 1
      vertex -38.9607 40.6945 10.9
    endloop
  endfacet
  facet normal 0.881765 0.471689 0
    outer loop
      vertex -38.9607 40.6945 1
      vertex -38.8451 40.4784 10.9
      vertex -38.8451 40.4784 1
    endloop
  endfacet
  facet normal 0.471689 0.881765 -0
    outer loop
      vertex -39.3055 41.0393 1
      vertex -39.5216 41.1549 10.9
      vertex -39.3055 41.0393 10.9
    endloop
  endfacet
  facet normal 0.471689 0.881765 0
    outer loop
      vertex -39.5216 41.1549 10.9
      vertex -39.3055 41.0393 1
      vertex -39.5216 41.1549 1
    endloop
  endfacet
  facet normal 0 0 1
    outer loop
      vertex -38.774 40.2439 10.9
      vertex -38.774 39.7561 10.9
      vertex -38.75 40 10.9
    endloop
  endfacet
  facet normal 0 0 1
    outer loop
      vertex -38.8451 40.4784 10.9
      vertex -38.774 39.7561 10.9
      vertex -38.774 40.2439 10.9
    endloop
  endfacet
  facet normal 0 0 1
    outer loop
      vertex -38.8451 40.4784 10.9
      vertex -38.8451 39.5216 10.9
      vertex -38.774 39.7561 10.9
    endloop
  endfacet
  facet normal 0 0 1
    outer loop
      vertex -38.9607 40.6945 10.9
      vertex -38.8451 39.5216 10.9
      vertex -38.8451 40.4784 10.9
    endloop
  endfacet
  facet normal 0 0 1
    outer loop
      vertex -38.9607 40.6945 10.9
      vertex -38.9607 39.3055 10.9
      vertex -38.8451 39.5216 10.9
    endloop
  endfacet
  facet normal 0 0 1
    outer loop
      vertex -39.1161 40.8839 10.9
      vertex -38.9607 39.3055 10.9
      vertex -38.9607 40.6945 10.9
    endloop
  endfacet
  facet normal 0 0 1
    outer loop
      vertex -39.1161 40.8839 10.9
      vertex -39.1161 39.1161 10.9
      vertex -38.9607 39.3055 10.9
    endloop
  endfacet
  facet normal 0 0 1
    outer loop
      vertex -39.3055 41.0393 10.9
      vertex -39.1161 39.1161 10.9
      vertex -39.1161 40.8839 10.9
    endloop
  endfacet
  facet normal 0 0 1
    outer loop
      vertex -39.3055 41.0393 10.9
      vertex -39.3055 38.9607 10.9
      vertex -39.1161 39.1161 10.9
    endloop
  endfacet
  facet normal 0 0 1
    outer loop
      vertex -39.5216 41.1549 10.9
      vertex -39.3055 38.9607 10.9
      vertex -39.3055 41.0393 10.9
    endloop
  endfacet
  facet normal 0 0 1
    outer loop
      vertex -39.5216 41.1549 10.9
      vertex -39.5216 38.8451 10.9
      vertex -39.3055 38.9607 10.9
    endloop
  endfacet
  facet normal 0 0 1
    outer loop
      vertex -39.7561 41.226 10.9
      vertex -39.5216 38.8451 10.9
      vertex -39.5216 41.1549 10.9
    endloop
  endfacet
  facet normal 0 0 1
    outer loop
      vertex -39.7561 41.226 10.9
      vertex -39.7561 38.774 10.9
      vertex -39.5216 38.8451 10.9
    endloop
  endfacet
  facet normal 0 0 1
    outer loop
      vertex -40 41.25 10.9
      vertex -39.7561 38.774 10.9
      vertex -39.7561 41.226 10.9
    endloop
  endfacet
  facet normal 0 0 1
    outer loop
      vertex -40 41.25 10.9
      vertex -40 38.75 10.9
      vertex -39.7561 38.774 10.9
    endloop
  endfacet
  facet normal -0 0 1
    outer loop
      vertex -40.2439 41.226 10.9
      vertex -40 38.75 10.9
      vertex -40 41.25 10.9
    endloop
  endfacet
  facet normal 0 0 1
    outer loop
      vertex -40.2439 41.226 10.9
      vertex -40.2439 38.774 10.9
      vertex -40 38.75 10.9
    endloop
  endfacet
  facet normal -0 0 1
    outer loop
      vertex -40.4784 41.1549 10.9
      vertex -40.2439 38.774 10.9
      vertex -40.2439 41.226 10.9
    endloop
  endfacet
  facet normal 0 0 1
    outer loop
      vertex -40.4784 41.1549 10.9
      vertex -40.4784 38.8451 10.9
      vertex -40.2439 38.774 10.9
    endloop
  endfacet
  facet normal -0 0 1
    outer loop
      vertex -40.6945 41.0393 10.9
      vertex -40.4784 38.8451 10.9
      vertex -40.4784 41.1549 10.9
    endloop
  endfacet
  facet normal 0 0 1
    outer loop
      vertex -40.6945 41.0393 10.9
      vertex -40.6945 38.9607 10.9
      vertex -40.4784 38.8451 10.9
    endloop
  endfacet
  facet normal -0 0 1
    outer loop
      vertex -40.8839 40.8839 10.9
      vertex -40.6945 38.9607 10.9
      vertex -40.6945 41.0393 10.9
    endloop
  endfacet
  facet normal 0 0 1
    outer loop
      vertex -40.8839 40.8839 10.9
      vertex -40.8839 39.1161 10.9
      vertex -40.6945 38.9607 10.9
    endloop
  endfacet
  facet normal -0 0 1
    outer loop
      vertex -41.0393 40.6945 10.9
      vertex -40.8839 39.1161 10.9
      vertex -40.8839 40.8839 10.9
    endloop
  endfacet
  facet normal 0 0 1
    outer loop
      vertex -41.0393 40.6945 10.9
      vertex -41.0393 39.3055 10.9
      vertex -40.8839 39.1161 10.9
    endloop
  endfacet
  facet normal -0 0 1
    outer loop
      vertex -41.1549 40.4784 10.9
      vertex -41.0393 39.3055 10.9
      vertex -41.0393 40.6945 10.9
    endloop
  endfacet
  facet normal 0 0 1
    outer loop
      vertex -41.1549 40.4784 10.9
      vertex -41.1549 39.5216 10.9
      vertex -41.0393 39.3055 10.9
    endloop
  endfacet
  facet normal -0 0 1
    outer loop
      vertex -41.226 40.2439 10.9
      vertex -41.1549 39.5216 10.9
      vertex -41.1549 40.4784 10.9
    endloop
  endfacet
  facet normal 0 0 1
    outer loop
      vertex -41.226 40.2439 10.9
      vertex -41.226 39.7561 10.9
      vertex -41.1549 39.5216 10.9
    endloop
  endfacet
  facet normal 0 -0 1
    outer loop
      vertex -41.226 39.7561 10.9
      vertex -41.226 40.2439 10.9
      vertex -41.25 40 10.9
    endloop
  endfacet
  facet normal -0.634304 -0.773084 0
    outer loop
      vertex -40.8839 39.1161 1
      vertex -40.6945 38.9607 10.9
      vertex -40.8839 39.1161 10.9
    endloop
  endfacet
  facet normal -0.634304 -0.773084 -0
    outer loop
      vertex -40.6945 38.9607 10.9
      vertex -40.8839 39.1161 1
      vertex -40.6945 38.9607 1
    endloop
  endfacet
  facet normal -0.471689 -0.881765 0
    outer loop
      vertex -40.6945 38.9607 1
      vertex -40.4784 38.8451 10.9
      vertex -40.6945 38.9607 10.9
    endloop
  endfacet
  facet normal -0.471689 -0.881765 -0
    outer loop
      vertex -40.4784 38.8451 10.9
      vertex -40.6945 38.9607 1
      vertex -40.4784 38.8451 1
    endloop
  endfacet
  facet normal -0.471689 0.881765 0
    outer loop
      vertex -40.4784 41.1549 1
      vertex -40.6945 41.0393 10.9
      vertex -40.4784 41.1549 10.9
    endloop
  endfacet
  facet normal -0.471689 0.881765 0
    outer loop
      vertex -40.6945 41.0393 10.9
      vertex -40.4784 41.1549 1
      vertex -40.6945 41.0393 1
    endloop
  endfacet
  facet normal -0.95698 -0.290155 0
    outer loop
      vertex -41.1549 39.5216 1
      vertex -41.226 39.7561 10.9
      vertex -41.226 39.7561 1
    endloop
  endfacet
  facet normal -0.95698 -0.290155 0
    outer loop
      vertex -41.226 39.7561 10.9
      vertex -41.1549 39.5216 1
      vertex -41.1549 39.5216 10.9
    endloop
  endfacet
  facet normal 0.95698 0.290155 0
    outer loop
      vertex -38.774 40.2439 10.9
      vertex -38.8451 40.4784 1
      vertex -38.8451 40.4784 10.9
    endloop
  endfacet
  facet normal 0.95698 0.290155 0
    outer loop
      vertex -38.8451 40.4784 1
      vertex -38.774 40.2439 10.9
      vertex -38.774 40.2439 1
    endloop
  endfacet
  facet normal -0.097928 -0.995194 0
    outer loop
      vertex -40.2439 38.774 1
      vertex -40 38.75 10.9
      vertex -40.2439 38.774 10.9
    endloop
  endfacet
  facet normal -0.097928 -0.995194 -0
    outer loop
      vertex -40 38.75 10.9
      vertex -40.2439 38.774 1
      vertex -40 38.75 1
    endloop
  endfacet
  facet normal -0.773084 -0.634304 0
    outer loop
      vertex -40.8839 39.1161 1
      vertex -41.0393 39.3055 10.9
      vertex -41.0393 39.3055 1
    endloop
  endfacet
  facet normal -0.773084 -0.634304 0
    outer loop
      vertex -41.0393 39.3055 10.9
      vertex -40.8839 39.1161 1
      vertex -40.8839 39.1161 10.9
    endloop
  endfacet
  facet normal 0.995194 0.097928 0
    outer loop
      vertex -38.75 40 10.9
      vertex -38.774 40.2439 1
      vertex -38.774 40.2439 10.9
    endloop
  endfacet
  facet normal 0.995194 0.097928 0
    outer loop
      vertex -38.774 40.2439 1
      vertex -38.75 40 10.9
      vertex -38.75 40 1
    endloop
  endfacet
  facet normal -0.773084 0.634304 0
    outer loop
      vertex -41.0393 40.6945 1
      vertex -40.8839 40.8839 10.9
      vertex -40.8839 40.8839 1
    endloop
  endfacet
  facet normal -0.773084 0.634304 0
    outer loop
      vertex -40.8839 40.8839 10.9
      vertex -41.0393 40.6945 1
      vertex -41.0393 40.6945 10.9
    endloop
  endfacet
  facet normal 0.634304 0.773084 -0
    outer loop
      vertex -39.1161 40.8839 1
      vertex -39.3055 41.0393 10.9
      vertex -39.1161 40.8839 10.9
    endloop
  endfacet
  facet normal 0.634304 0.773084 0
    outer loop
      vertex -39.3055 41.0393 10.9
      vertex -39.1161 40.8839 1
      vertex -39.3055 41.0393 1
    endloop
  endfacet
  facet normal -0.995194 0.097928 0
    outer loop
      vertex -41.25 40 1
      vertex -41.226 40.2439 10.9
      vertex -41.226 40.2439 1
    endloop
  endfacet
  facet normal -0.995194 0.097928 0
    outer loop
      vertex -41.226 40.2439 10.9
      vertex -41.25 40 1
      vertex -41.25 40 10.9
    endloop
  endfacet
  facet normal -0.097928 0.995194 0
    outer loop
      vertex -40 41.25 1
      vertex -40.2439 41.226 10.9
      vertex -40 41.25 10.9
    endloop
  endfacet
  facet normal -0.097928 0.995194 0
    outer loop
      vertex -40.2439 41.226 10.9
      vertex -40 41.25 1
      vertex -40.2439 41.226 1
    endloop
  endfacet
  facet normal -0.290155 0.95698 0
    outer loop
      vertex -40.2439 41.226 1
      vertex -40.4784 41.1549 10.9
      vertex -40.2439 41.226 10.9
    endloop
  endfacet
  facet normal -0.290155 0.95698 0
    outer loop
      vertex -40.4784 41.1549 10.9
      vertex -40.2439 41.226 1
      vertex -40.4784 41.1549 1
    endloop
  endfacet
  facet normal -0.471329 -0.881957 0
    outer loop
      vertex -21.6667 37.5056 0
      vertex -21.148 37.2284 2.5
      vertex -21.6667 37.5056 2.5
    endloop
  endfacet
  facet normal -0.471329 -0.881957 -0
    outer loop
      vertex -21.148 37.2284 2.5
      vertex -21.6667 37.5056 0
      vertex -21.148 37.2284 0
    endloop
  endfacet
  facet normal 0.471329 -0.881957 0
    outer loop
      vertex -18.852 37.2284 0
      vertex -18.3333 37.5056 2.5
      vertex -18.852 37.2284 2.5
    endloop
  endfacet
  facet normal 0.471329 -0.881957 0
    outer loop
      vertex -18.3333 37.5056 2.5
      vertex -18.852 37.2284 0
      vertex -18.3333 37.5056 0
    endloop
  endfacet
  facet normal 0.95689 -0.290451 0
    outer loop
      vertex -17.2284 38.852 2.5
      vertex -17.0576 39.4147 0
      vertex -17.0576 39.4147 2.5
    endloop
  endfacet
  facet normal 0.95689 -0.290451 0
    outer loop
      vertex -17.0576 39.4147 0
      vertex -17.2284 38.852 2.5
      vertex -17.2284 38.852 0
    endloop
  endfacet
  facet normal 0.995193 -0.097938 0
    outer loop
      vertex -17.0576 39.4147 2.5
      vertex -17 40 0
      vertex -17 40 2.5
    endloop
  endfacet
  facet normal 0.995193 -0.097938 0
    outer loop
      vertex -17 40 0
      vertex -17.0576 39.4147 2.5
      vertex -17.0576 39.4147 0
    endloop
  endfacet
  facet normal 0.881957 -0.471329 0
    outer loop
      vertex -17.5056 38.3333 2.5
      vertex -17.2284 38.852 0
      vertex -17.2284 38.852 2.5
    endloop
  endfacet
  facet normal 0.881957 -0.471329 0
    outer loop
      vertex -17.2284 38.852 0
      vertex -17.5056 38.3333 2.5
      vertex -17.5056 38.3333 0
    endloop
  endfacet
  facet normal 0.097938 -0.995193 0
    outer loop
      vertex -20 37 0
      vertex -19.4147 37.0576 2.5
      vertex -20 37 2.5
    endloop
  endfacet
  facet normal 0.097938 -0.995193 0
    outer loop
      vertex -19.4147 37.0576 2.5
      vertex -20 37 0
      vertex -19.4147 37.0576 0
    endloop
  endfacet
  facet normal 0.097938 0.995193 -0
    outer loop
      vertex -19.4147 42.9424 0
      vertex -20 43 2.5
      vertex -19.4147 42.9424 2.5
    endloop
  endfacet
  facet normal 0.097938 0.995193 0
    outer loop
      vertex -20 43 2.5
      vertex -19.4147 42.9424 0
      vertex -20 43 0
    endloop
  endfacet
  facet normal 0.290451 -0.95689 0
    outer loop
      vertex -19.4147 37.0576 0
      vertex -18.852 37.2284 2.5
      vertex -19.4147 37.0576 2.5
    endloop
  endfacet
  facet normal 0.290451 -0.95689 0
    outer loop
      vertex -18.852 37.2284 2.5
      vertex -19.4147 37.0576 0
      vertex -18.852 37.2284 0
    endloop
  endfacet
  facet normal 0.634413 -0.772994 0
    outer loop
      vertex -18.3333 37.5056 0
      vertex -17.8787 37.8787 2.5
      vertex -18.3333 37.5056 2.5
    endloop
  endfacet
  facet normal 0.634413 -0.772994 0
    outer loop
      vertex -17.8787 37.8787 2.5
      vertex -18.3333 37.5056 0
      vertex -17.8787 37.8787 0
    endloop
  endfacet
  facet normal 0.772994 0.634413 0
    outer loop
      vertex -17.5056 41.6667 2.5
      vertex -17.8787 42.1213 0
      vertex -17.8787 42.1213 2.5
    endloop
  endfacet
  facet normal 0.772994 0.634413 0
    outer loop
      vertex -17.8787 42.1213 0
      vertex -17.5056 41.6667 2.5
      vertex -17.5056 41.6667 0
    endloop
  endfacet
  facet normal -0.634413 -0.772994 0
    outer loop
      vertex -22.1213 37.8787 0
      vertex -21.6667 37.5056 2.5
      vertex -22.1213 37.8787 2.5
    endloop
  endfacet
  facet normal -0.634413 -0.772994 -0
    outer loop
      vertex -21.6667 37.5056 2.5
      vertex -22.1213 37.8787 0
      vertex -21.6667 37.5056 0
    endloop
  endfacet
  facet normal 0.471329 0.881957 -0
    outer loop
      vertex -18.3333 42.4944 0
      vertex -18.852 42.7716 2.5
      vertex -18.3333 42.4944 2.5
    endloop
  endfacet
  facet normal 0.471329 0.881957 0
    outer loop
      vertex -18.852 42.7716 2.5
      vertex -18.3333 42.4944 0
      vertex -18.852 42.7716 0
    endloop
  endfacet
  facet normal -0.881957 0.471329 0
    outer loop
      vertex -22.7716 41.148 0
      vertex -22.4944 41.6667 2.5
      vertex -22.4944 41.6667 0
    endloop
  endfacet
  facet normal -0.881957 0.471329 0
    outer loop
      vertex -22.4944 41.6667 2.5
      vertex -22.7716 41.148 0
      vertex -22.7716 41.148 2.5
    endloop
  endfacet
  facet normal 0.995193 0.097938 0
    outer loop
      vertex -17 40 2.5
      vertex -17.0576 40.5853 0
      vertex -17.0576 40.5853 2.5
    endloop
  endfacet
  facet normal 0.995193 0.097938 0
    outer loop
      vertex -17.0576 40.5853 0
      vertex -17 40 2.5
      vertex -17 40 0
    endloop
  endfacet
  facet normal -0.290451 -0.95689 0
    outer loop
      vertex -21.148 37.2284 0
      vertex -20.5853 37.0576 2.5
      vertex -21.148 37.2284 2.5
    endloop
  endfacet
  facet normal -0.290451 -0.95689 -0
    outer loop
      vertex -20.5853 37.0576 2.5
      vertex -21.148 37.2284 0
      vertex -20.5853 37.0576 0
    endloop
  endfacet
  facet normal -0.097938 0.995193 0
    outer loop
      vertex -20 43 0
      vertex -20.5853 42.9424 2.5
      vertex -20 43 2.5
    endloop
  endfacet
  facet normal -0.097938 0.995193 0
    outer loop
      vertex -20.5853 42.9424 2.5
      vertex -20 43 0
      vertex -20.5853 42.9424 0
    endloop
  endfacet
  facet normal 0 0 1
    outer loop
      vertex -18.725 40 2.5
      vertex -17 40 2.5
      vertex -17.0576 40.5853 2.5
    endloop
  endfacet
  facet normal 0 0 1
    outer loop
      vertex -18.7495 40.2487 2.5
      vertex -17.0576 40.5853 2.5
      vertex -17.2284 41.148 2.5
    endloop
  endfacet
  facet normal 0 0 1
    outer loop
      vertex -17 40 2.5
      vertex -18.725 40 2.5
      vertex -17.0576 39.4147 2.5
    endloop
  endfacet
  facet normal 0 0 1
    outer loop
      vertex -18.8221 40.4879 2.5
      vertex -17.2284 41.148 2.5
      vertex -17.5056 41.6667 2.5
    endloop
  endfacet
  facet normal -0 0 1
    outer loop
      vertex -18.7495 39.7513 2.5
      vertex -17.0576 39.4147 2.5
      vertex -18.725 40 2.5
    endloop
  endfacet
  facet normal 0 0 1
    outer loop
      vertex -18.9399 40.7084 2.5
      vertex -17.5056 41.6667 2.5
      vertex -17.8787 42.1213 2.5
    endloop
  endfacet
  facet normal 0 0 1
    outer loop
      vertex -17.0576 39.4147 2.5
      vertex -18.7495 39.7513 2.5
      vertex -17.2284 38.852 2.5
    endloop
  endfacet
  facet normal 0 0 1
    outer loop
      vertex -19.0984 40.9016 2.5
      vertex -17.8787 42.1213 2.5
      vertex -18.3333 42.4944 2.5
    endloop
  endfacet
  facet normal -0 0 1
    outer loop
      vertex -18.8221 39.5121 2.5
      vertex -17.2284 38.852 2.5
      vertex -18.7495 39.7513 2.5
    endloop
  endfacet
  facet normal 0 0 1
    outer loop
      vertex -17.2284 38.852 2.5
      vertex -18.8221 39.5121 2.5
      vertex -17.5056 38.3333 2.5
    endloop
  endfacet
  facet normal 0 0 1
    outer loop
      vertex -17.0576 40.5853 2.5
      vertex -18.7495 40.2487 2.5
      vertex -18.725 40 2.5
    endloop
  endfacet
  facet normal 0 0 1
    outer loop
      vertex -17.2284 41.148 2.5
      vertex -18.8221 40.4879 2.5
      vertex -18.7495 40.2487 2.5
    endloop
  endfacet
  facet normal 0 0 1
    outer loop
      vertex -19.2916 41.0601 2.5
      vertex -18.3333 42.4944 2.5
      vertex -18.852 42.7716 2.5
    endloop
  endfacet
  facet normal 0 0 1
    outer loop
      vertex -17.5056 41.6667 2.5
      vertex -18.9399 40.7084 2.5
      vertex -18.8221 40.4879 2.5
    endloop
  endfacet
  facet normal 0 0 1
    outer loop
      vertex -17.8787 42.1213 2.5
      vertex -19.0984 40.9016 2.5
      vertex -18.9399 40.7084 2.5
    endloop
  endfacet
  facet normal 0 0 1
    outer loop
      vertex -18.3333 42.4944 2.5
      vertex -19.2916 41.0601 2.5
      vertex -19.0984 40.9016 2.5
    endloop
  endfacet
  facet normal 0 0 1
    outer loop
      vertex -19.5121 41.1779 2.5
      vertex -18.852 42.7716 2.5
      vertex -19.4147 42.9424 2.5
    endloop
  endfacet
  facet normal 0 0 1
    outer loop
      vertex -18.852 42.7716 2.5
      vertex -19.5121 41.1779 2.5
      vertex -19.2916 41.0601 2.5
    endloop
  endfacet
  facet normal 0 0 1
    outer loop
      vertex -19.4147 42.9424 2.5
      vertex -19.7513 41.2505 2.5
      vertex -19.5121 41.1779 2.5
    endloop
  endfacet
  facet normal 0 0 1
    outer loop
      vertex -20 43 2.5
      vertex -19.7513 41.2505 2.5
      vertex -19.4147 42.9424 2.5
    endloop
  endfacet
  facet normal 0 0 1
    outer loop
      vertex -20 43 2.5
      vertex -20 41.275 2.5
      vertex -19.7513 41.2505 2.5
    endloop
  endfacet
  facet normal 0 0 1
    outer loop
      vertex -20 43 2.5
      vertex -20.2487 41.2505 2.5
      vertex -20 41.275 2.5
    endloop
  endfacet
  facet normal -0 0 1
    outer loop
      vertex -20.5853 42.9424 2.5
      vertex -20.2487 41.2505 2.5
      vertex -20 43 2.5
    endloop
  endfacet
  facet normal 0 0 1
    outer loop
      vertex -20.2487 41.2505 2.5
      vertex -20.5853 42.9424 2.5
      vertex -20.4879 41.1779 2.5
    endloop
  endfacet
  facet normal -0 0 1
    outer loop
      vertex -21.148 42.7716 2.5
      vertex -20.4879 41.1779 2.5
      vertex -20.5853 42.9424 2.5
    endloop
  endfacet
  facet normal 0 0 1
    outer loop
      vertex -20.4879 41.1779 2.5
      vertex -21.148 42.7716 2.5
      vertex -20.7084 41.0601 2.5
    endloop
  endfacet
  facet normal -0 0 1
    outer loop
      vertex -21.6667 42.4944 2.5
      vertex -20.7084 41.0601 2.5
      vertex -21.148 42.7716 2.5
    endloop
  endfacet
  facet normal 0 0 1
    outer loop
      vertex -20.7084 41.0601 2.5
      vertex -21.6667 42.4944 2.5
      vertex -20.9016 40.9016 2.5
    endloop
  endfacet
  facet normal -0 0 1
    outer loop
      vertex -22.1213 42.1213 2.5
      vertex -20.9016 40.9016 2.5
      vertex -21.6667 42.4944 2.5
    endloop
  endfacet
  facet normal 0 0 1
    outer loop
      vertex -20.9016 40.9016 2.5
      vertex -22.1213 42.1213 2.5
      vertex -21.0601 40.7084 2.5
    endloop
  endfacet
  facet normal -0 0 1
    outer loop
      vertex -22.4944 41.6667 2.5
      vertex -21.0601 40.7084 2.5
      vertex -22.1213 42.1213 2.5
    endloop
  endfacet
  facet normal 0 0 1
    outer loop
      vertex -21.0601 40.7084 2.5
      vertex -22.4944 41.6667 2.5
      vertex -21.1779 40.4879 2.5
    endloop
  endfacet
  facet normal -0 0 1
    outer loop
      vertex -18.9399 39.2916 2.5
      vertex -17.5056 38.3333 2.5
      vertex -18.8221 39.5121 2.5
    endloop
  endfacet
  facet normal 0 0 1
    outer loop
      vertex -17.5056 38.3333 2.5
      vertex -18.9399 39.2916 2.5
      vertex -17.8787 37.8787 2.5
    endloop
  endfacet
  facet normal -0 0 1
    outer loop
      vertex -19.0984 39.0984 2.5
      vertex -17.8787 37.8787 2.5
      vertex -18.9399 39.2916 2.5
    endloop
  endfacet
  facet normal 0 0 1
    outer loop
      vertex -17.8787 37.8787 2.5
      vertex -19.0984 39.0984 2.5
      vertex -18.3333 37.5056 2.5
    endloop
  endfacet
  facet normal -0 0 1
    outer loop
      vertex -19.2916 38.9399 2.5
      vertex -18.3333 37.5056 2.5
      vertex -19.0984 39.0984 2.5
    endloop
  endfacet
  facet normal 0 0 1
    outer loop
      vertex -18.3333 37.5056 2.5
      vertex -19.2916 38.9399 2.5
      vertex -18.852 37.2284 2.5
    endloop
  endfacet
  facet normal -0 0 1
    outer loop
      vertex -19.5121 38.8221 2.5
      vertex -18.852 37.2284 2.5
      vertex -19.2916 38.9399 2.5
    endloop
  endfacet
  facet normal 0 0 1
    outer loop
      vertex -18.852 37.2284 2.5
      vertex -19.5121 38.8221 2.5
      vertex -19.4147 37.0576 2.5
    endloop
  endfacet
  facet normal -0 0 1
    outer loop
      vertex -19.7513 38.7495 2.5
      vertex -19.4147 37.0576 2.5
      vertex -19.5121 38.8221 2.5
    endloop
  endfacet
  facet normal -0 0 1
    outer loop
      vertex -20 38.725 2.5
      vertex -19.4147 37.0576 2.5
      vertex -19.7513 38.7495 2.5
    endloop
  endfacet
  facet normal 0 0 1
    outer loop
      vertex -20 38.725 2.5
      vertex -20 37 2.5
      vertex -19.4147 37.0576 2.5
    endloop
  endfacet
  facet normal 0 0 1
    outer loop
      vertex -20.2487 38.7495 2.5
      vertex -20 37 2.5
      vertex -20 38.725 2.5
    endloop
  endfacet
  facet normal 0 0 1
    outer loop
      vertex -20.5853 37.0576 2.5
      vertex -20.2487 38.7495 2.5
      vertex -20.4879 38.8221 2.5
    endloop
  endfacet
  facet normal 0 0 1
    outer loop
      vertex -20.2487 38.7495 2.5
      vertex -20.5853 37.0576 2.5
      vertex -20 37 2.5
    endloop
  endfacet
  facet normal 0 0 1
    outer loop
      vertex -21.148 37.2284 2.5
      vertex -20.4879 38.8221 2.5
      vertex -20.7084 38.9399 2.5
    endloop
  endfacet
  facet normal 0 0 1
    outer loop
      vertex -21.6667 37.5056 2.5
      vertex -20.7084 38.9399 2.5
      vertex -20.9016 39.0984 2.5
    endloop
  endfacet
  facet normal 0 0 1
    outer loop
      vertex -22.1213 37.8787 2.5
      vertex -20.9016 39.0984 2.5
      vertex -21.0601 39.2916 2.5
    endloop
  endfacet
  facet normal 0 0 1
    outer loop
      vertex -20.4879 38.8221 2.5
      vertex -21.148 37.2284 2.5
      vertex -20.5853 37.0576 2.5
    endloop
  endfacet
  facet normal 0 0 1
    outer loop
      vertex -22.4944 38.3333 2.5
      vertex -21.0601 39.2916 2.5
      vertex -21.1779 39.5121 2.5
    endloop
  endfacet
  facet normal 0 0 1
    outer loop
      vertex -22.7716 38.852 2.5
      vertex -21.1779 39.5121 2.5
      vertex -21.2505 39.7513 2.5
    endloop
  endfacet
  facet normal 0 0 1
    outer loop
      vertex -22.9424 39.4147 2.5
      vertex -21.2505 39.7513 2.5
      vertex -21.275 40 2.5
    endloop
  endfacet
  facet normal -0 0 1
    outer loop
      vertex -22.7716 41.148 2.5
      vertex -21.1779 40.4879 2.5
      vertex -22.4944 41.6667 2.5
    endloop
  endfacet
  facet normal 0 0 1
    outer loop
      vertex -20.7084 38.9399 2.5
      vertex -21.6667 37.5056 2.5
      vertex -21.148 37.2284 2.5
    endloop
  endfacet
  facet normal 0 0 1
    outer loop
      vertex -21.1779 40.4879 2.5
      vertex -22.7716 41.148 2.5
      vertex -21.2505 40.2487 2.5
    endloop
  endfacet
  facet normal 0 0 1
    outer loop
      vertex -20.9016 39.0984 2.5
      vertex -22.1213 37.8787 2.5
      vertex -21.6667 37.5056 2.5
    endloop
  endfacet
  facet normal -0 0 1
    outer loop
      vertex -22.9424 40.5853 2.5
      vertex -21.2505 40.2487 2.5
      vertex -22.7716 41.148 2.5
    endloop
  endfacet
  facet normal 0 0 1
    outer loop
      vertex -21.0601 39.2916 2.5
      vertex -22.4944 38.3333 2.5
      vertex -22.1213 37.8787 2.5
    endloop
  endfacet
  facet normal 0 0 1
    outer loop
      vertex -21.2505 40.2487 2.5
      vertex -22.9424 40.5853 2.5
      vertex -21.275 40 2.5
    endloop
  endfacet
  facet normal 0 0 1
    outer loop
      vertex -21.1779 39.5121 2.5
      vertex -22.7716 38.852 2.5
      vertex -22.4944 38.3333 2.5
    endloop
  endfacet
  facet normal 0 0 1
    outer loop
      vertex -23 40 2.5
      vertex -21.275 40 2.5
      vertex -22.9424 40.5853 2.5
    endloop
  endfacet
  facet normal 0 0 1
    outer loop
      vertex -21.2505 39.7513 2.5
      vertex -22.9424 39.4147 2.5
      vertex -22.7716 38.852 2.5
    endloop
  endfacet
  facet normal 0 0 1
    outer loop
      vertex -21.275 40 2.5
      vertex -23 40 2.5
      vertex -22.9424 39.4147 2.5
    endloop
  endfacet
  facet normal -0.881957 -0.471329 0
    outer loop
      vertex -22.4944 38.3333 0
      vertex -22.7716 38.852 2.5
      vertex -22.7716 38.852 0
    endloop
  endfacet
  facet normal -0.881957 -0.471329 0
    outer loop
      vertex -22.7716 38.852 2.5
      vertex -22.4944 38.3333 0
      vertex -22.4944 38.3333 2.5
    endloop
  endfacet
  facet normal 0.290451 0.95689 -0
    outer loop
      vertex -18.852 42.7716 0
      vertex -19.4147 42.9424 2.5
      vertex -18.852 42.7716 2.5
    endloop
  endfacet
  facet normal 0.290451 0.95689 0
    outer loop
      vertex -19.4147 42.9424 2.5
      vertex -18.852 42.7716 0
      vertex -19.4147 42.9424 0
    endloop
  endfacet
  facet normal 0 0 -1
    outer loop
      vertex -17.0576 39.4147 0
      vertex -17.0576 40.5853 0
      vertex -17 40 0
    endloop
  endfacet
  facet normal 0 0 -1
    outer loop
      vertex -17.2284 38.852 0
      vertex -17.0576 40.5853 0
      vertex -17.0576 39.4147 0
    endloop
  endfacet
  facet normal 0 0 -1
    outer loop
      vertex -17.2284 38.852 0
      vertex -17.2284 41.148 0
      vertex -17.0576 40.5853 0
    endloop
  endfacet
  facet normal 0 0 -1
    outer loop
      vertex -17.5056 38.3333 0
      vertex -17.2284 41.148 0
      vertex -17.2284 38.852 0
    endloop
  endfacet
  facet normal 0 0 -1
    outer loop
      vertex -17.5056 38.3333 0
      vertex -17.5056 41.6667 0
      vertex -17.2284 41.148 0
    endloop
  endfacet
  facet normal 0 0 -1
    outer loop
      vertex -17.8787 37.8787 0
      vertex -17.5056 41.6667 0
      vertex -17.5056 38.3333 0
    endloop
  endfacet
  facet normal 0 0 -1
    outer loop
      vertex -17.8787 37.8787 0
      vertex -17.8787 42.1213 0
      vertex -17.5056 41.6667 0
    endloop
  endfacet
  facet normal 0 0 -1
    outer loop
      vertex -18.3333 37.5056 0
      vertex -17.8787 42.1213 0
      vertex -17.8787 37.8787 0
    endloop
  endfacet
  facet normal 0 0 -1
    outer loop
      vertex -18.3333 37.5056 0
      vertex -18.3333 42.4944 0
      vertex -17.8787 42.1213 0
    endloop
  endfacet
  facet normal 0 0 -1
    outer loop
      vertex -18.852 37.2284 0
      vertex -18.3333 42.4944 0
      vertex -18.3333 37.5056 0
    endloop
  endfacet
  facet normal 0 0 -1
    outer loop
      vertex -18.852 37.2284 0
      vertex -18.852 42.7716 0
      vertex -18.3333 42.4944 0
    endloop
  endfacet
  facet normal 0 0 -1
    outer loop
      vertex -19.4147 37.0576 0
      vertex -18.852 42.7716 0
      vertex -18.852 37.2284 0
    endloop
  endfacet
  facet normal 0 0 -1
    outer loop
      vertex -19.4147 37.0576 0
      vertex -19.4147 42.9424 0
      vertex -18.852 42.7716 0
    endloop
  endfacet
  facet normal 0 0 -1
    outer loop
      vertex -20 37 0
      vertex -19.4147 42.9424 0
      vertex -19.4147 37.0576 0
    endloop
  endfacet
  facet normal 0 0 -1
    outer loop
      vertex -20 37 0
      vertex -20 43 0
      vertex -19.4147 42.9424 0
    endloop
  endfacet
  facet normal 0 0 -1
    outer loop
      vertex -20.5853 37.0576 0
      vertex -20 43 0
      vertex -20 37 0
    endloop
  endfacet
  facet normal 0 0 -1
    outer loop
      vertex -20.5853 37.0576 0
      vertex -20.5853 42.9424 0
      vertex -20 43 0
    endloop
  endfacet
  facet normal 0 0 -1
    outer loop
      vertex -21.148 37.2284 0
      vertex -20.5853 42.9424 0
      vertex -20.5853 37.0576 0
    endloop
  endfacet
  facet normal 0 0 -1
    outer loop
      vertex -21.148 37.2284 0
      vertex -21.148 42.7716 0
      vertex -20.5853 42.9424 0
    endloop
  endfacet
  facet normal 0 0 -1
    outer loop
      vertex -21.6667 37.5056 0
      vertex -21.148 42.7716 0
      vertex -21.148 37.2284 0
    endloop
  endfacet
  facet normal 0 0 -1
    outer loop
      vertex -21.6667 37.5056 0
      vertex -21.6667 42.4944 0
      vertex -21.148 42.7716 0
    endloop
  endfacet
  facet normal 0 0 -1
    outer loop
      vertex -22.1213 37.8787 0
      vertex -21.6667 42.4944 0
      vertex -21.6667 37.5056 0
    endloop
  endfacet
  facet normal 0 0 -1
    outer loop
      vertex -22.1213 37.8787 0
      vertex -22.1213 42.1213 0
      vertex -21.6667 42.4944 0
    endloop
  endfacet
  facet normal 0 0 -1
    outer loop
      vertex -22.4944 38.3333 0
      vertex -22.1213 42.1213 0
      vertex -22.1213 37.8787 0
    endloop
  endfacet
  facet normal 0 0 -1
    outer loop
      vertex -22.4944 38.3333 0
      vertex -22.4944 41.6667 0
      vertex -22.1213 42.1213 0
    endloop
  endfacet
  facet normal 0 0 -1
    outer loop
      vertex -22.7716 38.852 0
      vertex -22.4944 41.6667 0
      vertex -22.4944 38.3333 0
    endloop
  endfacet
  facet normal 0 0 -1
    outer loop
      vertex -22.7716 38.852 0
      vertex -22.7716 41.148 0
      vertex -22.4944 41.6667 0
    endloop
  endfacet
  facet normal 0 0 -1
    outer loop
      vertex -22.9424 39.4147 0
      vertex -22.7716 41.148 0
      vertex -22.7716 38.852 0
    endloop
  endfacet
  facet normal 0 0 -1
    outer loop
      vertex -22.9424 39.4147 0
      vertex -22.9424 40.5853 0
      vertex -22.7716 41.148 0
    endloop
  endfacet
  facet normal 0 -0 -1
    outer loop
      vertex -22.9424 40.5853 0
      vertex -22.9424 39.4147 0
      vertex -23 40 0
    endloop
  endfacet
  facet normal -0.290451 0.95689 0
    outer loop
      vertex -20.5853 42.9424 0
      vertex -21.148 42.7716 2.5
      vertex -20.5853 42.9424 2.5
    endloop
  endfacet
  facet normal -0.290451 0.95689 0
    outer loop
      vertex -21.148 42.7716 2.5
      vertex -20.5853 42.9424 0
      vertex -21.148 42.7716 0
    endloop
  endfacet
  facet normal 0.95689 0.290451 0
    outer loop
      vertex -17.0576 40.5853 2.5
      vertex -17.2284 41.148 0
      vertex -17.2284 41.148 2.5
    endloop
  endfacet
  facet normal 0.95689 0.290451 0
    outer loop
      vertex -17.2284 41.148 0
      vertex -17.0576 40.5853 2.5
      vertex -17.0576 40.5853 0
    endloop
  endfacet
  facet normal 0.772994 -0.634413 0
    outer loop
      vertex -17.8787 37.8787 2.5
      vertex -17.5056 38.3333 0
      vertex -17.5056 38.3333 2.5
    endloop
  endfacet
  facet normal 0.772994 -0.634413 0
    outer loop
      vertex -17.5056 38.3333 0
      vertex -17.8787 37.8787 2.5
      vertex -17.8787 37.8787 0
    endloop
  endfacet
  facet normal -0.995193 -0.097938 0
    outer loop
      vertex -22.9424 39.4147 0
      vertex -23 40 2.5
      vertex -23 40 0
    endloop
  endfacet
  facet normal -0.995193 -0.097938 0
    outer loop
      vertex -23 40 2.5
      vertex -22.9424 39.4147 0
      vertex -22.9424 39.4147 2.5
    endloop
  endfacet
  facet normal 0.634413 0.772994 -0
    outer loop
      vertex -17.8787 42.1213 0
      vertex -18.3333 42.4944 2.5
      vertex -17.8787 42.1213 2.5
    endloop
  endfacet
  facet normal 0.634413 0.772994 0
    outer loop
      vertex -18.3333 42.4944 2.5
      vertex -17.8787 42.1213 0
      vertex -18.3333 42.4944 0
    endloop
  endfacet
  facet normal -0.634413 0.772994 0
    outer loop
      vertex -21.6667 42.4944 0
      vertex -22.1213 42.1213 2.5
      vertex -21.6667 42.4944 2.5
    endloop
  endfacet
  facet normal -0.634413 0.772994 0
    outer loop
      vertex -22.1213 42.1213 2.5
      vertex -21.6667 42.4944 0
      vertex -22.1213 42.1213 0
    endloop
  endfacet
  facet normal -0.097938 -0.995193 0
    outer loop
      vertex -20.5853 37.0576 0
      vertex -20 37 2.5
      vertex -20.5853 37.0576 2.5
    endloop
  endfacet
  facet normal -0.097938 -0.995193 -0
    outer loop
      vertex -20 37 2.5
      vertex -20.5853 37.0576 0
      vertex -20 37 0
    endloop
  endfacet
  facet normal 0.881957 0.471329 0
    outer loop
      vertex -17.2284 41.148 2.5
      vertex -17.5056 41.6667 0
      vertex -17.5056 41.6667 2.5
    endloop
  endfacet
  facet normal 0.881957 0.471329 0
    outer loop
      vertex -17.5056 41.6667 0
      vertex -17.2284 41.148 2.5
      vertex -17.2284 41.148 0
    endloop
  endfacet
  facet normal -0.95689 0.290451 0
    outer loop
      vertex -22.9424 40.5853 0
      vertex -22.7716 41.148 2.5
      vertex -22.7716 41.148 0
    endloop
  endfacet
  facet normal -0.95689 0.290451 0
    outer loop
      vertex -22.7716 41.148 2.5
      vertex -22.9424 40.5853 0
      vertex -22.9424 40.5853 2.5
    endloop
  endfacet
  facet normal -0.995193 0.097938 0
    outer loop
      vertex -23 40 0
      vertex -22.9424 40.5853 2.5
      vertex -22.9424 40.5853 0
    endloop
  endfacet
  facet normal -0.995193 0.097938 0
    outer loop
      vertex -22.9424 40.5853 2.5
      vertex -23 40 0
      vertex -23 40 2.5
    endloop
  endfacet
  facet normal -0.772994 0.634413 0
    outer loop
      vertex -22.4944 41.6667 0
      vertex -22.1213 42.1213 2.5
      vertex -22.1213 42.1213 0
    endloop
  endfacet
  facet normal -0.772994 0.634413 0
    outer loop
      vertex -22.1213 42.1213 2.5
      vertex -22.4944 41.6667 0
      vertex -22.4944 41.6667 2.5
    endloop
  endfacet
  facet normal -0.772994 -0.634413 0
    outer loop
      vertex -22.1213 37.8787 0
      vertex -22.4944 38.3333 2.5
      vertex -22.4944 38.3333 0
    endloop
  endfacet
  facet normal -0.772994 -0.634413 0
    outer loop
      vertex -22.4944 38.3333 2.5
      vertex -22.1213 37.8787 0
      vertex -22.1213 37.8787 2.5
    endloop
  endfacet
  facet normal -0.95689 -0.290451 0
    outer loop
      vertex -22.7716 38.852 0
      vertex -22.9424 39.4147 2.5
      vertex -22.9424 39.4147 0
    endloop
  endfacet
  facet normal -0.95689 -0.290451 0
    outer loop
      vertex -22.9424 39.4147 2.5
      vertex -22.7716 38.852 0
      vertex -22.7716 38.852 2.5
    endloop
  endfacet
  facet normal -0.471329 0.881957 0
    outer loop
      vertex -21.148 42.7716 0
      vertex -21.6667 42.4944 2.5
      vertex -21.148 42.7716 2.5
    endloop
  endfacet
  facet normal -0.471329 0.881957 0
    outer loop
      vertex -21.6667 42.4944 2.5
      vertex -21.148 42.7716 0
      vertex -21.6667 42.4944 0
    endloop
  endfacet
  facet normal 0.882021 0.471211 0
    outer loop
      vertex -21.0601 39.2916 2.5
      vertex -21.1779 39.5121 0.5
      vertex -21.1779 39.5121 2.5
    endloop
  endfacet
  facet normal 0.882021 0.471211 0
    outer loop
      vertex -21.1779 39.5121 0.5
      vertex -21.0601 39.2916 2.5
      vertex -21.0601 39.2916 0.5
    endloop
  endfacet
  facet normal -0.0980377 -0.995183 0
    outer loop
      vertex -20 41.275 0.5
      vertex -19.7513 41.2505 2.5
      vertex -20 41.275 2.5
    endloop
  endfacet
  facet normal -0.0980377 -0.995183 -0
    outer loop
      vertex -19.7513 41.2505 2.5
      vertex -20 41.275 0.5
      vertex -19.7513 41.2505 0.5
    endloop
  endfacet
  facet normal -0.956896 0.290429 0
    outer loop
      vertex -18.8221 39.5121 0.5
      vertex -18.7495 39.7513 2.5
      vertex -18.7495 39.7513 0.5
    endloop
  endfacet
  facet normal -0.956896 0.290429 0
    outer loop
      vertex -18.7495 39.7513 2.5
      vertex -18.8221 39.5121 0.5
      vertex -18.8221 39.5121 2.5
    endloop
  endfacet
  facet normal -0.995183 0.0980377 0
    outer loop
      vertex -18.7495 39.7513 0.5
      vertex -18.725 40 2.5
      vertex -18.725 40 0.5
    endloop
  endfacet
  facet normal -0.995183 0.0980377 0
    outer loop
      vertex -18.725 40 2.5
      vertex -18.7495 39.7513 0.5
      vertex -18.7495 39.7513 2.5
    endloop
  endfacet
  facet normal -0.290429 -0.956896 0
    outer loop
      vertex -19.7513 41.2505 0.5
      vertex -19.5121 41.1779 2.5
      vertex -19.7513 41.2505 2.5
    endloop
  endfacet
  facet normal -0.290429 -0.956896 -0
    outer loop
      vertex -19.5121 41.1779 2.5
      vertex -19.7513 41.2505 0.5
      vertex -19.5121 41.1779 0.5
    endloop
  endfacet
  facet normal 0.956896 -0.290429 0
    outer loop
      vertex -21.2505 40.2487 2.5
      vertex -21.1779 40.4879 0.5
      vertex -21.1779 40.4879 2.5
    endloop
  endfacet
  facet normal 0.956896 -0.290429 0
    outer loop
      vertex -21.1779 40.4879 0.5
      vertex -21.2505 40.2487 2.5
      vertex -21.2505 40.2487 0.5
    endloop
  endfacet
  facet normal -0.773119 -0.634261 0
    outer loop
      vertex -18.9399 40.7084 0.5
      vertex -19.0984 40.9016 2.5
      vertex -19.0984 40.9016 0.5
    endloop
  endfacet
  facet normal -0.773119 -0.634261 0
    outer loop
      vertex -19.0984 40.9016 2.5
      vertex -18.9399 40.7084 0.5
      vertex -18.9399 40.7084 2.5
    endloop
  endfacet
  facet normal -0.882021 0.471211 0
    outer loop
      vertex -18.9399 39.2916 0.5
      vertex -18.8221 39.5121 2.5
      vertex -18.8221 39.5121 0.5
    endloop
  endfacet
  facet normal -0.882021 0.471211 0
    outer loop
      vertex -18.8221 39.5121 2.5
      vertex -18.9399 39.2916 0.5
      vertex -18.9399 39.2916 2.5
    endloop
  endfacet
  facet normal -0.634261 0.773119 0
    outer loop
      vertex -19.0984 39.0984 0.5
      vertex -19.2916 38.9399 2.5
      vertex -19.0984 39.0984 2.5
    endloop
  endfacet
  facet normal -0.634261 0.773119 0
    outer loop
      vertex -19.2916 38.9399 2.5
      vertex -19.0984 39.0984 0.5
      vertex -19.2916 38.9399 0.5
    endloop
  endfacet
  facet normal -0.290429 0.956896 0
    outer loop
      vertex -19.5121 38.8221 0.5
      vertex -19.7513 38.7495 2.5
      vertex -19.5121 38.8221 2.5
    endloop
  endfacet
  facet normal -0.290429 0.956896 0
    outer loop
      vertex -19.7513 38.7495 2.5
      vertex -19.5121 38.8221 0.5
      vertex -19.7513 38.7495 0.5
    endloop
  endfacet
  facet normal 0.882021 -0.471211 0
    outer loop
      vertex -21.1779 40.4879 2.5
      vertex -21.0601 40.7084 0.5
      vertex -21.0601 40.7084 2.5
    endloop
  endfacet
  facet normal 0.882021 -0.471211 0
    outer loop
      vertex -21.0601 40.7084 0.5
      vertex -21.1779 40.4879 2.5
      vertex -21.1779 40.4879 0.5
    endloop
  endfacet
  facet normal -0.773119 0.634261 0
    outer loop
      vertex -19.0984 39.0984 0.5
      vertex -18.9399 39.2916 2.5
      vertex -18.9399 39.2916 0.5
    endloop
  endfacet
  facet normal -0.773119 0.634261 0
    outer loop
      vertex -18.9399 39.2916 2.5
      vertex -19.0984 39.0984 0.5
      vertex -19.0984 39.0984 2.5
    endloop
  endfacet
  facet normal -0.0980377 0.995183 0
    outer loop
      vertex -19.7513 38.7495 0.5
      vertex -20 38.725 2.5
      vertex -19.7513 38.7495 2.5
    endloop
  endfacet
  facet normal -0.0980377 0.995183 0
    outer loop
      vertex -20 38.725 2.5
      vertex -19.7513 38.7495 0.5
      vertex -20 38.725 0.5
    endloop
  endfacet
  facet normal 0.290429 0.956896 -0
    outer loop
      vertex -20.2487 38.7495 0.5
      vertex -20.4879 38.8221 2.5
      vertex -20.2487 38.7495 2.5
    endloop
  endfacet
  facet normal 0.290429 0.956896 0
    outer loop
      vertex -20.4879 38.8221 2.5
      vertex -20.2487 38.7495 0.5
      vertex -20.4879 38.8221 0.5
    endloop
  endfacet
  facet normal 0 0 1
    outer loop
      vertex -18.7495 40.2487 0.5
      vertex -18.7495 39.7513 0.5
      vertex -18.725 40 0.5
    endloop
  endfacet
  facet normal 0 0 1
    outer loop
      vertex -18.8221 40.4879 0.5
      vertex -18.7495 39.7513 0.5
      vertex -18.7495 40.2487 0.5
    endloop
  endfacet
  facet normal 0 0 1
    outer loop
      vertex -18.8221 40.4879 0.5
      vertex -18.8221 39.5121 0.5
      vertex -18.7495 39.7513 0.5
    endloop
  endfacet
  facet normal 0 0 1
    outer loop
      vertex -18.9399 40.7084 0.5
      vertex -18.8221 39.5121 0.5
      vertex -18.8221 40.4879 0.5
    endloop
  endfacet
  facet normal 0 0 1
    outer loop
      vertex -18.9399 40.7084 0.5
      vertex -18.9399 39.2916 0.5
      vertex -18.8221 39.5121 0.5
    endloop
  endfacet
  facet normal 0 0 1
    outer loop
      vertex -19.0984 40.9016 0.5
      vertex -18.9399 39.2916 0.5
      vertex -18.9399 40.7084 0.5
    endloop
  endfacet
  facet normal 0 0 1
    outer loop
      vertex -19.0984 40.9016 0.5
      vertex -19.0984 39.0984 0.5
      vertex -18.9399 39.2916 0.5
    endloop
  endfacet
  facet normal 0 0 1
    outer loop
      vertex -19.2916 41.0601 0.5
      vertex -19.0984 39.0984 0.5
      vertex -19.0984 40.9016 0.5
    endloop
  endfacet
  facet normal 0 0 1
    outer loop
      vertex -19.2916 41.0601 0.5
      vertex -19.2916 38.9399 0.5
      vertex -19.0984 39.0984 0.5
    endloop
  endfacet
  facet normal 0 0 1
    outer loop
      vertex -19.5121 41.1779 0.5
      vertex -19.2916 38.9399 0.5
      vertex -19.2916 41.0601 0.5
    endloop
  endfacet
  facet normal 0 0 1
    outer loop
      vertex -19.5121 41.1779 0.5
      vertex -19.5121 38.8221 0.5
      vertex -19.2916 38.9399 0.5
    endloop
  endfacet
  facet normal 0 0 1
    outer loop
      vertex -19.7513 41.2505 0.5
      vertex -19.5121 38.8221 0.5
      vertex -19.5121 41.1779 0.5
    endloop
  endfacet
  facet normal 0 0 1
    outer loop
      vertex -19.7513 41.2505 0.5
      vertex -19.7513 38.7495 0.5
      vertex -19.5121 38.8221 0.5
    endloop
  endfacet
  facet normal 0 0 1
    outer loop
      vertex -20 41.275 0.5
      vertex -19.7513 38.7495 0.5
      vertex -19.7513 41.2505 0.5
    endloop
  endfacet
  facet normal 0 0 1
    outer loop
      vertex -20 41.275 0.5
      vertex -20 38.725 0.5
      vertex -19.7513 38.7495 0.5
    endloop
  endfacet
  facet normal -0 0 1
    outer loop
      vertex -20.2487 41.2505 0.5
      vertex -20 38.725 0.5
      vertex -20 41.275 0.5
    endloop
  endfacet
  facet normal 0 0 1
    outer loop
      vertex -20.2487 41.2505 0.5
      vertex -20.2487 38.7495 0.5
      vertex -20 38.725 0.5
    endloop
  endfacet
  facet normal -0 0 1
    outer loop
      vertex -20.4879 41.1779 0.5
      vertex -20.2487 38.7495 0.5
      vertex -20.2487 41.2505 0.5
    endloop
  endfacet
  facet normal 0 0 1
    outer loop
      vertex -20.4879 41.1779 0.5
      vertex -20.4879 38.8221 0.5
      vertex -20.2487 38.7495 0.5
    endloop
  endfacet
  facet normal -0 0 1
    outer loop
      vertex -20.7084 41.0601 0.5
      vertex -20.4879 38.8221 0.5
      vertex -20.4879 41.1779 0.5
    endloop
  endfacet
  facet normal 0 0 1
    outer loop
      vertex -20.7084 41.0601 0.5
      vertex -20.7084 38.9399 0.5
      vertex -20.4879 38.8221 0.5
    endloop
  endfacet
  facet normal -0 0 1
    outer loop
      vertex -20.9016 40.9016 0.5
      vertex -20.7084 38.9399 0.5
      vertex -20.7084 41.0601 0.5
    endloop
  endfacet
  facet normal 0 0 1
    outer loop
      vertex -20.9016 40.9016 0.5
      vertex -20.9016 39.0984 0.5
      vertex -20.7084 38.9399 0.5
    endloop
  endfacet
  facet normal -0 0 1
    outer loop
      vertex -21.0601 40.7084 0.5
      vertex -20.9016 39.0984 0.5
      vertex -20.9016 40.9016 0.5
    endloop
  endfacet
  facet normal 0 0 1
    outer loop
      vertex -21.0601 40.7084 0.5
      vertex -21.0601 39.2916 0.5
      vertex -20.9016 39.0984 0.5
    endloop
  endfacet
  facet normal -0 0 1
    outer loop
      vertex -21.1779 40.4879 0.5
      vertex -21.0601 39.2916 0.5
      vertex -21.0601 40.7084 0.5
    endloop
  endfacet
  facet normal 0 0 1
    outer loop
      vertex -21.1779 40.4879 0.5
      vertex -21.1779 39.5121 0.5
      vertex -21.0601 39.2916 0.5
    endloop
  endfacet
  facet normal -0 0 1
    outer loop
      vertex -21.2505 40.2487 0.5
      vertex -21.1779 39.5121 0.5
      vertex -21.1779 40.4879 0.5
    endloop
  endfacet
  facet normal 0 0 1
    outer loop
      vertex -21.2505 40.2487 0.5
      vertex -21.2505 39.7513 0.5
      vertex -21.1779 39.5121 0.5
    endloop
  endfacet
  facet normal 0 -0 1
    outer loop
      vertex -21.2505 39.7513 0.5
      vertex -21.2505 40.2487 0.5
      vertex -21.275 40 0.5
    endloop
  endfacet
  facet normal 0.634261 -0.773119 0
    outer loop
      vertex -20.9016 40.9016 0.5
      vertex -20.7084 41.0601 2.5
      vertex -20.9016 40.9016 2.5
    endloop
  endfacet
  facet normal 0.634261 -0.773119 0
    outer loop
      vertex -20.7084 41.0601 2.5
      vertex -20.9016 40.9016 0.5
      vertex -20.7084 41.0601 0.5
    endloop
  endfacet
  facet normal -0.471211 0.882021 0
    outer loop
      vertex -19.2916 38.9399 0.5
      vertex -19.5121 38.8221 2.5
      vertex -19.2916 38.9399 2.5
    endloop
  endfacet
  facet normal -0.471211 0.882021 0
    outer loop
      vertex -19.5121 38.8221 2.5
      vertex -19.2916 38.9399 0.5
      vertex -19.5121 38.8221 0.5
    endloop
  endfacet
  facet normal 0.995183 0.0980377 0
    outer loop
      vertex -21.2505 39.7513 2.5
      vertex -21.275 40 0.5
      vertex -21.275 40 2.5
    endloop
  endfacet
  facet normal 0.995183 0.0980377 0
    outer loop
      vertex -21.275 40 0.5
      vertex -21.2505 39.7513 2.5
      vertex -21.2505 39.7513 0.5
    endloop
  endfacet
  facet normal -0.882021 -0.471211 0
    outer loop
      vertex -18.8221 40.4879 0.5
      vertex -18.9399 40.7084 2.5
      vertex -18.9399 40.7084 0.5
    endloop
  endfacet
  facet normal -0.882021 -0.471211 0
    outer loop
      vertex -18.9399 40.7084 2.5
      vertex -18.8221 40.4879 0.5
      vertex -18.8221 40.4879 2.5
    endloop
  endfacet
  facet normal -0.471211 -0.882021 0
    outer loop
      vertex -19.5121 41.1779 0.5
      vertex -19.2916 41.0601 2.5
      vertex -19.5121 41.1779 2.5
    endloop
  endfacet
  facet normal -0.471211 -0.882021 -0
    outer loop
      vertex -19.2916 41.0601 2.5
      vertex -19.5121 41.1779 0.5
      vertex -19.2916 41.0601 0.5
    endloop
  endfacet
  facet normal 0.634261 0.773119 -0
    outer loop
      vertex -20.7084 38.9399 0.5
      vertex -20.9016 39.0984 2.5
      vertex -20.7084 38.9399 2.5
    endloop
  endfacet
  facet normal 0.634261 0.773119 0
    outer loop
      vertex -20.9016 39.0984 2.5
      vertex -20.7084 38.9399 0.5
      vertex -20.9016 39.0984 0.5
    endloop
  endfacet
  facet normal 0.471211 0.882021 -0
    outer loop
      vertex -20.4879 38.8221 0.5
      vertex -20.7084 38.9399 2.5
      vertex -20.4879 38.8221 2.5
    endloop
  endfacet
  facet normal 0.471211 0.882021 0
    outer loop
      vertex -20.7084 38.9399 2.5
      vertex -20.4879 38.8221 0.5
      vertex -20.7084 38.9399 0.5
    endloop
  endfacet
  facet normal 0.471211 -0.882021 0
    outer loop
      vertex -20.7084 41.0601 0.5
      vertex -20.4879 41.1779 2.5
      vertex -20.7084 41.0601 2.5
    endloop
  endfacet
  facet normal 0.471211 -0.882021 0
    outer loop
      vertex -20.4879 41.1779 2.5
      vertex -20.7084 41.0601 0.5
      vertex -20.4879 41.1779 0.5
    endloop
  endfacet
  facet normal 0.956896 0.290429 0
    outer loop
      vertex -21.1779 39.5121 2.5
      vertex -21.2505 39.7513 0.5
      vertex -21.2505 39.7513 2.5
    endloop
  endfacet
  facet normal 0.956896 0.290429 0
    outer loop
      vertex -21.2505 39.7513 0.5
      vertex -21.1779 39.5121 2.5
      vertex -21.1779 39.5121 0.5
    endloop
  endfacet
  facet normal -0.956896 -0.290429 0
    outer loop
      vertex -18.7495 40.2487 0.5
      vertex -18.8221 40.4879 2.5
      vertex -18.8221 40.4879 0.5
    endloop
  endfacet
  facet normal -0.956896 -0.290429 0
    outer loop
      vertex -18.8221 40.4879 2.5
      vertex -18.7495 40.2487 0.5
      vertex -18.7495 40.2487 2.5
    endloop
  endfacet
  facet normal 0.0980377 0.995183 -0
    outer loop
      vertex -20 38.725 0.5
      vertex -20.2487 38.7495 2.5
      vertex -20 38.725 2.5
    endloop
  endfacet
  facet normal 0.0980377 0.995183 0
    outer loop
      vertex -20.2487 38.7495 2.5
      vertex -20 38.725 0.5
      vertex -20.2487 38.7495 0.5
    endloop
  endfacet
  facet normal 0.773119 0.634261 0
    outer loop
      vertex -20.9016 39.0984 2.5
      vertex -21.0601 39.2916 0.5
      vertex -21.0601 39.2916 2.5
    endloop
  endfacet
  facet normal 0.773119 0.634261 0
    outer loop
      vertex -21.0601 39.2916 0.5
      vertex -20.9016 39.0984 2.5
      vertex -20.9016 39.0984 0.5
    endloop
  endfacet
  facet normal -0.995183 -0.0980377 0
    outer loop
      vertex -18.725 40 0.5
      vertex -18.7495 40.2487 2.5
      vertex -18.7495 40.2487 0.5
    endloop
  endfacet
  facet normal -0.995183 -0.0980377 0
    outer loop
      vertex -18.7495 40.2487 2.5
      vertex -18.725 40 0.5
      vertex -18.725 40 2.5
    endloop
  endfacet
  facet normal 0.773119 -0.634261 0
    outer loop
      vertex -21.0601 40.7084 2.5
      vertex -20.9016 40.9016 0.5
      vertex -20.9016 40.9016 2.5
    endloop
  endfacet
  facet normal 0.773119 -0.634261 0
    outer loop
      vertex -20.9016 40.9016 0.5
      vertex -21.0601 40.7084 2.5
      vertex -21.0601 40.7084 0.5
    endloop
  endfacet
  facet normal -0.634261 -0.773119 0
    outer loop
      vertex -19.2916 41.0601 0.5
      vertex -19.0984 40.9016 2.5
      vertex -19.2916 41.0601 2.5
    endloop
  endfacet
  facet normal -0.634261 -0.773119 -0
    outer loop
      vertex -19.0984 40.9016 2.5
      vertex -19.2916 41.0601 0.5
      vertex -19.0984 40.9016 0.5
    endloop
  endfacet
  facet normal 0.995183 -0.0980377 0
    outer loop
      vertex -21.275 40 2.5
      vertex -21.2505 40.2487 0.5
      vertex -21.2505 40.2487 2.5
    endloop
  endfacet
  facet normal 0.995183 -0.0980377 0
    outer loop
      vertex -21.2505 40.2487 0.5
      vertex -21.275 40 2.5
      vertex -21.275 40 0.5
    endloop
  endfacet
  facet normal 0.0980377 -0.995183 0
    outer loop
      vertex -20.2487 41.2505 0.5
      vertex -20 41.275 2.5
      vertex -20.2487 41.2505 2.5
    endloop
  endfacet
  facet normal 0.0980377 -0.995183 0
    outer loop
      vertex -20 41.275 2.5
      vertex -20.2487 41.2505 0.5
      vertex -20 41.275 0.5
    endloop
  endfacet
  facet normal 0.290429 -0.956896 0
    outer loop
      vertex -20.4879 41.1779 0.5
      vertex -20.2487 41.2505 2.5
      vertex -20.4879 41.1779 2.5
    endloop
  endfacet
  facet normal 0.290429 -0.956896 0
    outer loop
      vertex -20.2487 41.2505 2.5
      vertex -20.4879 41.1779 0.5
      vertex -20.2487 41.2505 0.5
    endloop
  endfacet
  facet normal 0 0 1
    outer loop
      vertex -34.8334 60 1
      vertex -38.6514 60.2682 1
      vertex -38.625 60 1
    endloop
  endfacet
  facet normal -0 0 1
    outer loop
      vertex -38.8567 60.7639 1
      vertex -34.8334 60 1
      vertex -38.7084 63.875 1
    endloop
  endfacet
  facet normal 0 0 1
    outer loop
      vertex -34.8334 60 1
      vertex -38.7297 60.5262 1
      vertex -38.6514 60.2682 1
    endloop
  endfacet
  facet normal 0 0 1
    outer loop
      vertex -34.8334 60 1
      vertex -38.8567 60.7639 1
      vertex -38.7297 60.5262 1
    endloop
  endfacet
  facet normal 0 0 1
    outer loop
      vertex -38.7084 63.875 1
      vertex -39.0277 60.9723 1
      vertex -38.8567 60.7639 1
    endloop
  endfacet
  facet normal 0 0 1
    outer loop
      vertex -38.7084 63.875 1
      vertex -39.2361 61.1433 1
      vertex -39.0277 60.9723 1
    endloop
  endfacet
  facet normal 0 0 1
    outer loop
      vertex -38.7084 63.875 1
      vertex -39.4738 61.2703 1
      vertex -39.2361 61.1433 1
    endloop
  endfacet
  facet normal 0 0 1
    outer loop
      vertex -38.7084 63.875 1
      vertex -39.7318 61.3486 1
      vertex -39.4738 61.2703 1
    endloop
  endfacet
  facet normal 0 0 1
    outer loop
      vertex -38.7084 63.875 1
      vertex -40 61.375 1
      vertex -39.7318 61.3486 1
    endloop
  endfacet
  facet normal 0 0 1
    outer loop
      vertex -38.7084 63.875 1
      vertex -40.2682 61.3486 1
      vertex -40 61.375 1
    endloop
  endfacet
  facet normal -0 0 1
    outer loop
      vertex -42.5833 63.875 1
      vertex -40.2682 61.3486 1
      vertex -38.7084 63.875 1
    endloop
  endfacet
  facet normal 0 0 1
    outer loop
      vertex -40.2682 61.3486 1
      vertex -42.5833 63.875 1
      vertex -40.5262 61.2703 1
    endloop
  endfacet
  facet normal 0 0 1
    outer loop
      vertex -40.5262 61.2703 1
      vertex -42.5833 63.875 1
      vertex -40.7639 61.1433 1
    endloop
  endfacet
  facet normal 0 0 1
    outer loop
      vertex -40.7639 61.1433 1
      vertex -42.5833 63.875 1
      vertex -40.9723 60.9723 1
    endloop
  endfacet
  facet normal 0 0 1
    outer loop
      vertex -41.3486 60.2682 1
      vertex -42.5833 63.875 1
      vertex -41.375 60 1
    endloop
  endfacet
  facet normal 0 0 1
    outer loop
      vertex -41.2703 60.5262 1
      vertex -42.5833 63.875 1
      vertex -41.3486 60.2682 1
    endloop
  endfacet
  facet normal 0 0 1
    outer loop
      vertex -41.1433 60.7639 1
      vertex -42.5833 63.875 1
      vertex -41.2703 60.5262 1
    endloop
  endfacet
  facet normal 0 0 1
    outer loop
      vertex -40.9723 60.9723 1
      vertex -42.5833 63.875 1
      vertex -41.1433 60.7639 1
    endloop
  endfacet
  facet normal 0 0 1
    outer loop
      vertex -38.6514 59.7318 1
      vertex -34.8334 60 1
      vertex -38.625 60 1
    endloop
  endfacet
  facet normal 0 0 1
    outer loop
      vertex -38.7297 59.4738 1
      vertex -34.8334 60 1
      vertex -38.6514 59.7318 1
    endloop
  endfacet
  facet normal 0 0 1
    outer loop
      vertex -38.8567 59.2361 1
      vertex -34.8334 60 1
      vertex -38.7297 59.4738 1
    endloop
  endfacet
  facet normal 0 0 1
    outer loop
      vertex -34.8334 60 1
      vertex -38.8567 59.2361 1
      vertex -38.7084 56.125 1
    endloop
  endfacet
  facet normal -0 0 1
    outer loop
      vertex -39.0277 59.0277 1
      vertex -38.7084 56.125 1
      vertex -38.8567 59.2361 1
    endloop
  endfacet
  facet normal -0 0 1
    outer loop
      vertex -39.2361 58.8567 1
      vertex -38.7084 56.125 1
      vertex -39.0277 59.0277 1
    endloop
  endfacet
  facet normal -0 0 1
    outer loop
      vertex -39.4738 58.7297 1
      vertex -38.7084 56.125 1
      vertex -39.2361 58.8567 1
    endloop
  endfacet
  facet normal -0 0 1
    outer loop
      vertex -39.7318 58.6514 1
      vertex -38.7084 56.125 1
      vertex -39.4738 58.7297 1
    endloop
  endfacet
  facet normal -0 0 1
    outer loop
      vertex -40 58.625 1
      vertex -38.7084 56.125 1
      vertex -39.7318 58.6514 1
    endloop
  endfacet
  facet normal 0 0 1
    outer loop
      vertex -40.2682 58.6514 1
      vertex -38.7084 56.125 1
      vertex -40 58.625 1
    endloop
  endfacet
  facet normal 0 0 1
    outer loop
      vertex -42.5833 56.125 1
      vertex -40.2682 58.6514 1
      vertex -40.5262 58.7297 1
    endloop
  endfacet
  facet normal 0 0 1
    outer loop
      vertex -42.5833 56.125 1
      vertex -40.5262 58.7297 1
      vertex -40.7639 58.8567 1
    endloop
  endfacet
  facet normal 0 0 1
    outer loop
      vertex -42.5833 56.125 1
      vertex -40.7639 58.8567 1
      vertex -40.9723 59.0277 1
    endloop
  endfacet
  facet normal 0 0 1
    outer loop
      vertex -42.5833 56.125 1
      vertex -40.9723 59.0277 1
      vertex -41.1433 59.2361 1
    endloop
  endfacet
  facet normal 0 0 1
    outer loop
      vertex -42.5833 56.125 1
      vertex -41.375 60 1
      vertex -42.5833 63.875 1
    endloop
  endfacet
  facet normal 0 0 1
    outer loop
      vertex -40.2682 58.6514 1
      vertex -42.5833 56.125 1
      vertex -38.7084 56.125 1
    endloop
  endfacet
  facet normal 0 0 1
    outer loop
      vertex -41.2703 59.4738 1
      vertex -42.5833 56.125 1
      vertex -41.1433 59.2361 1
    endloop
  endfacet
  facet normal 0 0 1
    outer loop
      vertex -41.3486 59.7318 1
      vertex -42.5833 56.125 1
      vertex -41.2703 59.4738 1
    endloop
  endfacet
  facet normal 0 0 1
    outer loop
      vertex -41.375 60 1
      vertex -42.5833 56.125 1
      vertex -41.3486 59.7318 1
    endloop
  endfacet
  facet normal 0.707107 0.707107 0
    outer loop
      vertex -34.8334 60 1
      vertex -38.7084 63.875 0
      vertex -38.7084 63.875 1
    endloop
  endfacet
  facet normal 0.707107 0.707107 0
    outer loop
      vertex -38.7084 63.875 0
      vertex -34.8334 60 1
      vertex -34.8334 60 0
    endloop
  endfacet
  facet normal 0 0 -1
    outer loop
      vertex -38.7084 56.125 0
      vertex -38.7084 63.875 0
      vertex -34.8334 60 0
    endloop
  endfacet
  facet normal 0 0 -1
    outer loop
      vertex -42.5833 56.125 0
      vertex -38.7084 63.875 0
      vertex -38.7084 56.125 0
    endloop
  endfacet
  facet normal -0 0 -1
    outer loop
      vertex -38.7084 63.875 0
      vertex -42.5833 56.125 0
      vertex -42.5833 63.875 0
    endloop
  endfacet
  facet normal 0 -1 0
    outer loop
      vertex -42.5833 56.125 0
      vertex -38.7084 56.125 1
      vertex -42.5833 56.125 1
    endloop
  endfacet
  facet normal 0 -1 -0
    outer loop
      vertex -38.7084 56.125 1
      vertex -42.5833 56.125 0
      vertex -38.7084 56.125 0
    endloop
  endfacet
  facet normal -1 0 0
    outer loop
      vertex -42.5833 56.125 0
      vertex -42.5833 63.875 1
      vertex -42.5833 63.875 0
    endloop
  endfacet
  facet normal -1 -0 0
    outer loop
      vertex -42.5833 63.875 1
      vertex -42.5833 56.125 0
      vertex -42.5833 56.125 1
    endloop
  endfacet
  facet normal 0 1 -0
    outer loop
      vertex -38.7084 63.875 0
      vertex -42.5833 63.875 1
      vertex -38.7084 63.875 1
    endloop
  endfacet
  facet normal 0 1 0
    outer loop
      vertex -42.5833 63.875 1
      vertex -38.7084 63.875 0
      vertex -42.5833 63.875 0
    endloop
  endfacet
  facet normal 0.707107 -0.707107 0
    outer loop
      vertex -38.7084 56.125 1
      vertex -34.8334 60 0
      vertex -34.8334 60 1
    endloop
  endfacet
  facet normal 0.707107 -0.707107 0
    outer loop
      vertex -34.8334 60 0
      vertex -38.7084 56.125 1
      vertex -38.7084 56.125 0
    endloop
  endfacet
  facet normal -0.471243 -0.882003 0
    outer loop
      vertex -40.7639 58.8567 1
      vertex -40.5262 58.7297 10.9
      vertex -40.7639 58.8567 10.9
    endloop
  endfacet
  facet normal -0.471243 -0.882003 -0
    outer loop
      vertex -40.5262 58.7297 10.9
      vertex -40.7639 58.8567 1
      vertex -40.5262 58.7297 1
    endloop
  endfacet
  facet normal 0.956903 -0.290409 0
    outer loop
      vertex -38.7297 59.4738 10.9
      vertex -38.6514 59.7318 1
      vertex -38.6514 59.7318 10.9
    endloop
  endfacet
  facet normal 0.956903 -0.290409 0
    outer loop
      vertex -38.6514 59.7318 1
      vertex -38.7297 59.4738 10.9
      vertex -38.7297 59.4738 1
    endloop
  endfacet
  facet normal 0.99519 -0.0979606 0
    outer loop
      vertex -38.6514 59.7318 10.9
      vertex -38.625 60 1
      vertex -38.625 60 10.9
    endloop
  endfacet
  facet normal 0.99519 -0.0979606 0
    outer loop
      vertex -38.625 60 1
      vertex -38.6514 59.7318 10.9
      vertex -38.6514 59.7318 1
    endloop
  endfacet
  facet normal 0.882003 -0.471243 0
    outer loop
      vertex -38.8567 59.2361 10.9
      vertex -38.7297 59.4738 1
      vertex -38.7297 59.4738 10.9
    endloop
  endfacet
  facet normal 0.882003 -0.471243 0
    outer loop
      vertex -38.7297 59.4738 1
      vertex -38.8567 59.2361 10.9
      vertex -38.8567 59.2361 1
    endloop
  endfacet
  facet normal 0 0 1
    outer loop
      vertex -38.6514 60.2682 10.9
      vertex -38.6514 59.7318 10.9
      vertex -38.625 60 10.9
    endloop
  endfacet
  facet normal 0 0 1
    outer loop
      vertex -38.7297 60.5262 10.9
      vertex -38.6514 59.7318 10.9
      vertex -38.6514 60.2682 10.9
    endloop
  endfacet
  facet normal 0 0 1
    outer loop
      vertex -38.7297 60.5262 10.9
      vertex -38.7297 59.4738 10.9
      vertex -38.6514 59.7318 10.9
    endloop
  endfacet
  facet normal 0 0 1
    outer loop
      vertex -38.8567 60.7639 10.9
      vertex -38.7297 59.4738 10.9
      vertex -38.7297 60.5262 10.9
    endloop
  endfacet
  facet normal 0 0 1
    outer loop
      vertex -38.8567 60.7639 10.9
      vertex -38.8567 59.2361 10.9
      vertex -38.7297 59.4738 10.9
    endloop
  endfacet
  facet normal 0 0 1
    outer loop
      vertex -39.0277 60.9723 10.9
      vertex -38.8567 59.2361 10.9
      vertex -38.8567 60.7639 10.9
    endloop
  endfacet
  facet normal 0 0 1
    outer loop
      vertex -39.0277 60.9723 10.9
      vertex -39.0277 59.0277 10.9
      vertex -38.8567 59.2361 10.9
    endloop
  endfacet
  facet normal 0 0 1
    outer loop
      vertex -39.2361 61.1433 10.9
      vertex -39.0277 59.0277 10.9
      vertex -39.0277 60.9723 10.9
    endloop
  endfacet
  facet normal 0 0 1
    outer loop
      vertex -39.2361 61.1433 10.9
      vertex -39.2361 58.8567 10.9
      vertex -39.0277 59.0277 10.9
    endloop
  endfacet
  facet normal 0 0 1
    outer loop
      vertex -39.4738 61.2703 10.9
      vertex -39.2361 58.8567 10.9
      vertex -39.2361 61.1433 10.9
    endloop
  endfacet
  facet normal 0 0 1
    outer loop
      vertex -39.4738 61.2703 10.9
      vertex -39.4738 58.7297 10.9
      vertex -39.2361 58.8567 10.9
    endloop
  endfacet
  facet normal 0 0 1
    outer loop
      vertex -39.7318 61.3486 10.9
      vertex -39.4738 58.7297 10.9
      vertex -39.4738 61.2703 10.9
    endloop
  endfacet
  facet normal 0 0 1
    outer loop
      vertex -39.7318 61.3486 10.9
      vertex -39.7318 58.6514 10.9
      vertex -39.4738 58.7297 10.9
    endloop
  endfacet
  facet normal 0 0 1
    outer loop
      vertex -40 61.375 10.9
      vertex -39.7318 58.6514 10.9
      vertex -39.7318 61.3486 10.9
    endloop
  endfacet
  facet normal 0 0 1
    outer loop
      vertex -40 61.375 10.9
      vertex -40 58.625 10.9
      vertex -39.7318 58.6514 10.9
    endloop
  endfacet
  facet normal -0 0 1
    outer loop
      vertex -40.2682 61.3486 10.9
      vertex -40 58.625 10.9
      vertex -40 61.375 10.9
    endloop
  endfacet
  facet normal 0 0 1
    outer loop
      vertex -40.2682 61.3486 10.9
      vertex -40.2682 58.6514 10.9
      vertex -40 58.625 10.9
    endloop
  endfacet
  facet normal -0 0 1
    outer loop
      vertex -40.5262 61.2703 10.9
      vertex -40.2682 58.6514 10.9
      vertex -40.2682 61.3486 10.9
    endloop
  endfacet
  facet normal 0 0 1
    outer loop
      vertex -40.5262 61.2703 10.9
      vertex -40.5262 58.7297 10.9
      vertex -40.2682 58.6514 10.9
    endloop
  endfacet
  facet normal -0 0 1
    outer loop
      vertex -40.7639 61.1433 10.9
      vertex -40.5262 58.7297 10.9
      vertex -40.5262 61.2703 10.9
    endloop
  endfacet
  facet normal 0 0 1
    outer loop
      vertex -40.7639 61.1433 10.9
      vertex -40.7639 58.8567 10.9
      vertex -40.5262 58.7297 10.9
    endloop
  endfacet
  facet normal -0 0 1
    outer loop
      vertex -40.9723 60.9723 10.9
      vertex -40.7639 58.8567 10.9
      vertex -40.7639 61.1433 10.9
    endloop
  endfacet
  facet normal 0 0 1
    outer loop
      vertex -40.9723 60.9723 10.9
      vertex -40.9723 59.0277 10.9
      vertex -40.7639 58.8567 10.9
    endloop
  endfacet
  facet normal -0 0 1
    outer loop
      vertex -41.1433 60.7639 10.9
      vertex -40.9723 59.0277 10.9
      vertex -40.9723 60.9723 10.9
    endloop
  endfacet
  facet normal 0 0 1
    outer loop
      vertex -41.1433 60.7639 10.9
      vertex -41.1433 59.2361 10.9
      vertex -40.9723 59.0277 10.9
    endloop
  endfacet
  facet normal -0 0 1
    outer loop
      vertex -41.2703 60.5262 10.9
      vertex -41.1433 59.2361 10.9
      vertex -41.1433 60.7639 10.9
    endloop
  endfacet
  facet normal 0 0 1
    outer loop
      vertex -41.2703 60.5262 10.9
      vertex -41.2703 59.4738 10.9
      vertex -41.1433 59.2361 10.9
    endloop
  endfacet
  facet normal -0 0 1
    outer loop
      vertex -41.3486 60.2682 10.9
      vertex -41.2703 59.4738 10.9
      vertex -41.2703 60.5262 10.9
    endloop
  endfacet
  facet normal 0 0 1
    outer loop
      vertex -41.3486 60.2682 10.9
      vertex -41.3486 59.7318 10.9
      vertex -41.2703 59.4738 10.9
    endloop
  endfacet
  facet normal 0 -0 1
    outer loop
      vertex -41.3486 59.7318 10.9
      vertex -41.3486 60.2682 10.9
      vertex -41.375 60 10.9
    endloop
  endfacet
  facet normal -0.956903 0.290409 0
    outer loop
      vertex -41.3486 60.2682 1
      vertex -41.2703 60.5262 10.9
      vertex -41.2703 60.5262 1
    endloop
  endfacet
  facet normal -0.956903 0.290409 0
    outer loop
      vertex -41.2703 60.5262 10.9
      vertex -41.3486 60.2682 1
      vertex -41.3486 60.2682 10.9
    endloop
  endfacet
  facet normal 0.471243 0.882003 -0
    outer loop
      vertex -39.2361 61.1433 1
      vertex -39.4738 61.2703 10.9
      vertex -39.2361 61.1433 10.9
    endloop
  endfacet
  facet normal 0.471243 0.882003 0
    outer loop
      vertex -39.4738 61.2703 10.9
      vertex -39.2361 61.1433 1
      vertex -39.4738 61.2703 1
    endloop
  endfacet
  facet normal -0.882003 -0.471243 0
    outer loop
      vertex -41.1433 59.2361 1
      vertex -41.2703 59.4738 10.9
      vertex -41.2703 59.4738 1
    endloop
  endfacet
  facet normal -0.882003 -0.471243 0
    outer loop
      vertex -41.2703 59.4738 10.9
      vertex -41.1433 59.2361 1
      vertex -41.1433 59.2361 10.9
    endloop
  endfacet
  facet normal 0.773064 -0.634328 0
    outer loop
      vertex -39.0277 59.0277 10.9
      vertex -38.8567 59.2361 1
      vertex -38.8567 59.2361 10.9
    endloop
  endfacet
  facet normal 0.773064 -0.634328 0
    outer loop
      vertex -38.8567 59.2361 1
      vertex -39.0277 59.0277 10.9
      vertex -39.0277 59.0277 1
    endloop
  endfacet
  facet normal 0.956903 0.290409 0
    outer loop
      vertex -38.6514 60.2682 10.9
      vertex -38.7297 60.5262 1
      vertex -38.7297 60.5262 10.9
    endloop
  endfacet
  facet normal 0.956903 0.290409 0
    outer loop
      vertex -38.7297 60.5262 1
      vertex -38.6514 60.2682 10.9
      vertex -38.6514 60.2682 1
    endloop
  endfacet
  facet normal -0.882003 0.471243 0
    outer loop
      vertex -41.2703 60.5262 1
      vertex -41.1433 60.7639 10.9
      vertex -41.1433 60.7639 1
    endloop
  endfacet
  facet normal -0.882003 0.471243 0
    outer loop
      vertex -41.1433 60.7639 10.9
      vertex -41.2703 60.5262 1
      vertex -41.2703 60.5262 10.9
    endloop
  endfacet
  facet normal 0.99519 0.0979606 0
    outer loop
      vertex -38.625 60 10.9
      vertex -38.6514 60.2682 1
      vertex -38.6514 60.2682 10.9
    endloop
  endfacet
  facet normal 0.99519 0.0979606 0
    outer loop
      vertex -38.6514 60.2682 1
      vertex -38.625 60 10.9
      vertex -38.625 60 1
    endloop
  endfacet
  facet normal 0.471243 -0.882003 0
    outer loop
      vertex -39.4738 58.7297 1
      vertex -39.2361 58.8567 10.9
      vertex -39.4738 58.7297 10.9
    endloop
  endfacet
  facet normal 0.471243 -0.882003 0
    outer loop
      vertex -39.2361 58.8567 10.9
      vertex -39.4738 58.7297 1
      vertex -39.2361 58.8567 1
    endloop
  endfacet
  facet normal 0.0979606 -0.99519 0
    outer loop
      vertex -40 58.625 1
      vertex -39.7318 58.6514 10.9
      vertex -40 58.625 10.9
    endloop
  endfacet
  facet normal 0.0979606 -0.99519 0
    outer loop
      vertex -39.7318 58.6514 10.9
      vertex -40 58.625 1
      vertex -39.7318 58.6514 1
    endloop
  endfacet
  facet normal 0.634328 -0.773064 0
    outer loop
      vertex -39.2361 58.8567 1
      vertex -39.0277 59.0277 10.9
      vertex -39.2361 58.8567 10.9
    endloop
  endfacet
  facet normal 0.634328 -0.773064 0
    outer loop
      vertex -39.0277 59.0277 10.9
      vertex -39.2361 58.8567 1
      vertex -39.0277 59.0277 1
    endloop
  endfacet
  facet normal 0.0979606 0.99519 -0
    outer loop
      vertex -39.7318 61.3486 1
      vertex -40 61.375 10.9
      vertex -39.7318 61.3486 10.9
    endloop
  endfacet
  facet normal 0.0979606 0.99519 0
    outer loop
      vertex -40 61.375 10.9
      vertex -39.7318 61.3486 1
      vertex -40 61.375 1
    endloop
  endfacet
  facet normal -0.471243 0.882003 0
    outer loop
      vertex -40.5262 61.2703 1
      vertex -40.7639 61.1433 10.9
      vertex -40.5262 61.2703 10.9
    endloop
  endfacet
  facet normal -0.471243 0.882003 0
    outer loop
      vertex -40.7639 61.1433 10.9
      vertex -40.5262 61.2703 1
      vertex -40.7639 61.1433 1
    endloop
  endfacet
  facet normal 0.773064 0.634328 0
    outer loop
      vertex -38.8567 60.7639 10.9
      vertex -39.0277 60.9723 1
      vertex -39.0277 60.9723 10.9
    endloop
  endfacet
  facet normal 0.773064 0.634328 0
    outer loop
      vertex -39.0277 60.9723 1
      vertex -38.8567 60.7639 10.9
      vertex -38.8567 60.7639 1
    endloop
  endfacet
  facet normal 0.634328 0.773064 -0
    outer loop
      vertex -39.0277 60.9723 1
      vertex -39.2361 61.1433 10.9
      vertex -39.0277 60.9723 10.9
    endloop
  endfacet
  facet normal 0.634328 0.773064 0
    outer loop
      vertex -39.2361 61.1433 10.9
      vertex -39.0277 60.9723 1
      vertex -39.2361 61.1433 1
    endloop
  endfacet
  facet normal -0.773064 -0.634328 0
    outer loop
      vertex -40.9723 59.0277 1
      vertex -41.1433 59.2361 10.9
      vertex -41.1433 59.2361 1
    endloop
  endfacet
  facet normal -0.773064 -0.634328 0
    outer loop
      vertex -41.1433 59.2361 10.9
      vertex -40.9723 59.0277 1
      vertex -40.9723 59.0277 10.9
    endloop
  endfacet
  facet normal 0.290409 -0.956903 0
    outer loop
      vertex -39.7318 58.6514 1
      vertex -39.4738 58.7297 10.9
      vertex -39.7318 58.6514 10.9
    endloop
  endfacet
  facet normal 0.290409 -0.956903 0
    outer loop
      vertex -39.4738 58.7297 10.9
      vertex -39.7318 58.6514 1
      vertex -39.4738 58.7297 1
    endloop
  endfacet
  facet normal -0.634328 -0.773064 0
    outer loop
      vertex -40.9723 59.0277 1
      vertex -40.7639 58.8567 10.9
      vertex -40.9723 59.0277 10.9
    endloop
  endfacet
  facet normal -0.634328 -0.773064 -0
    outer loop
      vertex -40.7639 58.8567 10.9
      vertex -40.9723 59.0277 1
      vertex -40.7639 58.8567 1
    endloop
  endfacet
  facet normal -0.0979606 -0.99519 0
    outer loop
      vertex -40.2682 58.6514 1
      vertex -40 58.625 10.9
      vertex -40.2682 58.6514 10.9
    endloop
  endfacet
  facet normal -0.0979606 -0.99519 -0
    outer loop
      vertex -40 58.625 10.9
      vertex -40.2682 58.6514 1
      vertex -40 58.625 1
    endloop
  endfacet
  facet normal -0.290409 -0.956903 0
    outer loop
      vertex -40.5262 58.7297 1
      vertex -40.2682 58.6514 10.9
      vertex -40.5262 58.7297 10.9
    endloop
  endfacet
  facet normal -0.290409 -0.956903 -0
    outer loop
      vertex -40.2682 58.6514 10.9
      vertex -40.5262 58.7297 1
      vertex -40.2682 58.6514 1
    endloop
  endfacet
  facet normal 0.882003 0.471243 0
    outer loop
      vertex -38.7297 60.5262 10.9
      vertex -38.8567 60.7639 1
      vertex -38.8567 60.7639 10.9
    endloop
  endfacet
  facet normal 0.882003 0.471243 0
    outer loop
      vertex -38.8567 60.7639 1
      vertex -38.7297 60.5262 10.9
      vertex -38.7297 60.5262 1
    endloop
  endfacet
  facet normal -0.773064 0.634328 0
    outer loop
      vertex -41.1433 60.7639 1
      vertex -40.9723 60.9723 10.9
      vertex -40.9723 60.9723 1
    endloop
  endfacet
  facet normal -0.773064 0.634328 0
    outer loop
      vertex -40.9723 60.9723 10.9
      vertex -41.1433 60.7639 1
      vertex -41.1433 60.7639 10.9
    endloop
  endfacet
  facet normal -0.0979606 0.99519 0
    outer loop
      vertex -40 61.375 1
      vertex -40.2682 61.3486 10.9
      vertex -40 61.375 10.9
    endloop
  endfacet
  facet normal -0.0979606 0.99519 0
    outer loop
      vertex -40.2682 61.3486 10.9
      vertex -40 61.375 1
      vertex -40.2682 61.3486 1
    endloop
  endfacet
  facet normal -0.290409 0.956903 0
    outer loop
      vertex -40.2682 61.3486 1
      vertex -40.5262 61.2703 10.9
      vertex -40.2682 61.3486 10.9
    endloop
  endfacet
  facet normal -0.290409 0.956903 0
    outer loop
      vertex -40.5262 61.2703 10.9
      vertex -40.2682 61.3486 1
      vertex -40.5262 61.2703 1
    endloop
  endfacet
  facet normal -0.99519 0.0979606 0
    outer loop
      vertex -41.375 60 1
      vertex -41.3486 60.2682 10.9
      vertex -41.3486 60.2682 1
    endloop
  endfacet
  facet normal -0.99519 0.0979606 0
    outer loop
      vertex -41.3486 60.2682 10.9
      vertex -41.375 60 1
      vertex -41.375 60 10.9
    endloop
  endfacet
  facet normal -0.634328 0.773064 0
    outer loop
      vertex -40.7639 61.1433 1
      vertex -40.9723 60.9723 10.9
      vertex -40.7639 61.1433 10.9
    endloop
  endfacet
  facet normal -0.634328 0.773064 0
    outer loop
      vertex -40.9723 60.9723 10.9
      vertex -40.7639 61.1433 1
      vertex -40.9723 60.9723 1
    endloop
  endfacet
  facet normal 0.290409 0.956903 -0
    outer loop
      vertex -39.4738 61.2703 1
      vertex -39.7318 61.3486 10.9
      vertex -39.4738 61.2703 10.9
    endloop
  endfacet
  facet normal 0.290409 0.956903 0
    outer loop
      vertex -39.7318 61.3486 10.9
      vertex -39.4738 61.2703 1
      vertex -39.7318 61.3486 1
    endloop
  endfacet
  facet normal -0.956903 -0.290409 0
    outer loop
      vertex -41.2703 59.4738 1
      vertex -41.3486 59.7318 10.9
      vertex -41.3486 59.7318 1
    endloop
  endfacet
  facet normal -0.956903 -0.290409 0
    outer loop
      vertex -41.3486 59.7318 10.9
      vertex -41.2703 59.4738 1
      vertex -41.2703 59.4738 10.9
    endloop
  endfacet
  facet normal -0.99519 -0.0979606 0
    outer loop
      vertex -41.3486 59.7318 1
      vertex -41.375 60 10.9
      vertex -41.375 60 1
    endloop
  endfacet
  facet normal -0.99519 -0.0979606 0
    outer loop
      vertex -41.375 60 10.9
      vertex -41.3486 59.7318 1
      vertex -41.3486 59.7318 10.9
    endloop
  endfacet
  facet normal -0.471329 -0.881957 0
    outer loop
      vertex -21.6667 57.5056 0
      vertex -21.148 57.2284 2.5
      vertex -21.6667 57.5056 2.5
    endloop
  endfacet
  facet normal -0.471329 -0.881957 -0
    outer loop
      vertex -21.148 57.2284 2.5
      vertex -21.6667 57.5056 0
      vertex -21.148 57.2284 0
    endloop
  endfacet
  facet normal 0.471329 -0.881957 0
    outer loop
      vertex -18.852 57.2284 0
      vertex -18.3333 57.5056 2.5
      vertex -18.852 57.2284 2.5
    endloop
  endfacet
  facet normal 0.471329 -0.881957 0
    outer loop
      vertex -18.3333 57.5056 2.5
      vertex -18.852 57.2284 0
      vertex -18.3333 57.5056 0
    endloop
  endfacet
  facet normal 0.95689 -0.290451 0
    outer loop
      vertex -17.2284 58.852 2.5
      vertex -17.0576 59.4147 0
      vertex -17.0576 59.4147 2.5
    endloop
  endfacet
  facet normal 0.95689 -0.290451 0
    outer loop
      vertex -17.0576 59.4147 0
      vertex -17.2284 58.852 2.5
      vertex -17.2284 58.852 0
    endloop
  endfacet
  facet normal 0.995193 -0.097938 0
    outer loop
      vertex -17.0576 59.4147 2.5
      vertex -17 60 0
      vertex -17 60 2.5
    endloop
  endfacet
  facet normal 0.995193 -0.097938 0
    outer loop
      vertex -17 60 0
      vertex -17.0576 59.4147 2.5
      vertex -17.0576 59.4147 0
    endloop
  endfacet
  facet normal 0.881957 -0.471329 0
    outer loop
      vertex -17.5056 58.3333 2.5
      vertex -17.2284 58.852 0
      vertex -17.2284 58.852 2.5
    endloop
  endfacet
  facet normal 0.881957 -0.471329 0
    outer loop
      vertex -17.2284 58.852 0
      vertex -17.5056 58.3333 2.5
      vertex -17.5056 58.3333 0
    endloop
  endfacet
  facet normal 0.097938 -0.995193 0
    outer loop
      vertex -20 57 0
      vertex -19.4147 57.0576 2.5
      vertex -20 57 2.5
    endloop
  endfacet
  facet normal 0.097938 -0.995193 0
    outer loop
      vertex -19.4147 57.0576 2.5
      vertex -20 57 0
      vertex -19.4147 57.0576 0
    endloop
  endfacet
  facet normal 0.097938 0.995193 -0
    outer loop
      vertex -19.4147 62.9424 0
      vertex -20 63 2.5
      vertex -19.4147 62.9424 2.5
    endloop
  endfacet
  facet normal 0.097938 0.995193 0
    outer loop
      vertex -20 63 2.5
      vertex -19.4147 62.9424 0
      vertex -20 63 0
    endloop
  endfacet
  facet normal 0.290451 -0.95689 0
    outer loop
      vertex -19.4147 57.0576 0
      vertex -18.852 57.2284 2.5
      vertex -19.4147 57.0576 2.5
    endloop
  endfacet
  facet normal 0.290451 -0.95689 0
    outer loop
      vertex -18.852 57.2284 2.5
      vertex -19.4147 57.0576 0
      vertex -18.852 57.2284 0
    endloop
  endfacet
  facet normal 0.634413 -0.772994 0
    outer loop
      vertex -18.3333 57.5056 0
      vertex -17.8787 57.8787 2.5
      vertex -18.3333 57.5056 2.5
    endloop
  endfacet
  facet normal 0.634413 -0.772994 0
    outer loop
      vertex -17.8787 57.8787 2.5
      vertex -18.3333 57.5056 0
      vertex -17.8787 57.8787 0
    endloop
  endfacet
  facet normal 0.772994 0.634413 0
    outer loop
      vertex -17.5056 61.6667 2.5
      vertex -17.8787 62.1213 0
      vertex -17.8787 62.1213 2.5
    endloop
  endfacet
  facet normal 0.772994 0.634413 0
    outer loop
      vertex -17.8787 62.1213 0
      vertex -17.5056 61.6667 2.5
      vertex -17.5056 61.6667 0
    endloop
  endfacet
  facet normal -0.634413 -0.772994 0
    outer loop
      vertex -22.1213 57.8787 0
      vertex -21.6667 57.5056 2.5
      vertex -22.1213 57.8787 2.5
    endloop
  endfacet
  facet normal -0.634413 -0.772994 -0
    outer loop
      vertex -21.6667 57.5056 2.5
      vertex -22.1213 57.8787 0
      vertex -21.6667 57.5056 0
    endloop
  endfacet
  facet normal 0.471329 0.881957 -0
    outer loop
      vertex -18.3333 62.4944 0
      vertex -18.852 62.7716 2.5
      vertex -18.3333 62.4944 2.5
    endloop
  endfacet
  facet normal 0.471329 0.881957 0
    outer loop
      vertex -18.852 62.7716 2.5
      vertex -18.3333 62.4944 0
      vertex -18.852 62.7716 0
    endloop
  endfacet
  facet normal -0.881957 0.471329 0
    outer loop
      vertex -22.7716 61.148 0
      vertex -22.4944 61.6667 2.5
      vertex -22.4944 61.6667 0
    endloop
  endfacet
  facet normal -0.881957 0.471329 0
    outer loop
      vertex -22.4944 61.6667 2.5
      vertex -22.7716 61.148 0
      vertex -22.7716 61.148 2.5
    endloop
  endfacet
  facet normal 0.995193 0.097938 0
    outer loop
      vertex -17 60 2.5
      vertex -17.0576 60.5853 0
      vertex -17.0576 60.5853 2.5
    endloop
  endfacet
  facet normal 0.995193 0.097938 0
    outer loop
      vertex -17.0576 60.5853 0
      vertex -17 60 2.5
      vertex -17 60 0
    endloop
  endfacet
  facet normal -0.290451 -0.95689 0
    outer loop
      vertex -21.148 57.2284 0
      vertex -20.5853 57.0576 2.5
      vertex -21.148 57.2284 2.5
    endloop
  endfacet
  facet normal -0.290451 -0.95689 -0
    outer loop
      vertex -20.5853 57.0576 2.5
      vertex -21.148 57.2284 0
      vertex -20.5853 57.0576 0
    endloop
  endfacet
  facet normal -0.097938 0.995193 0
    outer loop
      vertex -20 63 0
      vertex -20.5853 62.9424 2.5
      vertex -20 63 2.5
    endloop
  endfacet
  facet normal -0.097938 0.995193 0
    outer loop
      vertex -20.5853 62.9424 2.5
      vertex -20 63 0
      vertex -20.5853 62.9424 0
    endloop
  endfacet
  facet normal 0 0 1
    outer loop
      vertex -18.6 60 2.5
      vertex -17 60 2.5
      vertex -17.0576 60.5853 2.5
    endloop
  endfacet
  facet normal 0 0 1
    outer loop
      vertex -18.6269 60.2731 2.5
      vertex -17.0576 60.5853 2.5
      vertex -17.2284 61.148 2.5
    endloop
  endfacet
  facet normal 0 0 1
    outer loop
      vertex -17 60 2.5
      vertex -18.6 60 2.5
      vertex -17.0576 59.4147 2.5
    endloop
  endfacet
  facet normal 0 0 1
    outer loop
      vertex -18.7066 60.5358 2.5
      vertex -17.2284 61.148 2.5
      vertex -17.5056 61.6667 2.5
    endloop
  endfacet
  facet normal -0 0 1
    outer loop
      vertex -18.6269 59.7269 2.5
      vertex -17.0576 59.4147 2.5
      vertex -18.6 60 2.5
    endloop
  endfacet
  facet normal 0 0 1
    outer loop
      vertex -18.8359 60.7778 2.5
      vertex -17.5056 61.6667 2.5
      vertex -17.8787 62.1213 2.5
    endloop
  endfacet
  facet normal 0 0 1
    outer loop
      vertex -17.0576 59.4147 2.5
      vertex -18.6269 59.7269 2.5
      vertex -17.2284 58.852 2.5
    endloop
  endfacet
  facet normal 0 0 1
    outer loop
      vertex -19.0101 60.9899 2.5
      vertex -17.8787 62.1213 2.5
      vertex -18.3333 62.4944 2.5
    endloop
  endfacet
  facet normal -0 0 1
    outer loop
      vertex -18.7066 59.4642 2.5
      vertex -17.2284 58.852 2.5
      vertex -18.6269 59.7269 2.5
    endloop
  endfacet
  facet normal 0 0 1
    outer loop
      vertex -17.2284 58.852 2.5
      vertex -18.7066 59.4642 2.5
      vertex -17.5056 58.3333 2.5
    endloop
  endfacet
  facet normal 0 0 1
    outer loop
      vertex -17.0576 60.5853 2.5
      vertex -18.6269 60.2731 2.5
      vertex -18.6 60 2.5
    endloop
  endfacet
  facet normal 0 0 1
    outer loop
      vertex -17.2284 61.148 2.5
      vertex -18.7066 60.5358 2.5
      vertex -18.6269 60.2731 2.5
    endloop
  endfacet
  facet normal 0 0 1
    outer loop
      vertex -17.5056 61.6667 2.5
      vertex -18.8359 60.7778 2.5
      vertex -18.7066 60.5358 2.5
    endloop
  endfacet
  facet normal 0 0 1
    outer loop
      vertex -19.2222 61.1641 2.5
      vertex -18.3333 62.4944 2.5
      vertex -18.852 62.7716 2.5
    endloop
  endfacet
  facet normal 0 0 1
    outer loop
      vertex -17.8787 62.1213 2.5
      vertex -19.0101 60.9899 2.5
      vertex -18.8359 60.7778 2.5
    endloop
  endfacet
  facet normal 0 0 1
    outer loop
      vertex -18.3333 62.4944 2.5
      vertex -19.2222 61.1641 2.5
      vertex -19.0101 60.9899 2.5
    endloop
  endfacet
  facet normal 0 0 1
    outer loop
      vertex -19.4642 61.2934 2.5
      vertex -18.852 62.7716 2.5
      vertex -19.4147 62.9424 2.5
    endloop
  endfacet
  facet normal 0 0 1
    outer loop
      vertex -18.852 62.7716 2.5
      vertex -19.4642 61.2934 2.5
      vertex -19.2222 61.1641 2.5
    endloop
  endfacet
  facet normal 0 0 1
    outer loop
      vertex -19.4147 62.9424 2.5
      vertex -19.7269 61.3731 2.5
      vertex -19.4642 61.2934 2.5
    endloop
  endfacet
  facet normal 0 0 1
    outer loop
      vertex -20 63 2.5
      vertex -19.7269 61.3731 2.5
      vertex -19.4147 62.9424 2.5
    endloop
  endfacet
  facet normal 0 0 1
    outer loop
      vertex -20 63 2.5
      vertex -20 61.4 2.5
      vertex -19.7269 61.3731 2.5
    endloop
  endfacet
  facet normal 0 0 1
    outer loop
      vertex -20 63 2.5
      vertex -20.2731 61.3731 2.5
      vertex -20 61.4 2.5
    endloop
  endfacet
  facet normal -0 0 1
    outer loop
      vertex -20.5853 62.9424 2.5
      vertex -20.2731 61.3731 2.5
      vertex -20 63 2.5
    endloop
  endfacet
  facet normal 0 0 1
    outer loop
      vertex -20.2731 61.3731 2.5
      vertex -20.5853 62.9424 2.5
      vertex -20.5358 61.2934 2.5
    endloop
  endfacet
  facet normal -0 0 1
    outer loop
      vertex -21.148 62.7716 2.5
      vertex -20.5358 61.2934 2.5
      vertex -20.5853 62.9424 2.5
    endloop
  endfacet
  facet normal 0 0 1
    outer loop
      vertex -20.5358 61.2934 2.5
      vertex -21.148 62.7716 2.5
      vertex -20.7778 61.1641 2.5
    endloop
  endfacet
  facet normal -0 0 1
    outer loop
      vertex -21.6667 62.4944 2.5
      vertex -20.7778 61.1641 2.5
      vertex -21.148 62.7716 2.5
    endloop
  endfacet
  facet normal 0 0 1
    outer loop
      vertex -20.7778 61.1641 2.5
      vertex -21.6667 62.4944 2.5
      vertex -20.9899 60.9899 2.5
    endloop
  endfacet
  facet normal -0 0 1
    outer loop
      vertex -22.1213 62.1213 2.5
      vertex -20.9899 60.9899 2.5
      vertex -21.6667 62.4944 2.5
    endloop
  endfacet
  facet normal 0 0 1
    outer loop
      vertex -20.9899 60.9899 2.5
      vertex -22.1213 62.1213 2.5
      vertex -21.1641 60.7778 2.5
    endloop
  endfacet
  facet normal -0 0 1
    outer loop
      vertex -22.4944 61.6667 2.5
      vertex -21.1641 60.7778 2.5
      vertex -22.1213 62.1213 2.5
    endloop
  endfacet
  facet normal 0 0 1
    outer loop
      vertex -21.1641 60.7778 2.5
      vertex -22.4944 61.6667 2.5
      vertex -21.2934 60.5358 2.5
    endloop
  endfacet
  facet normal -0 0 1
    outer loop
      vertex -18.8359 59.2222 2.5
      vertex -17.5056 58.3333 2.5
      vertex -18.7066 59.4642 2.5
    endloop
  endfacet
  facet normal 0 0 1
    outer loop
      vertex -17.5056 58.3333 2.5
      vertex -18.8359 59.2222 2.5
      vertex -17.8787 57.8787 2.5
    endloop
  endfacet
  facet normal -0 0 1
    outer loop
      vertex -19.0101 59.0101 2.5
      vertex -17.8787 57.8787 2.5
      vertex -18.8359 59.2222 2.5
    endloop
  endfacet
  facet normal 0 0 1
    outer loop
      vertex -17.8787 57.8787 2.5
      vertex -19.0101 59.0101 2.5
      vertex -18.3333 57.5056 2.5
    endloop
  endfacet
  facet normal -0 0 1
    outer loop
      vertex -19.2222 58.8359 2.5
      vertex -18.3333 57.5056 2.5
      vertex -19.0101 59.0101 2.5
    endloop
  endfacet
  facet normal 0 0 1
    outer loop
      vertex -18.3333 57.5056 2.5
      vertex -19.2222 58.8359 2.5
      vertex -18.852 57.2284 2.5
    endloop
  endfacet
  facet normal -0 0 1
    outer loop
      vertex -19.4642 58.7066 2.5
      vertex -18.852 57.2284 2.5
      vertex -19.2222 58.8359 2.5
    endloop
  endfacet
  facet normal 0 0 1
    outer loop
      vertex -18.852 57.2284 2.5
      vertex -19.4642 58.7066 2.5
      vertex -19.4147 57.0576 2.5
    endloop
  endfacet
  facet normal -0 0 1
    outer loop
      vertex -19.7269 58.6269 2.5
      vertex -19.4147 57.0576 2.5
      vertex -19.4642 58.7066 2.5
    endloop
  endfacet
  facet normal -0 0 1
    outer loop
      vertex -20 58.6 2.5
      vertex -19.4147 57.0576 2.5
      vertex -19.7269 58.6269 2.5
    endloop
  endfacet
  facet normal 0 0 1
    outer loop
      vertex -20 58.6 2.5
      vertex -20 57 2.5
      vertex -19.4147 57.0576 2.5
    endloop
  endfacet
  facet normal 0 0 1
    outer loop
      vertex -20.2731 58.6269 2.5
      vertex -20 57 2.5
      vertex -20 58.6 2.5
    endloop
  endfacet
  facet normal 0 0 1
    outer loop
      vertex -20.5853 57.0576 2.5
      vertex -20.2731 58.6269 2.5
      vertex -20.5358 58.7066 2.5
    endloop
  endfacet
  facet normal 0 0 1
    outer loop
      vertex -20.2731 58.6269 2.5
      vertex -20.5853 57.0576 2.5
      vertex -20 57 2.5
    endloop
  endfacet
  facet normal 0 0 1
    outer loop
      vertex -21.148 57.2284 2.5
      vertex -20.5358 58.7066 2.5
      vertex -20.7778 58.8359 2.5
    endloop
  endfacet
  facet normal 0 0 1
    outer loop
      vertex -21.6667 57.5056 2.5
      vertex -20.7778 58.8359 2.5
      vertex -20.9899 59.0101 2.5
    endloop
  endfacet
  facet normal 0 0 1
    outer loop
      vertex -20.5358 58.7066 2.5
      vertex -21.148 57.2284 2.5
      vertex -20.5853 57.0576 2.5
    endloop
  endfacet
  facet normal 0 0 1
    outer loop
      vertex -22.1213 57.8787 2.5
      vertex -20.9899 59.0101 2.5
      vertex -21.1641 59.2222 2.5
    endloop
  endfacet
  facet normal 0 0 1
    outer loop
      vertex -22.4944 58.3333 2.5
      vertex -21.1641 59.2222 2.5
      vertex -21.2934 59.4642 2.5
    endloop
  endfacet
  facet normal 0 0 1
    outer loop
      vertex -22.7716 58.852 2.5
      vertex -21.2934 59.4642 2.5
      vertex -21.3731 59.7269 2.5
    endloop
  endfacet
  facet normal 0 0 1
    outer loop
      vertex -22.9424 59.4147 2.5
      vertex -21.3731 59.7269 2.5
      vertex -21.4 60 2.5
    endloop
  endfacet
  facet normal -0 0 1
    outer loop
      vertex -22.7716 61.148 2.5
      vertex -21.2934 60.5358 2.5
      vertex -22.4944 61.6667 2.5
    endloop
  endfacet
  facet normal 0 0 1
    outer loop
      vertex -20.7778 58.8359 2.5
      vertex -21.6667 57.5056 2.5
      vertex -21.148 57.2284 2.5
    endloop
  endfacet
  facet normal 0 0 1
    outer loop
      vertex -21.2934 60.5358 2.5
      vertex -22.7716 61.148 2.5
      vertex -21.3731 60.2731 2.5
    endloop
  endfacet
  facet normal 0 0 1
    outer loop
      vertex -20.9899 59.0101 2.5
      vertex -22.1213 57.8787 2.5
      vertex -21.6667 57.5056 2.5
    endloop
  endfacet
  facet normal -0 0 1
    outer loop
      vertex -22.9424 60.5853 2.5
      vertex -21.3731 60.2731 2.5
      vertex -22.7716 61.148 2.5
    endloop
  endfacet
  facet normal 0 0 1
    outer loop
      vertex -21.1641 59.2222 2.5
      vertex -22.4944 58.3333 2.5
      vertex -22.1213 57.8787 2.5
    endloop
  endfacet
  facet normal 0 0 1
    outer loop
      vertex -21.3731 60.2731 2.5
      vertex -22.9424 60.5853 2.5
      vertex -21.4 60 2.5
    endloop
  endfacet
  facet normal 0 0 1
    outer loop
      vertex -21.2934 59.4642 2.5
      vertex -22.7716 58.852 2.5
      vertex -22.4944 58.3333 2.5
    endloop
  endfacet
  facet normal 0 0 1
    outer loop
      vertex -23 60 2.5
      vertex -21.4 60 2.5
      vertex -22.9424 60.5853 2.5
    endloop
  endfacet
  facet normal 0 0 1
    outer loop
      vertex -21.3731 59.7269 2.5
      vertex -22.9424 59.4147 2.5
      vertex -22.7716 58.852 2.5
    endloop
  endfacet
  facet normal 0 0 1
    outer loop
      vertex -21.4 60 2.5
      vertex -23 60 2.5
      vertex -22.9424 59.4147 2.5
    endloop
  endfacet
  facet normal -0.881957 -0.471329 0
    outer loop
      vertex -22.4944 58.3333 0
      vertex -22.7716 58.852 2.5
      vertex -22.7716 58.852 0
    endloop
  endfacet
  facet normal -0.881957 -0.471329 0
    outer loop
      vertex -22.7716 58.852 2.5
      vertex -22.4944 58.3333 0
      vertex -22.4944 58.3333 2.5
    endloop
  endfacet
  facet normal 0.290451 0.95689 -0
    outer loop
      vertex -18.852 62.7716 0
      vertex -19.4147 62.9424 2.5
      vertex -18.852 62.7716 2.5
    endloop
  endfacet
  facet normal 0.290451 0.95689 0
    outer loop
      vertex -19.4147 62.9424 2.5
      vertex -18.852 62.7716 0
      vertex -19.4147 62.9424 0
    endloop
  endfacet
  facet normal 0 0 -1
    outer loop
      vertex -17.0576 59.4147 0
      vertex -17.0576 60.5853 0
      vertex -17 60 0
    endloop
  endfacet
  facet normal 0 0 -1
    outer loop
      vertex -17.2284 58.852 0
      vertex -17.0576 60.5853 0
      vertex -17.0576 59.4147 0
    endloop
  endfacet
  facet normal 0 0 -1
    outer loop
      vertex -17.2284 58.852 0
      vertex -17.2284 61.148 0
      vertex -17.0576 60.5853 0
    endloop
  endfacet
  facet normal 0 0 -1
    outer loop
      vertex -17.5056 58.3333 0
      vertex -17.2284 61.148 0
      vertex -17.2284 58.852 0
    endloop
  endfacet
  facet normal 0 0 -1
    outer loop
      vertex -17.5056 58.3333 0
      vertex -17.5056 61.6667 0
      vertex -17.2284 61.148 0
    endloop
  endfacet
  facet normal 0 0 -1
    outer loop
      vertex -17.8787 57.8787 0
      vertex -17.5056 61.6667 0
      vertex -17.5056 58.3333 0
    endloop
  endfacet
  facet normal 0 0 -1
    outer loop
      vertex -17.8787 57.8787 0
      vertex -17.8787 62.1213 0
      vertex -17.5056 61.6667 0
    endloop
  endfacet
  facet normal 0 0 -1
    outer loop
      vertex -18.3333 57.5056 0
      vertex -17.8787 62.1213 0
      vertex -17.8787 57.8787 0
    endloop
  endfacet
  facet normal 0 0 -1
    outer loop
      vertex -18.3333 57.5056 0
      vertex -18.3333 62.4944 0
      vertex -17.8787 62.1213 0
    endloop
  endfacet
  facet normal 0 0 -1
    outer loop
      vertex -18.852 57.2284 0
      vertex -18.3333 62.4944 0
      vertex -18.3333 57.5056 0
    endloop
  endfacet
  facet normal 0 0 -1
    outer loop
      vertex -18.852 57.2284 0
      vertex -18.852 62.7716 0
      vertex -18.3333 62.4944 0
    endloop
  endfacet
  facet normal 0 0 -1
    outer loop
      vertex -19.4147 57.0576 0
      vertex -18.852 62.7716 0
      vertex -18.852 57.2284 0
    endloop
  endfacet
  facet normal 0 0 -1
    outer loop
      vertex -19.4147 57.0576 0
      vertex -19.4147 62.9424 0
      vertex -18.852 62.7716 0
    endloop
  endfacet
  facet normal 0 0 -1
    outer loop
      vertex -20 57 0
      vertex -19.4147 62.9424 0
      vertex -19.4147 57.0576 0
    endloop
  endfacet
  facet normal 0 0 -1
    outer loop
      vertex -20 57 0
      vertex -20 63 0
      vertex -19.4147 62.9424 0
    endloop
  endfacet
  facet normal 0 0 -1
    outer loop
      vertex -20.5853 57.0576 0
      vertex -20 63 0
      vertex -20 57 0
    endloop
  endfacet
  facet normal 0 0 -1
    outer loop
      vertex -20.5853 57.0576 0
      vertex -20.5853 62.9424 0
      vertex -20 63 0
    endloop
  endfacet
  facet normal 0 0 -1
    outer loop
      vertex -21.148 57.2284 0
      vertex -20.5853 62.9424 0
      vertex -20.5853 57.0576 0
    endloop
  endfacet
  facet normal 0 0 -1
    outer loop
      vertex -21.148 57.2284 0
      vertex -21.148 62.7716 0
      vertex -20.5853 62.9424 0
    endloop
  endfacet
  facet normal 0 0 -1
    outer loop
      vertex -21.6667 57.5056 0
      vertex -21.148 62.7716 0
      vertex -21.148 57.2284 0
    endloop
  endfacet
  facet normal 0 0 -1
    outer loop
      vertex -21.6667 57.5056 0
      vertex -21.6667 62.4944 0
      vertex -21.148 62.7716 0
    endloop
  endfacet
  facet normal 0 0 -1
    outer loop
      vertex -22.1213 57.8787 0
      vertex -21.6667 62.4944 0
      vertex -21.6667 57.5056 0
    endloop
  endfacet
  facet normal 0 0 -1
    outer loop
      vertex -22.1213 57.8787 0
      vertex -22.1213 62.1213 0
      vertex -21.6667 62.4944 0
    endloop
  endfacet
  facet normal 0 0 -1
    outer loop
      vertex -22.4944 58.3333 0
      vertex -22.1213 62.1213 0
      vertex -22.1213 57.8787 0
    endloop
  endfacet
  facet normal 0 0 -1
    outer loop
      vertex -22.4944 58.3333 0
      vertex -22.4944 61.6667 0
      vertex -22.1213 62.1213 0
    endloop
  endfacet
  facet normal 0 0 -1
    outer loop
      vertex -22.7716 58.852 0
      vertex -22.4944 61.6667 0
      vertex -22.4944 58.3333 0
    endloop
  endfacet
  facet normal 0 0 -1
    outer loop
      vertex -22.7716 58.852 0
      vertex -22.7716 61.148 0
      vertex -22.4944 61.6667 0
    endloop
  endfacet
  facet normal 0 0 -1
    outer loop
      vertex -22.9424 59.4147 0
      vertex -22.7716 61.148 0
      vertex -22.7716 58.852 0
    endloop
  endfacet
  facet normal 0 0 -1
    outer loop
      vertex -22.9424 59.4147 0
      vertex -22.9424 60.5853 0
      vertex -22.7716 61.148 0
    endloop
  endfacet
  facet normal 0 -0 -1
    outer loop
      vertex -22.9424 60.5853 0
      vertex -22.9424 59.4147 0
      vertex -23 60 0
    endloop
  endfacet
  facet normal -0.290451 0.95689 0
    outer loop
      vertex -20.5853 62.9424 0
      vertex -21.148 62.7716 2.5
      vertex -20.5853 62.9424 2.5
    endloop
  endfacet
  facet normal -0.290451 0.95689 0
    outer loop
      vertex -21.148 62.7716 2.5
      vertex -20.5853 62.9424 0
      vertex -21.148 62.7716 0
    endloop
  endfacet
  facet normal 0.95689 0.290451 0
    outer loop
      vertex -17.0576 60.5853 2.5
      vertex -17.2284 61.148 0
      vertex -17.2284 61.148 2.5
    endloop
  endfacet
  facet normal 0.95689 0.290451 0
    outer loop
      vertex -17.2284 61.148 0
      vertex -17.0576 60.5853 2.5
      vertex -17.0576 60.5853 0
    endloop
  endfacet
  facet normal 0.772994 -0.634413 0
    outer loop
      vertex -17.8787 57.8787 2.5
      vertex -17.5056 58.3333 0
      vertex -17.5056 58.3333 2.5
    endloop
  endfacet
  facet normal 0.772994 -0.634413 0
    outer loop
      vertex -17.5056 58.3333 0
      vertex -17.8787 57.8787 2.5
      vertex -17.8787 57.8787 0
    endloop
  endfacet
  facet normal -0.995193 -0.097938 0
    outer loop
      vertex -22.9424 59.4147 0
      vertex -23 60 2.5
      vertex -23 60 0
    endloop
  endfacet
  facet normal -0.995193 -0.097938 0
    outer loop
      vertex -23 60 2.5
      vertex -22.9424 59.4147 0
      vertex -22.9424 59.4147 2.5
    endloop
  endfacet
  facet normal 0.634413 0.772994 -0
    outer loop
      vertex -17.8787 62.1213 0
      vertex -18.3333 62.4944 2.5
      vertex -17.8787 62.1213 2.5
    endloop
  endfacet
  facet normal 0.634413 0.772994 0
    outer loop
      vertex -18.3333 62.4944 2.5
      vertex -17.8787 62.1213 0
      vertex -18.3333 62.4944 0
    endloop
  endfacet
  facet normal -0.634413 0.772994 0
    outer loop
      vertex -21.6667 62.4944 0
      vertex -22.1213 62.1213 2.5
      vertex -21.6667 62.4944 2.5
    endloop
  endfacet
  facet normal -0.634413 0.772994 0
    outer loop
      vertex -22.1213 62.1213 2.5
      vertex -21.6667 62.4944 0
      vertex -22.1213 62.1213 0
    endloop
  endfacet
  facet normal -0.097938 -0.995193 0
    outer loop
      vertex -20.5853 57.0576 0
      vertex -20 57 2.5
      vertex -20.5853 57.0576 2.5
    endloop
  endfacet
  facet normal -0.097938 -0.995193 -0
    outer loop
      vertex -20 57 2.5
      vertex -20.5853 57.0576 0
      vertex -20 57 0
    endloop
  endfacet
  facet normal 0.881957 0.471329 0
    outer loop
      vertex -17.2284 61.148 2.5
      vertex -17.5056 61.6667 0
      vertex -17.5056 61.6667 2.5
    endloop
  endfacet
  facet normal 0.881957 0.471329 0
    outer loop
      vertex -17.5056 61.6667 0
      vertex -17.2284 61.148 2.5
      vertex -17.2284 61.148 0
    endloop
  endfacet
  facet normal -0.95689 0.290451 0
    outer loop
      vertex -22.9424 60.5853 0
      vertex -22.7716 61.148 2.5
      vertex -22.7716 61.148 0
    endloop
  endfacet
  facet normal -0.95689 0.290451 0
    outer loop
      vertex -22.7716 61.148 2.5
      vertex -22.9424 60.5853 0
      vertex -22.9424 60.5853 2.5
    endloop
  endfacet
  facet normal -0.995193 0.097938 0
    outer loop
      vertex -23 60 0
      vertex -22.9424 60.5853 2.5
      vertex -22.9424 60.5853 0
    endloop
  endfacet
  facet normal -0.995193 0.097938 0
    outer loop
      vertex -22.9424 60.5853 2.5
      vertex -23 60 0
      vertex -23 60 2.5
    endloop
  endfacet
  facet normal -0.772994 0.634413 0
    outer loop
      vertex -22.4944 61.6667 0
      vertex -22.1213 62.1213 2.5
      vertex -22.1213 62.1213 0
    endloop
  endfacet
  facet normal -0.772994 0.634413 0
    outer loop
      vertex -22.1213 62.1213 2.5
      vertex -22.4944 61.6667 0
      vertex -22.4944 61.6667 2.5
    endloop
  endfacet
  facet normal -0.772994 -0.634413 0
    outer loop
      vertex -22.1213 57.8787 0
      vertex -22.4944 58.3333 2.5
      vertex -22.4944 58.3333 0
    endloop
  endfacet
  facet normal -0.772994 -0.634413 0
    outer loop
      vertex -22.4944 58.3333 2.5
      vertex -22.1213 57.8787 0
      vertex -22.1213 57.8787 2.5
    endloop
  endfacet
  facet normal -0.95689 -0.290451 0
    outer loop
      vertex -22.7716 58.852 0
      vertex -22.9424 59.4147 2.5
      vertex -22.9424 59.4147 0
    endloop
  endfacet
  facet normal -0.95689 -0.290451 0
    outer loop
      vertex -22.9424 59.4147 2.5
      vertex -22.7716 58.852 0
      vertex -22.7716 58.852 2.5
    endloop
  endfacet
  facet normal -0.471329 0.881957 0
    outer loop
      vertex -21.148 62.7716 0
      vertex -21.6667 62.4944 2.5
      vertex -21.148 62.7716 2.5
    endloop
  endfacet
  facet normal -0.471329 0.881957 0
    outer loop
      vertex -21.6667 62.4944 2.5
      vertex -21.148 62.7716 0
      vertex -21.6667 62.4944 0
    endloop
  endfacet
  facet normal -0.956929 0.290321 0
    outer loop
      vertex -18.7066 59.4642 0.5
      vertex -18.6269 59.7269 2.5
      vertex -18.6269 59.7269 0.5
    endloop
  endfacet
  facet normal -0.956929 0.290321 0
    outer loop
      vertex -18.6269 59.7269 2.5
      vertex -18.7066 59.4642 0.5
      vertex -18.7066 59.4642 2.5
    endloop
  endfacet
  facet normal -0.995184 0.0980244 0
    outer loop
      vertex -18.6269 59.7269 0.5
      vertex -18.6 60 2.5
      vertex -18.6 60 0.5
    endloop
  endfacet
  facet normal -0.995184 0.0980244 0
    outer loop
      vertex -18.6 60 2.5
      vertex -18.6269 59.7269 0.5
      vertex -18.6269 59.7269 2.5
    endloop
  endfacet
  facet normal -0.882 0.47125 0
    outer loop
      vertex -18.8359 59.2222 0.5
      vertex -18.7066 59.4642 2.5
      vertex -18.7066 59.4642 0.5
    endloop
  endfacet
  facet normal -0.882 0.47125 0
    outer loop
      vertex -18.7066 59.4642 2.5
      vertex -18.8359 59.2222 0.5
      vertex -18.8359 59.2222 2.5
    endloop
  endfacet
  facet normal 0.0980244 0.995184 -0
    outer loop
      vertex -20 58.6 0.5
      vertex -20.2731 58.6269 2.5
      vertex -20 58.6 2.5
    endloop
  endfacet
  facet normal 0.0980244 0.995184 0
    outer loop
      vertex -20.2731 58.6269 2.5
      vertex -20 58.6 0.5
      vertex -20.2731 58.6269 0.5
    endloop
  endfacet
  facet normal -0.995184 -0.0980244 0
    outer loop
      vertex -18.6 60 0.5
      vertex -18.6269 60.2731 2.5
      vertex -18.6269 60.2731 0.5
    endloop
  endfacet
  facet normal -0.995184 -0.0980244 0
    outer loop
      vertex -18.6269 60.2731 2.5
      vertex -18.6 60 0.5
      vertex -18.6 60 2.5
    endloop
  endfacet
  facet normal 0.47125 -0.882 0
    outer loop
      vertex -20.7778 61.1641 0.5
      vertex -20.5358 61.2934 2.5
      vertex -20.7778 61.1641 2.5
    endloop
  endfacet
  facet normal 0.47125 -0.882 0
    outer loop
      vertex -20.5358 61.2934 2.5
      vertex -20.7778 61.1641 0.5
      vertex -20.5358 61.2934 0.5
    endloop
  endfacet
  facet normal -0.634685 -0.772771 0
    outer loop
      vertex -19.2222 61.1641 0.5
      vertex -19.0101 60.9899 2.5
      vertex -19.2222 61.1641 2.5
    endloop
  endfacet
  facet normal -0.634685 -0.772771 -0
    outer loop
      vertex -19.0101 60.9899 2.5
      vertex -19.2222 61.1641 0.5
      vertex -19.0101 60.9899 0.5
    endloop
  endfacet
  facet normal -0.772771 0.634685 0
    outer loop
      vertex -19.0101 59.0101 0.5
      vertex -18.8359 59.2222 2.5
      vertex -18.8359 59.2222 0.5
    endloop
  endfacet
  facet normal -0.772771 0.634685 0
    outer loop
      vertex -18.8359 59.2222 2.5
      vertex -19.0101 59.0101 0.5
      vertex -19.0101 59.0101 2.5
    endloop
  endfacet
  facet normal -0.956929 -0.290321 0
    outer loop
      vertex -18.6269 60.2731 0.5
      vertex -18.7066 60.5358 2.5
      vertex -18.7066 60.5358 0.5
    endloop
  endfacet
  facet normal -0.956929 -0.290321 0
    outer loop
      vertex -18.7066 60.5358 2.5
      vertex -18.6269 60.2731 0.5
      vertex -18.6269 60.2731 2.5
    endloop
  endfacet
  facet normal 0.772771 -0.634685 0
    outer loop
      vertex -21.1641 60.7778 2.5
      vertex -20.9899 60.9899 0.5
      vertex -20.9899 60.9899 2.5
    endloop
  endfacet
  facet normal 0.772771 -0.634685 0
    outer loop
      vertex -20.9899 60.9899 0.5
      vertex -21.1641 60.7778 2.5
      vertex -21.1641 60.7778 0.5
    endloop
  endfacet
  facet normal 0.634685 0.772771 -0
    outer loop
      vertex -20.7778 58.8359 0.5
      vertex -20.9899 59.0101 2.5
      vertex -20.7778 58.8359 2.5
    endloop
  endfacet
  facet normal 0.634685 0.772771 0
    outer loop
      vertex -20.9899 59.0101 2.5
      vertex -20.7778 58.8359 0.5
      vertex -20.9899 59.0101 0.5
    endloop
  endfacet
  facet normal 0.47125 0.882 -0
    outer loop
      vertex -20.5358 58.7066 0.5
      vertex -20.7778 58.8359 2.5
      vertex -20.5358 58.7066 2.5
    endloop
  endfacet
  facet normal 0.47125 0.882 0
    outer loop
      vertex -20.7778 58.8359 2.5
      vertex -20.5358 58.7066 0.5
      vertex -20.7778 58.8359 0.5
    endloop
  endfacet
  facet normal -0.47125 0.882 0
    outer loop
      vertex -19.2222 58.8359 0.5
      vertex -19.4642 58.7066 2.5
      vertex -19.2222 58.8359 2.5
    endloop
  endfacet
  facet normal -0.47125 0.882 0
    outer loop
      vertex -19.4642 58.7066 2.5
      vertex -19.2222 58.8359 0.5
      vertex -19.4642 58.7066 0.5
    endloop
  endfacet
  facet normal 0.290321 0.956929 -0
    outer loop
      vertex -20.2731 58.6269 0.5
      vertex -20.5358 58.7066 2.5
      vertex -20.2731 58.6269 2.5
    endloop
  endfacet
  facet normal 0.290321 0.956929 0
    outer loop
      vertex -20.5358 58.7066 2.5
      vertex -20.2731 58.6269 0.5
      vertex -20.5358 58.7066 0.5
    endloop
  endfacet
  facet normal 0.882 -0.47125 0
    outer loop
      vertex -21.2934 60.5358 2.5
      vertex -21.1641 60.7778 0.5
      vertex -21.1641 60.7778 2.5
    endloop
  endfacet
  facet normal 0.882 -0.47125 0
    outer loop
      vertex -21.1641 60.7778 0.5
      vertex -21.2934 60.5358 2.5
      vertex -21.2934 60.5358 0.5
    endloop
  endfacet
  facet normal 0.634685 -0.772771 0
    outer loop
      vertex -20.9899 60.9899 0.5
      vertex -20.7778 61.1641 2.5
      vertex -20.9899 60.9899 2.5
    endloop
  endfacet
  facet normal 0.634685 -0.772771 0
    outer loop
      vertex -20.7778 61.1641 2.5
      vertex -20.9899 60.9899 0.5
      vertex -20.7778 61.1641 0.5
    endloop
  endfacet
  facet normal -0.772771 -0.634685 0
    outer loop
      vertex -18.8359 60.7778 0.5
      vertex -19.0101 60.9899 2.5
      vertex -19.0101 60.9899 0.5
    endloop
  endfacet
  facet normal -0.772771 -0.634685 0
    outer loop
      vertex -19.0101 60.9899 2.5
      vertex -18.8359 60.7778 0.5
      vertex -18.8359 60.7778 2.5
    endloop
  endfacet
  facet normal -0.290321 0.956929 0
    outer loop
      vertex -19.4642 58.7066 0.5
      vertex -19.7269 58.6269 2.5
      vertex -19.4642 58.7066 2.5
    endloop
  endfacet
  facet normal -0.290321 0.956929 0
    outer loop
      vertex -19.7269 58.6269 2.5
      vertex -19.4642 58.7066 0.5
      vertex -19.7269 58.6269 0.5
    endloop
  endfacet
  facet normal -0.0980244 0.995184 0
    outer loop
      vertex -19.7269 58.6269 0.5
      vertex -20 58.6 2.5
      vertex -19.7269 58.6269 2.5
    endloop
  endfacet
  facet normal -0.0980244 0.995184 0
    outer loop
      vertex -20 58.6 2.5
      vertex -19.7269 58.6269 0.5
      vertex -20 58.6 0.5
    endloop
  endfacet
  facet normal -0.290321 -0.956929 0
    outer loop
      vertex -19.7269 61.3731 0.5
      vertex -19.4642 61.2934 2.5
      vertex -19.7269 61.3731 2.5
    endloop
  endfacet
  facet normal -0.290321 -0.956929 -0
    outer loop
      vertex -19.4642 61.2934 2.5
      vertex -19.7269 61.3731 0.5
      vertex -19.4642 61.2934 0.5
    endloop
  endfacet
  facet normal 0.956929 0.290321 0
    outer loop
      vertex -21.2934 59.4642 2.5
      vertex -21.3731 59.7269 0.5
      vertex -21.3731 59.7269 2.5
    endloop
  endfacet
  facet normal 0.956929 0.290321 0
    outer loop
      vertex -21.3731 59.7269 0.5
      vertex -21.2934 59.4642 2.5
      vertex -21.2934 59.4642 0.5
    endloop
  endfacet
  facet normal -0.47125 -0.882 0
    outer loop
      vertex -19.4642 61.2934 0.5
      vertex -19.2222 61.1641 2.5
      vertex -19.4642 61.2934 2.5
    endloop
  endfacet
  facet normal -0.47125 -0.882 -0
    outer loop
      vertex -19.2222 61.1641 2.5
      vertex -19.4642 61.2934 0.5
      vertex -19.2222 61.1641 0.5
    endloop
  endfacet
  facet normal 0.882 0.47125 0
    outer loop
      vertex -21.1641 59.2222 2.5
      vertex -21.2934 59.4642 0.5
      vertex -21.2934 59.4642 2.5
    endloop
  endfacet
  facet normal 0.882 0.47125 0
    outer loop
      vertex -21.2934 59.4642 0.5
      vertex -21.1641 59.2222 2.5
      vertex -21.1641 59.2222 0.5
    endloop
  endfacet
  facet normal -0.882 -0.47125 0
    outer loop
      vertex -18.7066 60.5358 0.5
      vertex -18.8359 60.7778 2.5
      vertex -18.8359 60.7778 0.5
    endloop
  endfacet
  facet normal -0.882 -0.47125 0
    outer loop
      vertex -18.8359 60.7778 2.5
      vertex -18.7066 60.5358 0.5
      vertex -18.7066 60.5358 2.5
    endloop
  endfacet
  facet normal -0.634685 0.772771 0
    outer loop
      vertex -19.0101 59.0101 0.5
      vertex -19.2222 58.8359 2.5
      vertex -19.0101 59.0101 2.5
    endloop
  endfacet
  facet normal -0.634685 0.772771 0
    outer loop
      vertex -19.2222 58.8359 2.5
      vertex -19.0101 59.0101 0.5
      vertex -19.2222 58.8359 0.5
    endloop
  endfacet
  facet normal 0.995184 0.0980244 0
    outer loop
      vertex -21.3731 59.7269 2.5
      vertex -21.4 60 0.5
      vertex -21.4 60 2.5
    endloop
  endfacet
  facet normal 0.995184 0.0980244 0
    outer loop
      vertex -21.4 60 0.5
      vertex -21.3731 59.7269 2.5
      vertex -21.3731 59.7269 0.5
    endloop
  endfacet
  facet normal -0.0980244 -0.995184 0
    outer loop
      vertex -20 61.4 0.5
      vertex -19.7269 61.3731 2.5
      vertex -20 61.4 2.5
    endloop
  endfacet
  facet normal -0.0980244 -0.995184 -0
    outer loop
      vertex -19.7269 61.3731 2.5
      vertex -20 61.4 0.5
      vertex -19.7269 61.3731 0.5
    endloop
  endfacet
  facet normal 0 0 1
    outer loop
      vertex -18.6269 60.2731 0.5
      vertex -18.6269 59.7269 0.5
      vertex -18.6 60 0.5
    endloop
  endfacet
  facet normal 0 0 1
    outer loop
      vertex -18.7066 60.5358 0.5
      vertex -18.6269 59.7269 0.5
      vertex -18.6269 60.2731 0.5
    endloop
  endfacet
  facet normal 0 0 1
    outer loop
      vertex -18.7066 60.5358 0.5
      vertex -18.7066 59.4642 0.5
      vertex -18.6269 59.7269 0.5
    endloop
  endfacet
  facet normal 0 0 1
    outer loop
      vertex -18.8359 60.7778 0.5
      vertex -18.7066 59.4642 0.5
      vertex -18.7066 60.5358 0.5
    endloop
  endfacet
  facet normal 0 0 1
    outer loop
      vertex -18.8359 60.7778 0.5
      vertex -18.8359 59.2222 0.5
      vertex -18.7066 59.4642 0.5
    endloop
  endfacet
  facet normal 0 0 1
    outer loop
      vertex -19.0101 60.9899 0.5
      vertex -18.8359 59.2222 0.5
      vertex -18.8359 60.7778 0.5
    endloop
  endfacet
  facet normal 0 0 1
    outer loop
      vertex -19.0101 60.9899 0.5
      vertex -19.0101 59.0101 0.5
      vertex -18.8359 59.2222 0.5
    endloop
  endfacet
  facet normal 0 0 1
    outer loop
      vertex -19.2222 61.1641 0.5
      vertex -19.0101 59.0101 0.5
      vertex -19.0101 60.9899 0.5
    endloop
  endfacet
  facet normal 0 0 1
    outer loop
      vertex -19.2222 61.1641 0.5
      vertex -19.2222 58.8359 0.5
      vertex -19.0101 59.0101 0.5
    endloop
  endfacet
  facet normal 0 0 1
    outer loop
      vertex -19.4642 61.2934 0.5
      vertex -19.2222 58.8359 0.5
      vertex -19.2222 61.1641 0.5
    endloop
  endfacet
  facet normal 0 0 1
    outer loop
      vertex -19.4642 61.2934 0.5
      vertex -19.4642 58.7066 0.5
      vertex -19.2222 58.8359 0.5
    endloop
  endfacet
  facet normal 0 0 1
    outer loop
      vertex -19.7269 61.3731 0.5
      vertex -19.4642 58.7066 0.5
      vertex -19.4642 61.2934 0.5
    endloop
  endfacet
  facet normal 0 0 1
    outer loop
      vertex -19.7269 61.3731 0.5
      vertex -19.7269 58.6269 0.5
      vertex -19.4642 58.7066 0.5
    endloop
  endfacet
  facet normal 0 0 1
    outer loop
      vertex -20 61.4 0.5
      vertex -19.7269 58.6269 0.5
      vertex -19.7269 61.3731 0.5
    endloop
  endfacet
  facet normal 0 0 1
    outer loop
      vertex -20 61.4 0.5
      vertex -20 58.6 0.5
      vertex -19.7269 58.6269 0.5
    endloop
  endfacet
  facet normal -0 0 1
    outer loop
      vertex -20.2731 61.3731 0.5
      vertex -20 58.6 0.5
      vertex -20 61.4 0.5
    endloop
  endfacet
  facet normal 0 0 1
    outer loop
      vertex -20.2731 61.3731 0.5
      vertex -20.2731 58.6269 0.5
      vertex -20 58.6 0.5
    endloop
  endfacet
  facet normal -0 0 1
    outer loop
      vertex -20.5358 61.2934 0.5
      vertex -20.2731 58.6269 0.5
      vertex -20.2731 61.3731 0.5
    endloop
  endfacet
  facet normal 0 0 1
    outer loop
      vertex -20.5358 61.2934 0.5
      vertex -20.5358 58.7066 0.5
      vertex -20.2731 58.6269 0.5
    endloop
  endfacet
  facet normal -0 0 1
    outer loop
      vertex -20.7778 61.1641 0.5
      vertex -20.5358 58.7066 0.5
      vertex -20.5358 61.2934 0.5
    endloop
  endfacet
  facet normal 0 0 1
    outer loop
      vertex -20.7778 61.1641 0.5
      vertex -20.7778 58.8359 0.5
      vertex -20.5358 58.7066 0.5
    endloop
  endfacet
  facet normal -0 0 1
    outer loop
      vertex -20.9899 60.9899 0.5
      vertex -20.7778 58.8359 0.5
      vertex -20.7778 61.1641 0.5
    endloop
  endfacet
  facet normal 0 0 1
    outer loop
      vertex -20.9899 60.9899 0.5
      vertex -20.9899 59.0101 0.5
      vertex -20.7778 58.8359 0.5
    endloop
  endfacet
  facet normal -0 0 1
    outer loop
      vertex -21.1641 60.7778 0.5
      vertex -20.9899 59.0101 0.5
      vertex -20.9899 60.9899 0.5
    endloop
  endfacet
  facet normal 0 0 1
    outer loop
      vertex -21.1641 60.7778 0.5
      vertex -21.1641 59.2222 0.5
      vertex -20.9899 59.0101 0.5
    endloop
  endfacet
  facet normal -0 0 1
    outer loop
      vertex -21.2934 60.5358 0.5
      vertex -21.1641 59.2222 0.5
      vertex -21.1641 60.7778 0.5
    endloop
  endfacet
  facet normal 0 0 1
    outer loop
      vertex -21.2934 60.5358 0.5
      vertex -21.2934 59.4642 0.5
      vertex -21.1641 59.2222 0.5
    endloop
  endfacet
  facet normal -0 0 1
    outer loop
      vertex -21.3731 60.2731 0.5
      vertex -21.2934 59.4642 0.5
      vertex -21.2934 60.5358 0.5
    endloop
  endfacet
  facet normal 0 0 1
    outer loop
      vertex -21.3731 60.2731 0.5
      vertex -21.3731 59.7269 0.5
      vertex -21.2934 59.4642 0.5
    endloop
  endfacet
  facet normal 0 -0 1
    outer loop
      vertex -21.3731 59.7269 0.5
      vertex -21.3731 60.2731 0.5
      vertex -21.4 60 0.5
    endloop
  endfacet
  facet normal 0.956929 -0.290321 0
    outer loop
      vertex -21.3731 60.2731 2.5
      vertex -21.2934 60.5358 0.5
      vertex -21.2934 60.5358 2.5
    endloop
  endfacet
  facet normal 0.956929 -0.290321 0
    outer loop
      vertex -21.2934 60.5358 0.5
      vertex -21.3731 60.2731 2.5
      vertex -21.3731 60.2731 0.5
    endloop
  endfacet
  facet normal 0.995184 -0.0980244 0
    outer loop
      vertex -21.4 60 2.5
      vertex -21.3731 60.2731 0.5
      vertex -21.3731 60.2731 2.5
    endloop
  endfacet
  facet normal 0.995184 -0.0980244 0
    outer loop
      vertex -21.3731 60.2731 0.5
      vertex -21.4 60 2.5
      vertex -21.4 60 0.5
    endloop
  endfacet
  facet normal 0.0980244 -0.995184 0
    outer loop
      vertex -20.2731 61.3731 0.5
      vertex -20 61.4 2.5
      vertex -20.2731 61.3731 2.5
    endloop
  endfacet
  facet normal 0.0980244 -0.995184 0
    outer loop
      vertex -20 61.4 2.5
      vertex -20.2731 61.3731 0.5
      vertex -20 61.4 0.5
    endloop
  endfacet
  facet normal 0.290321 -0.956929 0
    outer loop
      vertex -20.5358 61.2934 0.5
      vertex -20.2731 61.3731 2.5
      vertex -20.5358 61.2934 2.5
    endloop
  endfacet
  facet normal 0.290321 -0.956929 0
    outer loop
      vertex -20.2731 61.3731 2.5
      vertex -20.5358 61.2934 0.5
      vertex -20.2731 61.3731 0.5
    endloop
  endfacet
  facet normal 0.772771 0.634685 0
    outer loop
      vertex -20.9899 59.0101 2.5
      vertex -21.1641 59.2222 0.5
      vertex -21.1641 59.2222 2.5
    endloop
  endfacet
  facet normal 0.772771 0.634685 0
    outer loop
      vertex -21.1641 59.2222 0.5
      vertex -20.9899 59.0101 2.5
      vertex -20.9899 59.0101 0.5
    endloop
  endfacet
  facet normal 0 0 1
    outer loop
      vertex -34.8334 80 1
      vertex -38.6514 80.2682 1
      vertex -38.625 80 1
    endloop
  endfacet
  facet normal -0 0 1
    outer loop
      vertex -38.8567 80.7639 1
      vertex -34.8334 80 1
      vertex -38.7084 83.875 1
    endloop
  endfacet
  facet normal 0 0 1
    outer loop
      vertex -34.8334 80 1
      vertex -38.7297 80.5262 1
      vertex -38.6514 80.2682 1
    endloop
  endfacet
  facet normal 0 0 1
    outer loop
      vertex -34.8334 80 1
      vertex -38.8567 80.7639 1
      vertex -38.7297 80.5262 1
    endloop
  endfacet
  facet normal 0 0 1
    outer loop
      vertex -38.7084 83.875 1
      vertex -39.0277 80.9723 1
      vertex -38.8567 80.7639 1
    endloop
  endfacet
  facet normal 0 0 1
    outer loop
      vertex -38.7084 83.875 1
      vertex -39.2361 81.1433 1
      vertex -39.0277 80.9723 1
    endloop
  endfacet
  facet normal 0 0 1
    outer loop
      vertex -38.7084 83.875 1
      vertex -39.4738 81.2703 1
      vertex -39.2361 81.1433 1
    endloop
  endfacet
  facet normal 0 0 1
    outer loop
      vertex -38.7084 83.875 1
      vertex -39.7318 81.3486 1
      vertex -39.4738 81.2703 1
    endloop
  endfacet
  facet normal 0 0 1
    outer loop
      vertex -38.7084 83.875 1
      vertex -40 81.375 1
      vertex -39.7318 81.3486 1
    endloop
  endfacet
  facet normal 0 0 1
    outer loop
      vertex -38.7084 83.875 1
      vertex -40.2682 81.3486 1
      vertex -40 81.375 1
    endloop
  endfacet
  facet normal -0 0 1
    outer loop
      vertex -42.5833 83.875 1
      vertex -40.2682 81.3486 1
      vertex -38.7084 83.875 1
    endloop
  endfacet
  facet normal 0 0 1
    outer loop
      vertex -40.2682 81.3486 1
      vertex -42.5833 83.875 1
      vertex -40.5262 81.2703 1
    endloop
  endfacet
  facet normal 0 0 1
    outer loop
      vertex -40.5262 81.2703 1
      vertex -42.5833 83.875 1
      vertex -40.7639 81.1433 1
    endloop
  endfacet
  facet normal 0 0 1
    outer loop
      vertex -40.7639 81.1433 1
      vertex -42.5833 83.875 1
      vertex -40.9723 80.9723 1
    endloop
  endfacet
  facet normal 0 0 1
    outer loop
      vertex -41.3486 80.2682 1
      vertex -42.5833 83.875 1
      vertex -41.375 80 1
    endloop
  endfacet
  facet normal 0 0 1
    outer loop
      vertex -41.2703 80.5262 1
      vertex -42.5833 83.875 1
      vertex -41.3486 80.2682 1
    endloop
  endfacet
  facet normal 0 0 1
    outer loop
      vertex -41.1433 80.7639 1
      vertex -42.5833 83.875 1
      vertex -41.2703 80.5262 1
    endloop
  endfacet
  facet normal 0 0 1
    outer loop
      vertex -40.9723 80.9723 1
      vertex -42.5833 83.875 1
      vertex -41.1433 80.7639 1
    endloop
  endfacet
  facet normal 0 0 1
    outer loop
      vertex -38.6514 79.7318 1
      vertex -34.8334 80 1
      vertex -38.625 80 1
    endloop
  endfacet
  facet normal 0 0 1
    outer loop
      vertex -38.7297 79.4738 1
      vertex -34.8334 80 1
      vertex -38.6514 79.7318 1
    endloop
  endfacet
  facet normal 0 0 1
    outer loop
      vertex -38.8567 79.2361 1
      vertex -34.8334 80 1
      vertex -38.7297 79.4738 1
    endloop
  endfacet
  facet normal 0 0 1
    outer loop
      vertex -34.8334 80 1
      vertex -38.8567 79.2361 1
      vertex -38.7084 76.125 1
    endloop
  endfacet
  facet normal -0 0 1
    outer loop
      vertex -39.0277 79.0277 1
      vertex -38.7084 76.125 1
      vertex -38.8567 79.2361 1
    endloop
  endfacet
  facet normal -0 0 1
    outer loop
      vertex -39.2361 78.8567 1
      vertex -38.7084 76.125 1
      vertex -39.0277 79.0277 1
    endloop
  endfacet
  facet normal -0 0 1
    outer loop
      vertex -39.4738 78.7297 1
      vertex -38.7084 76.125 1
      vertex -39.2361 78.8567 1
    endloop
  endfacet
  facet normal -0 0 1
    outer loop
      vertex -39.7318 78.6514 1
      vertex -38.7084 76.125 1
      vertex -39.4738 78.7297 1
    endloop
  endfacet
  facet normal -0 0 1
    outer loop
      vertex -40 78.625 1
      vertex -38.7084 76.125 1
      vertex -39.7318 78.6514 1
    endloop
  endfacet
  facet normal 0 0 1
    outer loop
      vertex -40.2682 78.6514 1
      vertex -38.7084 76.125 1
      vertex -40 78.625 1
    endloop
  endfacet
  facet normal 0 0 1
    outer loop
      vertex -42.5833 76.125 1
      vertex -40.2682 78.6514 1
      vertex -40.5262 78.7297 1
    endloop
  endfacet
  facet normal 0 0 1
    outer loop
      vertex -42.5833 76.125 1
      vertex -40.5262 78.7297 1
      vertex -40.7639 78.8567 1
    endloop
  endfacet
  facet normal 0 0 1
    outer loop
      vertex -42.5833 76.125 1
      vertex -40.7639 78.8567 1
      vertex -40.9723 79.0277 1
    endloop
  endfacet
  facet normal 0 0 1
    outer loop
      vertex -42.5833 76.125 1
      vertex -40.9723 79.0277 1
      vertex -41.1433 79.2361 1
    endloop
  endfacet
  facet normal 0 0 1
    outer loop
      vertex -42.5833 76.125 1
      vertex -41.375 80 1
      vertex -42.5833 83.875 1
    endloop
  endfacet
  facet normal 0 0 1
    outer loop
      vertex -40.2682 78.6514 1
      vertex -42.5833 76.125 1
      vertex -38.7084 76.125 1
    endloop
  endfacet
  facet normal 0 0 1
    outer loop
      vertex -41.2703 79.4738 1
      vertex -42.5833 76.125 1
      vertex -41.1433 79.2361 1
    endloop
  endfacet
  facet normal 0 0 1
    outer loop
      vertex -41.3486 79.7318 1
      vertex -42.5833 76.125 1
      vertex -41.2703 79.4738 1
    endloop
  endfacet
  facet normal 0 0 1
    outer loop
      vertex -41.375 80 1
      vertex -42.5833 76.125 1
      vertex -41.3486 79.7318 1
    endloop
  endfacet
  facet normal 0.707107 0.707107 0
    outer loop
      vertex -34.8334 80 1
      vertex -38.7084 83.875 0
      vertex -38.7084 83.875 1
    endloop
  endfacet
  facet normal 0.707107 0.707107 0
    outer loop
      vertex -38.7084 83.875 0
      vertex -34.8334 80 1
      vertex -34.8334 80 0
    endloop
  endfacet
  facet normal 0 0 -1
    outer loop
      vertex -38.7084 76.125 0
      vertex -38.7084 83.875 0
      vertex -34.8334 80 0
    endloop
  endfacet
  facet normal 0 0 -1
    outer loop
      vertex -42.5833 76.125 0
      vertex -38.7084 83.875 0
      vertex -38.7084 76.125 0
    endloop
  endfacet
  facet normal -0 0 -1
    outer loop
      vertex -38.7084 83.875 0
      vertex -42.5833 76.125 0
      vertex -42.5833 83.875 0
    endloop
  endfacet
  facet normal 0 -1 0
    outer loop
      vertex -42.5833 76.125 0
      vertex -38.7084 76.125 1
      vertex -42.5833 76.125 1
    endloop
  endfacet
  facet normal 0 -1 -0
    outer loop
      vertex -38.7084 76.125 1
      vertex -42.5833 76.125 0
      vertex -38.7084 76.125 0
    endloop
  endfacet
  facet normal -1 0 0
    outer loop
      vertex -42.5833 76.125 0
      vertex -42.5833 83.875 1
      vertex -42.5833 83.875 0
    endloop
  endfacet
  facet normal -1 -0 0
    outer loop
      vertex -42.5833 83.875 1
      vertex -42.5833 76.125 0
      vertex -42.5833 76.125 1
    endloop
  endfacet
  facet normal 0 1 -0
    outer loop
      vertex -38.7084 83.875 0
      vertex -42.5833 83.875 1
      vertex -38.7084 83.875 1
    endloop
  endfacet
  facet normal 0 1 0
    outer loop
      vertex -42.5833 83.875 1
      vertex -38.7084 83.875 0
      vertex -42.5833 83.875 0
    endloop
  endfacet
  facet normal 0.707107 -0.707107 0
    outer loop
      vertex -38.7084 76.125 1
      vertex -34.8334 80 0
      vertex -34.8334 80 1
    endloop
  endfacet
  facet normal 0.707107 -0.707107 0
    outer loop
      vertex -34.8334 80 0
      vertex -38.7084 76.125 1
      vertex -38.7084 76.125 0
    endloop
  endfacet
  facet normal -0.471243 -0.882003 0
    outer loop
      vertex -40.7639 78.8567 1
      vertex -40.5262 78.7297 10.9
      vertex -40.7639 78.8567 10.9
    endloop
  endfacet
  facet normal -0.471243 -0.882003 -0
    outer loop
      vertex -40.5262 78.7297 10.9
      vertex -40.7639 78.8567 1
      vertex -40.5262 78.7297 1
    endloop
  endfacet
  facet normal 0.956903 -0.290409 0
    outer loop
      vertex -38.7297 79.4738 10.9
      vertex -38.6514 79.7318 1
      vertex -38.6514 79.7318 10.9
    endloop
  endfacet
  facet normal 0.956903 -0.290409 0
    outer loop
      vertex -38.6514 79.7318 1
      vertex -38.7297 79.4738 10.9
      vertex -38.7297 79.4738 1
    endloop
  endfacet
  facet normal 0.99519 -0.0979606 0
    outer loop
      vertex -38.6514 79.7318 10.9
      vertex -38.625 80 1
      vertex -38.625 80 10.9
    endloop
  endfacet
  facet normal 0.99519 -0.0979606 0
    outer loop
      vertex -38.625 80 1
      vertex -38.6514 79.7318 10.9
      vertex -38.6514 79.7318 1
    endloop
  endfacet
  facet normal 0.882003 -0.471243 0
    outer loop
      vertex -38.8567 79.2361 10.9
      vertex -38.7297 79.4738 1
      vertex -38.7297 79.4738 10.9
    endloop
  endfacet
  facet normal 0.882003 -0.471243 0
    outer loop
      vertex -38.7297 79.4738 1
      vertex -38.8567 79.2361 10.9
      vertex -38.8567 79.2361 1
    endloop
  endfacet
  facet normal 0 0 1
    outer loop
      vertex -38.6514 80.2682 10.9
      vertex -38.6514 79.7318 10.9
      vertex -38.625 80 10.9
    endloop
  endfacet
  facet normal 0 0 1
    outer loop
      vertex -38.7297 80.5262 10.9
      vertex -38.6514 79.7318 10.9
      vertex -38.6514 80.2682 10.9
    endloop
  endfacet
  facet normal 0 0 1
    outer loop
      vertex -38.7297 80.5262 10.9
      vertex -38.7297 79.4738 10.9
      vertex -38.6514 79.7318 10.9
    endloop
  endfacet
  facet normal 0 0 1
    outer loop
      vertex -38.8567 80.7639 10.9
      vertex -38.7297 79.4738 10.9
      vertex -38.7297 80.5262 10.9
    endloop
  endfacet
  facet normal 0 0 1
    outer loop
      vertex -38.8567 80.7639 10.9
      vertex -38.8567 79.2361 10.9
      vertex -38.7297 79.4738 10.9
    endloop
  endfacet
  facet normal 0 0 1
    outer loop
      vertex -39.0277 80.9723 10.9
      vertex -38.8567 79.2361 10.9
      vertex -38.8567 80.7639 10.9
    endloop
  endfacet
  facet normal 0 0 1
    outer loop
      vertex -39.0277 80.9723 10.9
      vertex -39.0277 79.0277 10.9
      vertex -38.8567 79.2361 10.9
    endloop
  endfacet
  facet normal 0 0 1
    outer loop
      vertex -39.2361 81.1433 10.9
      vertex -39.0277 79.0277 10.9
      vertex -39.0277 80.9723 10.9
    endloop
  endfacet
  facet normal 0 0 1
    outer loop
      vertex -39.2361 81.1433 10.9
      vertex -39.2361 78.8567 10.9
      vertex -39.0277 79.0277 10.9
    endloop
  endfacet
  facet normal 0 0 1
    outer loop
      vertex -39.4738 81.2703 10.9
      vertex -39.2361 78.8567 10.9
      vertex -39.2361 81.1433 10.9
    endloop
  endfacet
  facet normal 0 0 1
    outer loop
      vertex -39.4738 81.2703 10.9
      vertex -39.4738 78.7297 10.9
      vertex -39.2361 78.8567 10.9
    endloop
  endfacet
  facet normal 0 0 1
    outer loop
      vertex -39.7318 81.3486 10.9
      vertex -39.4738 78.7297 10.9
      vertex -39.4738 81.2703 10.9
    endloop
  endfacet
  facet normal 0 0 1
    outer loop
      vertex -39.7318 81.3486 10.9
      vertex -39.7318 78.6514 10.9
      vertex -39.4738 78.7297 10.9
    endloop
  endfacet
  facet normal 0 0 1
    outer loop
      vertex -40 81.375 10.9
      vertex -39.7318 78.6514 10.9
      vertex -39.7318 81.3486 10.9
    endloop
  endfacet
  facet normal 0 0 1
    outer loop
      vertex -40 81.375 10.9
      vertex -40 78.625 10.9
      vertex -39.7318 78.6514 10.9
    endloop
  endfacet
  facet normal -0 0 1
    outer loop
      vertex -40.2682 81.3486 10.9
      vertex -40 78.625 10.9
      vertex -40 81.375 10.9
    endloop
  endfacet
  facet normal 0 0 1
    outer loop
      vertex -40.2682 81.3486 10.9
      vertex -40.2682 78.6514 10.9
      vertex -40 78.625 10.9
    endloop
  endfacet
  facet normal -0 0 1
    outer loop
      vertex -40.5262 81.2703 10.9
      vertex -40.2682 78.6514 10.9
      vertex -40.2682 81.3486 10.9
    endloop
  endfacet
  facet normal 0 0 1
    outer loop
      vertex -40.5262 81.2703 10.9
      vertex -40.5262 78.7297 10.9
      vertex -40.2682 78.6514 10.9
    endloop
  endfacet
  facet normal -0 0 1
    outer loop
      vertex -40.7639 81.1433 10.9
      vertex -40.5262 78.7297 10.9
      vertex -40.5262 81.2703 10.9
    endloop
  endfacet
  facet normal 0 0 1
    outer loop
      vertex -40.7639 81.1433 10.9
      vertex -40.7639 78.8567 10.9
      vertex -40.5262 78.7297 10.9
    endloop
  endfacet
  facet normal -0 0 1
    outer loop
      vertex -40.9723 80.9723 10.9
      vertex -40.7639 78.8567 10.9
      vertex -40.7639 81.1433 10.9
    endloop
  endfacet
  facet normal 0 0 1
    outer loop
      vertex -40.9723 80.9723 10.9
      vertex -40.9723 79.0277 10.9
      vertex -40.7639 78.8567 10.9
    endloop
  endfacet
  facet normal -0 0 1
    outer loop
      vertex -41.1433 80.7639 10.9
      vertex -40.9723 79.0277 10.9
      vertex -40.9723 80.9723 10.9
    endloop
  endfacet
  facet normal 0 0 1
    outer loop
      vertex -41.1433 80.7639 10.9
      vertex -41.1433 79.2361 10.9
      vertex -40.9723 79.0277 10.9
    endloop
  endfacet
  facet normal -0 0 1
    outer loop
      vertex -41.2703 80.5262 10.9
      vertex -41.1433 79.2361 10.9
      vertex -41.1433 80.7639 10.9
    endloop
  endfacet
  facet normal 0 0 1
    outer loop
      vertex -41.2703 80.5262 10.9
      vertex -41.2703 79.4738 10.9
      vertex -41.1433 79.2361 10.9
    endloop
  endfacet
  facet normal -0 0 1
    outer loop
      vertex -41.3486 80.2682 10.9
      vertex -41.2703 79.4738 10.9
      vertex -41.2703 80.5262 10.9
    endloop
  endfacet
  facet normal 0 0 1
    outer loop
      vertex -41.3486 80.2682 10.9
      vertex -41.3486 79.7318 10.9
      vertex -41.2703 79.4738 10.9
    endloop
  endfacet
  facet normal 0 -0 1
    outer loop
      vertex -41.3486 79.7318 10.9
      vertex -41.3486 80.2682 10.9
      vertex -41.375 80 10.9
    endloop
  endfacet
  facet normal -0.956903 0.290409 0
    outer loop
      vertex -41.3486 80.2682 1
      vertex -41.2703 80.5262 10.9
      vertex -41.2703 80.5262 1
    endloop
  endfacet
  facet normal -0.956903 0.290409 0
    outer loop
      vertex -41.2703 80.5262 10.9
      vertex -41.3486 80.2682 1
      vertex -41.3486 80.2682 10.9
    endloop
  endfacet
  facet normal 0.471243 0.882003 -0
    outer loop
      vertex -39.2361 81.1433 1
      vertex -39.4738 81.2703 10.9
      vertex -39.2361 81.1433 10.9
    endloop
  endfacet
  facet normal 0.471243 0.882003 0
    outer loop
      vertex -39.4738 81.2703 10.9
      vertex -39.2361 81.1433 1
      vertex -39.4738 81.2703 1
    endloop
  endfacet
  facet normal -0.882003 -0.471243 0
    outer loop
      vertex -41.1433 79.2361 1
      vertex -41.2703 79.4738 10.9
      vertex -41.2703 79.4738 1
    endloop
  endfacet
  facet normal -0.882003 -0.471243 0
    outer loop
      vertex -41.2703 79.4738 10.9
      vertex -41.1433 79.2361 1
      vertex -41.1433 79.2361 10.9
    endloop
  endfacet
  facet normal 0.773064 -0.634328 0
    outer loop
      vertex -39.0277 79.0277 10.9
      vertex -38.8567 79.2361 1
      vertex -38.8567 79.2361 10.9
    endloop
  endfacet
  facet normal 0.773064 -0.634328 0
    outer loop
      vertex -38.8567 79.2361 1
      vertex -39.0277 79.0277 10.9
      vertex -39.0277 79.0277 1
    endloop
  endfacet
  facet normal 0.956903 0.290409 0
    outer loop
      vertex -38.6514 80.2682 10.9
      vertex -38.7297 80.5262 1
      vertex -38.7297 80.5262 10.9
    endloop
  endfacet
  facet normal 0.956903 0.290409 0
    outer loop
      vertex -38.7297 80.5262 1
      vertex -38.6514 80.2682 10.9
      vertex -38.6514 80.2682 1
    endloop
  endfacet
  facet normal -0.882003 0.471243 0
    outer loop
      vertex -41.2703 80.5262 1
      vertex -41.1433 80.7639 10.9
      vertex -41.1433 80.7639 1
    endloop
  endfacet
  facet normal -0.882003 0.471243 0
    outer loop
      vertex -41.1433 80.7639 10.9
      vertex -41.2703 80.5262 1
      vertex -41.2703 80.5262 10.9
    endloop
  endfacet
  facet normal 0.99519 0.0979606 0
    outer loop
      vertex -38.625 80 10.9
      vertex -38.6514 80.2682 1
      vertex -38.6514 80.2682 10.9
    endloop
  endfacet
  facet normal 0.99519 0.0979606 0
    outer loop
      vertex -38.6514 80.2682 1
      vertex -38.625 80 10.9
      vertex -38.625 80 1
    endloop
  endfacet
  facet normal 0.471243 -0.882003 0
    outer loop
      vertex -39.4738 78.7297 1
      vertex -39.2361 78.8567 10.9
      vertex -39.4738 78.7297 10.9
    endloop
  endfacet
  facet normal 0.471243 -0.882003 0
    outer loop
      vertex -39.2361 78.8567 10.9
      vertex -39.4738 78.7297 1
      vertex -39.2361 78.8567 1
    endloop
  endfacet
  facet normal 0.0979606 -0.99519 0
    outer loop
      vertex -40 78.625 1
      vertex -39.7318 78.6514 10.9
      vertex -40 78.625 10.9
    endloop
  endfacet
  facet normal 0.0979606 -0.99519 0
    outer loop
      vertex -39.7318 78.6514 10.9
      vertex -40 78.625 1
      vertex -39.7318 78.6514 1
    endloop
  endfacet
  facet normal 0.634328 -0.773064 0
    outer loop
      vertex -39.2361 78.8567 1
      vertex -39.0277 79.0277 10.9
      vertex -39.2361 78.8567 10.9
    endloop
  endfacet
  facet normal 0.634328 -0.773064 0
    outer loop
      vertex -39.0277 79.0277 10.9
      vertex -39.2361 78.8567 1
      vertex -39.0277 79.0277 1
    endloop
  endfacet
  facet normal 0.0979606 0.99519 -0
    outer loop
      vertex -39.7318 81.3486 1
      vertex -40 81.375 10.9
      vertex -39.7318 81.3486 10.9
    endloop
  endfacet
  facet normal 0.0979606 0.99519 0
    outer loop
      vertex -40 81.375 10.9
      vertex -39.7318 81.3486 1
      vertex -40 81.375 1
    endloop
  endfacet
  facet normal -0.471243 0.882003 0
    outer loop
      vertex -40.5262 81.2703 1
      vertex -40.7639 81.1433 10.9
      vertex -40.5262 81.2703 10.9
    endloop
  endfacet
  facet normal -0.471243 0.882003 0
    outer loop
      vertex -40.7639 81.1433 10.9
      vertex -40.5262 81.2703 1
      vertex -40.7639 81.1433 1
    endloop
  endfacet
  facet normal 0.773064 0.634328 0
    outer loop
      vertex -38.8567 80.7639 10.9
      vertex -39.0277 80.9723 1
      vertex -39.0277 80.9723 10.9
    endloop
  endfacet
  facet normal 0.773064 0.634328 0
    outer loop
      vertex -39.0277 80.9723 1
      vertex -38.8567 80.7639 10.9
      vertex -38.8567 80.7639 1
    endloop
  endfacet
  facet normal 0.634328 0.773064 -0
    outer loop
      vertex -39.0277 80.9723 1
      vertex -39.2361 81.1433 10.9
      vertex -39.0277 80.9723 10.9
    endloop
  endfacet
  facet normal 0.634328 0.773064 0
    outer loop
      vertex -39.2361 81.1433 10.9
      vertex -39.0277 80.9723 1
      vertex -39.2361 81.1433 1
    endloop
  endfacet
  facet normal -0.773064 -0.634328 0
    outer loop
      vertex -40.9723 79.0277 1
      vertex -41.1433 79.2361 10.9
      vertex -41.1433 79.2361 1
    endloop
  endfacet
  facet normal -0.773064 -0.634328 0
    outer loop
      vertex -41.1433 79.2361 10.9
      vertex -40.9723 79.0277 1
      vertex -40.9723 79.0277 10.9
    endloop
  endfacet
  facet normal 0.290409 -0.956903 0
    outer loop
      vertex -39.7318 78.6514 1
      vertex -39.4738 78.7297 10.9
      vertex -39.7318 78.6514 10.9
    endloop
  endfacet
  facet normal 0.290409 -0.956903 0
    outer loop
      vertex -39.4738 78.7297 10.9
      vertex -39.7318 78.6514 1
      vertex -39.4738 78.7297 1
    endloop
  endfacet
  facet normal -0.634328 -0.773064 0
    outer loop
      vertex -40.9723 79.0277 1
      vertex -40.7639 78.8567 10.9
      vertex -40.9723 79.0277 10.9
    endloop
  endfacet
  facet normal -0.634328 -0.773064 -0
    outer loop
      vertex -40.7639 78.8567 10.9
      vertex -40.9723 79.0277 1
      vertex -40.7639 78.8567 1
    endloop
  endfacet
  facet normal -0.0979606 -0.99519 0
    outer loop
      vertex -40.2682 78.6514 1
      vertex -40 78.625 10.9
      vertex -40.2682 78.6514 10.9
    endloop
  endfacet
  facet normal -0.0979606 -0.99519 -0
    outer loop
      vertex -40 78.625 10.9
      vertex -40.2682 78.6514 1
      vertex -40 78.625 1
    endloop
  endfacet
  facet normal -0.290409 -0.956903 0
    outer loop
      vertex -40.5262 78.7297 1
      vertex -40.2682 78.6514 10.9
      vertex -40.5262 78.7297 10.9
    endloop
  endfacet
  facet normal -0.290409 -0.956903 -0
    outer loop
      vertex -40.2682 78.6514 10.9
      vertex -40.5262 78.7297 1
      vertex -40.2682 78.6514 1
    endloop
  endfacet
  facet normal 0.882003 0.471243 0
    outer loop
      vertex -38.7297 80.5262 10.9
      vertex -38.8567 80.7639 1
      vertex -38.8567 80.7639 10.9
    endloop
  endfacet
  facet normal 0.882003 0.471243 0
    outer loop
      vertex -38.8567 80.7639 1
      vertex -38.7297 80.5262 10.9
      vertex -38.7297 80.5262 1
    endloop
  endfacet
  facet normal -0.773064 0.634328 0
    outer loop
      vertex -41.1433 80.7639 1
      vertex -40.9723 80.9723 10.9
      vertex -40.9723 80.9723 1
    endloop
  endfacet
  facet normal -0.773064 0.634328 0
    outer loop
      vertex -40.9723 80.9723 10.9
      vertex -41.1433 80.7639 1
      vertex -41.1433 80.7639 10.9
    endloop
  endfacet
  facet normal -0.0979606 0.99519 0
    outer loop
      vertex -40 81.375 1
      vertex -40.2682 81.3486 10.9
      vertex -40 81.375 10.9
    endloop
  endfacet
  facet normal -0.0979606 0.99519 0
    outer loop
      vertex -40.2682 81.3486 10.9
      vertex -40 81.375 1
      vertex -40.2682 81.3486 1
    endloop
  endfacet
  facet normal -0.290409 0.956903 0
    outer loop
      vertex -40.2682 81.3486 1
      vertex -40.5262 81.2703 10.9
      vertex -40.2682 81.3486 10.9
    endloop
  endfacet
  facet normal -0.290409 0.956903 0
    outer loop
      vertex -40.5262 81.2703 10.9
      vertex -40.2682 81.3486 1
      vertex -40.5262 81.2703 1
    endloop
  endfacet
  facet normal -0.99519 0.0979606 0
    outer loop
      vertex -41.375 80 1
      vertex -41.3486 80.2682 10.9
      vertex -41.3486 80.2682 1
    endloop
  endfacet
  facet normal -0.99519 0.0979606 0
    outer loop
      vertex -41.3486 80.2682 10.9
      vertex -41.375 80 1
      vertex -41.375 80 10.9
    endloop
  endfacet
  facet normal -0.634328 0.773064 0
    outer loop
      vertex -40.7639 81.1433 1
      vertex -40.9723 80.9723 10.9
      vertex -40.7639 81.1433 10.9
    endloop
  endfacet
  facet normal -0.634328 0.773064 0
    outer loop
      vertex -40.9723 80.9723 10.9
      vertex -40.7639 81.1433 1
      vertex -40.9723 80.9723 1
    endloop
  endfacet
  facet normal 0.290409 0.956903 -0
    outer loop
      vertex -39.4738 81.2703 1
      vertex -39.7318 81.3486 10.9
      vertex -39.4738 81.2703 10.9
    endloop
  endfacet
  facet normal 0.290409 0.956903 0
    outer loop
      vertex -39.7318 81.3486 10.9
      vertex -39.4738 81.2703 1
      vertex -39.7318 81.3486 1
    endloop
  endfacet
  facet normal -0.956903 -0.290409 0
    outer loop
      vertex -41.2703 79.4738 1
      vertex -41.3486 79.7318 10.9
      vertex -41.3486 79.7318 1
    endloop
  endfacet
  facet normal -0.956903 -0.290409 0
    outer loop
      vertex -41.3486 79.7318 10.9
      vertex -41.2703 79.4738 1
      vertex -41.2703 79.4738 10.9
    endloop
  endfacet
  facet normal -0.99519 -0.0979606 0
    outer loop
      vertex -41.3486 79.7318 1
      vertex -41.375 80 10.9
      vertex -41.375 80 1
    endloop
  endfacet
  facet normal -0.99519 -0.0979606 0
    outer loop
      vertex -41.375 80 10.9
      vertex -41.3486 79.7318 1
      vertex -41.3486 79.7318 10.9
    endloop
  endfacet
  facet normal -0.471329 -0.881957 0
    outer loop
      vertex -21.6667 77.5056 0
      vertex -21.148 77.2284 2.5
      vertex -21.6667 77.5056 2.5
    endloop
  endfacet
  facet normal -0.471329 -0.881957 -0
    outer loop
      vertex -21.148 77.2284 2.5
      vertex -21.6667 77.5056 0
      vertex -21.148 77.2284 0
    endloop
  endfacet
  facet normal 0.471329 -0.881957 0
    outer loop
      vertex -18.852 77.2284 0
      vertex -18.3333 77.5056 2.5
      vertex -18.852 77.2284 2.5
    endloop
  endfacet
  facet normal 0.471329 -0.881957 0
    outer loop
      vertex -18.3333 77.5056 2.5
      vertex -18.852 77.2284 0
      vertex -18.3333 77.5056 0
    endloop
  endfacet
  facet normal 0.95689 -0.290451 0
    outer loop
      vertex -17.2284 78.852 2.5
      vertex -17.0576 79.4147 0
      vertex -17.0576 79.4147 2.5
    endloop
  endfacet
  facet normal 0.95689 -0.290451 0
    outer loop
      vertex -17.0576 79.4147 0
      vertex -17.2284 78.852 2.5
      vertex -17.2284 78.852 0
    endloop
  endfacet
  facet normal 0.995193 -0.097938 0
    outer loop
      vertex -17.0576 79.4147 2.5
      vertex -17 80 0
      vertex -17 80 2.5
    endloop
  endfacet
  facet normal 0.995193 -0.097938 0
    outer loop
      vertex -17 80 0
      vertex -17.0576 79.4147 2.5
      vertex -17.0576 79.4147 0
    endloop
  endfacet
  facet normal 0.881957 -0.471329 0
    outer loop
      vertex -17.5056 78.3333 2.5
      vertex -17.2284 78.852 0
      vertex -17.2284 78.852 2.5
    endloop
  endfacet
  facet normal 0.881957 -0.471329 0
    outer loop
      vertex -17.2284 78.852 0
      vertex -17.5056 78.3333 2.5
      vertex -17.5056 78.3333 0
    endloop
  endfacet
  facet normal 0.097938 -0.995193 0
    outer loop
      vertex -20 77 0
      vertex -19.4147 77.0576 2.5
      vertex -20 77 2.5
    endloop
  endfacet
  facet normal 0.097938 -0.995193 0
    outer loop
      vertex -19.4147 77.0576 2.5
      vertex -20 77 0
      vertex -19.4147 77.0576 0
    endloop
  endfacet
  facet normal 0.097938 0.995193 -0
    outer loop
      vertex -19.4147 82.9424 0
      vertex -20 83 2.5
      vertex -19.4147 82.9424 2.5
    endloop
  endfacet
  facet normal 0.097938 0.995193 0
    outer loop
      vertex -20 83 2.5
      vertex -19.4147 82.9424 0
      vertex -20 83 0
    endloop
  endfacet
  facet normal 0.290451 -0.95689 0
    outer loop
      vertex -19.4147 77.0576 0
      vertex -18.852 77.2284 2.5
      vertex -19.4147 77.0576 2.5
    endloop
  endfacet
  facet normal 0.290451 -0.95689 0
    outer loop
      vertex -18.852 77.2284 2.5
      vertex -19.4147 77.0576 0
      vertex -18.852 77.2284 0
    endloop
  endfacet
  facet normal 0.634413 -0.772994 0
    outer loop
      vertex -18.3333 77.5056 0
      vertex -17.8787 77.8787 2.5
      vertex -18.3333 77.5056 2.5
    endloop
  endfacet
  facet normal 0.634413 -0.772994 0
    outer loop
      vertex -17.8787 77.8787 2.5
      vertex -18.3333 77.5056 0
      vertex -17.8787 77.8787 0
    endloop
  endfacet
  facet normal 0.772994 0.634413 0
    outer loop
      vertex -17.5056 81.6667 2.5
      vertex -17.8787 82.1213 0
      vertex -17.8787 82.1213 2.5
    endloop
  endfacet
  facet normal 0.772994 0.634413 0
    outer loop
      vertex -17.8787 82.1213 0
      vertex -17.5056 81.6667 2.5
      vertex -17.5056 81.6667 0
    endloop
  endfacet
  facet normal -0.634413 -0.772994 0
    outer loop
      vertex -22.1213 77.8787 0
      vertex -21.6667 77.5056 2.5
      vertex -22.1213 77.8787 2.5
    endloop
  endfacet
  facet normal -0.634413 -0.772994 -0
    outer loop
      vertex -21.6667 77.5056 2.5
      vertex -22.1213 77.8787 0
      vertex -21.6667 77.5056 0
    endloop
  endfacet
  facet normal 0.471329 0.881957 -0
    outer loop
      vertex -18.3333 82.4944 0
      vertex -18.852 82.7716 2.5
      vertex -18.3333 82.4944 2.5
    endloop
  endfacet
  facet normal 0.471329 0.881957 0
    outer loop
      vertex -18.852 82.7716 2.5
      vertex -18.3333 82.4944 0
      vertex -18.852 82.7716 0
    endloop
  endfacet
  facet normal -0.881957 0.471329 0
    outer loop
      vertex -22.7716 81.148 0
      vertex -22.4944 81.6667 2.5
      vertex -22.4944 81.6667 0
    endloop
  endfacet
  facet normal -0.881957 0.471329 0
    outer loop
      vertex -22.4944 81.6667 2.5
      vertex -22.7716 81.148 0
      vertex -22.7716 81.148 2.5
    endloop
  endfacet
  facet normal 0.995193 0.097938 0
    outer loop
      vertex -17 80 2.5
      vertex -17.0576 80.5853 0
      vertex -17.0576 80.5853 2.5
    endloop
  endfacet
  facet normal 0.995193 0.097938 0
    outer loop
      vertex -17.0576 80.5853 0
      vertex -17 80 2.5
      vertex -17 80 0
    endloop
  endfacet
  facet normal -0.290451 -0.95689 0
    outer loop
      vertex -21.148 77.2284 0
      vertex -20.5853 77.0576 2.5
      vertex -21.148 77.2284 2.5
    endloop
  endfacet
  facet normal -0.290451 -0.95689 -0
    outer loop
      vertex -20.5853 77.0576 2.5
      vertex -21.148 77.2284 0
      vertex -20.5853 77.0576 0
    endloop
  endfacet
  facet normal -0.097938 0.995193 0
    outer loop
      vertex -20 83 0
      vertex -20.5853 82.9424 2.5
      vertex -20 83 2.5
    endloop
  endfacet
  facet normal -0.097938 0.995193 0
    outer loop
      vertex -20.5853 82.9424 2.5
      vertex -20 83 0
      vertex -20.5853 82.9424 0
    endloop
  endfacet
  facet normal 0 0 1
    outer loop
      vertex -18.6 80 2.5
      vertex -17 80 2.5
      vertex -17.0576 80.5853 2.5
    endloop
  endfacet
  facet normal 0 0 1
    outer loop
      vertex -18.6269 80.2731 2.5
      vertex -17.0576 80.5853 2.5
      vertex -17.2284 81.148 2.5
    endloop
  endfacet
  facet normal 0 0 1
    outer loop
      vertex -17 80 2.5
      vertex -18.6 80 2.5
      vertex -17.0576 79.4147 2.5
    endloop
  endfacet
  facet normal 0 0 1
    outer loop
      vertex -18.7066 80.5358 2.5
      vertex -17.2284 81.148 2.5
      vertex -17.5056 81.6667 2.5
    endloop
  endfacet
  facet normal -0 0 1
    outer loop
      vertex -18.6269 79.7269 2.5
      vertex -17.0576 79.4147 2.5
      vertex -18.6 80 2.5
    endloop
  endfacet
  facet normal 0 0 1
    outer loop
      vertex -18.8359 80.7778 2.5
      vertex -17.5056 81.6667 2.5
      vertex -17.8787 82.1213 2.5
    endloop
  endfacet
  facet normal 0 0 1
    outer loop
      vertex -17.0576 79.4147 2.5
      vertex -18.6269 79.7269 2.5
      vertex -17.2284 78.852 2.5
    endloop
  endfacet
  facet normal 0 0 1
    outer loop
      vertex -19.0101 80.99 2.5
      vertex -17.8787 82.1213 2.5
      vertex -18.3333 82.4944 2.5
    endloop
  endfacet
  facet normal -0 0 1
    outer loop
      vertex -18.7066 79.4642 2.5
      vertex -17.2284 78.852 2.5
      vertex -18.6269 79.7269 2.5
    endloop
  endfacet
  facet normal 0 0 1
    outer loop
      vertex -17.2284 78.852 2.5
      vertex -18.7066 79.4642 2.5
      vertex -17.5056 78.3333 2.5
    endloop
  endfacet
  facet normal 0 0 1
    outer loop
      vertex -17.0576 80.5853 2.5
      vertex -18.6269 80.2731 2.5
      vertex -18.6 80 2.5
    endloop
  endfacet
  facet normal 0 0 1
    outer loop
      vertex -17.2284 81.148 2.5
      vertex -18.7066 80.5358 2.5
      vertex -18.6269 80.2731 2.5
    endloop
  endfacet
  facet normal 0 0 1
    outer loop
      vertex -17.5056 81.6667 2.5
      vertex -18.8359 80.7778 2.5
      vertex -18.7066 80.5358 2.5
    endloop
  endfacet
  facet normal 0 0 1
    outer loop
      vertex -19.2222 81.1641 2.5
      vertex -18.3333 82.4944 2.5
      vertex -18.852 82.7716 2.5
    endloop
  endfacet
  facet normal 0 0 1
    outer loop
      vertex -17.8787 82.1213 2.5
      vertex -19.0101 80.99 2.5
      vertex -18.8359 80.7778 2.5
    endloop
  endfacet
  facet normal 0 0 1
    outer loop
      vertex -18.3333 82.4944 2.5
      vertex -19.2222 81.1641 2.5
      vertex -19.0101 80.99 2.5
    endloop
  endfacet
  facet normal 0 0 1
    outer loop
      vertex -19.4642 81.2934 2.5
      vertex -18.852 82.7716 2.5
      vertex -19.4147 82.9424 2.5
    endloop
  endfacet
  facet normal 0 0 1
    outer loop
      vertex -18.852 82.7716 2.5
      vertex -19.4642 81.2934 2.5
      vertex -19.2222 81.1641 2.5
    endloop
  endfacet
  facet normal 0 0 1
    outer loop
      vertex -19.4147 82.9424 2.5
      vertex -19.7269 81.3731 2.5
      vertex -19.4642 81.2934 2.5
    endloop
  endfacet
  facet normal 0 0 1
    outer loop
      vertex -20 83 2.5
      vertex -19.7269 81.3731 2.5
      vertex -19.4147 82.9424 2.5
    endloop
  endfacet
  facet normal 0 0 1
    outer loop
      vertex -20 83 2.5
      vertex -20 81.4 2.5
      vertex -19.7269 81.3731 2.5
    endloop
  endfacet
  facet normal 0 0 1
    outer loop
      vertex -20 83 2.5
      vertex -20.2731 81.3731 2.5
      vertex -20 81.4 2.5
    endloop
  endfacet
  facet normal -0 0 1
    outer loop
      vertex -20.5853 82.9424 2.5
      vertex -20.2731 81.3731 2.5
      vertex -20 83 2.5
    endloop
  endfacet
  facet normal 0 0 1
    outer loop
      vertex -20.2731 81.3731 2.5
      vertex -20.5853 82.9424 2.5
      vertex -20.5358 81.2934 2.5
    endloop
  endfacet
  facet normal -0 0 1
    outer loop
      vertex -21.148 82.7716 2.5
      vertex -20.5358 81.2934 2.5
      vertex -20.5853 82.9424 2.5
    endloop
  endfacet
  facet normal 0 0 1
    outer loop
      vertex -20.5358 81.2934 2.5
      vertex -21.148 82.7716 2.5
      vertex -20.7778 81.1641 2.5
    endloop
  endfacet
  facet normal -0 0 1
    outer loop
      vertex -21.6667 82.4944 2.5
      vertex -20.7778 81.1641 2.5
      vertex -21.148 82.7716 2.5
    endloop
  endfacet
  facet normal 0 0 1
    outer loop
      vertex -20.7778 81.1641 2.5
      vertex -21.6667 82.4944 2.5
      vertex -20.9899 80.99 2.5
    endloop
  endfacet
  facet normal -0 0 1
    outer loop
      vertex -22.1213 82.1213 2.5
      vertex -20.9899 80.99 2.5
      vertex -21.6667 82.4944 2.5
    endloop
  endfacet
  facet normal 0 0 1
    outer loop
      vertex -20.9899 80.99 2.5
      vertex -22.1213 82.1213 2.5
      vertex -21.1641 80.7778 2.5
    endloop
  endfacet
  facet normal -0 0 1
    outer loop
      vertex -22.4944 81.6667 2.5
      vertex -21.1641 80.7778 2.5
      vertex -22.1213 82.1213 2.5
    endloop
  endfacet
  facet normal 0 0 1
    outer loop
      vertex -21.1641 80.7778 2.5
      vertex -22.4944 81.6667 2.5
      vertex -21.2934 80.5358 2.5
    endloop
  endfacet
  facet normal -0 0 1
    outer loop
      vertex -18.8359 79.2222 2.5
      vertex -17.5056 78.3333 2.5
      vertex -18.7066 79.4642 2.5
    endloop
  endfacet
  facet normal 0 0 1
    outer loop
      vertex -17.5056 78.3333 2.5
      vertex -18.8359 79.2222 2.5
      vertex -17.8787 77.8787 2.5
    endloop
  endfacet
  facet normal -0 0 1
    outer loop
      vertex -19.0101 79.01 2.5
      vertex -17.8787 77.8787 2.5
      vertex -18.8359 79.2222 2.5
    endloop
  endfacet
  facet normal 0 0 1
    outer loop
      vertex -17.8787 77.8787 2.5
      vertex -19.0101 79.01 2.5
      vertex -18.3333 77.5056 2.5
    endloop
  endfacet
  facet normal -0 0 1
    outer loop
      vertex -19.2222 78.8359 2.5
      vertex -18.3333 77.5056 2.5
      vertex -19.0101 79.01 2.5
    endloop
  endfacet
  facet normal 0 0 1
    outer loop
      vertex -18.3333 77.5056 2.5
      vertex -19.2222 78.8359 2.5
      vertex -18.852 77.2284 2.5
    endloop
  endfacet
  facet normal -0 0 1
    outer loop
      vertex -19.4642 78.7066 2.5
      vertex -18.852 77.2284 2.5
      vertex -19.2222 78.8359 2.5
    endloop
  endfacet
  facet normal 0 0 1
    outer loop
      vertex -18.852 77.2284 2.5
      vertex -19.4642 78.7066 2.5
      vertex -19.4147 77.0576 2.5
    endloop
  endfacet
  facet normal -0 0 1
    outer loop
      vertex -19.7269 78.6269 2.5
      vertex -19.4147 77.0576 2.5
      vertex -19.4642 78.7066 2.5
    endloop
  endfacet
  facet normal -0 0 1
    outer loop
      vertex -20 78.6 2.5
      vertex -19.4147 77.0576 2.5
      vertex -19.7269 78.6269 2.5
    endloop
  endfacet
  facet normal 0 0 1
    outer loop
      vertex -20 78.6 2.5
      vertex -20 77 2.5
      vertex -19.4147 77.0576 2.5
    endloop
  endfacet
  facet normal 0 0 1
    outer loop
      vertex -20.2731 78.6269 2.5
      vertex -20 77 2.5
      vertex -20 78.6 2.5
    endloop
  endfacet
  facet normal 0 0 1
    outer loop
      vertex -20.5853 77.0576 2.5
      vertex -20.2731 78.6269 2.5
      vertex -20.5358 78.7066 2.5
    endloop
  endfacet
  facet normal 0 0 1
    outer loop
      vertex -20.2731 78.6269 2.5
      vertex -20.5853 77.0576 2.5
      vertex -20 77 2.5
    endloop
  endfacet
  facet normal 0 0 1
    outer loop
      vertex -21.148 77.2284 2.5
      vertex -20.5358 78.7066 2.5
      vertex -20.7778 78.8359 2.5
    endloop
  endfacet
  facet normal 0 0 1
    outer loop
      vertex -21.6667 77.5056 2.5
      vertex -20.7778 78.8359 2.5
      vertex -20.9899 79.01 2.5
    endloop
  endfacet
  facet normal 0 0 1
    outer loop
      vertex -20.5358 78.7066 2.5
      vertex -21.148 77.2284 2.5
      vertex -20.5853 77.0576 2.5
    endloop
  endfacet
  facet normal 0 0 1
    outer loop
      vertex -22.1213 77.8787 2.5
      vertex -20.9899 79.01 2.5
      vertex -21.1641 79.2222 2.5
    endloop
  endfacet
  facet normal 0 0 1
    outer loop
      vertex -22.4944 78.3333 2.5
      vertex -21.1641 79.2222 2.5
      vertex -21.2934 79.4642 2.5
    endloop
  endfacet
  facet normal 0 0 1
    outer loop
      vertex -22.7716 78.852 2.5
      vertex -21.2934 79.4642 2.5
      vertex -21.3731 79.7269 2.5
    endloop
  endfacet
  facet normal 0 0 1
    outer loop
      vertex -22.9424 79.4147 2.5
      vertex -21.3731 79.7269 2.5
      vertex -21.4 80 2.5
    endloop
  endfacet
  facet normal -0 0 1
    outer loop
      vertex -22.7716 81.148 2.5
      vertex -21.2934 80.5358 2.5
      vertex -22.4944 81.6667 2.5
    endloop
  endfacet
  facet normal 0 0 1
    outer loop
      vertex -20.7778 78.8359 2.5
      vertex -21.6667 77.5056 2.5
      vertex -21.148 77.2284 2.5
    endloop
  endfacet
  facet normal 0 0 1
    outer loop
      vertex -21.2934 80.5358 2.5
      vertex -22.7716 81.148 2.5
      vertex -21.3731 80.2731 2.5
    endloop
  endfacet
  facet normal 0 0 1
    outer loop
      vertex -20.9899 79.01 2.5
      vertex -22.1213 77.8787 2.5
      vertex -21.6667 77.5056 2.5
    endloop
  endfacet
  facet normal -0 0 1
    outer loop
      vertex -22.9424 80.5853 2.5
      vertex -21.3731 80.2731 2.5
      vertex -22.7716 81.148 2.5
    endloop
  endfacet
  facet normal 0 0 1
    outer loop
      vertex -21.1641 79.2222 2.5
      vertex -22.4944 78.3333 2.5
      vertex -22.1213 77.8787 2.5
    endloop
  endfacet
  facet normal 0 0 1
    outer loop
      vertex -21.3731 80.2731 2.5
      vertex -22.9424 80.5853 2.5
      vertex -21.4 80 2.5
    endloop
  endfacet
  facet normal 0 0 1
    outer loop
      vertex -21.2934 79.4642 2.5
      vertex -22.7716 78.852 2.5
      vertex -22.4944 78.3333 2.5
    endloop
  endfacet
  facet normal 0 0 1
    outer loop
      vertex -23 80 2.5
      vertex -21.4 80 2.5
      vertex -22.9424 80.5853 2.5
    endloop
  endfacet
  facet normal 0 0 1
    outer loop
      vertex -21.3731 79.7269 2.5
      vertex -22.9424 79.4147 2.5
      vertex -22.7716 78.852 2.5
    endloop
  endfacet
  facet normal 0 0 1
    outer loop
      vertex -21.4 80 2.5
      vertex -23 80 2.5
      vertex -22.9424 79.4147 2.5
    endloop
  endfacet
  facet normal -0.881957 -0.471329 0
    outer loop
      vertex -22.4944 78.3333 0
      vertex -22.7716 78.852 2.5
      vertex -22.7716 78.852 0
    endloop
  endfacet
  facet normal -0.881957 -0.471329 0
    outer loop
      vertex -22.7716 78.852 2.5
      vertex -22.4944 78.3333 0
      vertex -22.4944 78.3333 2.5
    endloop
  endfacet
  facet normal 0.290451 0.95689 -0
    outer loop
      vertex -18.852 82.7716 0
      vertex -19.4147 82.9424 2.5
      vertex -18.852 82.7716 2.5
    endloop
  endfacet
  facet normal 0.290451 0.95689 0
    outer loop
      vertex -19.4147 82.9424 2.5
      vertex -18.852 82.7716 0
      vertex -19.4147 82.9424 0
    endloop
  endfacet
  facet normal 0 0 -1
    outer loop
      vertex -17.0576 79.4147 0
      vertex -17.0576 80.5853 0
      vertex -17 80 0
    endloop
  endfacet
  facet normal 0 0 -1
    outer loop
      vertex -17.2284 78.852 0
      vertex -17.0576 80.5853 0
      vertex -17.0576 79.4147 0
    endloop
  endfacet
  facet normal 0 0 -1
    outer loop
      vertex -17.2284 78.852 0
      vertex -17.2284 81.148 0
      vertex -17.0576 80.5853 0
    endloop
  endfacet
  facet normal 0 0 -1
    outer loop
      vertex -17.5056 78.3333 0
      vertex -17.2284 81.148 0
      vertex -17.2284 78.852 0
    endloop
  endfacet
  facet normal 0 0 -1
    outer loop
      vertex -17.5056 78.3333 0
      vertex -17.5056 81.6667 0
      vertex -17.2284 81.148 0
    endloop
  endfacet
  facet normal 0 0 -1
    outer loop
      vertex -17.8787 77.8787 0
      vertex -17.5056 81.6667 0
      vertex -17.5056 78.3333 0
    endloop
  endfacet
  facet normal 0 0 -1
    outer loop
      vertex -17.8787 77.8787 0
      vertex -17.8787 82.1213 0
      vertex -17.5056 81.6667 0
    endloop
  endfacet
  facet normal 0 0 -1
    outer loop
      vertex -18.3333 77.5056 0
      vertex -17.8787 82.1213 0
      vertex -17.8787 77.8787 0
    endloop
  endfacet
  facet normal 0 0 -1
    outer loop
      vertex -18.3333 77.5056 0
      vertex -18.3333 82.4944 0
      vertex -17.8787 82.1213 0
    endloop
  endfacet
  facet normal 0 0 -1
    outer loop
      vertex -18.852 77.2284 0
      vertex -18.3333 82.4944 0
      vertex -18.3333 77.5056 0
    endloop
  endfacet
  facet normal 0 0 -1
    outer loop
      vertex -18.852 77.2284 0
      vertex -18.852 82.7716 0
      vertex -18.3333 82.4944 0
    endloop
  endfacet
  facet normal 0 0 -1
    outer loop
      vertex -19.4147 77.0576 0
      vertex -18.852 82.7716 0
      vertex -18.852 77.2284 0
    endloop
  endfacet
  facet normal 0 0 -1
    outer loop
      vertex -19.4147 77.0576 0
      vertex -19.4147 82.9424 0
      vertex -18.852 82.7716 0
    endloop
  endfacet
  facet normal 0 0 -1
    outer loop
      vertex -20 77 0
      vertex -19.4147 82.9424 0
      vertex -19.4147 77.0576 0
    endloop
  endfacet
  facet normal 0 0 -1
    outer loop
      vertex -20 77 0
      vertex -20 83 0
      vertex -19.4147 82.9424 0
    endloop
  endfacet
  facet normal 0 0 -1
    outer loop
      vertex -20.5853 77.0576 0
      vertex -20 83 0
      vertex -20 77 0
    endloop
  endfacet
  facet normal 0 0 -1
    outer loop
      vertex -20.5853 77.0576 0
      vertex -20.5853 82.9424 0
      vertex -20 83 0
    endloop
  endfacet
  facet normal 0 0 -1
    outer loop
      vertex -21.148 77.2284 0
      vertex -20.5853 82.9424 0
      vertex -20.5853 77.0576 0
    endloop
  endfacet
  facet normal 0 0 -1
    outer loop
      vertex -21.148 77.2284 0
      vertex -21.148 82.7716 0
      vertex -20.5853 82.9424 0
    endloop
  endfacet
  facet normal 0 0 -1
    outer loop
      vertex -21.6667 77.5056 0
      vertex -21.148 82.7716 0
      vertex -21.148 77.2284 0
    endloop
  endfacet
  facet normal 0 0 -1
    outer loop
      vertex -21.6667 77.5056 0
      vertex -21.6667 82.4944 0
      vertex -21.148 82.7716 0
    endloop
  endfacet
  facet normal 0 0 -1
    outer loop
      vertex -22.1213 77.8787 0
      vertex -21.6667 82.4944 0
      vertex -21.6667 77.5056 0
    endloop
  endfacet
  facet normal 0 0 -1
    outer loop
      vertex -22.1213 77.8787 0
      vertex -22.1213 82.1213 0
      vertex -21.6667 82.4944 0
    endloop
  endfacet
  facet normal 0 0 -1
    outer loop
      vertex -22.4944 78.3333 0
      vertex -22.1213 82.1213 0
      vertex -22.1213 77.8787 0
    endloop
  endfacet
  facet normal 0 0 -1
    outer loop
      vertex -22.4944 78.3333 0
      vertex -22.4944 81.6667 0
      vertex -22.1213 82.1213 0
    endloop
  endfacet
  facet normal 0 0 -1
    outer loop
      vertex -22.7716 78.852 0
      vertex -22.4944 81.6667 0
      vertex -22.4944 78.3333 0
    endloop
  endfacet
  facet normal 0 0 -1
    outer loop
      vertex -22.7716 78.852 0
      vertex -22.7716 81.148 0
      vertex -22.4944 81.6667 0
    endloop
  endfacet
  facet normal 0 0 -1
    outer loop
      vertex -22.9424 79.4147 0
      vertex -22.7716 81.148 0
      vertex -22.7716 78.852 0
    endloop
  endfacet
  facet normal 0 0 -1
    outer loop
      vertex -22.9424 79.4147 0
      vertex -22.9424 80.5853 0
      vertex -22.7716 81.148 0
    endloop
  endfacet
  facet normal 0 -0 -1
    outer loop
      vertex -22.9424 80.5853 0
      vertex -22.9424 79.4147 0
      vertex -23 80 0
    endloop
  endfacet
  facet normal -0.290451 0.95689 0
    outer loop
      vertex -20.5853 82.9424 0
      vertex -21.148 82.7716 2.5
      vertex -20.5853 82.9424 2.5
    endloop
  endfacet
  facet normal -0.290451 0.95689 0
    outer loop
      vertex -21.148 82.7716 2.5
      vertex -20.5853 82.9424 0
      vertex -21.148 82.7716 0
    endloop
  endfacet
  facet normal 0.95689 0.290451 0
    outer loop
      vertex -17.0576 80.5853 2.5
      vertex -17.2284 81.148 0
      vertex -17.2284 81.148 2.5
    endloop
  endfacet
  facet normal 0.95689 0.290451 0
    outer loop
      vertex -17.2284 81.148 0
      vertex -17.0576 80.5853 2.5
      vertex -17.0576 80.5853 0
    endloop
  endfacet
  facet normal 0.772994 -0.634413 0
    outer loop
      vertex -17.8787 77.8787 2.5
      vertex -17.5056 78.3333 0
      vertex -17.5056 78.3333 2.5
    endloop
  endfacet
  facet normal 0.772994 -0.634413 0
    outer loop
      vertex -17.5056 78.3333 0
      vertex -17.8787 77.8787 2.5
      vertex -17.8787 77.8787 0
    endloop
  endfacet
  facet normal -0.995193 -0.097938 0
    outer loop
      vertex -22.9424 79.4147 0
      vertex -23 80 2.5
      vertex -23 80 0
    endloop
  endfacet
  facet normal -0.995193 -0.097938 0
    outer loop
      vertex -23 80 2.5
      vertex -22.9424 79.4147 0
      vertex -22.9424 79.4147 2.5
    endloop
  endfacet
  facet normal 0.634413 0.772994 -0
    outer loop
      vertex -17.8787 82.1213 0
      vertex -18.3333 82.4944 2.5
      vertex -17.8787 82.1213 2.5
    endloop
  endfacet
  facet normal 0.634413 0.772994 0
    outer loop
      vertex -18.3333 82.4944 2.5
      vertex -17.8787 82.1213 0
      vertex -18.3333 82.4944 0
    endloop
  endfacet
  facet normal -0.634413 0.772994 0
    outer loop
      vertex -21.6667 82.4944 0
      vertex -22.1213 82.1213 2.5
      vertex -21.6667 82.4944 2.5
    endloop
  endfacet
  facet normal -0.634413 0.772994 0
    outer loop
      vertex -22.1213 82.1213 2.5
      vertex -21.6667 82.4944 0
      vertex -22.1213 82.1213 0
    endloop
  endfacet
  facet normal -0.097938 -0.995193 0
    outer loop
      vertex -20.5853 77.0576 0
      vertex -20 77 2.5
      vertex -20.5853 77.0576 2.5
    endloop
  endfacet
  facet normal -0.097938 -0.995193 -0
    outer loop
      vertex -20 77 2.5
      vertex -20.5853 77.0576 0
      vertex -20 77 0
    endloop
  endfacet
  facet normal 0.881957 0.471329 0
    outer loop
      vertex -17.2284 81.148 2.5
      vertex -17.5056 81.6667 0
      vertex -17.5056 81.6667 2.5
    endloop
  endfacet
  facet normal 0.881957 0.471329 0
    outer loop
      vertex -17.5056 81.6667 0
      vertex -17.2284 81.148 2.5
      vertex -17.2284 81.148 0
    endloop
  endfacet
  facet normal -0.95689 0.290451 0
    outer loop
      vertex -22.9424 80.5853 0
      vertex -22.7716 81.148 2.5
      vertex -22.7716 81.148 0
    endloop
  endfacet
  facet normal -0.95689 0.290451 0
    outer loop
      vertex -22.7716 81.148 2.5
      vertex -22.9424 80.5853 0
      vertex -22.9424 80.5853 2.5
    endloop
  endfacet
  facet normal -0.995193 0.097938 0
    outer loop
      vertex -23 80 0
      vertex -22.9424 80.5853 2.5
      vertex -22.9424 80.5853 0
    endloop
  endfacet
  facet normal -0.995193 0.097938 0
    outer loop
      vertex -22.9424 80.5853 2.5
      vertex -23 80 0
      vertex -23 80 2.5
    endloop
  endfacet
  facet normal -0.772994 0.634413 0
    outer loop
      vertex -22.4944 81.6667 0
      vertex -22.1213 82.1213 2.5
      vertex -22.1213 82.1213 0
    endloop
  endfacet
  facet normal -0.772994 0.634413 0
    outer loop
      vertex -22.1213 82.1213 2.5
      vertex -22.4944 81.6667 0
      vertex -22.4944 81.6667 2.5
    endloop
  endfacet
  facet normal -0.772994 -0.634413 0
    outer loop
      vertex -22.1213 77.8787 0
      vertex -22.4944 78.3333 2.5
      vertex -22.4944 78.3333 0
    endloop
  endfacet
  facet normal -0.772994 -0.634413 0
    outer loop
      vertex -22.4944 78.3333 2.5
      vertex -22.1213 77.8787 0
      vertex -22.1213 77.8787 2.5
    endloop
  endfacet
  facet normal -0.95689 -0.290451 0
    outer loop
      vertex -22.7716 78.852 0
      vertex -22.9424 79.4147 2.5
      vertex -22.9424 79.4147 0
    endloop
  endfacet
  facet normal -0.95689 -0.290451 0
    outer loop
      vertex -22.9424 79.4147 2.5
      vertex -22.7716 78.852 0
      vertex -22.7716 78.852 2.5
    endloop
  endfacet
  facet normal -0.471329 0.881957 0
    outer loop
      vertex -21.148 82.7716 0
      vertex -21.6667 82.4944 2.5
      vertex -21.148 82.7716 2.5
    endloop
  endfacet
  facet normal -0.471329 0.881957 0
    outer loop
      vertex -21.6667 82.4944 2.5
      vertex -21.148 82.7716 0
      vertex -21.6667 82.4944 0
    endloop
  endfacet
  facet normal -0.956929 0.290321 0
    outer loop
      vertex -18.7066 79.4642 0.5
      vertex -18.6269 79.7269 2.5
      vertex -18.6269 79.7269 0.5
    endloop
  endfacet
  facet normal -0.956929 0.290321 0
    outer loop
      vertex -18.6269 79.7269 2.5
      vertex -18.7066 79.4642 0.5
      vertex -18.7066 79.4642 2.5
    endloop
  endfacet
  facet normal -0.995184 0.0980244 0
    outer loop
      vertex -18.6269 79.7269 0.5
      vertex -18.6 80 2.5
      vertex -18.6 80 0.5
    endloop
  endfacet
  facet normal -0.995184 0.0980244 0
    outer loop
      vertex -18.6 80 2.5
      vertex -18.6269 79.7269 0.5
      vertex -18.6269 79.7269 2.5
    endloop
  endfacet
  facet normal -0.882 0.47125 0
    outer loop
      vertex -18.8359 79.2222 0.5
      vertex -18.7066 79.4642 2.5
      vertex -18.7066 79.4642 0.5
    endloop
  endfacet
  facet normal -0.882 0.47125 0
    outer loop
      vertex -18.7066 79.4642 2.5
      vertex -18.8359 79.2222 0.5
      vertex -18.8359 79.2222 2.5
    endloop
  endfacet
  facet normal 0.0980244 0.995184 -0
    outer loop
      vertex -20 78.6 0.5
      vertex -20.2731 78.6269 2.5
      vertex -20 78.6 2.5
    endloop
  endfacet
  facet normal 0.0980244 0.995184 0
    outer loop
      vertex -20.2731 78.6269 2.5
      vertex -20 78.6 0.5
      vertex -20.2731 78.6269 0.5
    endloop
  endfacet
  facet normal -0.995184 -0.0980244 0
    outer loop
      vertex -18.6 80 0.5
      vertex -18.6269 80.2731 2.5
      vertex -18.6269 80.2731 0.5
    endloop
  endfacet
  facet normal -0.995184 -0.0980244 0
    outer loop
      vertex -18.6269 80.2731 2.5
      vertex -18.6 80 0.5
      vertex -18.6 80 2.5
    endloop
  endfacet
  facet normal 0.47125 -0.882 0
    outer loop
      vertex -20.7778 81.1641 0.5
      vertex -20.5358 81.2934 2.5
      vertex -20.7778 81.1641 2.5
    endloop
  endfacet
  facet normal 0.47125 -0.882 0
    outer loop
      vertex -20.5358 81.2934 2.5
      vertex -20.7778 81.1641 0.5
      vertex -20.5358 81.2934 0.5
    endloop
  endfacet
  facet normal -0.634467 -0.77295 0
    outer loop
      vertex -19.2222 81.1641 0.5
      vertex -19.0101 80.99 2.5
      vertex -19.2222 81.1641 2.5
    endloop
  endfacet
  facet normal -0.634467 -0.77295 -0
    outer loop
      vertex -19.0101 80.99 2.5
      vertex -19.2222 81.1641 0.5
      vertex -19.0101 80.99 0.5
    endloop
  endfacet
  facet normal -0.772918 0.634506 0
    outer loop
      vertex -19.0101 79.01 0.5
      vertex -18.8359 79.2222 2.5
      vertex -18.8359 79.2222 0.5
    endloop
  endfacet
  facet normal -0.772918 0.634506 0
    outer loop
      vertex -18.8359 79.2222 2.5
      vertex -19.0101 79.01 0.5
      vertex -19.0101 79.01 2.5
    endloop
  endfacet
  facet normal -0.956929 -0.290321 0
    outer loop
      vertex -18.6269 80.2731 0.5
      vertex -18.7066 80.5358 2.5
      vertex -18.7066 80.5358 0.5
    endloop
  endfacet
  facet normal -0.956929 -0.290321 0
    outer loop
      vertex -18.7066 80.5358 2.5
      vertex -18.6269 80.2731 0.5
      vertex -18.6269 80.2731 2.5
    endloop
  endfacet
  facet normal 0.772918 -0.634506 0
    outer loop
      vertex -21.1641 80.7778 2.5
      vertex -20.9899 80.99 0.5
      vertex -20.9899 80.99 2.5
    endloop
  endfacet
  facet normal 0.772918 -0.634506 0
    outer loop
      vertex -20.9899 80.99 0.5
      vertex -21.1641 80.7778 2.5
      vertex -21.1641 80.7778 0.5
    endloop
  endfacet
  facet normal 0.634467 0.77295 -0
    outer loop
      vertex -20.7778 78.8359 0.5
      vertex -20.9899 79.01 2.5
      vertex -20.7778 78.8359 2.5
    endloop
  endfacet
  facet normal 0.634467 0.77295 0
    outer loop
      vertex -20.9899 79.01 2.5
      vertex -20.7778 78.8359 0.5
      vertex -20.9899 79.01 0.5
    endloop
  endfacet
  facet normal 0.47125 0.882 -0
    outer loop
      vertex -20.5358 78.7066 0.5
      vertex -20.7778 78.8359 2.5
      vertex -20.5358 78.7066 2.5
    endloop
  endfacet
  facet normal 0.47125 0.882 0
    outer loop
      vertex -20.7778 78.8359 2.5
      vertex -20.5358 78.7066 0.5
      vertex -20.7778 78.8359 0.5
    endloop
  endfacet
  facet normal -0.47125 0.882 0
    outer loop
      vertex -19.2222 78.8359 0.5
      vertex -19.4642 78.7066 2.5
      vertex -19.2222 78.8359 2.5
    endloop
  endfacet
  facet normal -0.47125 0.882 0
    outer loop
      vertex -19.4642 78.7066 2.5
      vertex -19.2222 78.8359 0.5
      vertex -19.4642 78.7066 0.5
    endloop
  endfacet
  facet normal 0.290321 0.956929 -0
    outer loop
      vertex -20.2731 78.6269 0.5
      vertex -20.5358 78.7066 2.5
      vertex -20.2731 78.6269 2.5
    endloop
  endfacet
  facet normal 0.290321 0.956929 0
    outer loop
      vertex -20.5358 78.7066 2.5
      vertex -20.2731 78.6269 0.5
      vertex -20.5358 78.7066 0.5
    endloop
  endfacet
  facet normal 0.882 -0.47125 0
    outer loop
      vertex -21.2934 80.5358 2.5
      vertex -21.1641 80.7778 0.5
      vertex -21.1641 80.7778 2.5
    endloop
  endfacet
  facet normal 0.882 -0.47125 0
    outer loop
      vertex -21.1641 80.7778 0.5
      vertex -21.2934 80.5358 2.5
      vertex -21.2934 80.5358 0.5
    endloop
  endfacet
  facet normal 0.634467 -0.77295 0
    outer loop
      vertex -20.9899 80.99 0.5
      vertex -20.7778 81.1641 2.5
      vertex -20.9899 80.99 2.5
    endloop
  endfacet
  facet normal 0.634467 -0.77295 0
    outer loop
      vertex -20.7778 81.1641 2.5
      vertex -20.9899 80.99 0.5
      vertex -20.7778 81.1641 0.5
    endloop
  endfacet
  facet normal -0.772918 -0.634506 0
    outer loop
      vertex -18.8359 80.7778 0.5
      vertex -19.0101 80.99 2.5
      vertex -19.0101 80.99 0.5
    endloop
  endfacet
  facet normal -0.772918 -0.634506 0
    outer loop
      vertex -19.0101 80.99 2.5
      vertex -18.8359 80.7778 0.5
      vertex -18.8359 80.7778 2.5
    endloop
  endfacet
  facet normal -0.290321 0.956929 0
    outer loop
      vertex -19.4642 78.7066 0.5
      vertex -19.7269 78.6269 2.5
      vertex -19.4642 78.7066 2.5
    endloop
  endfacet
  facet normal -0.290321 0.956929 0
    outer loop
      vertex -19.7269 78.6269 2.5
      vertex -19.4642 78.7066 0.5
      vertex -19.7269 78.6269 0.5
    endloop
  endfacet
  facet normal -0.0980244 0.995184 0
    outer loop
      vertex -19.7269 78.6269 0.5
      vertex -20 78.6 2.5
      vertex -19.7269 78.6269 2.5
    endloop
  endfacet
  facet normal -0.0980244 0.995184 0
    outer loop
      vertex -20 78.6 2.5
      vertex -19.7269 78.6269 0.5
      vertex -20 78.6 0.5
    endloop
  endfacet
  facet normal -0.290321 -0.956929 0
    outer loop
      vertex -19.7269 81.3731 0.5
      vertex -19.4642 81.2934 2.5
      vertex -19.7269 81.3731 2.5
    endloop
  endfacet
  facet normal -0.290321 -0.956929 -0
    outer loop
      vertex -19.4642 81.2934 2.5
      vertex -19.7269 81.3731 0.5
      vertex -19.4642 81.2934 0.5
    endloop
  endfacet
  facet normal 0.956929 0.290321 0
    outer loop
      vertex -21.2934 79.4642 2.5
      vertex -21.3731 79.7269 0.5
      vertex -21.3731 79.7269 2.5
    endloop
  endfacet
  facet normal 0.956929 0.290321 0
    outer loop
      vertex -21.3731 79.7269 0.5
      vertex -21.2934 79.4642 2.5
      vertex -21.2934 79.4642 0.5
    endloop
  endfacet
  facet normal -0.47125 -0.882 0
    outer loop
      vertex -19.4642 81.2934 0.5
      vertex -19.2222 81.1641 2.5
      vertex -19.4642 81.2934 2.5
    endloop
  endfacet
  facet normal -0.47125 -0.882 -0
    outer loop
      vertex -19.2222 81.1641 2.5
      vertex -19.4642 81.2934 0.5
      vertex -19.2222 81.1641 0.5
    endloop
  endfacet
  facet normal 0.882 0.47125 0
    outer loop
      vertex -21.1641 79.2222 2.5
      vertex -21.2934 79.4642 0.5
      vertex -21.2934 79.4642 2.5
    endloop
  endfacet
  facet normal 0.882 0.47125 0
    outer loop
      vertex -21.2934 79.4642 0.5
      vertex -21.1641 79.2222 2.5
      vertex -21.1641 79.2222 0.5
    endloop
  endfacet
  facet normal -0.882 -0.47125 0
    outer loop
      vertex -18.7066 80.5358 0.5
      vertex -18.8359 80.7778 2.5
      vertex -18.8359 80.7778 0.5
    endloop
  endfacet
  facet normal -0.882 -0.47125 0
    outer loop
      vertex -18.8359 80.7778 2.5
      vertex -18.7066 80.5358 0.5
      vertex -18.7066 80.5358 2.5
    endloop
  endfacet
  facet normal -0.634467 0.77295 0
    outer loop
      vertex -19.0101 79.01 0.5
      vertex -19.2222 78.8359 2.5
      vertex -19.0101 79.01 2.5
    endloop
  endfacet
  facet normal -0.634467 0.77295 0
    outer loop
      vertex -19.2222 78.8359 2.5
      vertex -19.0101 79.01 0.5
      vertex -19.2222 78.8359 0.5
    endloop
  endfacet
  facet normal 0.995184 0.0980244 0
    outer loop
      vertex -21.3731 79.7269 2.5
      vertex -21.4 80 0.5
      vertex -21.4 80 2.5
    endloop
  endfacet
  facet normal 0.995184 0.0980244 0
    outer loop
      vertex -21.4 80 0.5
      vertex -21.3731 79.7269 2.5
      vertex -21.3731 79.7269 0.5
    endloop
  endfacet
  facet normal -0.0980244 -0.995184 0
    outer loop
      vertex -20 81.4 0.5
      vertex -19.7269 81.3731 2.5
      vertex -20 81.4 2.5
    endloop
  endfacet
  facet normal -0.0980244 -0.995184 -0
    outer loop
      vertex -19.7269 81.3731 2.5
      vertex -20 81.4 0.5
      vertex -19.7269 81.3731 0.5
    endloop
  endfacet
  facet normal 0 0 1
    outer loop
      vertex -18.6269 80.2731 0.5
      vertex -18.6269 79.7269 0.5
      vertex -18.6 80 0.5
    endloop
  endfacet
  facet normal 0 0 1
    outer loop
      vertex -18.7066 80.5358 0.5
      vertex -18.6269 79.7269 0.5
      vertex -18.6269 80.2731 0.5
    endloop
  endfacet
  facet normal 0 0 1
    outer loop
      vertex -18.7066 80.5358 0.5
      vertex -18.7066 79.4642 0.5
      vertex -18.6269 79.7269 0.5
    endloop
  endfacet
  facet normal 0 0 1
    outer loop
      vertex -18.8359 80.7778 0.5
      vertex -18.7066 79.4642 0.5
      vertex -18.7066 80.5358 0.5
    endloop
  endfacet
  facet normal 0 0 1
    outer loop
      vertex -18.8359 80.7778 0.5
      vertex -18.8359 79.2222 0.5
      vertex -18.7066 79.4642 0.5
    endloop
  endfacet
  facet normal 0 0 1
    outer loop
      vertex -19.0101 80.99 0.5
      vertex -18.8359 79.2222 0.5
      vertex -18.8359 80.7778 0.5
    endloop
  endfacet
  facet normal 0 0 1
    outer loop
      vertex -19.0101 80.99 0.5
      vertex -19.0101 79.01 0.5
      vertex -18.8359 79.2222 0.5
    endloop
  endfacet
  facet normal 0 0 1
    outer loop
      vertex -19.2222 81.1641 0.5
      vertex -19.0101 79.01 0.5
      vertex -19.0101 80.99 0.5
    endloop
  endfacet
  facet normal 0 0 1
    outer loop
      vertex -19.2222 81.1641 0.5
      vertex -19.2222 78.8359 0.5
      vertex -19.0101 79.01 0.5
    endloop
  endfacet
  facet normal 0 0 1
    outer loop
      vertex -19.4642 81.2934 0.5
      vertex -19.2222 78.8359 0.5
      vertex -19.2222 81.1641 0.5
    endloop
  endfacet
  facet normal 0 0 1
    outer loop
      vertex -19.4642 81.2934 0.5
      vertex -19.4642 78.7066 0.5
      vertex -19.2222 78.8359 0.5
    endloop
  endfacet
  facet normal 0 0 1
    outer loop
      vertex -19.7269 81.3731 0.5
      vertex -19.4642 78.7066 0.5
      vertex -19.4642 81.2934 0.5
    endloop
  endfacet
  facet normal 0 0 1
    outer loop
      vertex -19.7269 81.3731 0.5
      vertex -19.7269 78.6269 0.5
      vertex -19.4642 78.7066 0.5
    endloop
  endfacet
  facet normal 0 0 1
    outer loop
      vertex -20 81.4 0.5
      vertex -19.7269 78.6269 0.5
      vertex -19.7269 81.3731 0.5
    endloop
  endfacet
  facet normal 0 0 1
    outer loop
      vertex -20 81.4 0.5
      vertex -20 78.6 0.5
      vertex -19.7269 78.6269 0.5
    endloop
  endfacet
  facet normal -0 0 1
    outer loop
      vertex -20.2731 81.3731 0.5
      vertex -20 78.6 0.5
      vertex -20 81.4 0.5
    endloop
  endfacet
  facet normal 0 0 1
    outer loop
      vertex -20.2731 81.3731 0.5
      vertex -20.2731 78.6269 0.5
      vertex -20 78.6 0.5
    endloop
  endfacet
  facet normal -0 0 1
    outer loop
      vertex -20.5358 81.2934 0.5
      vertex -20.2731 78.6269 0.5
      vertex -20.2731 81.3731 0.5
    endloop
  endfacet
  facet normal 0 0 1
    outer loop
      vertex -20.5358 81.2934 0.5
      vertex -20.5358 78.7066 0.5
      vertex -20.2731 78.6269 0.5
    endloop
  endfacet
  facet normal -0 0 1
    outer loop
      vertex -20.7778 81.1641 0.5
      vertex -20.5358 78.7066 0.5
      vertex -20.5358 81.2934 0.5
    endloop
  endfacet
  facet normal 0 0 1
    outer loop
      vertex -20.7778 81.1641 0.5
      vertex -20.7778 78.8359 0.5
      vertex -20.5358 78.7066 0.5
    endloop
  endfacet
  facet normal -0 0 1
    outer loop
      vertex -20.9899 80.99 0.5
      vertex -20.7778 78.8359 0.5
      vertex -20.7778 81.1641 0.5
    endloop
  endfacet
  facet normal 0 0 1
    outer loop
      vertex -20.9899 80.99 0.5
      vertex -20.9899 79.01 0.5
      vertex -20.7778 78.8359 0.5
    endloop
  endfacet
  facet normal -0 0 1
    outer loop
      vertex -21.1641 80.7778 0.5
      vertex -20.9899 79.01 0.5
      vertex -20.9899 80.99 0.5
    endloop
  endfacet
  facet normal 0 0 1
    outer loop
      vertex -21.1641 80.7778 0.5
      vertex -21.1641 79.2222 0.5
      vertex -20.9899 79.01 0.5
    endloop
  endfacet
  facet normal -0 0 1
    outer loop
      vertex -21.2934 80.5358 0.5
      vertex -21.1641 79.2222 0.5
      vertex -21.1641 80.7778 0.5
    endloop
  endfacet
  facet normal 0 0 1
    outer loop
      vertex -21.2934 80.5358 0.5
      vertex -21.2934 79.4642 0.5
      vertex -21.1641 79.2222 0.5
    endloop
  endfacet
  facet normal -0 0 1
    outer loop
      vertex -21.3731 80.2731 0.5
      vertex -21.2934 79.4642 0.5
      vertex -21.2934 80.5358 0.5
    endloop
  endfacet
  facet normal 0 0 1
    outer loop
      vertex -21.3731 80.2731 0.5
      vertex -21.3731 79.7269 0.5
      vertex -21.2934 79.4642 0.5
    endloop
  endfacet
  facet normal 0 -0 1
    outer loop
      vertex -21.3731 79.7269 0.5
      vertex -21.3731 80.2731 0.5
      vertex -21.4 80 0.5
    endloop
  endfacet
  facet normal 0.956929 -0.290321 0
    outer loop
      vertex -21.3731 80.2731 2.5
      vertex -21.2934 80.5358 0.5
      vertex -21.2934 80.5358 2.5
    endloop
  endfacet
  facet normal 0.956929 -0.290321 0
    outer loop
      vertex -21.2934 80.5358 0.5
      vertex -21.3731 80.2731 2.5
      vertex -21.3731 80.2731 0.5
    endloop
  endfacet
  facet normal 0.995184 -0.0980244 0
    outer loop
      vertex -21.4 80 2.5
      vertex -21.3731 80.2731 0.5
      vertex -21.3731 80.2731 2.5
    endloop
  endfacet
  facet normal 0.995184 -0.0980244 0
    outer loop
      vertex -21.3731 80.2731 0.5
      vertex -21.4 80 2.5
      vertex -21.4 80 0.5
    endloop
  endfacet
  facet normal 0.0980244 -0.995184 0
    outer loop
      vertex -20.2731 81.3731 0.5
      vertex -20 81.4 2.5
      vertex -20.2731 81.3731 2.5
    endloop
  endfacet
  facet normal 0.0980244 -0.995184 0
    outer loop
      vertex -20 81.4 2.5
      vertex -20.2731 81.3731 0.5
      vertex -20 81.4 0.5
    endloop
  endfacet
  facet normal 0.290321 -0.956929 0
    outer loop
      vertex -20.5358 81.2934 0.5
      vertex -20.2731 81.3731 2.5
      vertex -20.5358 81.2934 2.5
    endloop
  endfacet
  facet normal 0.290321 -0.956929 0
    outer loop
      vertex -20.2731 81.3731 2.5
      vertex -20.5358 81.2934 0.5
      vertex -20.2731 81.3731 0.5
    endloop
  endfacet
  facet normal 0.772918 0.634506 0
    outer loop
      vertex -20.9899 79.01 2.5
      vertex -21.1641 79.2222 0.5
      vertex -21.1641 79.2222 2.5
    endloop
  endfacet
  facet normal 0.772918 0.634506 0
    outer loop
      vertex -21.1641 79.2222 0.5
      vertex -20.9899 79.01 2.5
      vertex -20.9899 79.01 0.5
    endloop
  endfacet
  facet normal -0.097938 -0.995193 0
    outer loop
      vertex -42.2652 96.1634 0
      vertex -41.875 96.125 1
      vertex -42.2652 96.1634 1
    endloop
  endfacet
  facet normal -0.097938 -0.995193 -0
    outer loop
      vertex -41.875 96.125 1
      vertex -42.2652 96.1634 0
      vertex -41.875 96.125 0
    endloop
  endfacet
  facet normal 0.471832 0.881688 -0
    outer loop
      vertex -37.0139 103.538 0
      vertex -37.3596 103.723 1
      vertex -37.0139 103.538 1
    endloop
  endfacet
  facet normal 0.471832 0.881688 0
    outer loop
      vertex -37.3596 103.723 1
      vertex -37.0139 103.538 0
      vertex -37.3596 103.723 0
    endloop
  endfacet
  facet normal 0.471435 -0.881901 0
    outer loop
      vertex -37.3596 96.2773 0
      vertex -37.0139 96.4621 1
      vertex -37.3596 96.2773 1
    endloop
  endfacet
  facet normal 0.471435 -0.881901 0
    outer loop
      vertex -37.0139 96.4621 1
      vertex -37.3596 96.2773 0
      vertex -37.0139 96.4621 0
    endloop
  endfacet
  facet normal -0.634777 0.772695 0
    outer loop
      vertex -42.9861 103.538 0
      vertex -43.2892 103.289 1
      vertex -42.9861 103.538 1
    endloop
  endfacet
  facet normal -0.634777 0.772695 0
    outer loop
      vertex -43.2892 103.289 1
      vertex -42.9861 103.538 0
      vertex -43.2892 103.289 0
    endloop
  endfacet
  facet normal 0.956881 -0.290482 0
    outer loop
      vertex -36.2773 97.3596 1
      vertex -36.1634 97.7348 0
      vertex -36.1634 97.7348 1
    endloop
  endfacet
  facet normal 0.956881 -0.290482 0
    outer loop
      vertex -36.1634 97.7348 0
      vertex -36.2773 97.3596 1
      vertex -36.2773 97.3596 0
    endloop
  endfacet
  facet normal 0.995193 -0.097938 0
    outer loop
      vertex -36.1634 97.7348 1
      vertex -36.125 98.125 0
      vertex -36.125 98.125 1
    endloop
  endfacet
  facet normal 0.995193 -0.097938 0
    outer loop
      vertex -36.125 98.125 0
      vertex -36.1634 97.7348 1
      vertex -36.1634 97.7348 0
    endloop
  endfacet
  facet normal -0.772968 0.634446 0
    outer loop
      vertex -43.5379 102.986 0
      vertex -43.2892 103.289 1
      vertex -43.2892 103.289 0
    endloop
  endfacet
  facet normal -0.772968 0.634446 0
    outer loop
      vertex -43.2892 103.289 1
      vertex -43.5379 102.986 0
      vertex -43.5379 102.986 1
    endloop
  endfacet
  facet normal 0.881901 -0.471435 0
    outer loop
      vertex -36.4621 97.0139 1
      vertex -36.2773 97.3596 0
      vertex -36.2773 97.3596 1
    endloop
  endfacet
  facet normal 0.881901 -0.471435 0
    outer loop
      vertex -36.2773 97.3596 0
      vertex -36.4621 97.0139 1
      vertex -36.4621 97.0139 0
    endloop
  endfacet
  facet normal -0.77307 -0.634321 0
    outer loop
      vertex -43.2892 96.7108 0
      vertex -43.5379 97.0139 1
      vertex -43.5379 97.0139 0
    endloop
  endfacet
  facet normal -0.77307 -0.634321 0
    outer loop
      vertex -43.5379 97.0139 1
      vertex -43.2892 96.7108 0
      vertex -43.2892 96.7108 1
    endloop
  endfacet
  facet normal 0.77307 -0.634321 0
    outer loop
      vertex -36.7108 96.7108 1
      vertex -36.4621 97.0139 0
      vertex -36.4621 97.0139 1
    endloop
  endfacet
  facet normal 0.77307 -0.634321 0
    outer loop
      vertex -36.4621 97.0139 0
      vertex -36.7108 96.7108 1
      vertex -36.7108 96.7108 0
    endloop
  endfacet
  facet normal 0.634777 0.772695 -0
    outer loop
      vertex -36.7108 103.289 0
      vertex -37.0139 103.538 1
      vertex -36.7108 103.289 1
    endloop
  endfacet
  facet normal 0.634777 0.772695 0
    outer loop
      vertex -37.0139 103.538 1
      vertex -36.7108 103.289 0
      vertex -37.0139 103.538 0
    endloop
  endfacet
  facet normal 0 -1 0
    outer loop
      vertex -41.875 96.125 0
      vertex -38.125 96.125 1
      vertex -41.875 96.125 1
    endloop
  endfacet
  facet normal 0 -1 -0
    outer loop
      vertex -38.125 96.125 1
      vertex -41.875 96.125 0
      vertex -38.125 96.125 0
    endloop
  endfacet
  facet normal -0.882071 0.471117 0
    outer loop
      vertex -43.7227 102.64 0
      vertex -43.5379 102.986 1
      vertex -43.5379 102.986 0
    endloop
  endfacet
  facet normal -0.882071 0.471117 0
    outer loop
      vertex -43.5379 102.986 1
      vertex -43.7227 102.64 0
      vertex -43.7227 102.64 1
    endloop
  endfacet
  facet normal -0.0969274 0.995291 0
    outer loop
      vertex -41.875 103.875 0
      vertex -42.2652 103.837 1
      vertex -41.875 103.875 1
    endloop
  endfacet
  facet normal -0.0969274 0.995291 0
    outer loop
      vertex -42.2652 103.837 1
      vertex -41.875 103.875 0
      vertex -42.2652 103.837 0
    endloop
  endfacet
  facet normal -0.471832 0.881688 0
    outer loop
      vertex -42.6404 103.723 0
      vertex -42.9861 103.538 1
      vertex -42.6404 103.723 1
    endloop
  endfacet
  facet normal -0.471832 0.881688 0
    outer loop
      vertex -42.9861 103.538 1
      vertex -42.6404 103.723 0
      vertex -42.9861 103.538 0
    endloop
  endfacet
  facet normal -1 0 0
    outer loop
      vertex -43.875 98.125 0
      vertex -43.875 101.875 1
      vertex -43.875 101.875 0
    endloop
  endfacet
  facet normal -1 -0 0
    outer loop
      vertex -43.875 101.875 1
      vertex -43.875 98.125 0
      vertex -43.875 98.125 1
    endloop
  endfacet
  facet normal 0.772968 0.634446 0
    outer loop
      vertex -36.4621 102.986 1
      vertex -36.7108 103.289 0
      vertex -36.7108 103.289 1
    endloop
  endfacet
  facet normal 0.772968 0.634446 0
    outer loop
      vertex -36.7108 103.289 0
      vertex -36.4621 102.986 1
      vertex -36.4621 102.986 0
    endloop
  endfacet
  facet normal 0.956838 0.290623 0
    outer loop
      vertex -36.1634 102.265 1
      vertex -36.2773 102.64 0
      vertex -36.2773 102.64 1
    endloop
  endfacet
  facet normal 0.956838 0.290623 0
    outer loop
      vertex -36.2773 102.64 0
      vertex -36.1634 102.265 1
      vertex -36.1634 102.265 0
    endloop
  endfacet
  facet normal -0.290482 -0.956881 0
    outer loop
      vertex -42.6404 96.2773 0
      vertex -42.2652 96.1634 1
      vertex -42.6404 96.2773 1
    endloop
  endfacet
  facet normal -0.290482 -0.956881 -0
    outer loop
      vertex -42.2652 96.1634 1
      vertex -42.6404 96.2773 0
      vertex -42.2652 96.1634 0
    endloop
  endfacet
  facet normal -0.956881 -0.290482 0
    outer loop
      vertex -43.7227 97.3596 0
      vertex -43.8366 97.7348 1
      vertex -43.8366 97.7348 0
    endloop
  endfacet
  facet normal -0.956881 -0.290482 0
    outer loop
      vertex -43.8366 97.7348 1
      vertex -43.7227 97.3596 0
      vertex -43.7227 97.3596 1
    endloop
  endfacet
  facet normal 0 1 -0
    outer loop
      vertex -38.125 103.875 0
      vertex -41.875 103.875 1
      vertex -38.125 103.875 1
    endloop
  endfacet
  facet normal 0 1 0
    outer loop
      vertex -41.875 103.875 1
      vertex -38.125 103.875 0
      vertex -41.875 103.875 0
    endloop
  endfacet
  facet normal 0.290482 -0.956881 0
    outer loop
      vertex -37.7348 96.1634 0
      vertex -37.3596 96.2773 1
      vertex -37.7348 96.1634 1
    endloop
  endfacet
  facet normal 0.290482 -0.956881 0
    outer loop
      vertex -37.3596 96.2773 1
      vertex -37.7348 96.1634 0
      vertex -37.3596 96.2773 0
    endloop
  endfacet
  facet normal -0.290715 0.95681 0
    outer loop
      vertex -42.2652 103.837 0
      vertex -42.6404 103.723 1
      vertex -42.2652 103.837 1
    endloop
  endfacet
  facet normal -0.290715 0.95681 0
    outer loop
      vertex -42.6404 103.723 1
      vertex -42.2652 103.837 0
      vertex -42.6404 103.723 0
    endloop
  endfacet
  facet normal -0.881901 -0.471435 0
    outer loop
      vertex -43.5379 97.0139 0
      vertex -43.7227 97.3596 1
      vertex -43.7227 97.3596 0
    endloop
  endfacet
  facet normal -0.881901 -0.471435 0
    outer loop
      vertex -43.7227 97.3596 1
      vertex -43.5379 97.0139 0
      vertex -43.5379 97.0139 1
    endloop
  endfacet
  facet normal -0.634321 -0.77307 0
    outer loop
      vertex -43.2892 96.7108 0
      vertex -42.9861 96.4621 1
      vertex -43.2892 96.7108 1
    endloop
  endfacet
  facet normal -0.634321 -0.77307 -0
    outer loop
      vertex -42.9861 96.4621 1
      vertex -43.2892 96.7108 0
      vertex -42.9861 96.4621 0
    endloop
  endfacet
  facet normal -0.471435 -0.881901 0
    outer loop
      vertex -42.9861 96.4621 0
      vertex -42.6404 96.2773 1
      vertex -42.9861 96.4621 1
    endloop
  endfacet
  facet normal -0.471435 -0.881901 -0
    outer loop
      vertex -42.6404 96.2773 1
      vertex -42.9861 96.4621 0
      vertex -42.6404 96.2773 0
    endloop
  endfacet
  facet normal -0.995188 0.0979877 0
    outer loop
      vertex -43.875 101.875 0
      vertex -43.8366 102.265 1
      vertex -43.8366 102.265 0
    endloop
  endfacet
  facet normal -0.995188 0.0979877 0
    outer loop
      vertex -43.8366 102.265 1
      vertex -43.875 101.875 0
      vertex -43.875 101.875 1
    endloop
  endfacet
  facet normal 1 -0 0
    outer loop
      vertex -36.125 98.125 1
      vertex -36.125 101.875 0
      vertex -36.125 101.875 1
    endloop
  endfacet
  facet normal 1 0 0
    outer loop
      vertex -36.125 101.875 0
      vertex -36.125 98.125 1
      vertex -36.125 98.125 0
    endloop
  endfacet
  facet normal 0.634321 -0.77307 0
    outer loop
      vertex -37.0139 96.4621 0
      vertex -36.7108 96.7108 1
      vertex -37.0139 96.4621 1
    endloop
  endfacet
  facet normal 0.634321 -0.77307 0
    outer loop
      vertex -36.7108 96.7108 1
      vertex -37.0139 96.4621 0
      vertex -36.7108 96.7108 0
    endloop
  endfacet
  facet normal 0.0969274 0.995291 -0
    outer loop
      vertex -37.7348 103.837 0
      vertex -38.125 103.875 1
      vertex -37.7348 103.837 1
    endloop
  endfacet
  facet normal 0.0969274 0.995291 0
    outer loop
      vertex -38.125 103.875 1
      vertex -37.7348 103.837 0
      vertex -38.125 103.875 0
    endloop
  endfacet
  facet normal -0.956838 0.290623 0
    outer loop
      vertex -43.8366 102.265 0
      vertex -43.7227 102.64 1
      vertex -43.7227 102.64 0
    endloop
  endfacet
  facet normal -0.956838 0.290623 0
    outer loop
      vertex -43.7227 102.64 1
      vertex -43.8366 102.265 0
      vertex -43.8366 102.265 1
    endloop
  endfacet
  facet normal 0.290715 0.95681 -0
    outer loop
      vertex -37.3596 103.723 0
      vertex -37.7348 103.837 1
      vertex -37.3596 103.723 1
    endloop
  endfacet
  facet normal 0.290715 0.95681 0
    outer loop
      vertex -37.7348 103.837 1
      vertex -37.3596 103.723 0
      vertex -37.7348 103.837 0
    endloop
  endfacet
  facet normal -0.995193 -0.097938 0
    outer loop
      vertex -43.8366 97.7348 0
      vertex -43.875 98.125 1
      vertex -43.875 98.125 0
    endloop
  endfacet
  facet normal -0.995193 -0.097938 0
    outer loop
      vertex -43.875 98.125 1
      vertex -43.8366 97.7348 0
      vertex -43.8366 97.7348 1
    endloop
  endfacet
  facet normal 0 0 1
    outer loop
      vertex -39.0277 100.972 1
      vertex -36.125 101.875 1
      vertex -36.1634 102.265 1
    endloop
  endfacet
  facet normal 0 0 1
    outer loop
      vertex -36.125 101.875 1
      vertex -38.625 100 1
      vertex -36.125 98.125 1
    endloop
  endfacet
  facet normal 0 0 1
    outer loop
      vertex -39.0277 100.972 1
      vertex -36.1634 102.265 1
      vertex -36.2773 102.64 1
    endloop
  endfacet
  facet normal -0 0 1
    outer loop
      vertex -38.6514 99.7318 1
      vertex -36.125 98.125 1
      vertex -38.625 100 1
    endloop
  endfacet
  facet normal 0 0 1
    outer loop
      vertex -39.0277 100.972 1
      vertex -36.2773 102.64 1
      vertex -36.4621 102.986 1
    endloop
  endfacet
  facet normal -0 0 1
    outer loop
      vertex -38.7297 99.4738 1
      vertex -36.125 98.125 1
      vertex -38.6514 99.7318 1
    endloop
  endfacet
  facet normal 0 0 1
    outer loop
      vertex -39.0277 100.972 1
      vertex -36.4621 102.986 1
      vertex -36.7108 103.289 1
    endloop
  endfacet
  facet normal -0 0 1
    outer loop
      vertex -38.8567 99.2361 1
      vertex -36.125 98.125 1
      vertex -38.7297 99.4738 1
    endloop
  endfacet
  facet normal 0 0 1
    outer loop
      vertex -39.0277 100.972 1
      vertex -36.7108 103.289 1
      vertex -37.0139 103.538 1
    endloop
  endfacet
  facet normal -0 0 1
    outer loop
      vertex -39.0277 99.0277 1
      vertex -36.125 98.125 1
      vertex -38.8567 99.2361 1
    endloop
  endfacet
  facet normal 0 0 1
    outer loop
      vertex -39.0277 100.972 1
      vertex -37.0139 103.538 1
      vertex -37.3596 103.723 1
    endloop
  endfacet
  facet normal 0 0 1
    outer loop
      vertex -36.125 98.125 1
      vertex -39.0277 99.0277 1
      vertex -36.1634 97.7348 1
    endloop
  endfacet
  facet normal 0 0 1
    outer loop
      vertex -39.0277 100.972 1
      vertex -37.3596 103.723 1
      vertex -37.7348 103.837 1
    endloop
  endfacet
  facet normal 0 0 1
    outer loop
      vertex -36.1634 97.7348 1
      vertex -39.0277 99.0277 1
      vertex -36.2773 97.3596 1
    endloop
  endfacet
  facet normal 0 0 1
    outer loop
      vertex -39.0277 100.972 1
      vertex -37.7348 103.837 1
      vertex -38.125 103.875 1
    endloop
  endfacet
  facet normal 0 0 1
    outer loop
      vertex -36.2773 97.3596 1
      vertex -39.0277 99.0277 1
      vertex -36.4621 97.0139 1
    endloop
  endfacet
  facet normal 0 0 1
    outer loop
      vertex -36.4621 97.0139 1
      vertex -39.0277 99.0277 1
      vertex -36.7108 96.7108 1
    endloop
  endfacet
  facet normal 0 0 1
    outer loop
      vertex -36.125 101.875 1
      vertex -38.6514 100.268 1
      vertex -38.625 100 1
    endloop
  endfacet
  facet normal 0 0 1
    outer loop
      vertex -36.125 101.875 1
      vertex -38.7297 100.526 1
      vertex -38.6514 100.268 1
    endloop
  endfacet
  facet normal 0 0 1
    outer loop
      vertex -36.125 101.875 1
      vertex -38.8567 100.764 1
      vertex -38.7297 100.526 1
    endloop
  endfacet
  facet normal 0 0 1
    outer loop
      vertex -36.125 101.875 1
      vertex -39.0277 100.972 1
      vertex -38.8567 100.764 1
    endloop
  endfacet
  facet normal 0 0 1
    outer loop
      vertex -38.125 103.875 1
      vertex -39.2361 101.143 1
      vertex -39.0277 100.972 1
    endloop
  endfacet
  facet normal 0 0 1
    outer loop
      vertex -38.125 103.875 1
      vertex -39.4738 101.27 1
      vertex -39.2361 101.143 1
    endloop
  endfacet
  facet normal 0 0 1
    outer loop
      vertex -38.125 103.875 1
      vertex -39.7318 101.349 1
      vertex -39.4738 101.27 1
    endloop
  endfacet
  facet normal 0 0 1
    outer loop
      vertex -38.125 103.875 1
      vertex -40 101.375 1
      vertex -39.7318 101.349 1
    endloop
  endfacet
  facet normal -0 0 1
    outer loop
      vertex -41.875 103.875 1
      vertex -40 101.375 1
      vertex -38.125 103.875 1
    endloop
  endfacet
  facet normal 0 0 1
    outer loop
      vertex -40 101.375 1
      vertex -41.875 103.875 1
      vertex -40.2682 101.349 1
    endloop
  endfacet
  facet normal 0 0 1
    outer loop
      vertex -40.2682 101.349 1
      vertex -41.875 103.875 1
      vertex -40.5262 101.27 1
    endloop
  endfacet
  facet normal 0 0 1
    outer loop
      vertex -40.5262 101.27 1
      vertex -41.875 103.875 1
      vertex -40.7639 101.143 1
    endloop
  endfacet
  facet normal -0 0 1
    outer loop
      vertex -43.2892 103.289 1
      vertex -40.9723 100.972 1
      vertex -42.9861 103.538 1
    endloop
  endfacet
  facet normal -0 0 1
    outer loop
      vertex -42.9861 103.538 1
      vertex -40.9723 100.972 1
      vertex -42.6404 103.723 1
    endloop
  endfacet
  facet normal -0 0 1
    outer loop
      vertex -42.6404 103.723 1
      vertex -40.9723 100.972 1
      vertex -42.2652 103.837 1
    endloop
  endfacet
  facet normal -0 0 1
    outer loop
      vertex -42.2652 103.837 1
      vertex -40.9723 100.972 1
      vertex -41.875 103.875 1
    endloop
  endfacet
  facet normal 0 0 1
    outer loop
      vertex -40.7639 101.143 1
      vertex -41.875 103.875 1
      vertex -40.9723 100.972 1
    endloop
  endfacet
  facet normal 0 0 1
    outer loop
      vertex -36.7108 96.7108 1
      vertex -39.0277 99.0277 1
      vertex -37.0139 96.4621 1
    endloop
  endfacet
  facet normal 0 0 1
    outer loop
      vertex -37.0139 96.4621 1
      vertex -39.0277 99.0277 1
      vertex -37.3596 96.2773 1
    endloop
  endfacet
  facet normal 0 0 1
    outer loop
      vertex -37.3596 96.2773 1
      vertex -39.0277 99.0277 1
      vertex -37.7348 96.1634 1
    endloop
  endfacet
  facet normal 0 0 1
    outer loop
      vertex -37.7348 96.1634 1
      vertex -39.0277 99.0277 1
      vertex -38.125 96.125 1
    endloop
  endfacet
  facet normal -0 0 1
    outer loop
      vertex -39.2361 98.8567 1
      vertex -38.125 96.125 1
      vertex -39.0277 99.0277 1
    endloop
  endfacet
  facet normal -0 0 1
    outer loop
      vertex -39.4738 98.7297 1
      vertex -38.125 96.125 1
      vertex -39.2361 98.8567 1
    endloop
  endfacet
  facet normal -0 0 1
    outer loop
      vertex -39.7318 98.6514 1
      vertex -38.125 96.125 1
      vertex -39.4738 98.7297 1
    endloop
  endfacet
  facet normal -0 0 1
    outer loop
      vertex -40 98.625 1
      vertex -38.125 96.125 1
      vertex -39.7318 98.6514 1
    endloop
  endfacet
  facet normal 0 0 1
    outer loop
      vertex -41.875 96.125 1
      vertex -40 98.625 1
      vertex -40.2682 98.6514 1
    endloop
  endfacet
  facet normal 0 0 1
    outer loop
      vertex -41.875 96.125 1
      vertex -40.2682 98.6514 1
      vertex -40.5262 98.7297 1
    endloop
  endfacet
  facet normal 0 0 1
    outer loop
      vertex -41.875 96.125 1
      vertex -40.5262 98.7297 1
      vertex -40.7639 98.8567 1
    endloop
  endfacet
  facet normal 0 0 1
    outer loop
      vertex -41.875 96.125 1
      vertex -40.7639 98.8567 1
      vertex -40.9723 99.0277 1
    endloop
  endfacet
  facet normal -0 0 1
    outer loop
      vertex -43.5379 102.986 1
      vertex -40.9723 100.972 1
      vertex -43.2892 103.289 1
    endloop
  endfacet
  facet normal 0 0 1
    outer loop
      vertex -40 98.625 1
      vertex -41.875 96.125 1
      vertex -38.125 96.125 1
    endloop
  endfacet
  facet normal 0 0 1
    outer loop
      vertex -43.875 98.125 1
      vertex -40.9723 99.0277 1
      vertex -41.1433 99.2361 1
    endloop
  endfacet
  facet normal 0 0 1
    outer loop
      vertex -43.875 98.125 1
      vertex -41.1433 99.2361 1
      vertex -41.2703 99.4738 1
    endloop
  endfacet
  facet normal 0 0 1
    outer loop
      vertex -43.875 98.125 1
      vertex -41.2703 99.4738 1
      vertex -41.3486 99.7318 1
    endloop
  endfacet
  facet normal 0 0 1
    outer loop
      vertex -43.875 98.125 1
      vertex -41.375 100 1
      vertex -43.875 101.875 1
    endloop
  endfacet
  facet normal -0 0 1
    outer loop
      vertex -43.7227 102.64 1
      vertex -40.9723 100.972 1
      vertex -43.5379 102.986 1
    endloop
  endfacet
  facet normal 0 0 1
    outer loop
      vertex -41.375 100 1
      vertex -43.875 98.125 1
      vertex -41.3486 99.7318 1
    endloop
  endfacet
  facet normal -0 0 1
    outer loop
      vertex -43.8366 102.265 1
      vertex -40.9723 100.972 1
      vertex -43.7227 102.64 1
    endloop
  endfacet
  facet normal 0 0 1
    outer loop
      vertex -40.9723 99.0277 1
      vertex -43.875 98.125 1
      vertex -43.8366 97.7348 1
    endloop
  endfacet
  facet normal 0 0 1
    outer loop
      vertex -41.3486 100.268 1
      vertex -43.875 101.875 1
      vertex -41.375 100 1
    endloop
  endfacet
  facet normal 0 0 1
    outer loop
      vertex -40.9723 99.0277 1
      vertex -42.2652 96.1634 1
      vertex -41.875 96.125 1
    endloop
  endfacet
  facet normal -0 0 1
    outer loop
      vertex -43.875 101.875 1
      vertex -40.9723 100.972 1
      vertex -43.8366 102.265 1
    endloop
  endfacet
  facet normal 0 0 1
    outer loop
      vertex -40.9723 99.0277 1
      vertex -42.6404 96.2773 1
      vertex -42.2652 96.1634 1
    endloop
  endfacet
  facet normal 0 0 1
    outer loop
      vertex -40.9723 100.972 1
      vertex -43.875 101.875 1
      vertex -41.1433 100.764 1
    endloop
  endfacet
  facet normal 0 0 1
    outer loop
      vertex -40.9723 99.0277 1
      vertex -42.9861 96.4621 1
      vertex -42.6404 96.2773 1
    endloop
  endfacet
  facet normal 0 0 1
    outer loop
      vertex -41.1433 100.764 1
      vertex -43.875 101.875 1
      vertex -41.2703 100.526 1
    endloop
  endfacet
  facet normal 0 0 1
    outer loop
      vertex -40.9723 99.0277 1
      vertex -43.2892 96.7108 1
      vertex -42.9861 96.4621 1
    endloop
  endfacet
  facet normal 0 0 1
    outer loop
      vertex -41.2703 100.526 1
      vertex -43.875 101.875 1
      vertex -41.3486 100.268 1
    endloop
  endfacet
  facet normal 0 0 1
    outer loop
      vertex -40.9723 99.0277 1
      vertex -43.5379 97.0139 1
      vertex -43.2892 96.7108 1
    endloop
  endfacet
  facet normal 0 0 1
    outer loop
      vertex -40.9723 99.0277 1
      vertex -43.7227 97.3596 1
      vertex -43.5379 97.0139 1
    endloop
  endfacet
  facet normal 0 0 1
    outer loop
      vertex -40.9723 99.0277 1
      vertex -43.8366 97.7348 1
      vertex -43.7227 97.3596 1
    endloop
  endfacet
  facet normal 0.097938 -0.995193 0
    outer loop
      vertex -38.125 96.125 0
      vertex -37.7348 96.1634 1
      vertex -38.125 96.125 1
    endloop
  endfacet
  facet normal 0.097938 -0.995193 0
    outer loop
      vertex -37.7348 96.1634 1
      vertex -38.125 96.125 0
      vertex -37.7348 96.1634 0
    endloop
  endfacet
  facet normal 0.995188 0.0979877 0
    outer loop
      vertex -36.125 101.875 1
      vertex -36.1634 102.265 0
      vertex -36.1634 102.265 1
    endloop
  endfacet
  facet normal 0.995188 0.0979877 0
    outer loop
      vertex -36.1634 102.265 0
      vertex -36.125 101.875 1
      vertex -36.125 101.875 0
    endloop
  endfacet
  facet normal 0.882071 0.471117 0
    outer loop
      vertex -36.2773 102.64 1
      vertex -36.4621 102.986 0
      vertex -36.4621 102.986 1
    endloop
  endfacet
  facet normal 0.882071 0.471117 0
    outer loop
      vertex -36.4621 102.986 0
      vertex -36.2773 102.64 1
      vertex -36.2773 102.64 0
    endloop
  endfacet
  facet normal 0 0 -1
    outer loop
      vertex -38.125 96.125 0
      vertex -36.125 98.125 0
      vertex -36.1634 97.7348 0
    endloop
  endfacet
  facet normal -0 0 -1
    outer loop
      vertex -36.125 98.125 0
      vertex -38.125 96.125 0
      vertex -36.125 101.875 0
    endloop
  endfacet
  facet normal 0 0 -1
    outer loop
      vertex -38.125 96.125 0
      vertex -36.1634 97.7348 0
      vertex -36.2773 97.3596 0
    endloop
  endfacet
  facet normal 0 0 -1
    outer loop
      vertex -38.125 103.875 0
      vertex -36.125 101.875 0
      vertex -38.125 96.125 0
    endloop
  endfacet
  facet normal 0 0 -1
    outer loop
      vertex -38.125 96.125 0
      vertex -36.2773 97.3596 0
      vertex -36.4621 97.0139 0
    endloop
  endfacet
  facet normal 0 0 -1
    outer loop
      vertex -36.125 101.875 0
      vertex -38.125 103.875 0
      vertex -36.1634 102.265 0
    endloop
  endfacet
  facet normal 0 0 -1
    outer loop
      vertex -38.125 96.125 0
      vertex -36.4621 97.0139 0
      vertex -36.7108 96.7108 0
    endloop
  endfacet
  facet normal 0 0 -1
    outer loop
      vertex -36.1634 102.265 0
      vertex -38.125 103.875 0
      vertex -36.2773 102.64 0
    endloop
  endfacet
  facet normal 0 0 -1
    outer loop
      vertex -38.125 96.125 0
      vertex -36.7108 96.7108 0
      vertex -37.0139 96.4621 0
    endloop
  endfacet
  facet normal 0 0 -1
    outer loop
      vertex -36.2773 102.64 0
      vertex -38.125 103.875 0
      vertex -36.4621 102.986 0
    endloop
  endfacet
  facet normal 0 0 -1
    outer loop
      vertex -38.125 96.125 0
      vertex -37.0139 96.4621 0
      vertex -37.3596 96.2773 0
    endloop
  endfacet
  facet normal 0 0 -1
    outer loop
      vertex -36.4621 102.986 0
      vertex -38.125 103.875 0
      vertex -36.7108 103.289 0
    endloop
  endfacet
  facet normal 0 0 -1
    outer loop
      vertex -38.125 96.125 0
      vertex -37.3596 96.2773 0
      vertex -37.7348 96.1634 0
    endloop
  endfacet
  facet normal 0 0 -1
    outer loop
      vertex -36.7108 103.289 0
      vertex -38.125 103.875 0
      vertex -37.0139 103.538 0
    endloop
  endfacet
  facet normal 0 0 -1
    outer loop
      vertex -37.0139 103.538 0
      vertex -38.125 103.875 0
      vertex -37.3596 103.723 0
    endloop
  endfacet
  facet normal 0 0 -1
    outer loop
      vertex -37.3596 103.723 0
      vertex -38.125 103.875 0
      vertex -37.7348 103.837 0
    endloop
  endfacet
  facet normal 0 0 -1
    outer loop
      vertex -41.875 96.125 0
      vertex -38.125 103.875 0
      vertex -38.125 96.125 0
    endloop
  endfacet
  facet normal 0 0 -1
    outer loop
      vertex -41.875 96.125 0
      vertex -41.875 103.875 0
      vertex -38.125 103.875 0
    endloop
  endfacet
  facet normal 0 0 -1
    outer loop
      vertex -43.875 98.125 0
      vertex -41.875 96.125 0
      vertex -42.2652 96.1634 0
    endloop
  endfacet
  facet normal 0 0 -1
    outer loop
      vertex -41.875 96.125 0
      vertex -43.875 98.125 0
      vertex -41.875 103.875 0
    endloop
  endfacet
  facet normal 0 0 -1
    outer loop
      vertex -43.875 98.125 0
      vertex -42.2652 96.1634 0
      vertex -42.6404 96.2773 0
    endloop
  endfacet
  facet normal 0 0 -1
    outer loop
      vertex -43.875 101.875 0
      vertex -41.875 103.875 0
      vertex -43.875 98.125 0
    endloop
  endfacet
  facet normal 0 0 -1
    outer loop
      vertex -43.875 98.125 0
      vertex -42.6404 96.2773 0
      vertex -42.9861 96.4621 0
    endloop
  endfacet
  facet normal 0 0 -1
    outer loop
      vertex -41.875 103.875 0
      vertex -43.875 101.875 0
      vertex -42.2652 103.837 0
    endloop
  endfacet
  facet normal 0 0 -1
    outer loop
      vertex -43.875 98.125 0
      vertex -42.9861 96.4621 0
      vertex -43.2892 96.7108 0
    endloop
  endfacet
  facet normal 0 0 -1
    outer loop
      vertex -42.2652 103.837 0
      vertex -43.875 101.875 0
      vertex -42.6404 103.723 0
    endloop
  endfacet
  facet normal 0 0 -1
    outer loop
      vertex -43.875 98.125 0
      vertex -43.2892 96.7108 0
      vertex -43.5379 97.0139 0
    endloop
  endfacet
  facet normal 0 0 -1
    outer loop
      vertex -42.6404 103.723 0
      vertex -43.875 101.875 0
      vertex -42.9861 103.538 0
    endloop
  endfacet
  facet normal 0 0 -1
    outer loop
      vertex -43.875 98.125 0
      vertex -43.5379 97.0139 0
      vertex -43.7227 97.3596 0
    endloop
  endfacet
  facet normal 0 0 -1
    outer loop
      vertex -42.9861 103.538 0
      vertex -43.875 101.875 0
      vertex -43.2892 103.289 0
    endloop
  endfacet
  facet normal 0 0 -1
    outer loop
      vertex -43.875 98.125 0
      vertex -43.7227 97.3596 0
      vertex -43.8366 97.7348 0
    endloop
  endfacet
  facet normal 0 0 -1
    outer loop
      vertex -43.2892 103.289 0
      vertex -43.875 101.875 0
      vertex -43.5379 102.986 0
    endloop
  endfacet
  facet normal 0 0 -1
    outer loop
      vertex -43.5379 102.986 0
      vertex -43.875 101.875 0
      vertex -43.7227 102.64 0
    endloop
  endfacet
  facet normal 0 0 -1
    outer loop
      vertex -43.7227 102.64 0
      vertex -43.875 101.875 0
      vertex -43.8366 102.265 0
    endloop
  endfacet
  facet normal -0.471243 -0.882003 0
    outer loop
      vertex -40.7639 98.8567 1
      vertex -40.5262 98.7297 8.9
      vertex -40.7639 98.8567 8.9
    endloop
  endfacet
  facet normal -0.471243 -0.882003 -0
    outer loop
      vertex -40.5262 98.7297 8.9
      vertex -40.7639 98.8567 1
      vertex -40.5262 98.7297 1
    endloop
  endfacet
  facet normal 0.956903 -0.290409 0
    outer loop
      vertex -38.7297 99.4738 8.9
      vertex -38.6514 99.7318 1
      vertex -38.6514 99.7318 8.9
    endloop
  endfacet
  facet normal 0.956903 -0.290409 0
    outer loop
      vertex -38.6514 99.7318 1
      vertex -38.7297 99.4738 8.9
      vertex -38.7297 99.4738 1
    endloop
  endfacet
  facet normal 0.99519 -0.0979606 0
    outer loop
      vertex -38.6514 99.7318 8.9
      vertex -38.625 100 1
      vertex -38.625 100 8.9
    endloop
  endfacet
  facet normal 0.99519 -0.0979606 0
    outer loop
      vertex -38.625 100 1
      vertex -38.6514 99.7318 8.9
      vertex -38.6514 99.7318 1
    endloop
  endfacet
  facet normal 0.882003 -0.471243 0
    outer loop
      vertex -38.8567 99.2361 8.9
      vertex -38.7297 99.4738 1
      vertex -38.7297 99.4738 8.9
    endloop
  endfacet
  facet normal 0.882003 -0.471243 0
    outer loop
      vertex -38.7297 99.4738 1
      vertex -38.8567 99.2361 8.9
      vertex -38.8567 99.2361 1
    endloop
  endfacet
  facet normal 0 0 1
    outer loop
      vertex -38.6514 100.268 8.9
      vertex -38.6514 99.7318 8.9
      vertex -38.625 100 8.9
    endloop
  endfacet
  facet normal 0 0 1
    outer loop
      vertex -38.7297 100.526 8.9
      vertex -38.6514 99.7318 8.9
      vertex -38.6514 100.268 8.9
    endloop
  endfacet
  facet normal 0 0 1
    outer loop
      vertex -38.7297 100.526 8.9
      vertex -38.7297 99.4738 8.9
      vertex -38.6514 99.7318 8.9
    endloop
  endfacet
  facet normal 0 0 1
    outer loop
      vertex -38.8567 100.764 8.9
      vertex -38.7297 99.4738 8.9
      vertex -38.7297 100.526 8.9
    endloop
  endfacet
  facet normal 0 0 1
    outer loop
      vertex -38.8567 100.764 8.9
      vertex -38.8567 99.2361 8.9
      vertex -38.7297 99.4738 8.9
    endloop
  endfacet
  facet normal 0 0 1
    outer loop
      vertex -39.0277 100.972 8.9
      vertex -38.8567 99.2361 8.9
      vertex -38.8567 100.764 8.9
    endloop
  endfacet
  facet normal 0 0 1
    outer loop
      vertex -39.0277 100.972 8.9
      vertex -39.0277 99.0277 8.9
      vertex -38.8567 99.2361 8.9
    endloop
  endfacet
  facet normal 0 0 1
    outer loop
      vertex -39.2361 101.143 8.9
      vertex -39.0277 99.0277 8.9
      vertex -39.0277 100.972 8.9
    endloop
  endfacet
  facet normal 0 0 1
    outer loop
      vertex -39.2361 101.143 8.9
      vertex -39.2361 98.8567 8.9
      vertex -39.0277 99.0277 8.9
    endloop
  endfacet
  facet normal 0 0 1
    outer loop
      vertex -39.4738 101.27 8.9
      vertex -39.2361 98.8567 8.9
      vertex -39.2361 101.143 8.9
    endloop
  endfacet
  facet normal 0 0 1
    outer loop
      vertex -39.4738 101.27 8.9
      vertex -39.4738 98.7297 8.9
      vertex -39.2361 98.8567 8.9
    endloop
  endfacet
  facet normal 0 0 1
    outer loop
      vertex -39.7318 101.349 8.9
      vertex -39.4738 98.7297 8.9
      vertex -39.4738 101.27 8.9
    endloop
  endfacet
  facet normal 0 0 1
    outer loop
      vertex -39.7318 101.349 8.9
      vertex -39.7318 98.6514 8.9
      vertex -39.4738 98.7297 8.9
    endloop
  endfacet
  facet normal 0 0 1
    outer loop
      vertex -40 101.375 8.9
      vertex -39.7318 98.6514 8.9
      vertex -39.7318 101.349 8.9
    endloop
  endfacet
  facet normal 0 0 1
    outer loop
      vertex -40 101.375 8.9
      vertex -40 98.625 8.9
      vertex -39.7318 98.6514 8.9
    endloop
  endfacet
  facet normal -0 0 1
    outer loop
      vertex -40.2682 101.349 8.9
      vertex -40 98.625 8.9
      vertex -40 101.375 8.9
    endloop
  endfacet
  facet normal 0 0 1
    outer loop
      vertex -40.2682 101.349 8.9
      vertex -40.2682 98.6514 8.9
      vertex -40 98.625 8.9
    endloop
  endfacet
  facet normal -0 0 1
    outer loop
      vertex -40.5262 101.27 8.9
      vertex -40.2682 98.6514 8.9
      vertex -40.2682 101.349 8.9
    endloop
  endfacet
  facet normal 0 0 1
    outer loop
      vertex -40.5262 101.27 8.9
      vertex -40.5262 98.7297 8.9
      vertex -40.2682 98.6514 8.9
    endloop
  endfacet
  facet normal -0 0 1
    outer loop
      vertex -40.7639 101.143 8.9
      vertex -40.5262 98.7297 8.9
      vertex -40.5262 101.27 8.9
    endloop
  endfacet
  facet normal 0 0 1
    outer loop
      vertex -40.7639 101.143 8.9
      vertex -40.7639 98.8567 8.9
      vertex -40.5262 98.7297 8.9
    endloop
  endfacet
  facet normal -0 0 1
    outer loop
      vertex -40.9723 100.972 8.9
      vertex -40.7639 98.8567 8.9
      vertex -40.7639 101.143 8.9
    endloop
  endfacet
  facet normal 0 0 1
    outer loop
      vertex -40.9723 100.972 8.9
      vertex -40.9723 99.0277 8.9
      vertex -40.7639 98.8567 8.9
    endloop
  endfacet
  facet normal -0 0 1
    outer loop
      vertex -41.1433 100.764 8.9
      vertex -40.9723 99.0277 8.9
      vertex -40.9723 100.972 8.9
    endloop
  endfacet
  facet normal 0 0 1
    outer loop
      vertex -41.1433 100.764 8.9
      vertex -41.1433 99.2361 8.9
      vertex -40.9723 99.0277 8.9
    endloop
  endfacet
  facet normal -0 0 1
    outer loop
      vertex -41.2703 100.526 8.9
      vertex -41.1433 99.2361 8.9
      vertex -41.1433 100.764 8.9
    endloop
  endfacet
  facet normal 0 0 1
    outer loop
      vertex -41.2703 100.526 8.9
      vertex -41.2703 99.4738 8.9
      vertex -41.1433 99.2361 8.9
    endloop
  endfacet
  facet normal -0 0 1
    outer loop
      vertex -41.3486 100.268 8.9
      vertex -41.2703 99.4738 8.9
      vertex -41.2703 100.526 8.9
    endloop
  endfacet
  facet normal 0 0 1
    outer loop
      vertex -41.3486 100.268 8.9
      vertex -41.3486 99.7318 8.9
      vertex -41.2703 99.4738 8.9
    endloop
  endfacet
  facet normal 0 -0 1
    outer loop
      vertex -41.3486 99.7318 8.9
      vertex -41.3486 100.268 8.9
      vertex -41.375 100 8.9
    endloop
  endfacet
  facet normal -0.956903 0.290409 0
    outer loop
      vertex -41.3486 100.268 1
      vertex -41.2703 100.526 8.9
      vertex -41.2703 100.526 1
    endloop
  endfacet
  facet normal -0.956903 0.290409 0
    outer loop
      vertex -41.2703 100.526 8.9
      vertex -41.3486 100.268 1
      vertex -41.3486 100.268 8.9
    endloop
  endfacet
  facet normal 0.471243 0.882003 -0
    outer loop
      vertex -39.2361 101.143 1
      vertex -39.4738 101.27 8.9
      vertex -39.2361 101.143 8.9
    endloop
  endfacet
  facet normal 0.471243 0.882003 0
    outer loop
      vertex -39.4738 101.27 8.9
      vertex -39.2361 101.143 1
      vertex -39.4738 101.27 1
    endloop
  endfacet
  facet normal -0.882003 -0.471243 0
    outer loop
      vertex -41.1433 99.2361 1
      vertex -41.2703 99.4738 8.9
      vertex -41.2703 99.4738 1
    endloop
  endfacet
  facet normal -0.882003 -0.471243 0
    outer loop
      vertex -41.2703 99.4738 8.9
      vertex -41.1433 99.2361 1
      vertex -41.1433 99.2361 8.9
    endloop
  endfacet
  facet normal 0.956903 0.290409 0
    outer loop
      vertex -38.6514 100.268 8.9
      vertex -38.7297 100.526 1
      vertex -38.7297 100.526 8.9
    endloop
  endfacet
  facet normal 0.956903 0.290409 0
    outer loop
      vertex -38.7297 100.526 1
      vertex -38.6514 100.268 8.9
      vertex -38.6514 100.268 1
    endloop
  endfacet
  facet normal -0.88225 0.470781 0
    outer loop
      vertex -41.2703 100.526 1
      vertex -41.1433 100.764 8.9
      vertex -41.1433 100.764 1
    endloop
  endfacet
  facet normal -0.88225 0.470781 0
    outer loop
      vertex -41.1433 100.764 8.9
      vertex -41.2703 100.526 1
      vertex -41.2703 100.526 8.9
    endloop
  endfacet
  facet normal 0.995183 0.098033 0
    outer loop
      vertex -38.625 100 8.9
      vertex -38.6514 100.268 1
      vertex -38.6514 100.268 8.9
    endloop
  endfacet
  facet normal 0.995183 0.098033 0
    outer loop
      vertex -38.6514 100.268 1
      vertex -38.625 100 8.9
      vertex -38.625 100 1
    endloop
  endfacet
  facet normal 0.471243 -0.882003 0
    outer loop
      vertex -39.4738 98.7297 1
      vertex -39.2361 98.8567 8.9
      vertex -39.4738 98.7297 8.9
    endloop
  endfacet
  facet normal 0.471243 -0.882003 0
    outer loop
      vertex -39.2361 98.8567 8.9
      vertex -39.4738 98.7297 1
      vertex -39.2361 98.8567 1
    endloop
  endfacet
  facet normal 0.0979606 -0.99519 0
    outer loop
      vertex -40 98.625 1
      vertex -39.7318 98.6514 8.9
      vertex -40 98.625 8.9
    endloop
  endfacet
  facet normal 0.0979606 -0.99519 0
    outer loop
      vertex -39.7318 98.6514 8.9
      vertex -40 98.625 1
      vertex -39.7318 98.6514 1
    endloop
  endfacet
  facet normal 0.634328 -0.773064 0
    outer loop
      vertex -39.2361 98.8567 1
      vertex -39.0277 99.0277 8.9
      vertex -39.2361 98.8567 8.9
    endloop
  endfacet
  facet normal 0.634328 -0.773064 0
    outer loop
      vertex -39.0277 99.0277 8.9
      vertex -39.2361 98.8567 1
      vertex -39.0277 99.0277 1
    endloop
  endfacet
  facet normal 0.88225 0.470781 0
    outer loop
      vertex -38.7297 100.526 8.9
      vertex -38.8567 100.764 1
      vertex -38.8567 100.764 8.9
    endloop
  endfacet
  facet normal 0.88225 0.470781 0
    outer loop
      vertex -38.8567 100.764 1
      vertex -38.7297 100.526 8.9
      vertex -38.7297 100.526 1
    endloop
  endfacet
  facet normal 0.0964902 0.995334 -0
    outer loop
      vertex -39.7318 101.349 1
      vertex -40 101.375 8.9
      vertex -39.7318 101.349 8.9
    endloop
  endfacet
  facet normal 0.0964902 0.995334 0
    outer loop
      vertex -40 101.375 8.9
      vertex -39.7318 101.349 1
      vertex -40 101.375 1
    endloop
  endfacet
  facet normal -0.471243 0.882003 0
    outer loop
      vertex -40.5262 101.27 1
      vertex -40.7639 101.143 8.9
      vertex -40.5262 101.27 8.9
    endloop
  endfacet
  facet normal -0.471243 0.882003 0
    outer loop
      vertex -40.7639 101.143 8.9
      vertex -40.5262 101.27 1
      vertex -40.7639 101.143 1
    endloop
  endfacet
  facet normal 0.773064 -0.634328 0
    outer loop
      vertex -39.0277 99.0277 8.9
      vertex -38.8567 99.2361 1
      vertex -38.8567 99.2361 8.9
    endloop
  endfacet
  facet normal 0.773064 -0.634328 0
    outer loop
      vertex -38.8567 99.2361 1
      vertex -39.0277 99.0277 8.9
      vertex -39.0277 99.0277 1
    endloop
  endfacet
  facet normal -0.292783 0.956179 0
    outer loop
      vertex -40.2682 101.349 1
      vertex -40.5262 101.27 8.9
      vertex -40.2682 101.349 8.9
    endloop
  endfacet
  facet normal -0.292783 0.956179 0
    outer loop
      vertex -40.5262 101.27 8.9
      vertex -40.2682 101.349 1
      vertex -40.5262 101.27 1
    endloop
  endfacet
  facet normal 0.772466 0.635056 0
    outer loop
      vertex -38.8567 100.764 8.9
      vertex -39.0277 100.972 1
      vertex -39.0277 100.972 8.9
    endloop
  endfacet
  facet normal 0.772466 0.635056 0
    outer loop
      vertex -39.0277 100.972 1
      vertex -38.8567 100.764 8.9
      vertex -38.8567 100.764 1
    endloop
  endfacet
  facet normal -0.99519 -0.0979606 0
    outer loop
      vertex -41.3486 99.7318 1
      vertex -41.375 100 8.9
      vertex -41.375 100 1
    endloop
  endfacet
  facet normal -0.99519 -0.0979606 0
    outer loop
      vertex -41.375 100 8.9
      vertex -41.3486 99.7318 1
      vertex -41.3486 99.7318 8.9
    endloop
  endfacet
  facet normal 0.634328 0.773064 -0
    outer loop
      vertex -39.0277 100.972 1
      vertex -39.2361 101.143 8.9
      vertex -39.0277 100.972 8.9
    endloop
  endfacet
  facet normal 0.634328 0.773064 0
    outer loop
      vertex -39.2361 101.143 8.9
      vertex -39.0277 100.972 1
      vertex -39.2361 101.143 1
    endloop
  endfacet
  facet normal -0.773064 -0.634328 0
    outer loop
      vertex -40.9723 99.0277 1
      vertex -41.1433 99.2361 8.9
      vertex -41.1433 99.2361 1
    endloop
  endfacet
  facet normal -0.773064 -0.634328 0
    outer loop
      vertex -41.1433 99.2361 8.9
      vertex -40.9723 99.0277 1
      vertex -40.9723 99.0277 8.9
    endloop
  endfacet
  facet normal 0.290409 -0.956903 0
    outer loop
      vertex -39.7318 98.6514 1
      vertex -39.4738 98.7297 8.9
      vertex -39.7318 98.6514 8.9
    endloop
  endfacet
  facet normal 0.290409 -0.956903 0
    outer loop
      vertex -39.4738 98.7297 8.9
      vertex -39.7318 98.6514 1
      vertex -39.4738 98.7297 1
    endloop
  endfacet
  facet normal -0.634328 -0.773064 0
    outer loop
      vertex -40.9723 99.0277 1
      vertex -40.7639 98.8567 8.9
      vertex -40.9723 99.0277 8.9
    endloop
  endfacet
  facet normal -0.634328 -0.773064 -0
    outer loop
      vertex -40.7639 98.8567 8.9
      vertex -40.9723 99.0277 1
      vertex -40.7639 98.8567 1
    endloop
  endfacet
  facet normal -0.0979606 -0.99519 0
    outer loop
      vertex -40.2682 98.6514 1
      vertex -40 98.625 8.9
      vertex -40.2682 98.6514 8.9
    endloop
  endfacet
  facet normal -0.0979606 -0.99519 -0
    outer loop
      vertex -40 98.625 8.9
      vertex -40.2682 98.6514 1
      vertex -40 98.625 1
    endloop
  endfacet
  facet normal -0.290409 -0.956903 0
    outer loop
      vertex -40.5262 98.7297 1
      vertex -40.2682 98.6514 8.9
      vertex -40.5262 98.7297 8.9
    endloop
  endfacet
  facet normal -0.290409 -0.956903 -0
    outer loop
      vertex -40.2682 98.6514 8.9
      vertex -40.5262 98.7297 1
      vertex -40.2682 98.6514 1
    endloop
  endfacet
  facet normal -0.772466 0.635056 0
    outer loop
      vertex -41.1433 100.764 1
      vertex -40.9723 100.972 8.9
      vertex -40.9723 100.972 1
    endloop
  endfacet
  facet normal -0.772466 0.635056 0
    outer loop
      vertex -40.9723 100.972 8.9
      vertex -41.1433 100.764 1
      vertex -41.1433 100.764 8.9
    endloop
  endfacet
  facet normal -0.0964902 0.995334 0
    outer loop
      vertex -40 101.375 1
      vertex -40.2682 101.349 8.9
      vertex -40 101.375 8.9
    endloop
  endfacet
  facet normal -0.0964902 0.995334 0
    outer loop
      vertex -40.2682 101.349 8.9
      vertex -40 101.375 1
      vertex -40.2682 101.349 1
    endloop
  endfacet
  facet normal -0.995183 0.098033 0
    outer loop
      vertex -41.375 100 1
      vertex -41.3486 100.268 8.9
      vertex -41.3486 100.268 1
    endloop
  endfacet
  facet normal -0.995183 0.098033 0
    outer loop
      vertex -41.3486 100.268 8.9
      vertex -41.375 100 1
      vertex -41.375 100 8.9
    endloop
  endfacet
  facet normal -0.634328 0.773064 0
    outer loop
      vertex -40.7639 101.143 1
      vertex -40.9723 100.972 8.9
      vertex -40.7639 101.143 8.9
    endloop
  endfacet
  facet normal -0.634328 0.773064 0
    outer loop
      vertex -40.9723 100.972 8.9
      vertex -40.7639 101.143 1
      vertex -40.9723 100.972 1
    endloop
  endfacet
  facet normal 0.292783 0.956179 -0
    outer loop
      vertex -39.4738 101.27 1
      vertex -39.7318 101.349 8.9
      vertex -39.4738 101.27 8.9
    endloop
  endfacet
  facet normal 0.292783 0.956179 0
    outer loop
      vertex -39.7318 101.349 8.9
      vertex -39.4738 101.27 1
      vertex -39.7318 101.349 1
    endloop
  endfacet
  facet normal -0.956903 -0.290409 0
    outer loop
      vertex -41.2703 99.4738 1
      vertex -41.3486 99.7318 8.9
      vertex -41.3486 99.7318 1
    endloop
  endfacet
  facet normal -0.956903 -0.290409 0
    outer loop
      vertex -41.3486 99.7318 8.9
      vertex -41.2703 99.4738 1
      vertex -41.2703 99.4738 8.9
    endloop
  endfacet
  facet normal -0.471329 -0.881957 0
    outer loop
      vertex -21.6667 97.5056 0
      vertex -21.148 97.2284 2.5
      vertex -21.6667 97.5056 2.5
    endloop
  endfacet
  facet normal -0.471329 -0.881957 -0
    outer loop
      vertex -21.148 97.2284 2.5
      vertex -21.6667 97.5056 0
      vertex -21.148 97.2284 0
    endloop
  endfacet
  facet normal 0.471329 -0.881957 0
    outer loop
      vertex -18.852 97.2284 0
      vertex -18.3333 97.5056 2.5
      vertex -18.852 97.2284 2.5
    endloop
  endfacet
  facet normal 0.471329 -0.881957 0
    outer loop
      vertex -18.3333 97.5056 2.5
      vertex -18.852 97.2284 0
      vertex -18.3333 97.5056 0
    endloop
  endfacet
  facet normal 0.95689 -0.290451 0
    outer loop
      vertex -17.2284 98.852 2.5
      vertex -17.0576 99.4147 0
      vertex -17.0576 99.4147 2.5
    endloop
  endfacet
  facet normal 0.95689 -0.290451 0
    outer loop
      vertex -17.0576 99.4147 0
      vertex -17.2284 98.852 2.5
      vertex -17.2284 98.852 0
    endloop
  endfacet
  facet normal 0.995193 -0.097938 0
    outer loop
      vertex -17.0576 99.4147 2.5
      vertex -17 100 0
      vertex -17 100 2.5
    endloop
  endfacet
  facet normal 0.995193 -0.097938 0
    outer loop
      vertex -17 100 0
      vertex -17.0576 99.4147 2.5
      vertex -17.0576 99.4147 0
    endloop
  endfacet
  facet normal 0.881957 -0.471329 0
    outer loop
      vertex -17.5056 98.3333 2.5
      vertex -17.2284 98.852 0
      vertex -17.2284 98.852 2.5
    endloop
  endfacet
  facet normal 0.881957 -0.471329 0
    outer loop
      vertex -17.2284 98.852 0
      vertex -17.5056 98.3333 2.5
      vertex -17.5056 98.3333 0
    endloop
  endfacet
  facet normal 0.097938 -0.995193 0
    outer loop
      vertex -20 97 0
      vertex -19.4147 97.0576 2.5
      vertex -20 97 2.5
    endloop
  endfacet
  facet normal 0.097938 -0.995193 0
    outer loop
      vertex -19.4147 97.0576 2.5
      vertex -20 97 0
      vertex -19.4147 97.0576 0
    endloop
  endfacet
  facet normal 0.0986115 0.995126 -0
    outer loop
      vertex -19.4147 102.942 0
      vertex -20 103 2.5
      vertex -19.4147 102.942 2.5
    endloop
  endfacet
  facet normal 0.0986115 0.995126 0
    outer loop
      vertex -20 103 2.5
      vertex -19.4147 102.942 0
      vertex -20 103 0
    endloop
  endfacet
  facet normal 0.290451 -0.95689 0
    outer loop
      vertex -19.4147 97.0576 0
      vertex -18.852 97.2284 2.5
      vertex -19.4147 97.0576 2.5
    endloop
  endfacet
  facet normal 0.290451 -0.95689 0
    outer loop
      vertex -18.852 97.2284 2.5
      vertex -19.4147 97.0576 0
      vertex -18.852 97.2284 0
    endloop
  endfacet
  facet normal 0.634413 -0.772994 0
    outer loop
      vertex -18.3333 97.5056 0
      vertex -17.8787 97.8787 2.5
      vertex -18.3333 97.5056 2.5
    endloop
  endfacet
  facet normal 0.634413 -0.772994 0
    outer loop
      vertex -17.8787 97.8787 2.5
      vertex -18.3333 97.5056 0
      vertex -17.8787 97.8787 0
    endloop
  endfacet
  facet normal 0.772583 0.634914 0
    outer loop
      vertex -17.5056 101.667 2.5
      vertex -17.8787 102.121 0
      vertex -17.8787 102.121 2.5
    endloop
  endfacet
  facet normal 0.772583 0.634914 0
    outer loop
      vertex -17.8787 102.121 0
      vertex -17.5056 101.667 2.5
      vertex -17.5056 101.667 0
    endloop
  endfacet
  facet normal -0.634413 -0.772994 0
    outer loop
      vertex -22.1213 97.8787 0
      vertex -21.6667 97.5056 2.5
      vertex -22.1213 97.8787 2.5
    endloop
  endfacet
  facet normal -0.634413 -0.772994 -0
    outer loop
      vertex -21.6667 97.5056 2.5
      vertex -22.1213 97.8787 0
      vertex -21.6667 97.5056 0
    endloop
  endfacet
  facet normal 0.472386 0.881392 -0
    outer loop
      vertex -18.3333 102.494 0
      vertex -18.852 102.772 2.5
      vertex -18.3333 102.494 2.5
    endloop
  endfacet
  facet normal 0.472386 0.881392 0
    outer loop
      vertex -18.852 102.772 2.5
      vertex -18.3333 102.494 0
      vertex -18.852 102.772 0
    endloop
  endfacet
  facet normal -0.882071 0.471117 0
    outer loop
      vertex -22.7716 101.148 0
      vertex -22.4944 101.667 2.5
      vertex -22.4944 101.667 0
    endloop
  endfacet
  facet normal -0.882071 0.471117 0
    outer loop
      vertex -22.4944 101.667 2.5
      vertex -22.7716 101.148 0
      vertex -22.7716 101.148 2.5
    endloop
  endfacet
  facet normal 0.995188 0.0979877 0
    outer loop
      vertex -17 100 2.5
      vertex -17.0576 100.585 0
      vertex -17.0576 100.585 2.5
    endloop
  endfacet
  facet normal 0.995188 0.0979877 0
    outer loop
      vertex -17.0576 100.585 0
      vertex -17 100 2.5
      vertex -17 100 0
    endloop
  endfacet
  facet normal -0.290451 -0.95689 0
    outer loop
      vertex -21.148 97.2284 0
      vertex -20.5853 97.0576 2.5
      vertex -21.148 97.2284 2.5
    endloop
  endfacet
  facet normal -0.290451 -0.95689 -0
    outer loop
      vertex -20.5853 97.0576 2.5
      vertex -21.148 97.2284 0
      vertex -20.5853 97.0576 0
    endloop
  endfacet
  facet normal -0.0986115 0.995126 0
    outer loop
      vertex -20 103 0
      vertex -20.5853 102.942 2.5
      vertex -20 103 2.5
    endloop
  endfacet
  facet normal -0.0986115 0.995126 0
    outer loop
      vertex -20.5853 102.942 2.5
      vertex -20 103 0
      vertex -20.5853 102.942 0
    endloop
  endfacet
  facet normal 0 0 1
    outer loop
      vertex -18.6 100 2.5
      vertex -17 100 2.5
      vertex -17.0576 100.585 2.5
    endloop
  endfacet
  facet normal 0 0 1
    outer loop
      vertex -18.6269 100.273 2.5
      vertex -17.0576 100.585 2.5
      vertex -17.2284 101.148 2.5
    endloop
  endfacet
  facet normal 0 0 1
    outer loop
      vertex -17 100 2.5
      vertex -18.6 100 2.5
      vertex -17.0576 99.4147 2.5
    endloop
  endfacet
  facet normal 0 0 1
    outer loop
      vertex -18.7066 100.536 2.5
      vertex -17.2284 101.148 2.5
      vertex -17.5056 101.667 2.5
    endloop
  endfacet
  facet normal -0 0 1
    outer loop
      vertex -18.6269 99.7269 2.5
      vertex -17.0576 99.4147 2.5
      vertex -18.6 100 2.5
    endloop
  endfacet
  facet normal 0 0 1
    outer loop
      vertex -18.8359 100.778 2.5
      vertex -17.5056 101.667 2.5
      vertex -17.8787 102.121 2.5
    endloop
  endfacet
  facet normal 0 0 1
    outer loop
      vertex -17.0576 99.4147 2.5
      vertex -18.6269 99.7269 2.5
      vertex -17.2284 98.852 2.5
    endloop
  endfacet
  facet normal 0 0 1
    outer loop
      vertex -19.0101 100.99 2.5
      vertex -17.8787 102.121 2.5
      vertex -18.3333 102.494 2.5
    endloop
  endfacet
  facet normal -0 0 1
    outer loop
      vertex -18.7066 99.4642 2.5
      vertex -17.2284 98.852 2.5
      vertex -18.6269 99.7269 2.5
    endloop
  endfacet
  facet normal 0 0 1
    outer loop
      vertex -17.2284 98.852 2.5
      vertex -18.7066 99.4642 2.5
      vertex -17.5056 98.3333 2.5
    endloop
  endfacet
  facet normal 0 0 1
    outer loop
      vertex -17.0576 100.585 2.5
      vertex -18.6269 100.273 2.5
      vertex -18.6 100 2.5
    endloop
  endfacet
  facet normal 0 0 1
    outer loop
      vertex -17.2284 101.148 2.5
      vertex -18.7066 100.536 2.5
      vertex -18.6269 100.273 2.5
    endloop
  endfacet
  facet normal 0 0 1
    outer loop
      vertex -17.5056 101.667 2.5
      vertex -18.8359 100.778 2.5
      vertex -18.7066 100.536 2.5
    endloop
  endfacet
  facet normal 0 0 1
    outer loop
      vertex -19.2222 101.164 2.5
      vertex -18.3333 102.494 2.5
      vertex -18.852 102.772 2.5
    endloop
  endfacet
  facet normal 0 0 1
    outer loop
      vertex -17.8787 102.121 2.5
      vertex -19.0101 100.99 2.5
      vertex -18.8359 100.778 2.5
    endloop
  endfacet
  facet normal 0 0 1
    outer loop
      vertex -18.3333 102.494 2.5
      vertex -19.2222 101.164 2.5
      vertex -19.0101 100.99 2.5
    endloop
  endfacet
  facet normal 0 0 1
    outer loop
      vertex -19.4642 101.293 2.5
      vertex -18.852 102.772 2.5
      vertex -19.4147 102.942 2.5
    endloop
  endfacet
  facet normal 0 0 1
    outer loop
      vertex -18.852 102.772 2.5
      vertex -19.4642 101.293 2.5
      vertex -19.2222 101.164 2.5
    endloop
  endfacet
  facet normal 0 0 1
    outer loop
      vertex -19.4147 102.942 2.5
      vertex -19.7269 101.373 2.5
      vertex -19.4642 101.293 2.5
    endloop
  endfacet
  facet normal 0 0 1
    outer loop
      vertex -20 103 2.5
      vertex -19.7269 101.373 2.5
      vertex -19.4147 102.942 2.5
    endloop
  endfacet
  facet normal 0 0 1
    outer loop
      vertex -20 103 2.5
      vertex -20 101.4 2.5
      vertex -19.7269 101.373 2.5
    endloop
  endfacet
  facet normal 0 0 1
    outer loop
      vertex -20 103 2.5
      vertex -20.2731 101.373 2.5
      vertex -20 101.4 2.5
    endloop
  endfacet
  facet normal -0 0 1
    outer loop
      vertex -20.5853 102.942 2.5
      vertex -20.2731 101.373 2.5
      vertex -20 103 2.5
    endloop
  endfacet
  facet normal 0 0 1
    outer loop
      vertex -20.2731 101.373 2.5
      vertex -20.5853 102.942 2.5
      vertex -20.5358 101.293 2.5
    endloop
  endfacet
  facet normal -0 0 1
    outer loop
      vertex -21.148 102.772 2.5
      vertex -20.5358 101.293 2.5
      vertex -20.5853 102.942 2.5
    endloop
  endfacet
  facet normal 0 0 1
    outer loop
      vertex -20.5358 101.293 2.5
      vertex -21.148 102.772 2.5
      vertex -20.7778 101.164 2.5
    endloop
  endfacet
  facet normal -0 0 1
    outer loop
      vertex -21.6667 102.494 2.5
      vertex -20.7778 101.164 2.5
      vertex -21.148 102.772 2.5
    endloop
  endfacet
  facet normal 0 0 1
    outer loop
      vertex -20.7778 101.164 2.5
      vertex -21.6667 102.494 2.5
      vertex -20.9899 100.99 2.5
    endloop
  endfacet
  facet normal -0 0 1
    outer loop
      vertex -22.1213 102.121 2.5
      vertex -20.9899 100.99 2.5
      vertex -21.6667 102.494 2.5
    endloop
  endfacet
  facet normal 0 0 1
    outer loop
      vertex -20.9899 100.99 2.5
      vertex -22.1213 102.121 2.5
      vertex -21.1641 100.778 2.5
    endloop
  endfacet
  facet normal -0 0 1
    outer loop
      vertex -22.4944 101.667 2.5
      vertex -21.1641 100.778 2.5
      vertex -22.1213 102.121 2.5
    endloop
  endfacet
  facet normal 0 0 1
    outer loop
      vertex -21.1641 100.778 2.5
      vertex -22.4944 101.667 2.5
      vertex -21.2934 100.536 2.5
    endloop
  endfacet
  facet normal -0 0 1
    outer loop
      vertex -18.8359 99.2222 2.5
      vertex -17.5056 98.3333 2.5
      vertex -18.7066 99.4642 2.5
    endloop
  endfacet
  facet normal 0 0 1
    outer loop
      vertex -17.5056 98.3333 2.5
      vertex -18.8359 99.2222 2.5
      vertex -17.8787 97.8787 2.5
    endloop
  endfacet
  facet normal -0 0 1
    outer loop
      vertex -19.0101 99.01 2.5
      vertex -17.8787 97.8787 2.5
      vertex -18.8359 99.2222 2.5
    endloop
  endfacet
  facet normal 0 0 1
    outer loop
      vertex -17.8787 97.8787 2.5
      vertex -19.0101 99.01 2.5
      vertex -18.3333 97.5056 2.5
    endloop
  endfacet
  facet normal -0 0 1
    outer loop
      vertex -19.2222 98.8359 2.5
      vertex -18.3333 97.5056 2.5
      vertex -19.0101 99.01 2.5
    endloop
  endfacet
  facet normal 0 0 1
    outer loop
      vertex -18.3333 97.5056 2.5
      vertex -19.2222 98.8359 2.5
      vertex -18.852 97.2284 2.5
    endloop
  endfacet
  facet normal -0 0 1
    outer loop
      vertex -19.4642 98.7066 2.5
      vertex -18.852 97.2284 2.5
      vertex -19.2222 98.8359 2.5
    endloop
  endfacet
  facet normal 0 0 1
    outer loop
      vertex -18.852 97.2284 2.5
      vertex -19.4642 98.7066 2.5
      vertex -19.4147 97.0576 2.5
    endloop
  endfacet
  facet normal -0 0 1
    outer loop
      vertex -19.7269 98.6269 2.5
      vertex -19.4147 97.0576 2.5
      vertex -19.4642 98.7066 2.5
    endloop
  endfacet
  facet normal -0 0 1
    outer loop
      vertex -20 98.6 2.5
      vertex -19.4147 97.0576 2.5
      vertex -19.7269 98.6269 2.5
    endloop
  endfacet
  facet normal 0 0 1
    outer loop
      vertex -20 98.6 2.5
      vertex -20 97 2.5
      vertex -19.4147 97.0576 2.5
    endloop
  endfacet
  facet normal 0 0 1
    outer loop
      vertex -20.2731 98.6269 2.5
      vertex -20 97 2.5
      vertex -20 98.6 2.5
    endloop
  endfacet
  facet normal 0 0 1
    outer loop
      vertex -20.5853 97.0576 2.5
      vertex -20.2731 98.6269 2.5
      vertex -20.5358 98.7066 2.5
    endloop
  endfacet
  facet normal 0 0 1
    outer loop
      vertex -20.2731 98.6269 2.5
      vertex -20.5853 97.0576 2.5
      vertex -20 97 2.5
    endloop
  endfacet
  facet normal 0 0 1
    outer loop
      vertex -21.148 97.2284 2.5
      vertex -20.5358 98.7066 2.5
      vertex -20.7778 98.8359 2.5
    endloop
  endfacet
  facet normal 0 0 1
    outer loop
      vertex -21.6667 97.5056 2.5
      vertex -20.7778 98.8359 2.5
      vertex -20.9899 99.01 2.5
    endloop
  endfacet
  facet normal 0 0 1
    outer loop
      vertex -20.5358 98.7066 2.5
      vertex -21.148 97.2284 2.5
      vertex -20.5853 97.0576 2.5
    endloop
  endfacet
  facet normal 0 0 1
    outer loop
      vertex -22.1213 97.8787 2.5
      vertex -20.9899 99.01 2.5
      vertex -21.1641 99.2222 2.5
    endloop
  endfacet
  facet normal 0 0 1
    outer loop
      vertex -22.4944 98.3333 2.5
      vertex -21.1641 99.2222 2.5
      vertex -21.2934 99.4642 2.5
    endloop
  endfacet
  facet normal 0 0 1
    outer loop
      vertex -22.7716 98.852 2.5
      vertex -21.2934 99.4642 2.5
      vertex -21.3731 99.7269 2.5
    endloop
  endfacet
  facet normal 0 0 1
    outer loop
      vertex -22.9424 99.4147 2.5
      vertex -21.3731 99.7269 2.5
      vertex -21.4 100 2.5
    endloop
  endfacet
  facet normal -0 0 1
    outer loop
      vertex -22.7716 101.148 2.5
      vertex -21.2934 100.536 2.5
      vertex -22.4944 101.667 2.5
    endloop
  endfacet
  facet normal 0 0 1
    outer loop
      vertex -20.7778 98.8359 2.5
      vertex -21.6667 97.5056 2.5
      vertex -21.148 97.2284 2.5
    endloop
  endfacet
  facet normal 0 0 1
    outer loop
      vertex -21.2934 100.536 2.5
      vertex -22.7716 101.148 2.5
      vertex -21.3731 100.273 2.5
    endloop
  endfacet
  facet normal 0 0 1
    outer loop
      vertex -20.9899 99.01 2.5
      vertex -22.1213 97.8787 2.5
      vertex -21.6667 97.5056 2.5
    endloop
  endfacet
  facet normal -0 0 1
    outer loop
      vertex -22.9424 100.585 2.5
      vertex -21.3731 100.273 2.5
      vertex -22.7716 101.148 2.5
    endloop
  endfacet
  facet normal 0 0 1
    outer loop
      vertex -21.1641 99.2222 2.5
      vertex -22.4944 98.3333 2.5
      vertex -22.1213 97.8787 2.5
    endloop
  endfacet
  facet normal 0 0 1
    outer loop
      vertex -21.3731 100.273 2.5
      vertex -22.9424 100.585 2.5
      vertex -21.4 100 2.5
    endloop
  endfacet
  facet normal 0 0 1
    outer loop
      vertex -21.2934 99.4642 2.5
      vertex -22.7716 98.852 2.5
      vertex -22.4944 98.3333 2.5
    endloop
  endfacet
  facet normal 0 0 1
    outer loop
      vertex -23 100 2.5
      vertex -21.4 100 2.5
      vertex -22.9424 100.585 2.5
    endloop
  endfacet
  facet normal 0 0 1
    outer loop
      vertex -21.3731 99.7269 2.5
      vertex -22.9424 99.4147 2.5
      vertex -22.7716 98.852 2.5
    endloop
  endfacet
  facet normal 0 0 1
    outer loop
      vertex -21.4 100 2.5
      vertex -23 100 2.5
      vertex -22.9424 99.4147 2.5
    endloop
  endfacet
  facet normal -0.881957 -0.471329 0
    outer loop
      vertex -22.4944 98.3333 0
      vertex -22.7716 98.852 2.5
      vertex -22.7716 98.852 0
    endloop
  endfacet
  facet normal -0.881957 -0.471329 0
    outer loop
      vertex -22.7716 98.852 2.5
      vertex -22.4944 98.3333 0
      vertex -22.4944 98.3333 2.5
    endloop
  endfacet
  facet normal 0.289205 0.957267 -0
    outer loop
      vertex -18.852 102.772 0
      vertex -19.4147 102.942 2.5
      vertex -18.852 102.772 2.5
    endloop
  endfacet
  facet normal 0.289205 0.957267 0
    outer loop
      vertex -19.4147 102.942 2.5
      vertex -18.852 102.772 0
      vertex -19.4147 102.942 0
    endloop
  endfacet
  facet normal 0 0 -1
    outer loop
      vertex -17.0576 99.4147 0
      vertex -17.0576 100.585 0
      vertex -17 100 0
    endloop
  endfacet
  facet normal 0 0 -1
    outer loop
      vertex -17.2284 98.852 0
      vertex -17.0576 100.585 0
      vertex -17.0576 99.4147 0
    endloop
  endfacet
  facet normal 0 0 -1
    outer loop
      vertex -17.2284 98.852 0
      vertex -17.2284 101.148 0
      vertex -17.0576 100.585 0
    endloop
  endfacet
  facet normal 0 0 -1
    outer loop
      vertex -17.5056 98.3333 0
      vertex -17.2284 101.148 0
      vertex -17.2284 98.852 0
    endloop
  endfacet
  facet normal 0 0 -1
    outer loop
      vertex -17.5056 98.3333 0
      vertex -17.5056 101.667 0
      vertex -17.2284 101.148 0
    endloop
  endfacet
  facet normal 0 0 -1
    outer loop
      vertex -17.8787 97.8787 0
      vertex -17.5056 101.667 0
      vertex -17.5056 98.3333 0
    endloop
  endfacet
  facet normal 0 0 -1
    outer loop
      vertex -17.8787 97.8787 0
      vertex -17.8787 102.121 0
      vertex -17.5056 101.667 0
    endloop
  endfacet
  facet normal 0 0 -1
    outer loop
      vertex -18.3333 97.5056 0
      vertex -17.8787 102.121 0
      vertex -17.8787 97.8787 0
    endloop
  endfacet
  facet normal 0 0 -1
    outer loop
      vertex -18.3333 97.5056 0
      vertex -18.3333 102.494 0
      vertex -17.8787 102.121 0
    endloop
  endfacet
  facet normal 0 0 -1
    outer loop
      vertex -18.852 97.2284 0
      vertex -18.3333 102.494 0
      vertex -18.3333 97.5056 0
    endloop
  endfacet
  facet normal 0 0 -1
    outer loop
      vertex -18.852 97.2284 0
      vertex -18.852 102.772 0
      vertex -18.3333 102.494 0
    endloop
  endfacet
  facet normal 0 0 -1
    outer loop
      vertex -19.4147 97.0576 0
      vertex -18.852 102.772 0
      vertex -18.852 97.2284 0
    endloop
  endfacet
  facet normal 0 0 -1
    outer loop
      vertex -19.4147 97.0576 0
      vertex -19.4147 102.942 0
      vertex -18.852 102.772 0
    endloop
  endfacet
  facet normal 0 0 -1
    outer loop
      vertex -20 97 0
      vertex -19.4147 102.942 0
      vertex -19.4147 97.0576 0
    endloop
  endfacet
  facet normal 0 0 -1
    outer loop
      vertex -20 97 0
      vertex -20 103 0
      vertex -19.4147 102.942 0
    endloop
  endfacet
  facet normal 0 0 -1
    outer loop
      vertex -20.5853 97.0576 0
      vertex -20 103 0
      vertex -20 97 0
    endloop
  endfacet
  facet normal 0 0 -1
    outer loop
      vertex -20.5853 97.0576 0
      vertex -20.5853 102.942 0
      vertex -20 103 0
    endloop
  endfacet
  facet normal 0 0 -1
    outer loop
      vertex -21.148 97.2284 0
      vertex -20.5853 102.942 0
      vertex -20.5853 97.0576 0
    endloop
  endfacet
  facet normal 0 0 -1
    outer loop
      vertex -21.148 97.2284 0
      vertex -21.148 102.772 0
      vertex -20.5853 102.942 0
    endloop
  endfacet
  facet normal 0 0 -1
    outer loop
      vertex -21.6667 97.5056 0
      vertex -21.148 102.772 0
      vertex -21.148 97.2284 0
    endloop
  endfacet
  facet normal 0 0 -1
    outer loop
      vertex -21.6667 97.5056 0
      vertex -21.6667 102.494 0
      vertex -21.148 102.772 0
    endloop
  endfacet
  facet normal 0 0 -1
    outer loop
      vertex -22.1213 97.8787 0
      vertex -21.6667 102.494 0
      vertex -21.6667 97.5056 0
    endloop
  endfacet
  facet normal 0 0 -1
    outer loop
      vertex -22.1213 97.8787 0
      vertex -22.1213 102.121 0
      vertex -21.6667 102.494 0
    endloop
  endfacet
  facet normal 0 0 -1
    outer loop
      vertex -22.4944 98.3333 0
      vertex -22.1213 102.121 0
      vertex -22.1213 97.8787 0
    endloop
  endfacet
  facet normal 0 0 -1
    outer loop
      vertex -22.4944 98.3333 0
      vertex -22.4944 101.667 0
      vertex -22.1213 102.121 0
    endloop
  endfacet
  facet normal 0 0 -1
    outer loop
      vertex -22.7716 98.852 0
      vertex -22.4944 101.667 0
      vertex -22.4944 98.3333 0
    endloop
  endfacet
  facet normal 0 0 -1
    outer loop
      vertex -22.7716 98.852 0
      vertex -22.7716 101.148 0
      vertex -22.4944 101.667 0
    endloop
  endfacet
  facet normal 0 0 -1
    outer loop
      vertex -22.9424 99.4147 0
      vertex -22.7716 101.148 0
      vertex -22.7716 98.852 0
    endloop
  endfacet
  facet normal 0 0 -1
    outer loop
      vertex -22.9424 99.4147 0
      vertex -22.9424 100.585 0
      vertex -22.7716 101.148 0
    endloop
  endfacet
  facet normal 0 -0 -1
    outer loop
      vertex -22.9424 100.585 0
      vertex -22.9424 99.4147 0
      vertex -23 100 0
    endloop
  endfacet
  facet normal -0.289205 0.957267 0
    outer loop
      vertex -20.5853 102.942 0
      vertex -21.148 102.772 2.5
      vertex -20.5853 102.942 2.5
    endloop
  endfacet
  facet normal -0.289205 0.957267 0
    outer loop
      vertex -21.148 102.772 2.5
      vertex -20.5853 102.942 0
      vertex -21.148 102.772 0
    endloop
  endfacet
  facet normal 0.956933 0.290309 0
    outer loop
      vertex -17.0576 100.585 2.5
      vertex -17.2284 101.148 0
      vertex -17.2284 101.148 2.5
    endloop
  endfacet
  facet normal 0.956933 0.290309 0
    outer loop
      vertex -17.2284 101.148 0
      vertex -17.0576 100.585 2.5
      vertex -17.0576 100.585 0
    endloop
  endfacet
  facet normal 0.772994 -0.634413 0
    outer loop
      vertex -17.8787 97.8787 2.5
      vertex -17.5056 98.3333 0
      vertex -17.5056 98.3333 2.5
    endloop
  endfacet
  facet normal 0.772994 -0.634413 0
    outer loop
      vertex -17.5056 98.3333 0
      vertex -17.8787 97.8787 2.5
      vertex -17.8787 97.8787 0
    endloop
  endfacet
  facet normal -0.995193 -0.097938 0
    outer loop
      vertex -22.9424 99.4147 0
      vertex -23 100 2.5
      vertex -23 100 0
    endloop
  endfacet
  facet normal -0.995193 -0.097938 0
    outer loop
      vertex -23 100 2.5
      vertex -22.9424 99.4147 0
      vertex -22.9424 99.4147 2.5
    endloop
  endfacet
  facet normal 0.634311 0.773078 -0
    outer loop
      vertex -17.8787 102.121 0
      vertex -18.3333 102.494 2.5
      vertex -17.8787 102.121 2.5
    endloop
  endfacet
  facet normal 0.634311 0.773078 0
    outer loop
      vertex -18.3333 102.494 2.5
      vertex -17.8787 102.121 0
      vertex -18.3333 102.494 0
    endloop
  endfacet
  facet normal -0.634311 0.773078 0
    outer loop
      vertex -21.6667 102.494 0
      vertex -22.1213 102.121 2.5
      vertex -21.6667 102.494 2.5
    endloop
  endfacet
  facet normal -0.634311 0.773078 0
    outer loop
      vertex -22.1213 102.121 2.5
      vertex -21.6667 102.494 0
      vertex -22.1213 102.121 0
    endloop
  endfacet
  facet normal -0.097938 -0.995193 0
    outer loop
      vertex -20.5853 97.0576 0
      vertex -20 97 2.5
      vertex -20.5853 97.0576 2.5
    endloop
  endfacet
  facet normal -0.097938 -0.995193 -0
    outer loop
      vertex -20 97 2.5
      vertex -20.5853 97.0576 0
      vertex -20 97 0
    endloop
  endfacet
  facet normal 0.882071 0.471117 0
    outer loop
      vertex -17.2284 101.148 2.5
      vertex -17.5056 101.667 0
      vertex -17.5056 101.667 2.5
    endloop
  endfacet
  facet normal 0.882071 0.471117 0
    outer loop
      vertex -17.5056 101.667 0
      vertex -17.2284 101.148 2.5
      vertex -17.2284 101.148 0
    endloop
  endfacet
  facet normal -0.956933 0.290309 0
    outer loop
      vertex -22.9424 100.585 0
      vertex -22.7716 101.148 2.5
      vertex -22.7716 101.148 0
    endloop
  endfacet
  facet normal -0.956933 0.290309 0
    outer loop
      vertex -22.7716 101.148 2.5
      vertex -22.9424 100.585 0
      vertex -22.9424 100.585 2.5
    endloop
  endfacet
  facet normal -0.995188 0.0979877 0
    outer loop
      vertex -23 100 0
      vertex -22.9424 100.585 2.5
      vertex -22.9424 100.585 0
    endloop
  endfacet
  facet normal -0.995188 0.0979877 0
    outer loop
      vertex -22.9424 100.585 2.5
      vertex -23 100 0
      vertex -23 100 2.5
    endloop
  endfacet
  facet normal -0.772583 0.634914 0
    outer loop
      vertex -22.4944 101.667 0
      vertex -22.1213 102.121 2.5
      vertex -22.1213 102.121 0
    endloop
  endfacet
  facet normal -0.772583 0.634914 0
    outer loop
      vertex -22.1213 102.121 2.5
      vertex -22.4944 101.667 0
      vertex -22.4944 101.667 2.5
    endloop
  endfacet
  facet normal -0.772994 -0.634413 0
    outer loop
      vertex -22.1213 97.8787 0
      vertex -22.4944 98.3333 2.5
      vertex -22.4944 98.3333 0
    endloop
  endfacet
  facet normal -0.772994 -0.634413 0
    outer loop
      vertex -22.4944 98.3333 2.5
      vertex -22.1213 97.8787 0
      vertex -22.1213 97.8787 2.5
    endloop
  endfacet
  facet normal -0.95689 -0.290451 0
    outer loop
      vertex -22.7716 98.852 0
      vertex -22.9424 99.4147 2.5
      vertex -22.9424 99.4147 0
    endloop
  endfacet
  facet normal -0.95689 -0.290451 0
    outer loop
      vertex -22.9424 99.4147 2.5
      vertex -22.7716 98.852 0
      vertex -22.7716 98.852 2.5
    endloop
  endfacet
  facet normal -0.472386 0.881392 0
    outer loop
      vertex -21.148 102.772 0
      vertex -21.6667 102.494 2.5
      vertex -21.148 102.772 2.5
    endloop
  endfacet
  facet normal -0.472386 0.881392 0
    outer loop
      vertex -21.6667 102.494 2.5
      vertex -21.148 102.772 0
      vertex -21.6667 102.494 0
    endloop
  endfacet
  facet normal -0.956929 0.290321 0
    outer loop
      vertex -18.7066 99.4642 0.5
      vertex -18.6269 99.7269 2.5
      vertex -18.6269 99.7269 0.5
    endloop
  endfacet
  facet normal -0.956929 0.290321 0
    outer loop
      vertex -18.6269 99.7269 2.5
      vertex -18.7066 99.4642 0.5
      vertex -18.7066 99.4642 2.5
    endloop
  endfacet
  facet normal -0.995184 0.0980244 0
    outer loop
      vertex -18.6269 99.7269 0.5
      vertex -18.6 100 2.5
      vertex -18.6 100 0.5
    endloop
  endfacet
  facet normal -0.995184 0.0980244 0
    outer loop
      vertex -18.6 100 2.5
      vertex -18.6269 99.7269 0.5
      vertex -18.6269 99.7269 2.5
    endloop
  endfacet
  facet normal -0.882 0.47125 0
    outer loop
      vertex -18.8359 99.2222 0.5
      vertex -18.7066 99.4642 2.5
      vertex -18.7066 99.4642 0.5
    endloop
  endfacet
  facet normal -0.882 0.47125 0
    outer loop
      vertex -18.7066 99.4642 2.5
      vertex -18.8359 99.2222 0.5
      vertex -18.8359 99.2222 2.5
    endloop
  endfacet
  facet normal 0.0980244 0.995184 -0
    outer loop
      vertex -20 98.6 0.5
      vertex -20.2731 98.6269 2.5
      vertex -20 98.6 2.5
    endloop
  endfacet
  facet normal 0.0980244 0.995184 0
    outer loop
      vertex -20.2731 98.6269 2.5
      vertex -20 98.6 0.5
      vertex -20.2731 98.6269 0.5
    endloop
  endfacet
  facet normal -0.995181 -0.0980599 0
    outer loop
      vertex -18.6 100 0.5
      vertex -18.6269 100.273 2.5
      vertex -18.6269 100.273 0.5
    endloop
  endfacet
  facet normal -0.995181 -0.0980599 0
    outer loop
      vertex -18.6269 100.273 2.5
      vertex -18.6 100 0.5
      vertex -18.6 100 2.5
    endloop
  endfacet
  facet normal 0.470399 -0.882454 0
    outer loop
      vertex -20.7778 101.164 0.5
      vertex -20.5358 101.293 2.5
      vertex -20.7778 101.164 2.5
    endloop
  endfacet
  facet normal 0.470399 -0.882454 0
    outer loop
      vertex -20.5358 101.293 2.5
      vertex -20.7778 101.164 0.5
      vertex -20.5358 101.293 0.5
    endloop
  endfacet
  facet normal -0.63425 -0.773128 0
    outer loop
      vertex -19.2222 101.164 0.5
      vertex -19.0101 100.99 2.5
      vertex -19.2222 101.164 2.5
    endloop
  endfacet
  facet normal -0.63425 -0.773128 -0
    outer loop
      vertex -19.0101 100.99 2.5
      vertex -19.2222 101.164 0.5
      vertex -19.0101 100.99 0.5
    endloop
  endfacet
  facet normal -0.772918 0.634506 0
    outer loop
      vertex -19.0101 99.01 0.5
      vertex -18.8359 99.2222 2.5
      vertex -18.8359 99.2222 0.5
    endloop
  endfacet
  facet normal -0.772918 0.634506 0
    outer loop
      vertex -18.8359 99.2222 2.5
      vertex -19.0101 99.01 0.5
      vertex -19.0101 99.01 2.5
    endloop
  endfacet
  facet normal -0.957021 -0.290017 0
    outer loop
      vertex -18.6269 100.273 0.5
      vertex -18.7066 100.536 2.5
      vertex -18.7066 100.536 0.5
    endloop
  endfacet
  facet normal -0.957021 -0.290017 0
    outer loop
      vertex -18.7066 100.536 2.5
      vertex -18.6269 100.273 0.5
      vertex -18.6269 100.273 2.5
    endloop
  endfacet
  facet normal 0.772624 -0.634864 0
    outer loop
      vertex -21.1641 100.778 2.5
      vertex -20.9899 100.99 0.5
      vertex -20.9899 100.99 2.5
    endloop
  endfacet
  facet normal 0.772624 -0.634864 0
    outer loop
      vertex -20.9899 100.99 0.5
      vertex -21.1641 100.778 2.5
      vertex -21.1641 100.778 0.5
    endloop
  endfacet
  facet normal 0.634467 0.77295 -0
    outer loop
      vertex -20.7778 98.8359 0.5
      vertex -20.9899 99.01 2.5
      vertex -20.7778 98.8359 2.5
    endloop
  endfacet
  facet normal 0.634467 0.77295 0
    outer loop
      vertex -20.9899 99.01 2.5
      vertex -20.7778 98.8359 0.5
      vertex -20.9899 99.01 0.5
    endloop
  endfacet
  facet normal 0.47125 0.882 -0
    outer loop
      vertex -20.5358 98.7066 0.5
      vertex -20.7778 98.8359 2.5
      vertex -20.5358 98.7066 2.5
    endloop
  endfacet
  facet normal 0.47125 0.882 0
    outer loop
      vertex -20.7778 98.8359 2.5
      vertex -20.5358 98.7066 0.5
      vertex -20.7778 98.8359 0.5
    endloop
  endfacet
  facet normal -0.47125 0.882 0
    outer loop
      vertex -19.2222 98.8359 0.5
      vertex -19.4642 98.7066 2.5
      vertex -19.2222 98.8359 2.5
    endloop
  endfacet
  facet normal -0.47125 0.882 0
    outer loop
      vertex -19.4642 98.7066 2.5
      vertex -19.2222 98.8359 0.5
      vertex -19.4642 98.7066 0.5
    endloop
  endfacet
  facet normal 0.290321 0.956929 -0
    outer loop
      vertex -20.2731 98.6269 0.5
      vertex -20.5358 98.7066 2.5
      vertex -20.2731 98.6269 2.5
    endloop
  endfacet
  facet normal 0.290321 0.956929 0
    outer loop
      vertex -20.5358 98.7066 2.5
      vertex -20.2731 98.6269 0.5
      vertex -20.5358 98.7066 0.5
    endloop
  endfacet
  facet normal 0.882 -0.47125 0
    outer loop
      vertex -21.2934 100.536 2.5
      vertex -21.1641 100.778 0.5
      vertex -21.1641 100.778 2.5
    endloop
  endfacet
  facet normal 0.882 -0.47125 0
    outer loop
      vertex -21.1641 100.778 0.5
      vertex -21.2934 100.536 2.5
      vertex -21.2934 100.536 0.5
    endloop
  endfacet
  facet normal 0.63425 -0.773128 0
    outer loop
      vertex -20.9899 100.99 0.5
      vertex -20.7778 101.164 2.5
      vertex -20.9899 100.99 2.5
    endloop
  endfacet
  facet normal 0.63425 -0.773128 0
    outer loop
      vertex -20.7778 101.164 2.5
      vertex -20.9899 100.99 0.5
      vertex -20.7778 101.164 0.5
    endloop
  endfacet
  facet normal -0.772624 -0.634864 0
    outer loop
      vertex -18.8359 100.778 0.5
      vertex -19.0101 100.99 2.5
      vertex -19.0101 100.99 0.5
    endloop
  endfacet
  facet normal -0.772624 -0.634864 0
    outer loop
      vertex -19.0101 100.99 2.5
      vertex -18.8359 100.778 0.5
      vertex -18.8359 100.778 2.5
    endloop
  endfacet
  facet normal -0.290321 0.956929 0
    outer loop
      vertex -19.4642 98.7066 0.5
      vertex -19.7269 98.6269 2.5
      vertex -19.4642 98.7066 2.5
    endloop
  endfacet
  facet normal -0.290321 0.956929 0
    outer loop
      vertex -19.7269 98.6269 2.5
      vertex -19.4642 98.7066 0.5
      vertex -19.7269 98.6269 0.5
    endloop
  endfacet
  facet normal -0.0980244 0.995184 0
    outer loop
      vertex -19.7269 98.6269 0.5
      vertex -20 98.6 2.5
      vertex -19.7269 98.6269 2.5
    endloop
  endfacet
  facet normal -0.0980244 0.995184 0
    outer loop
      vertex -20 98.6 2.5
      vertex -19.7269 98.6269 0.5
      vertex -20 98.6 0.5
    endloop
  endfacet
  facet normal -0.291321 -0.956625 0
    outer loop
      vertex -19.7269 101.373 0.5
      vertex -19.4642 101.293 2.5
      vertex -19.7269 101.373 2.5
    endloop
  endfacet
  facet normal -0.291321 -0.956625 -0
    outer loop
      vertex -19.4642 101.293 2.5
      vertex -19.7269 101.373 0.5
      vertex -19.4642 101.293 0.5
    endloop
  endfacet
  facet normal 0.956929 0.290321 0
    outer loop
      vertex -21.2934 99.4642 2.5
      vertex -21.3731 99.7269 0.5
      vertex -21.3731 99.7269 2.5
    endloop
  endfacet
  facet normal 0.956929 0.290321 0
    outer loop
      vertex -21.3731 99.7269 0.5
      vertex -21.2934 99.4642 2.5
      vertex -21.2934 99.4642 0.5
    endloop
  endfacet
  facet normal -0.470399 -0.882454 0
    outer loop
      vertex -19.4642 101.293 0.5
      vertex -19.2222 101.164 2.5
      vertex -19.4642 101.293 2.5
    endloop
  endfacet
  facet normal -0.470399 -0.882454 -0
    outer loop
      vertex -19.2222 101.164 2.5
      vertex -19.4642 101.293 0.5
      vertex -19.2222 101.164 0.5
    endloop
  endfacet
  facet normal 0.882 0.47125 0
    outer loop
      vertex -21.1641 99.2222 2.5
      vertex -21.2934 99.4642 0.5
      vertex -21.2934 99.4642 2.5
    endloop
  endfacet
  facet normal 0.882 0.47125 0
    outer loop
      vertex -21.2934 99.4642 0.5
      vertex -21.1641 99.2222 2.5
      vertex -21.1641 99.2222 0.5
    endloop
  endfacet
  facet normal -0.882 -0.47125 0
    outer loop
      vertex -18.7066 100.536 0.5
      vertex -18.8359 100.778 2.5
      vertex -18.8359 100.778 0.5
    endloop
  endfacet
  facet normal -0.882 -0.47125 0
    outer loop
      vertex -18.8359 100.778 2.5
      vertex -18.7066 100.536 0.5
      vertex -18.7066 100.536 2.5
    endloop
  endfacet
  facet normal -0.634467 0.77295 0
    outer loop
      vertex -19.0101 99.01 0.5
      vertex -19.2222 98.8359 2.5
      vertex -19.0101 99.01 2.5
    endloop
  endfacet
  facet normal -0.634467 0.77295 0
    outer loop
      vertex -19.2222 98.8359 2.5
      vertex -19.0101 99.01 0.5
      vertex -19.2222 98.8359 0.5
    endloop
  endfacet
  facet normal 0.995184 0.0980244 0
    outer loop
      vertex -21.3731 99.7269 2.5
      vertex -21.4 100 0.5
      vertex -21.4 100 2.5
    endloop
  endfacet
  facet normal 0.995184 0.0980244 0
    outer loop
      vertex -21.4 100 0.5
      vertex -21.3731 99.7269 2.5
      vertex -21.3731 99.7269 0.5
    endloop
  endfacet
  facet normal -0.0983852 -0.995148 0
    outer loop
      vertex -20 101.4 0.5
      vertex -19.7269 101.373 2.5
      vertex -20 101.4 2.5
    endloop
  endfacet
  facet normal -0.0983852 -0.995148 -0
    outer loop
      vertex -19.7269 101.373 2.5
      vertex -20 101.4 0.5
      vertex -19.7269 101.373 0.5
    endloop
  endfacet
  facet normal 0 0 1
    outer loop
      vertex -18.6269 100.273 0.5
      vertex -18.6269 99.7269 0.5
      vertex -18.6 100 0.5
    endloop
  endfacet
  facet normal 0 0 1
    outer loop
      vertex -18.7066 100.536 0.5
      vertex -18.6269 99.7269 0.5
      vertex -18.6269 100.273 0.5
    endloop
  endfacet
  facet normal 0 0 1
    outer loop
      vertex -18.7066 100.536 0.5
      vertex -18.7066 99.4642 0.5
      vertex -18.6269 99.7269 0.5
    endloop
  endfacet
  facet normal 0 0 1
    outer loop
      vertex -18.8359 100.778 0.5
      vertex -18.7066 99.4642 0.5
      vertex -18.7066 100.536 0.5
    endloop
  endfacet
  facet normal 0 0 1
    outer loop
      vertex -18.8359 100.778 0.5
      vertex -18.8359 99.2222 0.5
      vertex -18.7066 99.4642 0.5
    endloop
  endfacet
  facet normal 0 0 1
    outer loop
      vertex -19.0101 100.99 0.5
      vertex -18.8359 99.2222 0.5
      vertex -18.8359 100.778 0.5
    endloop
  endfacet
  facet normal 0 0 1
    outer loop
      vertex -19.0101 100.99 0.5
      vertex -19.0101 99.01 0.5
      vertex -18.8359 99.2222 0.5
    endloop
  endfacet
  facet normal 0 0 1
    outer loop
      vertex -19.2222 101.164 0.5
      vertex -19.0101 99.01 0.5
      vertex -19.0101 100.99 0.5
    endloop
  endfacet
  facet normal 0 0 1
    outer loop
      vertex -19.2222 101.164 0.5
      vertex -19.2222 98.8359 0.5
      vertex -19.0101 99.01 0.5
    endloop
  endfacet
  facet normal 0 0 1
    outer loop
      vertex -19.4642 101.293 0.5
      vertex -19.2222 98.8359 0.5
      vertex -19.2222 101.164 0.5
    endloop
  endfacet
  facet normal 0 0 1
    outer loop
      vertex -19.4642 101.293 0.5
      vertex -19.4642 98.7066 0.5
      vertex -19.2222 98.8359 0.5
    endloop
  endfacet
  facet normal 0 0 1
    outer loop
      vertex -19.7269 101.373 0.5
      vertex -19.4642 98.7066 0.5
      vertex -19.4642 101.293 0.5
    endloop
  endfacet
  facet normal 0 0 1
    outer loop
      vertex -19.7269 101.373 0.5
      vertex -19.7269 98.6269 0.5
      vertex -19.4642 98.7066 0.5
    endloop
  endfacet
  facet normal 0 0 1
    outer loop
      vertex -20 101.4 0.5
      vertex -19.7269 98.6269 0.5
      vertex -19.7269 101.373 0.5
    endloop
  endfacet
  facet normal 0 0 1
    outer loop
      vertex -20 101.4 0.5
      vertex -20 98.6 0.5
      vertex -19.7269 98.6269 0.5
    endloop
  endfacet
  facet normal -0 0 1
    outer loop
      vertex -20.2731 101.373 0.5
      vertex -20 98.6 0.5
      vertex -20 101.4 0.5
    endloop
  endfacet
  facet normal 0 0 1
    outer loop
      vertex -20.2731 101.373 0.5
      vertex -20.2731 98.6269 0.5
      vertex -20 98.6 0.5
    endloop
  endfacet
  facet normal -0 0 1
    outer loop
      vertex -20.5358 101.293 0.5
      vertex -20.2731 98.6269 0.5
      vertex -20.2731 101.373 0.5
    endloop
  endfacet
  facet normal 0 0 1
    outer loop
      vertex -20.5358 101.293 0.5
      vertex -20.5358 98.7066 0.5
      vertex -20.2731 98.6269 0.5
    endloop
  endfacet
  facet normal -0 0 1
    outer loop
      vertex -20.7778 101.164 0.5
      vertex -20.5358 98.7066 0.5
      vertex -20.5358 101.293 0.5
    endloop
  endfacet
  facet normal 0 0 1
    outer loop
      vertex -20.7778 101.164 0.5
      vertex -20.7778 98.8359 0.5
      vertex -20.5358 98.7066 0.5
    endloop
  endfacet
  facet normal -0 0 1
    outer loop
      vertex -20.9899 100.99 0.5
      vertex -20.7778 98.8359 0.5
      vertex -20.7778 101.164 0.5
    endloop
  endfacet
  facet normal 0 0 1
    outer loop
      vertex -20.9899 100.99 0.5
      vertex -20.9899 99.01 0.5
      vertex -20.7778 98.8359 0.5
    endloop
  endfacet
  facet normal -0 0 1
    outer loop
      vertex -21.1641 100.778 0.5
      vertex -20.9899 99.01 0.5
      vertex -20.9899 100.99 0.5
    endloop
  endfacet
  facet normal 0 0 1
    outer loop
      vertex -21.1641 100.778 0.5
      vertex -21.1641 99.2222 0.5
      vertex -20.9899 99.01 0.5
    endloop
  endfacet
  facet normal -0 0 1
    outer loop
      vertex -21.2934 100.536 0.5
      vertex -21.1641 99.2222 0.5
      vertex -21.1641 100.778 0.5
    endloop
  endfacet
  facet normal 0 0 1
    outer loop
      vertex -21.2934 100.536 0.5
      vertex -21.2934 99.4642 0.5
      vertex -21.1641 99.2222 0.5
    endloop
  endfacet
  facet normal -0 0 1
    outer loop
      vertex -21.3731 100.273 0.5
      vertex -21.2934 99.4642 0.5
      vertex -21.2934 100.536 0.5
    endloop
  endfacet
  facet normal 0 0 1
    outer loop
      vertex -21.3731 100.273 0.5
      vertex -21.3731 99.7269 0.5
      vertex -21.2934 99.4642 0.5
    endloop
  endfacet
  facet normal 0 -0 1
    outer loop
      vertex -21.3731 99.7269 0.5
      vertex -21.3731 100.273 0.5
      vertex -21.4 100 0.5
    endloop
  endfacet
  facet normal 0.957021 -0.290017 0
    outer loop
      vertex -21.3731 100.273 2.5
      vertex -21.2934 100.536 0.5
      vertex -21.2934 100.536 2.5
    endloop
  endfacet
  facet normal 0.957021 -0.290017 0
    outer loop
      vertex -21.2934 100.536 0.5
      vertex -21.3731 100.273 2.5
      vertex -21.3731 100.273 0.5
    endloop
  endfacet
  facet normal 0.995181 -0.0980599 0
    outer loop
      vertex -21.4 100 2.5
      vertex -21.3731 100.273 0.5
      vertex -21.3731 100.273 2.5
    endloop
  endfacet
  facet normal 0.995181 -0.0980599 0
    outer loop
      vertex -21.3731 100.273 0.5
      vertex -21.4 100 2.5
      vertex -21.4 100 0.5
    endloop
  endfacet
  facet normal 0.0983852 -0.995148 0
    outer loop
      vertex -20.2731 101.373 0.5
      vertex -20 101.4 2.5
      vertex -20.2731 101.373 2.5
    endloop
  endfacet
  facet normal 0.0983852 -0.995148 0
    outer loop
      vertex -20 101.4 2.5
      vertex -20.2731 101.373 0.5
      vertex -20 101.4 0.5
    endloop
  endfacet
  facet normal 0.291321 -0.956625 0
    outer loop
      vertex -20.5358 101.293 0.5
      vertex -20.2731 101.373 2.5
      vertex -20.5358 101.293 2.5
    endloop
  endfacet
  facet normal 0.291321 -0.956625 0
    outer loop
      vertex -20.2731 101.373 2.5
      vertex -20.5358 101.293 0.5
      vertex -20.2731 101.373 0.5
    endloop
  endfacet
  facet normal 0.772918 0.634506 0
    outer loop
      vertex -20.9899 99.01 2.5
      vertex -21.1641 99.2222 0.5
      vertex -21.1641 99.2222 2.5
    endloop
  endfacet
  facet normal 0.772918 0.634506 0
    outer loop
      vertex -21.1641 99.2222 0.5
      vertex -20.9899 99.01 2.5
      vertex -20.9899 99.01 0.5
    endloop
  endfacet
  facet normal 0 0 1
    outer loop
      vertex -36.125 123.875 2
      vertex -38.625 120 2
      vertex -36.125 116.125 2
    endloop
  endfacet
  facet normal 0 0 1
    outer loop
      vertex -36.125 123.875 2
      vertex -38.6514 120.268 2
      vertex -38.625 120 2
    endloop
  endfacet
  facet normal 0 0 1
    outer loop
      vertex -36.125 123.875 2
      vertex -38.7297 120.526 2
      vertex -38.6514 120.268 2
    endloop
  endfacet
  facet normal 0 0 1
    outer loop
      vertex -36.125 123.875 2
      vertex -38.8567 120.764 2
      vertex -38.7297 120.526 2
    endloop
  endfacet
  facet normal 0 0 1
    outer loop
      vertex -36.125 123.875 2
      vertex -39.0277 120.972 2
      vertex -38.8567 120.764 2
    endloop
  endfacet
  facet normal 0 0 1
    outer loop
      vertex -36.125 123.875 2
      vertex -39.2361 121.143 2
      vertex -39.0277 120.972 2
    endloop
  endfacet
  facet normal 0 0 1
    outer loop
      vertex -36.125 123.875 2
      vertex -39.4738 121.27 2
      vertex -39.2361 121.143 2
    endloop
  endfacet
  facet normal 0 0 1
    outer loop
      vertex -36.125 123.875 2
      vertex -39.7318 121.349 2
      vertex -39.4738 121.27 2
    endloop
  endfacet
  facet normal 0 0 1
    outer loop
      vertex -36.125 123.875 2
      vertex -40 121.375 2
      vertex -39.7318 121.349 2
    endloop
  endfacet
  facet normal -0 0 1
    outer loop
      vertex -43.875 123.875 2
      vertex -40 121.375 2
      vertex -36.125 123.875 2
    endloop
  endfacet
  facet normal 0 0 1
    outer loop
      vertex -40 121.375 2
      vertex -43.875 123.875 2
      vertex -40.2682 121.349 2
    endloop
  endfacet
  facet normal 0 0 1
    outer loop
      vertex -40.2682 121.349 2
      vertex -43.875 123.875 2
      vertex -40.5262 121.27 2
    endloop
  endfacet
  facet normal 0 0 1
    outer loop
      vertex -41.3486 120.268 2
      vertex -43.875 123.875 2
      vertex -41.375 120 2
    endloop
  endfacet
  facet normal 0 0 1
    outer loop
      vertex -41.2703 120.526 2
      vertex -43.875 123.875 2
      vertex -41.3486 120.268 2
    endloop
  endfacet
  facet normal 0 0 1
    outer loop
      vertex -41.1433 120.764 2
      vertex -43.875 123.875 2
      vertex -41.2703 120.526 2
    endloop
  endfacet
  facet normal 0 0 1
    outer loop
      vertex -40.9723 120.972 2
      vertex -43.875 123.875 2
      vertex -41.1433 120.764 2
    endloop
  endfacet
  facet normal 0 0 1
    outer loop
      vertex -40.7639 121.143 2
      vertex -43.875 123.875 2
      vertex -40.9723 120.972 2
    endloop
  endfacet
  facet normal 0 0 1
    outer loop
      vertex -40.5262 121.27 2
      vertex -43.875 123.875 2
      vertex -40.7639 121.143 2
    endloop
  endfacet
  facet normal -0 0 1
    outer loop
      vertex -38.6514 119.732 2
      vertex -36.125 116.125 2
      vertex -38.625 120 2
    endloop
  endfacet
  facet normal -0 0 1
    outer loop
      vertex -38.7297 119.474 2
      vertex -36.125 116.125 2
      vertex -38.6514 119.732 2
    endloop
  endfacet
  facet normal -0 0 1
    outer loop
      vertex -38.8567 119.236 2
      vertex -36.125 116.125 2
      vertex -38.7297 119.474 2
    endloop
  endfacet
  facet normal -0 0 1
    outer loop
      vertex -39.0277 119.028 2
      vertex -36.125 116.125 2
      vertex -38.8567 119.236 2
    endloop
  endfacet
  facet normal -0 0 1
    outer loop
      vertex -39.2361 118.857 2
      vertex -36.125 116.125 2
      vertex -39.0277 119.028 2
    endloop
  endfacet
  facet normal -0 0 1
    outer loop
      vertex -39.4738 118.73 2
      vertex -36.125 116.125 2
      vertex -39.2361 118.857 2
    endloop
  endfacet
  facet normal -0 0 1
    outer loop
      vertex -39.7318 118.651 2
      vertex -36.125 116.125 2
      vertex -39.4738 118.73 2
    endloop
  endfacet
  facet normal -0 0 1
    outer loop
      vertex -40 118.625 2
      vertex -36.125 116.125 2
      vertex -39.7318 118.651 2
    endloop
  endfacet
  facet normal 0 0 1
    outer loop
      vertex -43.875 116.125 2
      vertex -40 118.625 2
      vertex -40.2682 118.651 2
    endloop
  endfacet
  facet normal 0 0 1
    outer loop
      vertex -43.875 116.125 2
      vertex -40.2682 118.651 2
      vertex -40.5262 118.73 2
    endloop
  endfacet
  facet normal 0 0 1
    outer loop
      vertex -43.875 116.125 2
      vertex -40.5262 118.73 2
      vertex -40.7639 118.857 2
    endloop
  endfacet
  facet normal 0 0 1
    outer loop
      vertex -43.875 116.125 2
      vertex -41.375 120 2
      vertex -43.875 123.875 2
    endloop
  endfacet
  facet normal 0 0 1
    outer loop
      vertex -41.375 120 2
      vertex -43.875 116.125 2
      vertex -41.3486 119.732 2
    endloop
  endfacet
  facet normal 0 0 1
    outer loop
      vertex -41.3486 119.732 2
      vertex -43.875 116.125 2
      vertex -41.2703 119.474 2
    endloop
  endfacet
  facet normal 0 0 1
    outer loop
      vertex -40 118.625 2
      vertex -43.875 116.125 2
      vertex -36.125 116.125 2
    endloop
  endfacet
  facet normal 0 0 1
    outer loop
      vertex -40.9723 119.028 2
      vertex -43.875 116.125 2
      vertex -40.7639 118.857 2
    endloop
  endfacet
  facet normal 0 0 1
    outer loop
      vertex -41.1433 119.236 2
      vertex -43.875 116.125 2
      vertex -40.9723 119.028 2
    endloop
  endfacet
  facet normal 0 0 1
    outer loop
      vertex -41.2703 119.474 2
      vertex -43.875 116.125 2
      vertex -41.1433 119.236 2
    endloop
  endfacet
  facet normal 1 -0 0
    outer loop
      vertex -36.125 116.125 2
      vertex -36.125 123.875 0
      vertex -36.125 123.875 2
    endloop
  endfacet
  facet normal 1 0 0
    outer loop
      vertex -36.125 123.875 0
      vertex -36.125 116.125 2
      vertex -36.125 116.125 0
    endloop
  endfacet
  facet normal 0 1 -0
    outer loop
      vertex -36.125 123.875 0
      vertex -43.875 123.875 2
      vertex -36.125 123.875 2
    endloop
  endfacet
  facet normal 0 1 0
    outer loop
      vertex -43.875 123.875 2
      vertex -36.125 123.875 0
      vertex -43.875 123.875 0
    endloop
  endfacet
  facet normal 0 0 -1
    outer loop
      vertex -43.875 116.125 0
      vertex -36.125 123.875 0
      vertex -36.125 116.125 0
    endloop
  endfacet
  facet normal -0 0 -1
    outer loop
      vertex -36.125 123.875 0
      vertex -43.875 116.125 0
      vertex -43.875 123.875 0
    endloop
  endfacet
  facet normal -1 0 0
    outer loop
      vertex -43.875 116.125 0
      vertex -43.875 123.875 2
      vertex -43.875 123.875 0
    endloop
  endfacet
  facet normal -1 -0 0
    outer loop
      vertex -43.875 123.875 2
      vertex -43.875 116.125 0
      vertex -43.875 116.125 2
    endloop
  endfacet
  facet normal 0 -1 0
    outer loop
      vertex -43.875 116.125 0
      vertex -36.125 116.125 2
      vertex -43.875 116.125 2
    endloop
  endfacet
  facet normal 0 -1 -0
    outer loop
      vertex -36.125 116.125 2
      vertex -43.875 116.125 0
      vertex -36.125 116.125 0
    endloop
  endfacet
  facet normal -0.471243 -0.882003 0
    outer loop
      vertex -40.7639 118.857 2
      vertex -40.5262 118.73 11.9
      vertex -40.7639 118.857 11.9
    endloop
  endfacet
  facet normal -0.471243 -0.882003 -0
    outer loop
      vertex -40.5262 118.73 11.9
      vertex -40.7639 118.857 2
      vertex -40.5262 118.73 2
    endloop
  endfacet
  facet normal 0.956903 -0.290409 0
    outer loop
      vertex -38.7297 119.474 11.9
      vertex -38.6514 119.732 2
      vertex -38.6514 119.732 11.9
    endloop
  endfacet
  facet normal 0.956903 -0.290409 0
    outer loop
      vertex -38.6514 119.732 2
      vertex -38.7297 119.474 11.9
      vertex -38.7297 119.474 2
    endloop
  endfacet
  facet normal 0.995183 -0.098033 0
    outer loop
      vertex -38.6514 119.732 11.9
      vertex -38.625 120 2
      vertex -38.625 120 11.9
    endloop
  endfacet
  facet normal 0.995183 -0.098033 0
    outer loop
      vertex -38.625 120 2
      vertex -38.6514 119.732 11.9
      vertex -38.6514 119.732 2
    endloop
  endfacet
  facet normal 0.88225 -0.470781 0
    outer loop
      vertex -38.8567 119.236 11.9
      vertex -38.7297 119.474 2
      vertex -38.7297 119.474 11.9
    endloop
  endfacet
  facet normal 0.88225 -0.470781 0
    outer loop
      vertex -38.7297 119.474 2
      vertex -38.8567 119.236 11.9
      vertex -38.8567 119.236 2
    endloop
  endfacet
  facet normal 0 0 1
    outer loop
      vertex -38.6514 120.268 11.9
      vertex -38.6514 119.732 11.9
      vertex -38.625 120 11.9
    endloop
  endfacet
  facet normal 0 0 1
    outer loop
      vertex -38.7297 120.526 11.9
      vertex -38.6514 119.732 11.9
      vertex -38.6514 120.268 11.9
    endloop
  endfacet
  facet normal 0 0 1
    outer loop
      vertex -38.7297 120.526 11.9
      vertex -38.7297 119.474 11.9
      vertex -38.6514 119.732 11.9
    endloop
  endfacet
  facet normal 0 0 1
    outer loop
      vertex -38.8567 120.764 11.9
      vertex -38.7297 119.474 11.9
      vertex -38.7297 120.526 11.9
    endloop
  endfacet
  facet normal 0 0 1
    outer loop
      vertex -38.8567 120.764 11.9
      vertex -38.8567 119.236 11.9
      vertex -38.7297 119.474 11.9
    endloop
  endfacet
  facet normal 0 0 1
    outer loop
      vertex -39.0277 120.972 11.9
      vertex -38.8567 119.236 11.9
      vertex -38.8567 120.764 11.9
    endloop
  endfacet
  facet normal 0 0 1
    outer loop
      vertex -39.0277 120.972 11.9
      vertex -39.0277 119.028 11.9
      vertex -38.8567 119.236 11.9
    endloop
  endfacet
  facet normal 0 0 1
    outer loop
      vertex -39.2361 121.143 11.9
      vertex -39.0277 119.028 11.9
      vertex -39.0277 120.972 11.9
    endloop
  endfacet
  facet normal 0 0 1
    outer loop
      vertex -39.2361 121.143 11.9
      vertex -39.2361 118.857 11.9
      vertex -39.0277 119.028 11.9
    endloop
  endfacet
  facet normal 0 0 1
    outer loop
      vertex -39.4738 121.27 11.9
      vertex -39.2361 118.857 11.9
      vertex -39.2361 121.143 11.9
    endloop
  endfacet
  facet normal 0 0 1
    outer loop
      vertex -39.4738 121.27 11.9
      vertex -39.4738 118.73 11.9
      vertex -39.2361 118.857 11.9
    endloop
  endfacet
  facet normal 0 0 1
    outer loop
      vertex -39.7318 121.349 11.9
      vertex -39.4738 118.73 11.9
      vertex -39.4738 121.27 11.9
    endloop
  endfacet
  facet normal 0 0 1
    outer loop
      vertex -39.7318 121.349 11.9
      vertex -39.7318 118.651 11.9
      vertex -39.4738 118.73 11.9
    endloop
  endfacet
  facet normal 0 0 1
    outer loop
      vertex -40 121.375 11.9
      vertex -39.7318 118.651 11.9
      vertex -39.7318 121.349 11.9
    endloop
  endfacet
  facet normal 0 0 1
    outer loop
      vertex -40 121.375 11.9
      vertex -40 118.625 11.9
      vertex -39.7318 118.651 11.9
    endloop
  endfacet
  facet normal -0 0 1
    outer loop
      vertex -40.2682 121.349 11.9
      vertex -40 118.625 11.9
      vertex -40 121.375 11.9
    endloop
  endfacet
  facet normal 0 0 1
    outer loop
      vertex -40.2682 121.349 11.9
      vertex -40.2682 118.651 11.9
      vertex -40 118.625 11.9
    endloop
  endfacet
  facet normal -0 0 1
    outer loop
      vertex -40.5262 121.27 11.9
      vertex -40.2682 118.651 11.9
      vertex -40.2682 121.349 11.9
    endloop
  endfacet
  facet normal 0 0 1
    outer loop
      vertex -40.5262 121.27 11.9
      vertex -40.5262 118.73 11.9
      vertex -40.2682 118.651 11.9
    endloop
  endfacet
  facet normal -0 0 1
    outer loop
      vertex -40.7639 121.143 11.9
      vertex -40.5262 118.73 11.9
      vertex -40.5262 121.27 11.9
    endloop
  endfacet
  facet normal 0 0 1
    outer loop
      vertex -40.7639 121.143 11.9
      vertex -40.7639 118.857 11.9
      vertex -40.5262 118.73 11.9
    endloop
  endfacet
  facet normal -0 0 1
    outer loop
      vertex -40.9723 120.972 11.9
      vertex -40.7639 118.857 11.9
      vertex -40.7639 121.143 11.9
    endloop
  endfacet
  facet normal 0 0 1
    outer loop
      vertex -40.9723 120.972 11.9
      vertex -40.9723 119.028 11.9
      vertex -40.7639 118.857 11.9
    endloop
  endfacet
  facet normal -0 0 1
    outer loop
      vertex -41.1433 120.764 11.9
      vertex -40.9723 119.028 11.9
      vertex -40.9723 120.972 11.9
    endloop
  endfacet
  facet normal 0 0 1
    outer loop
      vertex -41.1433 120.764 11.9
      vertex -41.1433 119.236 11.9
      vertex -40.9723 119.028 11.9
    endloop
  endfacet
  facet normal -0 0 1
    outer loop
      vertex -41.2703 120.526 11.9
      vertex -41.1433 119.236 11.9
      vertex -41.1433 120.764 11.9
    endloop
  endfacet
  facet normal 0 0 1
    outer loop
      vertex -41.2703 120.526 11.9
      vertex -41.2703 119.474 11.9
      vertex -41.1433 119.236 11.9
    endloop
  endfacet
  facet normal -0 0 1
    outer loop
      vertex -41.3486 120.268 11.9
      vertex -41.2703 119.474 11.9
      vertex -41.2703 120.526 11.9
    endloop
  endfacet
  facet normal 0 0 1
    outer loop
      vertex -41.3486 120.268 11.9
      vertex -41.3486 119.732 11.9
      vertex -41.2703 119.474 11.9
    endloop
  endfacet
  facet normal 0 -0 1
    outer loop
      vertex -41.3486 119.732 11.9
      vertex -41.3486 120.268 11.9
      vertex -41.375 120 11.9
    endloop
  endfacet
  facet normal -0.956903 0.290409 0
    outer loop
      vertex -41.3486 120.268 2
      vertex -41.2703 120.526 11.9
      vertex -41.2703 120.526 2
    endloop
  endfacet
  facet normal -0.956903 0.290409 0
    outer loop
      vertex -41.2703 120.526 11.9
      vertex -41.3486 120.268 2
      vertex -41.3486 120.268 11.9
    endloop
  endfacet
  facet normal 0.471243 0.882003 -0
    outer loop
      vertex -39.2361 121.143 2
      vertex -39.4738 121.27 11.9
      vertex -39.2361 121.143 11.9
    endloop
  endfacet
  facet normal 0.471243 0.882003 0
    outer loop
      vertex -39.4738 121.27 11.9
      vertex -39.2361 121.143 2
      vertex -39.4738 121.27 2
    endloop
  endfacet
  facet normal -0.88225 -0.470781 0
    outer loop
      vertex -41.1433 119.236 2
      vertex -41.2703 119.474 11.9
      vertex -41.2703 119.474 2
    endloop
  endfacet
  facet normal -0.88225 -0.470781 0
    outer loop
      vertex -41.2703 119.474 11.9
      vertex -41.1433 119.236 2
      vertex -41.1433 119.236 11.9
    endloop
  endfacet
  facet normal 0.772466 -0.635056 0
    outer loop
      vertex -39.0277 119.028 11.9
      vertex -38.8567 119.236 2
      vertex -38.8567 119.236 11.9
    endloop
  endfacet
  facet normal 0.772466 -0.635056 0
    outer loop
      vertex -38.8567 119.236 2
      vertex -39.0277 119.028 11.9
      vertex -39.0277 119.028 2
    endloop
  endfacet
  facet normal 0.956903 0.290409 0
    outer loop
      vertex -38.6514 120.268 11.9
      vertex -38.7297 120.526 2
      vertex -38.7297 120.526 11.9
    endloop
  endfacet
  facet normal 0.956903 0.290409 0
    outer loop
      vertex -38.7297 120.526 2
      vertex -38.6514 120.268 11.9
      vertex -38.6514 120.268 2
    endloop
  endfacet
  facet normal -0.88225 0.470781 0
    outer loop
      vertex -41.2703 120.526 2
      vertex -41.1433 120.764 11.9
      vertex -41.1433 120.764 2
    endloop
  endfacet
  facet normal -0.88225 0.470781 0
    outer loop
      vertex -41.1433 120.764 11.9
      vertex -41.2703 120.526 2
      vertex -41.2703 120.526 11.9
    endloop
  endfacet
  facet normal 0.995183 0.098033 0
    outer loop
      vertex -38.625 120 11.9
      vertex -38.6514 120.268 2
      vertex -38.6514 120.268 11.9
    endloop
  endfacet
  facet normal 0.995183 0.098033 0
    outer loop
      vertex -38.6514 120.268 2
      vertex -38.625 120 11.9
      vertex -38.625 120 2
    endloop
  endfacet
  facet normal 0.471243 -0.882003 0
    outer loop
      vertex -39.4738 118.73 2
      vertex -39.2361 118.857 11.9
      vertex -39.4738 118.73 11.9
    endloop
  endfacet
  facet normal 0.471243 -0.882003 0
    outer loop
      vertex -39.2361 118.857 11.9
      vertex -39.4738 118.73 2
      vertex -39.2361 118.857 2
    endloop
  endfacet
  facet normal 0.0964902 -0.995334 0
    outer loop
      vertex -40 118.625 2
      vertex -39.7318 118.651 11.9
      vertex -40 118.625 11.9
    endloop
  endfacet
  facet normal 0.0964902 -0.995334 0
    outer loop
      vertex -39.7318 118.651 11.9
      vertex -40 118.625 2
      vertex -39.7318 118.651 2
    endloop
  endfacet
  facet normal 0.634328 -0.773064 0
    outer loop
      vertex -39.2361 118.857 2
      vertex -39.0277 119.028 11.9
      vertex -39.2361 118.857 11.9
    endloop
  endfacet
  facet normal 0.634328 -0.773064 0
    outer loop
      vertex -39.0277 119.028 11.9
      vertex -39.2361 118.857 2
      vertex -39.0277 119.028 2
    endloop
  endfacet
  facet normal 0.88225 0.470781 0
    outer loop
      vertex -38.7297 120.526 11.9
      vertex -38.8567 120.764 2
      vertex -38.8567 120.764 11.9
    endloop
  endfacet
  facet normal 0.88225 0.470781 0
    outer loop
      vertex -38.8567 120.764 2
      vertex -38.7297 120.526 11.9
      vertex -38.7297 120.526 2
    endloop
  endfacet
  facet normal 0.0964902 0.995334 -0
    outer loop
      vertex -39.7318 121.349 2
      vertex -40 121.375 11.9
      vertex -39.7318 121.349 11.9
    endloop
  endfacet
  facet normal 0.0964902 0.995334 0
    outer loop
      vertex -40 121.375 11.9
      vertex -39.7318 121.349 2
      vertex -40 121.375 2
    endloop
  endfacet
  facet normal -0.471243 0.882003 0
    outer loop
      vertex -40.5262 121.27 2
      vertex -40.7639 121.143 11.9
      vertex -40.5262 121.27 11.9
    endloop
  endfacet
  facet normal -0.471243 0.882003 0
    outer loop
      vertex -40.7639 121.143 11.9
      vertex -40.5262 121.27 2
      vertex -40.7639 121.143 2
    endloop
  endfacet
  facet normal 0.772466 0.635056 0
    outer loop
      vertex -38.8567 120.764 11.9
      vertex -39.0277 120.972 2
      vertex -39.0277 120.972 11.9
    endloop
  endfacet
  facet normal 0.772466 0.635056 0
    outer loop
      vertex -39.0277 120.972 2
      vertex -38.8567 120.764 11.9
      vertex -38.8567 120.764 2
    endloop
  endfacet
  facet normal 0.634328 0.773064 -0
    outer loop
      vertex -39.0277 120.972 2
      vertex -39.2361 121.143 11.9
      vertex -39.0277 120.972 11.9
    endloop
  endfacet
  facet normal 0.634328 0.773064 0
    outer loop
      vertex -39.2361 121.143 11.9
      vertex -39.0277 120.972 2
      vertex -39.2361 121.143 2
    endloop
  endfacet
  facet normal -0.772466 -0.635056 0
    outer loop
      vertex -40.9723 119.028 2
      vertex -41.1433 119.236 11.9
      vertex -41.1433 119.236 2
    endloop
  endfacet
  facet normal -0.772466 -0.635056 0
    outer loop
      vertex -41.1433 119.236 11.9
      vertex -40.9723 119.028 2
      vertex -40.9723 119.028 11.9
    endloop
  endfacet
  facet normal 0.292783 -0.956179 0
    outer loop
      vertex -39.7318 118.651 2
      vertex -39.4738 118.73 11.9
      vertex -39.7318 118.651 11.9
    endloop
  endfacet
  facet normal 0.292783 -0.956179 0
    outer loop
      vertex -39.4738 118.73 11.9
      vertex -39.7318 118.651 2
      vertex -39.4738 118.73 2
    endloop
  endfacet
  facet normal -0.634328 -0.773064 0
    outer loop
      vertex -40.9723 119.028 2
      vertex -40.7639 118.857 11.9
      vertex -40.9723 119.028 11.9
    endloop
  endfacet
  facet normal -0.634328 -0.773064 -0
    outer loop
      vertex -40.7639 118.857 11.9
      vertex -40.9723 119.028 2
      vertex -40.7639 118.857 2
    endloop
  endfacet
  facet normal -0.0964902 -0.995334 0
    outer loop
      vertex -40.2682 118.651 2
      vertex -40 118.625 11.9
      vertex -40.2682 118.651 11.9
    endloop
  endfacet
  facet normal -0.0964902 -0.995334 -0
    outer loop
      vertex -40 118.625 11.9
      vertex -40.2682 118.651 2
      vertex -40 118.625 2
    endloop
  endfacet
  facet normal -0.292783 -0.956179 0
    outer loop
      vertex -40.5262 118.73 2
      vertex -40.2682 118.651 11.9
      vertex -40.5262 118.73 11.9
    endloop
  endfacet
  facet normal -0.292783 -0.956179 -0
    outer loop
      vertex -40.2682 118.651 11.9
      vertex -40.5262 118.73 2
      vertex -40.2682 118.651 2
    endloop
  endfacet
  facet normal -0.772466 0.635056 0
    outer loop
      vertex -41.1433 120.764 2
      vertex -40.9723 120.972 11.9
      vertex -40.9723 120.972 2
    endloop
  endfacet
  facet normal -0.772466 0.635056 0
    outer loop
      vertex -40.9723 120.972 11.9
      vertex -41.1433 120.764 2
      vertex -41.1433 120.764 11.9
    endloop
  endfacet
  facet normal -0.0964902 0.995334 0
    outer loop
      vertex -40 121.375 2
      vertex -40.2682 121.349 11.9
      vertex -40 121.375 11.9
    endloop
  endfacet
  facet normal -0.0964902 0.995334 0
    outer loop
      vertex -40.2682 121.349 11.9
      vertex -40 121.375 2
      vertex -40.2682 121.349 2
    endloop
  endfacet
  facet normal -0.292783 0.956179 0
    outer loop
      vertex -40.2682 121.349 2
      vertex -40.5262 121.27 11.9
      vertex -40.2682 121.349 11.9
    endloop
  endfacet
  facet normal -0.292783 0.956179 0
    outer loop
      vertex -40.5262 121.27 11.9
      vertex -40.2682 121.349 2
      vertex -40.5262 121.27 2
    endloop
  endfacet
  facet normal -0.995183 0.098033 0
    outer loop
      vertex -41.375 120 2
      vertex -41.3486 120.268 11.9
      vertex -41.3486 120.268 2
    endloop
  endfacet
  facet normal -0.995183 0.098033 0
    outer loop
      vertex -41.3486 120.268 11.9
      vertex -41.375 120 2
      vertex -41.375 120 11.9
    endloop
  endfacet
  facet normal -0.634328 0.773064 0
    outer loop
      vertex -40.7639 121.143 2
      vertex -40.9723 120.972 11.9
      vertex -40.7639 121.143 11.9
    endloop
  endfacet
  facet normal -0.634328 0.773064 0
    outer loop
      vertex -40.9723 120.972 11.9
      vertex -40.7639 121.143 2
      vertex -40.9723 120.972 2
    endloop
  endfacet
  facet normal 0.292783 0.956179 -0
    outer loop
      vertex -39.4738 121.27 2
      vertex -39.7318 121.349 11.9
      vertex -39.4738 121.27 11.9
    endloop
  endfacet
  facet normal 0.292783 0.956179 0
    outer loop
      vertex -39.7318 121.349 11.9
      vertex -39.4738 121.27 2
      vertex -39.7318 121.349 2
    endloop
  endfacet
  facet normal -0.956903 -0.290409 0
    outer loop
      vertex -41.2703 119.474 2
      vertex -41.3486 119.732 11.9
      vertex -41.3486 119.732 2
    endloop
  endfacet
  facet normal -0.956903 -0.290409 0
    outer loop
      vertex -41.3486 119.732 11.9
      vertex -41.2703 119.474 2
      vertex -41.2703 119.474 11.9
    endloop
  endfacet
  facet normal -0.995183 -0.098033 0
    outer loop
      vertex -41.3486 119.732 2
      vertex -41.375 120 11.9
      vertex -41.375 120 2
    endloop
  endfacet
  facet normal -0.995183 -0.098033 0
    outer loop
      vertex -41.375 120 11.9
      vertex -41.3486 119.732 2
      vertex -41.3486 119.732 11.9
    endloop
  endfacet
  facet normal -0.472386 -0.881392 0
    outer loop
      vertex -21.6667 117.506 0
      vertex -21.148 117.228 2.5
      vertex -21.6667 117.506 2.5
    endloop
  endfacet
  facet normal -0.472386 -0.881392 -0
    outer loop
      vertex -21.148 117.228 2.5
      vertex -21.6667 117.506 0
      vertex -21.148 117.228 0
    endloop
  endfacet
  facet normal 0.472386 -0.881392 0
    outer loop
      vertex -18.852 117.228 0
      vertex -18.3333 117.506 2.5
      vertex -18.852 117.228 2.5
    endloop
  endfacet
  facet normal 0.472386 -0.881392 0
    outer loop
      vertex -18.3333 117.506 2.5
      vertex -18.852 117.228 0
      vertex -18.3333 117.506 0
    endloop
  endfacet
  facet normal 0.956933 -0.290309 0
    outer loop
      vertex -17.2284 118.852 2.5
      vertex -17.0576 119.415 0
      vertex -17.0576 119.415 2.5
    endloop
  endfacet
  facet normal 0.956933 -0.290309 0
    outer loop
      vertex -17.0576 119.415 0
      vertex -17.2284 118.852 2.5
      vertex -17.2284 118.852 0
    endloop
  endfacet
  facet normal 0.995188 -0.0979877 0
    outer loop
      vertex -17.0576 119.415 2.5
      vertex -17 120 0
      vertex -17 120 2.5
    endloop
  endfacet
  facet normal 0.995188 -0.0979877 0
    outer loop
      vertex -17 120 0
      vertex -17.0576 119.415 2.5
      vertex -17.0576 119.415 0
    endloop
  endfacet
  facet normal 0.882071 -0.471117 0
    outer loop
      vertex -17.5056 118.333 2.5
      vertex -17.2284 118.852 0
      vertex -17.2284 118.852 2.5
    endloop
  endfacet
  facet normal 0.882071 -0.471117 0
    outer loop
      vertex -17.2284 118.852 0
      vertex -17.5056 118.333 2.5
      vertex -17.5056 118.333 0
    endloop
  endfacet
  facet normal 0.0986115 -0.995126 0
    outer loop
      vertex -20 117 0
      vertex -19.4147 117.058 2.5
      vertex -20 117 2.5
    endloop
  endfacet
  facet normal 0.0986115 -0.995126 0
    outer loop
      vertex -19.4147 117.058 2.5
      vertex -20 117 0
      vertex -19.4147 117.058 0
    endloop
  endfacet
  facet normal 0.0986115 0.995126 -0
    outer loop
      vertex -19.4147 122.942 0
      vertex -20 123 2.5
      vertex -19.4147 122.942 2.5
    endloop
  endfacet
  facet normal 0.0986115 0.995126 0
    outer loop
      vertex -20 123 2.5
      vertex -19.4147 122.942 0
      vertex -20 123 0
    endloop
  endfacet
  facet normal 0.289205 -0.957267 0
    outer loop
      vertex -19.4147 117.058 0
      vertex -18.852 117.228 2.5
      vertex -19.4147 117.058 2.5
    endloop
  endfacet
  facet normal 0.289205 -0.957267 0
    outer loop
      vertex -18.852 117.228 2.5
      vertex -19.4147 117.058 0
      vertex -18.852 117.228 0
    endloop
  endfacet
  facet normal 0.634311 -0.773078 0
    outer loop
      vertex -18.3333 117.506 0
      vertex -17.8787 117.879 2.5
      vertex -18.3333 117.506 2.5
    endloop
  endfacet
  facet normal 0.634311 -0.773078 0
    outer loop
      vertex -17.8787 117.879 2.5
      vertex -18.3333 117.506 0
      vertex -17.8787 117.879 0
    endloop
  endfacet
  facet normal 0.772583 0.634914 0
    outer loop
      vertex -17.5056 121.667 2.5
      vertex -17.8787 122.121 0
      vertex -17.8787 122.121 2.5
    endloop
  endfacet
  facet normal 0.772583 0.634914 0
    outer loop
      vertex -17.8787 122.121 0
      vertex -17.5056 121.667 2.5
      vertex -17.5056 121.667 0
    endloop
  endfacet
  facet normal -0.634311 -0.773078 0
    outer loop
      vertex -22.1213 117.879 0
      vertex -21.6667 117.506 2.5
      vertex -22.1213 117.879 2.5
    endloop
  endfacet
  facet normal -0.634311 -0.773078 -0
    outer loop
      vertex -21.6667 117.506 2.5
      vertex -22.1213 117.879 0
      vertex -21.6667 117.506 0
    endloop
  endfacet
  facet normal 0.472386 0.881392 -0
    outer loop
      vertex -18.3333 122.494 0
      vertex -18.852 122.772 2.5
      vertex -18.3333 122.494 2.5
    endloop
  endfacet
  facet normal 0.472386 0.881392 0
    outer loop
      vertex -18.852 122.772 2.5
      vertex -18.3333 122.494 0
      vertex -18.852 122.772 0
    endloop
  endfacet
  facet normal -0.882071 0.471117 0
    outer loop
      vertex -22.7716 121.148 0
      vertex -22.4944 121.667 2.5
      vertex -22.4944 121.667 0
    endloop
  endfacet
  facet normal -0.882071 0.471117 0
    outer loop
      vertex -22.4944 121.667 2.5
      vertex -22.7716 121.148 0
      vertex -22.7716 121.148 2.5
    endloop
  endfacet
  facet normal 0.995188 0.0979877 0
    outer loop
      vertex -17 120 2.5
      vertex -17.0576 120.585 0
      vertex -17.0576 120.585 2.5
    endloop
  endfacet
  facet normal 0.995188 0.0979877 0
    outer loop
      vertex -17.0576 120.585 0
      vertex -17 120 2.5
      vertex -17 120 0
    endloop
  endfacet
  facet normal -0.289205 -0.957267 0
    outer loop
      vertex -21.148 117.228 0
      vertex -20.5853 117.058 2.5
      vertex -21.148 117.228 2.5
    endloop
  endfacet
  facet normal -0.289205 -0.957267 -0
    outer loop
      vertex -20.5853 117.058 2.5
      vertex -21.148 117.228 0
      vertex -20.5853 117.058 0
    endloop
  endfacet
  facet normal -0.0986115 0.995126 0
    outer loop
      vertex -20 123 0
      vertex -20.5853 122.942 2.5
      vertex -20 123 2.5
    endloop
  endfacet
  facet normal -0.0986115 0.995126 0
    outer loop
      vertex -20.5853 122.942 2.5
      vertex -20 123 0
      vertex -20.5853 122.942 0
    endloop
  endfacet
  facet normal 0 0 1
    outer loop
      vertex -18.6 120 2.5
      vertex -17 120 2.5
      vertex -17.0576 120.585 2.5
    endloop
  endfacet
  facet normal 0 0 1
    outer loop
      vertex -18.6269 120.273 2.5
      vertex -17.0576 120.585 2.5
      vertex -17.2284 121.148 2.5
    endloop
  endfacet
  facet normal 0 0 1
    outer loop
      vertex -17 120 2.5
      vertex -18.6 120 2.5
      vertex -17.0576 119.415 2.5
    endloop
  endfacet
  facet normal 0 0 1
    outer loop
      vertex -18.7066 120.536 2.5
      vertex -17.2284 121.148 2.5
      vertex -17.5056 121.667 2.5
    endloop
  endfacet
  facet normal -0 0 1
    outer loop
      vertex -18.6269 119.727 2.5
      vertex -17.0576 119.415 2.5
      vertex -18.6 120 2.5
    endloop
  endfacet
  facet normal 0 0 1
    outer loop
      vertex -18.8359 120.778 2.5
      vertex -17.5056 121.667 2.5
      vertex -17.8787 122.121 2.5
    endloop
  endfacet
  facet normal 0 0 1
    outer loop
      vertex -17.0576 119.415 2.5
      vertex -18.6269 119.727 2.5
      vertex -17.2284 118.852 2.5
    endloop
  endfacet
  facet normal 0 0 1
    outer loop
      vertex -19.0101 120.99 2.5
      vertex -17.8787 122.121 2.5
      vertex -18.3333 122.494 2.5
    endloop
  endfacet
  facet normal -0 0 1
    outer loop
      vertex -18.7066 119.464 2.5
      vertex -17.2284 118.852 2.5
      vertex -18.6269 119.727 2.5
    endloop
  endfacet
  facet normal 0 0 1
    outer loop
      vertex -17.2284 118.852 2.5
      vertex -18.7066 119.464 2.5
      vertex -17.5056 118.333 2.5
    endloop
  endfacet
  facet normal 0 0 1
    outer loop
      vertex -17.0576 120.585 2.5
      vertex -18.6269 120.273 2.5
      vertex -18.6 120 2.5
    endloop
  endfacet
  facet normal 0 0 1
    outer loop
      vertex -17.2284 121.148 2.5
      vertex -18.7066 120.536 2.5
      vertex -18.6269 120.273 2.5
    endloop
  endfacet
  facet normal 0 0 1
    outer loop
      vertex -17.5056 121.667 2.5
      vertex -18.8359 120.778 2.5
      vertex -18.7066 120.536 2.5
    endloop
  endfacet
  facet normal 0 0 1
    outer loop
      vertex -19.2222 121.164 2.5
      vertex -18.3333 122.494 2.5
      vertex -18.852 122.772 2.5
    endloop
  endfacet
  facet normal 0 0 1
    outer loop
      vertex -17.8787 122.121 2.5
      vertex -19.0101 120.99 2.5
      vertex -18.8359 120.778 2.5
    endloop
  endfacet
  facet normal 0 0 1
    outer loop
      vertex -18.3333 122.494 2.5
      vertex -19.2222 121.164 2.5
      vertex -19.0101 120.99 2.5
    endloop
  endfacet
  facet normal 0 0 1
    outer loop
      vertex -19.4642 121.293 2.5
      vertex -18.852 122.772 2.5
      vertex -19.4147 122.942 2.5
    endloop
  endfacet
  facet normal 0 0 1
    outer loop
      vertex -18.852 122.772 2.5
      vertex -19.4642 121.293 2.5
      vertex -19.2222 121.164 2.5
    endloop
  endfacet
  facet normal 0 0 1
    outer loop
      vertex -19.4147 122.942 2.5
      vertex -19.7269 121.373 2.5
      vertex -19.4642 121.293 2.5
    endloop
  endfacet
  facet normal 0 0 1
    outer loop
      vertex -20 123 2.5
      vertex -19.7269 121.373 2.5
      vertex -19.4147 122.942 2.5
    endloop
  endfacet
  facet normal 0 0 1
    outer loop
      vertex -20 123 2.5
      vertex -20 121.4 2.5
      vertex -19.7269 121.373 2.5
    endloop
  endfacet
  facet normal 0 0 1
    outer loop
      vertex -20 123 2.5
      vertex -20.2731 121.373 2.5
      vertex -20 121.4 2.5
    endloop
  endfacet
  facet normal -0 0 1
    outer loop
      vertex -20.5853 122.942 2.5
      vertex -20.2731 121.373 2.5
      vertex -20 123 2.5
    endloop
  endfacet
  facet normal 0 0 1
    outer loop
      vertex -20.2731 121.373 2.5
      vertex -20.5853 122.942 2.5
      vertex -20.5358 121.293 2.5
    endloop
  endfacet
  facet normal -0 0 1
    outer loop
      vertex -21.148 122.772 2.5
      vertex -20.5358 121.293 2.5
      vertex -20.5853 122.942 2.5
    endloop
  endfacet
  facet normal 0 0 1
    outer loop
      vertex -20.5358 121.293 2.5
      vertex -21.148 122.772 2.5
      vertex -20.7778 121.164 2.5
    endloop
  endfacet
  facet normal -0 0 1
    outer loop
      vertex -21.6667 122.494 2.5
      vertex -20.7778 121.164 2.5
      vertex -21.148 122.772 2.5
    endloop
  endfacet
  facet normal 0 0 1
    outer loop
      vertex -20.7778 121.164 2.5
      vertex -21.6667 122.494 2.5
      vertex -20.9899 120.99 2.5
    endloop
  endfacet
  facet normal -0 0 1
    outer loop
      vertex -22.1213 122.121 2.5
      vertex -20.9899 120.99 2.5
      vertex -21.6667 122.494 2.5
    endloop
  endfacet
  facet normal 0 0 1
    outer loop
      vertex -20.9899 120.99 2.5
      vertex -22.1213 122.121 2.5
      vertex -21.1641 120.778 2.5
    endloop
  endfacet
  facet normal -0 0 1
    outer loop
      vertex -22.4944 121.667 2.5
      vertex -21.1641 120.778 2.5
      vertex -22.1213 122.121 2.5
    endloop
  endfacet
  facet normal 0 0 1
    outer loop
      vertex -21.1641 120.778 2.5
      vertex -22.4944 121.667 2.5
      vertex -21.2934 120.536 2.5
    endloop
  endfacet
  facet normal -0 0 1
    outer loop
      vertex -18.8359 119.222 2.5
      vertex -17.5056 118.333 2.5
      vertex -18.7066 119.464 2.5
    endloop
  endfacet
  facet normal 0 0 1
    outer loop
      vertex -17.5056 118.333 2.5
      vertex -18.8359 119.222 2.5
      vertex -17.8787 117.879 2.5
    endloop
  endfacet
  facet normal -0 0 1
    outer loop
      vertex -19.0101 119.01 2.5
      vertex -17.8787 117.879 2.5
      vertex -18.8359 119.222 2.5
    endloop
  endfacet
  facet normal 0 0 1
    outer loop
      vertex -17.8787 117.879 2.5
      vertex -19.0101 119.01 2.5
      vertex -18.3333 117.506 2.5
    endloop
  endfacet
  facet normal -0 0 1
    outer loop
      vertex -19.2222 118.836 2.5
      vertex -18.3333 117.506 2.5
      vertex -19.0101 119.01 2.5
    endloop
  endfacet
  facet normal 0 0 1
    outer loop
      vertex -18.3333 117.506 2.5
      vertex -19.2222 118.836 2.5
      vertex -18.852 117.228 2.5
    endloop
  endfacet
  facet normal -0 0 1
    outer loop
      vertex -19.4642 118.707 2.5
      vertex -18.852 117.228 2.5
      vertex -19.2222 118.836 2.5
    endloop
  endfacet
  facet normal 0 0 1
    outer loop
      vertex -18.852 117.228 2.5
      vertex -19.4642 118.707 2.5
      vertex -19.4147 117.058 2.5
    endloop
  endfacet
  facet normal -0 0 1
    outer loop
      vertex -19.7269 118.627 2.5
      vertex -19.4147 117.058 2.5
      vertex -19.4642 118.707 2.5
    endloop
  endfacet
  facet normal -0 0 1
    outer loop
      vertex -20 118.6 2.5
      vertex -19.4147 117.058 2.5
      vertex -19.7269 118.627 2.5
    endloop
  endfacet
  facet normal 0 0 1
    outer loop
      vertex -20 118.6 2.5
      vertex -20 117 2.5
      vertex -19.4147 117.058 2.5
    endloop
  endfacet
  facet normal 0 0 1
    outer loop
      vertex -20.2731 118.627 2.5
      vertex -20 117 2.5
      vertex -20 118.6 2.5
    endloop
  endfacet
  facet normal 0 0 1
    outer loop
      vertex -20.5853 117.058 2.5
      vertex -20.2731 118.627 2.5
      vertex -20.5358 118.707 2.5
    endloop
  endfacet
  facet normal 0 0 1
    outer loop
      vertex -20.2731 118.627 2.5
      vertex -20.5853 117.058 2.5
      vertex -20 117 2.5
    endloop
  endfacet
  facet normal 0 0 1
    outer loop
      vertex -21.148 117.228 2.5
      vertex -20.5358 118.707 2.5
      vertex -20.7778 118.836 2.5
    endloop
  endfacet
  facet normal 0 0 1
    outer loop
      vertex -21.6667 117.506 2.5
      vertex -20.7778 118.836 2.5
      vertex -20.9899 119.01 2.5
    endloop
  endfacet
  facet normal 0 0 1
    outer loop
      vertex -20.5358 118.707 2.5
      vertex -21.148 117.228 2.5
      vertex -20.5853 117.058 2.5
    endloop
  endfacet
  facet normal 0 0 1
    outer loop
      vertex -22.1213 117.879 2.5
      vertex -20.9899 119.01 2.5
      vertex -21.1641 119.222 2.5
    endloop
  endfacet
  facet normal 0 0 1
    outer loop
      vertex -22.4944 118.333 2.5
      vertex -21.1641 119.222 2.5
      vertex -21.2934 119.464 2.5
    endloop
  endfacet
  facet normal 0 0 1
    outer loop
      vertex -22.7716 118.852 2.5
      vertex -21.2934 119.464 2.5
      vertex -21.3731 119.727 2.5
    endloop
  endfacet
  facet normal 0 0 1
    outer loop
      vertex -22.9424 119.415 2.5
      vertex -21.3731 119.727 2.5
      vertex -21.4 120 2.5
    endloop
  endfacet
  facet normal -0 0 1
    outer loop
      vertex -22.7716 121.148 2.5
      vertex -21.2934 120.536 2.5
      vertex -22.4944 121.667 2.5
    endloop
  endfacet
  facet normal 0 0 1
    outer loop
      vertex -20.7778 118.836 2.5
      vertex -21.6667 117.506 2.5
      vertex -21.148 117.228 2.5
    endloop
  endfacet
  facet normal 0 0 1
    outer loop
      vertex -21.2934 120.536 2.5
      vertex -22.7716 121.148 2.5
      vertex -21.3731 120.273 2.5
    endloop
  endfacet
  facet normal 0 0 1
    outer loop
      vertex -20.9899 119.01 2.5
      vertex -22.1213 117.879 2.5
      vertex -21.6667 117.506 2.5
    endloop
  endfacet
  facet normal -0 0 1
    outer loop
      vertex -22.9424 120.585 2.5
      vertex -21.3731 120.273 2.5
      vertex -22.7716 121.148 2.5
    endloop
  endfacet
  facet normal 0 0 1
    outer loop
      vertex -21.1641 119.222 2.5
      vertex -22.4944 118.333 2.5
      vertex -22.1213 117.879 2.5
    endloop
  endfacet
  facet normal 0 0 1
    outer loop
      vertex -21.3731 120.273 2.5
      vertex -22.9424 120.585 2.5
      vertex -21.4 120 2.5
    endloop
  endfacet
  facet normal 0 0 1
    outer loop
      vertex -21.2934 119.464 2.5
      vertex -22.7716 118.852 2.5
      vertex -22.4944 118.333 2.5
    endloop
  endfacet
  facet normal 0 0 1
    outer loop
      vertex -23 120 2.5
      vertex -21.4 120 2.5
      vertex -22.9424 120.585 2.5
    endloop
  endfacet
  facet normal 0 0 1
    outer loop
      vertex -21.3731 119.727 2.5
      vertex -22.9424 119.415 2.5
      vertex -22.7716 118.852 2.5
    endloop
  endfacet
  facet normal 0 0 1
    outer loop
      vertex -21.4 120 2.5
      vertex -23 120 2.5
      vertex -22.9424 119.415 2.5
    endloop
  endfacet
  facet normal -0.882071 -0.471117 0
    outer loop
      vertex -22.4944 118.333 0
      vertex -22.7716 118.852 2.5
      vertex -22.7716 118.852 0
    endloop
  endfacet
  facet normal -0.882071 -0.471117 0
    outer loop
      vertex -22.7716 118.852 2.5
      vertex -22.4944 118.333 0
      vertex -22.4944 118.333 2.5
    endloop
  endfacet
  facet normal 0.289205 0.957267 -0
    outer loop
      vertex -18.852 122.772 0
      vertex -19.4147 122.942 2.5
      vertex -18.852 122.772 2.5
    endloop
  endfacet
  facet normal 0.289205 0.957267 0
    outer loop
      vertex -19.4147 122.942 2.5
      vertex -18.852 122.772 0
      vertex -19.4147 122.942 0
    endloop
  endfacet
  facet normal 0 0 -1
    outer loop
      vertex -17.0576 119.415 0
      vertex -17.0576 120.585 0
      vertex -17 120 0
    endloop
  endfacet
  facet normal 0 0 -1
    outer loop
      vertex -17.2284 118.852 0
      vertex -17.0576 120.585 0
      vertex -17.0576 119.415 0
    endloop
  endfacet
  facet normal 0 0 -1
    outer loop
      vertex -17.2284 118.852 0
      vertex -17.2284 121.148 0
      vertex -17.0576 120.585 0
    endloop
  endfacet
  facet normal 0 0 -1
    outer loop
      vertex -17.5056 118.333 0
      vertex -17.2284 121.148 0
      vertex -17.2284 118.852 0
    endloop
  endfacet
  facet normal 0 0 -1
    outer loop
      vertex -17.5056 118.333 0
      vertex -17.5056 121.667 0
      vertex -17.2284 121.148 0
    endloop
  endfacet
  facet normal 0 0 -1
    outer loop
      vertex -17.8787 117.879 0
      vertex -17.5056 121.667 0
      vertex -17.5056 118.333 0
    endloop
  endfacet
  facet normal 0 0 -1
    outer loop
      vertex -17.8787 117.879 0
      vertex -17.8787 122.121 0
      vertex -17.5056 121.667 0
    endloop
  endfacet
  facet normal 0 0 -1
    outer loop
      vertex -18.3333 117.506 0
      vertex -17.8787 122.121 0
      vertex -17.8787 117.879 0
    endloop
  endfacet
  facet normal 0 0 -1
    outer loop
      vertex -18.3333 117.506 0
      vertex -18.3333 122.494 0
      vertex -17.8787 122.121 0
    endloop
  endfacet
  facet normal 0 0 -1
    outer loop
      vertex -18.852 117.228 0
      vertex -18.3333 122.494 0
      vertex -18.3333 117.506 0
    endloop
  endfacet
  facet normal 0 0 -1
    outer loop
      vertex -18.852 117.228 0
      vertex -18.852 122.772 0
      vertex -18.3333 122.494 0
    endloop
  endfacet
  facet normal 0 0 -1
    outer loop
      vertex -19.4147 117.058 0
      vertex -18.852 122.772 0
      vertex -18.852 117.228 0
    endloop
  endfacet
  facet normal 0 0 -1
    outer loop
      vertex -19.4147 117.058 0
      vertex -19.4147 122.942 0
      vertex -18.852 122.772 0
    endloop
  endfacet
  facet normal 0 0 -1
    outer loop
      vertex -20 117 0
      vertex -19.4147 122.942 0
      vertex -19.4147 117.058 0
    endloop
  endfacet
  facet normal 0 0 -1
    outer loop
      vertex -20 117 0
      vertex -20 123 0
      vertex -19.4147 122.942 0
    endloop
  endfacet
  facet normal 0 0 -1
    outer loop
      vertex -20.5853 117.058 0
      vertex -20 123 0
      vertex -20 117 0
    endloop
  endfacet
  facet normal 0 0 -1
    outer loop
      vertex -20.5853 117.058 0
      vertex -20.5853 122.942 0
      vertex -20 123 0
    endloop
  endfacet
  facet normal 0 0 -1
    outer loop
      vertex -21.148 117.228 0
      vertex -20.5853 122.942 0
      vertex -20.5853 117.058 0
    endloop
  endfacet
  facet normal 0 0 -1
    outer loop
      vertex -21.148 117.228 0
      vertex -21.148 122.772 0
      vertex -20.5853 122.942 0
    endloop
  endfacet
  facet normal 0 0 -1
    outer loop
      vertex -21.6667 117.506 0
      vertex -21.148 122.772 0
      vertex -21.148 117.228 0
    endloop
  endfacet
  facet normal 0 0 -1
    outer loop
      vertex -21.6667 117.506 0
      vertex -21.6667 122.494 0
      vertex -21.148 122.772 0
    endloop
  endfacet
  facet normal 0 0 -1
    outer loop
      vertex -22.1213 117.879 0
      vertex -21.6667 122.494 0
      vertex -21.6667 117.506 0
    endloop
  endfacet
  facet normal 0 0 -1
    outer loop
      vertex -22.1213 117.879 0
      vertex -22.1213 122.121 0
      vertex -21.6667 122.494 0
    endloop
  endfacet
  facet normal 0 0 -1
    outer loop
      vertex -22.4944 118.333 0
      vertex -22.1213 122.121 0
      vertex -22.1213 117.879 0
    endloop
  endfacet
  facet normal 0 0 -1
    outer loop
      vertex -22.4944 118.333 0
      vertex -22.4944 121.667 0
      vertex -22.1213 122.121 0
    endloop
  endfacet
  facet normal 0 0 -1
    outer loop
      vertex -22.7716 118.852 0
      vertex -22.4944 121.667 0
      vertex -22.4944 118.333 0
    endloop
  endfacet
  facet normal 0 0 -1
    outer loop
      vertex -22.7716 118.852 0
      vertex -22.7716 121.148 0
      vertex -22.4944 121.667 0
    endloop
  endfacet
  facet normal 0 0 -1
    outer loop
      vertex -22.9424 119.415 0
      vertex -22.7716 121.148 0
      vertex -22.7716 118.852 0
    endloop
  endfacet
  facet normal 0 0 -1
    outer loop
      vertex -22.9424 119.415 0
      vertex -22.9424 120.585 0
      vertex -22.7716 121.148 0
    endloop
  endfacet
  facet normal 0 -0 -1
    outer loop
      vertex -22.9424 120.585 0
      vertex -22.9424 119.415 0
      vertex -23 120 0
    endloop
  endfacet
  facet normal -0.289205 0.957267 0
    outer loop
      vertex -20.5853 122.942 0
      vertex -21.148 122.772 2.5
      vertex -20.5853 122.942 2.5
    endloop
  endfacet
  facet normal -0.289205 0.957267 0
    outer loop
      vertex -21.148 122.772 2.5
      vertex -20.5853 122.942 0
      vertex -21.148 122.772 0
    endloop
  endfacet
  facet normal 0.956933 0.290309 0
    outer loop
      vertex -17.0576 120.585 2.5
      vertex -17.2284 121.148 0
      vertex -17.2284 121.148 2.5
    endloop
  endfacet
  facet normal 0.956933 0.290309 0
    outer loop
      vertex -17.2284 121.148 0
      vertex -17.0576 120.585 2.5
      vertex -17.0576 120.585 0
    endloop
  endfacet
  facet normal 0.772583 -0.634914 0
    outer loop
      vertex -17.8787 117.879 2.5
      vertex -17.5056 118.333 0
      vertex -17.5056 118.333 2.5
    endloop
  endfacet
  facet normal 0.772583 -0.634914 0
    outer loop
      vertex -17.5056 118.333 0
      vertex -17.8787 117.879 2.5
      vertex -17.8787 117.879 0
    endloop
  endfacet
  facet normal -0.995188 -0.0979877 0
    outer loop
      vertex -22.9424 119.415 0
      vertex -23 120 2.5
      vertex -23 120 0
    endloop
  endfacet
  facet normal -0.995188 -0.0979877 0
    outer loop
      vertex -23 120 2.5
      vertex -22.9424 119.415 0
      vertex -22.9424 119.415 2.5
    endloop
  endfacet
  facet normal 0.634311 0.773078 -0
    outer loop
      vertex -17.8787 122.121 0
      vertex -18.3333 122.494 2.5
      vertex -17.8787 122.121 2.5
    endloop
  endfacet
  facet normal 0.634311 0.773078 0
    outer loop
      vertex -18.3333 122.494 2.5
      vertex -17.8787 122.121 0
      vertex -18.3333 122.494 0
    endloop
  endfacet
  facet normal -0.634311 0.773078 0
    outer loop
      vertex -21.6667 122.494 0
      vertex -22.1213 122.121 2.5
      vertex -21.6667 122.494 2.5
    endloop
  endfacet
  facet normal -0.634311 0.773078 0
    outer loop
      vertex -22.1213 122.121 2.5
      vertex -21.6667 122.494 0
      vertex -22.1213 122.121 0
    endloop
  endfacet
  facet normal -0.0986115 -0.995126 0
    outer loop
      vertex -20.5853 117.058 0
      vertex -20 117 2.5
      vertex -20.5853 117.058 2.5
    endloop
  endfacet
  facet normal -0.0986115 -0.995126 -0
    outer loop
      vertex -20 117 2.5
      vertex -20.5853 117.058 0
      vertex -20 117 0
    endloop
  endfacet
  facet normal 0.882071 0.471117 0
    outer loop
      vertex -17.2284 121.148 2.5
      vertex -17.5056 121.667 0
      vertex -17.5056 121.667 2.5
    endloop
  endfacet
  facet normal 0.882071 0.471117 0
    outer loop
      vertex -17.5056 121.667 0
      vertex -17.2284 121.148 2.5
      vertex -17.2284 121.148 0
    endloop
  endfacet
  facet normal -0.956933 0.290309 0
    outer loop
      vertex -22.9424 120.585 0
      vertex -22.7716 121.148 2.5
      vertex -22.7716 121.148 0
    endloop
  endfacet
  facet normal -0.956933 0.290309 0
    outer loop
      vertex -22.7716 121.148 2.5
      vertex -22.9424 120.585 0
      vertex -22.9424 120.585 2.5
    endloop
  endfacet
  facet normal -0.995188 0.0979877 0
    outer loop
      vertex -23 120 0
      vertex -22.9424 120.585 2.5
      vertex -22.9424 120.585 0
    endloop
  endfacet
  facet normal -0.995188 0.0979877 0
    outer loop
      vertex -22.9424 120.585 2.5
      vertex -23 120 0
      vertex -23 120 2.5
    endloop
  endfacet
  facet normal -0.772583 0.634914 0
    outer loop
      vertex -22.4944 121.667 0
      vertex -22.1213 122.121 2.5
      vertex -22.1213 122.121 0
    endloop
  endfacet
  facet normal -0.772583 0.634914 0
    outer loop
      vertex -22.1213 122.121 2.5
      vertex -22.4944 121.667 0
      vertex -22.4944 121.667 2.5
    endloop
  endfacet
  facet normal -0.772583 -0.634914 0
    outer loop
      vertex -22.1213 117.879 0
      vertex -22.4944 118.333 2.5
      vertex -22.4944 118.333 0
    endloop
  endfacet
  facet normal -0.772583 -0.634914 0
    outer loop
      vertex -22.4944 118.333 2.5
      vertex -22.1213 117.879 0
      vertex -22.1213 117.879 2.5
    endloop
  endfacet
  facet normal -0.956933 -0.290309 0
    outer loop
      vertex -22.7716 118.852 0
      vertex -22.9424 119.415 2.5
      vertex -22.9424 119.415 0
    endloop
  endfacet
  facet normal -0.956933 -0.290309 0
    outer loop
      vertex -22.9424 119.415 2.5
      vertex -22.7716 118.852 0
      vertex -22.7716 118.852 2.5
    endloop
  endfacet
  facet normal -0.472386 0.881392 0
    outer loop
      vertex -21.148 122.772 0
      vertex -21.6667 122.494 2.5
      vertex -21.148 122.772 2.5
    endloop
  endfacet
  facet normal -0.472386 0.881392 0
    outer loop
      vertex -21.6667 122.494 2.5
      vertex -21.148 122.772 0
      vertex -21.6667 122.494 0
    endloop
  endfacet
  facet normal -0.957021 0.290017 0
    outer loop
      vertex -18.7066 119.464 0.5
      vertex -18.6269 119.727 2.5
      vertex -18.6269 119.727 0.5
    endloop
  endfacet
  facet normal -0.957021 0.290017 0
    outer loop
      vertex -18.6269 119.727 2.5
      vertex -18.7066 119.464 0.5
      vertex -18.7066 119.464 2.5
    endloop
  endfacet
  facet normal -0.995181 0.0980599 0
    outer loop
      vertex -18.6269 119.727 0.5
      vertex -18.6 120 2.5
      vertex -18.6 120 0.5
    endloop
  endfacet
  facet normal -0.995181 0.0980599 0
    outer loop
      vertex -18.6 120 2.5
      vertex -18.6269 119.727 0.5
      vertex -18.6269 119.727 2.5
    endloop
  endfacet
  facet normal -0.882 0.47125 0
    outer loop
      vertex -18.8359 119.222 0.5
      vertex -18.7066 119.464 2.5
      vertex -18.7066 119.464 0.5
    endloop
  endfacet
  facet normal -0.882 0.47125 0
    outer loop
      vertex -18.7066 119.464 2.5
      vertex -18.8359 119.222 0.5
      vertex -18.8359 119.222 2.5
    endloop
  endfacet
  facet normal 0.0983852 0.995148 -0
    outer loop
      vertex -20 118.6 0.5
      vertex -20.2731 118.627 2.5
      vertex -20 118.6 2.5
    endloop
  endfacet
  facet normal 0.0983852 0.995148 0
    outer loop
      vertex -20.2731 118.627 2.5
      vertex -20 118.6 0.5
      vertex -20.2731 118.627 0.5
    endloop
  endfacet
  facet normal -0.995181 -0.0980599 0
    outer loop
      vertex -18.6 120 0.5
      vertex -18.6269 120.273 2.5
      vertex -18.6269 120.273 0.5
    endloop
  endfacet
  facet normal -0.995181 -0.0980599 0
    outer loop
      vertex -18.6269 120.273 2.5
      vertex -18.6 120 0.5
      vertex -18.6 120 2.5
    endloop
  endfacet
  facet normal 0.470399 -0.882454 0
    outer loop
      vertex -20.7778 121.164 0.5
      vertex -20.5358 121.293 2.5
      vertex -20.7778 121.164 2.5
    endloop
  endfacet
  facet normal 0.470399 -0.882454 0
    outer loop
      vertex -20.5358 121.293 2.5
      vertex -20.7778 121.164 0.5
      vertex -20.5358 121.293 0.5
    endloop
  endfacet
  facet normal -0.63425 -0.773128 0
    outer loop
      vertex -19.2222 121.164 0.5
      vertex -19.0101 120.99 2.5
      vertex -19.2222 121.164 2.5
    endloop
  endfacet
  facet normal -0.63425 -0.773128 -0
    outer loop
      vertex -19.0101 120.99 2.5
      vertex -19.2222 121.164 0.5
      vertex -19.0101 120.99 0.5
    endloop
  endfacet
  facet normal -0.772624 0.634864 0
    outer loop
      vertex -19.0101 119.01 0.5
      vertex -18.8359 119.222 2.5
      vertex -18.8359 119.222 0.5
    endloop
  endfacet
  facet normal -0.772624 0.634864 0
    outer loop
      vertex -18.8359 119.222 2.5
      vertex -19.0101 119.01 0.5
      vertex -19.0101 119.01 2.5
    endloop
  endfacet
  facet normal -0.957021 -0.290017 0
    outer loop
      vertex -18.6269 120.273 0.5
      vertex -18.7066 120.536 2.5
      vertex -18.7066 120.536 0.5
    endloop
  endfacet
  facet normal -0.957021 -0.290017 0
    outer loop
      vertex -18.7066 120.536 2.5
      vertex -18.6269 120.273 0.5
      vertex -18.6269 120.273 2.5
    endloop
  endfacet
  facet normal 0.772624 -0.634864 0
    outer loop
      vertex -21.1641 120.778 2.5
      vertex -20.9899 120.99 0.5
      vertex -20.9899 120.99 2.5
    endloop
  endfacet
  facet normal 0.772624 -0.634864 0
    outer loop
      vertex -20.9899 120.99 0.5
      vertex -21.1641 120.778 2.5
      vertex -21.1641 120.778 0.5
    endloop
  endfacet
  facet normal 0.63425 0.773128 -0
    outer loop
      vertex -20.7778 118.836 0.5
      vertex -20.9899 119.01 2.5
      vertex -20.7778 118.836 2.5
    endloop
  endfacet
  facet normal 0.63425 0.773128 0
    outer loop
      vertex -20.9899 119.01 2.5
      vertex -20.7778 118.836 0.5
      vertex -20.9899 119.01 0.5
    endloop
  endfacet
  facet normal 0.470399 0.882454 -0
    outer loop
      vertex -20.5358 118.707 0.5
      vertex -20.7778 118.836 2.5
      vertex -20.5358 118.707 2.5
    endloop
  endfacet
  facet normal 0.470399 0.882454 0
    outer loop
      vertex -20.7778 118.836 2.5
      vertex -20.5358 118.707 0.5
      vertex -20.7778 118.836 0.5
    endloop
  endfacet
  facet normal -0.470399 0.882454 0
    outer loop
      vertex -19.2222 118.836 0.5
      vertex -19.4642 118.707 2.5
      vertex -19.2222 118.836 2.5
    endloop
  endfacet
  facet normal -0.470399 0.882454 0
    outer loop
      vertex -19.4642 118.707 2.5
      vertex -19.2222 118.836 0.5
      vertex -19.4642 118.707 0.5
    endloop
  endfacet
  facet normal 0.291321 0.956625 -0
    outer loop
      vertex -20.2731 118.627 0.5
      vertex -20.5358 118.707 2.5
      vertex -20.2731 118.627 2.5
    endloop
  endfacet
  facet normal 0.291321 0.956625 0
    outer loop
      vertex -20.5358 118.707 2.5
      vertex -20.2731 118.627 0.5
      vertex -20.5358 118.707 0.5
    endloop
  endfacet
  facet normal 0.882 -0.47125 0
    outer loop
      vertex -21.2934 120.536 2.5
      vertex -21.1641 120.778 0.5
      vertex -21.1641 120.778 2.5
    endloop
  endfacet
  facet normal 0.882 -0.47125 0
    outer loop
      vertex -21.1641 120.778 0.5
      vertex -21.2934 120.536 2.5
      vertex -21.2934 120.536 0.5
    endloop
  endfacet
  facet normal 0.63425 -0.773128 0
    outer loop
      vertex -20.9899 120.99 0.5
      vertex -20.7778 121.164 2.5
      vertex -20.9899 120.99 2.5
    endloop
  endfacet
  facet normal 0.63425 -0.773128 0
    outer loop
      vertex -20.7778 121.164 2.5
      vertex -20.9899 120.99 0.5
      vertex -20.7778 121.164 0.5
    endloop
  endfacet
  facet normal -0.772624 -0.634864 0
    outer loop
      vertex -18.8359 120.778 0.5
      vertex -19.0101 120.99 2.5
      vertex -19.0101 120.99 0.5
    endloop
  endfacet
  facet normal -0.772624 -0.634864 0
    outer loop
      vertex -19.0101 120.99 2.5
      vertex -18.8359 120.778 0.5
      vertex -18.8359 120.778 2.5
    endloop
  endfacet
  facet normal -0.291321 0.956625 0
    outer loop
      vertex -19.4642 118.707 0.5
      vertex -19.7269 118.627 2.5
      vertex -19.4642 118.707 2.5
    endloop
  endfacet
  facet normal -0.291321 0.956625 0
    outer loop
      vertex -19.7269 118.627 2.5
      vertex -19.4642 118.707 0.5
      vertex -19.7269 118.627 0.5
    endloop
  endfacet
  facet normal -0.0983852 0.995148 0
    outer loop
      vertex -19.7269 118.627 0.5
      vertex -20 118.6 2.5
      vertex -19.7269 118.627 2.5
    endloop
  endfacet
  facet normal -0.0983852 0.995148 0
    outer loop
      vertex -20 118.6 2.5
      vertex -19.7269 118.627 0.5
      vertex -20 118.6 0.5
    endloop
  endfacet
  facet normal -0.291321 -0.956625 0
    outer loop
      vertex -19.7269 121.373 0.5
      vertex -19.4642 121.293 2.5
      vertex -19.7269 121.373 2.5
    endloop
  endfacet
  facet normal -0.291321 -0.956625 -0
    outer loop
      vertex -19.4642 121.293 2.5
      vertex -19.7269 121.373 0.5
      vertex -19.4642 121.293 0.5
    endloop
  endfacet
  facet normal 0.957021 0.290017 0
    outer loop
      vertex -21.2934 119.464 2.5
      vertex -21.3731 119.727 0.5
      vertex -21.3731 119.727 2.5
    endloop
  endfacet
  facet normal 0.957021 0.290017 0
    outer loop
      vertex -21.3731 119.727 0.5
      vertex -21.2934 119.464 2.5
      vertex -21.2934 119.464 0.5
    endloop
  endfacet
  facet normal -0.470399 -0.882454 0
    outer loop
      vertex -19.4642 121.293 0.5
      vertex -19.2222 121.164 2.5
      vertex -19.4642 121.293 2.5
    endloop
  endfacet
  facet normal -0.470399 -0.882454 -0
    outer loop
      vertex -19.2222 121.164 2.5
      vertex -19.4642 121.293 0.5
      vertex -19.2222 121.164 0.5
    endloop
  endfacet
  facet normal 0.882 0.47125 0
    outer loop
      vertex -21.1641 119.222 2.5
      vertex -21.2934 119.464 0.5
      vertex -21.2934 119.464 2.5
    endloop
  endfacet
  facet normal 0.882 0.47125 0
    outer loop
      vertex -21.2934 119.464 0.5
      vertex -21.1641 119.222 2.5
      vertex -21.1641 119.222 0.5
    endloop
  endfacet
  facet normal -0.882 -0.47125 0
    outer loop
      vertex -18.7066 120.536 0.5
      vertex -18.8359 120.778 2.5
      vertex -18.8359 120.778 0.5
    endloop
  endfacet
  facet normal -0.882 -0.47125 0
    outer loop
      vertex -18.8359 120.778 2.5
      vertex -18.7066 120.536 0.5
      vertex -18.7066 120.536 2.5
    endloop
  endfacet
  facet normal -0.63425 0.773128 0
    outer loop
      vertex -19.0101 119.01 0.5
      vertex -19.2222 118.836 2.5
      vertex -19.0101 119.01 2.5
    endloop
  endfacet
  facet normal -0.63425 0.773128 0
    outer loop
      vertex -19.2222 118.836 2.5
      vertex -19.0101 119.01 0.5
      vertex -19.2222 118.836 0.5
    endloop
  endfacet
  facet normal 0.995181 0.0980599 0
    outer loop
      vertex -21.3731 119.727 2.5
      vertex -21.4 120 0.5
      vertex -21.4 120 2.5
    endloop
  endfacet
  facet normal 0.995181 0.0980599 0
    outer loop
      vertex -21.4 120 0.5
      vertex -21.3731 119.727 2.5
      vertex -21.3731 119.727 0.5
    endloop
  endfacet
  facet normal -0.0983852 -0.995148 0
    outer loop
      vertex -20 121.4 0.5
      vertex -19.7269 121.373 2.5
      vertex -20 121.4 2.5
    endloop
  endfacet
  facet normal -0.0983852 -0.995148 -0
    outer loop
      vertex -19.7269 121.373 2.5
      vertex -20 121.4 0.5
      vertex -19.7269 121.373 0.5
    endloop
  endfacet
  facet normal 0 0 1
    outer loop
      vertex -18.6269 120.273 0.5
      vertex -18.6269 119.727 0.5
      vertex -18.6 120 0.5
    endloop
  endfacet
  facet normal 0 0 1
    outer loop
      vertex -18.7066 120.536 0.5
      vertex -18.6269 119.727 0.5
      vertex -18.6269 120.273 0.5
    endloop
  endfacet
  facet normal 0 0 1
    outer loop
      vertex -18.7066 120.536 0.5
      vertex -18.7066 119.464 0.5
      vertex -18.6269 119.727 0.5
    endloop
  endfacet
  facet normal 0 0 1
    outer loop
      vertex -18.8359 120.778 0.5
      vertex -18.7066 119.464 0.5
      vertex -18.7066 120.536 0.5
    endloop
  endfacet
  facet normal 0 0 1
    outer loop
      vertex -18.8359 120.778 0.5
      vertex -18.8359 119.222 0.5
      vertex -18.7066 119.464 0.5
    endloop
  endfacet
  facet normal 0 0 1
    outer loop
      vertex -19.0101 120.99 0.5
      vertex -18.8359 119.222 0.5
      vertex -18.8359 120.778 0.5
    endloop
  endfacet
  facet normal 0 0 1
    outer loop
      vertex -19.0101 120.99 0.5
      vertex -19.0101 119.01 0.5
      vertex -18.8359 119.222 0.5
    endloop
  endfacet
  facet normal 0 0 1
    outer loop
      vertex -19.2222 121.164 0.5
      vertex -19.0101 119.01 0.5
      vertex -19.0101 120.99 0.5
    endloop
  endfacet
  facet normal 0 0 1
    outer loop
      vertex -19.2222 121.164 0.5
      vertex -19.2222 118.836 0.5
      vertex -19.0101 119.01 0.5
    endloop
  endfacet
  facet normal 0 0 1
    outer loop
      vertex -19.4642 121.293 0.5
      vertex -19.2222 118.836 0.5
      vertex -19.2222 121.164 0.5
    endloop
  endfacet
  facet normal 0 0 1
    outer loop
      vertex -19.4642 121.293 0.5
      vertex -19.4642 118.707 0.5
      vertex -19.2222 118.836 0.5
    endloop
  endfacet
  facet normal 0 0 1
    outer loop
      vertex -19.7269 121.373 0.5
      vertex -19.4642 118.707 0.5
      vertex -19.4642 121.293 0.5
    endloop
  endfacet
  facet normal 0 0 1
    outer loop
      vertex -19.7269 121.373 0.5
      vertex -19.7269 118.627 0.5
      vertex -19.4642 118.707 0.5
    endloop
  endfacet
  facet normal 0 0 1
    outer loop
      vertex -20 121.4 0.5
      vertex -19.7269 118.627 0.5
      vertex -19.7269 121.373 0.5
    endloop
  endfacet
  facet normal 0 0 1
    outer loop
      vertex -20 121.4 0.5
      vertex -20 118.6 0.5
      vertex -19.7269 118.627 0.5
    endloop
  endfacet
  facet normal -0 0 1
    outer loop
      vertex -20.2731 121.373 0.5
      vertex -20 118.6 0.5
      vertex -20 121.4 0.5
    endloop
  endfacet
  facet normal 0 0 1
    outer loop
      vertex -20.2731 121.373 0.5
      vertex -20.2731 118.627 0.5
      vertex -20 118.6 0.5
    endloop
  endfacet
  facet normal -0 0 1
    outer loop
      vertex -20.5358 121.293 0.5
      vertex -20.2731 118.627 0.5
      vertex -20.2731 121.373 0.5
    endloop
  endfacet
  facet normal 0 0 1
    outer loop
      vertex -20.5358 121.293 0.5
      vertex -20.5358 118.707 0.5
      vertex -20.2731 118.627 0.5
    endloop
  endfacet
  facet normal -0 0 1
    outer loop
      vertex -20.7778 121.164 0.5
      vertex -20.5358 118.707 0.5
      vertex -20.5358 121.293 0.5
    endloop
  endfacet
  facet normal 0 0 1
    outer loop
      vertex -20.7778 121.164 0.5
      vertex -20.7778 118.836 0.5
      vertex -20.5358 118.707 0.5
    endloop
  endfacet
  facet normal -0 0 1
    outer loop
      vertex -20.9899 120.99 0.5
      vertex -20.7778 118.836 0.5
      vertex -20.7778 121.164 0.5
    endloop
  endfacet
  facet normal 0 0 1
    outer loop
      vertex -20.9899 120.99 0.5
      vertex -20.9899 119.01 0.5
      vertex -20.7778 118.836 0.5
    endloop
  endfacet
  facet normal -0 0 1
    outer loop
      vertex -21.1641 120.778 0.5
      vertex -20.9899 119.01 0.5
      vertex -20.9899 120.99 0.5
    endloop
  endfacet
  facet normal 0 0 1
    outer loop
      vertex -21.1641 120.778 0.5
      vertex -21.1641 119.222 0.5
      vertex -20.9899 119.01 0.5
    endloop
  endfacet
  facet normal -0 0 1
    outer loop
      vertex -21.2934 120.536 0.5
      vertex -21.1641 119.222 0.5
      vertex -21.1641 120.778 0.5
    endloop
  endfacet
  facet normal 0 0 1
    outer loop
      vertex -21.2934 120.536 0.5
      vertex -21.2934 119.464 0.5
      vertex -21.1641 119.222 0.5
    endloop
  endfacet
  facet normal -0 0 1
    outer loop
      vertex -21.3731 120.273 0.5
      vertex -21.2934 119.464 0.5
      vertex -21.2934 120.536 0.5
    endloop
  endfacet
  facet normal 0 0 1
    outer loop
      vertex -21.3731 120.273 0.5
      vertex -21.3731 119.727 0.5
      vertex -21.2934 119.464 0.5
    endloop
  endfacet
  facet normal 0 -0 1
    outer loop
      vertex -21.3731 119.727 0.5
      vertex -21.3731 120.273 0.5
      vertex -21.4 120 0.5
    endloop
  endfacet
  facet normal 0.957021 -0.290017 0
    outer loop
      vertex -21.3731 120.273 2.5
      vertex -21.2934 120.536 0.5
      vertex -21.2934 120.536 2.5
    endloop
  endfacet
  facet normal 0.957021 -0.290017 0
    outer loop
      vertex -21.2934 120.536 0.5
      vertex -21.3731 120.273 2.5
      vertex -21.3731 120.273 0.5
    endloop
  endfacet
  facet normal 0.995181 -0.0980599 0
    outer loop
      vertex -21.4 120 2.5
      vertex -21.3731 120.273 0.5
      vertex -21.3731 120.273 2.5
    endloop
  endfacet
  facet normal 0.995181 -0.0980599 0
    outer loop
      vertex -21.3731 120.273 0.5
      vertex -21.4 120 2.5
      vertex -21.4 120 0.5
    endloop
  endfacet
  facet normal 0.0983852 -0.995148 0
    outer loop
      vertex -20.2731 121.373 0.5
      vertex -20 121.4 2.5
      vertex -20.2731 121.373 2.5
    endloop
  endfacet
  facet normal 0.0983852 -0.995148 0
    outer loop
      vertex -20 121.4 2.5
      vertex -20.2731 121.373 0.5
      vertex -20 121.4 0.5
    endloop
  endfacet
  facet normal 0.291321 -0.956625 0
    outer loop
      vertex -20.5358 121.293 0.5
      vertex -20.2731 121.373 2.5
      vertex -20.5358 121.293 2.5
    endloop
  endfacet
  facet normal 0.291321 -0.956625 0
    outer loop
      vertex -20.2731 121.373 2.5
      vertex -20.5358 121.293 0.5
      vertex -20.2731 121.373 0.5
    endloop
  endfacet
  facet normal 0.772624 0.634864 0
    outer loop
      vertex -20.9899 119.01 2.5
      vertex -21.1641 119.222 0.5
      vertex -21.1641 119.222 2.5
    endloop
  endfacet
  facet normal 0.772624 0.634864 0
    outer loop
      vertex -21.1641 119.222 0.5
      vertex -20.9899 119.01 2.5
      vertex -20.9899 119.01 0.5
    endloop
  endfacet
endsolid OpenSCAD_Model
