solid OpenSCAD_Model
  facet normal -0.602781 -0.190758 -0.774768
    outer loop
      vertex 0.237775 1.86282 2.99
      vertex 0.414602 2.02498 2.8125
      vertex 0.238294 1.86118 2.99
    endloop
  endfacet
  facet normal -0.602907 -0.190566 -0.774718
    outer loop
      vertex 0.414602 2.02498 2.8125
      vertex 0.237775 1.86282 2.99
      vertex 3.05256 5.11289 0
    endloop
  endfacet
  facet normal -0.0638451 0.675985 -0.734145
    outer loop
      vertex 5.20166 44.9496 0
      vertex 5.13695 45.6562 0.65625
      vertex 5.73529 45 0
    endloop
  endfacet
  facet normal -0.528376 -0.292693 -0.796963
    outer loop
      vertex 0.5146 1.34425 2.99
      vertex 0.597947 1.42183 2.90625
      vertex 0.515442 1.34273 2.99
    endloop
  endfacet
  facet normal -0.527562 -0.293736 -0.797119
    outer loop
      vertex 0.597947 1.42183 2.90625
      vertex 0.5146 1.34425 2.99
      vertex 3.20821 4.62046 0
    endloop
  endfacet
  facet normal -0.448813 -0.383827 -0.806997
    outer loop
      vertex 0.887287 0.889639 2.99
      vertex 0.970007 0.968998 2.90625
      vertex 0.888421 0.888313 2.99
    endloop
  endfacet
  facet normal -0.448796 -0.383845 -0.806997
    outer loop
      vertex 0.970007 0.968998 2.90625
      vertex 0.887287 0.889639 2.99
      vertex 3.46098 4.16663 0
    endloop
  endfacet
  facet normal -0.602904 -0.190569 -0.77472
    outer loop
      vertex 3.20821 4.62046 0
      vertex 1.06644 2.63059 2.15625
      vertex 3.05256 5.11289 0
    endloop
  endfacet
  facet normal -0.448822 -0.38382 -0.806995
    outer loop
      vertex 3.80115 3.76885 0
      vertex 2.70522 2.68503 1.125
      vertex 3.46098 4.16663 0
    endloop
  endfacet
  facet normal -0.675821 0.0665542 -0.734055
    outer loop
      vertex 3 42.375 0
      vertex 0.00999928 44.9912 2.99
      vertex 0.067452 45.5746 2.99
    endloop
  endfacet
  facet normal -0.457771 -0.375687 -0.805794
    outer loop
      vertex 0.848738 0.936612 2.99
      vertex 0.515442 1.34273 2.99
      vertex 0.597947 1.42183 2.90625
    endloop
  endfacet
  facet normal -0.375306 -0.457346 -0.806213
    outer loop
      vertex 1.34152 0.516468 2.99
      vertex 2.70522 2.68503 1.125
      vertex 3.80115 3.76885 0
    endloop
  endfacet
  facet normal -0.375062 -0.457515 -0.806231
    outer loop
      vertex 2.70522 2.68503 1.125
      vertex 1.34152 0.516468 2.99
      vertex 1.34061 0.517214 2.99
    endloop
  endfacet
  facet normal -0.448832 -0.383813 -0.806993
    outer loop
      vertex 2.70522 2.68503 1.125
      vertex 1.51797 1.5109 2.34375
      vertex 3.46098 4.16663 0
    endloop
  endfacet
  facet normal 0.375471 -0.457272 -0.806179
    outer loop
      vertex 66.6594 0.517214 2.99
      vertex 66.482 1.5109 2.34375
      vertex 66.6639 0.520909 2.99
    endloop
  endfacet
  facet normal 0.375357 -0.457312 -0.806209
    outer loop
      vertex 66.482 1.5109 2.34375
      vertex 66.6594 0.517214 2.99
      vertex 65.2948 2.68503 1.125
    endloop
  endfacet
  facet normal 0.365883 0.464641 -0.806374
    outer loop
      vertex 64.1989 44.2312 0
      vertex 63.7844 44.5576 0
      vertex 65.5858 46.3931 1.875
    endloop
  endfacet
  facet normal -0.0664566 -0.674834 -0.734971
    outer loop
      vertex 2.676 0.338219 2.71875
      vertex 3.00721 0.0101802 2.99
      vertex 2.98848 0.0120247 2.99
    endloop
  endfacet
  facet normal -0.0664664 -0.67484 -0.734965
    outer loop
      vertex 3.00721 0.0101802 2.99
      vertex 2.676 0.338219 2.71875
      vertex 5.02748 2.86339 0.1875
    endloop
  endfacet
  facet normal -0.534858 -0.285898 -0.795103
    outer loop
      vertex 0.5146 1.34425 2.99
      vertex 1.06644 2.63059 2.15625
      vertex 3.20821 4.62046 0
    endloop
  endfacet
  facet normal -0.534395 -0.286222 -0.795298
    outer loop
      vertex 1.06644 2.63059 2.15625
      vertex 0.5146 1.34425 2.99
      vertex 0.512238 1.34866 2.99
    endloop
  endfacet
  facet normal -0.534866 -0.285892 -0.7951
    outer loop
      vertex 0.500739 1.37018 2.99
      vertex 0.238294 1.86118 2.99
      vertex 0.414602 2.02498 2.8125
    endloop
  endfacet
  facet normal -0.375321 -0.457335 -0.806212
    outer loop
      vertex 1.34061 0.517214 2.99
      vertex 1.51797 1.5109 2.34375
      vertex 2.70522 2.68503 1.125
    endloop
  endfacet
  facet normal -0.374831 -0.457507 -0.806343
    outer loop
      vertex 1.51797 1.5109 2.34375
      vertex 1.34061 0.517214 2.99
      vertex 1.3361 0.520909 2.99
    endloop
  endfacet
  facet normal -0.448838 -0.383808 -0.806992
    outer loop
      vertex 1.51797 1.5109 2.34375
      vertex 0.970007 0.968998 2.90625
      vertex 3.46098 4.16663 0
    endloop
  endfacet
  facet normal -0.527499 -0.293802 -0.797136
    outer loop
      vertex 3.46098 4.16663 0
      vertex 2.53742 3.28121 0.9375
      vertex 3.20821 4.62046 0
    endloop
  endfacet
  facet normal -0.457775 -0.375692 -0.80579
    outer loop
      vertex 0.887287 0.889639 2.99
      vertex 2.53742 3.28121 0.9375
      vertex 3.46098 4.16663 0
    endloop
  endfacet
  facet normal -0.457958 -0.375539 -0.805758
    outer loop
      vertex 2.53742 3.28121 0.9375
      vertex 0.887287 0.889639 2.99
      vertex 0.886722 0.890328 2.99
    endloop
  endfacet
  facet normal 0.365478 0.465154 -0.806261
    outer loop
      vertex 66.6585 47.4835 2.99
      vertex 66.4866 47.3109 2.8125
      vertex 66.6571 47.4846 2.99
    endloop
  endfacet
  facet normal 0.366848 0.463896 -0.806364
    outer loop
      vertex 66.4866 47.3109 2.8125
      vertex 66.6585 47.4835 2.99
      vertex 64.1989 44.2312 0
    endloop
  endfacet
  facet normal 0.375347 0.457298 -0.806222
    outer loop
      vertex 66.482 46.4891 2.34375
      vertex 66.7055 47.445 2.99
      vertex 67.03 47.031 2.90625
    endloop
  endfacet
  facet normal 0.374973 0.457446 -0.806312
    outer loop
      vertex 66.7055 47.445 2.99
      vertex 66.482 46.4891 2.34375
      vertex 66.6639 47.4791 2.99
    endloop
  endfacet
  facet normal -0.602896 0.190578 -0.774723
    outer loop
      vertex 3.05256 42.8871 0
      vertex 1.06644 45.3694 2.15625
      vertex 3.20821 43.3795 0
    endloop
  endfacet
  facet normal 0.377709 -0.455681 -0.806034
    outer loop
      vertex 66.6585 0.516468 2.99
      vertex 65.2948 2.68503 1.125
      vertex 66.6594 0.517214 2.99
    endloop
  endfacet
  facet normal 0.375333 -0.457328 -0.806211
    outer loop
      vertex 65.2948 2.68503 1.125
      vertex 66.6585 0.516468 2.99
      vertex 64.1989 3.76885 0
    endloop
  endfacet
  facet normal -0.534939 -0.285839 -0.79507
    outer loop
      vertex 0.500739 1.37018 2.99
      vertex 1.06644 2.63059 2.15625
      vertex 0.512238 1.34866 2.99
    endloop
  endfacet
  facet normal -0.534865 -0.285892 -0.7951
    outer loop
      vertex 1.06644 2.63059 2.15625
      vertex 0.500739 1.37018 2.99
      vertex 0.414602 2.02498 2.8125
    endloop
  endfacet
  facet normal -0.602919 -0.19055 -0.774712
    outer loop
      vertex 1.06644 2.63059 2.15625
      vertex 0.414602 2.02498 2.8125
      vertex 3.05256 5.11289 0
    endloop
  endfacet
  facet normal -0.375337 -0.457328 -0.806209
    outer loop
      vertex 1.29454 0.555018 2.99
      vertex 1.51797 1.5109 2.34375
      vertex 1.3361 0.520909 2.99
    endloop
  endfacet
  facet normal -0.375327 -0.457332 -0.806212
    outer loop
      vertex 1.51797 1.5109 2.34375
      vertex 1.29454 0.555018 2.99
      vertex 0.970007 0.968998 2.90625
    endloop
  endfacet
  facet normal -0.375322 -0.457329 -0.806216
    outer loop
      vertex 1.29454 0.555018 2.99
      vertex 0.888421 0.888313 2.99
      vertex 0.970007 0.968998 2.90625
    endloop
  endfacet
  facet normal 0.603081 0.190338 -0.774639
    outer loop
      vertex 67.5854 45.975 2.8125
      vertex 64.9474 42.8871 0
      vertex 66.9336 45.3694 2.15625
    endloop
  endfacet
  facet normal -0.366136 -0.4644 -0.806397
    outer loop
      vertex 1.34152 0.516468 2.99
      vertex 1.51344 0.689141 2.8125
      vertex 1.3429 0.51538 2.99
    endloop
  endfacet
  facet normal -0.365922 -0.464597 -0.806381
    outer loop
      vertex 1.51344 0.689141 2.8125
      vertex 1.34152 0.516468 2.99
      vertex 3.80115 3.76885 0
    endloop
  endfacet
  facet normal -0.457782 -0.375687 -0.805789
    outer loop
      vertex 0.848738 0.936612 2.99
      vertex 2.07564 2.8385 1.40625
      vertex 0.88619 0.890976 2.99
    endloop
  endfacet
  facet normal -0.457778 -0.37569 -0.805789
    outer loop
      vertex 2.07564 2.8385 1.40625
      vertex 0.848738 0.936612 2.99
      vertex 0.597947 1.42183 2.90625
    endloop
  endfacet
  facet normal -0.527502 -0.293799 -0.797135
    outer loop
      vertex 2.07564 2.8385 1.40625
      vertex 0.597947 1.42183 2.90625
      vertex 3.20821 4.62046 0
    endloop
  endfacet
  facet normal 0.444301 -0.386909 -0.808021
    outer loop
      vertex 67.1127 0.889639 2.99
      vertex 65.4626 3.28121 0.9375
      vertex 67.1133 0.890328 2.99
    endloop
  endfacet
  facet normal 0.457705 -0.375756 -0.8058
    outer loop
      vertex 65.4626 3.28121 0.9375
      vertex 67.1127 0.889639 2.99
      vertex 64.539 4.16663 0
    endloop
  endfacet
  facet normal -0.707107 0 -0.707107
    outer loop
      vertex 3 5.625 0
      vertex 0.00999928 44.9912 2.99
      vertex 3 42.375 0
    endloop
  endfacet
  facet normal -0.707107 -0 -0.707107
    outer loop
      vertex 0.00999928 44.9912 2.99
      vertex 3 5.625 0
      vertex 0.00999928 3.00875 2.99
    endloop
  endfacet
  facet normal -0.607704 -0.184347 -0.772471
    outer loop
      vertex 0.22924 1.89096 2.99
      vertex 0.0676271 2.42372 2.99
      vertex 0.244826 2.58336 2.8125
    endloop
  endfacet
  facet normal 0.448889 -0.383765 -0.806984
    outer loop
      vertex 65.2948 2.68503 1.125
      vertex 64.539 4.16663 0
      vertex 66.482 1.5109 2.34375
    endloop
  endfacet
  facet normal 0.0664623 -0.67484 -0.734965
    outer loop
      vertex 65.576 0.0676201 2.99
      vertex 65.0115 0.0120247 2.99
      vertex 65.324 0.338219 2.71875
    endloop
  endfacet
  facet normal -0.534871 0.285878 -0.795102
    outer loop
      vertex 1.06644 45.3694 2.15625
      vertex 0.5146 46.6558 2.99
      vertex 3.20821 43.3795 0
    endloop
  endfacet
  facet normal -0.539046 0.282939 -0.793331
    outer loop
      vertex 0.5146 46.6558 2.99
      vertex 1.06644 45.3694 2.15625
      vertex 0.512238 46.6513 2.99
    endloop
  endfacet
  facet normal -0.675816 -0.0665629 -0.734059
    outer loop
      vertex 0.067452 2.42543 2.99
      vertex 0.00999928 3.00875 2.99
      vertex 3 5.625 0
    endloop
  endfacet
  facet normal 0.0744842 0.670358 -0.73829
    outer loop
      vertex 64.9927 47.9898 2.99
      vertex 63.5469 46.4062 1.40625
      vertex 64.9909 47.99 2.99
    endloop
  endfacet
  facet normal 0.0637683 0.675993 -0.734143
    outer loop
      vertex 63.5469 46.4062 1.40625
      vertex 64.9927 47.9898 2.99
      vertex 62.7983 44.9496 0
    endloop
  endfacet
  facet normal -0.285254 0.53356 -0.796206
    outer loop
      vertex 1.51344 47.3109 2.8125
      vertex 1.3429 47.4846 2.99
      vertex 1.8339 47.7471 2.99
    endloop
  endfacet
  facet normal -0.527499 -0.293802 -0.797136
    outer loop
      vertex 2.53742 3.28121 0.9375
      vertex 2.07564 2.8385 1.40625
      vertex 3.20821 4.62046 0
    endloop
  endfacet
  facet normal -0.457775 -0.375692 -0.80579
    outer loop
      vertex 0.886722 0.890328 2.99
      vertex 2.07564 2.8385 1.40625
      vertex 2.53742 3.28121 0.9375
    endloop
  endfacet
  facet normal -0.45769 -0.375758 -0.805807
    outer loop
      vertex 2.07564 2.8385 1.40625
      vertex 0.886722 0.890328 2.99
      vertex 0.88619 0.890976 2.99
    endloop
  endfacet
  facet normal -0.674284 -0.0690451 -0.735238
    outer loop
      vertex 0.067452 2.42543 2.99
      vertex 0.244826 2.58336 2.8125
      vertex 0.0676271 2.42372 2.99
    endloop
  endfacet
  facet normal -0.674214 -0.0691803 -0.735289
    outer loop
      vertex 0.244826 2.58336 2.8125
      vertex 0.067452 2.42543 2.99
      vertex 3 5.625 0
    endloop
  endfacet
  facet normal -0.448835 0.383811 -0.806992
    outer loop
      vertex 3.46098 43.8334 0
      vertex 2.70522 45.315 1.125
      vertex 3.80115 44.2312 0
    endloop
  endfacet
  facet normal 0.44888 0.383771 -0.806986
    outer loop
      vertex 64.539 43.8334 0
      vertex 64.1989 44.2312 0
      vertex 65.2948 45.315 1.125
    endloop
  endfacet
  facet normal 0.178943 0.608405 -0.77319
    outer loop
      vertex 65.5777 47.9319 2.99
      vertex 65.324 47.6618 2.71875
      vertex 65.576 47.9324 2.99
    endloop
  endfacet
  facet normal 0.177393 0.609417 -0.77275
    outer loop
      vertex 65.324 47.6618 2.71875
      vertex 65.5777 47.9319 2.99
      vertex 63.3115 44.8002 0
    endloop
  endfacet
  facet normal -0.674129 0.0693192 -0.735354
    outer loop
      vertex 0.067452 45.5746 2.99
      vertex 0.244826 45.4166 2.8125
      vertex 3 42.375 0
    endloop
  endfacet
  facet normal -0.674072 0.0694294 -0.735395
    outer loop
      vertex 0.244826 45.4166 2.8125
      vertex 0.067452 45.5746 2.99
      vertex 0.0676271 45.5763 2.99
    endloop
  endfacet
  facet normal -0.285155 0.533528 -0.796263
    outer loop
      vertex 2.41417 46.3931 1.875
      vertex 1.85983 47.7609 2.99
      vertex 4.21565 44.5576 0
    endloop
  endfacet
  facet normal -0.279257 0.536174 -0.796576
    outer loop
      vertex 1.85983 47.7609 2.99
      vertex 2.41417 46.3931 1.875
      vertex 1.85695 47.7594 2.99
    endloop
  endfacet
  facet normal -0.674202 -0.0691962 -0.735298
    outer loop
      vertex 3.05256 5.11289 0
      vertex 2.49101 4.60698 0.5625
      vertex 3 5.625 0
    endloop
  endfacet
  facet normal -0.607687 -0.184367 -0.77248
    outer loop
      vertex 0.237775 1.86282 2.99
      vertex 2.49101 4.60698 0.5625
      vertex 3.05256 5.11289 0
    endloop
  endfacet
  facet normal -0.607195 -0.184983 -0.772719
    outer loop
      vertex 2.49101 4.60698 0.5625
      vertex 0.237775 1.86282 2.99
      vertex 0.237644 1.86325 2.99
    endloop
  endfacet
  facet normal -0.183861 0.606139 -0.773816
    outer loop
      vertex 1.94059 47.6788 2.90625
      vertex 1.86141 47.7617 2.99
      vertex 2.36416 47.9142 2.99
    endloop
  endfacet
  facet normal 0.688784 -0.0402798 -0.723847
    outer loop
      vertex 67.7552 2.58336 2.8125
      vertex 67.9325 2.42543 2.99
      vertex 67.9324 2.42372 2.99
    endloop
  endfacet
  facet normal 0.675085 -0.0677691 -0.734621
    outer loop
      vertex 67.9325 2.42543 2.99
      vertex 67.7552 2.58336 2.8125
      vertex 65 5.625 0
    endloop
  endfacet
  facet normal -0.0638896 -0.675934 -0.734187
    outer loop
      vertex 5.13695 2.34375 0.65625
      vertex 4.45312 1.59375 1.40625
      vertex 5.20166 3.05044 0
    endloop
  endfacet
  facet normal -0.0664721 0.674836 -0.734968
    outer loop
      vertex 2.676 47.6618 2.71875
      vertex 2.42402 47.9324 2.99
      vertex 2.98848 47.988 2.99
    endloop
  endfacet
  facet normal -0.0672727 0.674504 -0.735199
    outer loop
      vertex 5.02748 45.1366 0.1875
      vertex 3.00734 47.9898 2.99
      vertex 5.20166 44.9496 0
    endloop
  endfacet
  facet normal 0 0.70074 -0.713417
    outer loop
      vertex 3.00734 47.9898 2.99
      vertex 5.02748 45.1366 0.1875
      vertex 3.00721 47.9898 2.99
    endloop
  endfacet
  facet normal 0.448868 -0.38378 -0.806989
    outer loop
      vertex 65.2948 2.68503 1.125
      vertex 64.1989 3.76885 0
      vertex 64.539 4.16663 0
    endloop
  endfacet
  facet normal 0.183794 -0.605943 -0.773985
    outer loop
      vertex 66.1386 0.238266 2.99
      vertex 65.6358 0.0857574 2.99
      vertex 66.0594 0.321219 2.90625
    endloop
  endfacet
  facet normal 0.674146 0.0692445 -0.735345
    outer loop
      vertex 65 42.375 0
      vertex 64.9474 42.8871 0
      vertex 65.509 43.393 0.5625
    endloop
  endfacet
  facet normal 0.67579 -0.0666151 -0.734078
    outer loop
      vertex 67.9325 2.42543 2.99
      vertex 65 5.625 0
      vertex 67.99 3.00875 2.99
    endloop
  endfacet
  facet normal -0.375293 0.457364 -0.806209
    outer loop
      vertex 2.70522 45.315 1.125
      vertex 1.34152 47.4835 2.99
      vertex 3.80115 44.2312 0
    endloop
  endfacet
  facet normal -0.359908 0.467881 -0.807189
    outer loop
      vertex 1.34152 47.4835 2.99
      vertex 2.70522 45.315 1.125
      vertex 1.34061 47.4828 2.99
    endloop
  endfacet
  facet normal -0.365931 -0.46459 -0.806381
    outer loop
      vertex 2.41417 1.60689 1.875
      vertex 1.51344 0.689141 2.8125
      vertex 3.80115 3.76885 0
    endloop
  endfacet
  facet normal -0.177436 -0.609392 -0.77276
    outer loop
      vertex 2.42231 0.068118 2.99
      vertex 2.676 0.338219 2.71875
      vertex 2.42402 0.0676201 2.99
    endloop
  endfacet
  facet normal -0.177425 -0.609399 -0.772757
    outer loop
      vertex 2.676 0.338219 2.71875
      vertex 2.42231 0.068118 2.99
      vertex 4.68854 3.19982 0
    endloop
  endfacet
  facet normal 0.60771 -0.184334 -0.77247
    outer loop
      vertex 67.7708 1.89096 2.99
      vertex 67.7552 2.58336 2.8125
      vertex 67.9324 2.42372 2.99
    endloop
  endfacet
  facet normal -0.365918 -0.464599 -0.806382
    outer loop
      vertex 4.21565 3.44239 0
      vertex 2.41417 1.60689 1.875
      vertex 3.80115 3.76885 0
    endloop
  endfacet
  facet normal -0.0637809 0.675991 -0.734145
    outer loop
      vertex 5.20166 44.9496 0
      vertex 4.45312 46.4062 1.40625
      vertex 5.13695 45.6562 0.65625
    endloop
  endfacet
  facet normal -0.607664 0.184356 -0.772501
    outer loop
      vertex 0.244826 45.4166 2.8125
      vertex 0.0676271 45.5763 2.99
      vertex 0.22924 46.109 2.99
    endloop
  endfacet
  facet normal -0.607701 -0.184347 -0.772474
    outer loop
      vertex 0.236689 1.8664 2.99
      vertex 0.244826 2.58336 2.8125
      vertex 1.08715 3.34222 1.96875
    endloop
  endfacet
  facet normal -0.607766 -0.184334 -0.772426
    outer loop
      vertex 0.244826 2.58336 2.8125
      vertex 0.236689 1.8664 2.99
      vertex 0.22924 1.89096 2.99
    endloop
  endfacet
  facet normal -0.674194 -0.0692125 -0.735304
    outer loop
      vertex 1.08715 3.34222 1.96875
      vertex 0.244826 2.58336 2.8125
      vertex 3 5.625 0
    endloop
  endfacet
  facet normal 0.362528 0.466108 -0.807042
    outer loop
      vertex 65.2948 45.315 1.125
      vertex 66.6585 47.4835 2.99
      vertex 66.6594 47.4828 2.99
    endloop
  endfacet
  facet normal 0.375319 0.457346 -0.806207
    outer loop
      vertex 66.6585 47.4835 2.99
      vertex 65.2948 45.315 1.125
      vertex 64.1989 44.2312 0
    endloop
  endfacet
  facet normal 0.534903 0.285863 -0.795086
    outer loop
      vertex 67.5854 45.975 2.8125
      vertex 67.4993 46.6298 2.99
      vertex 67.7617 46.1388 2.99
    endloop
  endfacet
  facet normal 0.602933 -0.190517 -0.774709
    outer loop
      vertex 66.9336 2.63059 2.15625
      vertex 64.7918 4.62046 0
      vertex 64.9474 5.11289 0
    endloop
  endfacet
  facet normal -0.066467 -0.67484 -0.734965
    outer loop
      vertex 2.98848 0.0120247 2.99
      vertex 2.42402 0.0676201 2.99
      vertex 2.676 0.338219 2.71875
    endloop
  endfacet
  facet normal -0.28517 -0.533516 -0.796266
    outer loop
      vertex 1.8339 0.252935 2.99
      vertex 1.3429 0.51538 2.99
      vertex 1.51344 0.689141 2.8125
    endloop
  endfacet
  facet normal 0.534449 0.28504 -0.795686
    outer loop
      vertex 67.4854 46.6558 2.99
      vertex 67.4021 46.5782 2.90625
      vertex 67.4846 46.6573 2.99
    endloop
  endfacet
  facet normal 0.528408 0.292827 -0.796892
    outer loop
      vertex 67.4021 46.5782 2.90625
      vertex 67.4854 46.6558 2.99
      vertex 64.7918 43.3795 0
    endloop
  endfacet
  facet normal 0 0.707134 -0.70708
    outer loop
      vertex 5.13695 45.6562 0.65625
      vertex 62.8631 45.6562 0.65625
      vertex 62.2647 45 0
    endloop
  endfacet
  facet normal 0 0.707107 -0.707107
    outer loop
      vertex 62.8631 45.6562 0.65625
      vertex 5.13695 45.6562 0.65625
      vertex 63.5469 46.4062 1.40625
    endloop
  endfacet
  facet normal 0 0.707134 -0.70708
    outer loop
      vertex 5.13695 45.6562 0.65625
      vertex 62.2647 45 0
      vertex 5.73529 45 0
    endloop
  endfacet
  facet normal 0 0.707107 -0.707107
    outer loop
      vertex 63.5469 46.4062 1.40625
      vertex 5.13695 45.6562 0.65625
      vertex 4.45312 46.4062 1.40625
    endloop
  endfacet
  facet normal 0 0.707096 -0.707118
    outer loop
      vertex 63.5469 46.4062 1.40625
      vertex 4.45312 46.4062 1.40625
      vertex 64.9909 47.99 2.99
    endloop
  endfacet
  facet normal 0 0.707096 -0.707118
    outer loop
      vertex 64.9909 47.99 2.99
      vertex 4.45312 46.4062 1.40625
      vertex 3.00912 47.99 2.99
    endloop
  endfacet
  facet normal 0.0638941 -0.67593 -0.734191
    outer loop
      vertex 62.8631 2.34375 0.65625
      vertex 62.2647 3 0
      vertex 62.7983 3.05044 0
    endloop
  endfacet
  facet normal 0.273709 -0.541327 -0.795015
    outer loop
      vertex 66.0594 0.321219 2.90625
      vertex 66.1402 0.239075 2.99
      vertex 66.1386 0.238266 2.99
    endloop
  endfacet
  facet normal 0.276068 -0.539465 -0.795464
    outer loop
      vertex 66.1402 0.239075 2.99
      vertex 66.0594 0.321219 2.90625
      vertex 63.7844 3.44239 0
    endloop
  endfacet
  facet normal -0.457763 0.375697 -0.805795
    outer loop
      vertex 0.597947 46.5782 2.90625
      vertex 0.515442 46.6573 2.99
      vertex 0.848738 47.0634 2.99
    endloop
  endfacet
  facet normal -0.277828 0.538323 -0.795626
    outer loop
      vertex 1.85983 47.7609 2.99
      vertex 1.94059 47.6788 2.90625
      vertex 4.21565 44.5576 0
    endloop
  endfacet
  facet normal -0.274072 0.541291 -0.794914
    outer loop
      vertex 1.94059 47.6788 2.90625
      vertex 1.85983 47.7609 2.99
      vertex 1.86141 47.7617 2.99
    endloop
  endfacet
  facet normal -0.365879 0.464635 -0.806379
    outer loop
      vertex 3.80115 44.2312 0
      vertex 2.41417 46.3931 1.875
      vertex 4.21565 44.5576 0
    endloop
  endfacet
  facet normal -0.285139 0.533525 -0.79627
    outer loop
      vertex 1.51344 47.3109 2.8125
      vertex 1.85695 47.7594 2.99
      vertex 2.41417 46.3931 1.875
    endloop
  endfacet
  facet normal -0.284545 0.533232 -0.796679
    outer loop
      vertex 1.85695 47.7594 2.99
      vertex 1.51344 47.3109 2.8125
      vertex 1.8339 47.7471 2.99
    endloop
  endfacet
  facet normal -0.0638439 -0.675958 -0.734169
    outer loop
      vertex 3.00734 0.0101674 2.99
      vertex 4.45312 1.59375 1.40625
      vertex 3.00912 0.00999928 2.99
    endloop
  endfacet
  facet normal -0.0638908 -0.675934 -0.734187
    outer loop
      vertex 4.45312 1.59375 1.40625
      vertex 3.00734 0.0101674 2.99
      vertex 5.20166 3.05044 0
    endloop
  endfacet
  facet normal -0.183785 -0.605959 -0.773974
    outer loop
      vertex 2.42231 0.068118 2.99
      vertex 4.5999 3.10696 0.09375
      vertex 4.68854 3.19982 0
    endloop
  endfacet
  facet normal -0.184672 -0.60548 -0.774138
    outer loop
      vertex 4.5999 3.10696 0.09375
      vertex 2.42231 0.068118 2.99
      vertex 2.42225 0.0681363 2.99
    endloop
  endfacet
  facet normal -0.177454 0.609471 -0.772693
    outer loop
      vertex 5.20166 44.9496 0
      vertex 4.68854 44.8002 0
      vertex 5.02748 45.1366 0.1875
    endloop
  endfacet
  facet normal -0.177434 0.609395 -0.772758
    outer loop
      vertex 2.42231 47.9319 2.99
      vertex 2.676 47.6618 2.71875
      vertex 4.68854 44.8002 0
    endloop
  endfacet
  facet normal -0.178065 0.608982 -0.772938
    outer loop
      vertex 2.676 47.6618 2.71875
      vertex 2.42231 47.9319 2.99
      vertex 2.42402 47.9324 2.99
    endloop
  endfacet
  facet normal -0.0637636 0.675996 -0.734141
    outer loop
      vertex 3.00734 47.9898 2.99
      vertex 4.45312 46.4062 1.40625
      vertex 5.20166 44.9496 0
    endloop
  endfacet
  facet normal -0.0752739 0.669938 -0.738591
    outer loop
      vertex 4.45312 46.4062 1.40625
      vertex 3.00734 47.9898 2.99
      vertex 3.00912 47.99 2.99
    endloop
  endfacet
  facet normal 0.0638482 0.67598 -0.734149
    outer loop
      vertex 62.7983 44.9496 0
      vertex 62.2647 45 0
      vertex 62.8631 45.6562 0.65625
    endloop
  endfacet
  facet normal 0.283671 -0.534185 -0.796353
    outer loop
      vertex 66.1402 0.239075 2.99
      vertex 65.5858 1.60689 1.875
      vertex 66.1431 0.240615 2.99
    endloop
  endfacet
  facet normal 0.28521 -0.533491 -0.796267
    outer loop
      vertex 65.5858 1.60689 1.875
      vertex 66.1402 0.239075 2.99
      vertex 63.7844 3.44239 0
    endloop
  endfacet
  facet normal -0.67421 -0.0691883 -0.735291
    outer loop
      vertex 2.49101 4.60698 0.5625
      vertex 1.08715 3.34222 1.96875
      vertex 3 5.625 0
    endloop
  endfacet
  facet normal -0.607711 -0.184337 -0.772468
    outer loop
      vertex 0.237644 1.86325 2.99
      vertex 1.08715 3.34222 1.96875
      vertex 2.49101 4.60698 0.5625
    endloop
  endfacet
  facet normal -0.607786 -0.184265 -0.772426
    outer loop
      vertex 1.08715 3.34222 1.96875
      vertex 0.237644 1.86325 2.99
      vertex 0.236689 1.8664 2.99
    endloop
  endfacet
  facet normal 0.527498 0.29379 -0.797141
    outer loop
      vertex 64.7918 43.3795 0
      vertex 64.539 43.8334 0
      vertex 65.4626 44.7188 0.9375
    endloop
  endfacet
  facet normal -0.45781 0.37566 -0.805785
    outer loop
      vertex 2.53742 44.7188 0.9375
      vertex 0.887287 47.1104 2.99
      vertex 3.46098 43.8334 0
    endloop
  endfacet
  facet normal -0.461531 0.372521 -0.80512
    outer loop
      vertex 0.887287 47.1104 2.99
      vertex 2.53742 44.7188 0.9375
      vertex 0.886722 47.1097 2.99
    endloop
  endfacet
  facet normal -0.285155 -0.533509 -0.796276
    outer loop
      vertex 1.51344 0.689141 2.8125
      vertex 1.85695 0.240615 2.99
      vertex 1.8339 0.252935 2.99
    endloop
  endfacet
  facet normal -0.285172 -0.533517 -0.796264
    outer loop
      vertex 1.85695 0.240615 2.99
      vertex 1.51344 0.689141 2.8125
      vertex 2.41417 1.60689 1.875
    endloop
  endfacet
  facet normal 0.688664 0.0405097 -0.723948
    outer loop
      vertex 67.9325 45.5746 2.99
      vertex 67.7552 45.4166 2.8125
      vertex 67.9324 45.5763 2.99
    endloop
  endfacet
  facet normal 0.675001 0.0679054 -0.734686
    outer loop
      vertex 67.7552 45.4166 2.8125
      vertex 67.9325 45.5746 2.99
      vertex 65 42.375 0
    endloop
  endfacet
  facet normal 0.177386 -0.609414 -0.772754
    outer loop
      vertex 62.9725 2.86339 0.1875
      vertex 62.7983 3.05044 0
      vertex 63.3115 3.19982 0
    endloop
  endfacet
  facet normal 0 0 -1
    outer loop
      vertex 62.2647 3 0
      vertex 65 5.625 0
      vertex 64.9474 5.11289 0
    endloop
  endfacet
  facet normal -0 0 -1
    outer loop
      vertex 65 5.625 0
      vertex 62.2647 3 0
      vertex 65 42.375 0
    endloop
  endfacet
  facet normal 0 0 -1
    outer loop
      vertex 62.2647 3 0
      vertex 64.9474 5.11289 0
      vertex 64.7918 4.62046 0
    endloop
  endfacet
  facet normal 0 0 -1
    outer loop
      vertex 62.2647 45 0
      vertex 65 42.375 0
      vertex 62.2647 3 0
    endloop
  endfacet
  facet normal 0 0 -1
    outer loop
      vertex 62.2647 3 0
      vertex 64.7918 4.62046 0
      vertex 64.539 4.16663 0
    endloop
  endfacet
  facet normal 0 0 -1
    outer loop
      vertex 65 42.375 0
      vertex 62.2647 45 0
      vertex 64.9474 42.8871 0
    endloop
  endfacet
  facet normal 0 0 -1
    outer loop
      vertex 62.2647 3 0
      vertex 64.539 4.16663 0
      vertex 64.1989 3.76885 0
    endloop
  endfacet
  facet normal 0 0 -1
    outer loop
      vertex 64.9474 42.8871 0
      vertex 62.2647 45 0
      vertex 64.7918 43.3795 0
    endloop
  endfacet
  facet normal 0 0 -1
    outer loop
      vertex 62.2647 3 0
      vertex 64.1989 3.76885 0
      vertex 63.7844 3.44239 0
    endloop
  endfacet
  facet normal 0 0 -1
    outer loop
      vertex 64.7918 43.3795 0
      vertex 62.2647 45 0
      vertex 64.539 43.8334 0
    endloop
  endfacet
  facet normal 0 0 -1
    outer loop
      vertex 62.2647 3 0
      vertex 63.7844 3.44239 0
      vertex 63.3115 3.19982 0
    endloop
  endfacet
  facet normal 0 0 -1
    outer loop
      vertex 64.539 43.8334 0
      vertex 62.2647 45 0
      vertex 64.1989 44.2312 0
    endloop
  endfacet
  facet normal 0 0 -1
    outer loop
      vertex 62.2647 3 0
      vertex 63.3115 3.19982 0
      vertex 62.7983 3.05044 0
    endloop
  endfacet
  facet normal 0 0 -1
    outer loop
      vertex 64.1989 44.2312 0
      vertex 62.2647 45 0
      vertex 63.7844 44.5576 0
    endloop
  endfacet
  facet normal 0 0 -1
    outer loop
      vertex 63.7844 44.5576 0
      vertex 62.2647 45 0
      vertex 63.3115 44.8002 0
    endloop
  endfacet
  facet normal 0 0 -1
    outer loop
      vertex 63.3115 44.8002 0
      vertex 62.2647 45 0
      vertex 62.7983 44.9496 0
    endloop
  endfacet
  facet normal 0 0 -1
    outer loop
      vertex 5.73529 3 0
      vertex 62.2647 45 0
      vertex 62.2647 3 0
    endloop
  endfacet
  facet normal 0 0 -1
    outer loop
      vertex 5.73529 3 0
      vertex 5.73529 45 0
      vertex 62.2647 45 0
    endloop
  endfacet
  facet normal 0 0 -1
    outer loop
      vertex 3 5.625 0
      vertex 5.73529 3 0
      vertex 5.20166 3.05044 0
    endloop
  endfacet
  facet normal 0 0 -1
    outer loop
      vertex 5.73529 3 0
      vertex 3 5.625 0
      vertex 5.73529 45 0
    endloop
  endfacet
  facet normal 0 0 -1
    outer loop
      vertex 3 5.625 0
      vertex 5.20166 3.05044 0
      vertex 4.68854 3.19982 0
    endloop
  endfacet
  facet normal 0 0 -1
    outer loop
      vertex 3 42.375 0
      vertex 5.73529 45 0
      vertex 3 5.625 0
    endloop
  endfacet
  facet normal 0 0 -1
    outer loop
      vertex 3 5.625 0
      vertex 4.68854 3.19982 0
      vertex 4.21565 3.44239 0
    endloop
  endfacet
  facet normal 0 0 -1
    outer loop
      vertex 5.73529 45 0
      vertex 3 42.375 0
      vertex 5.20166 44.9496 0
    endloop
  endfacet
  facet normal 0 0 -1
    outer loop
      vertex 3 5.625 0
      vertex 4.21565 3.44239 0
      vertex 3.80115 3.76885 0
    endloop
  endfacet
  facet normal 0 0 -1
    outer loop
      vertex 5.20166 44.9496 0
      vertex 3 42.375 0
      vertex 4.68854 44.8002 0
    endloop
  endfacet
  facet normal 0 0 -1
    outer loop
      vertex 3 5.625 0
      vertex 3.80115 3.76885 0
      vertex 3.46098 4.16663 0
    endloop
  endfacet
  facet normal 0 0 -1
    outer loop
      vertex 4.68854 44.8002 0
      vertex 3 42.375 0
      vertex 4.21565 44.5576 0
    endloop
  endfacet
  facet normal 0 0 -1
    outer loop
      vertex 3 5.625 0
      vertex 3.46098 4.16663 0
      vertex 3.20821 4.62046 0
    endloop
  endfacet
  facet normal 0 0 -1
    outer loop
      vertex 4.21565 44.5576 0
      vertex 3 42.375 0
      vertex 3.80115 44.2312 0
    endloop
  endfacet
  facet normal 0 0 -1
    outer loop
      vertex 3 5.625 0
      vertex 3.20821 4.62046 0
      vertex 3.05256 5.11289 0
    endloop
  endfacet
  facet normal 0 0 -1
    outer loop
      vertex 3.80115 44.2312 0
      vertex 3 42.375 0
      vertex 3.46098 43.8334 0
    endloop
  endfacet
  facet normal 0 0 -1
    outer loop
      vertex 3.46098 43.8334 0
      vertex 3 42.375 0
      vertex 3.20821 43.3795 0
    endloop
  endfacet
  facet normal 0 0 -1
    outer loop
      vertex 3.20821 43.3795 0
      vertex 3 42.375 0
      vertex 3.05256 42.8871 0
    endloop
  endfacet
  facet normal 0.375291 0.457263 -0.806267
    outer loop
      vertex 67.03 47.031 2.90625
      vertex 66.7055 47.445 2.99
      vertex 67.1116 47.1117 2.99
    endloop
  endfacet
  facet normal 0.571153 0.228461 -0.78841
    outer loop
      vertex 65.509 43.393 0.5625
      vertex 67.7622 46.1372 2.99
      vertex 67.7624 46.1367 2.99
    endloop
  endfacet
  facet normal 0.607533 0.184564 -0.772554
    outer loop
      vertex 67.7622 46.1372 2.99
      vertex 65.509 43.393 0.5625
      vertex 64.9474 42.8871 0
    endloop
  endfacet
  facet normal 0.0637943 0.675985 -0.734149
    outer loop
      vertex 63.5469 46.4062 1.40625
      vertex 62.7983 44.9496 0
      vertex 62.8631 45.6562 0.65625
    endloop
  endfacet
  facet normal 0.0664674 0.674836 -0.734969
    outer loop
      vertex 65.324 47.6618 2.71875
      vertex 65.0115 47.988 2.99
      vertex 65.576 47.9324 2.99
    endloop
  endfacet
  facet normal -0.375342 0.457323 -0.80621
    outer loop
      vertex 1.51797 46.4891 2.34375
      vertex 1.34061 47.4828 2.99
      vertex 2.70522 45.315 1.125
    endloop
  endfacet
  facet normal -0.375222 0.457365 -0.806241
    outer loop
      vertex 1.34061 47.4828 2.99
      vertex 1.51797 46.4891 2.34375
      vertex 1.3361 47.4791 2.99
    endloop
  endfacet
  facet normal -0.448849 0.383801 -0.806989
    outer loop
      vertex 3.46098 43.8334 0
      vertex 1.51797 46.4891 2.34375
      vertex 2.70522 45.315 1.125
    endloop
  endfacet
  facet normal -0.365818 0.464677 -0.806382
    outer loop
      vertex 3.80115 44.2312 0
      vertex 1.51344 47.3109 2.8125
      vertex 2.41417 46.3931 1.875
    endloop
  endfacet
  facet normal -0.366686 0.464018 -0.806367
    outer loop
      vertex 1.34152 47.4835 2.99
      vertex 1.51344 47.3109 2.8125
      vertex 3.80115 44.2312 0
    endloop
  endfacet
  facet normal -0.368522 0.462328 -0.806502
    outer loop
      vertex 1.51344 47.3109 2.8125
      vertex 1.34152 47.4835 2.99
      vertex 1.3429 47.4846 2.99
    endloop
  endfacet
  facet normal 0.52747 -0.29382 -0.797148
    outer loop
      vertex 65.4626 3.28121 0.9375
      vertex 64.539 4.16663 0
      vertex 64.7918 4.62046 0
    endloop
  endfacet
  facet normal 0.277689 0.536865 -0.796659
    outer loop
      vertex 65.5858 46.3931 1.875
      vertex 66.1402 47.7609 2.99
      vertex 66.1431 47.7594 2.99
    endloop
  endfacet
  facet normal 0.2852 0.5335 -0.796266
    outer loop
      vertex 66.1402 47.7609 2.99
      vertex 65.5858 46.3931 1.875
      vertex 63.7844 44.5576 0
    endloop
  endfacet
  facet normal 0.365697 0.46477 -0.806384
    outer loop
      vertex 66.4866 47.3109 2.8125
      vertex 64.1989 44.2312 0
      vertex 65.5858 46.3931 1.875
    endloop
  endfacet
  facet normal 0.285185 -0.533543 -0.796242
    outer loop
      vertex 66.6571 0.51538 2.99
      vertex 66.1661 0.252935 2.99
      vertex 66.4866 0.689141 2.8125
    endloop
  endfacet
  facet normal -0.276563 0.539143 -0.795511
    outer loop
      vertex 4.21565 44.5576 0
      vertex 2.20652 47.4002 2.625
      vertex 3.89075 45.6359 0.84375
    endloop
  endfacet
  facet normal -0.183854 0.605917 -0.773991
    outer loop
      vertex 2.20652 47.4002 2.625
      vertex 2.42157 47.9317 2.99
      vertex 3.89075 45.6359 0.84375
    endloop
  endfacet
  facet normal -0.185934 0.606242 -0.77324
    outer loop
      vertex 2.42157 47.9317 2.99
      vertex 2.20652 47.4002 2.625
      vertex 2.40918 47.9279 2.99
    endloop
  endfacet
  facet normal 0.44872 0.383914 -0.807007
    outer loop
      vertex 67.03 47.031 2.90625
      vertex 64.539 43.8334 0
      vertex 66.482 46.4891 2.34375
    endloop
  endfacet
  facet normal 0.450886 0.381519 -0.806936
    outer loop
      vertex 67.1127 47.1104 2.99
      vertex 67.03 47.031 2.90625
      vertex 67.1116 47.1117 2.99
    endloop
  endfacet
  facet normal 0.448494 0.384117 -0.807036
    outer loop
      vertex 67.03 47.031 2.90625
      vertex 67.1127 47.1104 2.99
      vertex 64.539 43.8334 0
    endloop
  endfacet
  facet normal -0.276557 -0.539147 -0.795511
    outer loop
      vertex 4.5999 3.10696 0.09375
      vertex 4.21565 3.44239 0
      vertex 4.68854 3.19982 0
    endloop
  endfacet
  facet normal 0.0648809 0.67404 -0.73584
    outer loop
      vertex 65.324 47.6618 2.71875
      vertex 64.9928 47.9898 2.99
      vertex 65.0115 47.988 2.99
    endloop
  endfacet
  facet normal 0.0664208 0.67486 -0.734951
    outer loop
      vertex 64.9928 47.9898 2.99
      vertex 65.324 47.6618 2.71875
      vertex 62.9725 45.1366 0.1875
    endloop
  endfacet
  facet normal 0.276679 0.53933 -0.795344
    outer loop
      vertex 63.7844 44.5576 0
      vertex 63.3115 44.8002 0
      vertex 63.4001 44.893 0.09375
    endloop
  endfacet
  facet normal 0.063903 -0.675929 -0.734191
    outer loop
      vertex 62.8631 2.34375 0.65625
      vertex 62.7983 3.05044 0
      vertex 63.5469 1.59375 1.40625
    endloop
  endfacet
  facet normal 0.0631674 -0.67631 -0.733904
    outer loop
      vertex 63.5469 1.59375 1.40625
      vertex 64.9927 0.0101674 2.99
      vertex 64.9909 0.00999928 2.99
    endloop
  endfacet
  facet normal 0.0638956 -0.675931 -0.73419
    outer loop
      vertex 64.9927 0.0101674 2.99
      vertex 63.5469 1.59375 1.40625
      vertex 62.7983 3.05044 0
    endloop
  endfacet
  facet normal 0.534903 -0.285863 -0.795086
    outer loop
      vertex 67.7617 1.86118 2.99
      vertex 67.4993 1.37018 2.99
      vertex 67.5854 2.02498 2.8125
    endloop
  endfacet
  facet normal -0.674207 0.0691922 -0.735294
    outer loop
      vertex 3 42.375 0
      vertex 0.244826 45.4166 2.8125
      vertex 1.08715 44.6578 1.96875
    endloop
  endfacet
  facet normal -0.607717 0.184334 -0.772465
    outer loop
      vertex 0.244826 45.4166 2.8125
      vertex 0.236689 46.1336 2.99
      vertex 1.08715 44.6578 1.96875
    endloop
  endfacet
  facet normal -0.608349 0.184211 -0.771996
    outer loop
      vertex 0.236689 46.1336 2.99
      vertex 0.244826 45.4166 2.8125
      vertex 0.22924 46.109 2.99
    endloop
  endfacet
  facet normal -0.602759 0.190756 -0.774787
    outer loop
      vertex 0.237775 46.1372 2.99
      vertex 0.414602 45.975 2.8125
      vertex 3.05256 42.8871 0
    endloop
  endfacet
  facet normal -0.600182 0.194684 -0.775809
    outer loop
      vertex 0.414602 45.975 2.8125
      vertex 0.237775 46.1372 2.99
      vertex 0.238294 46.1388 2.99
    endloop
  endfacet
  facet normal -0.534866 0.285892 -0.7951
    outer loop
      vertex 0.414602 45.975 2.8125
      vertex 0.238294 46.1388 2.99
      vertex 0.500739 46.6298 2.99
    endloop
  endfacet
  facet normal -0.527527 0.293772 -0.797128
    outer loop
      vertex 3.20821 43.3795 0
      vertex 2.53742 44.7188 0.9375
      vertex 3.46098 43.8334 0
    endloop
  endfacet
  facet normal -0.527504 0.293792 -0.797136
    outer loop
      vertex 3.20821 43.3795 0
      vertex 0.597947 46.5782 2.90625
      vertex 2.07564 45.1615 1.40625
    endloop
  endfacet
  facet normal -0.375258 0.457353 -0.806232
    outer loop
      vertex 1.51797 46.4891 2.34375
      vertex 1.29454 47.445 2.99
      vertex 1.3361 47.4791 2.99
    endloop
  endfacet
  facet normal -0.37534 0.45732 -0.806212
    outer loop
      vertex 1.29454 47.445 2.99
      vertex 1.51797 46.4891 2.34375
      vertex 0.970007 47.031 2.90625
    endloop
  endfacet
  facet normal -0.448827 0.38382 -0.806992
    outer loop
      vertex 3.46098 43.8334 0
      vertex 0.970007 47.031 2.90625
      vertex 1.51797 46.4891 2.34375
    endloop
  endfacet
  facet normal 0.177359 0.609435 -0.772743
    outer loop
      vertex 63.3115 44.8002 0
      vertex 62.9725 45.1366 0.1875
      vertex 65.324 47.6618 2.71875
    endloop
  endfacet
  facet normal 0.285381 0.53364 -0.796107
    outer loop
      vertex 66.4866 47.3109 2.8125
      vertex 66.1431 47.7594 2.99
      vertex 66.1661 47.7471 2.99
    endloop
  endfacet
  facet normal 0.285133 0.533517 -0.796278
    outer loop
      vertex 66.1431 47.7594 2.99
      vertex 66.4866 47.3109 2.8125
      vertex 65.5858 46.3931 1.875
    endloop
  endfacet
  facet normal 0.285268 0.533587 -0.796182
    outer loop
      vertex 66.4866 47.3109 2.8125
      vertex 66.1661 47.7471 2.99
      vertex 66.6571 47.4846 2.99
    endloop
  endfacet
  facet normal -0.285166 -0.53352 -0.796265
    outer loop
      vertex 1.85983 0.239075 2.99
      vertex 2.41417 1.60689 1.875
      vertex 4.21565 3.44239 0
    endloop
  endfacet
  facet normal -0.285262 -0.533476 -0.796259
    outer loop
      vertex 2.41417 1.60689 1.875
      vertex 1.85983 0.239075 2.99
      vertex 1.85695 0.240615 2.99
    endloop
  endfacet
  facet normal 0.448907 0.383753 -0.80698
    outer loop
      vertex 66.482 46.4891 2.34375
      vertex 64.539 43.8334 0
      vertex 65.2948 45.315 1.125
    endloop
  endfacet
  facet normal 0.375862 0.457129 -0.806077
    outer loop
      vertex 66.482 46.4891 2.34375
      vertex 66.6594 47.4828 2.99
      vertex 66.6639 47.4791 2.99
    endloop
  endfacet
  facet normal 0.375378 0.4573 -0.806206
    outer loop
      vertex 66.6594 47.4828 2.99
      vertex 66.482 46.4891 2.34375
      vertex 65.2948 45.315 1.125
    endloop
  endfacet
  facet normal 0 0.689912 -0.723893
    outer loop
      vertex 63.4001 44.893 0.09375
      vertex 65.5777 47.9319 2.99
      vertex 65.5778 47.9319 2.99
    endloop
  endfacet
  facet normal 0.185909 0.604803 -0.774371
    outer loop
      vertex 65.5777 47.9319 2.99
      vertex 63.4001 44.893 0.09375
      vertex 63.3115 44.8002 0
    endloop
  endfacet
  facet normal 0.675795 0.0666064 -0.734074
    outer loop
      vertex 67.99 44.9912 2.99
      vertex 65 42.375 0
      vertex 67.9325 45.5746 2.99
    endloop
  endfacet
  facet normal -0.18442 0.606027 -0.77377
    outer loop
      vertex 2.20652 47.4002 2.625
      vertex 2.36416 47.9142 2.99
      vertex 2.40918 47.9279 2.99
    endloop
  endfacet
  facet normal -0.183732 0.605966 -0.773981
    outer loop
      vertex 2.36416 47.9142 2.99
      vertex 2.20652 47.4002 2.625
      vertex 1.94059 47.6788 2.90625
    endloop
  endfacet
  facet normal -0.276356 0.539274 -0.795495
    outer loop
      vertex 4.21565 44.5576 0
      vertex 1.94059 47.6788 2.90625
      vertex 2.20652 47.4002 2.625
    endloop
  endfacet
  facet normal -0.185555 0.604995 -0.774306
    outer loop
      vertex 4.5999 44.893 0.09375
      vertex 2.42231 47.9319 2.99
      vertex 4.68854 44.8002 0
    endloop
  endfacet
  facet normal 0 0.689912 -0.723893
    outer loop
      vertex 2.42231 47.9319 2.99
      vertex 4.5999 44.893 0.09375
      vertex 2.42225 47.9319 2.99
    endloop
  endfacet
  facet normal -0.276657 0.539276 -0.795388
    outer loop
      vertex 4.68854 44.8002 0
      vertex 4.21565 44.5576 0
      vertex 4.5999 44.893 0.09375
    endloop
  endfacet
  facet normal -0.177377 0.609425 -0.772748
    outer loop
      vertex 4.68854 44.8002 0
      vertex 2.676 47.6618 2.71875
      vertex 5.02748 45.1366 0.1875
    endloop
  endfacet
  facet normal -0.06642 0.67486 -0.73495
    outer loop
      vertex 2.676 47.6618 2.71875
      vertex 3.00721 47.9898 2.99
      vertex 5.02748 45.1366 0.1875
    endloop
  endfacet
  facet normal -0.0647714 0.673983 -0.735902
    outer loop
      vertex 3.00721 47.9898 2.99
      vertex 2.676 47.6618 2.71875
      vertex 2.98848 47.988 2.99
    endloop
  endfacet
  facet normal 0.276571 -0.539139 -0.795511
    outer loop
      vertex 64.1093 2.36409 0.84375
      vertex 63.7844 3.44239 0
      vertex 65.7935 0.599793 2.625
    endloop
  endfacet
  facet normal 0.183759 -0.605948 -0.773989
    outer loop
      vertex 65.5784 0.0683407 2.99
      vertex 65.7935 0.599793 2.625
      vertex 65.5908 0.0721011 2.99
    endloop
  endfacet
  facet normal 0.183801 -0.605955 -0.773974
    outer loop
      vertex 65.7935 0.599793 2.625
      vertex 65.5784 0.0683407 2.99
      vertex 64.1093 2.36409 0.84375
    endloop
  endfacet
  facet normal 0.606616 -0.184944 -0.773184
    outer loop
      vertex 67.5854 2.02498 2.8125
      vertex 67.7622 1.86282 2.99
      vertex 67.7617 1.86118 2.99
    endloop
  endfacet
  facet normal 0.603246 -0.190126 -0.774562
    outer loop
      vertex 67.7622 1.86282 2.99
      vertex 67.5854 2.02498 2.8125
      vertex 64.9474 5.11289 0
    endloop
  endfacet
  facet normal 0.530702 -0.288817 -0.796831
    outer loop
      vertex 67.4854 1.34425 2.99
      vertex 66.9336 2.63059 2.15625
      vertex 67.4878 1.34866 2.99
    endloop
  endfacet
  facet normal 0.534826 -0.285934 -0.795112
    outer loop
      vertex 66.9336 2.63059 2.15625
      vertex 67.4854 1.34425 2.99
      vertex 64.7918 4.62046 0
    endloop
  endfacet
  facet normal 0.707107 0 -0.707107
    outer loop
      vertex 67.99 44.9912 2.99
      vertex 65 5.625 0
      vertex 65 42.375 0
    endloop
  endfacet
  facet normal 0.707107 0 -0.707107
    outer loop
      vertex 65 5.625 0
      vertex 67.99 44.9912 2.99
      vertex 67.99 3.00875 2.99
    endloop
  endfacet
  facet normal 0.365923 -0.464605 -0.806376
    outer loop
      vertex 65.5858 1.60689 1.875
      vertex 63.7844 3.44239 0
      vertex 64.1989 3.76885 0
    endloop
  endfacet
  facet normal 0.285994 -0.533917 -0.795701
    outer loop
      vertex 66.1431 0.240615 2.99
      vertex 66.4866 0.689141 2.8125
      vertex 66.1661 0.252935 2.99
    endloop
  endfacet
  facet normal 0.285166 -0.533509 -0.796272
    outer loop
      vertex 66.4866 0.689141 2.8125
      vertex 66.1431 0.240615 2.99
      vertex 65.5858 1.60689 1.875
    endloop
  endfacet
  facet normal 0 -0.707107 -0.707107
    outer loop
      vertex 4.45312 1.59375 1.40625
      vertex 64.9909 0.00999928 2.99
      vertex 3.00912 0.00999928 2.99
    endloop
  endfacet
  facet normal 0 -0.707107 -0.707107
    outer loop
      vertex 4.45312 1.59375 1.40625
      vertex 63.5469 1.59375 1.40625
      vertex 64.9909 0.00999928 2.99
    endloop
  endfacet
  facet normal 0 -0.707107 -0.707107
    outer loop
      vertex 5.13695 2.34375 0.65625
      vertex 63.5469 1.59375 1.40625
      vertex 4.45312 1.59375 1.40625
    endloop
  endfacet
  facet normal 0 -0.707107 -0.707107
    outer loop
      vertex 5.13695 2.34375 0.65625
      vertex 62.8631 2.34375 0.65625
      vertex 63.5469 1.59375 1.40625
    endloop
  endfacet
  facet normal 0 -0.707107 -0.707107
    outer loop
      vertex 5.73529 3 0
      vertex 62.8631 2.34375 0.65625
      vertex 5.13695 2.34375 0.65625
    endloop
  endfacet
  facet normal 0 -0.707107 -0.707107
    outer loop
      vertex 62.8631 2.34375 0.65625
      vertex 5.73529 3 0
      vertex 62.2647 3 0
    endloop
  endfacet
  facet normal -0.17741 -0.609407 -0.772754
    outer loop
      vertex 5.02748 2.86339 0.1875
      vertex 2.676 0.338219 2.71875
      vertex 4.68854 3.19982 0
    endloop
  endfacet
  facet normal 0.178312 -0.608816 -0.773012
    outer loop
      vertex 65.324 0.338219 2.71875
      vertex 65.5777 0.068118 2.99
      vertex 65.576 0.0676201 2.99
    endloop
  endfacet
  facet normal 0.177384 -0.609422 -0.772748
    outer loop
      vertex 65.5777 0.068118 2.99
      vertex 65.324 0.338219 2.71875
      vertex 63.3115 3.19982 0
    endloop
  endfacet
  facet normal 0.0853466 -0.66677 -0.740361
    outer loop
      vertex 64.9927 0.0101674 2.99
      vertex 62.9725 2.86339 0.1875
      vertex 64.9928 0.0101802 2.99
    endloop
  endfacet
  facet normal 0.0664414 -0.674849 -0.734958
    outer loop
      vertex 62.9725 2.86339 0.1875
      vertex 64.9927 0.0101674 2.99
      vertex 62.7983 3.05044 0
    endloop
  endfacet
  facet normal -0.607703 0.184345 -0.772472
    outer loop
      vertex 2.49101 43.393 0.5625
      vertex 0.237775 46.1372 2.99
      vertex 3.05256 42.8871 0
    endloop
  endfacet
  facet normal -0.624052 0.163502 -0.764085
    outer loop
      vertex 0.237775 46.1372 2.99
      vertex 2.49101 43.393 0.5625
      vertex 0.237644 46.1367 2.99
    endloop
  endfacet
  facet normal -0.674202 0.0691975 -0.735298
    outer loop
      vertex 3 42.375 0
      vertex 2.49101 43.393 0.5625
      vertex 3.05256 42.8871 0
    endloop
  endfacet
  facet normal -0.602927 0.19054 -0.774708
    outer loop
      vertex 3.05256 42.8871 0
      vertex 0.414602 45.975 2.8125
      vertex 1.06644 45.3694 2.15625
    endloop
  endfacet
  facet normal -0.534728 0.285993 -0.795156
    outer loop
      vertex 1.06644 45.3694 2.15625
      vertex 0.500739 46.6298 2.99
      vertex 0.512238 46.6513 2.99
    endloop
  endfacet
  facet normal -0.534868 0.285892 -0.795099
    outer loop
      vertex 0.500739 46.6298 2.99
      vertex 1.06644 45.3694 2.15625
      vertex 0.414602 45.975 2.8125
    endloop
  endfacet
  facet normal -0.457598 0.375833 -0.805825
    outer loop
      vertex 2.07564 45.1615 1.40625
      vertex 0.848738 47.0634 2.99
      vertex 0.88619 47.109 2.99
    endloop
  endfacet
  facet normal -0.457766 0.375698 -0.805792
    outer loop
      vertex 0.848738 47.0634 2.99
      vertex 2.07564 45.1615 1.40625
      vertex 0.597947 46.5782 2.90625
    endloop
  endfacet
  facet normal -0.527335 0.293971 -0.797182
    outer loop
      vertex 0.5146 46.6558 2.99
      vertex 0.597947 46.5782 2.90625
      vertex 3.20821 43.3795 0
    endloop
  endfacet
  facet normal -0.526226 0.295388 -0.797391
    outer loop
      vertex 0.597947 46.5782 2.90625
      vertex 0.5146 46.6558 2.99
      vertex 0.515442 46.6573 2.99
    endloop
  endfacet
  facet normal -0.448078 0.384492 -0.807089
    outer loop
      vertex 0.887287 47.1104 2.99
      vertex 0.970007 47.031 2.90625
      vertex 3.46098 43.8334 0
    endloop
  endfacet
  facet normal -0.444815 0.388016 -0.807207
    outer loop
      vertex 0.970007 47.031 2.90625
      vertex 0.887287 47.1104 2.99
      vertex 0.888421 47.1117 2.99
    endloop
  endfacet
  facet normal -0.3753 0.457295 -0.806245
    outer loop
      vertex 0.970007 47.031 2.90625
      vertex 0.888421 47.1117 2.99
      vertex 1.29454 47.445 2.99
    endloop
  endfacet
  facet normal 0.447912 0.383924 -0.807451
    outer loop
      vertex 65.4626 44.7188 0.9375
      vertex 67.1127 47.1104 2.99
      vertex 67.1133 47.1097 2.99
    endloop
  endfacet
  facet normal 0.457739 0.375723 -0.805796
    outer loop
      vertex 67.1127 47.1104 2.99
      vertex 65.4626 44.7188 0.9375
      vertex 64.539 43.8334 0
    endloop
  endfacet
  facet normal 0.45776 0.375703 -0.805794
    outer loop
      vertex 65.9244 45.1615 1.40625
      vertex 67.1513 47.0634 2.99
      vertex 67.4021 46.5782 2.90625
    endloop
  endfacet
  facet normal 0.457303 0.376071 -0.805881
    outer loop
      vertex 67.1513 47.0634 2.99
      vertex 65.9244 45.1615 1.40625
      vertex 67.1138 47.109 2.99
    endloop
  endfacet
  facet normal 0.604099 0.188781 -0.774226
    outer loop
      vertex 67.7622 46.1372 2.99
      vertex 67.5854 45.975 2.8125
      vertex 67.7617 46.1388 2.99
    endloop
  endfacet
  facet normal 0.603098 0.190316 -0.774631
    outer loop
      vertex 67.5854 45.975 2.8125
      vertex 67.7622 46.1372 2.99
      vertex 64.9474 42.8871 0
    endloop
  endfacet
  facet normal 0.534909 0.285862 -0.795081
    outer loop
      vertex 66.9336 45.3694 2.15625
      vertex 67.4993 46.6298 2.99
      vertex 67.5854 45.975 2.8125
    endloop
  endfacet
  facet normal 0.534709 0.286007 -0.795164
    outer loop
      vertex 67.4993 46.6298 2.99
      vertex 66.9336 45.3694 2.15625
      vertex 67.4878 46.6513 2.99
    endloop
  endfacet
  facet normal 0.60767 0.184343 -0.772499
    outer loop
      vertex 67.9324 45.5763 2.99
      vertex 67.7552 45.4166 2.8125
      vertex 67.7708 46.109 2.99
    endloop
  endfacet
  facet normal -0.183749 0.60597 -0.773975
    outer loop
      vertex 3.89075 45.6359 0.84375
      vertex 2.42225 47.9319 2.99
      vertex 4.5999 44.893 0.09375
    endloop
  endfacet
  facet normal -0.178929 0.608358 -0.773231
    outer loop
      vertex 2.42225 47.9319 2.99
      vertex 3.89075 45.6359 0.84375
      vertex 2.42157 47.9317 2.99
    endloop
  endfacet
  facet normal -0.276523 0.539158 -0.795515
    outer loop
      vertex 4.21565 44.5576 0
      vertex 3.89075 45.6359 0.84375
      vertex 4.5999 44.893 0.09375
    endloop
  endfacet
  facet normal 0.674272 -0.069081 -0.735244
    outer loop
      vertex 66.9129 3.34222 1.96875
      vertex 65 5.625 0
      vertex 67.7552 2.58336 2.8125
    endloop
  endfacet
  facet normal 0.605298 -0.184843 -0.77424
    outer loop
      vertex 67.7633 1.8664 2.99
      vertex 67.7552 2.58336 2.8125
      vertex 67.7708 1.89096 2.99
    endloop
  endfacet
  facet normal 0.607691 -0.184378 -0.772474
    outer loop
      vertex 67.7552 2.58336 2.8125
      vertex 67.7633 1.8664 2.99
      vertex 66.9129 3.34222 1.96875
    endloop
  endfacet
  facet normal 0.472201 -0.364353 -0.802666
    outer loop
      vertex 67.1133 0.890328 2.99
      vertex 65.9244 2.8385 1.40625
      vertex 67.1138 0.890976 2.99
    endloop
  endfacet
  facet normal 0.457723 -0.375736 -0.805799
    outer loop
      vertex 65.9244 2.8385 1.40625
      vertex 67.1133 0.890328 2.99
      vertex 65.4626 3.28121 0.9375
    endloop
  endfacet
  facet normal 0.52747 -0.29382 -0.797148
    outer loop
      vertex 65.4626 3.28121 0.9375
      vertex 64.7918 4.62046 0
      vertex 65.9244 2.8385 1.40625
    endloop
  endfacet
  facet normal 0.36581 -0.464683 -0.806383
    outer loop
      vertex 65.5858 1.60689 1.875
      vertex 64.1989 3.76885 0
      vertex 66.4866 0.689141 2.8125
    endloop
  endfacet
  facet normal 0.363093 -0.467215 -0.806147
    outer loop
      vertex 66.4866 0.689141 2.8125
      vertex 66.6585 0.516468 2.99
      vertex 66.6571 0.51538 2.99
    endloop
  endfacet
  facet normal 0.366083 -0.464476 -0.806378
    outer loop
      vertex 66.6585 0.516468 2.99
      vertex 66.4866 0.689141 2.8125
      vertex 64.1989 3.76885 0
    endloop
  endfacet
  facet normal 0.375052 -0.457421 -0.806289
    outer loop
      vertex 66.482 1.5109 2.34375
      vertex 66.7055 0.555018 2.99
      vertex 66.6639 0.520909 2.99
    endloop
  endfacet
  facet normal 0.375334 -0.457309 -0.806221
    outer loop
      vertex 66.7055 0.555018 2.99
      vertex 66.482 1.5109 2.34375
      vertex 67.03 0.968998 2.90625
    endloop
  endfacet
  facet normal 0.448731 -0.383902 -0.807007
    outer loop
      vertex 66.482 1.5109 2.34375
      vertex 64.539 4.16663 0
      vertex 67.03 0.968998 2.90625
    endloop
  endfacet
  facet normal -0.0638909 -0.675934 -0.734187
    outer loop
      vertex 5.73529 3 0
      vertex 5.13695 2.34375 0.65625
      vertex 5.20166 3.05044 0
    endloop
  endfacet
  facet normal 0.183806 -0.60596 -0.773969
    outer loop
      vertex 65.6358 0.0857574 2.99
      vertex 65.7935 0.599793 2.625
      vertex 66.0594 0.321219 2.90625
    endloop
  endfacet
  facet normal 0.183895 -0.605968 -0.773942
    outer loop
      vertex 65.7935 0.599793 2.625
      vertex 65.6358 0.0857574 2.99
      vertex 65.5908 0.0721011 2.99
    endloop
  endfacet
  facet normal 0.276673 -0.539075 -0.795519
    outer loop
      vertex 65.7935 0.599793 2.625
      vertex 63.7844 3.44239 0
      vertex 66.0594 0.321219 2.90625
    endloop
  endfacet
  facet normal 0.117105 -0.639917 -0.759469
    outer loop
      vertex 65.5777 0.068118 2.99
      vertex 63.4001 3.10696 0.09375
      vertex 65.5778 0.0681363 2.99
    endloop
  endfacet
  facet normal 0.184137 -0.605769 -0.77404
    outer loop
      vertex 63.4001 3.10696 0.09375
      vertex 65.5777 0.068118 2.99
      vertex 63.3115 3.19982 0
    endloop
  endfacet
  facet normal 0.276578 -0.539201 -0.795467
    outer loop
      vertex 63.4001 3.10696 0.09375
      vertex 63.3115 3.19982 0
      vertex 63.7844 3.44239 0
    endloop
  endfacet
  facet normal -0.607691 0.184364 -0.772477
    outer loop
      vertex 1.08715 44.6578 1.96875
      vertex 0.237644 46.1367 2.99
      vertex 2.49101 43.393 0.5625
    endloop
  endfacet
  facet normal -0.605444 0.186516 -0.773725
    outer loop
      vertex 0.237644 46.1367 2.99
      vertex 1.08715 44.6578 1.96875
      vertex 0.236689 46.1336 2.99
    endloop
  endfacet
  facet normal -0.674207 0.0691928 -0.735294
    outer loop
      vertex 3 42.375 0
      vertex 1.08715 44.6578 1.96875
      vertex 2.49101 43.393 0.5625
    endloop
  endfacet
  facet normal -0.457805 0.375665 -0.805786
    outer loop
      vertex 2.07564 45.1615 1.40625
      vertex 0.886722 47.1097 2.99
      vertex 2.53742 44.7188 0.9375
    endloop
  endfacet
  facet normal -0.475716 0.361544 -0.801861
    outer loop
      vertex 0.886722 47.1097 2.99
      vertex 2.07564 45.1615 1.40625
      vertex 0.88619 47.109 2.99
    endloop
  endfacet
  facet normal -0.527527 0.293772 -0.797128
    outer loop
      vertex 3.20821 43.3795 0
      vertex 2.07564 45.1615 1.40625
      vertex 2.53742 44.7188 0.9375
    endloop
  endfacet
  facet normal 0.177428 0.609477 -0.772694
    outer loop
      vertex 63.3115 44.8002 0
      vertex 62.7983 44.9496 0
      vertex 62.9725 45.1366 0.1875
    endloop
  endfacet
  facet normal 0 0.70074 -0.713417
    outer loop
      vertex 62.9725 45.1366 0.1875
      vertex 64.9927 47.9898 2.99
      vertex 64.9928 47.9898 2.99
    endloop
  endfacet
  facet normal 0.0672462 0.674515 -0.735192
    outer loop
      vertex 64.9927 47.9898 2.99
      vertex 62.9725 45.1366 0.1875
      vertex 62.7983 44.9496 0
    endloop
  endfacet
  facet normal 0.18384 0.606129 -0.773829
    outer loop
      vertex 66.0594 47.6788 2.90625
      vertex 65.6358 47.9142 2.99
      vertex 66.1386 47.7617 2.99
    endloop
  endfacet
  facet normal 0.271585 0.543169 -0.794487
    outer loop
      vertex 66.1402 47.7609 2.99
      vertex 66.0594 47.6788 2.90625
      vertex 66.1386 47.7617 2.99
    endloop
  endfacet
  facet normal 0.277258 0.538694 -0.795573
    outer loop
      vertex 66.0594 47.6788 2.90625
      vertex 66.1402 47.7609 2.99
      vertex 63.7844 44.5576 0
    endloop
  endfacet
  facet normal 0.527518 0.293773 -0.797134
    outer loop
      vertex 67.4021 46.5782 2.90625
      vertex 64.7918 43.3795 0
      vertex 65.9244 45.1615 1.40625
    endloop
  endfacet
  facet normal 0.45777 0.375708 -0.805785
    outer loop
      vertex 67.4021 46.5782 2.90625
      vertex 67.1513 47.0634 2.99
      vertex 67.4846 46.6573 2.99
    endloop
  endfacet
  facet normal 0.602926 0.190526 -0.774713
    outer loop
      vertex 64.9474 42.8871 0
      vertex 64.7918 43.3795 0
      vertex 66.9336 45.3694 2.15625
    endloop
  endfacet
  facet normal 0.535378 0.285535 -0.794883
    outer loop
      vertex 66.9336 45.3694 2.15625
      vertex 67.4854 46.6558 2.99
      vertex 67.4878 46.6513 2.99
    endloop
  endfacet
  facet normal 0.534839 0.285914 -0.795111
    outer loop
      vertex 67.4854 46.6558 2.99
      vertex 66.9336 45.3694 2.15625
      vertex 64.7918 43.3795 0
    endloop
  endfacet
  facet normal 0.547963 -0.254866 -0.796731
    outer loop
      vertex 67.7622 1.86282 2.99
      vertex 65.509 4.60698 0.5625
      vertex 67.7624 1.86325 2.99
    endloop
  endfacet
  facet normal 0.607517 -0.184587 -0.772561
    outer loop
      vertex 65.509 4.60698 0.5625
      vertex 67.7622 1.86282 2.99
      vertex 64.9474 5.11289 0
    endloop
  endfacet
  facet normal 0.674146 -0.0692431 -0.735345
    outer loop
      vertex 65.509 4.60698 0.5625
      vertex 64.9474 5.11289 0
      vertex 65 5.625 0
    endloop
  endfacet
  facet normal 0.603072 -0.190348 -0.774643
    outer loop
      vertex 66.9336 2.63059 2.15625
      vertex 64.9474 5.11289 0
      vertex 67.5854 2.02498 2.8125
    endloop
  endfacet
  facet normal 0.534919 -0.285854 -0.795078
    outer loop
      vertex 66.9336 2.63059 2.15625
      vertex 67.4993 1.37018 2.99
      vertex 67.4878 1.34866 2.99
    endloop
  endfacet
  facet normal 0.534907 -0.285862 -0.795083
    outer loop
      vertex 67.4993 1.37018 2.99
      vertex 66.9336 2.63059 2.15625
      vertex 67.5854 2.02498 2.8125
    endloop
  endfacet
  facet normal 0.536532 -0.282385 -0.795231
    outer loop
      vertex 67.4021 1.42183 2.90625
      vertex 67.4854 1.34425 2.99
      vertex 67.4846 1.34273 2.99
    endloop
  endfacet
  facet normal 0.528634 -0.292592 -0.796829
    outer loop
      vertex 67.4854 1.34425 2.99
      vertex 67.4021 1.42183 2.90625
      vertex 64.7918 4.62046 0
    endloop
  endfacet
  facet normal 0.457779 -0.375698 -0.805785
    outer loop
      vertex 67.4846 1.34273 2.99
      vertex 67.1513 0.936612 2.99
      vertex 67.4021 1.42183 2.90625
    endloop
  endfacet
  facet normal 0.454847 -0.377324 -0.806685
    outer loop
      vertex 67.03 0.968998 2.90625
      vertex 67.1127 0.889639 2.99
      vertex 67.1116 0.888313 2.99
    endloop
  endfacet
  facet normal 0.449211 -0.38347 -0.806945
    outer loop
      vertex 67.1127 0.889639 2.99
      vertex 67.03 0.968998 2.90625
      vertex 64.539 4.16663 0
    endloop
  endfacet
  facet normal 0.375313 -0.457296 -0.806238
    outer loop
      vertex 67.1116 0.888313 2.99
      vertex 66.7055 0.555018 2.99
      vertex 67.03 0.968998 2.90625
    endloop
  endfacet
  facet normal -0.177411 -0.609408 -0.772753
    outer loop
      vertex 5.02748 2.86339 0.1875
      vertex 4.68854 3.19982 0
      vertex 5.20166 3.05044 0
    endloop
  endfacet
  facet normal -0.0664676 -0.674839 -0.734965
    outer loop
      vertex 3.00734 0.0101674 2.99
      vertex 5.02748 2.86339 0.1875
      vertex 5.20166 3.05044 0
    endloop
  endfacet
  facet normal -0.0664466 -0.674848 -0.734959
    outer loop
      vertex 5.02748 2.86339 0.1875
      vertex 3.00734 0.0101674 2.99
      vertex 3.00721 0.0101802 2.99
    endloop
  endfacet
  facet normal -0.183815 -0.605953 -0.773972
    outer loop
      vertex 2.36416 0.0857574 2.99
      vertex 1.86141 0.238266 2.99
      vertex 1.94059 0.321219 2.90625
    endloop
  endfacet
  facet normal -0.276205 -0.539436 -0.795436
    outer loop
      vertex 1.85983 0.239075 2.99
      vertex 1.94059 0.321219 2.90625
      vertex 1.86141 0.238266 2.99
    endloop
  endfacet
  facet normal -0.276636 -0.539095 -0.795518
    outer loop
      vertex 1.94059 0.321219 2.90625
      vertex 1.85983 0.239075 2.99
      vertex 4.21565 3.44239 0
    endloop
  endfacet
  facet normal 0.2031 -0.596184 -0.776733
    outer loop
      vertex 65.5778 0.0681363 2.99
      vertex 64.1093 2.36409 0.84375
      vertex 65.5784 0.0683407 2.99
    endloop
  endfacet
  facet normal 0.183748 -0.605978 -0.773969
    outer loop
      vertex 64.1093 2.36409 0.84375
      vertex 65.5778 0.0681363 2.99
      vertex 63.4001 3.10696 0.09375
    endloop
  endfacet
  facet normal 0.276528 -0.539156 -0.795515
    outer loop
      vertex 64.1093 2.36409 0.84375
      vertex 63.4001 3.10696 0.09375
      vertex 63.7844 3.44239 0
    endloop
  endfacet
  facet normal 0.177392 -0.609418 -0.77275
    outer loop
      vertex 65.324 0.338219 2.71875
      vertex 62.9725 2.86339 0.1875
      vertex 63.3115 3.19982 0
    endloop
  endfacet
  facet normal 0.066569 -0.674893 -0.734907
    outer loop
      vertex 64.9928 0.0101802 2.99
      vertex 65.324 0.338219 2.71875
      vertex 65.0115 0.0120247 2.99
    endloop
  endfacet
  facet normal 0.0664673 -0.674839 -0.734966
    outer loop
      vertex 65.324 0.338219 2.71875
      vertex 64.9928 0.0101802 2.99
      vertex 62.9725 2.86339 0.1875
    endloop
  endfacet
  facet normal 0.276495 0.539168 -0.795518
    outer loop
      vertex 63.7844 44.5576 0
      vertex 63.4001 44.893 0.09375
      vertex 64.1093 45.6359 0.84375
    endloop
  endfacet
  facet normal 0.199365 0.598094 -0.776233
    outer loop
      vertex 64.1093 45.6359 0.84375
      vertex 65.5778 47.9319 2.99
      vertex 65.5784 47.9317 2.99
    endloop
  endfacet
  facet normal 0.183709 0.60599 -0.773968
    outer loop
      vertex 65.5778 47.9319 2.99
      vertex 64.1093 45.6359 0.84375
      vertex 63.4001 44.893 0.09375
    endloop
  endfacet
  facet normal 0.527498 0.29379 -0.797141
    outer loop
      vertex 65.9244 45.1615 1.40625
      vertex 64.7918 43.3795 0
      vertex 65.4626 44.7188 0.9375
    endloop
  endfacet
  facet normal 0.489998 0.349999 -0.798375
    outer loop
      vertex 65.9244 45.1615 1.40625
      vertex 67.1133 47.1097 2.99
      vertex 67.1138 47.109 2.99
    endloop
  endfacet
  facet normal 0.457753 0.375709 -0.805795
    outer loop
      vertex 67.1133 47.1097 2.99
      vertex 65.9244 45.1615 1.40625
      vertex 65.4626 44.7188 0.9375
    endloop
  endfacet
  facet normal 0.605881 0.18472 -0.773813
    outer loop
      vertex 67.7552 45.4166 2.8125
      vertex 67.7633 46.1336 2.99
      vertex 67.7708 46.109 2.99
    endloop
  endfacet
  facet normal 0.607706 0.184366 -0.772465
    outer loop
      vertex 67.7633 46.1336 2.99
      vertex 67.7552 45.4166 2.8125
      vertex 66.9129 44.6578 1.96875
    endloop
  endfacet
  facet normal 0.674286 0.0690607 -0.735234
    outer loop
      vertex 67.7552 45.4166 2.8125
      vertex 65 42.375 0
      vertex 66.9129 44.6578 1.96875
    endloop
  endfacet
  facet normal 0.616259 -0.176074 -0.767608
    outer loop
      vertex 67.7624 1.86325 2.99
      vertex 66.9129 3.34222 1.96875
      vertex 67.7633 1.8664 2.99
    endloop
  endfacet
  facet normal 0.607683 -0.184366 -0.772484
    outer loop
      vertex 66.9129 3.34222 1.96875
      vertex 67.7624 1.86325 2.99
      vertex 65.509 4.60698 0.5625
    endloop
  endfacet
  facet normal 0.674197 -0.0691949 -0.735303
    outer loop
      vertex 65.509 4.60698 0.5625
      vertex 65 5.625 0
      vertex 66.9129 3.34222 1.96875
    endloop
  endfacet
  facet normal 0.527516 -0.293779 -0.797133
    outer loop
      vertex 65.9244 2.8385 1.40625
      vertex 64.7918 4.62046 0
      vertex 67.4021 1.42183 2.90625
    endloop
  endfacet
  facet normal 0.457486 -0.375925 -0.805845
    outer loop
      vertex 65.9244 2.8385 1.40625
      vertex 67.1513 0.936612 2.99
      vertex 67.1138 0.890976 2.99
    endloop
  endfacet
  facet normal 0.457772 -0.375695 -0.80579
    outer loop
      vertex 67.1513 0.936612 2.99
      vertex 65.9244 2.8385 1.40625
      vertex 67.4021 1.42183 2.90625
    endloop
  endfacet
  facet normal -0.276555 -0.539145 -0.795512
    outer loop
      vertex 4.5999 3.10696 0.09375
      vertex 3.89075 2.36409 0.84375
      vertex 4.21565 3.44239 0
    endloop
  endfacet
  facet normal -0.183788 -0.605958 -0.773975
    outer loop
      vertex 2.42225 0.0681363 2.99
      vertex 3.89075 2.36409 0.84375
      vertex 4.5999 3.10696 0.09375
    endloop
  endfacet
  facet normal -0.182357 -0.606669 -0.773756
    outer loop
      vertex 3.89075 2.36409 0.84375
      vertex 2.42225 0.0681363 2.99
      vertex 2.42157 0.0683407 2.99
    endloop
  endfacet
  facet normal 0.183729 0.60598 -0.773972
    outer loop
      vertex 65.7935 47.4002 2.625
      vertex 65.6358 47.9142 2.99
      vertex 66.0594 47.6788 2.90625
    endloop
  endfacet
  facet normal 0.184508 0.606049 -0.773732
    outer loop
      vertex 65.6358 47.9142 2.99
      vertex 65.7935 47.4002 2.625
      vertex 65.5908 47.9279 2.99
    endloop
  endfacet
  facet normal 0.276467 0.539205 -0.795502
    outer loop
      vertex 66.0594 47.6788 2.90625
      vertex 63.7844 44.5576 0
      vertex 65.7935 47.4002 2.625
    endloop
  endfacet
  facet normal 0.614016 0.178263 -0.7689
    outer loop
      vertex 66.9129 44.6578 1.96875
      vertex 67.7624 46.1367 2.99
      vertex 67.7633 46.1336 2.99
    endloop
  endfacet
  facet normal 0.607663 0.184393 -0.772493
    outer loop
      vertex 67.7624 46.1367 2.99
      vertex 66.9129 44.6578 1.96875
      vertex 65.509 43.393 0.5625
    endloop
  endfacet
  facet normal 0.674194 0.0691994 -0.735306
    outer loop
      vertex 66.9129 44.6578 1.96875
      vertex 65 42.375 0
      vertex 65.509 43.393 0.5625
    endloop
  endfacet
  facet normal -0.183807 -0.605946 -0.77398
    outer loop
      vertex 2.36416 0.0857574 2.99
      vertex 2.20652 0.599793 2.625
      vertex 2.40918 0.0721011 2.99
    endloop
  endfacet
  facet normal -0.18381 -0.605946 -0.773979
    outer loop
      vertex 2.20652 0.599793 2.625
      vertex 2.36416 0.0857574 2.99
      vertex 1.94059 0.321219 2.90625
    endloop
  endfacet
  facet normal -0.276562 -0.539143 -0.795511
    outer loop
      vertex 2.20652 0.599793 2.625
      vertex 1.94059 0.321219 2.90625
      vertex 4.21565 3.44239 0
    endloop
  endfacet
  facet normal 0.18578 0.606229 -0.773286
    outer loop
      vertex 65.7935 47.4002 2.625
      vertex 65.5784 47.9317 2.99
      vertex 65.5908 47.9279 2.99
    endloop
  endfacet
  facet normal 0.183843 0.605926 -0.773987
    outer loop
      vertex 65.5784 47.9317 2.99
      vertex 65.7935 47.4002 2.625
      vertex 64.1093 45.6359 0.84375
    endloop
  endfacet
  facet normal 0.27657 0.53914 -0.795511
    outer loop
      vertex 65.7935 47.4002 2.625
      vertex 63.7844 44.5576 0
      vertex 64.1093 45.6359 0.84375
    endloop
  endfacet
  facet normal -0.183911 -0.605961 -0.773943
    outer loop
      vertex 2.20652 0.599793 2.625
      vertex 2.42157 0.0683407 2.99
      vertex 2.40918 0.0721011 2.99
    endloop
  endfacet
  facet normal -0.183812 -0.605945 -0.773979
    outer loop
      vertex 2.42157 0.0683407 2.99
      vertex 2.20652 0.599793 2.625
      vertex 3.89075 2.36409 0.84375
    endloop
  endfacet
  facet normal -0.276564 -0.539142 -0.795511
    outer loop
      vertex 3.89075 2.36409 0.84375
      vertex 2.20652 0.599793 2.625
      vertex 4.21565 3.44239 0
    endloop
  endfacet
  facet normal -0.881922 -0.471396 0
    outer loop
      vertex 0.505591 1.33329 2.99
      vertex 0.228362 1.85195 6.5
      vertex 0.228362 1.85195 2.99
    endloop
  endfacet
  facet normal -0.881922 -0.471396 0
    outer loop
      vertex 0.228362 1.85195 6.5
      vertex 0.505591 1.33329 2.99
      vertex 0.505591 1.33329 6.5
    endloop
  endfacet
  facet normal 0.772994 0.634413 0
    outer loop
      vertex 67.4944 46.6667 6.5
      vertex 67.1213 47.1213 2.99
      vertex 67.1213 47.1213 6.5
    endloop
  endfacet
  facet normal 0.772994 0.634413 0
    outer loop
      vertex 67.1213 47.1213 2.99
      vertex 67.4944 46.6667 6.5
      vertex 67.4944 46.6667 2.99
    endloop
  endfacet
  facet normal 0.097938 0.995193 -0
    outer loop
      vertex 65.5853 47.9424 2.99
      vertex 65 48 6.5
      vertex 65.5853 47.9424 6.5
    endloop
  endfacet
  facet normal 0.097938 0.995193 0
    outer loop
      vertex 65 48 6.5
      vertex 65.5853 47.9424 2.99
      vertex 65 48 2.99
    endloop
  endfacet
  facet normal -0.77301 -0.634394 0
    outer loop
      vertex 0.87868 0.87868 2.99
      vertex 0.505591 1.33329 6.5
      vertex 0.505591 1.33329 2.99
    endloop
  endfacet
  facet normal -0.77301 -0.634394 0
    outer loop
      vertex 0.505591 1.33329 6.5
      vertex 0.87868 0.87868 2.99
      vertex 0.87868 0.87868 6.5
    endloop
  endfacet
  facet normal -0.995185 -0.0980184 0
    outer loop
      vertex 0.0576448 2.41473 2.99
      vertex 0 3 6.5
      vertex 0 3 2.99
    endloop
  endfacet
  facet normal -0.995185 -0.0980184 0
    outer loop
      vertex 0 3 6.5
      vertex 0.0576448 2.41473 2.99
      vertex 0.0576448 2.41473 6.5
    endloop
  endfacet
  facet normal 0.471329 0.881957 -0
    outer loop
      vertex 66.6667 47.4944 2.99
      vertex 66.148 47.7716 6.5
      vertex 66.6667 47.4944 6.5
    endloop
  endfacet
  facet normal 0.471329 0.881957 0
    outer loop
      vertex 66.148 47.7716 6.5
      vertex 66.6667 47.4944 2.99
      vertex 66.148 47.7716 2.99
    endloop
  endfacet
  facet normal -0.290413 0.956901 0
    outer loop
      vertex 2.41473 47.9424 2.99
      vertex 1.85195 47.7716 6.5
      vertex 2.41473 47.9424 6.5
    endloop
  endfacet
  facet normal -0.290413 0.956901 0
    outer loop
      vertex 1.85195 47.7716 6.5
      vertex 2.41473 47.9424 2.99
      vertex 1.85195 47.7716 2.99
    endloop
  endfacet
  facet normal -0.0979429 0.995192 0
    outer loop
      vertex 3 48 2.99
      vertex 2.41473 47.9424 6.5
      vertex 3 48 6.5
    endloop
  endfacet
  facet normal -0.0979429 0.995192 0
    outer loop
      vertex 2.41473 47.9424 6.5
      vertex 3 48 2.99
      vertex 2.41473 47.9424 2.99
    endloop
  endfacet
  facet normal 0 -1 0
    outer loop
      vertex 3 0 2.99
      vertex 65 0 6.5
      vertex 3 0 6.5
    endloop
  endfacet
  facet normal 0 -1 -0
    outer loop
      vertex 65 0 6.5
      vertex 3 0 2.99
      vertex 65 0 2.99
    endloop
  endfacet
  facet normal -0.471358 0.881942 0
    outer loop
      vertex 1.85195 47.7716 2.99
      vertex 1.33329 47.4944 6.5
      vertex 1.85195 47.7716 6.5
    endloop
  endfacet
  facet normal -0.471358 0.881942 0
    outer loop
      vertex 1.33329 47.4944 6.5
      vertex 1.85195 47.7716 2.99
      vertex 1.33329 47.4944 2.99
    endloop
  endfacet
  facet normal -0.634405 0.773001 0
    outer loop
      vertex 1.33329 47.4944 2.99
      vertex 0.87868 47.1213 6.5
      vertex 1.33329 47.4944 6.5
    endloop
  endfacet
  facet normal -0.634405 0.773001 0
    outer loop
      vertex 0.87868 47.1213 6.5
      vertex 1.33329 47.4944 2.99
      vertex 0.87868 47.1213 2.99
    endloop
  endfacet
  facet normal 0.290451 0.95689 -0
    outer loop
      vertex 66.148 47.7716 2.99
      vertex 65.5853 47.9424 6.5
      vertex 66.148 47.7716 6.5
    endloop
  endfacet
  facet normal 0.290451 0.95689 0
    outer loop
      vertex 65.5853 47.9424 6.5
      vertex 66.148 47.7716 2.99
      vertex 65.5853 47.9424 2.99
    endloop
  endfacet
  facet normal 0.634413 0.772994 -0
    outer loop
      vertex 67.1213 47.1213 2.99
      vertex 66.6667 47.4944 6.5
      vertex 67.1213 47.1213 6.5
    endloop
  endfacet
  facet normal 0.634413 0.772994 0
    outer loop
      vertex 66.6667 47.4944 6.5
      vertex 67.1213 47.1213 2.99
      vertex 66.6667 47.4944 2.99
    endloop
  endfacet
  facet normal -1 0 0
    outer loop
      vertex 0 3 2.99
      vertex 0 45 6.5
      vertex 0 45 2.99
    endloop
  endfacet
  facet normal -1 -0 0
    outer loop
      vertex 0 45 6.5
      vertex 0 3 2.99
      vertex 0 3 6.5
    endloop
  endfacet
  facet normal 0 1 -0
    outer loop
      vertex 65 48 2.99
      vertex 3 48 6.5
      vertex 65 48 6.5
    endloop
  endfacet
  facet normal 0 1 0
    outer loop
      vertex 3 48 6.5
      vertex 65 48 2.99
      vertex 3 48 2.99
    endloop
  endfacet
  facet normal -0.881937 0.471368 0
    outer loop
      vertex 0.228362 46.148 2.99
      vertex 0.505591 46.6667 6.5
      vertex 0.505591 46.6667 2.99
    endloop
  endfacet
  facet normal -0.881937 0.471368 0
    outer loop
      vertex 0.505591 46.6667 6.5
      vertex 0.228362 46.148 2.99
      vertex 0.228362 46.148 6.5
    endloop
  endfacet
  facet normal -0.0980184 -0.995185 0
    outer loop
      vertex 2.41473 0.0576448 2.99
      vertex 3 0 6.5
      vertex 2.41473 0.0576448 6.5
    endloop
  endfacet
  facet normal -0.0980184 -0.995185 -0
    outer loop
      vertex 3 0 6.5
      vertex 2.41473 0.0576448 2.99
      vertex 3 0 2.99
    endloop
  endfacet
  facet normal 0.0980134 -0.995185 0
    outer loop
      vertex 65 0 2.99
      vertex 65.5853 0.0576448 6.5
      vertex 65 0 6.5
    endloop
  endfacet
  facet normal 0.0980134 -0.995185 0
    outer loop
      vertex 65.5853 0.0576448 6.5
      vertex 65 0 2.99
      vertex 65.5853 0.0576448 2.99
    endloop
  endfacet
  facet normal -0.634394 -0.77301 0
    outer loop
      vertex 0.87868 0.87868 2.99
      vertex 1.33329 0.505591 6.5
      vertex 0.87868 0.87868 6.5
    endloop
  endfacet
  facet normal -0.634394 -0.77301 -0
    outer loop
      vertex 1.33329 0.505591 6.5
      vertex 0.87868 0.87868 2.99
      vertex 1.33329 0.505591 2.99
    endloop
  endfacet
  facet normal -0.773003 0.634402 0
    outer loop
      vertex 0.505591 46.6667 2.99
      vertex 0.87868 47.1213 6.5
      vertex 0.87868 47.1213 2.99
    endloop
  endfacet
  facet normal -0.773003 0.634402 0
    outer loop
      vertex 0.87868 47.1213 6.5
      vertex 0.505591 46.6667 2.99
      vertex 0.505591 46.6667 6.5
    endloop
  endfacet
  facet normal -0.290284 -0.95694 0
    outer loop
      vertex 1.85195 0.228362 2.99
      vertex 2.41473 0.0576448 6.5
      vertex 1.85195 0.228362 6.5
    endloop
  endfacet
  facet normal -0.290284 -0.95694 -0
    outer loop
      vertex 2.41473 0.0576448 6.5
      vertex 1.85195 0.228362 2.99
      vertex 2.41473 0.0576448 2.99
    endloop
  endfacet
  facet normal 1 -0 0
    outer loop
      vertex 68 3 6.5
      vertex 68 45 2.99
      vertex 68 45 6.5
    endloop
  endfacet
  facet normal 1 0 0
    outer loop
      vertex 68 45 2.99
      vertex 68 3 6.5
      vertex 68 3 2.99
    endloop
  endfacet
  facet normal -0.95694 -0.290284 0
    outer loop
      vertex 0.228362 1.85195 2.99
      vertex 0.0576448 2.41473 6.5
      vertex 0.0576448 2.41473 2.99
    endloop
  endfacet
  facet normal -0.95694 -0.290284 0
    outer loop
      vertex 0.0576448 2.41473 6.5
      vertex 0.228362 1.85195 2.99
      vertex 0.228362 1.85195 6.5
    endloop
  endfacet
  facet normal -0.995185 0.0980134 0
    outer loop
      vertex 0 45 2.99
      vertex 0.0576448 45.5853 6.5
      vertex 0.0576448 45.5853 2.99
    endloop
  endfacet
  facet normal -0.995185 0.0980134 0
    outer loop
      vertex 0.0576448 45.5853 6.5
      vertex 0 45 2.99
      vertex 0 45 6.5
    endloop
  endfacet
  facet normal 0.995193 0.097938 0
    outer loop
      vertex 68 45 6.5
      vertex 67.9424 45.5853 2.99
      vertex 67.9424 45.5853 6.5
    endloop
  endfacet
  facet normal 0.995193 0.097938 0
    outer loop
      vertex 67.9424 45.5853 2.99
      vertex 68 45 6.5
      vertex 68 45 2.99
    endloop
  endfacet
  facet normal 0.290322 -0.956929 0
    outer loop
      vertex 65.5853 0.0576448 2.99
      vertex 66.148 0.228362 6.5
      vertex 65.5853 0.0576448 6.5
    endloop
  endfacet
  facet normal 0.290322 -0.956929 0
    outer loop
      vertex 66.148 0.228362 6.5
      vertex 65.5853 0.0576448 2.99
      vertex 66.148 0.228362 2.99
    endloop
  endfacet
  facet normal 0.956901 -0.290413 0
    outer loop
      vertex 67.7716 1.85195 6.5
      vertex 67.9424 2.41473 2.99
      vertex 67.9424 2.41473 6.5
    endloop
  endfacet
  facet normal 0.956901 -0.290413 0
    outer loop
      vertex 67.9424 2.41473 2.99
      vertex 67.7716 1.85195 6.5
      vertex 67.7716 1.85195 2.99
    endloop
  endfacet
  facet normal 0.881957 0.471329 0
    outer loop
      vertex 67.7716 46.148 6.5
      vertex 67.4944 46.6667 2.99
      vertex 67.4944 46.6667 6.5
    endloop
  endfacet
  facet normal 0.881957 0.471329 0
    outer loop
      vertex 67.4944 46.6667 2.99
      vertex 67.7716 46.148 6.5
      vertex 67.7716 46.148 2.99
    endloop
  endfacet
  facet normal -0.471396 -0.881922 0
    outer loop
      vertex 1.33329 0.505591 2.99
      vertex 1.85195 0.228362 6.5
      vertex 1.33329 0.505591 6.5
    endloop
  endfacet
  facet normal -0.471396 -0.881922 -0
    outer loop
      vertex 1.85195 0.228362 6.5
      vertex 1.33329 0.505591 2.99
      vertex 1.85195 0.228362 2.99
    endloop
  endfacet
  facet normal 0.881942 -0.471358 0
    outer loop
      vertex 67.4944 1.33329 6.5
      vertex 67.7716 1.85195 2.99
      vertex 67.7716 1.85195 6.5
    endloop
  endfacet
  facet normal 0.881942 -0.471358 0
    outer loop
      vertex 67.7716 1.85195 2.99
      vertex 67.4944 1.33329 6.5
      vertex 67.4944 1.33329 2.99
    endloop
  endfacet
  facet normal 0 0 -1
    outer loop
      vertex 68 3 2.99
      vertex 67.99 3.00875 2.99
      vertex 68 45 2.99
    endloop
  endfacet
  facet normal 0 0 -1
    outer loop
      vertex 67.9325 2.42543 2.99
      vertex 68 3 2.99
      vertex 67.9424 2.41473 2.99
    endloop
  endfacet
  facet normal -0 0 -1
    outer loop
      vertex 68 3 2.99
      vertex 67.9325 2.42543 2.99
      vertex 67.99 3.00875 2.99
    endloop
  endfacet
  facet normal 0 0 -1
    outer loop
      vertex 67.9424 2.41473 2.99
      vertex 67.9324 2.42372 2.99
      vertex 67.9325 2.42543 2.99
    endloop
  endfacet
  facet normal 0 0 -1
    outer loop
      vertex 67.7708 1.89096 2.99
      vertex 67.9424 2.41473 2.99
      vertex 67.7716 1.85195 2.99
    endloop
  endfacet
  facet normal -0 0 -1
    outer loop
      vertex 67.9424 2.41473 2.99
      vertex 67.7708 1.89096 2.99
      vertex 67.9324 2.42372 2.99
    endloop
  endfacet
  facet normal 0 0 -1
    outer loop
      vertex 67.7716 1.85195 2.99
      vertex 67.7633 1.8664 2.99
      vertex 67.7708 1.89096 2.99
    endloop
  endfacet
  facet normal 0 0 -1
    outer loop
      vertex 67.7716 1.85195 2.99
      vertex 67.7624 1.86325 2.99
      vertex 67.7633 1.8664 2.99
    endloop
  endfacet
  facet normal 0 0 -1
    outer loop
      vertex 67.7716 1.85195 2.99
      vertex 67.7622 1.86282 2.99
      vertex 67.7624 1.86325 2.99
    endloop
  endfacet
  facet normal 0 0 -1
    outer loop
      vertex 67.7716 1.85195 2.99
      vertex 67.7617 1.86118 2.99
      vertex 67.7622 1.86282 2.99
    endloop
  endfacet
  facet normal -0 0 -1
    outer loop
      vertex 67.7716 1.85195 2.99
      vertex 67.4993 1.37018 2.99
      vertex 67.7617 1.86118 2.99
    endloop
  endfacet
  facet normal 0 0 -1
    outer loop
      vertex 67.4944 1.33329 2.99
      vertex 67.4993 1.37018 2.99
      vertex 67.7716 1.85195 2.99
    endloop
  endfacet
  facet normal 0 0 -1
    outer loop
      vertex 67.4944 1.33329 2.99
      vertex 67.4878 1.34866 2.99
      vertex 67.4993 1.37018 2.99
    endloop
  endfacet
  facet normal 0 0 -1
    outer loop
      vertex 67.4944 1.33329 2.99
      vertex 67.4854 1.34425 2.99
      vertex 67.4878 1.34866 2.99
    endloop
  endfacet
  facet normal 0 0 -1
    outer loop
      vertex 67.4944 1.33329 2.99
      vertex 67.4846 1.34273 2.99
      vertex 67.4854 1.34425 2.99
    endloop
  endfacet
  facet normal -0 0 -1
    outer loop
      vertex 67.4944 1.33329 2.99
      vertex 67.1513 0.936612 2.99
      vertex 67.4846 1.34273 2.99
    endloop
  endfacet
  facet normal 0 0 -1
    outer loop
      vertex 67.1213 0.87868 2.99
      vertex 67.1513 0.936612 2.99
      vertex 67.4944 1.33329 2.99
    endloop
  endfacet
  facet normal 0 0 -1
    outer loop
      vertex 67.1213 0.87868 2.99
      vertex 67.1138 0.890976 2.99
      vertex 67.1513 0.936612 2.99
    endloop
  endfacet
  facet normal 0 0 -1
    outer loop
      vertex 67.1213 0.87868 2.99
      vertex 67.1133 0.890328 2.99
      vertex 67.1138 0.890976 2.99
    endloop
  endfacet
  facet normal 0 0 -1
    outer loop
      vertex 67.1213 0.87868 2.99
      vertex 67.1127 0.889639 2.99
      vertex 67.1133 0.890328 2.99
    endloop
  endfacet
  facet normal 0 0 -1
    outer loop
      vertex 67.1213 0.87868 2.99
      vertex 67.1116 0.888313 2.99
      vertex 67.1127 0.889639 2.99
    endloop
  endfacet
  facet normal -0 0 -1
    outer loop
      vertex 67.1213 0.87868 2.99
      vertex 66.7055 0.555018 2.99
      vertex 67.1116 0.888313 2.99
    endloop
  endfacet
  facet normal 0 0 -1
    outer loop
      vertex 66.6667 0.505591 2.99
      vertex 66.7055 0.555018 2.99
      vertex 67.1213 0.87868 2.99
    endloop
  endfacet
  facet normal 0 0 -1
    outer loop
      vertex 66.6667 0.505591 2.99
      vertex 66.6639 0.520909 2.99
      vertex 66.7055 0.555018 2.99
    endloop
  endfacet
  facet normal 0 0 -1
    outer loop
      vertex 66.6667 0.505591 2.99
      vertex 66.6594 0.517214 2.99
      vertex 66.6639 0.520909 2.99
    endloop
  endfacet
  facet normal 0 0 -1
    outer loop
      vertex 66.6667 0.505591 2.99
      vertex 66.6585 0.516468 2.99
      vertex 66.6594 0.517214 2.99
    endloop
  endfacet
  facet normal 0 0 -1
    outer loop
      vertex 66.6667 0.505591 2.99
      vertex 66.6571 0.51538 2.99
      vertex 66.6585 0.516468 2.99
    endloop
  endfacet
  facet normal -0 0 -1
    outer loop
      vertex 66.6667 0.505591 2.99
      vertex 66.1661 0.252935 2.99
      vertex 66.6571 0.51538 2.99
    endloop
  endfacet
  facet normal 0 0 -1
    outer loop
      vertex 66.148 0.228362 2.99
      vertex 66.1661 0.252935 2.99
      vertex 66.6667 0.505591 2.99
    endloop
  endfacet
  facet normal 0 0 -1
    outer loop
      vertex 66.148 0.228362 2.99
      vertex 66.1431 0.240615 2.99
      vertex 66.1661 0.252935 2.99
    endloop
  endfacet
  facet normal 0 0 -1
    outer loop
      vertex 66.148 0.228362 2.99
      vertex 66.1402 0.239075 2.99
      vertex 66.1431 0.240615 2.99
    endloop
  endfacet
  facet normal 0 0 -1
    outer loop
      vertex 66.148 0.228362 2.99
      vertex 66.1386 0.238266 2.99
      vertex 66.1402 0.239075 2.99
    endloop
  endfacet
  facet normal -0 0 -1
    outer loop
      vertex 66.148 0.228362 2.99
      vertex 65.6358 0.0857574 2.99
      vertex 66.1386 0.238266 2.99
    endloop
  endfacet
  facet normal 0 0 -1
    outer loop
      vertex 65.5853 0.0576448 2.99
      vertex 65.6358 0.0857574 2.99
      vertex 66.148 0.228362 2.99
    endloop
  endfacet
  facet normal 0 0 -1
    outer loop
      vertex 65.6358 0.0857574 2.99
      vertex 65.5853 0.0576448 2.99
      vertex 65.5908 0.0721011 2.99
    endloop
  endfacet
  facet normal 0 0 -1
    outer loop
      vertex 65.5853 0.0576448 2.99
      vertex 65.5784 0.0683407 2.99
      vertex 65.5908 0.0721011 2.99
    endloop
  endfacet
  facet normal 0 0 -1
    outer loop
      vertex 65.5853 0.0576448 2.99
      vertex 65.5778 0.0681363 2.99
      vertex 65.5784 0.0683407 2.99
    endloop
  endfacet
  facet normal 0 0 -1
    outer loop
      vertex 65.5853 0.0576448 2.99
      vertex 65.5777 0.068118 2.99
      vertex 65.5778 0.0681363 2.99
    endloop
  endfacet
  facet normal 0 0 -1
    outer loop
      vertex 65.5853 0.0576448 2.99
      vertex 65.576 0.0676201 2.99
      vertex 65.5777 0.068118 2.99
    endloop
  endfacet
  facet normal -0 0 -1
    outer loop
      vertex 65.5853 0.0576448 2.99
      vertex 65.0115 0.0120247 2.99
      vertex 65.576 0.0676201 2.99
    endloop
  endfacet
  facet normal 0 0 -1
    outer loop
      vertex 65 0 2.99
      vertex 65.0115 0.0120247 2.99
      vertex 65.5853 0.0576448 2.99
    endloop
  endfacet
  facet normal 0 0 -1
    outer loop
      vertex 65 0 2.99
      vertex 64.9928 0.0101802 2.99
      vertex 65.0115 0.0120247 2.99
    endloop
  endfacet
  facet normal 0 0 -1
    outer loop
      vertex 65 0 2.99
      vertex 64.9927 0.0101674 2.99
      vertex 64.9928 0.0101802 2.99
    endloop
  endfacet
  facet normal 0 0 -1
    outer loop
      vertex 65 0 2.99
      vertex 64.9909 0.00999928 2.99
      vertex 64.9927 0.0101674 2.99
    endloop
  endfacet
  facet normal 0 0 -1
    outer loop
      vertex 65 0 2.99
      vertex 3.00912 0.00999928 2.99
      vertex 64.9909 0.00999928 2.99
    endloop
  endfacet
  facet normal 0 0 -1
    outer loop
      vertex 3 0 2.99
      vertex 3.00912 0.00999928 2.99
      vertex 65 0 2.99
    endloop
  endfacet
  facet normal 0 0 -1
    outer loop
      vertex 3 0 2.99
      vertex 3.00734 0.0101674 2.99
      vertex 3.00912 0.00999928 2.99
    endloop
  endfacet
  facet normal 0 0 -1
    outer loop
      vertex 3 0 2.99
      vertex 3.00721 0.0101802 2.99
      vertex 3.00734 0.0101674 2.99
    endloop
  endfacet
  facet normal 0 0 -1
    outer loop
      vertex 3 0 2.99
      vertex 2.98848 0.0120247 2.99
      vertex 3.00721 0.0101802 2.99
    endloop
  endfacet
  facet normal 0 0 -1
    outer loop
      vertex 2.41473 0.0576448 2.99
      vertex 2.98848 0.0120247 2.99
      vertex 3 0 2.99
    endloop
  endfacet
  facet normal 0 0 -1
    outer loop
      vertex 2.98848 0.0120247 2.99
      vertex 2.41473 0.0576448 2.99
      vertex 2.42402 0.0676201 2.99
    endloop
  endfacet
  facet normal 0 0 -1
    outer loop
      vertex 2.41473 0.0576448 2.99
      vertex 2.42231 0.068118 2.99
      vertex 2.42402 0.0676201 2.99
    endloop
  endfacet
  facet normal 0 0 -1
    outer loop
      vertex 2.41473 0.0576448 2.99
      vertex 2.42225 0.0681363 2.99
      vertex 2.42231 0.068118 2.99
    endloop
  endfacet
  facet normal 0 0 -1
    outer loop
      vertex 2.41473 0.0576448 2.99
      vertex 2.42157 0.0683407 2.99
      vertex 2.42225 0.0681363 2.99
    endloop
  endfacet
  facet normal 0 0 -1
    outer loop
      vertex 2.41473 0.0576448 2.99
      vertex 2.40918 0.0721011 2.99
      vertex 2.42157 0.0683407 2.99
    endloop
  endfacet
  facet normal 0 0 -1
    outer loop
      vertex 2.41473 0.0576448 2.99
      vertex 2.36416 0.0857574 2.99
      vertex 2.40918 0.0721011 2.99
    endloop
  endfacet
  facet normal 0 0 -1
    outer loop
      vertex 1.85195 0.228362 2.99
      vertex 2.36416 0.0857574 2.99
      vertex 2.41473 0.0576448 2.99
    endloop
  endfacet
  facet normal 0 0 -1
    outer loop
      vertex 2.36416 0.0857574 2.99
      vertex 1.85195 0.228362 2.99
      vertex 1.86141 0.238266 2.99
    endloop
  endfacet
  facet normal 0 0 -1
    outer loop
      vertex 1.85195 0.228362 2.99
      vertex 1.85983 0.239075 2.99
      vertex 1.86141 0.238266 2.99
    endloop
  endfacet
  facet normal 0 0 -1
    outer loop
      vertex 1.85195 0.228362 2.99
      vertex 1.85695 0.240615 2.99
      vertex 1.85983 0.239075 2.99
    endloop
  endfacet
  facet normal 0 0 -1
    outer loop
      vertex 1.85195 0.228362 2.99
      vertex 1.8339 0.252935 2.99
      vertex 1.85695 0.240615 2.99
    endloop
  endfacet
  facet normal 0 0 -1
    outer loop
      vertex 1.33329 0.505591 2.99
      vertex 1.8339 0.252935 2.99
      vertex 1.85195 0.228362 2.99
    endloop
  endfacet
  facet normal 0 0 -1
    outer loop
      vertex 1.33329 0.505591 2.99
      vertex 1.34061 0.517214 2.99
      vertex 1.34152 0.516468 2.99
    endloop
  endfacet
  facet normal 0 0 -1
    outer loop
      vertex 1.8339 0.252935 2.99
      vertex 1.33329 0.505591 2.99
      vertex 1.3429 0.51538 2.99
    endloop
  endfacet
  facet normal 0 0 -1
    outer loop
      vertex 1.33329 0.505591 2.99
      vertex 1.34152 0.516468 2.99
      vertex 1.3429 0.51538 2.99
    endloop
  endfacet
  facet normal -0 0 -1
    outer loop
      vertex 1.34061 0.517214 2.99
      vertex 1.33329 0.505591 2.99
      vertex 1.3361 0.520909 2.99
    endloop
  endfacet
  facet normal 0 0 -1
    outer loop
      vertex 1.33329 0.505591 2.99
      vertex 1.29454 0.555018 2.99
      vertex 1.3361 0.520909 2.99
    endloop
  endfacet
  facet normal 0 0 -1
    outer loop
      vertex 0.87868 0.87868 2.99
      vertex 1.29454 0.555018 2.99
      vertex 1.33329 0.505591 2.99
    endloop
  endfacet
  facet normal 0 0 -1
    outer loop
      vertex 1.29454 0.555018 2.99
      vertex 0.87868 0.87868 2.99
      vertex 0.888421 0.888313 2.99
    endloop
  endfacet
  facet normal 0 0 -1
    outer loop
      vertex 0.87868 0.87868 2.99
      vertex 0.887287 0.889639 2.99
      vertex 0.888421 0.888313 2.99
    endloop
  endfacet
  facet normal 0 0 -1
    outer loop
      vertex 0.87868 0.87868 2.99
      vertex 0.886722 0.890328 2.99
      vertex 0.887287 0.889639 2.99
    endloop
  endfacet
  facet normal 0 0 -1
    outer loop
      vertex 0.87868 0.87868 2.99
      vertex 0.88619 0.890976 2.99
      vertex 0.886722 0.890328 2.99
    endloop
  endfacet
  facet normal 0 0 -1
    outer loop
      vertex 0.87868 0.87868 2.99
      vertex 0.848738 0.936612 2.99
      vertex 0.88619 0.890976 2.99
    endloop
  endfacet
  facet normal 0 0 -1
    outer loop
      vertex 0.505591 1.33329 2.99
      vertex 0.848738 0.936612 2.99
      vertex 0.87868 0.87868 2.99
    endloop
  endfacet
  facet normal 0 0 -1
    outer loop
      vertex 0.848738 0.936612 2.99
      vertex 0.505591 1.33329 2.99
      vertex 0.515442 1.34273 2.99
    endloop
  endfacet
  facet normal 0 0 -1
    outer loop
      vertex 0.505591 1.33329 2.99
      vertex 0.5146 1.34425 2.99
      vertex 0.515442 1.34273 2.99
    endloop
  endfacet
  facet normal 0 0 -1
    outer loop
      vertex 0.505591 1.33329 2.99
      vertex 0.512238 1.34866 2.99
      vertex 0.5146 1.34425 2.99
    endloop
  endfacet
  facet normal 0 0 -1
    outer loop
      vertex 0.505591 1.33329 2.99
      vertex 0.500739 1.37018 2.99
      vertex 0.512238 1.34866 2.99
    endloop
  endfacet
  facet normal 0 0 -1
    outer loop
      vertex 0.228362 1.85195 2.99
      vertex 0.500739 1.37018 2.99
      vertex 0.505591 1.33329 2.99
    endloop
  endfacet
  facet normal 0 0 -1
    outer loop
      vertex 0.500739 1.37018 2.99
      vertex 0.228362 1.85195 2.99
      vertex 0.238294 1.86118 2.99
    endloop
  endfacet
  facet normal 0 0 -1
    outer loop
      vertex 0.228362 1.85195 2.99
      vertex 0.237775 1.86282 2.99
      vertex 0.238294 1.86118 2.99
    endloop
  endfacet
  facet normal 0 0 -1
    outer loop
      vertex 0.228362 1.85195 2.99
      vertex 0.237644 1.86325 2.99
      vertex 0.237775 1.86282 2.99
    endloop
  endfacet
  facet normal 0 0 -1
    outer loop
      vertex 0.228362 1.85195 2.99
      vertex 0.236689 1.8664 2.99
      vertex 0.237644 1.86325 2.99
    endloop
  endfacet
  facet normal 0 0 -1
    outer loop
      vertex 0.228362 1.85195 2.99
      vertex 0.22924 1.89096 2.99
      vertex 0.236689 1.8664 2.99
    endloop
  endfacet
  facet normal 0 0 -1
    outer loop
      vertex 0.0576448 2.41473 2.99
      vertex 0.22924 1.89096 2.99
      vertex 0.228362 1.85195 2.99
    endloop
  endfacet
  facet normal 0 0 -1
    outer loop
      vertex 0.22924 1.89096 2.99
      vertex 0.0576448 2.41473 2.99
      vertex 0.0676271 2.42372 2.99
    endloop
  endfacet
  facet normal 0 0 -1
    outer loop
      vertex 0.0576448 2.41473 2.99
      vertex 0.067452 2.42543 2.99
      vertex 0.0676271 2.42372 2.99
    endloop
  endfacet
  facet normal 0 0 -1
    outer loop
      vertex 0 3 2.99
      vertex 0.067452 2.42543 2.99
      vertex 0.0576448 2.41473 2.99
    endloop
  endfacet
  facet normal -0 0 -1
    outer loop
      vertex 0.00999928 3.00875 2.99
      vertex 0 3 2.99
      vertex 0.00999928 44.9912 2.99
    endloop
  endfacet
  facet normal 0 0 -1
    outer loop
      vertex 0.067452 2.42543 2.99
      vertex 0 3 2.99
      vertex 0.00999928 3.00875 2.99
    endloop
  endfacet
  facet normal 0 0 -1
    outer loop
      vertex 67.99 44.9912 2.99
      vertex 68 45 2.99
      vertex 67.99 3.00875 2.99
    endloop
  endfacet
  facet normal 0 0 -1
    outer loop
      vertex 67.9325 45.5746 2.99
      vertex 68 45 2.99
      vertex 67.99 44.9912 2.99
    endloop
  endfacet
  facet normal 0 0 -1
    outer loop
      vertex 68 45 2.99
      vertex 67.9325 45.5746 2.99
      vertex 67.9424 45.5853 2.99
    endloop
  endfacet
  facet normal 0 0 -1
    outer loop
      vertex 67.9324 45.5763 2.99
      vertex 67.9424 45.5853 2.99
      vertex 67.9325 45.5746 2.99
    endloop
  endfacet
  facet normal 0 0 -1
    outer loop
      vertex 67.7708 46.109 2.99
      vertex 67.9424 45.5853 2.99
      vertex 67.9324 45.5763 2.99
    endloop
  endfacet
  facet normal 0 0 -1
    outer loop
      vertex 67.9424 45.5853 2.99
      vertex 67.7708 46.109 2.99
      vertex 67.7716 46.148 2.99
    endloop
  endfacet
  facet normal 0 0 -1
    outer loop
      vertex 67.7633 46.1336 2.99
      vertex 67.7716 46.148 2.99
      vertex 67.7708 46.109 2.99
    endloop
  endfacet
  facet normal 0 0 -1
    outer loop
      vertex 67.7624 46.1367 2.99
      vertex 67.7716 46.148 2.99
      vertex 67.7633 46.1336 2.99
    endloop
  endfacet
  facet normal 0 0 -1
    outer loop
      vertex 67.7622 46.1372 2.99
      vertex 67.7716 46.148 2.99
      vertex 67.7624 46.1367 2.99
    endloop
  endfacet
  facet normal 0 0 -1
    outer loop
      vertex 67.7617 46.1388 2.99
      vertex 67.7716 46.148 2.99
      vertex 67.7622 46.1372 2.99
    endloop
  endfacet
  facet normal 0 0 -1
    outer loop
      vertex 67.4993 46.6298 2.99
      vertex 67.7716 46.148 2.99
      vertex 67.7617 46.1388 2.99
    endloop
  endfacet
  facet normal 0 0 -1
    outer loop
      vertex 67.4993 46.6298 2.99
      vertex 67.4944 46.6667 2.99
      vertex 67.7716 46.148 2.99
    endloop
  endfacet
  facet normal 0 0 -1
    outer loop
      vertex 67.4878 46.6513 2.99
      vertex 67.4944 46.6667 2.99
      vertex 67.4993 46.6298 2.99
    endloop
  endfacet
  facet normal 0 0 -1
    outer loop
      vertex 67.4854 46.6558 2.99
      vertex 67.4944 46.6667 2.99
      vertex 67.4878 46.6513 2.99
    endloop
  endfacet
  facet normal 0 0 -1
    outer loop
      vertex 67.4846 46.6573 2.99
      vertex 67.4944 46.6667 2.99
      vertex 67.4854 46.6558 2.99
    endloop
  endfacet
  facet normal 0 0 -1
    outer loop
      vertex 67.1513 47.0634 2.99
      vertex 67.4944 46.6667 2.99
      vertex 67.4846 46.6573 2.99
    endloop
  endfacet
  facet normal 0 0 -1
    outer loop
      vertex 67.1513 47.0634 2.99
      vertex 67.1213 47.1213 2.99
      vertex 67.4944 46.6667 2.99
    endloop
  endfacet
  facet normal 0 0 -1
    outer loop
      vertex 67.1138 47.109 2.99
      vertex 67.1213 47.1213 2.99
      vertex 67.1513 47.0634 2.99
    endloop
  endfacet
  facet normal 0 0 -1
    outer loop
      vertex 67.1133 47.1097 2.99
      vertex 67.1213 47.1213 2.99
      vertex 67.1138 47.109 2.99
    endloop
  endfacet
  facet normal 0 0 -1
    outer loop
      vertex 67.1127 47.1104 2.99
      vertex 67.1213 47.1213 2.99
      vertex 67.1133 47.1097 2.99
    endloop
  endfacet
  facet normal 0 0 -1
    outer loop
      vertex 67.1116 47.1117 2.99
      vertex 67.1213 47.1213 2.99
      vertex 67.1127 47.1104 2.99
    endloop
  endfacet
  facet normal 0 0 -1
    outer loop
      vertex 66.7055 47.445 2.99
      vertex 67.1213 47.1213 2.99
      vertex 67.1116 47.1117 2.99
    endloop
  endfacet
  facet normal 0 0 -1
    outer loop
      vertex 66.7055 47.445 2.99
      vertex 66.6667 47.4944 2.99
      vertex 67.1213 47.1213 2.99
    endloop
  endfacet
  facet normal 0 0 -1
    outer loop
      vertex 66.6639 47.4791 2.99
      vertex 66.6667 47.4944 2.99
      vertex 66.7055 47.445 2.99
    endloop
  endfacet
  facet normal 0 0 -1
    outer loop
      vertex 66.6594 47.4828 2.99
      vertex 66.6667 47.4944 2.99
      vertex 66.6639 47.4791 2.99
    endloop
  endfacet
  facet normal 0 0 -1
    outer loop
      vertex 66.6585 47.4835 2.99
      vertex 66.6667 47.4944 2.99
      vertex 66.6594 47.4828 2.99
    endloop
  endfacet
  facet normal 0 0 -1
    outer loop
      vertex 66.6571 47.4846 2.99
      vertex 66.6667 47.4944 2.99
      vertex 66.6585 47.4835 2.99
    endloop
  endfacet
  facet normal 0 0 -1
    outer loop
      vertex 66.1661 47.7471 2.99
      vertex 66.6667 47.4944 2.99
      vertex 66.6571 47.4846 2.99
    endloop
  endfacet
  facet normal 0 0 -1
    outer loop
      vertex 66.1661 47.7471 2.99
      vertex 66.148 47.7716 2.99
      vertex 66.6667 47.4944 2.99
    endloop
  endfacet
  facet normal 0 0 -1
    outer loop
      vertex 66.1431 47.7594 2.99
      vertex 66.148 47.7716 2.99
      vertex 66.1661 47.7471 2.99
    endloop
  endfacet
  facet normal 0 0 -1
    outer loop
      vertex 66.1402 47.7609 2.99
      vertex 66.148 47.7716 2.99
      vertex 66.1431 47.7594 2.99
    endloop
  endfacet
  facet normal 0 0 -1
    outer loop
      vertex 66.1386 47.7617 2.99
      vertex 66.148 47.7716 2.99
      vertex 66.1402 47.7609 2.99
    endloop
  endfacet
  facet normal 0 0 -1
    outer loop
      vertex 65.6358 47.9142 2.99
      vertex 66.148 47.7716 2.99
      vertex 66.1386 47.7617 2.99
    endloop
  endfacet
  facet normal 0 0 -1
    outer loop
      vertex 65.5853 47.9424 2.99
      vertex 65.6358 47.9142 2.99
      vertex 65.5908 47.9279 2.99
    endloop
  endfacet
  facet normal 0 0 -1
    outer loop
      vertex 65.6358 47.9142 2.99
      vertex 65.5853 47.9424 2.99
      vertex 66.148 47.7716 2.99
    endloop
  endfacet
  facet normal 0 0 -1
    outer loop
      vertex 65.5784 47.9317 2.99
      vertex 65.5853 47.9424 2.99
      vertex 65.5908 47.9279 2.99
    endloop
  endfacet
  facet normal 0 0 -1
    outer loop
      vertex 65.5778 47.9319 2.99
      vertex 65.5853 47.9424 2.99
      vertex 65.5784 47.9317 2.99
    endloop
  endfacet
  facet normal 0 0 -1
    outer loop
      vertex 65.5777 47.9319 2.99
      vertex 65.5853 47.9424 2.99
      vertex 65.5778 47.9319 2.99
    endloop
  endfacet
  facet normal 0 0 -1
    outer loop
      vertex 65.576 47.9324 2.99
      vertex 65.5853 47.9424 2.99
      vertex 65.5777 47.9319 2.99
    endloop
  endfacet
  facet normal 0 0 -1
    outer loop
      vertex 65.0115 47.988 2.99
      vertex 65.5853 47.9424 2.99
      vertex 65.576 47.9324 2.99
    endloop
  endfacet
  facet normal 0 0 -1
    outer loop
      vertex 65.0115 47.988 2.99
      vertex 65 48 2.99
      vertex 65.5853 47.9424 2.99
    endloop
  endfacet
  facet normal 0 0 -1
    outer loop
      vertex 64.9928 47.9898 2.99
      vertex 65 48 2.99
      vertex 65.0115 47.988 2.99
    endloop
  endfacet
  facet normal 0 0 -1
    outer loop
      vertex 64.9927 47.9898 2.99
      vertex 65 48 2.99
      vertex 64.9928 47.9898 2.99
    endloop
  endfacet
  facet normal 0 0 -1
    outer loop
      vertex 64.9909 47.99 2.99
      vertex 65 48 2.99
      vertex 64.9927 47.9898 2.99
    endloop
  endfacet
  facet normal 0 0 -1
    outer loop
      vertex 3.00912 47.99 2.99
      vertex 65 48 2.99
      vertex 64.9909 47.99 2.99
    endloop
  endfacet
  facet normal 0 0 -1
    outer loop
      vertex 3.00912 47.99 2.99
      vertex 3 48 2.99
      vertex 65 48 2.99
    endloop
  endfacet
  facet normal 0 0 -1
    outer loop
      vertex 3.00734 47.9898 2.99
      vertex 3 48 2.99
      vertex 3.00912 47.99 2.99
    endloop
  endfacet
  facet normal 0 0 -1
    outer loop
      vertex 3.00721 47.9898 2.99
      vertex 3 48 2.99
      vertex 3.00734 47.9898 2.99
    endloop
  endfacet
  facet normal 0 0 -1
    outer loop
      vertex 2.98848 47.988 2.99
      vertex 3 48 2.99
      vertex 3.00721 47.9898 2.99
    endloop
  endfacet
  facet normal 0 0 -1
    outer loop
      vertex 2.41473 47.9424 2.99
      vertex 2.98848 47.988 2.99
      vertex 2.42402 47.9324 2.99
    endloop
  endfacet
  facet normal 0 0 -1
    outer loop
      vertex 2.41473 47.9424 2.99
      vertex 2.42225 47.9319 2.99
      vertex 2.42157 47.9317 2.99
    endloop
  endfacet
  facet normal -0 0 -1
    outer loop
      vertex 2.98848 47.988 2.99
      vertex 2.41473 47.9424 2.99
      vertex 3 48 2.99
    endloop
  endfacet
  facet normal 0 0 -1
    outer loop
      vertex 2.42231 47.9319 2.99
      vertex 2.41473 47.9424 2.99
      vertex 2.42402 47.9324 2.99
    endloop
  endfacet
  facet normal 0 0 -1
    outer loop
      vertex 2.42225 47.9319 2.99
      vertex 2.41473 47.9424 2.99
      vertex 2.42231 47.9319 2.99
    endloop
  endfacet
  facet normal 0 0 -1
    outer loop
      vertex 2.40918 47.9279 2.99
      vertex 2.41473 47.9424 2.99
      vertex 2.42157 47.9317 2.99
    endloop
  endfacet
  facet normal 0 0 -1
    outer loop
      vertex 2.36416 47.9142 2.99
      vertex 2.41473 47.9424 2.99
      vertex 2.40918 47.9279 2.99
    endloop
  endfacet
  facet normal 0 0 -1
    outer loop
      vertex 1.85195 47.7716 2.99
      vertex 2.36416 47.9142 2.99
      vertex 1.86141 47.7617 2.99
    endloop
  endfacet
  facet normal -0 0 -1
    outer loop
      vertex 2.36416 47.9142 2.99
      vertex 1.85195 47.7716 2.99
      vertex 2.41473 47.9424 2.99
    endloop
  endfacet
  facet normal 0 0 -1
    outer loop
      vertex 1.85983 47.7609 2.99
      vertex 1.85195 47.7716 2.99
      vertex 1.86141 47.7617 2.99
    endloop
  endfacet
  facet normal 0 0 -1
    outer loop
      vertex 1.85695 47.7594 2.99
      vertex 1.85195 47.7716 2.99
      vertex 1.85983 47.7609 2.99
    endloop
  endfacet
  facet normal 0 0 -1
    outer loop
      vertex 1.8339 47.7471 2.99
      vertex 1.85195 47.7716 2.99
      vertex 1.85695 47.7594 2.99
    endloop
  endfacet
  facet normal 0 0 -1
    outer loop
      vertex 1.33329 47.4944 2.99
      vertex 1.8339 47.7471 2.99
      vertex 1.3429 47.4846 2.99
    endloop
  endfacet
  facet normal 0 0 -1
    outer loop
      vertex 1.33329 47.4944 2.99
      vertex 1.34061 47.4828 2.99
      vertex 1.3361 47.4791 2.99
    endloop
  endfacet
  facet normal -0 0 -1
    outer loop
      vertex 1.8339 47.7471 2.99
      vertex 1.33329 47.4944 2.99
      vertex 1.85195 47.7716 2.99
    endloop
  endfacet
  facet normal 0 0 -1
    outer loop
      vertex 1.34152 47.4835 2.99
      vertex 1.33329 47.4944 2.99
      vertex 1.3429 47.4846 2.99
    endloop
  endfacet
  facet normal 0 0 -1
    outer loop
      vertex 1.34061 47.4828 2.99
      vertex 1.33329 47.4944 2.99
      vertex 1.34152 47.4835 2.99
    endloop
  endfacet
  facet normal 0 0 -1
    outer loop
      vertex 1.29454 47.445 2.99
      vertex 1.33329 47.4944 2.99
      vertex 1.3361 47.4791 2.99
    endloop
  endfacet
  facet normal 0 0 -1
    outer loop
      vertex 0.87868 47.1213 2.99
      vertex 1.29454 47.445 2.99
      vertex 0.888421 47.1117 2.99
    endloop
  endfacet
  facet normal -0 0 -1
    outer loop
      vertex 1.29454 47.445 2.99
      vertex 0.87868 47.1213 2.99
      vertex 1.33329 47.4944 2.99
    endloop
  endfacet
  facet normal 0 0 -1
    outer loop
      vertex 0.887287 47.1104 2.99
      vertex 0.87868 47.1213 2.99
      vertex 0.888421 47.1117 2.99
    endloop
  endfacet
  facet normal 0 0 -1
    outer loop
      vertex 0.886722 47.1097 2.99
      vertex 0.87868 47.1213 2.99
      vertex 0.887287 47.1104 2.99
    endloop
  endfacet
  facet normal 0 0 -1
    outer loop
      vertex 0.88619 47.109 2.99
      vertex 0.87868 47.1213 2.99
      vertex 0.886722 47.1097 2.99
    endloop
  endfacet
  facet normal 0 0 -1
    outer loop
      vertex 0.848738 47.0634 2.99
      vertex 0.87868 47.1213 2.99
      vertex 0.88619 47.109 2.99
    endloop
  endfacet
  facet normal 0 0 -1
    outer loop
      vertex 0.505591 46.6667 2.99
      vertex 0.848738 47.0634 2.99
      vertex 0.515442 46.6573 2.99
    endloop
  endfacet
  facet normal -0 0 -1
    outer loop
      vertex 0.848738 47.0634 2.99
      vertex 0.505591 46.6667 2.99
      vertex 0.87868 47.1213 2.99
    endloop
  endfacet
  facet normal 0 0 -1
    outer loop
      vertex 0.5146 46.6558 2.99
      vertex 0.505591 46.6667 2.99
      vertex 0.515442 46.6573 2.99
    endloop
  endfacet
  facet normal 0 0 -1
    outer loop
      vertex 0.512238 46.6513 2.99
      vertex 0.505591 46.6667 2.99
      vertex 0.5146 46.6558 2.99
    endloop
  endfacet
  facet normal 0 0 -1
    outer loop
      vertex 0.500739 46.6298 2.99
      vertex 0.505591 46.6667 2.99
      vertex 0.512238 46.6513 2.99
    endloop
  endfacet
  facet normal 0 0 -1
    outer loop
      vertex 0.228362 46.148 2.99
      vertex 0.500739 46.6298 2.99
      vertex 0.238294 46.1388 2.99
    endloop
  endfacet
  facet normal 0 0 -1
    outer loop
      vertex 0.228362 46.148 2.99
      vertex 0.236689 46.1336 2.99
      vertex 0.22924 46.109 2.99
    endloop
  endfacet
  facet normal -0 0 -1
    outer loop
      vertex 0.500739 46.6298 2.99
      vertex 0.228362 46.148 2.99
      vertex 0.505591 46.6667 2.99
    endloop
  endfacet
  facet normal 0 0 -1
    outer loop
      vertex 0.237775 46.1372 2.99
      vertex 0.228362 46.148 2.99
      vertex 0.238294 46.1388 2.99
    endloop
  endfacet
  facet normal 0 0 -1
    outer loop
      vertex 0.237644 46.1367 2.99
      vertex 0.228362 46.148 2.99
      vertex 0.237775 46.1372 2.99
    endloop
  endfacet
  facet normal 0 0 -1
    outer loop
      vertex 0.236689 46.1336 2.99
      vertex 0.228362 46.148 2.99
      vertex 0.237644 46.1367 2.99
    endloop
  endfacet
  facet normal 0 0 -1
    outer loop
      vertex 0.0576448 45.5853 2.99
      vertex 0.22924 46.109 2.99
      vertex 0.0676271 45.5763 2.99
    endloop
  endfacet
  facet normal -0 0 -1
    outer loop
      vertex 0.22924 46.109 2.99
      vertex 0.0576448 45.5853 2.99
      vertex 0.228362 46.148 2.99
    endloop
  endfacet
  facet normal 0 0 -1
    outer loop
      vertex 0.067452 45.5746 2.99
      vertex 0.0576448 45.5853 2.99
      vertex 0.0676271 45.5763 2.99
    endloop
  endfacet
  facet normal 0 0 -1
    outer loop
      vertex 0 45 2.99
      vertex 0.067452 45.5746 2.99
      vertex 0.00999928 44.9912 2.99
    endloop
  endfacet
  facet normal -0 0 -1
    outer loop
      vertex 0.067452 45.5746 2.99
      vertex 0 45 2.99
      vertex 0.0576448 45.5853 2.99
    endloop
  endfacet
  facet normal 0 0 -1
    outer loop
      vertex 0 45 2.99
      vertex 0.00999928 44.9912 2.99
      vertex 0 3 2.99
    endloop
  endfacet
  facet normal 0.773001 -0.634405 0
    outer loop
      vertex 67.1213 0.87868 6.5
      vertex 67.4944 1.33329 2.99
      vertex 67.4944 1.33329 6.5
    endloop
  endfacet
  facet normal 0.773001 -0.634405 0
    outer loop
      vertex 67.4944 1.33329 2.99
      vertex 67.1213 0.87868 6.5
      vertex 67.1213 0.87868 2.99
    endloop
  endfacet
  facet normal 0.634402 -0.773003 0
    outer loop
      vertex 66.6667 0.505591 2.99
      vertex 67.1213 0.87868 6.5
      vertex 66.6667 0.505591 6.5
    endloop
  endfacet
  facet normal 0.634402 -0.773003 0
    outer loop
      vertex 67.1213 0.87868 6.5
      vertex 66.6667 0.505591 2.99
      vertex 67.1213 0.87868 2.99
    endloop
  endfacet
  facet normal -0.956929 0.290322 0
    outer loop
      vertex 0.0576448 45.5853 2.99
      vertex 0.228362 46.148 6.5
      vertex 0.228362 46.148 2.99
    endloop
  endfacet
  facet normal -0.956929 0.290322 0
    outer loop
      vertex 0.228362 46.148 6.5
      vertex 0.0576448 45.5853 2.99
      vertex 0.0576448 45.5853 6.5
    endloop
  endfacet
  facet normal 0.95689 0.290451 0
    outer loop
      vertex 67.9424 45.5853 6.5
      vertex 67.7716 46.148 2.99
      vertex 67.7716 46.148 6.5
    endloop
  endfacet
  facet normal 0.95689 0.290451 0
    outer loop
      vertex 67.7716 46.148 2.99
      vertex 67.9424 45.5853 6.5
      vertex 67.9424 45.5853 2.99
    endloop
  endfacet
  facet normal 0.471368 -0.881937 0
    outer loop
      vertex 66.148 0.228362 2.99
      vertex 66.6667 0.505591 6.5
      vertex 66.148 0.228362 6.5
    endloop
  endfacet
  facet normal 0.471368 -0.881937 0
    outer loop
      vertex 66.6667 0.505591 6.5
      vertex 66.148 0.228362 2.99
      vertex 66.6667 0.505591 2.99
    endloop
  endfacet
  facet normal 0.995192 -0.0979429 0
    outer loop
      vertex 67.9424 2.41473 6.5
      vertex 68 3 2.99
      vertex 68 3 6.5
    endloop
  endfacet
  facet normal 0.995192 -0.0979429 0
    outer loop
      vertex 68 3 2.99
      vertex 67.9424 2.41473 6.5
      vertex 67.9424 2.41473 2.99
    endloop
  endfacet
  facet normal -0.525274 -0.285067 0.801763
    outer loop
      vertex 64.9263 44.4107 1.5
      vertex 65.0232 44.7595 1.6875
      vertex 64.8367 44.5758 1.5
    endloop
  endfacet
  facet normal 0.600232 0.184634 0.778223
    outer loop
      vertex 2.08555 2.62883 2.49
      vertex 2.1073 2.64769 2.46875
      vertex 3.01861 3.76832 1.5
    endloop
  endfacet
  facet normal 0.60034 0.184462 0.778181
    outer loop
      vertex 2.1073 2.64769 2.46875
      vertex 2.08555 2.62883 2.49
      vertex 2.0861 2.62704 2.49
    endloop
  endfacet
  facet normal 0.601882 0.182574 0.777435
    outer loop
      vertex 2.07701 2.65696 2.49
      vertex 2.08168 2.86512 2.4375
      vertex 2.02921 2.81454 2.49
    endloop
  endfacet
  facet normal 0.672602 0.0672104 0.736946
    outer loop
      vertex 2.76876 3.52747 1.75
      vertex 3 3.95455 1.5
      vertex 2.48768 3.25651 2.03125
    endloop
  endfacet
  facet normal 0 0.707107 0.707107
    outer loop
      vertex 64.0312 3 1.5
      vertex 3.00969 2.01 2.49
      vertex 64.9903 2.01 2.49
    endloop
  endfacet
  facet normal 0 0.707107 0.707107
    outer loop
      vertex 3.00969 2.01 2.49
      vertex 64.0312 3 1.5
      vertex 3.96875 3 1.5
    endloop
  endfacet
  facet normal 0.60193 0.18254 0.777406
    outer loop
      vertex 2.39399 3.16619 2.125
      vertex 2.0849 2.63095 2.49
      vertex 2.48768 3.25651 2.03125
    endloop
  endfacet
  facet normal 0.603493 0.181048 0.776542
    outer loop
      vertex 2.0849 2.63095 2.49
      vertex 2.39399 3.16619 2.125
      vertex 2.0846 2.63195 2.49
    endloop
  endfacet
  facet normal 0.601881 0.182595 0.777431
    outer loop
      vertex 2.48768 3.25651 2.03125
      vertex 2.08536 2.62945 2.49
      vertex 2.76876 3.52747 1.75
    endloop
  endfacet
  facet normal 0.600397 0.184122 0.778217
    outer loop
      vertex 2.08536 2.62945 2.49
      vertex 2.48768 3.25651 2.03125
      vertex 2.0849 2.63095 2.49
    endloop
  endfacet
  facet normal 0.707107 -0 0.707107
    outer loop
      vertex 2.6875 3.65625 1.8125
      vertex 2.6875 44.3438 1.8125
      vertex 2.01 44.9905 2.49
    endloop
  endfacet
  facet normal 0.707107 0 0.707107
    outer loop
      vertex 2.96875 44.0753 1.53125
      vertex 3 3.95455 1.5
      vertex 3 44.0455 1.5
    endloop
  endfacet
  facet normal 0.707107 0 0.707107
    outer loop
      vertex 2.6875 44.3438 1.8125
      vertex 2.6875 3.65625 1.8125
      vertex 2.96875 44.0753 1.53125
    endloop
  endfacet
  facet normal 0.707107 0 0.707107
    outer loop
      vertex 2.96875 44.0753 1.53125
      vertex 2.96875 3.92472 1.53125
      vertex 3 3.95455 1.5
    endloop
  endfacet
  facet normal 0.707107 0 0.707107
    outer loop
      vertex 2.96875 44.0753 1.53125
      vertex 2.6875 3.65625 1.8125
      vertex 2.96875 3.92472 1.53125
    endloop
  endfacet
  facet normal 0.707107 0 0.707107
    outer loop
      vertex 2.6875 3.65625 1.8125
      vertex 2.01 44.9905 2.49
      vertex 2.01 3.00954 2.49
    endloop
  endfacet
  facet normal 0.672587 0.067225 0.736958
    outer loop
      vertex 2.95615 3.70811 1.5625
      vertex 3 3.95455 1.5
      vertex 2.76876 3.52747 1.75
    endloop
  endfacet
  facet normal 0.672614 0.0672144 0.736935
    outer loop
      vertex 3.01861 3.76832 1.5
      vertex 3 3.95455 1.5
      vertex 2.95615 3.70811 1.5625
    endloop
  endfacet
  facet normal 0.60189 0.182581 0.777427
    outer loop
      vertex 2.08168 2.86512 2.4375
      vertex 2.0846 2.63195 2.49
      vertex 2.39399 3.16619 2.125
    endloop
  endfacet
  facet normal 0.601716 0.182608 0.777555
    outer loop
      vertex 2.0846 2.63195 2.49
      vertex 2.08168 2.86512 2.4375
      vertex 2.07701 2.65696 2.49
    endloop
  endfacet
  facet normal 0.601985 0.182466 0.77738
    outer loop
      vertex 2.95615 3.70811 1.5625
      vertex 2.08555 2.62883 2.49
      vertex 3.01861 3.76832 1.5
    endloop
  endfacet
  facet normal 0.590199 0.196733 0.782919
    outer loop
      vertex 2.08555 2.62883 2.49
      vertex 2.95615 3.70811 1.5625
      vertex 2.08551 2.62895 2.49
    endloop
  endfacet
  facet normal 0.370245 0.451167 0.812014
    outer loop
      vertex 2.45261 2.17982 2.49
      vertex 3.15988 3.15624 1.625
      vertex 2.3028 2.30276 2.49
    endloop
  endfacet
  facet normal 0.600131 0.184758 0.778272
    outer loop
      vertex 2.57493 3.10329 2
      vertex 3.01861 3.76832 1.5
      vertex 2.16965 2.70844 2.40625
    endloop
  endfacet
  facet normal 0.27939 0.529157 0.801208
    outer loop
      vertex 2.62545 2.08697 2.49
      vertex 2.64796 2.10726 2.46875
      vertex 3.43054 3.16087 1.5
    endloop
  endfacet
  facet normal 0.279011 0.529487 0.801122
    outer loop
      vertex 2.64796 2.10726 2.46875
      vertex 2.62545 2.08697 2.49
      vertex 2.62712 2.08609 2.49
    endloop
  endfacet
  facet normal -0.0663411 0.672859 0.73679
    outer loop
      vertex 65.1853 2.02921 2.49
      vertex 65.1342 2.08166 2.4375
      vertex 65.0215 2.01306 2.49
    endloop
  endfacet
  facet normal 0.28198 0.527429 0.80144
    outer loop
      vertex 3.21483 2.9438 1.71875
      vertex 2.62545 2.08697 2.49
      vertex 3.43054 3.16087 1.5
    endloop
  endfacet
  facet normal 0.280391 0.52843 0.801338
    outer loop
      vertex 2.62545 2.08697 2.49
      vertex 3.21483 2.9438 1.71875
      vertex 2.62496 2.08723 2.49
    endloop
  endfacet
  facet normal 0.447991 -0.373264 0.812391
    outer loop
      vertex 3.16326 44.5758 1.5
      vertex 3.28374 44.7204 1.5
      vertex 3.15988 44.8438 1.625
    endloop
  endfacet
  facet normal -0.59134 -0.197113 0.781961
    outer loop
      vertex 65.8927 45.3523 2.46875
      vertex 65.9145 45.3712 2.49
      vertex 65.9139 45.373 2.49
    endloop
  endfacet
  facet normal -0.595938 -0.189893 0.780255
    outer loop
      vertex 65.9145 45.3712 2.49
      vertex 65.8927 45.3523 2.46875
      vertex 64.9814 44.2317 1.5
    endloop
  endfacet
  facet normal 0.0653327 0.673241 0.736532
    outer loop
      vertex 3.77976 3.01834 1.5
      vertex 3.00969 2.01 2.49
      vertex 3.96875 3 1.5
    endloop
  endfacet
  facet normal 0.0641678 0.673762 0.736157
    outer loop
      vertex 3.00969 2.01 2.49
      vertex 3.77976 3.01834 1.5
      vertex 3.0078 2.01018 2.49
    endloop
  endfacet
  facet normal 0.528097 0.282074 0.800967
    outer loop
      vertex 3.04257 3.55888 1.53125
      vertex 2.17758 2.45588 2.49
      vertex 3.07374 3.58926 1.5
    endloop
  endfacet
  facet normal 0.50663 0.303978 0.806798
    outer loop
      vertex 2.17758 2.45588 2.49
      vertex 3.04257 3.55888 1.53125
      vertex 2.17755 2.45593 2.49
    endloop
  endfacet
  facet normal -0.276169 0.531094 0.801043
    outer loop
      vertex 64.7852 2.9438 1.71875
      vertex 65.3745 2.08697 2.49
      vertex 65.375 2.08723 2.49
    endloop
  endfacet
  facet normal -0.281932 0.527476 0.801426
    outer loop
      vertex 65.3745 2.08697 2.49
      vertex 64.7852 2.9438 1.71875
      vertex 64.5695 3.16087 1.5
    endloop
  endfacet
  facet normal 0.182291 -0.6009 0.77826
    outer loop
      vertex 2.64796 45.8927 2.46875
      vertex 2.75469 45.9526 2.49
      vertex 2.62712 45.9139 2.49
    endloop
  endfacet
  facet normal -0.291578 -0.518361 0.803918
    outer loop
      vertex 65.352 45.8927 2.46875
      vertex 65.3745 45.913 2.49
      vertex 65.3729 45.9139 2.49
    endloop
  endfacet
  facet normal -0.278965 -0.529454 0.80116
    outer loop
      vertex 65.3745 45.913 2.49
      vertex 65.352 45.8927 2.46875
      vertex 64.5695 44.8391 1.5
    endloop
  endfacet
  facet normal -0.281955 0.527463 0.801426
    outer loop
      vertex 65.5457 2.17845 2.49
      vertex 65.4015 2.32358 2.34375
      vertex 65.3839 2.09196 2.49
    endloop
  endfacet
  facet normal -0.180011 0.602467 0.777579
    outer loop
      vertex 64.2507 2.98712 1.53125
      vertex 64.402 3.07266 1.5
      vertex 64.2202 3.01834 1.5
    endloop
  endfacet
  facet normal 0.672599 0.0672166 0.736948
    outer loop
      vertex 2.39399 3.16619 2.125
      vertex 3 3.95455 1.5
      vertex 2.08168 2.86512 2.4375
    endloop
  endfacet
  facet normal 0.0651975 -0.673315 0.736475
    outer loop
      vertex 3.00969 45.99 2.49
      vertex 3.77976 44.9817 1.5
      vertex 3.96875 45 1.5
    endloop
  endfacet
  facet normal 0.0709746 -0.67071 0.738316
    outer loop
      vertex 3.77976 44.9817 1.5
      vertex 3.00969 45.99 2.49
      vertex 3.0078 45.9898 2.49
    endloop
  endfacet
  facet normal 0 -0.707107 0.707107
    outer loop
      vertex 64.9903 45.99 2.49
      vertex 3.96875 45 1.5
      vertex 64.0312 45 1.5
    endloop
  endfacet
  facet normal 0 -0.707107 0.707107
    outer loop
      vertex 3.96875 45 1.5
      vertex 64.9903 45.99 2.49
      vertex 3.00969 45.99 2.49
    endloop
  endfacet
  facet normal 0.600153 0.184778 0.77825
    outer loop
      vertex 3.04257 3.55888 1.53125
      vertex 3.07374 3.58926 1.5
      vertex 3.01861 3.76832 1.5
    endloop
  endfacet
  facet normal 0.281922 0.527467 0.801436
    outer loop
      vertex 2.61611 2.09196 2.49
      vertex 2.59851 2.32358 2.34375
      vertex 2.45429 2.17845 2.49
    endloop
  endfacet
  facet normal 0.673178 -0.0663371 0.736499
    outer loop
      vertex 2.6875 44.3438 1.8125
      vertex 2.02894 45.1827 2.49
      vertex 2.01 44.9905 2.49
    endloop
  endfacet
  facet normal 0.448152 0.373239 0.812313
    outer loop
      vertex 2.3016 2.30421 2.49
      vertex 3.15988 3.15624 1.625
      vertex 3.16326 3.42423 1.5
    endloop
  endfacet
  facet normal 0.449393 0.371911 0.812236
    outer loop
      vertex 3.15988 3.15624 1.625
      vertex 2.3016 2.30421 2.49
      vertex 2.3028 2.30276 2.49
    endloop
  endfacet
  facet normal -0.229587 0.573967 0.786035
    outer loop
      vertex 64.4633 3.01038 1.5625
      vertex 65.1872 2.02975 2.49
      vertex 65.1873 2.02979 2.49
    endloop
  endfacet
  facet normal -0.182475 0.601161 0.778016
    outer loop
      vertex 65.1872 2.02975 2.49
      vertex 64.4633 3.01038 1.5625
      vertex 64.402 3.07266 1.5
    endloop
  endfacet
  facet normal -0.590932 0.198078 0.782026
    outer loop
      vertex 65.9145 2.62883 2.49
      vertex 65.8927 2.64769 2.46875
      vertex 65.9139 2.62704 2.49
    endloop
  endfacet
  facet normal -0.596815 0.188821 0.779846
    outer loop
      vertex 65.8927 2.64769 2.46875
      vertex 65.9145 2.62883 2.49
      vertex 64.9814 3.76832 1.5
    endloop
  endfacet
  facet normal -0.531718 -0.278296 0.799892
    outer loop
      vertex 64.9574 44.4411 1.53125
      vertex 65.8224 45.5441 2.49
      vertex 64.9263 44.4107 1.5
    endloop
  endfacet
  facet normal -0.67325 -0.0662041 0.736445
    outer loop
      vertex 65.99 44.9905 2.49
      vertex 65.9711 45.1827 2.49
      vertex 65.3125 44.3438 1.8125
    endloop
  endfacet
  facet normal 0.67339 -0.0660077 0.736335
    outer loop
      vertex 2.02902 45.1836 2.49
      vertex 2.96875 44.0753 1.53125
      vertex 3 44.0455 1.5
    endloop
  endfacet
  facet normal 0.714155 0 0.699987
    outer loop
      vertex 2.96875 44.0753 1.53125
      vertex 2.02902 45.1836 2.49
      vertex 2.02902 45.1835 2.49
    endloop
  endfacet
  facet normal -0.391408 0.434897 0.810965
    outer loop
      vertex 64.8401 3.15624 1.625
      vertex 65.5472 2.17964 2.49
      vertex 65.5474 2.17982 2.49
    endloop
  endfacet
  facet normal -0.370839 0.450705 0.811999
    outer loop
      vertex 65.5472 2.17964 2.49
      vertex 64.8401 3.15624 1.625
      vertex 64.7163 3.27958 1.5
    endloop
  endfacet
  facet normal -0.0638437 0.673906 0.736053
    outer loop
      vertex 64.2202 3.01834 1.5
      vertex 64.9903 2.01 2.49
      vertex 64.9922 2.01018 2.49
    endloop
  endfacet
  facet normal -0.0653293 0.673241 0.736531
    outer loop
      vertex 64.9903 2.01 2.49
      vertex 64.2202 3.01834 1.5
      vertex 64.0312 3 1.5
    endloop
  endfacet
  facet normal 0.601855 0.182624 0.777444
    outer loop
      vertex 2.76876 3.52747 1.75
      vertex 2.08551 2.62895 2.49
      vertex 2.95615 3.70811 1.5625
    endloop
  endfacet
  facet normal 0.603258 0.180978 0.776741
    outer loop
      vertex 2.08551 2.62895 2.49
      vertex 2.76876 3.52747 1.75
      vertex 2.08536 2.62945 2.49
    endloop
  endfacet
  facet normal 0.673187 0.0663195 0.736493
    outer loop
      vertex 2.6875 3.65625 1.8125
      vertex 2.02902 2.81647 2.49
      vertex 2.96875 3.92472 1.53125
    endloop
  endfacet
  facet normal 0.67361 0.0657181 0.736159
    outer loop
      vertex 2.02902 2.81647 2.49
      vertex 2.6875 3.65625 1.8125
      vertex 2.02894 2.81729 2.49
    endloop
  endfacet
  facet normal 0.673186 0.0663207 0.736493
    outer loop
      vertex 2.02894 2.81729 2.49
      vertex 2.6875 3.65625 1.8125
      vertex 2.01 3.00954 2.49
    endloop
  endfacet
  facet normal 0.37015 0.451237 0.812019
    outer loop
      vertex 3.15988 3.15624 1.625
      vertex 2.45282 2.17964 2.49
      vertex 3.28374 3.27958 1.5
    endloop
  endfacet
  facet normal 0.380208 0.443577 0.811592
    outer loop
      vertex 2.45282 2.17964 2.49
      vertex 3.15988 3.15624 1.625
      vertex 2.45261 2.17982 2.49
    endloop
  endfacet
  facet normal -0.370371 -0.45107 0.81201
    outer loop
      vertex 65.6972 45.6972 2.49
      vertex 65.5474 45.8202 2.49
      vertex 64.8401 44.8438 1.625
    endloop
  endfacet
  facet normal -0.180285 -0.602498 0.777492
    outer loop
      vertex 64.402 44.9273 1.5
      vertex 64.2507 45.0129 1.53125
      vertex 64.2202 44.9817 1.5
    endloop
  endfacet
  facet normal 0.673197 0.0662999 0.736485
    outer loop
      vertex 2.96875 3.92472 1.53125
      vertex 2.02902 2.81641 2.49
      vertex 3 3.95455 1.5
    endloop
  endfacet
  facet normal 0.714155 -0 0.699987
    outer loop
      vertex 2.02902 2.81641 2.49
      vertex 2.96875 3.92472 1.53125
      vertex 2.02902 2.81647 2.49
    endloop
  endfacet
  facet normal -0.18842 -0.596663 0.780058
    outer loop
      vertex 65.1342 45.9183 2.4375
      vertex 65.1872 45.9702 2.49
      vertex 65.1853 45.9708 2.49
    endloop
  endfacet
  facet normal -0.180525 -0.602259 0.777621
    outer loop
      vertex 65.1872 45.9702 2.49
      vertex 65.1342 45.9183 2.4375
      vertex 64.402 44.9273 1.5
    endloop
  endfacet
  facet normal 0.600062 -0.184813 0.778312
    outer loop
      vertex 3.07374 44.4107 1.5
      vertex 3.04257 44.4411 1.53125
      vertex 3.01861 44.2317 1.5
    endloop
  endfacet
  facet normal 0.672427 0.0674763 0.737081
    outer loop
      vertex 2.02902 2.81641 2.49
      vertex 2.08168 2.86512 2.4375
      vertex 3 3.95455 1.5
    endloop
  endfacet
  facet normal 0.672 0.0682781 0.737397
    outer loop
      vertex 2.08168 2.86512 2.4375
      vertex 2.02902 2.81641 2.49
      vertex 2.02921 2.81454 2.49
    endloop
  endfacet
  facet normal 0.672649 0.0671469 0.736909
    outer loop
      vertex 2.48768 3.25651 2.03125
      vertex 3 3.95455 1.5
      vertex 2.39399 3.16619 2.125
    endloop
  endfacet
  facet normal -0.672953 0.0672122 0.736626
    outer loop
      vertex 65.0438 3.70811 1.5625
      vertex 65 3.95455 1.5
      vertex 64.9814 3.76832 1.5
    endloop
  endfacet
  facet normal 0.281969 -0.527494 0.801401
    outer loop
      vertex 2.59851 45.6764 2.34375
      vertex 2.61611 45.908 2.49
      vertex 2.45429 45.8215 2.49
    endloop
  endfacet
  facet normal -0.714129 0 0.700014
    outer loop
      vertex 65.0312 3.92472 1.53125
      vertex 65.971 2.81641 2.49
      vertex 65.971 2.81647 2.49
    endloop
  endfacet
  facet normal -0.676629 0.0610182 0.733792
    outer loop
      vertex 65.971 2.81641 2.49
      vertex 65.0312 3.92472 1.53125
      vertex 65 3.95455 1.5
    endloop
  endfacet
  facet normal 0.369378 -0.45182 0.812046
    outer loop
      vertex 2.45282 45.8204 2.49
      vertex 3.15988 44.8438 1.625
      vertex 3.28374 44.7204 1.5
    endloop
  endfacet
  facet normal 0.404424 -0.424645 0.810011
    outer loop
      vertex 3.15988 44.8438 1.625
      vertex 2.45282 45.8204 2.49
      vertex 2.45261 45.8202 2.49
    endloop
  endfacet
  facet normal -0.524466 0.286072 0.801934
    outer loop
      vertex 65.8224 2.45588 2.49
      vertex 65.3963 2.87309 2.0625
      vertex 65.8215 2.45423 2.49
    endloop
  endfacet
  facet normal -0.525429 0.284878 0.801729
    outer loop
      vertex 65.3963 2.87309 2.0625
      vertex 65.8224 2.45588 2.49
      vertex 64.9263 3.58926 1.5
    endloop
  endfacet
  facet normal 0.180367 -0.602539 0.777441
    outer loop
      vertex 3.77976 44.9817 1.5
      vertex 3.74929 45.0129 1.53125
      vertex 3.59803 44.9273 1.5
    endloop
  endfacet
  facet normal -0.451387 0.370364 0.811837
    outer loop
      vertex 65.7 2.30615 2.49
      vertex 65.8215 2.45423 2.49
      vertex 65.3963 2.87309 2.0625
    endloop
  endfacet
  facet normal -0.172705 0.607666 0.775187
    outer loop
      vertex 65.1872 2.02975 2.49
      vertex 65.1342 2.08166 2.4375
      vertex 65.1853 2.02921 2.49
    endloop
  endfacet
  facet normal -0.180094 0.602498 0.777536
    outer loop
      vertex 65.1342 2.08166 2.4375
      vertex 65.1872 2.02975 2.49
      vertex 64.402 3.07266 1.5
    endloop
  endfacet
  facet normal 0.527993 0.282207 0.800989
    outer loop
      vertex 2.14894 2.50947 2.49
      vertex 2.1073 2.64769 2.46875
      vertex 2.0861 2.62704 2.49
    endloop
  endfacet
  facet normal 0.527978 0.282197 0.801002
    outer loop
      vertex 2.57493 3.10329 2
      vertex 2.17755 2.45593 2.49
      vertex 3.04257 3.55888 1.53125
    endloop
  endfacet
  facet normal 0.529748 0.28064 0.80038
    outer loop
      vertex 2.17755 2.45593 2.49
      vertex 2.57493 3.10329 2
      vertex 2.17666 2.45761 2.49
    endloop
  endfacet
  facet normal 0.527977 0.282203 0.801
    outer loop
      vertex 2.16965 2.70844 2.40625
      vertex 2.17666 2.45761 2.49
      vertex 2.57493 3.10329 2
    endloop
  endfacet
  facet normal 0.527817 0.28223 0.801097
    outer loop
      vertex 2.17666 2.45761 2.49
      vertex 2.16965 2.70844 2.40625
      vertex 2.16865 2.47259 2.49
    endloop
  endfacet
  facet normal 0.600112 0.184778 0.778282
    outer loop
      vertex 3.04257 3.55888 1.53125
      vertex 3.01861 3.76832 1.5
      vertex 2.57493 3.10329 2
    endloop
  endfacet
  facet normal 0.195118 -0.591858 0.78207
    outer loop
      vertex 2.81284 45.9702 2.49
      vertex 2.86584 45.9183 2.4375
      vertex 2.81466 45.9708 2.49
    endloop
  endfacet
  facet normal 0.180518 -0.602264 0.777619
    outer loop
      vertex 2.86584 45.9183 2.4375
      vertex 2.81284 45.9702 2.49
      vertex 3.59803 44.9273 1.5
    endloop
  endfacet
  facet normal -0.346481 -0.472474 0.810382
    outer loop
      vertex 65.4015 45.6764 2.34375
      vertex 65.5472 45.8204 2.49
      vertex 65.5457 45.8215 2.49
    endloop
  endfacet
  facet normal -0.366166 -0.454311 0.812111
    outer loop
      vertex 65.5472 45.8204 2.49
      vertex 65.4015 45.6764 2.34375
      vertex 64.7163 44.7204 1.5
    endloop
  endfacet
  facet normal 0.281672 -0.527635 0.801413
    outer loop
      vertex 2.62545 45.913 2.49
      vertex 3.21483 45.0562 1.71875
      vertex 3.43054 44.8391 1.5
    endloop
  endfacet
  facet normal 0.228489 -0.559799 0.796503
    outer loop
      vertex 3.21483 45.0562 1.71875
      vertex 2.62545 45.913 2.49
      vertex 2.62496 45.9128 2.49
    endloop
  endfacet
  facet normal 0.182411 0.601297 0.777925
    outer loop
      vertex 2.75469 2.04739 2.49
      vertex 2.64796 2.10726 2.46875
      vertex 2.62712 2.08609 2.49
    endloop
  endfacet
  facet normal -0.182182 -0.600684 0.778452
    outer loop
      vertex 65.352 45.8927 2.46875
      vertex 65.3729 45.9139 2.49
      vertex 65.2453 45.9526 2.49
    endloop
  endfacet
  facet normal 0.0664971 0.672715 0.736907
    outer loop
      vertex 3.74929 2.98712 1.53125
      vertex 3.0078 2.01018 2.49
      vertex 3.77976 3.01834 1.5
    endloop
  endfacet
  facet normal 0.0942775 0.659943 0.745377
    outer loop
      vertex 3.0078 2.01018 2.49
      vertex 3.74929 2.98712 1.53125
      vertex 3.00773 2.01019 2.49
    endloop
  endfacet
  facet normal -0.600838 0.184889 0.777695
    outer loop
      vertex 64.9574 3.55888 1.53125
      vertex 64.9814 3.76832 1.5
      vertex 64.9263 3.58926 1.5
    endloop
  endfacet
  facet normal 0.600717 -0.183552 0.778105
    outer loop
      vertex 2.08555 45.3712 2.49
      vertex 2.1073 45.3523 2.46875
      vertex 2.0861 45.373 2.49
    endloop
  endfacet
  facet normal 0.599375 -0.18569 0.778633
    outer loop
      vertex 2.1073 45.3523 2.46875
      vertex 2.08555 45.3712 2.49
      vertex 3.01861 44.2317 1.5
    endloop
  endfacet
  facet normal 0.60184 -0.182641 0.777452
    outer loop
      vertex 2.0846 45.368 2.49
      vertex 2.08168 45.1349 2.4375
      vertex 2.39399 44.8338 2.125
    endloop
  endfacet
  facet normal 0.60167 -0.182667 0.777577
    outer loop
      vertex 2.08168 45.1349 2.4375
      vertex 2.0846 45.368 2.49
      vertex 2.07701 45.343 2.49
    endloop
  endfacet
  facet normal 0.180087 0.602502 0.777534
    outer loop
      vertex 2.81284 2.02975 2.49
      vertex 2.86584 2.08166 2.4375
      vertex 3.59803 3.07266 1.5
    endloop
  endfacet
  facet normal 0.178993 0.603272 0.77719
    outer loop
      vertex 2.86584 2.08166 2.4375
      vertex 2.81284 2.02975 2.49
      vertex 2.81466 2.02921 2.49
    endloop
  endfacet
  facet normal -0.714129 0 0.700014
    outer loop
      vertex 65.971 45.1836 2.49
      vertex 65.0312 44.0753 1.53125
      vertex 65.971 45.1835 2.49
    endloop
  endfacet
  facet normal -0.676805 -0.0607477 0.733651
    outer loop
      vertex 65.0312 44.0753 1.53125
      vertex 65.971 45.1836 2.49
      vertex 65 44.0455 1.5
    endloop
  endfacet
  facet normal -0.366891 -0.453746 0.812099
    outer loop
      vertex 64.7163 44.7204 1.5
      vertex 64.7852 45.0562 1.71875
      vertex 64.5695 44.8391 1.5
    endloop
  endfacet
  facet normal 0.673156 -0.0663688 0.736516
    outer loop
      vertex 2.02902 45.1835 2.49
      vertex 2.6875 44.3438 1.8125
      vertex 2.96875 44.0753 1.53125
    endloop
  endfacet
  facet normal 0.672532 -0.0672532 0.737006
    outer loop
      vertex 2.6875 44.3438 1.8125
      vertex 2.02902 45.1835 2.49
      vertex 2.02894 45.1827 2.49
    endloop
  endfacet
  facet normal 0.528012 0.282189 0.800982
    outer loop
      vertex 2.16965 2.70844 2.40625
      vertex 2.14894 2.50947 2.49
      vertex 2.16865 2.47259 2.49
    endloop
  endfacet
  facet normal 0.527971 0.282203 0.801005
    outer loop
      vertex 2.14894 2.50947 2.49
      vertex 2.16965 2.70844 2.40625
      vertex 2.1073 2.64769 2.46875
    endloop
  endfacet
  facet normal 0.600118 0.184774 0.778278
    outer loop
      vertex 2.16965 2.70844 2.40625
      vertex 3.01861 3.76832 1.5
      vertex 2.1073 2.64769 2.46875
    endloop
  endfacet
  facet normal -0.278858 0.529516 0.801156
    outer loop
      vertex 64.4633 3.01038 1.5625
      vertex 64.5695 3.16087 1.5
      vertex 64.402 3.07266 1.5
    endloop
  endfacet
  facet normal -0.070618 -0.670871 0.738204
    outer loop
      vertex 64.9903 45.99 2.49
      vertex 64.2202 44.9817 1.5
      vertex 64.9922 45.9898 2.49
    endloop
  endfacet
  facet normal -0.0651941 -0.673316 0.736475
    outer loop
      vertex 64.2202 44.9817 1.5
      vertex 64.9903 45.99 2.49
      vertex 64.0312 45 1.5
    endloop
  endfacet
  facet normal -0.180053 0.602522 0.777527
    outer loop
      vertex 65.0428 2.17533 2.34375
      vertex 64.402 3.07266 1.5
      vertex 64.2507 2.98712 1.53125
    endloop
  endfacet
  facet normal 0.525305 0.284986 0.801772
    outer loop
      vertex 2.17758 2.45588 2.49
      vertex 2.60373 2.87309 2.0625
      vertex 3.07374 3.58926 1.5
    endloop
  endfacet
  facet normal 0.52444 0.286058 0.801956
    outer loop
      vertex 2.60373 2.87309 2.0625
      vertex 2.17758 2.45588 2.49
      vertex 2.17848 2.45423 2.49
    endloop
  endfacet
  facet normal -0.178627 -0.599915 0.779868
    outer loop
      vertex 65.1875 45.9701 2.49
      vertex 65.2907 45.8305 2.40625
      vertex 65.2053 45.9648 2.49
    endloop
  endfacet
  facet normal -0.182125 -0.601351 0.777951
    outer loop
      vertex 65.2907 45.8305 2.40625
      vertex 65.1875 45.9701 2.49
      vertex 64.5552 45.083 1.65625
    endloop
  endfacet
  facet normal 0.366886 -0.45374 0.812105
    outer loop
      vertex 3.28374 44.7204 1.5
      vertex 3.43054 44.8391 1.5
      vertex 3.21483 45.0562 1.71875
    endloop
  endfacet
  facet normal 0.285877 -0.527086 0.800284
    outer loop
      vertex 2.59851 45.6764 2.34375
      vertex 2.62496 45.9128 2.49
      vertex 2.61611 45.908 2.49
    endloop
  endfacet
  facet normal 0.28204 -0.527379 0.801452
    outer loop
      vertex 2.62496 45.9128 2.49
      vertex 2.59851 45.6764 2.34375
      vertex 3.21483 45.0562 1.71875
    endloop
  endfacet
  facet normal 0.529185 -0.280157 0.800921
    outer loop
      vertex 2.17758 45.5441 2.49
      vertex 2.60373 45.1269 2.0625
      vertex 2.17848 45.5458 2.49
    endloop
  endfacet
  facet normal 0.525349 -0.284936 0.801761
    outer loop
      vertex 2.60373 45.1269 2.0625
      vertex 2.17758 45.5441 2.49
      vertex 3.07374 44.4107 1.5
    endloop
  endfacet
  facet normal 0.37036 -0.451087 0.812006
    outer loop
      vertex 3.15988 44.8438 1.625
      vertex 2.45261 45.8202 2.49
      vertex 2.3028 45.6972 2.49
    endloop
  endfacet
  facet normal 0.0660796 -0.672617 0.737035
    outer loop
      vertex 2.86584 45.9183 2.4375
      vertex 2.97854 45.9869 2.49
      vertex 2.81466 45.9708 2.49
    endloop
  endfacet
  facet normal 0.180251 -0.602387 0.777585
    outer loop
      vertex 3.59803 44.9273 1.5
      vertex 3.74929 45.0129 1.53125
      vertex 2.95723 45.8247 2.34375
    endloop
  endfacet
  facet normal 0.672613 -0.0672252 0.736934
    outer loop
      vertex 3 44.0455 1.5
      vertex 3.01861 44.2317 1.5
      vertex 2.95615 44.2919 1.5625
    endloop
  endfacet
  facet normal 0.451218 -0.370486 0.811876
    outer loop
      vertex 2.60373 45.1269 2.0625
      vertex 2.3 45.6938 2.49
      vertex 2.17848 45.5458 2.49
    endloop
  endfacet
  facet normal -0.366953 -0.453723 0.812084
    outer loop
      vertex 65.4015 45.6764 2.34375
      vertex 64.7852 45.0562 1.71875
      vertex 64.7163 44.7204 1.5
    endloop
  endfacet
  facet normal -0.179974 0.602564 0.777513
    outer loop
      vertex 65.0428 2.17533 2.34375
      vertex 65.1342 2.08166 2.4375
      vertex 64.402 3.07266 1.5
    endloop
  endfacet
  facet normal -0.41563 -0.41563 0.809014
    outer loop
      vertex 65.5472 45.8204 2.49
      vertex 64.8401 44.8438 1.625
      vertex 65.5474 45.8202 2.49
    endloop
  endfacet
  facet normal -0.370067 -0.451289 0.812027
    outer loop
      vertex 64.8401 44.8438 1.625
      vertex 65.5472 45.8204 2.49
      vertex 64.7163 44.7204 1.5
    endloop
  endfacet
  facet normal -0.67051 -0.07058 0.738536
    outer loop
      vertex 65.9183 45.1349 2.4375
      vertex 65.971 45.1836 2.49
      vertex 65.9708 45.1855 2.49
    endloop
  endfacet
  facet normal -0.671068 -0.0695366 0.738128
    outer loop
      vertex 65.971 45.1836 2.49
      vertex 65.9183 45.1349 2.4375
      vertex 65 44.0455 1.5
    endloop
  endfacet
  facet normal -0.588565 -0.196188 0.784284
    outer loop
      vertex 65.9146 45.3705 2.49
      vertex 65.5123 44.7435 2.03125
      vertex 65.9151 45.369 2.49
    endloop
  endfacet
  facet normal -0.601683 -0.18283 0.777529
    outer loop
      vertex 65.5123 44.7435 2.03125
      vertex 65.9146 45.3705 2.49
      vertex 65.2312 44.4725 1.75
    endloop
  endfacet
  facet normal -0.442483 -0.379271 0.812627
    outer loop
      vertex 64.8401 44.8438 1.625
      vertex 65.6984 45.6958 2.49
      vertex 65.6972 45.6972 2.49
    endloop
  endfacet
  facet normal -0.4482 -0.373189 0.812309
    outer loop
      vertex 65.6984 45.6958 2.49
      vertex 64.8401 44.8438 1.625
      vertex 64.8367 44.5758 1.5
    endloop
  endfacet
  facet normal 0.442487 -0.379274 0.812623
    outer loop
      vertex 2.3016 45.6958 2.49
      vertex 3.15988 44.8438 1.625
      vertex 2.3028 45.6972 2.49
    endloop
  endfacet
  facet normal 0.448176 -0.373222 0.812307
    outer loop
      vertex 3.15988 44.8438 1.625
      vertex 2.3016 45.6958 2.49
      vertex 3.16326 44.5758 1.5
    endloop
  endfacet
  facet normal -0.707044 0 0.70717
    outer loop
      vertex 65.3125 3.65625 1.8125
      vertex 65.3125 44.3438 1.8125
      vertex 65.0312 44.0753 1.53125
    endloop
  endfacet
  facet normal -0.707673 0 0.70654
    outer loop
      vertex 65 3.95455 1.5
      vertex 65.0312 44.0753 1.53125
      vertex 65 44.0455 1.5
    endloop
  endfacet
  facet normal -0.707673 0 0.70654
    outer loop
      vertex 65.0312 3.92472 1.53125
      vertex 65.0312 44.0753 1.53125
      vertex 65 3.95455 1.5
    endloop
  endfacet
  facet normal -0.707044 0 0.70717
    outer loop
      vertex 65.3125 3.65625 1.8125
      vertex 65.0312 44.0753 1.53125
      vertex 65.0312 3.92472 1.53125
    endloop
  endfacet
  facet normal -0.707107 0 0.707107
    outer loop
      vertex 65.3125 44.3438 1.8125
      vertex 65.3125 3.65625 1.8125
      vertex 65.99 44.9905 2.49
    endloop
  endfacet
  facet normal -0.707107 0 0.707107
    outer loop
      vertex 65.99 44.9905 2.49
      vertex 65.3125 3.65625 1.8125
      vertex 65.99 3.00954 2.49
    endloop
  endfacet
  facet normal -0.662809 0.0808304 0.744413
    outer loop
      vertex 65.3125 3.65625 1.8125
      vertex 65.971 2.81647 2.49
      vertex 65.9711 2.81729 2.49
    endloop
  endfacet
  facet normal -0.672946 0.0666459 0.736683
    outer loop
      vertex 65.971 2.81647 2.49
      vertex 65.3125 3.65625 1.8125
      vertex 65.0312 3.92472 1.53125
    endloop
  endfacet
  facet normal -0.661471 -0.0826838 0.745399
    outer loop
      vertex 65.971 45.1835 2.49
      vertex 65.3125 44.3438 1.8125
      vertex 65.9711 45.1827 2.49
    endloop
  endfacet
  facet normal -0.672915 -0.0666954 0.736707
    outer loop
      vertex 65.3125 44.3438 1.8125
      vertex 65.971 45.1835 2.49
      vertex 65.0312 44.0753 1.53125
    endloop
  endfacet
  facet normal -0.448333 0.373171 0.812244
    outer loop
      vertex 64.8401 3.15624 1.625
      vertex 64.8367 3.42423 1.5
      vertex 64.7163 3.27958 1.5
    endloop
  endfacet
  facet normal -0.448199 -0.37319 0.81231
    outer loop
      vertex 64.8367 44.5758 1.5
      vertex 64.8401 44.8438 1.625
      vertex 64.7163 44.7204 1.5
    endloop
  endfacet
  facet normal -0.0662802 0.672803 0.736847
    outer loop
      vertex 65.0428 2.17533 2.34375
      vertex 65.0215 2.01306 2.49
      vertex 65.1342 2.08166 2.4375
    endloop
  endfacet
  facet normal -0.0658476 0.672791 0.736897
    outer loop
      vertex 65.0215 2.01306 2.49
      vertex 65.0428 2.17533 2.34375
      vertex 65.0027 2.01122 2.49
    endloop
  endfacet
  facet normal -0.601721 0.182525 0.777571
    outer loop
      vertex 65.923 2.65696 2.49
      vertex 65.9708 2.81454 2.49
      vertex 65.9183 2.86512 2.4375
    endloop
  endfacet
  facet normal 0.448124 0.373245 0.812326
    outer loop
      vertex 3.28374 3.27958 1.5
      vertex 3.16326 3.42423 1.5
      vertex 3.15988 3.15624 1.625
    endloop
  endfacet
  facet normal -0.470955 -0.353216 0.808356
    outer loop
      vertex 65.6984 45.6958 2.49
      vertex 65.0232 44.7595 1.6875
      vertex 65.6987 45.6954 2.49
    endloop
  endfacet
  facet normal -0.451558 -0.37018 0.811827
    outer loop
      vertex 65.0232 44.7595 1.6875
      vertex 65.6984 45.6958 2.49
      vertex 64.8367 44.5758 1.5
    endloop
  endfacet
  facet normal 0.366922 0.453739 0.812089
    outer loop
      vertex 2.45282 2.17964 2.49
      vertex 2.59851 2.32358 2.34375
      vertex 3.28374 3.27958 1.5
    endloop
  endfacet
  facet normal 0.367144 0.453531 0.812105
    outer loop
      vertex 2.59851 2.32358 2.34375
      vertex 2.45282 2.17964 2.49
      vertex 2.45429 2.17845 2.49
    endloop
  endfacet
  facet normal 0.366923 0.453746 0.812085
    outer loop
      vertex 3.43054 3.16087 1.5
      vertex 3.28374 3.27958 1.5
      vertex 3.21483 2.9438 1.71875
    endloop
  endfacet
  facet normal 0.182407 0.601199 0.778002
    outer loop
      vertex 2.70926 2.16955 2.40625
      vertex 2.81249 2.02985 2.49
      vertex 3.44479 2.91695 1.65625
    endloop
  endfacet
  facet normal 0.182618 0.601285 0.777886
    outer loop
      vertex 2.81249 2.02985 2.49
      vertex 2.70926 2.16955 2.40625
      vertex 2.79471 2.03525 2.49
    endloop
  endfacet
  facet normal 0.278878 0.529499 0.801161
    outer loop
      vertex 3.44479 2.91695 1.65625
      vertex 3.43054 3.16087 1.5
      vertex 2.70926 2.16955 2.40625
    endloop
  endfacet
  facet normal 0.0662736 0.672817 0.736835
    outer loop
      vertex 2.95723 2.17533 2.34375
      vertex 3.00773 2.01019 2.49
      vertex 3.74929 2.98712 1.53125
    endloop
  endfacet
  facet normal 0.0661882 0.672806 0.736852
    outer loop
      vertex 3.00773 2.01019 2.49
      vertex 2.95723 2.17533 2.34375
      vertex 2.99726 2.01122 2.49
    endloop
  endfacet
  facet normal 0.180051 0.602523 0.777527
    outer loop
      vertex 2.95723 2.17533 2.34375
      vertex 3.59803 3.07266 1.5
      vertex 2.86584 2.08166 2.4375
    endloop
  endfacet
  facet normal 0.278809 -0.529453 0.801215
    outer loop
      vertex 3.59803 44.9273 1.5
      vertex 3.53673 44.9896 1.5625
      vertex 3.43054 44.8391 1.5
    endloop
  endfacet
  facet normal -0.449389 0.371908 0.81224
    outer loop
      vertex 65.6984 2.30421 2.49
      vertex 64.8401 3.15624 1.625
      vertex 65.6972 2.30276 2.49
    endloop
  endfacet
  facet normal -0.448176 0.373206 0.812315
    outer loop
      vertex 64.8401 3.15624 1.625
      vertex 65.6984 2.30421 2.49
      vertex 64.8367 3.42423 1.5
    endloop
  endfacet
  facet normal -0.370257 0.451151 0.812018
    outer loop
      vertex 65.5474 2.17982 2.49
      vertex 65.6972 2.30276 2.49
      vertex 64.8401 3.15624 1.625
    endloop
  endfacet
  facet normal 0.366954 -0.453715 0.812088
    outer loop
      vertex 3.28374 44.7204 1.5
      vertex 3.21483 45.0562 1.71875
      vertex 2.59851 45.6764 2.34375
    endloop
  endfacet
  facet normal 0.350692 -0.468652 0.81079
    outer loop
      vertex 2.45282 45.8204 2.49
      vertex 2.59851 45.6764 2.34375
      vertex 2.45429 45.8215 2.49
    endloop
  endfacet
  facet normal 0.366291 -0.45421 0.812111
    outer loop
      vertex 2.59851 45.6764 2.34375
      vertex 2.45282 45.8204 2.49
      vertex 3.28374 44.7204 1.5
    endloop
  endfacet
  facet normal -0.0664573 -0.672967 0.736681
    outer loop
      vertex 65.0215 45.9869 2.49
      vertex 65.0428 45.8247 2.34375
      vertex 65.1342 45.9183 2.4375
    endloop
  endfacet
  facet normal -0.0680168 -0.673009 0.736501
    outer loop
      vertex 65.0428 45.8247 2.34375
      vertex 65.0215 45.9869 2.49
      vertex 65.0027 45.9888 2.49
    endloop
  endfacet
  facet normal -0.0661151 -0.67265 0.737002
    outer loop
      vertex 65.1342 45.9183 2.4375
      vertex 65.1853 45.9708 2.49
      vertex 65.0215 45.9869 2.49
    endloop
  endfacet
  facet normal 0 -0.700446 0.713706
    outer loop
      vertex 64.9922 45.9898 2.49
      vertex 64.2507 45.0129 1.53125
      vertex 64.9923 45.9898 2.49
    endloop
  endfacet
  facet normal -0.0681007 -0.672012 0.737403
    outer loop
      vertex 64.2507 45.0129 1.53125
      vertex 64.9922 45.9898 2.49
      vertex 64.2202 44.9817 1.5
    endloop
  endfacet
  facet normal -0.181961 -0.601464 0.777902
    outer loop
      vertex 65.1342 45.9183 2.4375
      vertex 65.0428 45.8247 2.34375
      vertex 64.402 44.9273 1.5
    endloop
  endfacet
  facet normal -0.278723 -0.529587 0.801156
    outer loop
      vertex 64.5695 44.8391 1.5
      vertex 65.2907 45.8305 2.40625
      vertex 64.5552 45.083 1.65625
    endloop
  endfacet
  facet normal -0.279007 -0.529555 0.801079
    outer loop
      vertex 64.5695 44.8391 1.5
      vertex 64.5552 45.083 1.65625
      vertex 64.4633 44.9896 1.5625
    endloop
  endfacet
  facet normal -0.273885 -0.547769 0.790529
    outer loop
      vertex 65.1873 45.9702 2.49
      vertex 64.5552 45.083 1.65625
      vertex 65.1875 45.9701 2.49
    endloop
  endfacet
  facet normal -0.183442 -0.600624 0.778203
    outer loop
      vertex 64.5552 45.083 1.65625
      vertex 65.1873 45.9702 2.49
      vertex 64.4633 44.9896 1.5625
    endloop
  endfacet
  facet normal -0.224782 -0.561954 0.796041
    outer loop
      vertex 65.3745 45.913 2.49
      vertex 64.7852 45.0562 1.71875
      vertex 65.375 45.9128 2.49
    endloop
  endfacet
  facet normal -0.281623 -0.527682 0.801399
    outer loop
      vertex 64.7852 45.0562 1.71875
      vertex 65.3745 45.913 2.49
      vertex 64.5695 44.8391 1.5
    endloop
  endfacet
  facet normal -0.600045 -0.184841 0.778319
    outer loop
      vertex 65.8304 45.2916 2.40625
      vertex 65.4251 44.8967 2
      vertex 64.9814 44.2317 1.5
    endloop
  endfacet
  facet normal -0.529906 -0.280539 0.800311
    outer loop
      vertex 65.8224 45.5441 2.49
      vertex 65.4251 44.8967 2
      vertex 65.8233 45.5424 2.49
    endloop
  endfacet
  facet normal -0.527727 -0.282455 0.801076
    outer loop
      vertex 65.4251 44.8967 2
      vertex 65.8224 45.5441 2.49
      vertex 64.9574 44.4411 1.53125
    endloop
  endfacet
  facet normal -0.672442 -0.0674449 0.73707
    outer loop
      vertex 65.5123 44.7435 2.03125
      vertex 65.2312 44.4725 1.75
      vertex 65 44.0455 1.5
    endloop
  endfacet
  facet normal -0.601037 -0.182715 0.778055
    outer loop
      vertex 65.9154 45.368 2.49
      vertex 65.9183 45.1349 2.4375
      vertex 65.923 45.343 2.49
    endloop
  endfacet
  facet normal -0.601889 -0.182584 0.777427
    outer loop
      vertex 65.9183 45.1349 2.4375
      vertex 65.9154 45.368 2.49
      vertex 65.606 44.8338 2.125
    endloop
  endfacet
  facet normal -0.673259 0.0661877 0.736439
    outer loop
      vertex 65.9711 2.81729 2.49
      vertex 65.99 3.00954 2.49
      vertex 65.3125 3.65625 1.8125
    endloop
  endfacet
  facet normal 0.672573 -0.0672573 0.736968
    outer loop
      vertex 3 44.0455 1.5
      vertex 2.39399 44.8338 2.125
      vertex 2.08168 45.1349 2.4375
    endloop
  endfacet
  facet normal 0.601949 -0.182517 0.777396
    outer loop
      vertex 2.08551 45.371 2.49
      vertex 2.76876 44.4725 1.75
      vertex 2.95615 44.2919 1.5625
    endloop
  endfacet
  facet normal 0.603261 -0.180978 0.776739
    outer loop
      vertex 2.76876 44.4725 1.75
      vertex 2.08551 45.371 2.49
      vertex 2.08536 45.3705 2.49
    endloop
  endfacet
  facet normal 0.527618 -0.282174 0.801247
    outer loop
      vertex 2.1073 45.3523 2.46875
      vertex 2.14894 45.4905 2.49
      vertex 2.0861 45.373 2.49
    endloop
  endfacet
  facet normal 0.600086 -0.184813 0.778293
    outer loop
      vertex 3.01861 44.2317 1.5
      vertex 3.04257 44.4411 1.53125
      vertex 2.57493 44.8967 2
    endloop
  endfacet
  facet normal 0.525406 -0.284884 0.801742
    outer loop
      vertex 3.07374 44.4107 1.5
      vertex 2.97675 44.7595 1.6875
      vertex 2.60373 45.1269 2.0625
    endloop
  endfacet
  facet normal 0.451341 -0.370396 0.811848
    outer loop
      vertex 2.30131 45.6954 2.49
      vertex 2.60373 45.1269 2.0625
      vertex 2.97675 44.7595 1.6875
    endloop
  endfacet
  facet normal 0.451905 -0.369997 0.811716
    outer loop
      vertex 2.60373 45.1269 2.0625
      vertex 2.30131 45.6954 2.49
      vertex 2.3 45.6938 2.49
    endloop
  endfacet
  facet normal 0.451352 0.370371 0.811854
    outer loop
      vertex 2.97675 3.24052 1.6875
      vertex 2.3016 2.30421 2.49
      vertex 3.16326 3.42423 1.5
    endloop
  endfacet
  facet normal 0.449216 0.372207 0.812199
    outer loop
      vertex 2.3016 2.30421 2.49
      vertex 2.97675 3.24052 1.6875
      vertex 2.30131 2.30456 2.49
    endloop
  endfacet
  facet normal 0.366902 0.453754 0.81209
    outer loop
      vertex 3.21483 2.9438 1.71875
      vertex 3.28374 3.27958 1.5
      vertex 2.59851 2.32358 2.34375
    endloop
  endfacet
  facet normal 0.281919 0.527467 0.801436
    outer loop
      vertex 2.59851 2.32358 2.34375
      vertex 2.62496 2.08723 2.49
      vertex 3.21483 2.9438 1.71875
    endloop
  endfacet
  facet normal 0.281912 0.527468 0.801438
    outer loop
      vertex 2.62496 2.08723 2.49
      vertex 2.59851 2.32358 2.34375
      vertex 2.61611 2.09196 2.49
    endloop
  endfacet
  facet normal 0.278546 0.529715 0.801133
    outer loop
      vertex 2.70926 2.16955 2.40625
      vertex 3.43054 3.16087 1.5
      vertex 2.64796 2.10726 2.46875
    endloop
  endfacet
  facet normal 0.182375 0.601205 0.778005
    outer loop
      vertex 2.70926 2.16955 2.40625
      vertex 2.75469 2.04739 2.49
      vertex 2.79471 2.03525 2.49
    endloop
  endfacet
  facet normal 0.182338 0.6012 0.778017
    outer loop
      vertex 2.75469 2.04739 2.49
      vertex 2.70926 2.16955 2.40625
      vertex 2.64796 2.10726 2.46875
    endloop
  endfacet
  facet normal 0.182266 0.601279 0.777974
    outer loop
      vertex 3.44479 2.91695 1.65625
      vertex 2.81272 2.02979 2.49
      vertex 3.53673 3.01038 1.5625
    endloop
  endfacet
  facet normal 0.159942 0.613109 0.773638
    outer loop
      vertex 2.81272 2.02979 2.49
      vertex 3.44479 2.91695 1.65625
      vertex 2.81249 2.02985 2.49
    endloop
  endfacet
  facet normal 0.278856 0.529501 0.801166
    outer loop
      vertex 3.44479 2.91695 1.65625
      vertex 3.53673 3.01038 1.5625
      vertex 3.43054 3.16087 1.5
    endloop
  endfacet
  facet normal 0.06613 0.672801 0.736862
    outer loop
      vertex 2.95723 2.17533 2.34375
      vertex 2.97854 2.01306 2.49
      vertex 2.99726 2.01122 2.49
    endloop
  endfacet
  facet normal 0.0662827 0.672805 0.736845
    outer loop
      vertex 2.97854 2.01306 2.49
      vertex 2.95723 2.17533 2.34375
      vertex 2.86584 2.08166 2.4375
    endloop
  endfacet
  facet normal 0.0663055 0.672826 0.736823
    outer loop
      vertex 2.97854 2.01306 2.49
      vertex 2.86584 2.08166 2.4375
      vertex 2.81466 2.02921 2.49
    endloop
  endfacet
  facet normal 0.180088 0.602503 0.777534
    outer loop
      vertex 3.74929 2.98712 1.53125
      vertex 3.59803 3.07266 1.5
      vertex 2.95723 2.17533 2.34375
    endloop
  endfacet
  facet normal 0.180093 0.602509 0.777528
    outer loop
      vertex 3.74929 2.98712 1.53125
      vertex 3.77976 3.01834 1.5
      vertex 3.59803 3.07266 1.5
    endloop
  endfacet
  facet normal -0.588554 0.196185 0.784293
    outer loop
      vertex 65.5123 3.25651 2.03125
      vertex 65.9146 2.62945 2.49
      vertex 65.9151 2.63095 2.49
    endloop
  endfacet
  facet normal -0.601765 0.182731 0.777489
    outer loop
      vertex 65.9146 2.62945 2.49
      vertex 65.5123 3.25651 2.03125
      vertex 65.2312 3.52747 1.75
    endloop
  endfacet
  facet normal -0.601083 0.182656 0.778034
    outer loop
      vertex 65.9183 2.86512 2.4375
      vertex 65.9154 2.63195 2.49
      vertex 65.923 2.65696 2.49
    endloop
  endfacet
  facet normal -0.601939 0.182525 0.777402
    outer loop
      vertex 65.9154 2.63195 2.49
      vertex 65.9183 2.86512 2.4375
      vertex 65.606 3.16619 2.125
    endloop
  endfacet
  facet normal -0.528093 0.282081 0.800967
    outer loop
      vertex 65.9139 2.62704 2.49
      vertex 65.8927 2.64769 2.46875
      vertex 65.8511 2.50947 2.49
    endloop
  endfacet
  facet normal -0.599993 0.184889 0.778347
    outer loop
      vertex 65.4251 3.10329 2
      vertex 64.9814 3.76832 1.5
      vertex 64.9574 3.55888 1.53125
    endloop
  endfacet
  facet normal -0.525044 0.28523 0.801856
    outer loop
      vertex 65.0232 3.24052 1.6875
      vertex 65.3963 2.87309 2.0625
      vertex 64.9263 3.58926 1.5
    endloop
  endfacet
  facet normal -0.452241 0.369757 0.811639
    outer loop
      vertex 65.3963 2.87309 2.0625
      vertex 65.6987 2.30456 2.49
      vertex 65.7 2.30615 2.49
    endloop
  endfacet
  facet normal -0.451113 0.370555 0.811903
    outer loop
      vertex 65.6987 2.30456 2.49
      vertex 65.3963 2.87309 2.0625
      vertex 65.0232 3.24052 1.6875
    endloop
  endfacet
  facet normal -0.366928 0.453753 0.812079
    outer loop
      vertex 64.7852 2.9438 1.71875
      vertex 64.7163 3.27958 1.5
      vertex 64.5695 3.16087 1.5
    endloop
  endfacet
  facet normal -0.28041 0.527622 0.801864
    outer loop
      vertex 65.4015 2.32358 2.34375
      vertex 65.375 2.08723 2.49
      vertex 65.3839 2.09196 2.49
    endloop
  endfacet
  facet normal -0.281869 0.527513 0.801424
    outer loop
      vertex 65.375 2.08723 2.49
      vertex 65.4015 2.32358 2.34375
      vertex 64.7852 2.9438 1.71875
    endloop
  endfacet
  facet normal 0.278771 -0.529542 0.801169
    outer loop
      vertex 3.43054 44.8391 1.5
      vertex 3.44479 45.083 1.65625
      vertex 2.70926 45.8305 2.40625
    endloop
  endfacet
  facet normal 0.183377 -0.601536 0.777513
    outer loop
      vertex 2.75469 45.9526 2.49
      vertex 2.70926 45.8305 2.40625
      vertex 2.79471 45.9648 2.49
    endloop
  endfacet
  facet normal 0.182698 -0.601443 0.777746
    outer loop
      vertex 2.70926 45.8305 2.40625
      vertex 2.75469 45.9526 2.49
      vertex 2.64796 45.8927 2.46875
    endloop
  endfacet
  facet normal -0.0646834 -0.672707 0.737076
    outer loop
      vertex 64.9923 45.9898 2.49
      vertex 65.0428 45.8247 2.34375
      vertex 65.0027 45.9888 2.49
    endloop
  endfacet
  facet normal -0.0661326 -0.672889 0.736781
    outer loop
      vertex 65.0428 45.8247 2.34375
      vertex 64.9923 45.9898 2.49
      vertex 64.2507 45.0129 1.53125
    endloop
  endfacet
  facet normal -0.180216 -0.602407 0.777579
    outer loop
      vertex 64.402 44.9273 1.5
      vertex 65.0428 45.8247 2.34375
      vertex 64.2507 45.0129 1.53125
    endloop
  endfacet
  facet normal -0.281687 -0.527651 0.801397
    outer loop
      vertex 65.352 45.8927 2.46875
      vertex 65.2907 45.8305 2.40625
      vertex 64.5695 44.8391 1.5
    endloop
  endfacet
  facet normal -0.182733 -0.601418 0.777756
    outer loop
      vertex 65.2453 45.9526 2.49
      vertex 65.2907 45.8305 2.40625
      vertex 65.352 45.8927 2.46875
    endloop
  endfacet
  facet normal -0.183463 -0.601519 0.777507
    outer loop
      vertex 65.2907 45.8305 2.40625
      vertex 65.2453 45.9526 2.49
      vertex 65.2053 45.9648 2.49
    endloop
  endfacet
  facet normal -0.278797 -0.529462 0.801213
    outer loop
      vertex 64.5695 44.8391 1.5
      vertex 64.4633 44.9896 1.5625
      vertex 64.402 44.9273 1.5
    endloop
  endfacet
  facet normal 0 -0.687163 0.726503
    outer loop
      vertex 65.1872 45.9702 2.49
      vertex 64.4633 44.9896 1.5625
      vertex 65.1873 45.9702 2.49
    endloop
  endfacet
  facet normal -0.181572 -0.601672 0.777832
    outer loop
      vertex 64.4633 44.9896 1.5625
      vertex 65.1872 45.9702 2.49
      vertex 64.402 44.9273 1.5
    endloop
  endfacet
  facet normal -0.284357 -0.527245 0.80072
    outer loop
      vertex 65.375 45.9128 2.49
      vertex 65.4015 45.6764 2.34375
      vertex 65.3839 45.908 2.49
    endloop
  endfacet
  facet normal -0.28199 -0.527425 0.801439
    outer loop
      vertex 65.4015 45.6764 2.34375
      vertex 65.375 45.9128 2.49
      vertex 64.7852 45.0562 1.71875
    endloop
  endfacet
  facet normal -0.282002 -0.52749 0.801392
    outer loop
      vertex 65.4015 45.6764 2.34375
      vertex 65.5457 45.8215 2.49
      vertex 65.3839 45.908 2.49
    endloop
  endfacet
  facet normal -0.672603 -0.0672241 0.736944
    outer loop
      vertex 65.9183 45.1349 2.4375
      vertex 65.606 44.8338 2.125
      vertex 65 44.0455 1.5
    endloop
  endfacet
  facet normal -0.601637 -0.182592 0.77762
    outer loop
      vertex 65.9708 45.1855 2.49
      vertex 65.923 45.343 2.49
      vertex 65.9183 45.1349 2.4375
    endloop
  endfacet
  facet normal -0.672952 -0.067223 0.736625
    outer loop
      vertex 65 44.0455 1.5
      vertex 65.0438 44.2919 1.5625
      vertex 64.9814 44.2317 1.5
    endloop
  endfacet
  facet normal -0.729079 0 0.68443
    outer loop
      vertex 65.9145 45.3712 2.49
      vertex 65.0438 44.2919 1.5625
      vertex 65.9145 45.371 2.49
    endloop
  endfacet
  facet normal -0.604163 -0.179743 0.776324
    outer loop
      vertex 65.0438 44.2919 1.5625
      vertex 65.9145 45.3712 2.49
      vertex 64.9814 44.2317 1.5
    endloop
  endfacet
  facet normal 0.672589 -0.0672348 0.736955
    outer loop
      vertex 3 44.0455 1.5
      vertex 2.95615 44.2919 1.5625
      vertex 2.76876 44.4725 1.75
    endloop
  endfacet
  facet normal 0.602091 -0.182333 0.777329
    outer loop
      vertex 2.08555 45.3712 2.49
      vertex 2.95615 44.2919 1.5625
      vertex 3.01861 44.2317 1.5
    endloop
  endfacet
  facet normal 0.64387 -0.128774 0.75422
    outer loop
      vertex 2.95615 44.2919 1.5625
      vertex 2.08555 45.3712 2.49
      vertex 2.08551 45.371 2.49
    endloop
  endfacet
  facet normal 0.672551 -0.0672551 0.736988
    outer loop
      vertex 2.02902 45.1836 2.49
      vertex 2.08168 45.1349 2.4375
      vertex 2.02921 45.1855 2.49
    endloop
  endfacet
  facet normal 0.672456 -0.0674336 0.737058
    outer loop
      vertex 2.08168 45.1349 2.4375
      vertex 2.02902 45.1836 2.49
      vertex 3 44.0455 1.5
    endloop
  endfacet
  facet normal 0.601797 -0.182641 0.777484
    outer loop
      vertex 2.08168 45.1349 2.4375
      vertex 2.07701 45.343 2.49
      vertex 2.02921 45.1855 2.49
    endloop
  endfacet
  facet normal 0.528002 -0.282162 0.800998
    outer loop
      vertex 2.17755 45.5441 2.49
      vertex 2.57493 44.8967 2
      vertex 3.04257 44.4411 1.53125
    endloop
  endfacet
  facet normal 0.532086 -0.278563 0.799555
    outer loop
      vertex 2.57493 44.8967 2
      vertex 2.17755 45.5441 2.49
      vertex 2.17666 45.5424 2.49
    endloop
  endfacet
  facet normal 0.527452 -0.282745 0.801155
    outer loop
      vertex 2.17758 45.5441 2.49
      vertex 3.04257 44.4411 1.53125
      vertex 3.07374 44.4107 1.5
    endloop
  endfacet
  facet normal 0 -0.65603 0.754734
    outer loop
      vertex 3.04257 44.4411 1.53125
      vertex 2.17758 45.5441 2.49
      vertex 2.17755 45.5441 2.49
    endloop
  endfacet
  facet normal 0.60062 -0.184162 0.778036
    outer loop
      vertex 3.01861 44.2317 1.5
      vertex 2.16965 45.2916 2.40625
      vertex 2.1073 45.3523 2.46875
    endloop
  endfacet
  facet normal 0.528289 -0.282183 0.800802
    outer loop
      vertex 2.14894 45.4905 2.49
      vertex 2.16965 45.2916 2.40625
      vertex 2.16865 45.5274 2.49
    endloop
  endfacet
  facet normal 0.528062 -0.282259 0.800925
    outer loop
      vertex 2.16965 45.2916 2.40625
      vertex 2.14894 45.4905 2.49
      vertex 2.1073 45.3523 2.46875
    endloop
  endfacet
  facet normal 0.451402 -0.370331 0.811844
    outer loop
      vertex 2.3016 45.6958 2.49
      vertex 2.97675 44.7595 1.6875
      vertex 3.16326 44.5758 1.5
    endloop
  endfacet
  facet normal 0.478243 -0.346726 0.806886
    outer loop
      vertex 2.97675 44.7595 1.6875
      vertex 2.3016 45.6958 2.49
      vertex 2.30131 45.6954 2.49
    endloop
  endfacet
  facet normal 0.525406 -0.284884 0.801742
    outer loop
      vertex 3.07374 44.4107 1.5
      vertex 3.16326 44.5758 1.5
      vertex 2.97675 44.7595 1.6875
    endloop
  endfacet
  facet normal 0.451325 0.370393 0.811859
    outer loop
      vertex 2.60373 2.87309 2.0625
      vertex 2.30131 2.30456 2.49
      vertex 2.97675 3.24052 1.6875
    endloop
  endfacet
  facet normal 0.450376 0.371064 0.812079
    outer loop
      vertex 2.30131 2.30456 2.49
      vertex 2.60373 2.87309 2.0625
      vertex 2.3 2.30615 2.49
    endloop
  endfacet
  facet normal 0.451336 0.370383 0.811858
    outer loop
      vertex 2.3 2.30615 2.49
      vertex 2.60373 2.87309 2.0625
      vertex 2.17848 2.45423 2.49
    endloop
  endfacet
  facet normal 0.278869 0.529507 0.801158
    outer loop
      vertex 3.53673 3.01038 1.5625
      vertex 3.59803 3.07266 1.5
      vertex 3.43054 3.16087 1.5
    endloop
  endfacet
  facet normal 0.182467 0.601166 0.778013
    outer loop
      vertex 3.53673 3.01038 1.5625
      vertex 2.81284 2.02975 2.49
      vertex 3.59803 3.07266 1.5
    endloop
  endfacet
  facet normal 0.197562 0.592686 0.780828
    outer loop
      vertex 2.81284 2.02975 2.49
      vertex 3.53673 3.01038 1.5625
      vertex 2.81272 2.02979 2.49
    endloop
  endfacet
  facet normal -0.672629 0.0671834 0.736924
    outer loop
      vertex 65.606 3.16619 2.125
      vertex 65.9183 2.86512 2.4375
      vertex 65 3.95455 1.5
    endloop
  endfacet
  facet normal -0.669929 0.0716502 0.738959
    outer loop
      vertex 65.971 2.81641 2.49
      vertex 65.9183 2.86512 2.4375
      vertex 65.9708 2.81454 2.49
    endloop
  endfacet
  facet normal -0.671037 0.0695805 0.738151
    outer loop
      vertex 65.9183 2.86512 2.4375
      vertex 65.971 2.81641 2.49
      vertex 65 3.95455 1.5
    endloop
  endfacet
  facet normal -0.672469 0.0674058 0.73705
    outer loop
      vertex 65.2312 3.52747 1.75
      vertex 65.5123 3.25651 2.03125
      vertex 65 3.95455 1.5
    endloop
  endfacet
  facet normal -0.672469 0.0674058 0.73705
    outer loop
      vertex 65.0438 3.70811 1.5625
      vertex 65.2312 3.52747 1.75
      vertex 65 3.95455 1.5
    endloop
  endfacet
  facet normal -0.527556 0.282619 0.801131
    outer loop
      vertex 65.4251 3.10329 2
      vertex 65.8224 2.45593 2.49
      vertex 65.8233 2.45761 2.49
    endloop
  endfacet
  facet normal -0.527702 0.28249 0.80108
    outer loop
      vertex 65.8224 2.45593 2.49
      vertex 65.4251 3.10329 2
      vertex 64.9574 3.55888 1.53125
    endloop
  endfacet
  facet normal -0.742475 0 0.669873
    outer loop
      vertex 64.9574 3.55888 1.53125
      vertex 65.8224 2.45588 2.49
      vertex 65.8224 2.45593 2.49
    endloop
  endfacet
  facet normal -0.532355 0.277629 0.7997
    outer loop
      vertex 65.8224 2.45588 2.49
      vertex 64.9574 3.55888 1.53125
      vertex 64.9263 3.58926 1.5
    endloop
  endfacet
  facet normal -0.601793 0.182718 0.77747
    outer loop
      vertex 65.8304 2.70844 2.40625
      vertex 65.8927 2.64769 2.46875
      vertex 64.9814 3.76832 1.5
    endloop
  endfacet
  facet normal -0.528293 0.282119 0.800822
    outer loop
      vertex 65.8304 2.70844 2.40625
      vertex 65.8511 2.50947 2.49
      vertex 65.8927 2.64769 2.46875
    endloop
  endfacet
  facet normal -0.528204 0.282148 0.80087
    outer loop
      vertex 65.8511 2.50947 2.49
      vertex 65.8304 2.70844 2.40625
      vertex 65.8314 2.47259 2.49
    endloop
  endfacet
  facet normal -0.441701 0.378601 0.813364
    outer loop
      vertex 65.0232 3.24052 1.6875
      vertex 65.6984 2.30421 2.49
      vertex 65.6987 2.30456 2.49
    endloop
  endfacet
  facet normal -0.451508 0.37022 0.811836
    outer loop
      vertex 65.6984 2.30421 2.49
      vertex 65.0232 3.24052 1.6875
      vertex 64.8367 3.42423 1.5
    endloop
  endfacet
  facet normal -0.5252 0.285148 0.801783
    outer loop
      vertex 65.0232 3.24052 1.6875
      vertex 64.9263 3.58926 1.5
      vertex 64.8367 3.42423 1.5
    endloop
  endfacet
  facet normal 0 0 1
    outer loop
      vertex 64.0312 45 1.5
      vertex 65 44.0455 1.5
      vertex 64.9814 44.2317 1.5
    endloop
  endfacet
  facet normal 0 0 1
    outer loop
      vertex 65 44.0455 1.5
      vertex 58.9039 33.0245 1.5
      vertex 65 3.95455 1.5
    endloop
  endfacet
  facet normal 0 0 1
    outer loop
      vertex 64.0312 45 1.5
      vertex 64.9814 44.2317 1.5
      vertex 64.9263 44.4107 1.5
    endloop
  endfacet
  facet normal -0 0 1
    outer loop
      vertex 58.6194 32.0866 1.5
      vertex 65 3.95455 1.5
      vertex 58.9039 33.0245 1.5
    endloop
  endfacet
  facet normal 0 0 1
    outer loop
      vertex 64.0312 45 1.5
      vertex 64.9263 44.4107 1.5
      vertex 64.8367 44.5758 1.5
    endloop
  endfacet
  facet normal -0 0 1
    outer loop
      vertex 58.1573 31.2221 1.5
      vertex 65 3.95455 1.5
      vertex 58.6194 32.0866 1.5
    endloop
  endfacet
  facet normal 0 0 1
    outer loop
      vertex 64.0312 45 1.5
      vertex 64.8367 44.5758 1.5
      vertex 64.7163 44.7204 1.5
    endloop
  endfacet
  facet normal -0 0 1
    outer loop
      vertex 57.5355 30.4645 1.5
      vertex 65 3.95455 1.5
      vertex 58.1573 31.2221 1.5
    endloop
  endfacet
  facet normal 0 0 1
    outer loop
      vertex 64.0312 45 1.5
      vertex 64.7163 44.7204 1.5
      vertex 64.5695 44.8391 1.5
    endloop
  endfacet
  facet normal -0 0 1
    outer loop
      vertex 56.7779 29.8427 1.5
      vertex 65 3.95455 1.5
      vertex 57.5355 30.4645 1.5
    endloop
  endfacet
  facet normal 0 0 1
    outer loop
      vertex 64.0312 45 1.5
      vertex 64.5695 44.8391 1.5
      vertex 64.402 44.9273 1.5
    endloop
  endfacet
  facet normal -0 0 1
    outer loop
      vertex 55.9134 29.3806 1.5
      vertex 65 3.95455 1.5
      vertex 56.7779 29.8427 1.5
    endloop
  endfacet
  facet normal 0 0 1
    outer loop
      vertex 64.0312 45 1.5
      vertex 64.402 44.9273 1.5
      vertex 64.2202 44.9817 1.5
    endloop
  endfacet
  facet normal -0 0 1
    outer loop
      vertex 54.9755 29.0961 1.5
      vertex 65 3.95455 1.5
      vertex 55.9134 29.3806 1.5
    endloop
  endfacet
  facet normal 0 0 1
    outer loop
      vertex 65 44.0455 1.5
      vertex 64.0312 45 1.5
      vertex 57.5355 37.5355 1.5
    endloop
  endfacet
  facet normal -0 0 1
    outer loop
      vertex 54 29 1.5
      vertex 65 3.95455 1.5
      vertex 54.9755 29.0961 1.5
    endloop
  endfacet
  facet normal 0 0 1
    outer loop
      vertex 65 44.0455 1.5
      vertex 59 34 1.5
      vertex 58.9039 33.0245 1.5
    endloop
  endfacet
  facet normal 0 0 1
    outer loop
      vertex 65 44.0455 1.5
      vertex 58.9039 34.9755 1.5
      vertex 59 34 1.5
    endloop
  endfacet
  facet normal 0 0 1
    outer loop
      vertex 65 44.0455 1.5
      vertex 58.6194 35.9134 1.5
      vertex 58.9039 34.9755 1.5
    endloop
  endfacet
  facet normal 0 0 1
    outer loop
      vertex 65 44.0455 1.5
      vertex 58.1573 36.7779 1.5
      vertex 58.6194 35.9134 1.5
    endloop
  endfacet
  facet normal 0 0 1
    outer loop
      vertex 65 44.0455 1.5
      vertex 57.5355 37.5355 1.5
      vertex 58.1573 36.7779 1.5
    endloop
  endfacet
  facet normal 0 0 1
    outer loop
      vertex 64.0312 45 1.5
      vertex 56.7779 38.1573 1.5
      vertex 57.5355 37.5355 1.5
    endloop
  endfacet
  facet normal 0 0 1
    outer loop
      vertex 64.0312 45 1.5
      vertex 55.9134 38.6194 1.5
      vertex 56.7779 38.1573 1.5
    endloop
  endfacet
  facet normal 0 0 1
    outer loop
      vertex 64.0312 45 1.5
      vertex 54.9755 38.9039 1.5
      vertex 55.9134 38.6194 1.5
    endloop
  endfacet
  facet normal 0 0 1
    outer loop
      vertex 64.0312 45 1.5
      vertex 54 39 1.5
      vertex 54.9755 38.9039 1.5
    endloop
  endfacet
  facet normal 0 0 1
    outer loop
      vertex 64.0312 45 1.5
      vertex 53.0245 38.9039 1.5
      vertex 54 39 1.5
    endloop
  endfacet
  facet normal 0 0 1
    outer loop
      vertex 64.0312 45 1.5
      vertex 52.0866 38.6194 1.5
      vertex 53.0245 38.9039 1.5
    endloop
  endfacet
  facet normal 0 0 1
    outer loop
      vertex 16.5001 17.7416 1.5
      vertex 49 34 1.5
      vertex 49.0961 34.9755 1.5
    endloop
  endfacet
  facet normal 0 0 1
    outer loop
      vertex 3.96875 45 1.5
      vertex 49.0961 34.9755 1.5
      vertex 49.3806 35.9134 1.5
    endloop
  endfacet
  facet normal 0 0 1
    outer loop
      vertex 3.96875 45 1.5
      vertex 49.3806 35.9134 1.5
      vertex 49.8427 36.7779 1.5
    endloop
  endfacet
  facet normal 0 0 1
    outer loop
      vertex 3.96875 45 1.5
      vertex 49.8427 36.7779 1.5
      vertex 50.4645 37.5355 1.5
    endloop
  endfacet
  facet normal 0 0 1
    outer loop
      vertex 3.96875 45 1.5
      vertex 50.4645 37.5355 1.5
      vertex 51.2221 38.1573 1.5
    endloop
  endfacet
  facet normal 0 0 1
    outer loop
      vertex 49 34 1.5
      vertex 18.4135 14.8779 1.5
      vertex 18.5 14 1.5
    endloop
  endfacet
  facet normal 0 0 1
    outer loop
      vertex 49 34 1.5
      vertex 18.1575 15.7221 1.5
      vertex 18.4135 14.8779 1.5
    endloop
  endfacet
  facet normal 0 0 1
    outer loop
      vertex 49 34 1.5
      vertex 17.7416 16.5001 1.5
      vertex 18.1575 15.7221 1.5
    endloop
  endfacet
  facet normal 0 0 1
    outer loop
      vertex 49 34 1.5
      vertex 17.182 17.182 1.5
      vertex 17.7416 16.5001 1.5
    endloop
  endfacet
  facet normal 0 0 1
    outer loop
      vertex 49 34 1.5
      vertex 16.5001 17.7416 1.5
      vertex 17.182 17.182 1.5
    endloop
  endfacet
  facet normal 0 0 1
    outer loop
      vertex 49.0961 34.9755 1.5
      vertex 15.7221 18.1575 1.5
      vertex 16.5001 17.7416 1.5
    endloop
  endfacet
  facet normal 0 0 1
    outer loop
      vertex 49.0961 34.9755 1.5
      vertex 3.96875 45 1.5
      vertex 15.7221 18.1575 1.5
    endloop
  endfacet
  facet normal 0 0 1
    outer loop
      vertex 15.7221 18.1575 1.5
      vertex 3.96875 45 1.5
      vertex 14.8779 18.4135 1.5
    endloop
  endfacet
  facet normal 0 0 1
    outer loop
      vertex 3.96875 45 1.5
      vertex 51.2221 38.1573 1.5
      vertex 52.0866 38.6194 1.5
    endloop
  endfacet
  facet normal -0 0 1
    outer loop
      vertex 3.96875 45 1.5
      vertex 52.0866 38.6194 1.5
      vertex 64.0312 45 1.5
    endloop
  endfacet
  facet normal 0 0 1
    outer loop
      vertex 14.8779 18.4135 1.5
      vertex 3.96875 45 1.5
      vertex 14 18.5 1.5
    endloop
  endfacet
  facet normal -0 0 1
    outer loop
      vertex 3 44.0455 1.5
      vertex 14 18.5 1.5
      vertex 3.96875 45 1.5
    endloop
  endfacet
  facet normal 0 0 1
    outer loop
      vertex 3 3.95455 1.5
      vertex 9.84254 15.7221 1.5
      vertex 3 44.0455 1.5
    endloop
  endfacet
  facet normal 0 0 1
    outer loop
      vertex 10.2584 16.5001 1.5
      vertex 3 44.0455 1.5
      vertex 9.84254 15.7221 1.5
    endloop
  endfacet
  facet normal 0 0 1
    outer loop
      vertex 10.818 17.182 1.5
      vertex 3 44.0455 1.5
      vertex 10.2584 16.5001 1.5
    endloop
  endfacet
  facet normal 0 0 1
    outer loop
      vertex 11.4999 17.7416 1.5
      vertex 3 44.0455 1.5
      vertex 10.818 17.182 1.5
    endloop
  endfacet
  facet normal 0 0 1
    outer loop
      vertex 12.2779 18.1575 1.5
      vertex 3 44.0455 1.5
      vertex 11.4999 17.7416 1.5
    endloop
  endfacet
  facet normal 0 0 1
    outer loop
      vertex 13.1221 18.4135 1.5
      vertex 3 44.0455 1.5
      vertex 12.2779 18.1575 1.5
    endloop
  endfacet
  facet normal 0 0 1
    outer loop
      vertex 14 18.5 1.5
      vertex 3 44.0455 1.5
      vertex 13.1221 18.4135 1.5
    endloop
  endfacet
  facet normal 0 -0 1
    outer loop
      vertex 64.0312 3 1.5
      vertex 65 3.95455 1.5
      vertex 54 29 1.5
    endloop
  endfacet
  facet normal 0 0 1
    outer loop
      vertex 64.9814 3.76832 1.5
      vertex 64.0312 3 1.5
      vertex 64.9263 3.58926 1.5
    endloop
  endfacet
  facet normal 0 0 1
    outer loop
      vertex 64.9263 3.58926 1.5
      vertex 64.0312 3 1.5
      vertex 64.8367 3.42423 1.5
    endloop
  endfacet
  facet normal 0 0 1
    outer loop
      vertex 64.7163 3.27958 1.5
      vertex 64.0312 3 1.5
      vertex 64.5695 3.16087 1.5
    endloop
  endfacet
  facet normal 0 0 1
    outer loop
      vertex 64.5695 3.16087 1.5
      vertex 64.0312 3 1.5
      vertex 64.402 3.07266 1.5
    endloop
  endfacet
  facet normal 0 0 1
    outer loop
      vertex 64.402 3.07266 1.5
      vertex 64.0312 3 1.5
      vertex 64.2202 3.01834 1.5
    endloop
  endfacet
  facet normal 0 0 1
    outer loop
      vertex 64.8367 3.42423 1.5
      vertex 64.0312 3 1.5
      vertex 64.7163 3.27958 1.5
    endloop
  endfacet
  facet normal 0 0 1
    outer loop
      vertex 65 3.95455 1.5
      vertex 64.0312 3 1.5
      vertex 64.9814 3.76832 1.5
    endloop
  endfacet
  facet normal 0 0 1
    outer loop
      vertex 53.0245 29.0961 1.5
      vertex 64.0312 3 1.5
      vertex 54 29 1.5
    endloop
  endfacet
  facet normal 0 0 1
    outer loop
      vertex 52.0866 29.3806 1.5
      vertex 64.0312 3 1.5
      vertex 53.0245 29.0961 1.5
    endloop
  endfacet
  facet normal 0 0 1
    outer loop
      vertex 18.4135 13.1221 1.5
      vertex 52.0866 29.3806 1.5
      vertex 51.2221 29.8427 1.5
    endloop
  endfacet
  facet normal 0 0 1
    outer loop
      vertex 18.5 14 1.5
      vertex 51.2221 29.8427 1.5
      vertex 50.4645 30.4645 1.5
    endloop
  endfacet
  facet normal 0 0 1
    outer loop
      vertex 18.5 14 1.5
      vertex 50.4645 30.4645 1.5
      vertex 49.8427 31.2221 1.5
    endloop
  endfacet
  facet normal 0 0 1
    outer loop
      vertex 18.5 14 1.5
      vertex 49.8427 31.2221 1.5
      vertex 49.3806 32.0866 1.5
    endloop
  endfacet
  facet normal 0 0 1
    outer loop
      vertex 18.5 14 1.5
      vertex 49.0961 33.0245 1.5
      vertex 49 34 1.5
    endloop
  endfacet
  facet normal 0 0 1
    outer loop
      vertex 18.5 14 1.5
      vertex 49.3806 32.0866 1.5
      vertex 49.0961 33.0245 1.5
    endloop
  endfacet
  facet normal 0 0 1
    outer loop
      vertex 51.2221 29.8427 1.5
      vertex 18.5 14 1.5
      vertex 18.4135 13.1221 1.5
    endloop
  endfacet
  facet normal 0 0 1
    outer loop
      vertex 52.0866 29.3806 1.5
      vertex 18.4135 13.1221 1.5
      vertex 64.0312 3 1.5
    endloop
  endfacet
  facet normal -0 0 1
    outer loop
      vertex 18.1575 12.2779 1.5
      vertex 64.0312 3 1.5
      vertex 18.4135 13.1221 1.5
    endloop
  endfacet
  facet normal -0 0 1
    outer loop
      vertex 17.7416 11.4999 1.5
      vertex 64.0312 3 1.5
      vertex 18.1575 12.2779 1.5
    endloop
  endfacet
  facet normal -0 0 1
    outer loop
      vertex 17.182 10.818 1.5
      vertex 64.0312 3 1.5
      vertex 17.7416 11.4999 1.5
    endloop
  endfacet
  facet normal -0 0 1
    outer loop
      vertex 16.5001 10.2584 1.5
      vertex 64.0312 3 1.5
      vertex 17.182 10.818 1.5
    endloop
  endfacet
  facet normal -0 0 1
    outer loop
      vertex 15.7221 9.84254 1.5
      vertex 64.0312 3 1.5
      vertex 16.5001 10.2584 1.5
    endloop
  endfacet
  facet normal 0 0 1
    outer loop
      vertex 3.96875 3 1.5
      vertex 15.7221 9.84254 1.5
      vertex 14.8779 9.58647 1.5
    endloop
  endfacet
  facet normal 0 0 1
    outer loop
      vertex 3.96875 3 1.5
      vertex 14.8779 9.58647 1.5
      vertex 14 9.5 1.5
    endloop
  endfacet
  facet normal 0 0 1
    outer loop
      vertex 3.96875 3 1.5
      vertex 14 9.5 1.5
      vertex 13.1221 9.58647 1.5
    endloop
  endfacet
  facet normal 0 0 1
    outer loop
      vertex 9.84254 15.7221 1.5
      vertex 3 3.95455 1.5
      vertex 9.58647 14.8779 1.5
    endloop
  endfacet
  facet normal 0 0 1
    outer loop
      vertex 15.7221 9.84254 1.5
      vertex 3.96875 3 1.5
      vertex 64.0312 3 1.5
    endloop
  endfacet
  facet normal 0 0 1
    outer loop
      vertex 12.2779 9.84254 1.5
      vertex 3.96875 3 1.5
      vertex 13.1221 9.58647 1.5
    endloop
  endfacet
  facet normal 0 0 1
    outer loop
      vertex 11.4999 10.2584 1.5
      vertex 3.96875 3 1.5
      vertex 12.2779 9.84254 1.5
    endloop
  endfacet
  facet normal 0 0 1
    outer loop
      vertex 10.818 10.818 1.5
      vertex 3.96875 3 1.5
      vertex 11.4999 10.2584 1.5
    endloop
  endfacet
  facet normal 0 0 1
    outer loop
      vertex 3 3.95455 1.5
      vertex 10.818 10.818 1.5
      vertex 10.2584 11.4999 1.5
    endloop
  endfacet
  facet normal 0 0 1
    outer loop
      vertex 3 3.95455 1.5
      vertex 10.2584 11.4999 1.5
      vertex 9.84254 12.2779 1.5
    endloop
  endfacet
  facet normal 0 0 1
    outer loop
      vertex 3 3.95455 1.5
      vertex 9.84254 12.2779 1.5
      vertex 9.58647 13.1221 1.5
    endloop
  endfacet
  facet normal 0 0 1
    outer loop
      vertex 9.58647 14.8779 1.5
      vertex 3 3.95455 1.5
      vertex 9.5 14 1.5
    endloop
  endfacet
  facet normal 0 0 1
    outer loop
      vertex 3 44.0455 1.5
      vertex 3.96875 45 1.5
      vertex 3.77976 44.9817 1.5
    endloop
  endfacet
  facet normal 0 0 1
    outer loop
      vertex 9.5 14 1.5
      vertex 3 3.95455 1.5
      vertex 9.58647 13.1221 1.5
    endloop
  endfacet
  facet normal 0 0 1
    outer loop
      vertex 3 44.0455 1.5
      vertex 3.77976 44.9817 1.5
      vertex 3.59803 44.9273 1.5
    endloop
  endfacet
  facet normal 0 0 1
    outer loop
      vertex 10.818 10.818 1.5
      vertex 3 3.95455 1.5
      vertex 3.96875 3 1.5
    endloop
  endfacet
  facet normal 0 0 1
    outer loop
      vertex 3 44.0455 1.5
      vertex 3.59803 44.9273 1.5
      vertex 3.43054 44.8391 1.5
    endloop
  endfacet
  facet normal 0 0 1
    outer loop
      vertex 3.96875 3 1.5
      vertex 3 3.95455 1.5
      vertex 3.77976 3.01834 1.5
    endloop
  endfacet
  facet normal 0 0 1
    outer loop
      vertex 3 44.0455 1.5
      vertex 3.43054 44.8391 1.5
      vertex 3.28374 44.7204 1.5
    endloop
  endfacet
  facet normal 0 0 1
    outer loop
      vertex 3.77976 3.01834 1.5
      vertex 3 3.95455 1.5
      vertex 3.59803 3.07266 1.5
    endloop
  endfacet
  facet normal 0 0 1
    outer loop
      vertex 3 44.0455 1.5
      vertex 3.28374 44.7204 1.5
      vertex 3.16326 44.5758 1.5
    endloop
  endfacet
  facet normal 0 0 1
    outer loop
      vertex 3.59803 3.07266 1.5
      vertex 3 3.95455 1.5
      vertex 3.43054 3.16087 1.5
    endloop
  endfacet
  facet normal 0 0 1
    outer loop
      vertex 3 44.0455 1.5
      vertex 3.16326 44.5758 1.5
      vertex 3.07374 44.4107 1.5
    endloop
  endfacet
  facet normal 0 0 1
    outer loop
      vertex 3.43054 3.16087 1.5
      vertex 3 3.95455 1.5
      vertex 3.28374 3.27958 1.5
    endloop
  endfacet
  facet normal 0 0 1
    outer loop
      vertex 3 44.0455 1.5
      vertex 3.07374 44.4107 1.5
      vertex 3.01861 44.2317 1.5
    endloop
  endfacet
  facet normal 0 0 1
    outer loop
      vertex 3.28374 3.27958 1.5
      vertex 3 3.95455 1.5
      vertex 3.16326 3.42423 1.5
    endloop
  endfacet
  facet normal 0 0 1
    outer loop
      vertex 3.16326 3.42423 1.5
      vertex 3 3.95455 1.5
      vertex 3.07374 3.58926 1.5
    endloop
  endfacet
  facet normal 0 0 1
    outer loop
      vertex 3.07374 3.58926 1.5
      vertex 3 3.95455 1.5
      vertex 3.01861 3.76832 1.5
    endloop
  endfacet
  facet normal -0.0666392 0.672862 0.73676
    outer loop
      vertex 65.0428 2.17533 2.34375
      vertex 64.9923 2.01019 2.49
      vertex 65.0027 2.01122 2.49
    endloop
  endfacet
  facet normal -0.0662711 0.672816 0.736835
    outer loop
      vertex 64.9923 2.01019 2.49
      vertex 65.0428 2.17533 2.34375
      vertex 64.2507 2.98712 1.53125
    endloop
  endfacet
  facet normal -0.0672384 0.672384 0.737143
    outer loop
      vertex 64.2507 2.98712 1.53125
      vertex 64.9922 2.01018 2.49
      vertex 64.9923 2.01019 2.49
    endloop
  endfacet
  facet normal -0.0661985 0.672849 0.736812
    outer loop
      vertex 64.9922 2.01018 2.49
      vertex 64.2507 2.98712 1.53125
      vertex 64.2202 3.01834 1.5
    endloop
  endfacet
  facet normal 0.281781 -0.527575 0.801414
    outer loop
      vertex 3.43054 44.8391 1.5
      vertex 2.70926 45.8305 2.40625
      vertex 2.64796 45.8927 2.46875
    endloop
  endfacet
  facet normal 0.283265 -0.525615 0.802178
    outer loop
      vertex 2.62545 45.913 2.49
      vertex 2.64796 45.8927 2.46875
      vertex 2.62712 45.9139 2.49
    endloop
  endfacet
  facet normal 0.278641 -0.529655 0.801139
    outer loop
      vertex 2.64796 45.8927 2.46875
      vertex 2.62545 45.913 2.49
      vertex 3.43054 44.8391 1.5
    endloop
  endfacet
  facet normal 0.178864 -0.60004 0.779718
    outer loop
      vertex 2.70926 45.8305 2.40625
      vertex 2.81249 45.9701 2.49
      vertex 2.79471 45.9648 2.49
    endloop
  endfacet
  facet normal 0.182097 -0.601367 0.777945
    outer loop
      vertex 2.81249 45.9701 2.49
      vertex 2.70926 45.8305 2.40625
      vertex 3.44479 45.083 1.65625
    endloop
  endfacet
  facet normal 0.278961 -0.52952 0.801118
    outer loop
      vertex 3.53673 44.9896 1.5625
      vertex 3.44479 45.083 1.65625
      vertex 3.43054 44.8391 1.5
    endloop
  endfacet
  facet normal 0.0642456 -0.672652 0.737165
    outer loop
      vertex 2.95723 45.8247 2.34375
      vertex 3.00773 45.9898 2.49
      vertex 2.99726 45.9888 2.49
    endloop
  endfacet
  facet normal 0.0661351 -0.672889 0.736781
    outer loop
      vertex 3.00773 45.9898 2.49
      vertex 2.95723 45.8247 2.34375
      vertex 3.74929 45.0129 1.53125
    endloop
  endfacet
  facet normal 0.0684074 -0.671874 0.737499
    outer loop
      vertex 3.0078 45.9898 2.49
      vertex 3.74929 45.0129 1.53125
      vertex 3.77976 44.9817 1.5
    endloop
  endfacet
  facet normal 0 -0.700446 0.713706
    outer loop
      vertex 3.74929 45.0129 1.53125
      vertex 3.0078 45.9898 2.49
      vertex 3.00773 45.9898 2.49
    endloop
  endfacet
  facet normal 0.0683085 -0.673018 0.736465
    outer loop
      vertex 2.97854 45.9869 2.49
      vertex 2.95723 45.8247 2.34375
      vertex 2.99726 45.9888 2.49
    endloop
  endfacet
  facet normal 0.0664598 -0.672969 0.736679
    outer loop
      vertex 2.95723 45.8247 2.34375
      vertex 2.97854 45.9869 2.49
      vertex 2.86584 45.9183 2.4375
    endloop
  endfacet
  facet normal 0.182039 -0.601422 0.777916
    outer loop
      vertex 3.59803 44.9273 1.5
      vertex 2.95723 45.8247 2.34375
      vertex 2.86584 45.9183 2.4375
    endloop
  endfacet
  facet normal -0.52417 -0.283052 0.803198
    outer loop
      vertex 65.8233 45.5424 2.49
      vertex 65.8304 45.2916 2.40625
      vertex 65.8314 45.5274 2.49
    endloop
  endfacet
  facet normal -0.52775 -0.282441 0.801066
    outer loop
      vertex 65.8304 45.2916 2.40625
      vertex 65.8233 45.5424 2.49
      vertex 65.4251 44.8967 2
    endloop
  endfacet
  facet normal -0.527718 -0.282049 0.801225
    outer loop
      vertex 65.8927 45.3523 2.46875
      vertex 65.9139 45.373 2.49
      vertex 65.8511 45.4905 2.49
    endloop
  endfacet
  facet normal -0.599967 -0.184923 0.778359
    outer loop
      vertex 64.9814 44.2317 1.5
      vertex 65.4251 44.8967 2
      vertex 64.9574 44.4411 1.53125
    endloop
  endfacet
  facet normal -0.600748 -0.184923 0.777757
    outer loop
      vertex 64.9814 44.2317 1.5
      vertex 64.9574 44.4411 1.53125
      vertex 64.9263 44.4107 1.5
    endloop
  endfacet
  facet normal -0.451269 -0.370467 0.811856
    outer loop
      vertex 65.8215 45.5458 2.49
      vertex 65.7 45.6938 2.49
      vertex 65.3963 45.1269 2.0625
    endloop
  endfacet
  facet normal -0.529212 -0.280171 0.800899
    outer loop
      vertex 65.3963 45.1269 2.0625
      vertex 65.8224 45.5441 2.49
      vertex 65.8215 45.5458 2.49
    endloop
  endfacet
  facet normal -0.525473 -0.284828 0.801718
    outer loop
      vertex 65.8224 45.5441 2.49
      vertex 65.3963 45.1269 2.0625
      vertex 64.9263 44.4107 1.5
    endloop
  endfacet
  facet normal -0.67249 -0.0673813 0.737033
    outer loop
      vertex 65.606 44.8338 2.125
      vertex 65.5123 44.7435 2.03125
      vertex 65 44.0455 1.5
    endloop
  endfacet
  facet normal -0.603495 -0.181048 0.776541
    outer loop
      vertex 65.9151 45.369 2.49
      vertex 65.606 44.8338 2.125
      vertex 65.9154 45.368 2.49
    endloop
  endfacet
  facet normal -0.601886 -0.182584 0.77743
    outer loop
      vertex 65.606 44.8338 2.125
      vertex 65.9151 45.369 2.49
      vertex 65.5123 44.7435 2.03125
    endloop
  endfacet
  facet normal -0.672471 -0.0674156 0.737047
    outer loop
      vertex 65.2312 44.4725 1.75
      vertex 65.0438 44.2919 1.5625
      vertex 65 44.0455 1.5
    endloop
  endfacet
  facet normal -0.645489 -0.129098 0.75278
    outer loop
      vertex 65.9145 45.371 2.49
      vertex 65.2312 44.4725 1.75
      vertex 65.9146 45.3705 2.49
    endloop
  endfacet
  facet normal -0.601953 -0.182484 0.777401
    outer loop
      vertex 65.2312 44.4725 1.75
      vertex 65.9145 45.371 2.49
      vertex 65.0438 44.2919 1.5625
    endloop
  endfacet
  facet normal 0.67267 -0.0671226 0.736892
    outer loop
      vertex 3 44.0455 1.5
      vertex 2.48768 44.7435 2.03125
      vertex 2.39399 44.8338 2.125
    endloop
  endfacet
  facet normal 0.601969 -0.182514 0.777381
    outer loop
      vertex 2.0849 45.369 2.49
      vertex 2.39399 44.8338 2.125
      vertex 2.48768 44.7435 2.03125
    endloop
  endfacet
  facet normal 0.603503 -0.181051 0.776534
    outer loop
      vertex 2.39399 44.8338 2.125
      vertex 2.0849 45.369 2.49
      vertex 2.0846 45.368 2.49
    endloop
  endfacet
  facet normal 0.527925 -0.282242 0.801021
    outer loop
      vertex 2.17666 45.5424 2.49
      vertex 2.16965 45.2916 2.40625
      vertex 2.57493 44.8967 2
    endloop
  endfacet
  facet normal 0.528392 -0.282162 0.800741
    outer loop
      vertex 2.16965 45.2916 2.40625
      vertex 2.17666 45.5424 2.49
      vertex 2.16865 45.5274 2.49
    endloop
  endfacet
  facet normal 0.600067 -0.184833 0.778303
    outer loop
      vertex 3.01861 44.2317 1.5
      vertex 2.57493 44.8967 2
      vertex 2.16965 45.2916 2.40625
    endloop
  endfacet
  facet normal 0.525323 0.284969 0.801766
    outer loop
      vertex 2.97675 3.24052 1.6875
      vertex 3.07374 3.58926 1.5
      vertex 2.60373 2.87309 2.0625
    endloop
  endfacet
  facet normal 0.525331 0.284964 0.801762
    outer loop
      vertex 3.16326 3.42423 1.5
      vertex 3.07374 3.58926 1.5
      vertex 2.97675 3.24052 1.6875
    endloop
  endfacet
  facet normal -0.645487 0.129097 0.752781
    outer loop
      vertex 65.2312 3.52747 1.75
      vertex 65.9145 2.62895 2.49
      vertex 65.9146 2.62945 2.49
    endloop
  endfacet
  facet normal -0.601859 0.182591 0.777449
    outer loop
      vertex 65.9145 2.62895 2.49
      vertex 65.2312 3.52747 1.75
      vertex 65.0438 3.70811 1.5625
    endloop
  endfacet
  facet normal -0.729079 0 0.68443
    outer loop
      vertex 65.0438 3.70811 1.5625
      vertex 65.9145 2.62883 2.49
      vertex 65.9145 2.62895 2.49
    endloop
  endfacet
  facet normal -0.604058 0.179874 0.776375
    outer loop
      vertex 65.9145 2.62883 2.49
      vertex 65.0438 3.70811 1.5625
      vertex 64.9814 3.76832 1.5
    endloop
  endfacet
  facet normal -0.672469 0.0674058 0.73705
    outer loop
      vertex 65.5123 3.25651 2.03125
      vertex 65.606 3.16619 2.125
      vertex 65 3.95455 1.5
    endloop
  endfacet
  facet normal -0.603485 0.181046 0.776549
    outer loop
      vertex 65.606 3.16619 2.125
      vertex 65.9151 2.63095 2.49
      vertex 65.9154 2.63195 2.49
    endloop
  endfacet
  facet normal -0.601846 0.18261 0.777454
    outer loop
      vertex 65.9151 2.63095 2.49
      vertex 65.606 3.16619 2.125
      vertex 65.5123 3.25651 2.03125
    endloop
  endfacet
  facet normal -0.523596 0.283119 0.803549
    outer loop
      vertex 65.8304 2.70844 2.40625
      vertex 65.8233 2.45761 2.49
      vertex 65.8314 2.47259 2.49
    endloop
  endfacet
  facet normal -0.527802 0.282402 0.801045
    outer loop
      vertex 65.8233 2.45761 2.49
      vertex 65.8304 2.70844 2.40625
      vertex 65.4251 3.10329 2
    endloop
  endfacet
  facet normal -0.600109 0.184767 0.778287
    outer loop
      vertex 65.4251 3.10329 2
      vertex 65.8304 2.70844 2.40625
      vertex 64.9814 3.76832 1.5
    endloop
  endfacet
  facet normal -0.366901 0.453762 0.812086
    outer loop
      vertex 64.7852 2.9438 1.71875
      vertex 65.4015 2.32358 2.34375
      vertex 64.7163 3.27958 1.5
    endloop
  endfacet
  facet normal -0.362922 0.457465 0.811796
    outer loop
      vertex 65.5472 2.17964 2.49
      vertex 65.4015 2.32358 2.34375
      vertex 65.5457 2.17845 2.49
    endloop
  endfacet
  facet normal -0.366797 0.45384 0.812089
    outer loop
      vertex 65.4015 2.32358 2.34375
      vertex 65.5472 2.17964 2.49
      vertex 64.7163 3.27958 1.5
    endloop
  endfacet
  facet normal 0.183115 -0.600804 0.778141
    outer loop
      vertex 2.81272 45.9702 2.49
      vertex 3.44479 45.083 1.65625
      vertex 3.53673 44.9896 1.5625
    endloop
  endfacet
  facet normal 0.245695 -0.565099 0.787589
    outer loop
      vertex 3.44479 45.083 1.65625
      vertex 2.81272 45.9702 2.49
      vertex 2.81249 45.9701 2.49
    endloop
  endfacet
  facet normal 0.181563 -0.601678 0.77783
    outer loop
      vertex 2.81284 45.9702 2.49
      vertex 3.53673 44.9896 1.5625
      vertex 3.59803 44.9273 1.5
    endloop
  endfacet
  facet normal 0 -0.687163 0.726503
    outer loop
      vertex 3.53673 44.9896 1.5625
      vertex 2.81284 45.9702 2.49
      vertex 2.81272 45.9702 2.49
    endloop
  endfacet
  facet normal -0.528481 -0.282143 0.80069
    outer loop
      vertex 65.8304 45.2916 2.40625
      vertex 65.8511 45.4905 2.49
      vertex 65.8314 45.5274 2.49
    endloop
  endfacet
  facet normal -0.528384 -0.282175 0.800742
    outer loop
      vertex 65.8511 45.4905 2.49
      vertex 65.8304 45.2916 2.40625
      vertex 65.8927 45.3523 2.46875
    endloop
  endfacet
  facet normal -0.602289 -0.182111 0.777228
    outer loop
      vertex 65.8927 45.3523 2.46875
      vertex 65.8304 45.2916 2.40625
      vertex 64.9814 44.2317 1.5
    endloop
  endfacet
  facet normal -0.45377 -0.368688 0.811272
    outer loop
      vertex 65.6987 45.6954 2.49
      vertex 65.3963 45.1269 2.0625
      vertex 65.7 45.6938 2.49
    endloop
  endfacet
  facet normal -0.45113 -0.370558 0.811892
    outer loop
      vertex 65.3963 45.1269 2.0625
      vertex 65.6987 45.6954 2.49
      vertex 65.0232 44.7595 1.6875
    endloop
  endfacet
  facet normal -0.525126 -0.285146 0.801832
    outer loop
      vertex 65.3963 45.1269 2.0625
      vertex 65.0232 44.7595 1.6875
      vertex 64.9263 44.4107 1.5
    endloop
  endfacet
  facet normal 0.672575 -0.0672495 0.736967
    outer loop
      vertex 3 44.0455 1.5
      vertex 2.76876 44.4725 1.75
      vertex 2.48768 44.7435 2.03125
    endloop
  endfacet
  facet normal 0.601799 -0.182694 0.777471
    outer loop
      vertex 2.08536 45.3705 2.49
      vertex 2.48768 44.7435 2.03125
      vertex 2.76876 44.4725 1.75
    endloop
  endfacet
  facet normal 0.600408 -0.184125 0.778208
    outer loop
      vertex 2.48768 44.7435 2.03125
      vertex 2.08536 45.3705 2.49
      vertex 2.0849 45.369 2.49
    endloop
  endfacet
  facet normal -0.182374 0.601176 0.778028
    outer loop
      vertex 65.2907 2.16955 2.40625
      vertex 65.2453 2.04739 2.49
      vertex 65.352 2.10726 2.46875
    endloop
  endfacet
  facet normal -0.18246 0.601188 0.777998
    outer loop
      vertex 65.2453 2.04739 2.49
      vertex 65.2907 2.16955 2.40625
      vertex 65.2053 2.03525 2.49
    endloop
  endfacet
  facet normal -0.278452 0.52979 0.801116
    outer loop
      vertex 65.2907 2.16955 2.40625
      vertex 65.352 2.10726 2.46875
      vertex 64.5695 3.16087 1.5
    endloop
  endfacet
  facet normal -0.278829 0.529545 0.801147
    outer loop
      vertex 65.2907 2.16955 2.40625
      vertex 64.5695 3.16087 1.5
      vertex 64.5552 2.91695 1.65625
    endloop
  endfacet
  facet normal -0.182374 0.601159 0.778041
    outer loop
      vertex 65.2907 2.16955 2.40625
      vertex 65.1875 2.02985 2.49
      vertex 65.2053 2.03525 2.49
    endloop
  endfacet
  facet normal -0.182435 0.601184 0.778007
    outer loop
      vertex 65.1875 2.02985 2.49
      vertex 65.2907 2.16955 2.40625
      vertex 64.5552 2.91695 1.65625
    endloop
  endfacet
  facet normal -0.287277 0.522322 0.802902
    outer loop
      vertex 65.3745 2.08697 2.49
      vertex 65.352 2.10726 2.46875
      vertex 65.3729 2.08609 2.49
    endloop
  endfacet
  facet normal -0.279715 0.528955 0.801228
    outer loop
      vertex 65.352 2.10726 2.46875
      vertex 65.3745 2.08697 2.49
      vertex 64.5695 3.16087 1.5
    endloop
  endfacet
  facet normal -0.182303 0.601081 0.778118
    outer loop
      vertex 65.3729 2.08609 2.49
      vertex 65.352 2.10726 2.46875
      vertex 65.2453 2.04739 2.49
    endloop
  endfacet
  facet normal -0.278902 0.529536 0.801127
    outer loop
      vertex 64.5552 2.91695 1.65625
      vertex 64.5695 3.16087 1.5
      vertex 64.4633 3.01038 1.5625
    endloop
  endfacet
  facet normal -0.180645 0.60215 0.777678
    outer loop
      vertex 64.5552 2.91695 1.65625
      vertex 65.1873 2.02979 2.49
      vertex 65.1875 2.02985 2.49
    endloop
  endfacet
  facet normal -0.182591 0.6011 0.778036
    outer loop
      vertex 65.1873 2.02979 2.49
      vertex 64.5552 2.91695 1.65625
      vertex 64.4633 3.01038 1.5625
    endloop
  endfacet
  facet normal 0.956947 0.290262 0
    outer loop
      vertex 2.07612 2.61732 11.5
      vertex 2.01922 2.80491 2.49
      vertex 2.01922 2.80491 11.5
    endloop
  endfacet
  facet normal 0.956947 0.290262 0
    outer loop
      vertex 2.01922 2.80491 2.49
      vertex 2.07612 2.61732 11.5
      vertex 2.07612 2.61732 2.49
    endloop
  endfacet
  facet normal 0.995182 0.098044 0
    outer loop
      vertex 2.01922 2.80491 11.5
      vertex 2 3 2.49
      vertex 2 3 11.5
    endloop
  endfacet
  facet normal 0.995182 0.098044 0
    outer loop
      vertex 2 3 2.49
      vertex 2.01922 2.80491 11.5
      vertex 2.01922 2.80491 2.49
    endloop
  endfacet
  facet normal -1 0 0
    outer loop
      vertex 66 3 2.49
      vertex 66 45 11.5
      vertex 66 45 2.49
    endloop
  endfacet
  facet normal -1 -0 0
    outer loop
      vertex 66 45 11.5
      vertex 66 3 2.49
      vertex 66 3 11.5
    endloop
  endfacet
  facet normal 0 -1 0
    outer loop
      vertex 3 46 2.49
      vertex 65 46 11.5
      vertex 3 46 11.5
    endloop
  endfacet
  facet normal 0 -1 -0
    outer loop
      vertex 65 46 11.5
      vertex 3 46 2.49
      vertex 65 46 2.49
    endloop
  endfacet
  facet normal 0.634376 0.773025 -0
    outer loop
      vertex 2.44443 2.16853 2.49
      vertex 2.29289 2.29289 11.5
      vertex 2.44443 2.16853 11.5
    endloop
  endfacet
  facet normal 0.634376 0.773025 0
    outer loop
      vertex 2.29289 2.29289 11.5
      vertex 2.44443 2.16853 2.49
      vertex 2.29289 2.29289 2.49
    endloop
  endfacet
  facet normal -0.471329 -0.881957 0
    outer loop
      vertex 65.3827 45.9239 2.49
      vertex 65.5556 45.8315 11.5
      vertex 65.3827 45.9239 11.5
    endloop
  endfacet
  facet normal -0.471329 -0.881957 -0
    outer loop
      vertex 65.5556 45.8315 11.5
      vertex 65.3827 45.9239 2.49
      vertex 65.5556 45.8315 2.49
    endloop
  endfacet
  facet normal 0.634498 -0.772925 0
    outer loop
      vertex 2.29289 45.7071 2.49
      vertex 2.44443 45.8315 11.5
      vertex 2.29289 45.7071 11.5
    endloop
  endfacet
  facet normal 0.634498 -0.772925 0
    outer loop
      vertex 2.44443 45.8315 11.5
      vertex 2.29289 45.7071 2.49
      vertex 2.44443 45.8315 2.49
    endloop
  endfacet
  facet normal 1 -0 0
    outer loop
      vertex 2 3 11.5
      vertex 2 45 2.49
      vertex 2 45 11.5
    endloop
  endfacet
  facet normal 1 0 0
    outer loop
      vertex 2 45 2.49
      vertex 2 3 11.5
      vertex 2 3 2.49
    endloop
  endfacet
  facet normal -0.098039 0.995183 0
    outer loop
      vertex 65.1951 2.01922 2.49
      vertex 65 2 11.5
      vertex 65.1951 2.01922 11.5
    endloop
  endfacet
  facet normal -0.098039 0.995183 0
    outer loop
      vertex 65 2 11.5
      vertex 65.1951 2.01922 2.49
      vertex 65 2 2.49
    endloop
  endfacet
  facet normal 0.290262 -0.956947 0
    outer loop
      vertex 2.61732 45.9239 2.49
      vertex 2.80491 45.9808 11.5
      vertex 2.61732 45.9239 11.5
    endloop
  endfacet
  facet normal 0.290262 -0.956947 0
    outer loop
      vertex 2.80491 45.9808 11.5
      vertex 2.61732 45.9239 2.49
      vertex 2.80491 45.9808 2.49
    endloop
  endfacet
  facet normal 0 1 -0
    outer loop
      vertex 65 2 2.49
      vertex 3 2 11.5
      vertex 65 2 11.5
    endloop
  endfacet
  facet normal 0 1 0
    outer loop
      vertex 3 2 11.5
      vertex 65 2 2.49
      vertex 3 2 2.49
    endloop
  endfacet
  facet normal -0.634476 0.772942 0
    outer loop
      vertex 65.7071 2.29289 2.49
      vertex 65.5556 2.16853 11.5
      vertex 65.7071 2.29289 11.5
    endloop
  endfacet
  facet normal -0.634476 0.772942 0
    outer loop
      vertex 65.5556 2.16853 11.5
      vertex 65.7071 2.29289 2.49
      vertex 65.5556 2.16853 2.49
    endloop
  endfacet
  facet normal -0.772925 0.634498 0
    outer loop
      vertex 65.7071 2.29289 2.49
      vertex 65.8315 2.44443 11.5
      vertex 65.8315 2.44443 2.49
    endloop
  endfacet
  facet normal -0.772925 0.634498 0
    outer loop
      vertex 65.8315 2.44443 11.5
      vertex 65.7071 2.29289 2.49
      vertex 65.7071 2.29289 11.5
    endloop
  endfacet
  facet normal -0.772842 -0.634598 0
    outer loop
      vertex 65.8315 45.5556 2.49
      vertex 65.7071 45.7071 11.5
      vertex 65.7071 45.7071 2.49
    endloop
  endfacet
  facet normal -0.772842 -0.634598 0
    outer loop
      vertex 65.7071 45.7071 11.5
      vertex 65.8315 45.5556 2.49
      vertex 65.8315 45.5556 11.5
    endloop
  endfacet
  facet normal 0.772942 -0.634476 0
    outer loop
      vertex 2.16853 45.5556 11.5
      vertex 2.29289 45.7071 2.49
      vertex 2.29289 45.7071 11.5
    endloop
  endfacet
  facet normal 0.772942 -0.634476 0
    outer loop
      vertex 2.29289 45.7071 2.49
      vertex 2.16853 45.5556 11.5
      vertex 2.16853 45.5556 2.49
    endloop
  endfacet
  facet normal -0.881957 -0.471329 0
    outer loop
      vertex 65.9239 45.3827 2.49
      vertex 65.8315 45.5556 11.5
      vertex 65.8315 45.5556 2.49
    endloop
  endfacet
  facet normal -0.881957 -0.471329 0
    outer loop
      vertex 65.8315 45.5556 11.5
      vertex 65.9239 45.3827 2.49
      vertex 65.9239 45.3827 11.5
    endloop
  endfacet
  facet normal -0.471369 0.881936 0
    outer loop
      vertex 65.5556 2.16853 2.49
      vertex 65.3827 2.07612 11.5
      vertex 65.5556 2.16853 11.5
    endloop
  endfacet
  facet normal -0.471369 0.881936 0
    outer loop
      vertex 65.3827 2.07612 11.5
      vertex 65.5556 2.16853 2.49
      vertex 65.3827 2.07612 2.49
    endloop
  endfacet
  facet normal -0.956947 0.290262 0
    outer loop
      vertex 65.9239 2.61732 2.49
      vertex 65.9808 2.80491 11.5
      vertex 65.9808 2.80491 2.49
    endloop
  endfacet
  facet normal -0.956947 0.290262 0
    outer loop
      vertex 65.9808 2.80491 11.5
      vertex 65.9239 2.61732 2.49
      vertex 65.9239 2.61732 11.5
    endloop
  endfacet
  facet normal 0 0 1
    outer loop
      vertex 66 45 2.49
      vertex 65.99 44.9905 2.49
      vertex 66 3 2.49
    endloop
  endfacet
  facet normal -0 0 1
    outer loop
      vertex 65.9711 45.1827 2.49
      vertex 66 45 2.49
      vertex 65.9808 45.1951 2.49
    endloop
  endfacet
  facet normal 0 0 1
    outer loop
      vertex 66 45 2.49
      vertex 65.9711 45.1827 2.49
      vertex 65.99 44.9905 2.49
    endloop
  endfacet
  facet normal 0 0 1
    outer loop
      vertex 65.9808 45.1951 2.49
      vertex 65.971 45.1835 2.49
      vertex 65.9711 45.1827 2.49
    endloop
  endfacet
  facet normal 0 0 1
    outer loop
      vertex 65.9808 45.1951 2.49
      vertex 65.971 45.1836 2.49
      vertex 65.971 45.1835 2.49
    endloop
  endfacet
  facet normal 0 0 1
    outer loop
      vertex 65.9808 45.1951 2.49
      vertex 65.9708 45.1855 2.49
      vertex 65.971 45.1836 2.49
    endloop
  endfacet
  facet normal -0 0 1
    outer loop
      vertex 65.923 45.343 2.49
      vertex 65.9808 45.1951 2.49
      vertex 65.9239 45.3827 2.49
    endloop
  endfacet
  facet normal 0 0 1
    outer loop
      vertex 65.9808 45.1951 2.49
      vertex 65.923 45.343 2.49
      vertex 65.9708 45.1855 2.49
    endloop
  endfacet
  facet normal 0 0 1
    outer loop
      vertex 65.9239 45.3827 2.49
      vertex 65.9154 45.368 2.49
      vertex 65.923 45.343 2.49
    endloop
  endfacet
  facet normal 0 0 1
    outer loop
      vertex 65.9239 45.3827 2.49
      vertex 65.9151 45.369 2.49
      vertex 65.9154 45.368 2.49
    endloop
  endfacet
  facet normal 0 0 1
    outer loop
      vertex 65.9239 45.3827 2.49
      vertex 65.9146 45.3705 2.49
      vertex 65.9151 45.369 2.49
    endloop
  endfacet
  facet normal 0 0 1
    outer loop
      vertex 65.9239 45.3827 2.49
      vertex 65.9145 45.371 2.49
      vertex 65.9146 45.3705 2.49
    endloop
  endfacet
  facet normal 0 0 1
    outer loop
      vertex 65.9239 45.3827 2.49
      vertex 65.9145 45.3712 2.49
      vertex 65.9145 45.371 2.49
    endloop
  endfacet
  facet normal 0 0 1
    outer loop
      vertex 65.9239 45.3827 2.49
      vertex 65.9139 45.373 2.49
      vertex 65.9145 45.3712 2.49
    endloop
  endfacet
  facet normal 0 0 1
    outer loop
      vertex 65.9239 45.3827 2.49
      vertex 65.8511 45.4905 2.49
      vertex 65.9139 45.373 2.49
    endloop
  endfacet
  facet normal 0 0 1
    outer loop
      vertex 65.8315 45.5556 2.49
      vertex 65.8511 45.4905 2.49
      vertex 65.9239 45.3827 2.49
    endloop
  endfacet
  facet normal 0 0 1
    outer loop
      vertex 65.8315 45.5556 2.49
      vertex 65.8314 45.5274 2.49
      vertex 65.8511 45.4905 2.49
    endloop
  endfacet
  facet normal 0 0 1
    outer loop
      vertex 65.8315 45.5556 2.49
      vertex 65.8233 45.5424 2.49
      vertex 65.8314 45.5274 2.49
    endloop
  endfacet
  facet normal 0 0 1
    outer loop
      vertex 65.8315 45.5556 2.49
      vertex 65.8224 45.5441 2.49
      vertex 65.8233 45.5424 2.49
    endloop
  endfacet
  facet normal 0 0 1
    outer loop
      vertex 65.8315 45.5556 2.49
      vertex 65.8215 45.5458 2.49
      vertex 65.8224 45.5441 2.49
    endloop
  endfacet
  facet normal -0 0 1
    outer loop
      vertex 65.7 45.6938 2.49
      vertex 65.8315 45.5556 2.49
      vertex 65.7071 45.7071 2.49
    endloop
  endfacet
  facet normal 0 0 1
    outer loop
      vertex 65.8315 45.5556 2.49
      vertex 65.7 45.6938 2.49
      vertex 65.8215 45.5458 2.49
    endloop
  endfacet
  facet normal 0 0 1
    outer loop
      vertex 65.7071 45.7071 2.49
      vertex 65.6987 45.6954 2.49
      vertex 65.7 45.6938 2.49
    endloop
  endfacet
  facet normal 0 0 1
    outer loop
      vertex 65.7071 45.7071 2.49
      vertex 65.6984 45.6958 2.49
      vertex 65.6987 45.6954 2.49
    endloop
  endfacet
  facet normal 0 0 1
    outer loop
      vertex 65.7071 45.7071 2.49
      vertex 65.6972 45.6972 2.49
      vertex 65.6984 45.6958 2.49
    endloop
  endfacet
  facet normal 0 0 1
    outer loop
      vertex 65.5556 45.8315 2.49
      vertex 65.6972 45.6972 2.49
      vertex 65.7071 45.7071 2.49
    endloop
  endfacet
  facet normal 0 0 1
    outer loop
      vertex 65.5556 45.8315 2.49
      vertex 65.5474 45.8202 2.49
      vertex 65.6972 45.6972 2.49
    endloop
  endfacet
  facet normal 0 0 1
    outer loop
      vertex 65.5556 45.8315 2.49
      vertex 65.5472 45.8204 2.49
      vertex 65.5474 45.8202 2.49
    endloop
  endfacet
  facet normal 0 0 1
    outer loop
      vertex 65.5556 45.8315 2.49
      vertex 65.5457 45.8215 2.49
      vertex 65.5472 45.8204 2.49
    endloop
  endfacet
  facet normal 0 0 1
    outer loop
      vertex 65.5556 45.8315 2.49
      vertex 65.3839 45.908 2.49
      vertex 65.5457 45.8215 2.49
    endloop
  endfacet
  facet normal 0 0 1
    outer loop
      vertex 65.3827 45.9239 2.49
      vertex 65.3839 45.908 2.49
      vertex 65.5556 45.8315 2.49
    endloop
  endfacet
  facet normal 0 0 1
    outer loop
      vertex 65.3827 45.9239 2.49
      vertex 65.375 45.9128 2.49
      vertex 65.3839 45.908 2.49
    endloop
  endfacet
  facet normal 0 0 1
    outer loop
      vertex 65.3827 45.9239 2.49
      vertex 65.3745 45.913 2.49
      vertex 65.375 45.9128 2.49
    endloop
  endfacet
  facet normal 0 0 1
    outer loop
      vertex 65.3827 45.9239 2.49
      vertex 65.3729 45.9139 2.49
      vertex 65.3745 45.913 2.49
    endloop
  endfacet
  facet normal 0 0 1
    outer loop
      vertex 65.3827 45.9239 2.49
      vertex 65.2453 45.9526 2.49
      vertex 65.3729 45.9139 2.49
    endloop
  endfacet
  facet normal 0 0 1
    outer loop
      vertex 65.1951 45.9808 2.49
      vertex 65.2453 45.9526 2.49
      vertex 65.3827 45.9239 2.49
    endloop
  endfacet
  facet normal 0 0 1
    outer loop
      vertex 65.2453 45.9526 2.49
      vertex 65.1951 45.9808 2.49
      vertex 65.2053 45.9648 2.49
    endloop
  endfacet
  facet normal 0 0 1
    outer loop
      vertex 65.1951 45.9808 2.49
      vertex 65.1875 45.9701 2.49
      vertex 65.2053 45.9648 2.49
    endloop
  endfacet
  facet normal 0 0 1
    outer loop
      vertex 65.1951 45.9808 2.49
      vertex 65.1873 45.9702 2.49
      vertex 65.1875 45.9701 2.49
    endloop
  endfacet
  facet normal 0 0 1
    outer loop
      vertex 65.1951 45.9808 2.49
      vertex 65.1872 45.9702 2.49
      vertex 65.1873 45.9702 2.49
    endloop
  endfacet
  facet normal 0 0 1
    outer loop
      vertex 65.1951 45.9808 2.49
      vertex 65.1853 45.9708 2.49
      vertex 65.1872 45.9702 2.49
    endloop
  endfacet
  facet normal 0 0 1
    outer loop
      vertex 65.1951 45.9808 2.49
      vertex 65.0215 45.9869 2.49
      vertex 65.1853 45.9708 2.49
    endloop
  endfacet
  facet normal 0 0 1
    outer loop
      vertex 65 46 2.49
      vertex 65.0215 45.9869 2.49
      vertex 65.1951 45.9808 2.49
    endloop
  endfacet
  facet normal 0 0 1
    outer loop
      vertex 65.0215 45.9869 2.49
      vertex 65 46 2.49
      vertex 65.0027 45.9888 2.49
    endloop
  endfacet
  facet normal 0 0 1
    outer loop
      vertex 65 46 2.49
      vertex 64.9923 45.9898 2.49
      vertex 65.0027 45.9888 2.49
    endloop
  endfacet
  facet normal 0 0 1
    outer loop
      vertex 65 46 2.49
      vertex 64.9922 45.9898 2.49
      vertex 64.9923 45.9898 2.49
    endloop
  endfacet
  facet normal 0 0 1
    outer loop
      vertex 65 46 2.49
      vertex 64.9903 45.99 2.49
      vertex 64.9922 45.9898 2.49
    endloop
  endfacet
  facet normal 0 0 1
    outer loop
      vertex 65 46 2.49
      vertex 3.00969 45.99 2.49
      vertex 64.9903 45.99 2.49
    endloop
  endfacet
  facet normal -0 0 1
    outer loop
      vertex 3 46 2.49
      vertex 3.00969 45.99 2.49
      vertex 65 46 2.49
    endloop
  endfacet
  facet normal 0 0 1
    outer loop
      vertex 3 46 2.49
      vertex 3.0078 45.9898 2.49
      vertex 3.00969 45.99 2.49
    endloop
  endfacet
  facet normal 0 0 1
    outer loop
      vertex 3 46 2.49
      vertex 3.00773 45.9898 2.49
      vertex 3.0078 45.9898 2.49
    endloop
  endfacet
  facet normal 0 0 1
    outer loop
      vertex 3 46 2.49
      vertex 2.99726 45.9888 2.49
      vertex 3.00773 45.9898 2.49
    endloop
  endfacet
  facet normal 0 0 1
    outer loop
      vertex 3 46 2.49
      vertex 2.97854 45.9869 2.49
      vertex 2.99726 45.9888 2.49
    endloop
  endfacet
  facet normal 0 0 1
    outer loop
      vertex 2.80491 45.9808 2.49
      vertex 2.97854 45.9869 2.49
      vertex 3 46 2.49
    endloop
  endfacet
  facet normal 0 0 1
    outer loop
      vertex 2.80491 45.9808 2.49
      vertex 2.81272 45.9702 2.49
      vertex 2.81284 45.9702 2.49
    endloop
  endfacet
  facet normal 0 0 1
    outer loop
      vertex 2.80491 45.9808 2.49
      vertex 2.81284 45.9702 2.49
      vertex 2.81466 45.9708 2.49
    endloop
  endfacet
  facet normal 0 0 1
    outer loop
      vertex 2.97854 45.9869 2.49
      vertex 2.80491 45.9808 2.49
      vertex 2.81466 45.9708 2.49
    endloop
  endfacet
  facet normal 0 0 1
    outer loop
      vertex 2.81272 45.9702 2.49
      vertex 2.80491 45.9808 2.49
      vertex 2.81249 45.9701 2.49
    endloop
  endfacet
  facet normal 0 0 1
    outer loop
      vertex 2.80491 45.9808 2.49
      vertex 2.79471 45.9648 2.49
      vertex 2.81249 45.9701 2.49
    endloop
  endfacet
  facet normal 0 0 1
    outer loop
      vertex 2.80491 45.9808 2.49
      vertex 2.75469 45.9526 2.49
      vertex 2.79471 45.9648 2.49
    endloop
  endfacet
  facet normal 0 0 1
    outer loop
      vertex 2.61732 45.9239 2.49
      vertex 2.75469 45.9526 2.49
      vertex 2.80491 45.9808 2.49
    endloop
  endfacet
  facet normal 0 0 1
    outer loop
      vertex 2.75469 45.9526 2.49
      vertex 2.61732 45.9239 2.49
      vertex 2.62712 45.9139 2.49
    endloop
  endfacet
  facet normal 0 0 1
    outer loop
      vertex 2.61732 45.9239 2.49
      vertex 2.62545 45.913 2.49
      vertex 2.62712 45.9139 2.49
    endloop
  endfacet
  facet normal 0 0 1
    outer loop
      vertex 2.61732 45.9239 2.49
      vertex 2.62496 45.9128 2.49
      vertex 2.62545 45.913 2.49
    endloop
  endfacet
  facet normal 0 0 1
    outer loop
      vertex 2.61732 45.9239 2.49
      vertex 2.61611 45.908 2.49
      vertex 2.62496 45.9128 2.49
    endloop
  endfacet
  facet normal 0 0 1
    outer loop
      vertex 2.44443 45.8315 2.49
      vertex 2.61611 45.908 2.49
      vertex 2.61732 45.9239 2.49
    endloop
  endfacet
  facet normal 0 0 1
    outer loop
      vertex 2.44443 45.8315 2.49
      vertex 2.45282 45.8204 2.49
      vertex 2.45429 45.8215 2.49
    endloop
  endfacet
  facet normal 0 0 1
    outer loop
      vertex 2.61611 45.908 2.49
      vertex 2.44443 45.8315 2.49
      vertex 2.45429 45.8215 2.49
    endloop
  endfacet
  facet normal 0 0 1
    outer loop
      vertex 2.45282 45.8204 2.49
      vertex 2.44443 45.8315 2.49
      vertex 2.45261 45.8202 2.49
    endloop
  endfacet
  facet normal 0 0 1
    outer loop
      vertex 2.44443 45.8315 2.49
      vertex 2.3028 45.6972 2.49
      vertex 2.45261 45.8202 2.49
    endloop
  endfacet
  facet normal -0 0 1
    outer loop
      vertex 2.29289 45.7071 2.49
      vertex 2.3028 45.6972 2.49
      vertex 2.44443 45.8315 2.49
    endloop
  endfacet
  facet normal 0 0 1
    outer loop
      vertex 2.29289 45.7071 2.49
      vertex 2.3016 45.6958 2.49
      vertex 2.3028 45.6972 2.49
    endloop
  endfacet
  facet normal 0 0 1
    outer loop
      vertex 2.29289 45.7071 2.49
      vertex 2.30131 45.6954 2.49
      vertex 2.3016 45.6958 2.49
    endloop
  endfacet
  facet normal 0 0 1
    outer loop
      vertex 2.29289 45.7071 2.49
      vertex 2.3 45.6938 2.49
      vertex 2.30131 45.6954 2.49
    endloop
  endfacet
  facet normal 0 0 1
    outer loop
      vertex 2.16853 45.5556 2.49
      vertex 2.3 45.6938 2.49
      vertex 2.29289 45.7071 2.49
    endloop
  endfacet
  facet normal 0 0 1
    outer loop
      vertex 2.16853 45.5556 2.49
      vertex 2.17758 45.5441 2.49
      vertex 2.17848 45.5458 2.49
    endloop
  endfacet
  facet normal 0 0 1
    outer loop
      vertex 2.16853 45.5556 2.49
      vertex 2.17666 45.5424 2.49
      vertex 2.17755 45.5441 2.49
    endloop
  endfacet
  facet normal 0 0 1
    outer loop
      vertex 2.3 45.6938 2.49
      vertex 2.16853 45.5556 2.49
      vertex 2.17848 45.5458 2.49
    endloop
  endfacet
  facet normal 0 0 1
    outer loop
      vertex 2.17758 45.5441 2.49
      vertex 2.16853 45.5556 2.49
      vertex 2.17755 45.5441 2.49
    endloop
  endfacet
  facet normal 0 0 1
    outer loop
      vertex 2.17666 45.5424 2.49
      vertex 2.16853 45.5556 2.49
      vertex 2.16865 45.5274 2.49
    endloop
  endfacet
  facet normal 0 0 1
    outer loop
      vertex 2.16853 45.5556 2.49
      vertex 2.14894 45.4905 2.49
      vertex 2.16865 45.5274 2.49
    endloop
  endfacet
  facet normal 0 0 1
    outer loop
      vertex 2.07612 45.3827 2.49
      vertex 2.14894 45.4905 2.49
      vertex 2.16853 45.5556 2.49
    endloop
  endfacet
  facet normal 0 0 1
    outer loop
      vertex 2.07612 45.3827 2.49
      vertex 2.08551 45.371 2.49
      vertex 2.08555 45.3712 2.49
    endloop
  endfacet
  facet normal 0 0 1
    outer loop
      vertex 2.08551 45.371 2.49
      vertex 2.07612 45.3827 2.49
      vertex 2.08536 45.3705 2.49
    endloop
  endfacet
  facet normal 0 0 1
    outer loop
      vertex 2.07612 45.3827 2.49
      vertex 2.0846 45.368 2.49
      vertex 2.0849 45.369 2.49
    endloop
  endfacet
  facet normal 0 0 1
    outer loop
      vertex 2.14894 45.4905 2.49
      vertex 2.07612 45.3827 2.49
      vertex 2.0861 45.373 2.49
    endloop
  endfacet
  facet normal 0 0 1
    outer loop
      vertex 2.07612 45.3827 2.49
      vertex 2.08555 45.3712 2.49
      vertex 2.0861 45.373 2.49
    endloop
  endfacet
  facet normal 0 0 1
    outer loop
      vertex 2.08536 45.3705 2.49
      vertex 2.07612 45.3827 2.49
      vertex 2.0849 45.369 2.49
    endloop
  endfacet
  facet normal 0 0 1
    outer loop
      vertex 2.0846 45.368 2.49
      vertex 2.07612 45.3827 2.49
      vertex 2.07701 45.343 2.49
    endloop
  endfacet
  facet normal 0 0 1
    outer loop
      vertex 2.01922 45.1951 2.49
      vertex 2.07701 45.343 2.49
      vertex 2.07612 45.3827 2.49
    endloop
  endfacet
  facet normal 0 0 1
    outer loop
      vertex 2.01922 45.1951 2.49
      vertex 2.02902 45.1836 2.49
      vertex 2.02921 45.1855 2.49
    endloop
  endfacet
  facet normal 0 0 1
    outer loop
      vertex 2.07701 45.343 2.49
      vertex 2.01922 45.1951 2.49
      vertex 2.02921 45.1855 2.49
    endloop
  endfacet
  facet normal 0 0 1
    outer loop
      vertex 2.02902 45.1836 2.49
      vertex 2.01922 45.1951 2.49
      vertex 2.02902 45.1835 2.49
    endloop
  endfacet
  facet normal 0 0 1
    outer loop
      vertex 2.01922 45.1951 2.49
      vertex 2.02894 45.1827 2.49
      vertex 2.02902 45.1835 2.49
    endloop
  endfacet
  facet normal 0 0 1
    outer loop
      vertex 2 45 2.49
      vertex 2.02894 45.1827 2.49
      vertex 2.01922 45.1951 2.49
    endloop
  endfacet
  facet normal 0 0 1
    outer loop
      vertex 2.01 44.9905 2.49
      vertex 2 45 2.49
      vertex 2.01 3.00954 2.49
    endloop
  endfacet
  facet normal 0 0 1
    outer loop
      vertex 2.02894 45.1827 2.49
      vertex 2 45 2.49
      vertex 2.01 44.9905 2.49
    endloop
  endfacet
  facet normal -0 0 1
    outer loop
      vertex 65.99 3.00954 2.49
      vertex 66 3 2.49
      vertex 65.99 44.9905 2.49
    endloop
  endfacet
  facet normal 0 0 1
    outer loop
      vertex 65.9711 2.81729 2.49
      vertex 66 3 2.49
      vertex 65.99 3.00954 2.49
    endloop
  endfacet
  facet normal 0 0 1
    outer loop
      vertex 66 3 2.49
      vertex 65.9711 2.81729 2.49
      vertex 65.9808 2.80491 2.49
    endloop
  endfacet
  facet normal -0 0 1
    outer loop
      vertex 65.971 2.81647 2.49
      vertex 65.9808 2.80491 2.49
      vertex 65.9711 2.81729 2.49
    endloop
  endfacet
  facet normal -0 0 1
    outer loop
      vertex 65.971 2.81641 2.49
      vertex 65.9808 2.80491 2.49
      vertex 65.971 2.81647 2.49
    endloop
  endfacet
  facet normal -0 0 1
    outer loop
      vertex 65.9708 2.81454 2.49
      vertex 65.9808 2.80491 2.49
      vertex 65.971 2.81641 2.49
    endloop
  endfacet
  facet normal 0 0 1
    outer loop
      vertex 65.923 2.65696 2.49
      vertex 65.9808 2.80491 2.49
      vertex 65.9708 2.81454 2.49
    endloop
  endfacet
  facet normal 0 0 1
    outer loop
      vertex 65.9808 2.80491 2.49
      vertex 65.923 2.65696 2.49
      vertex 65.9239 2.61732 2.49
    endloop
  endfacet
  facet normal -0 0 1
    outer loop
      vertex 65.9154 2.63195 2.49
      vertex 65.9239 2.61732 2.49
      vertex 65.923 2.65696 2.49
    endloop
  endfacet
  facet normal -0 0 1
    outer loop
      vertex 65.9151 2.63095 2.49
      vertex 65.9239 2.61732 2.49
      vertex 65.9154 2.63195 2.49
    endloop
  endfacet
  facet normal -0 0 1
    outer loop
      vertex 65.9146 2.62945 2.49
      vertex 65.9239 2.61732 2.49
      vertex 65.9151 2.63095 2.49
    endloop
  endfacet
  facet normal -0 0 1
    outer loop
      vertex 65.9145 2.62895 2.49
      vertex 65.9239 2.61732 2.49
      vertex 65.9146 2.62945 2.49
    endloop
  endfacet
  facet normal -0 0 1
    outer loop
      vertex 65.9145 2.62883 2.49
      vertex 65.9239 2.61732 2.49
      vertex 65.9145 2.62895 2.49
    endloop
  endfacet
  facet normal -0 0 1
    outer loop
      vertex 65.9139 2.62704 2.49
      vertex 65.9239 2.61732 2.49
      vertex 65.9145 2.62883 2.49
    endloop
  endfacet
  facet normal 0 0 1
    outer loop
      vertex 65.8511 2.50947 2.49
      vertex 65.9239 2.61732 2.49
      vertex 65.9139 2.62704 2.49
    endloop
  endfacet
  facet normal -0 0 1
    outer loop
      vertex 65.8511 2.50947 2.49
      vertex 65.8315 2.44443 2.49
      vertex 65.9239 2.61732 2.49
    endloop
  endfacet
  facet normal -0 0 1
    outer loop
      vertex 65.8314 2.47259 2.49
      vertex 65.8315 2.44443 2.49
      vertex 65.8511 2.50947 2.49
    endloop
  endfacet
  facet normal -0 0 1
    outer loop
      vertex 65.8233 2.45761 2.49
      vertex 65.8315 2.44443 2.49
      vertex 65.8314 2.47259 2.49
    endloop
  endfacet
  facet normal -0 0 1
    outer loop
      vertex 65.8224 2.45593 2.49
      vertex 65.8315 2.44443 2.49
      vertex 65.8233 2.45761 2.49
    endloop
  endfacet
  facet normal -0 0 1
    outer loop
      vertex 65.8224 2.45588 2.49
      vertex 65.8315 2.44443 2.49
      vertex 65.8224 2.45593 2.49
    endloop
  endfacet
  facet normal -0 0 1
    outer loop
      vertex 65.8215 2.45423 2.49
      vertex 65.8315 2.44443 2.49
      vertex 65.8224 2.45588 2.49
    endloop
  endfacet
  facet normal 0 0 1
    outer loop
      vertex 65.7 2.30615 2.49
      vertex 65.8315 2.44443 2.49
      vertex 65.8215 2.45423 2.49
    endloop
  endfacet
  facet normal 0 0 1
    outer loop
      vertex 65.8315 2.44443 2.49
      vertex 65.7 2.30615 2.49
      vertex 65.7071 2.29289 2.49
    endloop
  endfacet
  facet normal -0 0 1
    outer loop
      vertex 65.6987 2.30456 2.49
      vertex 65.7071 2.29289 2.49
      vertex 65.7 2.30615 2.49
    endloop
  endfacet
  facet normal -0 0 1
    outer loop
      vertex 65.6984 2.30421 2.49
      vertex 65.7071 2.29289 2.49
      vertex 65.6987 2.30456 2.49
    endloop
  endfacet
  facet normal -0 0 1
    outer loop
      vertex 65.6972 2.30276 2.49
      vertex 65.7071 2.29289 2.49
      vertex 65.6984 2.30421 2.49
    endloop
  endfacet
  facet normal 0 0 1
    outer loop
      vertex 65.6972 2.30276 2.49
      vertex 65.5556 2.16853 2.49
      vertex 65.7071 2.29289 2.49
    endloop
  endfacet
  facet normal -0 0 1
    outer loop
      vertex 65.5474 2.17982 2.49
      vertex 65.5556 2.16853 2.49
      vertex 65.6972 2.30276 2.49
    endloop
  endfacet
  facet normal -0 0 1
    outer loop
      vertex 65.5472 2.17964 2.49
      vertex 65.5556 2.16853 2.49
      vertex 65.5474 2.17982 2.49
    endloop
  endfacet
  facet normal -0 0 1
    outer loop
      vertex 65.5457 2.17845 2.49
      vertex 65.5556 2.16853 2.49
      vertex 65.5472 2.17964 2.49
    endloop
  endfacet
  facet normal 0 0 1
    outer loop
      vertex 65.3839 2.09196 2.49
      vertex 65.5556 2.16853 2.49
      vertex 65.5457 2.17845 2.49
    endloop
  endfacet
  facet normal -0 0 1
    outer loop
      vertex 65.3839 2.09196 2.49
      vertex 65.3827 2.07612 2.49
      vertex 65.5556 2.16853 2.49
    endloop
  endfacet
  facet normal -0 0 1
    outer loop
      vertex 65.375 2.08723 2.49
      vertex 65.3827 2.07612 2.49
      vertex 65.3839 2.09196 2.49
    endloop
  endfacet
  facet normal -0 0 1
    outer loop
      vertex 65.3745 2.08697 2.49
      vertex 65.3827 2.07612 2.49
      vertex 65.375 2.08723 2.49
    endloop
  endfacet
  facet normal -0 0 1
    outer loop
      vertex 65.3729 2.08609 2.49
      vertex 65.3827 2.07612 2.49
      vertex 65.3745 2.08697 2.49
    endloop
  endfacet
  facet normal 0 0 1
    outer loop
      vertex 65.2453 2.04739 2.49
      vertex 65.3827 2.07612 2.49
      vertex 65.3729 2.08609 2.49
    endloop
  endfacet
  facet normal 0 0 1
    outer loop
      vertex 65.1951 2.01922 2.49
      vertex 65.2453 2.04739 2.49
      vertex 65.2053 2.03525 2.49
    endloop
  endfacet
  facet normal -0 0 1
    outer loop
      vertex 65.2453 2.04739 2.49
      vertex 65.1951 2.01922 2.49
      vertex 65.3827 2.07612 2.49
    endloop
  endfacet
  facet normal -0 0 1
    outer loop
      vertex 65.1875 2.02985 2.49
      vertex 65.1951 2.01922 2.49
      vertex 65.2053 2.03525 2.49
    endloop
  endfacet
  facet normal -0 0 1
    outer loop
      vertex 65.1873 2.02979 2.49
      vertex 65.1951 2.01922 2.49
      vertex 65.1875 2.02985 2.49
    endloop
  endfacet
  facet normal -0 0 1
    outer loop
      vertex 65.1872 2.02975 2.49
      vertex 65.1951 2.01922 2.49
      vertex 65.1873 2.02979 2.49
    endloop
  endfacet
  facet normal -0 0 1
    outer loop
      vertex 65.1853 2.02921 2.49
      vertex 65.1951 2.01922 2.49
      vertex 65.1872 2.02975 2.49
    endloop
  endfacet
  facet normal 0 0 1
    outer loop
      vertex 65.0215 2.01306 2.49
      vertex 65.1951 2.01922 2.49
      vertex 65.1853 2.02921 2.49
    endloop
  endfacet
  facet normal 0 0 1
    outer loop
      vertex 65 2 2.49
      vertex 65.0215 2.01306 2.49
      vertex 65.0027 2.01122 2.49
    endloop
  endfacet
  facet normal -0 0 1
    outer loop
      vertex 65.0215 2.01306 2.49
      vertex 65 2 2.49
      vertex 65.1951 2.01922 2.49
    endloop
  endfacet
  facet normal -0 0 1
    outer loop
      vertex 64.9923 2.01019 2.49
      vertex 65 2 2.49
      vertex 65.0027 2.01122 2.49
    endloop
  endfacet
  facet normal -0 0 1
    outer loop
      vertex 64.9922 2.01018 2.49
      vertex 65 2 2.49
      vertex 64.9923 2.01019 2.49
    endloop
  endfacet
  facet normal -0 0 1
    outer loop
      vertex 64.9903 2.01 2.49
      vertex 65 2 2.49
      vertex 64.9922 2.01018 2.49
    endloop
  endfacet
  facet normal -0 0 1
    outer loop
      vertex 3.00969 2.01 2.49
      vertex 65 2 2.49
      vertex 64.9903 2.01 2.49
    endloop
  endfacet
  facet normal 0 0 1
    outer loop
      vertex 3.00969 2.01 2.49
      vertex 3 2 2.49
      vertex 65 2 2.49
    endloop
  endfacet
  facet normal 0 0 1
    outer loop
      vertex 3.0078 2.01018 2.49
      vertex 3 2 2.49
      vertex 3.00969 2.01 2.49
    endloop
  endfacet
  facet normal 0 0 1
    outer loop
      vertex 3.00773 2.01019 2.49
      vertex 3 2 2.49
      vertex 3.0078 2.01018 2.49
    endloop
  endfacet
  facet normal 0 0 1
    outer loop
      vertex 2.99726 2.01122 2.49
      vertex 3 2 2.49
      vertex 3.00773 2.01019 2.49
    endloop
  endfacet
  facet normal 0 0 1
    outer loop
      vertex 2.97854 2.01306 2.49
      vertex 3 2 2.49
      vertex 2.99726 2.01122 2.49
    endloop
  endfacet
  facet normal -0 0 1
    outer loop
      vertex 2.80491 2.01922 2.49
      vertex 2.97854 2.01306 2.49
      vertex 2.81466 2.02921 2.49
    endloop
  endfacet
  facet normal 0 0 1
    outer loop
      vertex 2.80491 2.01922 2.49
      vertex 2.81272 2.02979 2.49
      vertex 2.81249 2.02985 2.49
    endloop
  endfacet
  facet normal 0 0 1
    outer loop
      vertex 2.97854 2.01306 2.49
      vertex 2.80491 2.01922 2.49
      vertex 3 2 2.49
    endloop
  endfacet
  facet normal 0 0 1
    outer loop
      vertex 2.81284 2.02975 2.49
      vertex 2.80491 2.01922 2.49
      vertex 2.81466 2.02921 2.49
    endloop
  endfacet
  facet normal 0 0 1
    outer loop
      vertex 2.81272 2.02979 2.49
      vertex 2.80491 2.01922 2.49
      vertex 2.81284 2.02975 2.49
    endloop
  endfacet
  facet normal 0 0 1
    outer loop
      vertex 2.79471 2.03525 2.49
      vertex 2.80491 2.01922 2.49
      vertex 2.81249 2.02985 2.49
    endloop
  endfacet
  facet normal 0 0 1
    outer loop
      vertex 2.75469 2.04739 2.49
      vertex 2.80491 2.01922 2.49
      vertex 2.79471 2.03525 2.49
    endloop
  endfacet
  facet normal -0 0 1
    outer loop
      vertex 2.61732 2.07612 2.49
      vertex 2.75469 2.04739 2.49
      vertex 2.62712 2.08609 2.49
    endloop
  endfacet
  facet normal 0 0 1
    outer loop
      vertex 2.75469 2.04739 2.49
      vertex 2.61732 2.07612 2.49
      vertex 2.80491 2.01922 2.49
    endloop
  endfacet
  facet normal 0 0 1
    outer loop
      vertex 2.62545 2.08697 2.49
      vertex 2.61732 2.07612 2.49
      vertex 2.62712 2.08609 2.49
    endloop
  endfacet
  facet normal 0 0 1
    outer loop
      vertex 2.62496 2.08723 2.49
      vertex 2.61732 2.07612 2.49
      vertex 2.62545 2.08697 2.49
    endloop
  endfacet
  facet normal 0 0 1
    outer loop
      vertex 2.61611 2.09196 2.49
      vertex 2.61732 2.07612 2.49
      vertex 2.62496 2.08723 2.49
    endloop
  endfacet
  facet normal -0 0 1
    outer loop
      vertex 2.44443 2.16853 2.49
      vertex 2.61611 2.09196 2.49
      vertex 2.45429 2.17845 2.49
    endloop
  endfacet
  facet normal 0 0 1
    outer loop
      vertex 2.61611 2.09196 2.49
      vertex 2.44443 2.16853 2.49
      vertex 2.61732 2.07612 2.49
    endloop
  endfacet
  facet normal 0 0 1
    outer loop
      vertex 2.45282 2.17964 2.49
      vertex 2.44443 2.16853 2.49
      vertex 2.45429 2.17845 2.49
    endloop
  endfacet
  facet normal 0 0 1
    outer loop
      vertex 2.45261 2.17982 2.49
      vertex 2.44443 2.16853 2.49
      vertex 2.45282 2.17964 2.49
    endloop
  endfacet
  facet normal 0 0 1
    outer loop
      vertex 2.3028 2.30276 2.49
      vertex 2.44443 2.16853 2.49
      vertex 2.45261 2.17982 2.49
    endloop
  endfacet
  facet normal 0 0 1
    outer loop
      vertex 2.29289 2.29289 2.49
      vertex 2.30131 2.30456 2.49
      vertex 2.3 2.30615 2.49
    endloop
  endfacet
  facet normal 0 0 1
    outer loop
      vertex 2.3028 2.30276 2.49
      vertex 2.29289 2.29289 2.49
      vertex 2.44443 2.16853 2.49
    endloop
  endfacet
  facet normal 0 0 1
    outer loop
      vertex 2.3016 2.30421 2.49
      vertex 2.29289 2.29289 2.49
      vertex 2.3028 2.30276 2.49
    endloop
  endfacet
  facet normal 0 0 1
    outer loop
      vertex 2.30131 2.30456 2.49
      vertex 2.29289 2.29289 2.49
      vertex 2.3016 2.30421 2.49
    endloop
  endfacet
  facet normal -0 0 1
    outer loop
      vertex 2.16853 2.44443 2.49
      vertex 2.3 2.30615 2.49
      vertex 2.17848 2.45423 2.49
    endloop
  endfacet
  facet normal 0 0 1
    outer loop
      vertex 2.16853 2.44443 2.49
      vertex 2.17755 2.45593 2.49
      vertex 2.17666 2.45761 2.49
    endloop
  endfacet
  facet normal 0 0 1
    outer loop
      vertex 2.3 2.30615 2.49
      vertex 2.16853 2.44443 2.49
      vertex 2.29289 2.29289 2.49
    endloop
  endfacet
  facet normal 0 0 1
    outer loop
      vertex 2.17758 2.45588 2.49
      vertex 2.16853 2.44443 2.49
      vertex 2.17848 2.45423 2.49
    endloop
  endfacet
  facet normal 0 0 1
    outer loop
      vertex 2.17755 2.45593 2.49
      vertex 2.16853 2.44443 2.49
      vertex 2.17758 2.45588 2.49
    endloop
  endfacet
  facet normal 0 0 1
    outer loop
      vertex 2.16865 2.47259 2.49
      vertex 2.16853 2.44443 2.49
      vertex 2.17666 2.45761 2.49
    endloop
  endfacet
  facet normal 0 0 1
    outer loop
      vertex 2.14894 2.50947 2.49
      vertex 2.16853 2.44443 2.49
      vertex 2.16865 2.47259 2.49
    endloop
  endfacet
  facet normal -0 0 1
    outer loop
      vertex 2.07612 2.61732 2.49
      vertex 2.14894 2.50947 2.49
      vertex 2.0861 2.62704 2.49
    endloop
  endfacet
  facet normal 0 0 1
    outer loop
      vertex 2.07612 2.61732 2.49
      vertex 2.08551 2.62895 2.49
      vertex 2.08536 2.62945 2.49
    endloop
  endfacet
  facet normal 0 0 1
    outer loop
      vertex 2.07612 2.61732 2.49
      vertex 2.08536 2.62945 2.49
      vertex 2.0849 2.63095 2.49
    endloop
  endfacet
  facet normal 0 0 1
    outer loop
      vertex 2.07612 2.61732 2.49
      vertex 2.0849 2.63095 2.49
      vertex 2.0846 2.63195 2.49
    endloop
  endfacet
  facet normal 0 0 1
    outer loop
      vertex 2.14894 2.50947 2.49
      vertex 2.07612 2.61732 2.49
      vertex 2.16853 2.44443 2.49
    endloop
  endfacet
  facet normal 0 0 1
    outer loop
      vertex 2.08555 2.62883 2.49
      vertex 2.07612 2.61732 2.49
      vertex 2.0861 2.62704 2.49
    endloop
  endfacet
  facet normal 0 0 1
    outer loop
      vertex 2.08551 2.62895 2.49
      vertex 2.07612 2.61732 2.49
      vertex 2.08555 2.62883 2.49
    endloop
  endfacet
  facet normal 0 0 1
    outer loop
      vertex 2.07701 2.65696 2.49
      vertex 2.07612 2.61732 2.49
      vertex 2.0846 2.63195 2.49
    endloop
  endfacet
  facet normal -0 0 1
    outer loop
      vertex 2.01922 2.80491 2.49
      vertex 2.07701 2.65696 2.49
      vertex 2.02921 2.81454 2.49
    endloop
  endfacet
  facet normal 0 0 1
    outer loop
      vertex 2.07701 2.65696 2.49
      vertex 2.01922 2.80491 2.49
      vertex 2.07612 2.61732 2.49
    endloop
  endfacet
  facet normal 0 0 1
    outer loop
      vertex 2.02902 2.81641 2.49
      vertex 2.01922 2.80491 2.49
      vertex 2.02921 2.81454 2.49
    endloop
  endfacet
  facet normal 0 0 1
    outer loop
      vertex 2.02902 2.81647 2.49
      vertex 2.01922 2.80491 2.49
      vertex 2.02902 2.81641 2.49
    endloop
  endfacet
  facet normal 0 0 1
    outer loop
      vertex 2.02894 2.81729 2.49
      vertex 2.01922 2.80491 2.49
      vertex 2.02902 2.81647 2.49
    endloop
  endfacet
  facet normal -0 0 1
    outer loop
      vertex 2 3 2.49
      vertex 2.02894 2.81729 2.49
      vertex 2.01 3.00954 2.49
    endloop
  endfacet
  facet normal 0 0 1
    outer loop
      vertex 2.02894 2.81729 2.49
      vertex 2 3 2.49
      vertex 2.01922 2.80491 2.49
    endloop
  endfacet
  facet normal 0 0 1
    outer loop
      vertex 2 3 2.49
      vertex 2.01 3.00954 2.49
      vertex 2 45 2.49
    endloop
  endfacet
  facet normal 0.471351 -0.881946 0
    outer loop
      vertex 2.44443 45.8315 2.49
      vertex 2.61732 45.9239 11.5
      vertex 2.44443 45.8315 11.5
    endloop
  endfacet
  facet normal 0.471351 -0.881946 0
    outer loop
      vertex 2.61732 45.9239 11.5
      vertex 2.44443 45.8315 2.49
      vertex 2.61732 45.9239 2.49
    endloop
  endfacet
  facet normal -0.995193 -0.097938 0
    outer loop
      vertex 66 45 2.49
      vertex 65.9808 45.1951 11.5
      vertex 65.9808 45.1951 2.49
    endloop
  endfacet
  facet normal -0.995193 -0.097938 0
    outer loop
      vertex 65.9808 45.1951 11.5
      vertex 66 45 2.49
      vertex 66 45 11.5
    endloop
  endfacet
  facet normal 0.881936 -0.471369 0
    outer loop
      vertex 2.07612 45.3827 11.5
      vertex 2.16853 45.5556 2.49
      vertex 2.16853 45.5556 11.5
    endloop
  endfacet
  facet normal 0.881936 -0.471369 0
    outer loop
      vertex 2.16853 45.5556 2.49
      vertex 2.07612 45.3827 11.5
      vertex 2.07612 45.3827 2.49
    endloop
  endfacet
  facet normal -0.956951 -0.290248 0
    outer loop
      vertex 65.9808 45.1951 2.49
      vertex 65.9239 45.3827 11.5
      vertex 65.9239 45.3827 2.49
    endloop
  endfacet
  facet normal -0.956951 -0.290248 0
    outer loop
      vertex 65.9239 45.3827 11.5
      vertex 65.9808 45.1951 2.49
      vertex 65.9808 45.1951 11.5
    endloop
  endfacet
  facet normal -0.634598 -0.772842 0
    outer loop
      vertex 65.5556 45.8315 2.49
      vertex 65.7071 45.7071 11.5
      vertex 65.5556 45.8315 11.5
    endloop
  endfacet
  facet normal -0.634598 -0.772842 -0
    outer loop
      vertex 65.7071 45.7071 11.5
      vertex 65.5556 45.8315 2.49
      vertex 65.7071 45.7071 2.49
    endloop
  endfacet
  facet normal 0.956951 -0.290248 0
    outer loop
      vertex 2.01922 45.1951 11.5
      vertex 2.07612 45.3827 2.49
      vertex 2.07612 45.3827 11.5
    endloop
  endfacet
  facet normal 0.956951 -0.290248 0
    outer loop
      vertex 2.07612 45.3827 2.49
      vertex 2.01922 45.1951 11.5
      vertex 2.01922 45.1951 2.49
    endloop
  endfacet
  facet normal 0.995183 -0.098039 0
    outer loop
      vertex 2 45 11.5
      vertex 2.01922 45.1951 2.49
      vertex 2.01922 45.1951 11.5
    endloop
  endfacet
  facet normal 0.995183 -0.098039 0
    outer loop
      vertex 2.01922 45.1951 2.49
      vertex 2 45 11.5
      vertex 2 45 2.49
    endloop
  endfacet
  facet normal -0.290248 -0.956951 0
    outer loop
      vertex 65.1951 45.9808 2.49
      vertex 65.3827 45.9239 11.5
      vertex 65.1951 45.9808 11.5
    endloop
  endfacet
  facet normal -0.290248 -0.956951 -0
    outer loop
      vertex 65.3827 45.9239 11.5
      vertex 65.1951 45.9808 2.49
      vertex 65.3827 45.9239 2.49
    endloop
  endfacet
  facet normal -0.290248 0.956951 0
    outer loop
      vertex 65.3827 2.07612 2.49
      vertex 65.1951 2.01922 11.5
      vertex 65.3827 2.07612 11.5
    endloop
  endfacet
  facet normal -0.290248 0.956951 0
    outer loop
      vertex 65.1951 2.01922 11.5
      vertex 65.3827 2.07612 2.49
      vertex 65.1951 2.01922 2.49
    endloop
  endfacet
  facet normal 0.773025 0.634376 0
    outer loop
      vertex 2.29289 2.29289 11.5
      vertex 2.16853 2.44443 2.49
      vertex 2.16853 2.44443 11.5
    endloop
  endfacet
  facet normal 0.773025 0.634376 0
    outer loop
      vertex 2.16853 2.44443 2.49
      vertex 2.29289 2.29289 11.5
      vertex 2.29289 2.29289 2.49
    endloop
  endfacet
  facet normal 0.47139 0.881925 -0
    outer loop
      vertex 2.61732 2.07612 2.49
      vertex 2.44443 2.16853 11.5
      vertex 2.61732 2.07612 11.5
    endloop
  endfacet
  facet normal 0.47139 0.881925 0
    outer loop
      vertex 2.44443 2.16853 11.5
      vertex 2.61732 2.07612 2.49
      vertex 2.44443 2.16853 2.49
    endloop
  endfacet
  facet normal -0.097938 -0.995193 0
    outer loop
      vertex 65 46 2.49
      vertex 65.1951 45.9808 11.5
      vertex 65 46 11.5
    endloop
  endfacet
  facet normal -0.097938 -0.995193 -0
    outer loop
      vertex 65.1951 45.9808 11.5
      vertex 65 46 2.49
      vertex 65.1951 45.9808 2.49
    endloop
  endfacet
  facet normal 0.0979429 -0.995192 0
    outer loop
      vertex 2.80491 45.9808 2.49
      vertex 3 46 11.5
      vertex 2.80491 45.9808 11.5
    endloop
  endfacet
  facet normal 0.0979429 -0.995192 0
    outer loop
      vertex 3 46 11.5
      vertex 2.80491 45.9808 2.49
      vertex 3 46 2.49
    endloop
  endfacet
  facet normal 0.098044 0.995182 -0
    outer loop
      vertex 3 2 2.49
      vertex 2.80491 2.01922 11.5
      vertex 3 2 11.5
    endloop
  endfacet
  facet normal 0.098044 0.995182 0
    outer loop
      vertex 2.80491 2.01922 11.5
      vertex 3 2 2.49
      vertex 2.80491 2.01922 2.49
    endloop
  endfacet
  facet normal -0.881946 0.471351 0
    outer loop
      vertex 65.8315 2.44443 2.49
      vertex 65.9239 2.61732 11.5
      vertex 65.9239 2.61732 2.49
    endloop
  endfacet
  facet normal -0.881946 0.471351 0
    outer loop
      vertex 65.9239 2.61732 11.5
      vertex 65.8315 2.44443 2.49
      vertex 65.8315 2.44443 11.5
    endloop
  endfacet
  facet normal 0.290262 0.956947 -0
    outer loop
      vertex 2.80491 2.01922 2.49
      vertex 2.61732 2.07612 11.5
      vertex 2.80491 2.01922 11.5
    endloop
  endfacet
  facet normal 0.290262 0.956947 0
    outer loop
      vertex 2.61732 2.07612 11.5
      vertex 2.80491 2.01922 2.49
      vertex 2.61732 2.07612 2.49
    endloop
  endfacet
  facet normal -0.995192 0.0979429 0
    outer loop
      vertex 65.9808 2.80491 2.49
      vertex 66 3 11.5
      vertex 66 3 2.49
    endloop
  endfacet
  facet normal -0.995192 0.0979429 0
    outer loop
      vertex 66 3 11.5
      vertex 65.9808 2.80491 2.49
      vertex 65.9808 2.80491 11.5
    endloop
  endfacet
  facet normal 0.881925 0.47139 0
    outer loop
      vertex 2.16853 2.44443 11.5
      vertex 2.07612 2.61732 2.49
      vertex 2.07612 2.61732 11.5
    endloop
  endfacet
  facet normal 0.881925 0.47139 0
    outer loop
      vertex 2.07612 2.61732 2.49
      vertex 2.16853 2.44443 11.5
      vertex 2.16853 2.44443 2.49
    endloop
  endfacet
  facet normal -0 0 1
    outer loop
      vertex 66.8625 45.3304 6.5
      vertex 68 45 6.5
      vertex 67.9424 45.5853 6.5
    endloop
  endfacet
  facet normal 0 0 1
    outer loop
      vertex 68 45 6.5
      vertex 66.9 44.95 6.5
      vertex 68 3 6.5
    endloop
  endfacet
  facet normal -0 0 1
    outer loop
      vertex 66.7516 45.6962 6.5
      vertex 67.9424 45.5853 6.5
      vertex 67.7716 46.148 6.5
    endloop
  endfacet
  facet normal -0 0 1
    outer loop
      vertex 66.9 3.05 6.5
      vertex 68 3 6.5
      vertex 66.9 44.95 6.5
    endloop
  endfacet
  facet normal 0 0 1
    outer loop
      vertex 66.5714 46.0334 6.5
      vertex 67.7716 46.148 6.5
      vertex 67.4944 46.6667 6.5
    endloop
  endfacet
  facet normal 0 0 1
    outer loop
      vertex 66.8625 2.66957 6.5
      vertex 68 3 6.5
      vertex 66.9 3.05 6.5
    endloop
  endfacet
  facet normal 0 0 1
    outer loop
      vertex 66.3289 46.3289 6.5
      vertex 67.4944 46.6667 6.5
      vertex 67.1213 47.1213 6.5
    endloop
  endfacet
  facet normal 0 0 1
    outer loop
      vertex 68 3 6.5
      vertex 66.8625 2.66957 6.5
      vertex 67.9424 2.41473 6.5
    endloop
  endfacet
  facet normal 0 0 1
    outer loop
      vertex 66.7516 2.30377 6.5
      vertex 67.9424 2.41473 6.5
      vertex 66.8625 2.66957 6.5
    endloop
  endfacet
  facet normal 0 0 1
    outer loop
      vertex 68 45 6.5
      vertex 66.8625 45.3304 6.5
      vertex 66.9 44.95 6.5
    endloop
  endfacet
  facet normal 0 0 1
    outer loop
      vertex 67.9424 45.5853 6.5
      vertex 66.7516 45.6962 6.5
      vertex 66.8625 45.3304 6.5
    endloop
  endfacet
  facet normal 0 0 1
    outer loop
      vertex 66.3289 46.3289 6.5
      vertex 67.1213 47.1213 6.5
      vertex 66.6667 47.4944 6.5
    endloop
  endfacet
  facet normal 0 0 1
    outer loop
      vertex 67.7716 46.148 6.5
      vertex 66.5714 46.0334 6.5
      vertex 66.7516 45.6962 6.5
    endloop
  endfacet
  facet normal 0 0 1
    outer loop
      vertex 67.4944 46.6667 6.5
      vertex 66.3289 46.3289 6.5
      vertex 66.5714 46.0334 6.5
    endloop
  endfacet
  facet normal 0 0 1
    outer loop
      vertex 66.0334 46.5714 6.5
      vertex 66.6667 47.4944 6.5
      vertex 66.148 47.7716 6.5
    endloop
  endfacet
  facet normal 0 0 1
    outer loop
      vertex 66.6667 47.4944 6.5
      vertex 66.0334 46.5714 6.5
      vertex 66.3289 46.3289 6.5
    endloop
  endfacet
  facet normal 0 0 1
    outer loop
      vertex 66.148 47.7716 6.5
      vertex 65.6962 46.7516 6.5
      vertex 66.0334 46.5714 6.5
    endloop
  endfacet
  facet normal 0 0 1
    outer loop
      vertex 65.5853 47.9424 6.5
      vertex 65.6962 46.7516 6.5
      vertex 66.148 47.7716 6.5
    endloop
  endfacet
  facet normal 0 0 1
    outer loop
      vertex 65.5853 47.9424 6.5
      vertex 65.3304 46.8625 6.5
      vertex 65.6962 46.7516 6.5
    endloop
  endfacet
  facet normal 0 0 1
    outer loop
      vertex 65 48 6.5
      vertex 65.3304 46.8625 6.5
      vertex 65.5853 47.9424 6.5
    endloop
  endfacet
  facet normal 0 0 1
    outer loop
      vertex 65 48 6.5
      vertex 64.95 46.9 6.5
      vertex 65.3304 46.8625 6.5
    endloop
  endfacet
  facet normal 0 0 1
    outer loop
      vertex 65 48 6.5
      vertex 3.05 46.9 6.5
      vertex 64.95 46.9 6.5
    endloop
  endfacet
  facet normal -0 0 1
    outer loop
      vertex 3 48 6.5
      vertex 3.05 46.9 6.5
      vertex 65 48 6.5
    endloop
  endfacet
  facet normal 0 0 1
    outer loop
      vertex 3 48 6.5
      vertex 2.66957 46.8625 6.5
      vertex 3.05 46.9 6.5
    endloop
  endfacet
  facet normal -0 0 1
    outer loop
      vertex 2.41473 47.9424 6.5
      vertex 2.66957 46.8625 6.5
      vertex 3 48 6.5
    endloop
  endfacet
  facet normal 0 0 1
    outer loop
      vertex 2.41473 47.9424 6.5
      vertex 2.30377 46.7516 6.5
      vertex 2.66957 46.8625 6.5
    endloop
  endfacet
  facet normal -0 0 1
    outer loop
      vertex 1.85195 47.7716 6.5
      vertex 2.30377 46.7516 6.5
      vertex 2.41473 47.9424 6.5
    endloop
  endfacet
  facet normal 0 0 1
    outer loop
      vertex 2.30377 46.7516 6.5
      vertex 1.85195 47.7716 6.5
      vertex 1.96664 46.5714 6.5
    endloop
  endfacet
  facet normal -0 0 1
    outer loop
      vertex 1.33329 47.4944 6.5
      vertex 1.96664 46.5714 6.5
      vertex 1.85195 47.7716 6.5
    endloop
  endfacet
  facet normal 0 0 1
    outer loop
      vertex 1.96664 46.5714 6.5
      vertex 1.33329 47.4944 6.5
      vertex 1.67114 46.3289 6.5
    endloop
  endfacet
  facet normal -0 0 1
    outer loop
      vertex 0.87868 47.1213 6.5
      vertex 1.67114 46.3289 6.5
      vertex 1.33329 47.4944 6.5
    endloop
  endfacet
  facet normal -0 0 1
    outer loop
      vertex 0.505591 46.6667 6.5
      vertex 1.67114 46.3289 6.5
      vertex 0.87868 47.1213 6.5
    endloop
  endfacet
  facet normal 0 0 1
    outer loop
      vertex 1.67114 46.3289 6.5
      vertex 0.505591 46.6667 6.5
      vertex 1.42863 46.0334 6.5
    endloop
  endfacet
  facet normal -0 0 1
    outer loop
      vertex 0.228362 46.148 6.5
      vertex 1.42863 46.0334 6.5
      vertex 0.505591 46.6667 6.5
    endloop
  endfacet
  facet normal 0 0 1
    outer loop
      vertex 0.0576448 45.5853 6.5
      vertex 1.24844 45.6962 6.5
      vertex 0.228362 46.148 6.5
    endloop
  endfacet
  facet normal 0 0 1
    outer loop
      vertex 1.42863 46.0334 6.5
      vertex 0.228362 46.148 6.5
      vertex 1.24844 45.6962 6.5
    endloop
  endfacet
  facet normal 0 0 1
    outer loop
      vertex 67.9424 2.41473 6.5
      vertex 66.7516 2.30377 6.5
      vertex 67.7716 1.85195 6.5
    endloop
  endfacet
  facet normal -0 0 1
    outer loop
      vertex 66.5714 1.96664 6.5
      vertex 67.7716 1.85195 6.5
      vertex 66.7516 2.30377 6.5
    endloop
  endfacet
  facet normal 0 0 1
    outer loop
      vertex 67.7716 1.85195 6.5
      vertex 66.5714 1.96664 6.5
      vertex 67.4944 1.33329 6.5
    endloop
  endfacet
  facet normal -0 0 1
    outer loop
      vertex 66.3289 1.67114 6.5
      vertex 67.4944 1.33329 6.5
      vertex 66.5714 1.96664 6.5
    endloop
  endfacet
  facet normal 0 0 1
    outer loop
      vertex 67.4944 1.33329 6.5
      vertex 66.3289 1.67114 6.5
      vertex 67.1213 0.87868 6.5
    endloop
  endfacet
  facet normal 0 0 1
    outer loop
      vertex 67.1213 0.87868 6.5
      vertex 66.3289 1.67114 6.5
      vertex 66.6667 0.505591 6.5
    endloop
  endfacet
  facet normal -0 0 1
    outer loop
      vertex 66.0334 1.42863 6.5
      vertex 66.6667 0.505591 6.5
      vertex 66.3289 1.67114 6.5
    endloop
  endfacet
  facet normal 0 0 1
    outer loop
      vertex 66.6667 0.505591 6.5
      vertex 66.0334 1.42863 6.5
      vertex 66.148 0.228362 6.5
    endloop
  endfacet
  facet normal -0 0 1
    outer loop
      vertex 65.6962 1.24844 6.5
      vertex 66.148 0.228362 6.5
      vertex 66.0334 1.42863 6.5
    endloop
  endfacet
  facet normal 0 0 1
    outer loop
      vertex 65.6962 1.24844 6.5
      vertex 65.5853 0.0576448 6.5
      vertex 66.148 0.228362 6.5
    endloop
  endfacet
  facet normal -0 0 1
    outer loop
      vertex 65.3304 1.13747 6.5
      vertex 65.5853 0.0576448 6.5
      vertex 65.6962 1.24844 6.5
    endloop
  endfacet
  facet normal 0 0 1
    outer loop
      vertex 65.3304 1.13747 6.5
      vertex 65 0 6.5
      vertex 65.5853 0.0576448 6.5
    endloop
  endfacet
  facet normal -0 0 1
    outer loop
      vertex 64.95 1.1 6.5
      vertex 65 0 6.5
      vertex 65.3304 1.13747 6.5
    endloop
  endfacet
  facet normal -0 0 1
    outer loop
      vertex 3.05 1.1 6.5
      vertex 65 0 6.5
      vertex 64.95 1.1 6.5
    endloop
  endfacet
  facet normal 0 0 1
    outer loop
      vertex 3.05 1.1 6.5
      vertex 3 0 6.5
      vertex 65 0 6.5
    endloop
  endfacet
  facet normal 0 0 1
    outer loop
      vertex 2.66957 1.13747 6.5
      vertex 3 0 6.5
      vertex 3.05 1.1 6.5
    endloop
  endfacet
  facet normal 0 0 1
    outer loop
      vertex 2.66957 1.13747 6.5
      vertex 2.41473 0.0576448 6.5
      vertex 3 0 6.5
    endloop
  endfacet
  facet normal 0 0 1
    outer loop
      vertex 2.30377 1.24844 6.5
      vertex 2.41473 0.0576448 6.5
      vertex 2.66957 1.13747 6.5
    endloop
  endfacet
  facet normal 0 0 1
    outer loop
      vertex 1.85195 0.228362 6.5
      vertex 2.30377 1.24844 6.5
      vertex 1.96664 1.42863 6.5
    endloop
  endfacet
  facet normal 0 0 1
    outer loop
      vertex 2.30377 1.24844 6.5
      vertex 1.85195 0.228362 6.5
      vertex 2.41473 0.0576448 6.5
    endloop
  endfacet
  facet normal 0 0 1
    outer loop
      vertex 1.33329 0.505591 6.5
      vertex 1.96664 1.42863 6.5
      vertex 1.67114 1.67114 6.5
    endloop
  endfacet
  facet normal 0 0 1
    outer loop
      vertex 0.505591 1.33329 6.5
      vertex 1.67114 1.67114 6.5
      vertex 1.42863 1.96664 6.5
    endloop
  endfacet
  facet normal 0 0 1
    outer loop
      vertex 1.96664 1.42863 6.5
      vertex 1.33329 0.505591 6.5
      vertex 1.85195 0.228362 6.5
    endloop
  endfacet
  facet normal 0 0 1
    outer loop
      vertex 0.228362 1.85195 6.5
      vertex 1.42863 1.96664 6.5
      vertex 1.24844 2.30377 6.5
    endloop
  endfacet
  facet normal -0 0 1
    outer loop
      vertex 0.0576448 2.41473 6.5
      vertex 1.24844 2.30377 6.5
      vertex 1.13747 2.66957 6.5
    endloop
  endfacet
  facet normal -0 0 1
    outer loop
      vertex 0 3 6.5
      vertex 1.13747 2.66957 6.5
      vertex 1.1 3.05 6.5
    endloop
  endfacet
  facet normal 0 0 1
    outer loop
      vertex 1.67114 1.67114 6.5
      vertex 0.87868 0.87868 6.5
      vertex 1.33329 0.505591 6.5
    endloop
  endfacet
  facet normal 0 0 1
    outer loop
      vertex 1.1 44.95 6.5
      vertex 0 45 6.5
      vertex 1.1 3.05 6.5
    endloop
  endfacet
  facet normal 0 0 1
    outer loop
      vertex 1.24844 45.6962 6.5
      vertex 0.0576448 45.5853 6.5
      vertex 1.13747 45.3304 6.5
    endloop
  endfacet
  facet normal 0 0 1
    outer loop
      vertex 0 3 6.5
      vertex 1.1 3.05 6.5
      vertex 0 45 6.5
    endloop
  endfacet
  facet normal 0 0 1
    outer loop
      vertex 0 45 6.5
      vertex 1.13747 45.3304 6.5
      vertex 0.0576448 45.5853 6.5
    endloop
  endfacet
  facet normal 0 0 1
    outer loop
      vertex 1.13747 2.66957 6.5
      vertex 0 3 6.5
      vertex 0.0576448 2.41473 6.5
    endloop
  endfacet
  facet normal 0 0 1
    outer loop
      vertex 1.13747 45.3304 6.5
      vertex 0 45 6.5
      vertex 1.1 44.95 6.5
    endloop
  endfacet
  facet normal 0 0 1
    outer loop
      vertex 1.67114 1.67114 6.5
      vertex 0.505591 1.33329 6.5
      vertex 0.87868 0.87868 6.5
    endloop
  endfacet
  facet normal 0 0 1
    outer loop
      vertex 1.42863 1.96664 6.5
      vertex 0.228362 1.85195 6.5
      vertex 0.505591 1.33329 6.5
    endloop
  endfacet
  facet normal 0 0 1
    outer loop
      vertex 1.24844 2.30377 6.5
      vertex 0.0576448 2.41473 6.5
      vertex 0.228362 1.85195 6.5
    endloop
  endfacet
  facet normal 0.881921 -0.471397 0
    outer loop
      vertex 66.5714 1.96664 11.5
      vertex 66.7516 2.30377 6.5
      vertex 66.7516 2.30377 11.5
    endloop
  endfacet
  facet normal 0.881921 -0.471397 0
    outer loop
      vertex 66.7516 2.30377 6.5
      vertex 66.5714 1.96664 11.5
      vertex 66.5714 1.96664 6.5
    endloop
  endfacet
  facet normal -0.956936 -0.290299 0
    outer loop
      vertex 1.24844 2.30377 6.5
      vertex 1.13747 2.66957 11.5
      vertex 1.13747 2.66957 6.5
    endloop
  endfacet
  facet normal -0.956936 -0.290299 0
    outer loop
      vertex 1.13747 2.66957 11.5
      vertex 1.24844 2.30377 6.5
      vertex 1.24844 2.30377 11.5
    endloop
  endfacet
  facet normal -0.956936 0.290299 0
    outer loop
      vertex 1.13747 45.3304 6.5
      vertex 1.24844 45.6962 11.5
      vertex 1.24844 45.6962 6.5
    endloop
  endfacet
  facet normal -0.956936 0.290299 0
    outer loop
      vertex 1.24844 45.6962 11.5
      vertex 1.13747 45.3304 6.5
      vertex 1.13747 45.3304 11.5
    endloop
  endfacet
  facet normal -0.995184 -0.0980195 0
    outer loop
      vertex 1.13747 2.66957 6.5
      vertex 1.1 3.05 11.5
      vertex 1.1 3.05 6.5
    endloop
  endfacet
  facet normal -0.995184 -0.0980195 0
    outer loop
      vertex 1.1 3.05 11.5
      vertex 1.13747 2.66957 6.5
      vertex 1.13747 2.66957 11.5
    endloop
  endfacet
  facet normal 0.290299 -0.956936 0
    outer loop
      vertex 65.3304 1.13747 6.5
      vertex 65.6962 1.24844 11.5
      vertex 65.3304 1.13747 11.5
    endloop
  endfacet
  facet normal 0.290299 -0.956936 0
    outer loop
      vertex 65.6962 1.24844 11.5
      vertex 65.3304 1.13747 6.5
      vertex 65.6962 1.24844 6.5
    endloop
  endfacet
  facet normal 1 -0 0
    outer loop
      vertex 66.9 3.05 11.5
      vertex 66.9 44.95 6.5
      vertex 66.9 44.95 11.5
    endloop
  endfacet
  facet normal 1 0 0
    outer loop
      vertex 66.9 44.95 6.5
      vertex 66.9 3.05 11.5
      vertex 66.9 3.05 6.5
    endloop
  endfacet
  facet normal 0 1 -0
    outer loop
      vertex 64.95 46.9 6.5
      vertex 3.05 46.9 11.5
      vertex 64.95 46.9 11.5
    endloop
  endfacet
  facet normal 0 1 0
    outer loop
      vertex 3.05 46.9 11.5
      vertex 64.95 46.9 6.5
      vertex 3.05 46.9 6.5
    endloop
  endfacet
  facet normal 0.634392 -0.773011 0
    outer loop
      vertex 66.0334 1.42863 6.5
      vertex 66.3289 1.67114 11.5
      vertex 66.0334 1.42863 11.5
    endloop
  endfacet
  facet normal 0.634392 -0.773011 0
    outer loop
      vertex 66.3289 1.67114 11.5
      vertex 66.0334 1.42863 6.5
      vertex 66.3289 1.67114 6.5
    endloop
  endfacet
  facet normal -1 0 0
    outer loop
      vertex 1.1 3.05 6.5
      vertex 1.1 44.95 11.5
      vertex 1.1 44.95 6.5
    endloop
  endfacet
  facet normal -1 -0 0
    outer loop
      vertex 1.1 44.95 11.5
      vertex 1.1 3.05 6.5
      vertex 1.1 3.05 11.5
    endloop
  endfacet
  facet normal -0.634377 0.773024 0
    outer loop
      vertex 1.96664 46.5714 6.5
      vertex 1.67114 46.3289 11.5
      vertex 1.96664 46.5714 11.5
    endloop
  endfacet
  facet normal -0.634377 0.773024 0
    outer loop
      vertex 1.67114 46.3289 11.5
      vertex 1.96664 46.5714 6.5
      vertex 1.67114 46.3289 6.5
    endloop
  endfacet
  facet normal 0 -1 0
    outer loop
      vertex 3.05 1.1 6.5
      vertex 64.95 1.1 11.5
      vertex 3.05 1.1 11.5
    endloop
  endfacet
  facet normal 0 -1 -0
    outer loop
      vertex 64.95 1.1 11.5
      vertex 3.05 1.1 6.5
      vertex 64.95 1.1 6.5
    endloop
  endfacet
  facet normal 0.0981049 0.995176 -0
    outer loop
      vertex 65.3304 46.8625 6.5
      vertex 64.95 46.9 11.5
      vertex 65.3304 46.8625 11.5
    endloop
  endfacet
  facet normal 0.0981049 0.995176 0
    outer loop
      vertex 64.95 46.9 11.5
      vertex 65.3304 46.8625 6.5
      vertex 64.95 46.9 6.5
    endloop
  endfacet
  facet normal -0.471397 0.881921 0
    outer loop
      vertex 2.30377 46.7516 6.5
      vertex 1.96664 46.5714 11.5
      vertex 2.30377 46.7516 11.5
    endloop
  endfacet
  facet normal -0.471397 0.881921 0
    outer loop
      vertex 1.96664 46.5714 11.5
      vertex 2.30377 46.7516 6.5
      vertex 1.96664 46.5714 6.5
    endloop
  endfacet
  facet normal -0.881973 0.471301 0
    outer loop
      vertex 1.24844 45.6962 6.5
      vertex 1.42863 46.0334 11.5
      vertex 1.42863 46.0334 6.5
    endloop
  endfacet
  facet normal -0.881973 0.471301 0
    outer loop
      vertex 1.42863 46.0334 11.5
      vertex 1.24844 45.6962 6.5
      vertex 1.24844 45.6962 11.5
    endloop
  endfacet
  facet normal -0.995184 0.0980272 0
    outer loop
      vertex 1.1 44.95 6.5
      vertex 1.13747 45.3304 11.5
      vertex 1.13747 45.3304 6.5
    endloop
  endfacet
  facet normal -0.995184 0.0980272 0
    outer loop
      vertex 1.13747 45.3304 11.5
      vertex 1.1 44.95 6.5
      vertex 1.1 44.95 11.5
    endloop
  endfacet
  facet normal 0.881962 0.471321 0
    outer loop
      vertex 66.7516 45.6962 11.5
      vertex 66.5714 46.0334 6.5
      vertex 66.5714 46.0334 11.5
    endloop
  endfacet
  facet normal 0.881962 0.471321 0
    outer loop
      vertex 66.5714 46.0334 6.5
      vertex 66.7516 45.6962 11.5
      vertex 66.7516 45.6962 6.5
    endloop
  endfacet
  facet normal 0.634377 0.773024 -0
    outer loop
      vertex 66.3289 46.3289 6.5
      vertex 66.0334 46.5714 11.5
      vertex 66.3289 46.3289 11.5
    endloop
  endfacet
  facet normal 0.634377 0.773024 0
    outer loop
      vertex 66.0334 46.5714 11.5
      vertex 66.3289 46.3289 6.5
      vertex 66.0334 46.5714 6.5
    endloop
  endfacet
  facet normal 0.0980272 -0.995184 0
    outer loop
      vertex 64.95 1.1 6.5
      vertex 65.3304 1.13747 11.5
      vertex 64.95 1.1 11.5
    endloop
  endfacet
  facet normal 0.0980272 -0.995184 0
    outer loop
      vertex 65.3304 1.13747 11.5
      vertex 64.95 1.1 6.5
      vertex 65.3304 1.13747 6.5
    endloop
  endfacet
  facet normal -0.0980972 0.995177 0
    outer loop
      vertex 3.05 46.9 6.5
      vertex 2.66957 46.8625 11.5
      vertex 3.05 46.9 11.5
    endloop
  endfacet
  facet normal -0.0980972 0.995177 0
    outer loop
      vertex 2.66957 46.8625 11.5
      vertex 3.05 46.9 6.5
      vertex 2.66957 46.8625 6.5
    endloop
  endfacet
  facet normal -0.773011 0.634392 0
    outer loop
      vertex 1.42863 46.0334 6.5
      vertex 1.67114 46.3289 11.5
      vertex 1.67114 46.3289 6.5
    endloop
  endfacet
  facet normal -0.773011 0.634392 0
    outer loop
      vertex 1.67114 46.3289 11.5
      vertex 1.42863 46.0334 6.5
      vertex 1.42863 46.0334 11.5
    endloop
  endfacet
  facet normal 0.471321 0.881962 -0
    outer loop
      vertex 66.0334 46.5714 6.5
      vertex 65.6962 46.7516 11.5
      vertex 66.0334 46.5714 11.5
    endloop
  endfacet
  facet normal 0.471321 0.881962 0
    outer loop
      vertex 65.6962 46.7516 11.5
      vertex 66.0334 46.5714 6.5
      vertex 65.6962 46.7516 6.5
    endloop
  endfacet
  facet normal 0.995176 0.0981049 0
    outer loop
      vertex 66.9 44.95 11.5
      vertex 66.8625 45.3304 6.5
      vertex 66.8625 45.3304 11.5
    endloop
  endfacet
  facet normal 0.995176 0.0981049 0
    outer loop
      vertex 66.8625 45.3304 6.5
      vertex 66.9 44.95 11.5
      vertex 66.9 44.95 6.5
    endloop
  endfacet
  facet normal 0.471301 -0.881973 0
    outer loop
      vertex 65.6962 1.24844 6.5
      vertex 66.0334 1.42863 11.5
      vertex 65.6962 1.24844 11.5
    endloop
  endfacet
  facet normal 0.471301 -0.881973 0
    outer loop
      vertex 66.0334 1.42863 11.5
      vertex 65.6962 1.24844 6.5
      vertex 66.0334 1.42863 6.5
    endloop
  endfacet
  facet normal 0.956987 0.290131 0
    outer loop
      vertex 66.8625 45.3304 11.5
      vertex 66.7516 45.6962 6.5
      vertex 66.7516 45.6962 11.5
    endloop
  endfacet
  facet normal 0.956987 0.290131 0
    outer loop
      vertex 66.7516 45.6962 6.5
      vertex 66.8625 45.3304 11.5
      vertex 66.8625 45.3304 6.5
    endloop
  endfacet
  facet normal -0.290299 -0.956936 0
    outer loop
      vertex 2.30377 1.24844 6.5
      vertex 2.66957 1.13747 11.5
      vertex 2.30377 1.24844 11.5
    endloop
  endfacet
  facet normal -0.290299 -0.956936 -0
    outer loop
      vertex 2.66957 1.13747 11.5
      vertex 2.30377 1.24844 6.5
      vertex 2.66957 1.13747 6.5
    endloop
  endfacet
  facet normal 0.290131 0.956987 -0
    outer loop
      vertex 65.6962 46.7516 6.5
      vertex 65.3304 46.8625 11.5
      vertex 65.6962 46.7516 11.5
    endloop
  endfacet
  facet normal 0.290131 0.956987 0
    outer loop
      vertex 65.3304 46.8625 11.5
      vertex 65.6962 46.7516 6.5
      vertex 65.3304 46.8625 6.5
    endloop
  endfacet
  facet normal -0.634392 -0.773011 0
    outer loop
      vertex 1.67114 1.67114 6.5
      vertex 1.96664 1.42863 11.5
      vertex 1.67114 1.67114 11.5
    endloop
  endfacet
  facet normal -0.634392 -0.773011 -0
    outer loop
      vertex 1.96664 1.42863 11.5
      vertex 1.67114 1.67114 6.5
      vertex 1.96664 1.42863 6.5
    endloop
  endfacet
  facet normal -0.471377 -0.881932 0
    outer loop
      vertex 1.96664 1.42863 6.5
      vertex 2.30377 1.24844 11.5
      vertex 1.96664 1.42863 11.5
    endloop
  endfacet
  facet normal -0.471377 -0.881932 -0
    outer loop
      vertex 2.30377 1.24844 11.5
      vertex 1.96664 1.42863 6.5
      vertex 2.30377 1.24844 6.5
    endloop
  endfacet
  facet normal 0.773024 0.634377 0
    outer loop
      vertex 66.5714 46.0334 11.5
      vertex 66.3289 46.3289 6.5
      vertex 66.3289 46.3289 11.5
    endloop
  endfacet
  facet normal 0.773024 0.634377 0
    outer loop
      vertex 66.3289 46.3289 6.5
      vertex 66.5714 46.0334 11.5
      vertex 66.5714 46.0334 6.5
    endloop
  endfacet
  facet normal -0.0980195 -0.995184 0
    outer loop
      vertex 2.66957 1.13747 6.5
      vertex 3.05 1.1 11.5
      vertex 2.66957 1.13747 11.5
    endloop
  endfacet
  facet normal -0.0980195 -0.995184 -0
    outer loop
      vertex 3.05 1.1 11.5
      vertex 2.66957 1.13747 6.5
      vertex 3.05 1.1 6.5
    endloop
  endfacet
  facet normal 0.773024 -0.634377 0
    outer loop
      vertex 66.3289 1.67114 11.5
      vertex 66.5714 1.96664 6.5
      vertex 66.5714 1.96664 11.5
    endloop
  endfacet
  facet normal 0.773024 -0.634377 0
    outer loop
      vertex 66.5714 1.96664 6.5
      vertex 66.3289 1.67114 11.5
      vertex 66.3289 1.67114 6.5
    endloop
  endfacet
  facet normal 0.956987 -0.290131 0
    outer loop
      vertex 66.7516 2.30377 11.5
      vertex 66.8625 2.66957 6.5
      vertex 66.8625 2.66957 11.5
    endloop
  endfacet
  facet normal 0.956987 -0.290131 0
    outer loop
      vertex 66.8625 2.66957 6.5
      vertex 66.7516 2.30377 11.5
      vertex 66.7516 2.30377 6.5
    endloop
  endfacet
  facet normal 0.995177 -0.0980972 0
    outer loop
      vertex 66.8625 2.66957 11.5
      vertex 66.9 3.05 6.5
      vertex 66.9 3.05 11.5
    endloop
  endfacet
  facet normal 0.995177 -0.0980972 0
    outer loop
      vertex 66.9 3.05 6.5
      vertex 66.8625 2.66957 11.5
      vertex 66.8625 2.66957 6.5
    endloop
  endfacet
  facet normal -0.290131 0.956987 0
    outer loop
      vertex 2.66957 46.8625 6.5
      vertex 2.30377 46.7516 11.5
      vertex 2.66957 46.8625 11.5
    endloop
  endfacet
  facet normal -0.290131 0.956987 0
    outer loop
      vertex 2.30377 46.7516 11.5
      vertex 2.66957 46.8625 6.5
      vertex 2.30377 46.7516 6.5
    endloop
  endfacet
  facet normal -0.773011 -0.634392 0
    outer loop
      vertex 1.67114 1.67114 6.5
      vertex 1.42863 1.96664 11.5
      vertex 1.42863 1.96664 6.5
    endloop
  endfacet
  facet normal -0.773011 -0.634392 0
    outer loop
      vertex 1.42863 1.96664 11.5
      vertex 1.67114 1.67114 6.5
      vertex 1.67114 1.67114 11.5
    endloop
  endfacet
  facet normal -0.881932 -0.471377 0
    outer loop
      vertex 1.42863 1.96664 6.5
      vertex 1.24844 2.30377 11.5
      vertex 1.24844 2.30377 6.5
    endloop
  endfacet
  facet normal -0.881932 -0.471377 0
    outer loop
      vertex 1.24844 2.30377 11.5
      vertex 1.42863 1.96664 6.5
      vertex 1.42863 1.96664 11.5
    endloop
  endfacet
  facet normal -0 0 1
    outer loop
      vertex 66 45 11.5
      vertex 66.9 44.95 11.5
      vertex 66.8625 45.3304 11.5
    endloop
  endfacet
  facet normal 0 0 1
    outer loop
      vertex 66.9 44.95 11.5
      vertex 66 45 11.5
      vertex 66.9 3.05 11.5
    endloop
  endfacet
  facet normal 0 0 1
    outer loop
      vertex 65.9808 45.1951 11.5
      vertex 66.8625 45.3304 11.5
      vertex 66.7516 45.6962 11.5
    endloop
  endfacet
  facet normal 0 0 1
    outer loop
      vertex 66 3 11.5
      vertex 66.9 3.05 11.5
      vertex 66 45 11.5
    endloop
  endfacet
  facet normal 0 0 1
    outer loop
      vertex 65.9239 45.3827 11.5
      vertex 66.7516 45.6962 11.5
      vertex 66.5714 46.0334 11.5
    endloop
  endfacet
  facet normal 0 0 1
    outer loop
      vertex 66.9 3.05 11.5
      vertex 66 3 11.5
      vertex 66.8625 2.66957 11.5
    endloop
  endfacet
  facet normal 0 0 1
    outer loop
      vertex 65.8315 45.5556 11.5
      vertex 66.5714 46.0334 11.5
      vertex 66.3289 46.3289 11.5
    endloop
  endfacet
  facet normal -0 0 1
    outer loop
      vertex 65.9808 2.80491 11.5
      vertex 66.8625 2.66957 11.5
      vertex 66 3 11.5
    endloop
  endfacet
  facet normal 0 0 1
    outer loop
      vertex 65.5556 45.8315 11.5
      vertex 66.3289 46.3289 11.5
      vertex 66.0334 46.5714 11.5
    endloop
  endfacet
  facet normal 0 0 1
    outer loop
      vertex 66.8625 2.66957 11.5
      vertex 65.9808 2.80491 11.5
      vertex 66.7516 2.30377 11.5
    endloop
  endfacet
  facet normal -0 0 1
    outer loop
      vertex 65.9239 2.61732 11.5
      vertex 66.7516 2.30377 11.5
      vertex 65.9808 2.80491 11.5
    endloop
  endfacet
  facet normal 0 0 1
    outer loop
      vertex 66.8625 45.3304 11.5
      vertex 65.9808 45.1951 11.5
      vertex 66 45 11.5
    endloop
  endfacet
  facet normal 0 0 1
    outer loop
      vertex 66.7516 45.6962 11.5
      vertex 65.9239 45.3827 11.5
      vertex 65.9808 45.1951 11.5
    endloop
  endfacet
  facet normal 0 0 1
    outer loop
      vertex 66.5714 46.0334 11.5
      vertex 65.8315 45.5556 11.5
      vertex 65.9239 45.3827 11.5
    endloop
  endfacet
  facet normal 0 0 1
    outer loop
      vertex 66.3289 46.3289 11.5
      vertex 65.7071 45.7071 11.5
      vertex 65.8315 45.5556 11.5
    endloop
  endfacet
  facet normal 0 0 1
    outer loop
      vertex 65.3827 45.9239 11.5
      vertex 66.0334 46.5714 11.5
      vertex 65.6962 46.7516 11.5
    endloop
  endfacet
  facet normal 0 0 1
    outer loop
      vertex 66.3289 46.3289 11.5
      vertex 65.5556 45.8315 11.5
      vertex 65.7071 45.7071 11.5
    endloop
  endfacet
  facet normal 0 0 1
    outer loop
      vertex 66.0334 46.5714 11.5
      vertex 65.3827 45.9239 11.5
      vertex 65.5556 45.8315 11.5
    endloop
  endfacet
  facet normal 0 0 1
    outer loop
      vertex 65.1951 45.9808 11.5
      vertex 65.6962 46.7516 11.5
      vertex 65.3304 46.8625 11.5
    endloop
  endfacet
  facet normal 0 0 1
    outer loop
      vertex 65.6962 46.7516 11.5
      vertex 65.1951 45.9808 11.5
      vertex 65.3827 45.9239 11.5
    endloop
  endfacet
  facet normal 0 0 1
    outer loop
      vertex 65.3304 46.8625 11.5
      vertex 65 46 11.5
      vertex 65.1951 45.9808 11.5
    endloop
  endfacet
  facet normal 0 0 1
    outer loop
      vertex 64.95 46.9 11.5
      vertex 65 46 11.5
      vertex 65.3304 46.8625 11.5
    endloop
  endfacet
  facet normal -0 0 1
    outer loop
      vertex 3.05 46.9 11.5
      vertex 65 46 11.5
      vertex 64.95 46.9 11.5
    endloop
  endfacet
  facet normal 0 0 1
    outer loop
      vertex 3.05 46.9 11.5
      vertex 3 46 11.5
      vertex 65 46 11.5
    endloop
  endfacet
  facet normal -0 0 1
    outer loop
      vertex 2.66957 46.8625 11.5
      vertex 3 46 11.5
      vertex 3.05 46.9 11.5
    endloop
  endfacet
  facet normal 0 0 1
    outer loop
      vertex 3 46 11.5
      vertex 2.66957 46.8625 11.5
      vertex 2.80491 45.9808 11.5
    endloop
  endfacet
  facet normal -0 0 1
    outer loop
      vertex 2.30377 46.7516 11.5
      vertex 2.80491 45.9808 11.5
      vertex 2.66957 46.8625 11.5
    endloop
  endfacet
  facet normal 0 0 1
    outer loop
      vertex 2.80491 45.9808 11.5
      vertex 2.30377 46.7516 11.5
      vertex 2.61732 45.9239 11.5
    endloop
  endfacet
  facet normal -0 0 1
    outer loop
      vertex 1.96664 46.5714 11.5
      vertex 2.61732 45.9239 11.5
      vertex 2.30377 46.7516 11.5
    endloop
  endfacet
  facet normal 0 0 1
    outer loop
      vertex 2.61732 45.9239 11.5
      vertex 1.96664 46.5714 11.5
      vertex 2.44443 45.8315 11.5
    endloop
  endfacet
  facet normal -0 0 1
    outer loop
      vertex 1.67114 46.3289 11.5
      vertex 2.44443 45.8315 11.5
      vertex 1.96664 46.5714 11.5
    endloop
  endfacet
  facet normal 0 0 1
    outer loop
      vertex 2.44443 45.8315 11.5
      vertex 1.67114 46.3289 11.5
      vertex 2.29289 45.7071 11.5
    endloop
  endfacet
  facet normal 0 0 1
    outer loop
      vertex 2.29289 45.7071 11.5
      vertex 1.67114 46.3289 11.5
      vertex 2.16853 45.5556 11.5
    endloop
  endfacet
  facet normal -0 0 1
    outer loop
      vertex 1.24844 45.6962 11.5
      vertex 2.07612 45.3827 11.5
      vertex 1.42863 46.0334 11.5
    endloop
  endfacet
  facet normal 0 0 1
    outer loop
      vertex 2.16853 45.5556 11.5
      vertex 1.42863 46.0334 11.5
      vertex 2.07612 45.3827 11.5
    endloop
  endfacet
  facet normal -0 0 1
    outer loop
      vertex 1.42863 46.0334 11.5
      vertex 2.16853 45.5556 11.5
      vertex 1.67114 46.3289 11.5
    endloop
  endfacet
  facet normal 0 0 1
    outer loop
      vertex 66.7516 2.30377 11.5
      vertex 65.9239 2.61732 11.5
      vertex 66.5714 1.96664 11.5
    endloop
  endfacet
  facet normal -0 0 1
    outer loop
      vertex 65.8315 2.44443 11.5
      vertex 66.5714 1.96664 11.5
      vertex 65.9239 2.61732 11.5
    endloop
  endfacet
  facet normal 0 0 1
    outer loop
      vertex 66.5714 1.96664 11.5
      vertex 65.8315 2.44443 11.5
      vertex 66.3289 1.67114 11.5
    endloop
  endfacet
  facet normal -0 0 1
    outer loop
      vertex 65.7071 2.29289 11.5
      vertex 66.3289 1.67114 11.5
      vertex 65.8315 2.44443 11.5
    endloop
  endfacet
  facet normal -0 0 1
    outer loop
      vertex 65.5556 2.16853 11.5
      vertex 66.3289 1.67114 11.5
      vertex 65.7071 2.29289 11.5
    endloop
  endfacet
  facet normal 0 0 1
    outer loop
      vertex 66.3289 1.67114 11.5
      vertex 65.5556 2.16853 11.5
      vertex 66.0334 1.42863 11.5
    endloop
  endfacet
  facet normal -0 0 1
    outer loop
      vertex 65.3827 2.07612 11.5
      vertex 66.0334 1.42863 11.5
      vertex 65.5556 2.16853 11.5
    endloop
  endfacet
  facet normal 0 0 1
    outer loop
      vertex 66.0334 1.42863 11.5
      vertex 65.3827 2.07612 11.5
      vertex 65.6962 1.24844 11.5
    endloop
  endfacet
  facet normal -0 0 1
    outer loop
      vertex 65.1951 2.01922 11.5
      vertex 65.6962 1.24844 11.5
      vertex 65.3827 2.07612 11.5
    endloop
  endfacet
  facet normal 0 0 1
    outer loop
      vertex 65.6962 1.24844 11.5
      vertex 65.1951 2.01922 11.5
      vertex 65.3304 1.13747 11.5
    endloop
  endfacet
  facet normal -0 0 1
    outer loop
      vertex 65 2 11.5
      vertex 65.3304 1.13747 11.5
      vertex 65.1951 2.01922 11.5
    endloop
  endfacet
  facet normal 0 0 1
    outer loop
      vertex 65 2 11.5
      vertex 64.95 1.1 11.5
      vertex 65.3304 1.13747 11.5
    endloop
  endfacet
  facet normal 0 0 1
    outer loop
      vertex 65 2 11.5
      vertex 3.05 1.1 11.5
      vertex 64.95 1.1 11.5
    endloop
  endfacet
  facet normal -0 0 1
    outer loop
      vertex 3 2 11.5
      vertex 3.05 1.1 11.5
      vertex 65 2 11.5
    endloop
  endfacet
  facet normal 0 0 1
    outer loop
      vertex 2.66957 1.13747 11.5
      vertex 3 2 11.5
      vertex 2.80491 2.01922 11.5
    endloop
  endfacet
  facet normal 0 0 1
    outer loop
      vertex 3 2 11.5
      vertex 2.66957 1.13747 11.5
      vertex 3.05 1.1 11.5
    endloop
  endfacet
  facet normal 0 0 1
    outer loop
      vertex 2.30377 1.24844 11.5
      vertex 2.80491 2.01922 11.5
      vertex 2.61732 2.07612 11.5
    endloop
  endfacet
  facet normal 0 0 1
    outer loop
      vertex 1.96664 1.42863 11.5
      vertex 2.61732 2.07612 11.5
      vertex 2.44443 2.16853 11.5
    endloop
  endfacet
  facet normal 0 0 1
    outer loop
      vertex 2.80491 2.01922 11.5
      vertex 2.30377 1.24844 11.5
      vertex 2.66957 1.13747 11.5
    endloop
  endfacet
  facet normal 0 0 1
    outer loop
      vertex 1.67114 1.67114 11.5
      vertex 2.44443 2.16853 11.5
      vertex 2.29289 2.29289 11.5
    endloop
  endfacet
  facet normal 0 0 1
    outer loop
      vertex 1.67114 1.67114 11.5
      vertex 2.29289 2.29289 11.5
      vertex 2.16853 2.44443 11.5
    endloop
  endfacet
  facet normal 0 0 1
    outer loop
      vertex 1.42863 1.96664 11.5
      vertex 2.16853 2.44443 11.5
      vertex 2.07612 2.61732 11.5
    endloop
  endfacet
  facet normal 0 0 1
    outer loop
      vertex 1.24844 2.30377 11.5
      vertex 2.07612 2.61732 11.5
      vertex 2.01922 2.80491 11.5
    endloop
  endfacet
  facet normal 0 0 1
    outer loop
      vertex 2.61732 2.07612 11.5
      vertex 1.96664 1.42863 11.5
      vertex 2.30377 1.24844 11.5
    endloop
  endfacet
  facet normal 0 0 1
    outer loop
      vertex 1.13747 2.66957 11.5
      vertex 2.01922 2.80491 11.5
      vertex 2 3 11.5
    endloop
  endfacet
  facet normal 0 0 1
    outer loop
      vertex 2 45 11.5
      vertex 1.1 44.95 11.5
      vertex 2 3 11.5
    endloop
  endfacet
  facet normal 0 0 1
    outer loop
      vertex 2.07612 45.3827 11.5
      vertex 1.24844 45.6962 11.5
      vertex 2.01922 45.1951 11.5
    endloop
  endfacet
  facet normal -0 0 1
    outer loop
      vertex 1.1 3.05 11.5
      vertex 2 3 11.5
      vertex 1.1 44.95 11.5
    endloop
  endfacet
  facet normal -0 0 1
    outer loop
      vertex 1.13747 45.3304 11.5
      vertex 2.01922 45.1951 11.5
      vertex 1.24844 45.6962 11.5
    endloop
  endfacet
  facet normal 0 -0 1
    outer loop
      vertex 1.13747 2.66957 11.5
      vertex 2 3 11.5
      vertex 1.1 3.05 11.5
    endloop
  endfacet
  facet normal 0 0 1
    outer loop
      vertex 2.01922 45.1951 11.5
      vertex 1.13747 45.3304 11.5
      vertex 2 45 11.5
    endloop
  endfacet
  facet normal 0 0 1
    outer loop
      vertex 2.44443 2.16853 11.5
      vertex 1.67114 1.67114 11.5
      vertex 1.96664 1.42863 11.5
    endloop
  endfacet
  facet normal 0 0 1
    outer loop
      vertex 2 45 11.5
      vertex 1.13747 45.3304 11.5
      vertex 1.1 44.95 11.5
    endloop
  endfacet
  facet normal 0 0 1
    outer loop
      vertex 2.16853 2.44443 11.5
      vertex 1.42863 1.96664 11.5
      vertex 1.67114 1.67114 11.5
    endloop
  endfacet
  facet normal 0 0 1
    outer loop
      vertex 2.07612 2.61732 11.5
      vertex 1.24844 2.30377 11.5
      vertex 1.42863 1.96664 11.5
    endloop
  endfacet
  facet normal 0 0 1
    outer loop
      vertex 2.01922 2.80491 11.5
      vertex 1.13747 2.66957 11.5
      vertex 1.24844 2.30377 11.5
    endloop
  endfacet
  facet normal -0.471329 0.881957 0
    outer loop
      vertex 12.852 16.7716 3
      vertex 12.3333 16.4944 3.5
      vertex 12.852 16.7716 3.5
    endloop
  endfacet
  facet normal -0.471329 0.881957 0
    outer loop
      vertex 12.3333 16.4944 3.5
      vertex 12.852 16.7716 3
      vertex 12.3333 16.4944 3
    endloop
  endfacet
  facet normal 0.471329 0.881957 -0
    outer loop
      vertex 15.6667 16.4944 3
      vertex 15.148 16.7716 3.5
      vertex 15.6667 16.4944 3.5
    endloop
  endfacet
  facet normal 0.471329 0.881957 0
    outer loop
      vertex 15.148 16.7716 3.5
      vertex 15.6667 16.4944 3
      vertex 15.148 16.7716 3
    endloop
  endfacet
  facet normal 0.95689 0.290451 0
    outer loop
      vertex 16.9424 14.5853 3.5
      vertex 16.7716 15.148 3
      vertex 16.7716 15.148 3.5
    endloop
  endfacet
  facet normal 0.95689 0.290451 0
    outer loop
      vertex 16.7716 15.148 3
      vertex 16.9424 14.5853 3.5
      vertex 16.9424 14.5853 3
    endloop
  endfacet
  facet normal 0.995193 0.097938 0
    outer loop
      vertex 17 14 3.5
      vertex 16.9424 14.5853 3
      vertex 16.9424 14.5853 3.5
    endloop
  endfacet
  facet normal 0.995193 0.097938 0
    outer loop
      vertex 16.9424 14.5853 3
      vertex 17 14 3.5
      vertex 17 14 3
    endloop
  endfacet
  facet normal 0.881957 0.471329 0
    outer loop
      vertex 16.7716 15.148 3.5
      vertex 16.4944 15.6667 3
      vertex 16.4944 15.6667 3.5
    endloop
  endfacet
  facet normal 0.881957 0.471329 0
    outer loop
      vertex 16.4944 15.6667 3
      vertex 16.7716 15.148 3.5
      vertex 16.7716 15.148 3
    endloop
  endfacet
  facet normal 0.097938 0.995193 -0
    outer loop
      vertex 14.5853 16.9424 3
      vertex 14 17 3.5
      vertex 14.5853 16.9424 3.5
    endloop
  endfacet
  facet normal 0.097938 0.995193 0
    outer loop
      vertex 14 17 3.5
      vertex 14.5853 16.9424 3
      vertex 14 17 3
    endloop
  endfacet
  facet normal 0.097938 -0.995193 0
    outer loop
      vertex 14 11 3
      vertex 14.5853 11.0576 3.5
      vertex 14 11 3.5
    endloop
  endfacet
  facet normal 0.097938 -0.995193 0
    outer loop
      vertex 14.5853 11.0576 3.5
      vertex 14 11 3
      vertex 14.5853 11.0576 3
    endloop
  endfacet
  facet normal 0.290451 0.95689 -0
    outer loop
      vertex 15.148 16.7716 3
      vertex 14.5853 16.9424 3.5
      vertex 15.148 16.7716 3.5
    endloop
  endfacet
  facet normal 0.290451 0.95689 0
    outer loop
      vertex 14.5853 16.9424 3.5
      vertex 15.148 16.7716 3
      vertex 14.5853 16.9424 3
    endloop
  endfacet
  facet normal 0.634413 0.772994 -0
    outer loop
      vertex 16.1213 16.1213 3
      vertex 15.6667 16.4944 3.5
      vertex 16.1213 16.1213 3.5
    endloop
  endfacet
  facet normal 0.634413 0.772994 0
    outer loop
      vertex 15.6667 16.4944 3.5
      vertex 16.1213 16.1213 3
      vertex 15.6667 16.4944 3
    endloop
  endfacet
  facet normal 0.772994 -0.634413 0
    outer loop
      vertex 16.1213 11.8787 3.5
      vertex 16.4944 12.3333 3
      vertex 16.4944 12.3333 3.5
    endloop
  endfacet
  facet normal 0.772994 -0.634413 0
    outer loop
      vertex 16.4944 12.3333 3
      vertex 16.1213 11.8787 3.5
      vertex 16.1213 11.8787 3
    endloop
  endfacet
  facet normal -0.634413 0.772994 0
    outer loop
      vertex 12.3333 16.4944 3
      vertex 11.8787 16.1213 3.5
      vertex 12.3333 16.4944 3.5
    endloop
  endfacet
  facet normal -0.634413 0.772994 0
    outer loop
      vertex 11.8787 16.1213 3.5
      vertex 12.3333 16.4944 3
      vertex 11.8787 16.1213 3
    endloop
  endfacet
  facet normal 0.471329 -0.881957 0
    outer loop
      vertex 15.148 11.2284 3
      vertex 15.6667 11.5056 3.5
      vertex 15.148 11.2284 3.5
    endloop
  endfacet
  facet normal 0.471329 -0.881957 0
    outer loop
      vertex 15.6667 11.5056 3.5
      vertex 15.148 11.2284 3
      vertex 15.6667 11.5056 3
    endloop
  endfacet
  facet normal -0.881957 -0.471329 0
    outer loop
      vertex 11.5056 12.3333 3
      vertex 11.2284 12.852 3.5
      vertex 11.2284 12.852 3
    endloop
  endfacet
  facet normal -0.881957 -0.471329 0
    outer loop
      vertex 11.2284 12.852 3.5
      vertex 11.5056 12.3333 3
      vertex 11.5056 12.3333 3.5
    endloop
  endfacet
  facet normal 0.995193 -0.097938 0
    outer loop
      vertex 16.9424 13.4147 3.5
      vertex 17 14 3
      vertex 17 14 3.5
    endloop
  endfacet
  facet normal 0.995193 -0.097938 0
    outer loop
      vertex 17 14 3
      vertex 16.9424 13.4147 3.5
      vertex 16.9424 13.4147 3
    endloop
  endfacet
  facet normal -0.290451 0.95689 0
    outer loop
      vertex 13.4147 16.9424 3
      vertex 12.852 16.7716 3.5
      vertex 13.4147 16.9424 3.5
    endloop
  endfacet
  facet normal -0.290451 0.95689 0
    outer loop
      vertex 12.852 16.7716 3.5
      vertex 13.4147 16.9424 3
      vertex 12.852 16.7716 3
    endloop
  endfacet
  facet normal -0.097938 -0.995193 0
    outer loop
      vertex 13.4147 11.0576 3
      vertex 14 11 3.5
      vertex 13.4147 11.0576 3.5
    endloop
  endfacet
  facet normal -0.097938 -0.995193 -0
    outer loop
      vertex 14 11 3.5
      vertex 13.4147 11.0576 3
      vertex 14 11 3
    endloop
  endfacet
  facet normal -0.881957 0.471329 0
    outer loop
      vertex 11.2284 15.148 3
      vertex 11.5056 15.6667 3.5
      vertex 11.5056 15.6667 3
    endloop
  endfacet
  facet normal -0.881957 0.471329 0
    outer loop
      vertex 11.5056 15.6667 3.5
      vertex 11.2284 15.148 3
      vertex 11.2284 15.148 3.5
    endloop
  endfacet
  facet normal 0.290451 -0.95689 0
    outer loop
      vertex 14.5853 11.0576 3
      vertex 15.148 11.2284 3.5
      vertex 14.5853 11.0576 3.5
    endloop
  endfacet
  facet normal 0.290451 -0.95689 0
    outer loop
      vertex 15.148 11.2284 3.5
      vertex 14.5853 11.0576 3
      vertex 15.148 11.2284 3
    endloop
  endfacet
  facet normal 0 0 1
    outer loop
      vertex 15.2 14 3.5
      vertex 17 14 3.5
      vertex 16.9424 14.5853 3.5
    endloop
  endfacet
  facet normal 0 0 1
    outer loop
      vertex 15.1769 14.2341 3.5
      vertex 16.9424 14.5853 3.5
      vertex 16.7716 15.148 3.5
    endloop
  endfacet
  facet normal 0 0 1
    outer loop
      vertex 17 14 3.5
      vertex 15.2 14 3.5
      vertex 16.9424 13.4147 3.5
    endloop
  endfacet
  facet normal 0 0 1
    outer loop
      vertex 15.1087 14.4592 3.5
      vertex 16.7716 15.148 3.5
      vertex 16.4944 15.6667 3.5
    endloop
  endfacet
  facet normal -0 0 1
    outer loop
      vertex 15.1769 13.7659 3.5
      vertex 16.9424 13.4147 3.5
      vertex 15.2 14 3.5
    endloop
  endfacet
  facet normal 0 0 1
    outer loop
      vertex 14.9978 14.6667 3.5
      vertex 16.4944 15.6667 3.5
      vertex 16.1213 16.1213 3.5
    endloop
  endfacet
  facet normal 0 0 1
    outer loop
      vertex 16.9424 13.4147 3.5
      vertex 15.1769 13.7659 3.5
      vertex 16.7716 12.852 3.5
    endloop
  endfacet
  facet normal 0 0 1
    outer loop
      vertex 14.8485 14.8485 3.5
      vertex 16.1213 16.1213 3.5
      vertex 15.6667 16.4944 3.5
    endloop
  endfacet
  facet normal -0 0 1
    outer loop
      vertex 15.1087 13.5408 3.5
      vertex 16.7716 12.852 3.5
      vertex 15.1769 13.7659 3.5
    endloop
  endfacet
  facet normal 0 0 1
    outer loop
      vertex 16.7716 12.852 3.5
      vertex 15.1087 13.5408 3.5
      vertex 16.4944 12.3333 3.5
    endloop
  endfacet
  facet normal 0 0 1
    outer loop
      vertex 16.9424 14.5853 3.5
      vertex 15.1769 14.2341 3.5
      vertex 15.2 14 3.5
    endloop
  endfacet
  facet normal 0 0 1
    outer loop
      vertex 14.6667 14.9978 3.5
      vertex 15.6667 16.4944 3.5
      vertex 15.148 16.7716 3.5
    endloop
  endfacet
  facet normal 0 0 1
    outer loop
      vertex 16.7716 15.148 3.5
      vertex 15.1087 14.4592 3.5
      vertex 15.1769 14.2341 3.5
    endloop
  endfacet
  facet normal 0 0 1
    outer loop
      vertex 16.4944 15.6667 3.5
      vertex 14.9978 14.6667 3.5
      vertex 15.1087 14.4592 3.5
    endloop
  endfacet
  facet normal 0 0 1
    outer loop
      vertex 16.1213 16.1213 3.5
      vertex 14.8485 14.8485 3.5
      vertex 14.9978 14.6667 3.5
    endloop
  endfacet
  facet normal 0 0 1
    outer loop
      vertex 15.6667 16.4944 3.5
      vertex 14.6667 14.9978 3.5
      vertex 14.8485 14.8485 3.5
    endloop
  endfacet
  facet normal 0 0 1
    outer loop
      vertex 14.4592 15.1087 3.5
      vertex 15.148 16.7716 3.5
      vertex 14.5853 16.9424 3.5
    endloop
  endfacet
  facet normal 0 0 1
    outer loop
      vertex 15.148 16.7716 3.5
      vertex 14.4592 15.1087 3.5
      vertex 14.6667 14.9978 3.5
    endloop
  endfacet
  facet normal 0 0 1
    outer loop
      vertex 14.5853 16.9424 3.5
      vertex 14.2341 15.1769 3.5
      vertex 14.4592 15.1087 3.5
    endloop
  endfacet
  facet normal 0 0 1
    outer loop
      vertex 14 17 3.5
      vertex 14.2341 15.1769 3.5
      vertex 14.5853 16.9424 3.5
    endloop
  endfacet
  facet normal 0 0 1
    outer loop
      vertex 14 17 3.5
      vertex 14 15.2 3.5
      vertex 14.2341 15.1769 3.5
    endloop
  endfacet
  facet normal 0 0 1
    outer loop
      vertex 14 17 3.5
      vertex 13.7659 15.1769 3.5
      vertex 14 15.2 3.5
    endloop
  endfacet
  facet normal -0 0 1
    outer loop
      vertex 13.4147 16.9424 3.5
      vertex 13.7659 15.1769 3.5
      vertex 14 17 3.5
    endloop
  endfacet
  facet normal 0 0 1
    outer loop
      vertex 13.7659 15.1769 3.5
      vertex 13.4147 16.9424 3.5
      vertex 13.5408 15.1087 3.5
    endloop
  endfacet
  facet normal -0 0 1
    outer loop
      vertex 12.852 16.7716 3.5
      vertex 13.5408 15.1087 3.5
      vertex 13.4147 16.9424 3.5
    endloop
  endfacet
  facet normal 0 0 1
    outer loop
      vertex 13.5408 15.1087 3.5
      vertex 12.852 16.7716 3.5
      vertex 13.3333 14.9978 3.5
    endloop
  endfacet
  facet normal -0 0 1
    outer loop
      vertex 12.3333 16.4944 3.5
      vertex 13.3333 14.9978 3.5
      vertex 12.852 16.7716 3.5
    endloop
  endfacet
  facet normal 0 0 1
    outer loop
      vertex 13.3333 14.9978 3.5
      vertex 12.3333 16.4944 3.5
      vertex 13.1515 14.8485 3.5
    endloop
  endfacet
  facet normal -0 0 1
    outer loop
      vertex 11.8787 16.1213 3.5
      vertex 13.1515 14.8485 3.5
      vertex 12.3333 16.4944 3.5
    endloop
  endfacet
  facet normal 0 0 1
    outer loop
      vertex 13.1515 14.8485 3.5
      vertex 11.8787 16.1213 3.5
      vertex 13.0022 14.6667 3.5
    endloop
  endfacet
  facet normal -0 0 1
    outer loop
      vertex 11.5056 15.6667 3.5
      vertex 13.0022 14.6667 3.5
      vertex 11.8787 16.1213 3.5
    endloop
  endfacet
  facet normal 0 0 1
    outer loop
      vertex 13.0022 14.6667 3.5
      vertex 11.5056 15.6667 3.5
      vertex 12.8913 14.4592 3.5
    endloop
  endfacet
  facet normal -0 0 1
    outer loop
      vertex 14.9978 13.3333 3.5
      vertex 16.4944 12.3333 3.5
      vertex 15.1087 13.5408 3.5
    endloop
  endfacet
  facet normal 0 0 1
    outer loop
      vertex 16.4944 12.3333 3.5
      vertex 14.9978 13.3333 3.5
      vertex 16.1213 11.8787 3.5
    endloop
  endfacet
  facet normal -0 0 1
    outer loop
      vertex 14.8485 13.1515 3.5
      vertex 16.1213 11.8787 3.5
      vertex 14.9978 13.3333 3.5
    endloop
  endfacet
  facet normal 0 0 1
    outer loop
      vertex 16.1213 11.8787 3.5
      vertex 14.8485 13.1515 3.5
      vertex 15.6667 11.5056 3.5
    endloop
  endfacet
  facet normal -0 0 1
    outer loop
      vertex 14.6667 13.0022 3.5
      vertex 15.6667 11.5056 3.5
      vertex 14.8485 13.1515 3.5
    endloop
  endfacet
  facet normal 0 0 1
    outer loop
      vertex 15.6667 11.5056 3.5
      vertex 14.6667 13.0022 3.5
      vertex 15.148 11.2284 3.5
    endloop
  endfacet
  facet normal -0 0 1
    outer loop
      vertex 14.4592 12.8913 3.5
      vertex 15.148 11.2284 3.5
      vertex 14.6667 13.0022 3.5
    endloop
  endfacet
  facet normal 0 0 1
    outer loop
      vertex 15.148 11.2284 3.5
      vertex 14.4592 12.8913 3.5
      vertex 14.5853 11.0576 3.5
    endloop
  endfacet
  facet normal -0 0 1
    outer loop
      vertex 14.2341 12.8231 3.5
      vertex 14.5853 11.0576 3.5
      vertex 14.4592 12.8913 3.5
    endloop
  endfacet
  facet normal -0 0 1
    outer loop
      vertex 14 12.8 3.5
      vertex 14.5853 11.0576 3.5
      vertex 14.2341 12.8231 3.5
    endloop
  endfacet
  facet normal 0 0 1
    outer loop
      vertex 14 12.8 3.5
      vertex 14 11 3.5
      vertex 14.5853 11.0576 3.5
    endloop
  endfacet
  facet normal 0 0 1
    outer loop
      vertex 13.7659 12.8231 3.5
      vertex 14 11 3.5
      vertex 14 12.8 3.5
    endloop
  endfacet
  facet normal 0 0 1
    outer loop
      vertex 13.4147 11.0576 3.5
      vertex 13.7659 12.8231 3.5
      vertex 13.5408 12.8913 3.5
    endloop
  endfacet
  facet normal 0 0 1
    outer loop
      vertex 13.7659 12.8231 3.5
      vertex 13.4147 11.0576 3.5
      vertex 14 11 3.5
    endloop
  endfacet
  facet normal 0 0 1
    outer loop
      vertex 12.852 11.2284 3.5
      vertex 13.5408 12.8913 3.5
      vertex 13.3333 13.0022 3.5
    endloop
  endfacet
  facet normal 0 0 1
    outer loop
      vertex 12.3333 11.5056 3.5
      vertex 13.3333 13.0022 3.5
      vertex 13.1515 13.1515 3.5
    endloop
  endfacet
  facet normal 0 0 1
    outer loop
      vertex 11.8787 11.8787 3.5
      vertex 13.1515 13.1515 3.5
      vertex 13.0022 13.3333 3.5
    endloop
  endfacet
  facet normal 0 0 1
    outer loop
      vertex 11.5056 12.3333 3.5
      vertex 13.0022 13.3333 3.5
      vertex 12.8913 13.5408 3.5
    endloop
  endfacet
  facet normal 0 0 1
    outer loop
      vertex 13.5408 12.8913 3.5
      vertex 12.852 11.2284 3.5
      vertex 13.4147 11.0576 3.5
    endloop
  endfacet
  facet normal 0 0 1
    outer loop
      vertex 11.2284 12.852 3.5
      vertex 12.8913 13.5408 3.5
      vertex 12.8231 13.7659 3.5
    endloop
  endfacet
  facet normal 0 0 1
    outer loop
      vertex 11.0576 13.4147 3.5
      vertex 12.8231 13.7659 3.5
      vertex 12.8 14 3.5
    endloop
  endfacet
  facet normal -0 0 1
    outer loop
      vertex 11.2284 15.148 3.5
      vertex 12.8913 14.4592 3.5
      vertex 11.5056 15.6667 3.5
    endloop
  endfacet
  facet normal 0 0 1
    outer loop
      vertex 13.3333 13.0022 3.5
      vertex 12.3333 11.5056 3.5
      vertex 12.852 11.2284 3.5
    endloop
  endfacet
  facet normal 0 0 1
    outer loop
      vertex 12.8913 14.4592 3.5
      vertex 11.2284 15.148 3.5
      vertex 12.8231 14.2341 3.5
    endloop
  endfacet
  facet normal 0 0 1
    outer loop
      vertex 13.1515 13.1515 3.5
      vertex 11.8787 11.8787 3.5
      vertex 12.3333 11.5056 3.5
    endloop
  endfacet
  facet normal -0 0 1
    outer loop
      vertex 11.0576 14.5853 3.5
      vertex 12.8231 14.2341 3.5
      vertex 11.2284 15.148 3.5
    endloop
  endfacet
  facet normal 0 0 1
    outer loop
      vertex 13.0022 13.3333 3.5
      vertex 11.5056 12.3333 3.5
      vertex 11.8787 11.8787 3.5
    endloop
  endfacet
  facet normal 0 0 1
    outer loop
      vertex 12.8231 14.2341 3.5
      vertex 11.0576 14.5853 3.5
      vertex 12.8 14 3.5
    endloop
  endfacet
  facet normal 0 0 1
    outer loop
      vertex 12.8913 13.5408 3.5
      vertex 11.2284 12.852 3.5
      vertex 11.5056 12.3333 3.5
    endloop
  endfacet
  facet normal 0 0 1
    outer loop
      vertex 11 14 3.5
      vertex 12.8 14 3.5
      vertex 11.0576 14.5853 3.5
    endloop
  endfacet
  facet normal 0 0 1
    outer loop
      vertex 12.8231 13.7659 3.5
      vertex 11.0576 13.4147 3.5
      vertex 11.2284 12.852 3.5
    endloop
  endfacet
  facet normal 0 0 1
    outer loop
      vertex 12.8 14 3.5
      vertex 11 14 3.5
      vertex 11.0576 13.4147 3.5
    endloop
  endfacet
  facet normal -0.290451 -0.95689 0
    outer loop
      vertex 12.852 11.2284 3
      vertex 13.4147 11.0576 3.5
      vertex 12.852 11.2284 3.5
    endloop
  endfacet
  facet normal -0.290451 -0.95689 -0
    outer loop
      vertex 13.4147 11.0576 3.5
      vertex 12.852 11.2284 3
      vertex 13.4147 11.0576 3
    endloop
  endfacet
  facet normal 0.95689 -0.290451 0
    outer loop
      vertex 16.7716 12.852 3.5
      vertex 16.9424 13.4147 3
      vertex 16.9424 13.4147 3.5
    endloop
  endfacet
  facet normal 0.95689 -0.290451 0
    outer loop
      vertex 16.9424 13.4147 3
      vertex 16.7716 12.852 3.5
      vertex 16.7716 12.852 3
    endloop
  endfacet
  facet normal 0.772994 0.634413 0
    outer loop
      vertex 16.4944 15.6667 3.5
      vertex 16.1213 16.1213 3
      vertex 16.1213 16.1213 3.5
    endloop
  endfacet
  facet normal 0.772994 0.634413 0
    outer loop
      vertex 16.1213 16.1213 3
      vertex 16.4944 15.6667 3.5
      vertex 16.4944 15.6667 3
    endloop
  endfacet
  facet normal -0.995193 0.097938 0
    outer loop
      vertex 11 14 3
      vertex 11.0576 14.5853 3.5
      vertex 11.0576 14.5853 3
    endloop
  endfacet
  facet normal -0.995193 0.097938 0
    outer loop
      vertex 11.0576 14.5853 3.5
      vertex 11 14 3
      vertex 11 14 3.5
    endloop
  endfacet
  facet normal 0.634413 -0.772994 0
    outer loop
      vertex 15.6667 11.5056 3
      vertex 16.1213 11.8787 3.5
      vertex 15.6667 11.5056 3.5
    endloop
  endfacet
  facet normal 0.634413 -0.772994 0
    outer loop
      vertex 16.1213 11.8787 3.5
      vertex 15.6667 11.5056 3
      vertex 16.1213 11.8787 3
    endloop
  endfacet
  facet normal -0.634413 -0.772994 0
    outer loop
      vertex 11.8787 11.8787 3
      vertex 12.3333 11.5056 3.5
      vertex 11.8787 11.8787 3.5
    endloop
  endfacet
  facet normal -0.634413 -0.772994 -0
    outer loop
      vertex 12.3333 11.5056 3.5
      vertex 11.8787 11.8787 3
      vertex 12.3333 11.5056 3
    endloop
  endfacet
  facet normal -0.097938 0.995193 0
    outer loop
      vertex 14 17 3
      vertex 13.4147 16.9424 3.5
      vertex 14 17 3.5
    endloop
  endfacet
  facet normal -0.097938 0.995193 0
    outer loop
      vertex 13.4147 16.9424 3.5
      vertex 14 17 3
      vertex 13.4147 16.9424 3
    endloop
  endfacet
  facet normal 0.881957 -0.471329 0
    outer loop
      vertex 16.4944 12.3333 3.5
      vertex 16.7716 12.852 3
      vertex 16.7716 12.852 3.5
    endloop
  endfacet
  facet normal 0.881957 -0.471329 0
    outer loop
      vertex 16.7716 12.852 3
      vertex 16.4944 12.3333 3.5
      vertex 16.4944 12.3333 3
    endloop
  endfacet
  facet normal -0.95689 -0.290451 0
    outer loop
      vertex 11.2284 12.852 3
      vertex 11.0576 13.4147 3.5
      vertex 11.0576 13.4147 3
    endloop
  endfacet
  facet normal -0.95689 -0.290451 0
    outer loop
      vertex 11.0576 13.4147 3.5
      vertex 11.2284 12.852 3
      vertex 11.2284 12.852 3.5
    endloop
  endfacet
  facet normal -0.995193 -0.097938 0
    outer loop
      vertex 11.0576 13.4147 3
      vertex 11 14 3.5
      vertex 11 14 3
    endloop
  endfacet
  facet normal -0.995193 -0.097938 0
    outer loop
      vertex 11 14 3.5
      vertex 11.0576 13.4147 3
      vertex 11.0576 13.4147 3.5
    endloop
  endfacet
  facet normal -0.772994 -0.634413 0
    outer loop
      vertex 11.8787 11.8787 3
      vertex 11.5056 12.3333 3.5
      vertex 11.5056 12.3333 3
    endloop
  endfacet
  facet normal -0.772994 -0.634413 0
    outer loop
      vertex 11.5056 12.3333 3.5
      vertex 11.8787 11.8787 3
      vertex 11.8787 11.8787 3.5
    endloop
  endfacet
  facet normal -0.772994 0.634413 0
    outer loop
      vertex 11.5056 15.6667 3
      vertex 11.8787 16.1213 3.5
      vertex 11.8787 16.1213 3
    endloop
  endfacet
  facet normal -0.772994 0.634413 0
    outer loop
      vertex 11.8787 16.1213 3.5
      vertex 11.5056 15.6667 3
      vertex 11.5056 15.6667 3.5
    endloop
  endfacet
  facet normal -0.95689 0.290451 0
    outer loop
      vertex 11.0576 14.5853 3
      vertex 11.2284 15.148 3.5
      vertex 11.2284 15.148 3
    endloop
  endfacet
  facet normal -0.95689 0.290451 0
    outer loop
      vertex 11.2284 15.148 3.5
      vertex 11.0576 14.5853 3
      vertex 11.0576 14.5853 3.5
    endloop
  endfacet
  facet normal -0.471329 -0.881957 0
    outer loop
      vertex 12.3333 11.5056 3
      vertex 12.852 11.2284 3.5
      vertex 12.3333 11.5056 3.5
    endloop
  endfacet
  facet normal -0.471329 -0.881957 -0
    outer loop
      vertex 12.852 11.2284 3.5
      vertex 12.3333 11.5056 3
      vertex 12.852 11.2284 3
    endloop
  endfacet
  facet normal 0.0980173 -0.00966082 0.995138
    outer loop
      vertex 18.5 14 1.5
      vertex 18.2074 14 1.52882
      vertex 18.1265 13.1792 1.52882
    endloop
  endfacet
  facet normal 0.0980087 -0.00965685 0.995139
    outer loop
      vertex 18.4135 13.1221 1.5
      vertex 18.5 14 1.5
      vertex 18.1265 13.1792 1.52882
    endloop
  endfacet
  facet normal 0.29016 -0.0286031 0.95655
    outer loop
      vertex 18.2074 14 1.52882
      vertex 17.926 14 1.61418
      vertex 17.8505 13.2341 1.61418
    endloop
  endfacet
  facet normal 0.29015 -0.0285979 0.956554
    outer loop
      vertex 18.1265 13.1792 1.52882
      vertex 18.2074 14 1.52882
      vertex 17.8505 13.2341 1.61418
    endloop
  endfacet
  facet normal 0.470971 -0.0464189 0.880926
    outer loop
      vertex 17.926 14 1.61418
      vertex 17.6667 14 1.75281
      vertex 17.5962 13.2847 1.75281
    endloop
  endfacet
  facet normal 0.470988 -0.0464285 0.880917
    outer loop
      vertex 17.8505 13.2341 1.61418
      vertex 17.926 14 1.61418
      vertex 17.5962 13.2847 1.75281
    endloop
  endfacet
  facet normal 0.632995 -0.0622618 0.771648
    outer loop
      vertex 17.6667 14 1.75281
      vertex 17.4393 14 1.93935
      vertex 17.3733 13.329 1.93935
    endloop
  endfacet
  facet normal 0.633212 -0.0624094 0.771458
    outer loop
      vertex 17.5962 13.2847 1.75281
      vertex 17.6667 14 1.75281
      vertex 17.3733 13.329 1.93935
    endloop
  endfacet
  facet normal 0.77086 -0.0759199 0.632464
    outer loop
      vertex 17.4393 14 1.93935
      vertex 17.2528 14 2.16666
      vertex 17.1903 13.3654 2.16666
    endloop
  endfacet
  facet normal 0.770733 -0.0758098 0.632632
    outer loop
      vertex 17.3733 13.329 1.93935
      vertex 17.4393 14 1.93935
      vertex 17.1903 13.3654 2.16666
    endloop
  endfacet
  facet normal 0.878619 -0.0866325 0.4696
    outer loop
      vertex 17.2528 14 2.16666
      vertex 17.1142 14 2.42598
      vertex 17.0543 13.3925 2.42598
    endloop
  endfacet
  facet normal 0.87853 -0.086524 0.469786
    outer loop
      vertex 17.1903 13.3654 2.16666
      vertex 17.2528 14 2.16666
      vertex 17.0543 13.3925 2.42598
    endloop
  endfacet
  facet normal 0.952679 -0.093833 0.289132
    outer loop
      vertex 17.1142 14 2.42598
      vertex 17.0288 14 2.70737
      vertex 16.9706 13.4091 2.70737
    endloop
  endfacet
  facet normal 0.952729 -0.0939399 0.288933
    outer loop
      vertex 17.0543 13.3925 2.42598
      vertex 17.1142 14 2.42598
      vertex 16.9706 13.4091 2.70737
    endloop
  endfacet
  facet normal 0.990453 -0.0974715 0.0974782
    outer loop
      vertex 17.0288 14 2.70737
      vertex 17 14 3
      vertex 16.9424 13.4147 3
    endloop
  endfacet
  facet normal 0.990461 -0.0975543 0.0973151
    outer loop
      vertex 16.9706 13.4091 2.70737
      vertex 17.0288 14 2.70737
      vertex 16.9424 13.4147 3
    endloop
  endfacet
  facet normal 0.0942429 -0.0285845 0.995139
    outer loop
      vertex 18.4135 13.1221 1.5
      vertex 18.1265 13.1792 1.52882
      vertex 17.8871 12.3899 1.52882
    endloop
  endfacet
  facet normal 0.0942292 -0.0285746 0.99514
    outer loop
      vertex 18.1575 12.2779 1.5
      vertex 18.4135 13.1221 1.5
      vertex 17.8871 12.3899 1.52882
    endloop
  endfacet
  facet normal 0.279004 -0.0846295 0.956553
    outer loop
      vertex 18.1265 13.1792 1.52882
      vertex 17.8505 13.2341 1.61418
      vertex 17.6271 12.4976 1.61418
    endloop
  endfacet
  facet normal 0.278993 -0.0846204 0.956558
    outer loop
      vertex 17.8871 12.3899 1.52882
      vertex 18.1265 13.1792 1.52882
      vertex 17.6271 12.4976 1.61418
    endloop
  endfacet
  facet normal 0.452887 -0.1374 0.880917
    outer loop
      vertex 17.8505 13.2341 1.61418
      vertex 17.5962 13.2847 1.75281
      vertex 17.3875 12.5968 1.75281
    endloop
  endfacet
  facet normal 0.452838 -0.137358 0.880949
    outer loop
      vertex 17.6271 12.4976 1.61418
      vertex 17.8505 13.2341 1.61418
      vertex 17.3875 12.5968 1.75281
    endloop
  endfacet
  facet normal 0.608879 -0.184778 0.771442
    outer loop
      vertex 17.5962 13.2847 1.75281
      vertex 17.3733 13.329 1.93935
      vertex 17.1775 12.6838 1.93935
    endloop
  endfacet
  facet normal 0.608807 -0.184704 0.771517
    outer loop
      vertex 17.3875 12.5968 1.75281
      vertex 17.5962 13.2847 1.75281
      vertex 17.1775 12.6838 1.93935
    endloop
  endfacet
  facet normal 0.741102 -0.224808 0.632637
    outer loop
      vertex 17.3733 13.329 1.93935
      vertex 17.1903 13.3654 2.16666
      vertex 17.0052 12.7552 2.16666
    endloop
  endfacet
  facet normal 0.741199 -0.224933 0.632479
    outer loop
      vertex 17.1775 12.6838 1.93935
      vertex 17.3733 13.329 1.93935
      vertex 17.0052 12.7552 2.16666
    endloop
  endfacet
  facet normal 0.844761 -0.256234 0.469811
    outer loop
      vertex 17.1903 13.3654 2.16666
      vertex 17.0543 13.3925 2.42598
      vertex 16.8771 12.8083 2.42598
    endloop
  endfacet
  facet normal 0.844773 -0.256256 0.469777
    outer loop
      vertex 17.0052 12.7552 2.16666
      vertex 17.1903 13.3654 2.16666
      vertex 16.8771 12.8083 2.42598
    endloop
  endfacet
  facet normal 0.916162 -0.277815 0.288903
    outer loop
      vertex 17.0543 13.3925 2.42598
      vertex 16.9706 13.4091 2.70737
      vertex 16.7983 12.8409 2.70737
    endloop
  endfacet
  facet normal 0.916182 -0.277897 0.288762
    outer loop
      vertex 16.8771 12.8083 2.42598
      vertex 17.0543 13.3925 2.42598
      vertex 16.7983 12.8409 2.70737
    endloop
  endfacet
  facet normal 0.952349 -0.289073 0.0973073
    outer loop
      vertex 16.9706 13.4091 2.70737
      vertex 16.9424 13.4147 3
      vertex 16.7716 12.852 3
    endloop
  endfacet
  facet normal 0.952377 -0.288797 0.0978509
    outer loop
      vertex 16.7983 12.8409 2.70737
      vertex 16.9706 13.4091 2.70737
      vertex 16.7716 12.852 3
    endloop
  endfacet
  facet normal 0.0868393 -0.0464162 0.99514
    outer loop
      vertex 18.1575 12.2779 1.5
      vertex 17.8871 12.3899 1.52882
      vertex 17.4983 11.6625 1.52882
    endloop
  endfacet
  facet normal 0.0868504 -0.0464281 0.995139
    outer loop
      vertex 17.7416 11.4999 1.5
      vertex 18.1575 12.2779 1.5
      vertex 17.4983 11.6625 1.52882
    endloop
  endfacet
  facet normal 0.25712 -0.137424 0.956558
    outer loop
      vertex 17.8871 12.3899 1.52882
      vertex 17.6271 12.4976 1.61418
      vertex 17.2643 11.8188 1.61418
    endloop
  endfacet
  facet normal 0.257134 -0.13744 0.956552
    outer loop
      vertex 17.4983 11.6625 1.52882
      vertex 17.8871 12.3899 1.52882
      vertex 17.2643 11.8188 1.61418
    endloop
  endfacet
  facet normal 0.417352 -0.223062 0.880943
    outer loop
      vertex 17.6271 12.4976 1.61418
      vertex 17.3875 12.5968 1.75281
      vertex 17.0487 11.9629 1.75281
    endloop
  endfacet
  facet normal 0.417354 -0.223064 0.880942
    outer loop
      vertex 17.2643 11.8188 1.61418
      vertex 17.6271 12.4976 1.61418
      vertex 17.0487 11.9629 1.75281
    endloop
  endfacet
  facet normal 0.56109 -0.29989 0.77152
    outer loop
      vertex 17.3875 12.5968 1.75281
      vertex 17.1775 12.6838 1.93935
      vertex 16.8597 12.0892 1.93935
    endloop
  endfacet
  facet normal 0.561086 -0.299883 0.771526
    outer loop
      vertex 17.0487 11.9629 1.75281
      vertex 17.3875 12.5968 1.75281
      vertex 16.8597 12.0892 1.93935
    endloop
  endfacet
  facet normal 0.683116 -0.365122 0.632487
    outer loop
      vertex 17.1775 12.6838 1.93935
      vertex 17.0052 12.7552 2.16666
      vertex 16.7046 12.1928 2.16666
    endloop
  endfacet
  facet normal 0.683107 -0.365105 0.632505
    outer loop
      vertex 16.8597 12.0892 1.93935
      vertex 17.1775 12.6838 1.93935
      vertex 16.7046 12.1928 2.16666
    endloop
  endfacet
  facet normal 0.778527 -0.416159 0.469795
    outer loop
      vertex 17.0052 12.7552 2.16666
      vertex 16.8771 12.8083 2.42598
      vertex 16.5893 12.2699 2.42598
    endloop
  endfacet
  facet normal 0.778512 -0.416111 0.469862
    outer loop
      vertex 16.7046 12.1928 2.16666
      vertex 17.0052 12.7552 2.16666
      vertex 16.5893 12.2699 2.42598
    endloop
  endfacet
  facet normal 0.844338 -0.451357 0.288738
    outer loop
      vertex 16.8771 12.8083 2.42598
      vertex 16.7983 12.8409 2.70737
      vertex 16.5184 12.3173 2.70737
    endloop
  endfacet
  facet normal 0.844338 -0.451338 0.28877
    outer loop
      vertex 16.5893 12.2699 2.42598
      vertex 16.8771 12.8083 2.42598
      vertex 16.5184 12.3173 2.70737
    endloop
  endfacet
  facet normal 0.877723 -0.469066 0.0978773
    outer loop
      vertex 16.7983 12.8409 2.70737
      vertex 16.7716 12.852 3
      vertex 16.4944 12.3333 3
    endloop
  endfacet
  facet normal 0.877687 -0.469184 0.0976367
    outer loop
      vertex 16.5184 12.3173 2.70737
      vertex 16.7983 12.8409 2.70737
      vertex 16.4944 12.3333 3
    endloop
  endfacet
  facet normal 0.0761294 -0.06247 0.995139
    outer loop
      vertex 17.7416 11.4999 1.5
      vertex 17.4983 11.6625 1.52882
      vertex 16.9751 11.0249 1.52882
    endloop
  endfacet
  facet normal 0.0761361 -0.062481 0.995138
    outer loop
      vertex 17.182 10.818 1.5
      vertex 17.7416 11.4999 1.5
      vertex 16.9751 11.0249 1.52882
    endloop
  endfacet
  facet normal 0.22539 -0.184964 0.95655
    outer loop
      vertex 17.4983 11.6625 1.52882
      vertex 17.2643 11.8188 1.61418
      vertex 16.7761 11.2239 1.61418
    endloop
  endfacet
  facet normal 0.225374 -0.184937 0.956559
    outer loop
      vertex 16.9751 11.0249 1.52882
      vertex 17.4983 11.6625 1.52882
      vertex 16.7761 11.2239 1.61418
    endloop
  endfacet
  facet normal 0.36579 -0.300217 0.880947
    outer loop
      vertex 17.2643 11.8188 1.61418
      vertex 17.0487 11.9629 1.75281
      vertex 16.5927 11.4073 1.75281
    endloop
  endfacet
  facet normal 0.365762 -0.30016 0.880978
    outer loop
      vertex 16.7761 11.2239 1.61418
      vertex 17.2643 11.8188 1.61418
      vertex 16.5927 11.4073 1.75281
    endloop
  endfacet
  facet normal 0.4918 -0.403574 0.771532
    outer loop
      vertex 17.0487 11.9629 1.75281
      vertex 16.8597 12.0892 1.93935
      vertex 16.432 11.568 1.93935
    endloop
  endfacet
  facet normal 0.491838 -0.403668 0.771458
    outer loop
      vertex 16.5927 11.4073 1.75281
      vertex 17.0487 11.9629 1.75281
      vertex 16.432 11.568 1.93935
    endloop
  endfacet
  facet normal 0.598754 -0.491369 0.632495
    outer loop
      vertex 16.8597 12.0892 1.93935
      vertex 16.7046 12.1928 2.16666
      vertex 16.3001 11.6999 2.16666
    endloop
  endfacet
  facet normal 0.598744 -0.491333 0.632533
    outer loop
      vertex 16.432 11.568 1.93935
      vertex 16.8597 12.0892 1.93935
      vertex 16.3001 11.6999 2.16666
    endloop
  endfacet
  facet normal 0.682467 -0.559854 0.469895
    outer loop
      vertex 16.7046 12.1928 2.16666
      vertex 16.5893 12.2699 2.42598
      vertex 16.2021 11.7979 2.42598
    endloop
  endfacet
  facet normal 0.68249 -0.560088 0.469584
    outer loop
      vertex 16.3001 11.6999 2.16666
      vertex 16.7046 12.1928 2.16666
      vertex 16.2021 11.7979 2.42598
    endloop
  endfacet
  facet normal 0.74007 -0.607373 0.288782
    outer loop
      vertex 16.5893 12.2699 2.42598
      vertex 16.5184 12.3173 2.70737
      vertex 16.1417 11.8583 2.70737
    endloop
  endfacet
  facet normal 0.740106 -0.607138 0.289184
    outer loop
      vertex 16.2021 11.7979 2.42598
      vertex 16.5893 12.2699 2.42598
      vertex 16.1417 11.8583 2.70737
    endloop
  endfacet
  facet normal 0.769303 -0.631383 0.0976161
    outer loop
      vertex 16.5184 12.3173 2.70737
      vertex 16.4944 12.3333 3
      vertex 16.1213 11.8787 3
    endloop
  endfacet
  facet normal 0.76931 -0.63137 0.097645
    outer loop
      vertex 16.1417 11.8583 2.70737
      vertex 16.5184 12.3173 2.70737
      vertex 16.1213 11.8787 3
    endloop
  endfacet
  facet normal 0.062478 -0.0761391 0.995138
    outer loop
      vertex 17.182 10.818 1.5
      vertex 16.9751 11.0249 1.52882
      vertex 16.3375 10.5017 1.52882
    endloop
  endfacet
  facet normal 0.0624735 -0.0761271 0.995139
    outer loop
      vertex 16.5001 10.2584 1.5
      vertex 17.182 10.818 1.5
      vertex 16.3375 10.5017 1.52882
    endloop
  endfacet
  facet normal 0.184945 -0.225366 0.956559
    outer loop
      vertex 16.9751 11.0249 1.52882
      vertex 16.7761 11.2239 1.61418
      vertex 16.1812 10.7357 1.61418
    endloop
  endfacet
  facet normal 0.184955 -0.225396 0.95655
    outer loop
      vertex 16.3375 10.5017 1.52882
      vertex 16.9751 11.0249 1.52882
      vertex 16.1812 10.7357 1.61418
    endloop
  endfacet
  facet normal 0.300178 -0.365744 0.880979
    outer loop
      vertex 16.7761 11.2239 1.61418
      vertex 16.5927 11.4073 1.75281
      vertex 16.0371 10.9513 1.75281
    endloop
  endfacet
  facet normal 0.300195 -0.365805 0.880948
    outer loop
      vertex 16.1812 10.7357 1.61418
      vertex 16.7761 11.2239 1.61418
      vertex 16.0371 10.9513 1.75281
    endloop
  endfacet
  facet normal 0.403632 -0.491871 0.771456
    outer loop
      vertex 16.5927 11.4073 1.75281
      vertex 16.432 11.568 1.93935
      vertex 15.9108 11.1403 1.93935
    endloop
  endfacet
  facet normal 0.403613 -0.491771 0.771529
    outer loop
      vertex 16.0371 10.9513 1.75281
      vertex 16.5927 11.4073 1.75281
      vertex 15.9108 11.1403 1.93935
    endloop
  endfacet
  facet normal 0.491349 -0.598729 0.632534
    outer loop
      vertex 16.432 11.568 1.93935
      vertex 16.3001 11.6999 2.16666
      vertex 15.8072 11.2954 2.16666
    endloop
  endfacet
  facet normal 0.491352 -0.598767 0.632496
    outer loop
      vertex 15.9108 11.1403 1.93935
      vertex 16.432 11.568 1.93935
      vertex 15.8072 11.2954 2.16666
    endloop
  endfacet
  facet normal 0.559962 -0.682598 0.469578
    outer loop
      vertex 16.3001 11.6999 2.16666
      vertex 16.2021 11.7979 2.42598
      vertex 15.7301 11.4107 2.42598
    endloop
  endfacet
  facet normal 0.559985 -0.682365 0.469889
    outer loop
      vertex 15.8072 11.2954 2.16666
      vertex 16.3001 11.6999 2.16666
      vertex 15.7301 11.4107 2.42598
    endloop
  endfacet
  facet normal 0.607295 -0.739974 0.28919
    outer loop
      vertex 16.2021 11.7979 2.42598
      vertex 16.1417 11.8583 2.70737
      vertex 15.6827 11.4816 2.70737
    endloop
  endfacet
  facet normal 0.607213 -0.740198 0.288788
    outer loop
      vertex 15.7301 11.4107 2.42598
      vertex 16.2021 11.7979 2.42598
      vertex 15.6827 11.4816 2.70737
    endloop
  endfacet
  facet normal 0.631381 -0.7693 0.0976452
    outer loop
      vertex 16.1417 11.8583 2.70737
      vertex 16.1213 11.8787 3
      vertex 15.6667 11.5056 3
    endloop
  endfacet
  facet normal 0.631372 -0.769312 0.0976162
    outer loop
      vertex 15.6827 11.4816 2.70737
      vertex 16.1417 11.8583 2.70737
      vertex 15.6667 11.5056 3
    endloop
  endfacet
  facet normal 0.0464237 -0.0868533 0.995139
    outer loop
      vertex 16.5001 10.2584 1.5
      vertex 16.3375 10.5017 1.52882
      vertex 15.6101 10.1129 1.52882
    endloop
  endfacet
  facet normal 0.046423 -0.0868492 0.995139
    outer loop
      vertex 15.7221 9.84254 1.5
      vertex 16.5001 10.2584 1.5
      vertex 15.6101 10.1129 1.52882
    endloop
  endfacet
  facet normal 0.137434 -0.257139 0.956552
    outer loop
      vertex 16.3375 10.5017 1.52882
      vertex 16.1812 10.7357 1.61418
      vertex 15.5024 10.3729 1.61418
    endloop
  endfacet
  facet normal 0.137431 -0.257117 0.956558
    outer loop
      vertex 15.6101 10.1129 1.52882
      vertex 16.3375 10.5017 1.52882
      vertex 15.5024 10.3729 1.61418
    endloop
  endfacet
  facet normal 0.223063 -0.417354 0.880942
    outer loop
      vertex 16.1812 10.7357 1.61418
      vertex 16.0371 10.9513 1.75281
      vertex 15.4032 10.6125 1.75281
    endloop
  endfacet
  facet normal 0.223063 -0.417351 0.880943
    outer loop
      vertex 15.5024 10.3729 1.61418
      vertex 16.1812 10.7357 1.61418
      vertex 15.4032 10.6125 1.75281
    endloop
  endfacet
  facet normal 0.299886 -0.561084 0.771526
    outer loop
      vertex 16.0371 10.9513 1.75281
      vertex 15.9108 11.1403 1.93935
      vertex 15.3162 10.8225 1.93935
    endloop
  endfacet
  facet normal 0.299886 -0.561092 0.771521
    outer loop
      vertex 15.4032 10.6125 1.75281
      vertex 16.0371 10.9513 1.75281
      vertex 15.3162 10.8225 1.93935
    endloop
  endfacet
  facet normal 0.365114 -0.683102 0.632506
    outer loop
      vertex 15.9108 11.1403 1.93935
      vertex 15.8072 11.2954 2.16666
      vertex 15.2448 10.9948 2.16666
    endloop
  endfacet
  facet normal 0.365112 -0.68312 0.632487
    outer loop
      vertex 15.3162 10.8225 1.93935
      vertex 15.9108 11.1403 1.93935
      vertex 15.2448 10.9948 2.16666
    endloop
  endfacet
  facet normal 0.416142 -0.778495 0.469863
    outer loop
      vertex 15.8072 11.2954 2.16666
      vertex 15.7301 11.4107 2.42598
      vertex 15.1917 11.1229 2.42598
    endloop
  endfacet
  facet normal 0.416127 -0.778543 0.469797
    outer loop
      vertex 15.2448 10.9948 2.16666
      vertex 15.8072 11.2954 2.16666
      vertex 15.1917 11.1229 2.42598
    endloop
  endfacet
  facet normal 0.451352 -0.84433 0.28877
    outer loop
      vertex 15.7301 11.4107 2.42598
      vertex 15.6827 11.4816 2.70737
      vertex 15.1591 11.2017 2.70737
    endloop
  endfacet
  facet normal 0.451342 -0.844346 0.288739
    outer loop
      vertex 15.1917 11.1229 2.42598
      vertex 15.7301 11.4107 2.42598
      vertex 15.1591 11.2017 2.70737
    endloop
  endfacet
  facet normal 0.469077 -0.877743 0.0976355
    outer loop
      vertex 15.6827 11.4816 2.70737
      vertex 15.6667 11.5056 3
      vertex 15.148 11.2284 3
    endloop
  endfacet
  facet normal 0.469172 -0.877666 0.0978761
    outer loop
      vertex 15.1591 11.2017 2.70737
      vertex 15.6827 11.4816 2.70737
      vertex 15.148 11.2284 3
    endloop
  endfacet
  facet normal 0.0285856 -0.0942385 0.995139
    outer loop
      vertex 15.7221 9.84254 1.5
      vertex 15.6101 10.1129 1.52882
      vertex 14.8208 9.87348 1.52882
    endloop
  endfacet
  facet normal 0.0285855 -0.0942395 0.995139
    outer loop
      vertex 14.8779 9.58647 1.5
      vertex 15.7221 9.84254 1.5
      vertex 14.8208 9.87348 1.52882
    endloop
  endfacet
  facet normal 0.0846253 -0.278991 0.956558
    outer loop
      vertex 15.6101 10.1129 1.52882
      vertex 15.5024 10.3729 1.61418
      vertex 14.7659 10.1495 1.61418
    endloop
  endfacet
  facet normal 0.0846256 -0.278987 0.956559
    outer loop
      vertex 14.8208 9.87348 1.52882
      vertex 15.6101 10.1129 1.52882
      vertex 14.7659 10.1495 1.61418
    endloop
  endfacet
  facet normal 0.137382 -0.452829 0.88095
    outer loop
      vertex 15.5024 10.3729 1.61418
      vertex 15.4032 10.6125 1.75281
      vertex 14.7153 10.4038 1.75281
    endloop
  endfacet
  facet normal 0.137374 -0.452892 0.880918
    outer loop
      vertex 14.7659 10.1495 1.61418
      vertex 15.5024 10.3729 1.61418
      vertex 14.7153 10.4038 1.75281
    endloop
  endfacet
  facet normal 0.184751 -0.60879 0.771519
    outer loop
      vertex 15.4032 10.6125 1.75281
      vertex 15.3162 10.8225 1.93935
      vertex 14.671 10.6267 1.93935
    endloop
  endfacet
  facet normal 0.18473 -0.608891 0.771445
    outer loop
      vertex 14.7153 10.4038 1.75281
      vertex 15.4032 10.6125 1.75281
      vertex 14.671 10.6267 1.93935
    endloop
  endfacet
  facet normal 0.224847 -0.741229 0.632474
    outer loop
      vertex 15.3162 10.8225 1.93935
      vertex 15.2448 10.9948 2.16666
      vertex 14.6346 10.8097 2.16666
    endloop
  endfacet
  facet normal 0.224897 -0.741079 0.632632
    outer loop
      vertex 14.671 10.6267 1.93935
      vertex 15.3162 10.8225 1.93935
      vertex 14.6346 10.8097 2.16666
    endloop
  endfacet
  facet normal 0.256239 -0.844779 0.469777
    outer loop
      vertex 15.2448 10.9948 2.16666
      vertex 15.1917 11.1229 2.42598
      vertex 14.6075 10.9457 2.42598
    endloop
  endfacet
  facet normal 0.256251 -0.844756 0.469811
    outer loop
      vertex 14.6346 10.8097 2.16666
      vertex 15.2448 10.9948 2.16666
      vertex 14.6075 10.9457 2.42598
    endloop
  endfacet
  facet normal 0.277828 -0.916204 0.28876
    outer loop
      vertex 15.1917 11.1229 2.42598
      vertex 15.1591 11.2017 2.70737
      vertex 14.5909 11.0294 2.70737
    endloop
  endfacet
  facet normal 0.277885 -0.916142 0.288901
    outer loop
      vertex 14.6075 10.9457 2.42598
      vertex 15.1917 11.1229 2.42598
      vertex 14.5909 11.0294 2.70737
    endloop
  endfacet
  facet normal 0.289057 -0.952298 0.0978535
    outer loop
      vertex 15.1591 11.2017 2.70737
      vertex 15.148 11.2284 3
      vertex 14.5853 11.0576 3
    endloop
  endfacet
  facet normal 0.288812 -0.952427 0.0973099
    outer loop
      vertex 14.5909 11.0294 2.70737
      vertex 15.1591 11.2017 2.70737
      vertex 14.5853 11.0576 3
    endloop
  endfacet
  facet normal 0.00965373 -0.0980059 0.995139
    outer loop
      vertex 14.8779 9.58647 1.5
      vertex 14.8208 9.87348 1.52882
      vertex 14 9.79263 1.52882
    endloop
  endfacet
  facet normal 0.00965338 -0.0980074 0.995139
    outer loop
      vertex 14.8779 9.58647 1.5
      vertex 14 9.79263 1.52882
      vertex 14 9.5 1.5
    endloop
  endfacet
  facet normal 0.0286001 -0.29013 0.95656
    outer loop
      vertex 14.8208 9.87348 1.52882
      vertex 14.7659 10.1495 1.61418
      vertex 14 10.074 1.61418
    endloop
  endfacet
  facet normal 0.028584 -0.290189 0.956542
    outer loop
      vertex 14.8208 9.87348 1.52882
      vertex 14 10.074 1.61418
      vertex 14 9.79263 1.52882
    endloop
  endfacet
  facet normal 0.0464207 -0.470989 0.880917
    outer loop
      vertex 14.7659 10.1495 1.61418
      vertex 14.7153 10.4038 1.75281
      vertex 14 10.3333 1.75281
    endloop
  endfacet
  facet normal 0.0464268 -0.470971 0.880926
    outer loop
      vertex 14.7659 10.1495 1.61418
      vertex 14 10.3333 1.75281
      vertex 14 10.074 1.61418
    endloop
  endfacet
  facet normal 0.0622851 -0.633232 0.771452
    outer loop
      vertex 14.7153 10.4038 1.75281
      vertex 14.671 10.6267 1.93935
      vertex 14 10.5607 1.93935
    endloop
  endfacet
  facet normal 0.0623876 -0.63299 0.771642
    outer loop
      vertex 14.7153 10.4038 1.75281
      vertex 14 10.5607 1.93935
      vertex 14 10.3333 1.75281
    endloop
  endfacet
  facet normal 0.0759061 -0.77072 0.632637
    outer loop
      vertex 14.671 10.6267 1.93935
      vertex 14.6346 10.8097 2.16666
      vertex 14 10.7472 2.16666
    endloop
  endfacet
  facet normal 0.0758229 -0.770866 0.632469
    outer loop
      vertex 14.671 10.6267 1.93935
      vertex 14 10.7472 2.16666
      vertex 14 10.5607 1.93935
    endloop
  endfacet
  facet normal 0.0866226 -0.878518 0.46979
    outer loop
      vertex 14.6346 10.8097 2.16666
      vertex 14.6075 10.9457 2.42598
      vertex 14 10.8858 2.42598
    endloop
  endfacet
  facet normal 0.0865335 -0.878626 0.469604
    outer loop
      vertex 14.6346 10.8097 2.16666
      vertex 14 10.8858 2.42598
      vertex 14 10.7472 2.16666
    endloop
  endfacet
  facet normal 0.093839 -0.95274 0.28893
    outer loop
      vertex 14.6075 10.9457 2.42598
      vertex 14.5909 11.0294 2.70737
      vertex 14 10.9712 2.70737
    endloop
  endfacet
  facet normal 0.0939341 -0.95267 0.289129
    outer loop
      vertex 14.6075 10.9457 2.42598
      vertex 14 10.9712 2.70737
      vertex 14 10.8858 2.42598
    endloop
  endfacet
  facet normal 0.0974731 -0.990469 0.0973143
    outer loop
      vertex 14.5909 11.0294 2.70737
      vertex 14.5853 11.0576 3
      vertex 14 11 3
    endloop
  endfacet
  facet normal 0.0975527 -0.990445 0.0974774
    outer loop
      vertex 14.5909 11.0294 2.70737
      vertex 14 11 3
      vertex 14 10.9712 2.70737
    endloop
  endfacet
  facet normal -0.00965387 -0.0980074 0.995139
    outer loop
      vertex 14 9.5 1.5
      vertex 14 9.79263 1.52882
      vertex 13.1792 9.87348 1.52882
    endloop
  endfacet
  facet normal -0.00965324 -0.098006 0.995139
    outer loop
      vertex 14 9.5 1.5
      vertex 13.1792 9.87348 1.52882
      vertex 13.1221 9.58647 1.5
    endloop
  endfacet
  facet normal -0.0286059 -0.290189 0.956542
    outer loop
      vertex 14 9.79263 1.52882
      vertex 14 10.074 1.61418
      vertex 13.2341 10.1495 1.61418
    endloop
  endfacet
  facet normal -0.0285787 -0.290134 0.956559
    outer loop
      vertex 14 9.79263 1.52882
      vertex 13.2341 10.1495 1.61418
      vertex 13.1792 9.87348 1.52882
    endloop
  endfacet
  facet normal -0.0464189 -0.470971 0.880926
    outer loop
      vertex 14 10.074 1.61418
      vertex 14 10.3333 1.75281
      vertex 13.2847 10.4038 1.75281
    endloop
  endfacet
  facet normal -0.0464285 -0.470988 0.880917
    outer loop
      vertex 14 10.074 1.61418
      vertex 13.2847 10.4038 1.75281
      vertex 13.2341 10.1495 1.61418
    endloop
  endfacet
  facet normal -0.0622618 -0.632995 0.771648
    outer loop
      vertex 14 10.3333 1.75281
      vertex 14 10.5607 1.93935
      vertex 13.329 10.6267 1.93935
    endloop
  endfacet
  facet normal -0.0624094 -0.633212 0.771458
    outer loop
      vertex 14 10.3333 1.75281
      vertex 13.329 10.6267 1.93935
      vertex 13.2847 10.4038 1.75281
    endloop
  endfacet
  facet normal -0.0759199 -0.77086 0.632464
    outer loop
      vertex 14 10.5607 1.93935
      vertex 14 10.7472 2.16666
      vertex 13.3654 10.8097 2.16666
    endloop
  endfacet
  facet normal -0.0758098 -0.770733 0.632632
    outer loop
      vertex 14 10.5607 1.93935
      vertex 13.3654 10.8097 2.16666
      vertex 13.329 10.6267 1.93935
    endloop
  endfacet
  facet normal -0.0866325 -0.878619 0.4696
    outer loop
      vertex 14 10.7472 2.16666
      vertex 14 10.8858 2.42598
      vertex 13.3925 10.9457 2.42598
    endloop
  endfacet
  facet normal -0.086524 -0.87853 0.469786
    outer loop
      vertex 14 10.7472 2.16666
      vertex 13.3925 10.9457 2.42598
      vertex 13.3654 10.8097 2.16666
    endloop
  endfacet
  facet normal -0.093833 -0.952679 0.289132
    outer loop
      vertex 14 10.8858 2.42598
      vertex 14 10.9712 2.70737
      vertex 13.4091 11.0294 2.70737
    endloop
  endfacet
  facet normal -0.0939399 -0.952729 0.288933
    outer loop
      vertex 14 10.8858 2.42598
      vertex 13.4091 11.0294 2.70737
      vertex 13.3925 10.9457 2.42598
    endloop
  endfacet
  facet normal -0.0974715 -0.990453 0.0974782
    outer loop
      vertex 14 10.9712 2.70737
      vertex 14 11 3
      vertex 13.4147 11.0576 3
    endloop
  endfacet
  facet normal -0.0975543 -0.990461 0.0973151
    outer loop
      vertex 14 10.9712 2.70737
      vertex 13.4147 11.0576 3
      vertex 13.4091 11.0294 2.70737
    endloop
  endfacet
  facet normal -0.0285858 -0.0942394 0.995139
    outer loop
      vertex 13.1221 9.58647 1.5
      vertex 13.1792 9.87348 1.52882
      vertex 12.3899 10.1129 1.52882
    endloop
  endfacet
  facet normal -0.0285853 -0.0942386 0.995139
    outer loop
      vertex 13.1221 9.58647 1.5
      vertex 12.3899 10.1129 1.52882
      vertex 12.2779 9.84254 1.5
    endloop
  endfacet
  facet normal -0.0846242 -0.278987 0.956559
    outer loop
      vertex 13.1792 9.87348 1.52882
      vertex 13.2341 10.1495 1.61418
      vertex 12.4976 10.3729 1.61418
    endloop
  endfacet
  facet normal -0.0846267 -0.27899 0.956558
    outer loop
      vertex 13.1792 9.87348 1.52882
      vertex 12.4976 10.3729 1.61418
      vertex 12.3899 10.1129 1.52882
    endloop
  endfacet
  facet normal -0.1374 -0.452887 0.880917
    outer loop
      vertex 13.2341 10.1495 1.61418
      vertex 13.2847 10.4038 1.75281
      vertex 12.5968 10.6125 1.75281
    endloop
  endfacet
  facet normal -0.137358 -0.452838 0.880949
    outer loop
      vertex 13.2341 10.1495 1.61418
      vertex 12.5968 10.6125 1.75281
      vertex 12.4976 10.3729 1.61418
    endloop
  endfacet
  facet normal -0.184778 -0.608879 0.771442
    outer loop
      vertex 13.2847 10.4038 1.75281
      vertex 13.329 10.6267 1.93935
      vertex 12.6838 10.8225 1.93935
    endloop
  endfacet
  facet normal -0.184704 -0.608807 0.771517
    outer loop
      vertex 13.2847 10.4038 1.75281
      vertex 12.6838 10.8225 1.93935
      vertex 12.5968 10.6125 1.75281
    endloop
  endfacet
  facet normal -0.224808 -0.741102 0.632637
    outer loop
      vertex 13.329 10.6267 1.93935
      vertex 13.3654 10.8097 2.16666
      vertex 12.7552 10.9948 2.16666
    endloop
  endfacet
  facet normal -0.224933 -0.741199 0.632479
    outer loop
      vertex 13.329 10.6267 1.93935
      vertex 12.7552 10.9948 2.16666
      vertex 12.6838 10.8225 1.93935
    endloop
  endfacet
  facet normal -0.256234 -0.844761 0.469811
    outer loop
      vertex 13.3654 10.8097 2.16666
      vertex 13.3925 10.9457 2.42598
      vertex 12.8083 11.1229 2.42598
    endloop
  endfacet
  facet normal -0.256256 -0.844773 0.469777
    outer loop
      vertex 13.3654 10.8097 2.16666
      vertex 12.8083 11.1229 2.42598
      vertex 12.7552 10.9948 2.16666
    endloop
  endfacet
  facet normal -0.277815 -0.916162 0.288903
    outer loop
      vertex 13.3925 10.9457 2.42598
      vertex 13.4091 11.0294 2.70737
      vertex 12.8409 11.2017 2.70737
    endloop
  endfacet
  facet normal -0.277897 -0.916182 0.288762
    outer loop
      vertex 13.3925 10.9457 2.42598
      vertex 12.8409 11.2017 2.70737
      vertex 12.8083 11.1229 2.42598
    endloop
  endfacet
  facet normal -0.289073 -0.952349 0.0973073
    outer loop
      vertex 13.4091 11.0294 2.70737
      vertex 13.4147 11.0576 3
      vertex 12.852 11.2284 3
    endloop
  endfacet
  facet normal -0.288797 -0.952377 0.0978509
    outer loop
      vertex 13.4091 11.0294 2.70737
      vertex 12.852 11.2284 3
      vertex 12.8409 11.2017 2.70737
    endloop
  endfacet
  facet normal -0.0464217 -0.0868497 0.995139
    outer loop
      vertex 12.2779 9.84254 1.5
      vertex 12.3899 10.1129 1.52882
      vertex 11.6625 10.5017 1.52882
    endloop
  endfacet
  facet normal -0.0464248 -0.0868526 0.995139
    outer loop
      vertex 12.2779 9.84254 1.5
      vertex 11.6625 10.5017 1.52882
      vertex 11.4999 10.2584 1.5
    endloop
  endfacet
  facet normal -0.137424 -0.25712 0.956558
    outer loop
      vertex 12.3899 10.1129 1.52882
      vertex 12.4976 10.3729 1.61418
      vertex 11.8188 10.7357 1.61418
    endloop
  endfacet
  facet normal -0.13744 -0.257134 0.956552
    outer loop
      vertex 12.3899 10.1129 1.52882
      vertex 11.8188 10.7357 1.61418
      vertex 11.6625 10.5017 1.52882
    endloop
  endfacet
  facet normal -0.223062 -0.417352 0.880943
    outer loop
      vertex 12.4976 10.3729 1.61418
      vertex 12.5968 10.6125 1.75281
      vertex 11.9629 10.9513 1.75281
    endloop
  endfacet
  facet normal -0.223064 -0.417354 0.880942
    outer loop
      vertex 12.4976 10.3729 1.61418
      vertex 11.9629 10.9513 1.75281
      vertex 11.8188 10.7357 1.61418
    endloop
  endfacet
  facet normal -0.29989 -0.56109 0.77152
    outer loop
      vertex 12.5968 10.6125 1.75281
      vertex 12.6838 10.8225 1.93935
      vertex 12.0892 11.1403 1.93935
    endloop
  endfacet
  facet normal -0.299883 -0.561086 0.771526
    outer loop
      vertex 12.5968 10.6125 1.75281
      vertex 12.0892 11.1403 1.93935
      vertex 11.9629 10.9513 1.75281
    endloop
  endfacet
  facet normal -0.365122 -0.683116 0.632487
    outer loop
      vertex 12.6838 10.8225 1.93935
      vertex 12.7552 10.9948 2.16666
      vertex 12.1928 11.2954 2.16666
    endloop
  endfacet
  facet normal -0.365105 -0.683107 0.632505
    outer loop
      vertex 12.6838 10.8225 1.93935
      vertex 12.1928 11.2954 2.16666
      vertex 12.0892 11.1403 1.93935
    endloop
  endfacet
  facet normal -0.416159 -0.778527 0.469795
    outer loop
      vertex 12.7552 10.9948 2.16666
      vertex 12.8083 11.1229 2.42598
      vertex 12.2699 11.4107 2.42598
    endloop
  endfacet
  facet normal -0.416111 -0.778512 0.469862
    outer loop
      vertex 12.7552 10.9948 2.16666
      vertex 12.2699 11.4107 2.42598
      vertex 12.1928 11.2954 2.16666
    endloop
  endfacet
  facet normal -0.451357 -0.844338 0.288738
    outer loop
      vertex 12.8083 11.1229 2.42598
      vertex 12.8409 11.2017 2.70737
      vertex 12.3173 11.4816 2.70737
    endloop
  endfacet
  facet normal -0.451338 -0.844338 0.28877
    outer loop
      vertex 12.8083 11.1229 2.42598
      vertex 12.3173 11.4816 2.70737
      vertex 12.2699 11.4107 2.42598
    endloop
  endfacet
  facet normal -0.469066 -0.877723 0.0978773
    outer loop
      vertex 12.8409 11.2017 2.70737
      vertex 12.852 11.2284 3
      vertex 12.3333 11.5056 3
    endloop
  endfacet
  facet normal -0.469184 -0.877687 0.0976367
    outer loop
      vertex 12.8409 11.2017 2.70737
      vertex 12.3333 11.5056 3
      vertex 12.3173 11.4816 2.70737
    endloop
  endfacet
  facet normal -0.06247 -0.0761294 0.995139
    outer loop
      vertex 11.4999 10.2584 1.5
      vertex 11.6625 10.5017 1.52882
      vertex 11.0249 11.0249 1.52882
    endloop
  endfacet
  facet normal -0.062481 -0.0761361 0.995138
    outer loop
      vertex 11.4999 10.2584 1.5
      vertex 11.0249 11.0249 1.52882
      vertex 10.818 10.818 1.5
    endloop
  endfacet
  facet normal -0.184964 -0.22539 0.95655
    outer loop
      vertex 11.6625 10.5017 1.52882
      vertex 11.8188 10.7357 1.61418
      vertex 11.2239 11.2239 1.61418
    endloop
  endfacet
  facet normal -0.184937 -0.225374 0.956559
    outer loop
      vertex 11.6625 10.5017 1.52882
      vertex 11.2239 11.2239 1.61418
      vertex 11.0249 11.0249 1.52882
    endloop
  endfacet
  facet normal -0.300217 -0.36579 0.880947
    outer loop
      vertex 11.8188 10.7357 1.61418
      vertex 11.9629 10.9513 1.75281
      vertex 11.4073 11.4073 1.75281
    endloop
  endfacet
  facet normal -0.30016 -0.365762 0.880978
    outer loop
      vertex 11.8188 10.7357 1.61418
      vertex 11.4073 11.4073 1.75281
      vertex 11.2239 11.2239 1.61418
    endloop
  endfacet
  facet normal -0.403574 -0.4918 0.771532
    outer loop
      vertex 11.9629 10.9513 1.75281
      vertex 12.0892 11.1403 1.93935
      vertex 11.568 11.568 1.93935
    endloop
  endfacet
  facet normal -0.403668 -0.491838 0.771458
    outer loop
      vertex 11.9629 10.9513 1.75281
      vertex 11.568 11.568 1.93935
      vertex 11.4073 11.4073 1.75281
    endloop
  endfacet
  facet normal -0.491369 -0.598754 0.632495
    outer loop
      vertex 12.0892 11.1403 1.93935
      vertex 12.1928 11.2954 2.16666
      vertex 11.6999 11.6999 2.16666
    endloop
  endfacet
  facet normal -0.491333 -0.598744 0.632533
    outer loop
      vertex 12.0892 11.1403 1.93935
      vertex 11.6999 11.6999 2.16666
      vertex 11.568 11.568 1.93935
    endloop
  endfacet
  facet normal -0.559854 -0.682467 0.469895
    outer loop
      vertex 12.1928 11.2954 2.16666
      vertex 12.2699 11.4107 2.42598
      vertex 11.7979 11.7979 2.42598
    endloop
  endfacet
  facet normal -0.560088 -0.68249 0.469584
    outer loop
      vertex 12.1928 11.2954 2.16666
      vertex 11.7979 11.7979 2.42598
      vertex 11.6999 11.6999 2.16666
    endloop
  endfacet
  facet normal -0.607373 -0.74007 0.288782
    outer loop
      vertex 12.2699 11.4107 2.42598
      vertex 12.3173 11.4816 2.70737
      vertex 11.8583 11.8583 2.70737
    endloop
  endfacet
  facet normal -0.607138 -0.740106 0.289184
    outer loop
      vertex 12.2699 11.4107 2.42598
      vertex 11.8583 11.8583 2.70737
      vertex 11.7979 11.7979 2.42598
    endloop
  endfacet
  facet normal -0.631383 -0.769303 0.0976161
    outer loop
      vertex 12.3173 11.4816 2.70737
      vertex 12.3333 11.5056 3
      vertex 11.8787 11.8787 3
    endloop
  endfacet
  facet normal -0.63137 -0.76931 0.097645
    outer loop
      vertex 12.3173 11.4816 2.70737
      vertex 11.8787 11.8787 3
      vertex 11.8583 11.8583 2.70737
    endloop
  endfacet
  facet normal -0.0761391 -0.062478 0.995138
    outer loop
      vertex 10.818 10.818 1.5
      vertex 11.0249 11.0249 1.52882
      vertex 10.5017 11.6625 1.52882
    endloop
  endfacet
  facet normal -0.0761271 -0.0624735 0.995139
    outer loop
      vertex 10.818 10.818 1.5
      vertex 10.5017 11.6625 1.52882
      vertex 10.2584 11.4999 1.5
    endloop
  endfacet
  facet normal -0.225366 -0.184945 0.956559
    outer loop
      vertex 11.0249 11.0249 1.52882
      vertex 11.2239 11.2239 1.61418
      vertex 10.7357 11.8188 1.61418
    endloop
  endfacet
  facet normal -0.225396 -0.184955 0.95655
    outer loop
      vertex 11.0249 11.0249 1.52882
      vertex 10.7357 11.8188 1.61418
      vertex 10.5017 11.6625 1.52882
    endloop
  endfacet
  facet normal -0.365744 -0.300178 0.880979
    outer loop
      vertex 11.2239 11.2239 1.61418
      vertex 11.4073 11.4073 1.75281
      vertex 10.9513 11.9629 1.75281
    endloop
  endfacet
  facet normal -0.365805 -0.300195 0.880948
    outer loop
      vertex 11.2239 11.2239 1.61418
      vertex 10.9513 11.9629 1.75281
      vertex 10.7357 11.8188 1.61418
    endloop
  endfacet
  facet normal -0.491871 -0.403632 0.771456
    outer loop
      vertex 11.4073 11.4073 1.75281
      vertex 11.568 11.568 1.93935
      vertex 11.1403 12.0892 1.93935
    endloop
  endfacet
  facet normal -0.491771 -0.403613 0.771529
    outer loop
      vertex 11.4073 11.4073 1.75281
      vertex 11.1403 12.0892 1.93935
      vertex 10.9513 11.9629 1.75281
    endloop
  endfacet
  facet normal -0.598729 -0.491349 0.632534
    outer loop
      vertex 11.568 11.568 1.93935
      vertex 11.6999 11.6999 2.16666
      vertex 11.2954 12.1928 2.16666
    endloop
  endfacet
  facet normal -0.598767 -0.491352 0.632496
    outer loop
      vertex 11.568 11.568 1.93935
      vertex 11.2954 12.1928 2.16666
      vertex 11.1403 12.0892 1.93935
    endloop
  endfacet
  facet normal -0.682598 -0.559962 0.469578
    outer loop
      vertex 11.6999 11.6999 2.16666
      vertex 11.7979 11.7979 2.42598
      vertex 11.4107 12.2699 2.42598
    endloop
  endfacet
  facet normal -0.682365 -0.559985 0.469889
    outer loop
      vertex 11.6999 11.6999 2.16666
      vertex 11.4107 12.2699 2.42598
      vertex 11.2954 12.1928 2.16666
    endloop
  endfacet
  facet normal -0.739974 -0.607295 0.28919
    outer loop
      vertex 11.7979 11.7979 2.42598
      vertex 11.8583 11.8583 2.70737
      vertex 11.4816 12.3173 2.70737
    endloop
  endfacet
  facet normal -0.740198 -0.607213 0.288788
    outer loop
      vertex 11.7979 11.7979 2.42598
      vertex 11.4816 12.3173 2.70737
      vertex 11.4107 12.2699 2.42598
    endloop
  endfacet
  facet normal -0.7693 -0.631381 0.0976452
    outer loop
      vertex 11.8583 11.8583 2.70737
      vertex 11.8787 11.8787 3
      vertex 11.5056 12.3333 3
    endloop
  endfacet
  facet normal -0.769312 -0.631372 0.0976162
    outer loop
      vertex 11.8583 11.8583 2.70737
      vertex 11.5056 12.3333 3
      vertex 11.4816 12.3173 2.70737
    endloop
  endfacet
  facet normal -0.0868533 -0.0464237 0.995139
    outer loop
      vertex 10.2584 11.4999 1.5
      vertex 10.5017 11.6625 1.52882
      vertex 10.1129 12.3899 1.52882
    endloop
  endfacet
  facet normal -0.0868492 -0.046423 0.995139
    outer loop
      vertex 10.2584 11.4999 1.5
      vertex 10.1129 12.3899 1.52882
      vertex 9.84254 12.2779 1.5
    endloop
  endfacet
  facet normal -0.257139 -0.137434 0.956552
    outer loop
      vertex 10.5017 11.6625 1.52882
      vertex 10.7357 11.8188 1.61418
      vertex 10.3729 12.4976 1.61418
    endloop
  endfacet
  facet normal -0.257117 -0.137431 0.956558
    outer loop
      vertex 10.5017 11.6625 1.52882
      vertex 10.3729 12.4976 1.61418
      vertex 10.1129 12.3899 1.52882
    endloop
  endfacet
  facet normal -0.417354 -0.223063 0.880942
    outer loop
      vertex 10.7357 11.8188 1.61418
      vertex 10.9513 11.9629 1.75281
      vertex 10.6125 12.5968 1.75281
    endloop
  endfacet
  facet normal -0.417351 -0.223063 0.880943
    outer loop
      vertex 10.7357 11.8188 1.61418
      vertex 10.6125 12.5968 1.75281
      vertex 10.3729 12.4976 1.61418
    endloop
  endfacet
  facet normal -0.561084 -0.299886 0.771526
    outer loop
      vertex 10.9513 11.9629 1.75281
      vertex 11.1403 12.0892 1.93935
      vertex 10.8225 12.6838 1.93935
    endloop
  endfacet
  facet normal -0.561092 -0.299886 0.771521
    outer loop
      vertex 10.9513 11.9629 1.75281
      vertex 10.8225 12.6838 1.93935
      vertex 10.6125 12.5968 1.75281
    endloop
  endfacet
  facet normal -0.683102 -0.365114 0.632506
    outer loop
      vertex 11.1403 12.0892 1.93935
      vertex 11.2954 12.1928 2.16666
      vertex 10.9948 12.7552 2.16666
    endloop
  endfacet
  facet normal -0.68312 -0.365112 0.632487
    outer loop
      vertex 11.1403 12.0892 1.93935
      vertex 10.9948 12.7552 2.16666
      vertex 10.8225 12.6838 1.93935
    endloop
  endfacet
  facet normal -0.778495 -0.416142 0.469863
    outer loop
      vertex 11.2954 12.1928 2.16666
      vertex 11.4107 12.2699 2.42598
      vertex 11.1229 12.8083 2.42598
    endloop
  endfacet
  facet normal -0.778543 -0.416127 0.469797
    outer loop
      vertex 11.2954 12.1928 2.16666
      vertex 11.1229 12.8083 2.42598
      vertex 10.9948 12.7552 2.16666
    endloop
  endfacet
  facet normal -0.84433 -0.451352 0.28877
    outer loop
      vertex 11.4107 12.2699 2.42598
      vertex 11.4816 12.3173 2.70737
      vertex 11.2017 12.8409 2.70737
    endloop
  endfacet
  facet normal -0.844346 -0.451342 0.288739
    outer loop
      vertex 11.4107 12.2699 2.42598
      vertex 11.2017 12.8409 2.70737
      vertex 11.1229 12.8083 2.42598
    endloop
  endfacet
  facet normal -0.877743 -0.469077 0.0976355
    outer loop
      vertex 11.4816 12.3173 2.70737
      vertex 11.5056 12.3333 3
      vertex 11.2284 12.852 3
    endloop
  endfacet
  facet normal -0.877666 -0.469172 0.0978761
    outer loop
      vertex 11.4816 12.3173 2.70737
      vertex 11.2284 12.852 3
      vertex 11.2017 12.8409 2.70737
    endloop
  endfacet
  facet normal -0.0942385 -0.0285856 0.995139
    outer loop
      vertex 10.1129 12.3899 1.52882
      vertex 9.87348 13.1792 1.52882
      vertex 9.84254 12.2779 1.5
    endloop
  endfacet
  facet normal -0.0942395 -0.0285855 0.995139
    outer loop
      vertex 9.84254 12.2779 1.5
      vertex 9.87348 13.1792 1.52882
      vertex 9.58647 13.1221 1.5
    endloop
  endfacet
  facet normal -0.278991 -0.0846253 0.956558
    outer loop
      vertex 10.3729 12.4976 1.61418
      vertex 10.1495 13.2341 1.61418
      vertex 10.1129 12.3899 1.52882
    endloop
  endfacet
  facet normal -0.278987 -0.0846256 0.956559
    outer loop
      vertex 10.1129 12.3899 1.52882
      vertex 10.1495 13.2341 1.61418
      vertex 9.87348 13.1792 1.52882
    endloop
  endfacet
  facet normal -0.452829 -0.137382 0.88095
    outer loop
      vertex 10.6125 12.5968 1.75281
      vertex 10.4038 13.2847 1.75281
      vertex 10.3729 12.4976 1.61418
    endloop
  endfacet
  facet normal -0.452892 -0.137374 0.880918
    outer loop
      vertex 10.3729 12.4976 1.61418
      vertex 10.4038 13.2847 1.75281
      vertex 10.1495 13.2341 1.61418
    endloop
  endfacet
  facet normal -0.60879 -0.184751 0.771519
    outer loop
      vertex 10.8225 12.6838 1.93935
      vertex 10.6267 13.329 1.93935
      vertex 10.6125 12.5968 1.75281
    endloop
  endfacet
  facet normal -0.608891 -0.18473 0.771445
    outer loop
      vertex 10.6125 12.5968 1.75281
      vertex 10.6267 13.329 1.93935
      vertex 10.4038 13.2847 1.75281
    endloop
  endfacet
  facet normal -0.741229 -0.224847 0.632474
    outer loop
      vertex 10.8225 12.6838 1.93935
      vertex 10.9948 12.7552 2.16666
      vertex 10.8097 13.3654 2.16666
    endloop
  endfacet
  facet normal -0.741079 -0.224897 0.632632
    outer loop
      vertex 10.8225 12.6838 1.93935
      vertex 10.8097 13.3654 2.16666
      vertex 10.6267 13.329 1.93935
    endloop
  endfacet
  facet normal -0.844779 -0.256239 0.469777
    outer loop
      vertex 10.9948 12.7552 2.16666
      vertex 11.1229 12.8083 2.42598
      vertex 10.9457 13.3925 2.42598
    endloop
  endfacet
  facet normal -0.844756 -0.256251 0.469811
    outer loop
      vertex 10.9948 12.7552 2.16666
      vertex 10.9457 13.3925 2.42598
      vertex 10.8097 13.3654 2.16666
    endloop
  endfacet
  facet normal -0.916204 -0.277828 0.28876
    outer loop
      vertex 11.1229 12.8083 2.42598
      vertex 11.2017 12.8409 2.70737
      vertex 11.0294 13.4091 2.70737
    endloop
  endfacet
  facet normal -0.916142 -0.277885 0.288901
    outer loop
      vertex 11.1229 12.8083 2.42598
      vertex 11.0294 13.4091 2.70737
      vertex 10.9457 13.3925 2.42598
    endloop
  endfacet
  facet normal -0.952298 -0.289057 0.0978535
    outer loop
      vertex 11.2017 12.8409 2.70737
      vertex 11.2284 12.852 3
      vertex 11.0576 13.4147 3
    endloop
  endfacet
  facet normal -0.952427 -0.288812 0.0973099
    outer loop
      vertex 11.2017 12.8409 2.70737
      vertex 11.0576 13.4147 3
      vertex 11.0294 13.4091 2.70737
    endloop
  endfacet
  facet normal -0.0980059 -0.00965373 0.995139
    outer loop
      vertex 9.87348 13.1792 1.52882
      vertex 9.79263 14 1.52882
      vertex 9.58647 13.1221 1.5
    endloop
  endfacet
  facet normal -0.0980074 -0.00965338 0.995139
    outer loop
      vertex 9.58647 13.1221 1.5
      vertex 9.79263 14 1.52882
      vertex 9.5 14 1.5
    endloop
  endfacet
  facet normal -0.29013 -0.0286001 0.95656
    outer loop
      vertex 10.1495 13.2341 1.61418
      vertex 10.074 14 1.61418
      vertex 9.87348 13.1792 1.52882
    endloop
  endfacet
  facet normal -0.290189 -0.028584 0.956542
    outer loop
      vertex 9.87348 13.1792 1.52882
      vertex 10.074 14 1.61418
      vertex 9.79263 14 1.52882
    endloop
  endfacet
  facet normal -0.470989 -0.0464207 0.880917
    outer loop
      vertex 10.4038 13.2847 1.75281
      vertex 10.3333 14 1.75281
      vertex 10.1495 13.2341 1.61418
    endloop
  endfacet
  facet normal -0.470971 -0.0464268 0.880926
    outer loop
      vertex 10.1495 13.2341 1.61418
      vertex 10.3333 14 1.75281
      vertex 10.074 14 1.61418
    endloop
  endfacet
  facet normal -0.633232 -0.0622851 0.771452
    outer loop
      vertex 10.6267 13.329 1.93935
      vertex 10.5607 14 1.93935
      vertex 10.4038 13.2847 1.75281
    endloop
  endfacet
  facet normal -0.63299 -0.0623876 0.771642
    outer loop
      vertex 10.4038 13.2847 1.75281
      vertex 10.5607 14 1.93935
      vertex 10.3333 14 1.75281
    endloop
  endfacet
  facet normal -0.77072 -0.0759061 0.632637
    outer loop
      vertex 10.8097 13.3654 2.16666
      vertex 10.7472 14 2.16666
      vertex 10.6267 13.329 1.93935
    endloop
  endfacet
  facet normal -0.770866 -0.0758229 0.632469
    outer loop
      vertex 10.6267 13.329 1.93935
      vertex 10.7472 14 2.16666
      vertex 10.5607 14 1.93935
    endloop
  endfacet
  facet normal -0.878518 -0.0866226 0.46979
    outer loop
      vertex 10.9457 13.3925 2.42598
      vertex 10.8858 14 2.42598
      vertex 10.8097 13.3654 2.16666
    endloop
  endfacet
  facet normal -0.878626 -0.0865335 0.469604
    outer loop
      vertex 10.8097 13.3654 2.16666
      vertex 10.8858 14 2.42598
      vertex 10.7472 14 2.16666
    endloop
  endfacet
  facet normal -0.95274 -0.093839 0.28893
    outer loop
      vertex 11.0294 13.4091 2.70737
      vertex 10.9712 14 2.70737
      vertex 10.9457 13.3925 2.42598
    endloop
  endfacet
  facet normal -0.95267 -0.0939341 0.289129
    outer loop
      vertex 10.9457 13.3925 2.42598
      vertex 10.9712 14 2.70737
      vertex 10.8858 14 2.42598
    endloop
  endfacet
  facet normal -0.990469 -0.0974731 0.0973143
    outer loop
      vertex 11.0294 13.4091 2.70737
      vertex 11.0576 13.4147 3
      vertex 11 14 3
    endloop
  endfacet
  facet normal -0.990445 -0.0975527 0.0974774
    outer loop
      vertex 11.0294 13.4091 2.70737
      vertex 11 14 3
      vertex 10.9712 14 2.70737
    endloop
  endfacet
  facet normal -0.0980074 0.00965387 0.995139
    outer loop
      vertex 9.79263 14 1.52882
      vertex 9.87348 14.8208 1.52882
      vertex 9.5 14 1.5
    endloop
  endfacet
  facet normal -0.098006 0.00965324 0.995139
    outer loop
      vertex 9.87348 14.8208 1.52882
      vertex 9.58647 14.8779 1.5
      vertex 9.5 14 1.5
    endloop
  endfacet
  facet normal -0.290189 0.0286059 0.956542
    outer loop
      vertex 10.074 14 1.61418
      vertex 10.1495 14.7659 1.61418
      vertex 9.79263 14 1.52882
    endloop
  endfacet
  facet normal -0.290134 0.0285787 0.956559
    outer loop
      vertex 10.1495 14.7659 1.61418
      vertex 9.87348 14.8208 1.52882
      vertex 9.79263 14 1.52882
    endloop
  endfacet
  facet normal -0.470971 0.0464189 0.880926
    outer loop
      vertex 10.3333 14 1.75281
      vertex 10.4038 14.7153 1.75281
      vertex 10.074 14 1.61418
    endloop
  endfacet
  facet normal -0.470988 0.0464285 0.880917
    outer loop
      vertex 10.4038 14.7153 1.75281
      vertex 10.1495 14.7659 1.61418
      vertex 10.074 14 1.61418
    endloop
  endfacet
  facet normal -0.632995 0.0622618 0.771648
    outer loop
      vertex 10.5607 14 1.93935
      vertex 10.6267 14.671 1.93935
      vertex 10.3333 14 1.75281
    endloop
  endfacet
  facet normal -0.633212 0.0624094 0.771458
    outer loop
      vertex 10.6267 14.671 1.93935
      vertex 10.4038 14.7153 1.75281
      vertex 10.3333 14 1.75281
    endloop
  endfacet
  facet normal -0.77086 0.0759199 0.632464
    outer loop
      vertex 10.7472 14 2.16666
      vertex 10.8097 14.6346 2.16666
      vertex 10.5607 14 1.93935
    endloop
  endfacet
  facet normal -0.770733 0.0758098 0.632632
    outer loop
      vertex 10.8097 14.6346 2.16666
      vertex 10.6267 14.671 1.93935
      vertex 10.5607 14 1.93935
    endloop
  endfacet
  facet normal -0.878619 0.0866325 0.4696
    outer loop
      vertex 10.8858 14 2.42598
      vertex 10.9457 14.6075 2.42598
      vertex 10.7472 14 2.16666
    endloop
  endfacet
  facet normal -0.87853 0.086524 0.469786
    outer loop
      vertex 10.9457 14.6075 2.42598
      vertex 10.8097 14.6346 2.16666
      vertex 10.7472 14 2.16666
    endloop
  endfacet
  facet normal -0.952679 0.093833 0.289132
    outer loop
      vertex 10.9712 14 2.70737
      vertex 11.0294 14.5909 2.70737
      vertex 10.8858 14 2.42598
    endloop
  endfacet
  facet normal -0.952729 0.0939399 0.288933
    outer loop
      vertex 11.0294 14.5909 2.70737
      vertex 10.9457 14.6075 2.42598
      vertex 10.8858 14 2.42598
    endloop
  endfacet
  facet normal -0.990453 0.0974715 0.0974782
    outer loop
      vertex 11 14 3
      vertex 11.0576 14.5853 3
      vertex 10.9712 14 2.70737
    endloop
  endfacet
  facet normal -0.990461 0.0975543 0.0973151
    outer loop
      vertex 11.0576 14.5853 3
      vertex 11.0294 14.5909 2.70737
      vertex 10.9712 14 2.70737
    endloop
  endfacet
  facet normal -0.0942394 0.0285858 0.995139
    outer loop
      vertex 9.87348 14.8208 1.52882
      vertex 10.1129 15.6101 1.52882
      vertex 9.58647 14.8779 1.5
    endloop
  endfacet
  facet normal -0.0942386 0.0285853 0.995139
    outer loop
      vertex 10.1129 15.6101 1.52882
      vertex 9.84254 15.7221 1.5
      vertex 9.58647 14.8779 1.5
    endloop
  endfacet
  facet normal -0.278987 0.0846242 0.956559
    outer loop
      vertex 10.1495 14.7659 1.61418
      vertex 10.3729 15.5024 1.61418
      vertex 9.87348 14.8208 1.52882
    endloop
  endfacet
  facet normal -0.27899 0.0846267 0.956558
    outer loop
      vertex 10.3729 15.5024 1.61418
      vertex 10.1129 15.6101 1.52882
      vertex 9.87348 14.8208 1.52882
    endloop
  endfacet
  facet normal -0.452887 0.1374 0.880917
    outer loop
      vertex 10.4038 14.7153 1.75281
      vertex 10.6125 15.4032 1.75281
      vertex 10.1495 14.7659 1.61418
    endloop
  endfacet
  facet normal -0.452838 0.137358 0.880949
    outer loop
      vertex 10.6125 15.4032 1.75281
      vertex 10.3729 15.5024 1.61418
      vertex 10.1495 14.7659 1.61418
    endloop
  endfacet
  facet normal -0.608879 0.184778 0.771442
    outer loop
      vertex 10.6267 14.671 1.93935
      vertex 10.8225 15.3162 1.93935
      vertex 10.4038 14.7153 1.75281
    endloop
  endfacet
  facet normal -0.608807 0.184704 0.771517
    outer loop
      vertex 10.8225 15.3162 1.93935
      vertex 10.6125 15.4032 1.75281
      vertex 10.4038 14.7153 1.75281
    endloop
  endfacet
  facet normal -0.741102 0.224808 0.632637
    outer loop
      vertex 10.8097 14.6346 2.16666
      vertex 10.9948 15.2448 2.16666
      vertex 10.6267 14.671 1.93935
    endloop
  endfacet
  facet normal -0.741199 0.224933 0.632479
    outer loop
      vertex 10.9948 15.2448 2.16666
      vertex 10.8225 15.3162 1.93935
      vertex 10.6267 14.671 1.93935
    endloop
  endfacet
  facet normal -0.844761 0.256234 0.469811
    outer loop
      vertex 10.9457 14.6075 2.42598
      vertex 11.1229 15.1917 2.42598
      vertex 10.8097 14.6346 2.16666
    endloop
  endfacet
  facet normal -0.844773 0.256256 0.469777
    outer loop
      vertex 11.1229 15.1917 2.42598
      vertex 10.9948 15.2448 2.16666
      vertex 10.8097 14.6346 2.16666
    endloop
  endfacet
  facet normal -0.916162 0.277815 0.288903
    outer loop
      vertex 11.0294 14.5909 2.70737
      vertex 11.2017 15.1591 2.70737
      vertex 10.9457 14.6075 2.42598
    endloop
  endfacet
  facet normal -0.916182 0.277897 0.288762
    outer loop
      vertex 11.2017 15.1591 2.70737
      vertex 11.1229 15.1917 2.42598
      vertex 10.9457 14.6075 2.42598
    endloop
  endfacet
  facet normal -0.952349 0.289073 0.0973073
    outer loop
      vertex 11.0576 14.5853 3
      vertex 11.2284 15.148 3
      vertex 11.0294 14.5909 2.70737
    endloop
  endfacet
  facet normal -0.952377 0.288797 0.0978509
    outer loop
      vertex 11.2284 15.148 3
      vertex 11.2017 15.1591 2.70737
      vertex 11.0294 14.5909 2.70737
    endloop
  endfacet
  facet normal -0.0868497 0.0464217 0.995139
    outer loop
      vertex 10.1129 15.6101 1.52882
      vertex 10.5017 16.3375 1.52882
      vertex 9.84254 15.7221 1.5
    endloop
  endfacet
  facet normal -0.0868526 0.0464248 0.995139
    outer loop
      vertex 10.5017 16.3375 1.52882
      vertex 10.2584 16.5001 1.5
      vertex 9.84254 15.7221 1.5
    endloop
  endfacet
  facet normal -0.25712 0.137424 0.956558
    outer loop
      vertex 10.3729 15.5024 1.61418
      vertex 10.7357 16.1812 1.61418
      vertex 10.1129 15.6101 1.52882
    endloop
  endfacet
  facet normal -0.257134 0.13744 0.956552
    outer loop
      vertex 10.7357 16.1812 1.61418
      vertex 10.5017 16.3375 1.52882
      vertex 10.1129 15.6101 1.52882
    endloop
  endfacet
  facet normal -0.417352 0.223062 0.880943
    outer loop
      vertex 10.6125 15.4032 1.75281
      vertex 10.9513 16.0371 1.75281
      vertex 10.3729 15.5024 1.61418
    endloop
  endfacet
  facet normal -0.417354 0.223064 0.880942
    outer loop
      vertex 10.9513 16.0371 1.75281
      vertex 10.7357 16.1812 1.61418
      vertex 10.3729 15.5024 1.61418
    endloop
  endfacet
  facet normal -0.56109 0.29989 0.77152
    outer loop
      vertex 10.8225 15.3162 1.93935
      vertex 11.1403 15.9108 1.93935
      vertex 10.6125 15.4032 1.75281
    endloop
  endfacet
  facet normal -0.561086 0.299883 0.771526
    outer loop
      vertex 11.1403 15.9108 1.93935
      vertex 10.9513 16.0371 1.75281
      vertex 10.6125 15.4032 1.75281
    endloop
  endfacet
  facet normal -0.683116 0.365122 0.632487
    outer loop
      vertex 10.9948 15.2448 2.16666
      vertex 11.2954 15.8072 2.16666
      vertex 10.8225 15.3162 1.93935
    endloop
  endfacet
  facet normal -0.683107 0.365105 0.632505
    outer loop
      vertex 11.2954 15.8072 2.16666
      vertex 11.1403 15.9108 1.93935
      vertex 10.8225 15.3162 1.93935
    endloop
  endfacet
  facet normal -0.778527 0.416159 0.469795
    outer loop
      vertex 11.1229 15.1917 2.42598
      vertex 11.4107 15.7301 2.42598
      vertex 10.9948 15.2448 2.16666
    endloop
  endfacet
  facet normal -0.778512 0.416111 0.469862
    outer loop
      vertex 11.4107 15.7301 2.42598
      vertex 11.2954 15.8072 2.16666
      vertex 10.9948 15.2448 2.16666
    endloop
  endfacet
  facet normal -0.844338 0.451357 0.288738
    outer loop
      vertex 11.2017 15.1591 2.70737
      vertex 11.4816 15.6827 2.70737
      vertex 11.1229 15.1917 2.42598
    endloop
  endfacet
  facet normal -0.844338 0.451338 0.28877
    outer loop
      vertex 11.4816 15.6827 2.70737
      vertex 11.4107 15.7301 2.42598
      vertex 11.1229 15.1917 2.42598
    endloop
  endfacet
  facet normal -0.877723 0.469066 0.0978773
    outer loop
      vertex 11.2284 15.148 3
      vertex 11.5056 15.6667 3
      vertex 11.2017 15.1591 2.70737
    endloop
  endfacet
  facet normal -0.877687 0.469184 0.0976367
    outer loop
      vertex 11.5056 15.6667 3
      vertex 11.4816 15.6827 2.70737
      vertex 11.2017 15.1591 2.70737
    endloop
  endfacet
  facet normal -0.0761294 0.06247 0.995139
    outer loop
      vertex 10.5017 16.3375 1.52882
      vertex 11.0249 16.9751 1.52882
      vertex 10.2584 16.5001 1.5
    endloop
  endfacet
  facet normal -0.0761361 0.062481 0.995138
    outer loop
      vertex 11.0249 16.9751 1.52882
      vertex 10.818 17.182 1.5
      vertex 10.2584 16.5001 1.5
    endloop
  endfacet
  facet normal -0.22539 0.184964 0.95655
    outer loop
      vertex 10.7357 16.1812 1.61418
      vertex 11.2239 16.7761 1.61418
      vertex 10.5017 16.3375 1.52882
    endloop
  endfacet
  facet normal -0.225374 0.184937 0.956559
    outer loop
      vertex 11.2239 16.7761 1.61418
      vertex 11.0249 16.9751 1.52882
      vertex 10.5017 16.3375 1.52882
    endloop
  endfacet
  facet normal -0.36579 0.300217 0.880947
    outer loop
      vertex 10.9513 16.0371 1.75281
      vertex 11.4073 16.5927 1.75281
      vertex 10.7357 16.1812 1.61418
    endloop
  endfacet
  facet normal -0.365762 0.30016 0.880978
    outer loop
      vertex 11.4073 16.5927 1.75281
      vertex 11.2239 16.7761 1.61418
      vertex 10.7357 16.1812 1.61418
    endloop
  endfacet
  facet normal -0.4918 0.403574 0.771532
    outer loop
      vertex 11.1403 15.9108 1.93935
      vertex 11.568 16.432 1.93935
      vertex 10.9513 16.0371 1.75281
    endloop
  endfacet
  facet normal -0.491838 0.403668 0.771458
    outer loop
      vertex 11.568 16.432 1.93935
      vertex 11.4073 16.5927 1.75281
      vertex 10.9513 16.0371 1.75281
    endloop
  endfacet
  facet normal -0.598754 0.491369 0.632495
    outer loop
      vertex 11.2954 15.8072 2.16666
      vertex 11.6999 16.3001 2.16666
      vertex 11.1403 15.9108 1.93935
    endloop
  endfacet
  facet normal -0.598744 0.491333 0.632533
    outer loop
      vertex 11.6999 16.3001 2.16666
      vertex 11.568 16.432 1.93935
      vertex 11.1403 15.9108 1.93935
    endloop
  endfacet
  facet normal -0.682467 0.559854 0.469895
    outer loop
      vertex 11.4107 15.7301 2.42598
      vertex 11.7979 16.2021 2.42598
      vertex 11.2954 15.8072 2.16666
    endloop
  endfacet
  facet normal -0.68249 0.560088 0.469584
    outer loop
      vertex 11.7979 16.2021 2.42598
      vertex 11.6999 16.3001 2.16666
      vertex 11.2954 15.8072 2.16666
    endloop
  endfacet
  facet normal -0.74007 0.607373 0.288782
    outer loop
      vertex 11.4816 15.6827 2.70737
      vertex 11.8583 16.1417 2.70737
      vertex 11.4107 15.7301 2.42598
    endloop
  endfacet
  facet normal -0.740106 0.607138 0.289184
    outer loop
      vertex 11.8583 16.1417 2.70737
      vertex 11.7979 16.2021 2.42598
      vertex 11.4107 15.7301 2.42598
    endloop
  endfacet
  facet normal -0.769303 0.631383 0.0976161
    outer loop
      vertex 11.5056 15.6667 3
      vertex 11.8787 16.1213 3
      vertex 11.4816 15.6827 2.70737
    endloop
  endfacet
  facet normal -0.76931 0.63137 0.097645
    outer loop
      vertex 11.8787 16.1213 3
      vertex 11.8583 16.1417 2.70737
      vertex 11.4816 15.6827 2.70737
    endloop
  endfacet
  facet normal -0.062478 0.0761391 0.995138
    outer loop
      vertex 11.0249 16.9751 1.52882
      vertex 11.6625 17.4983 1.52882
      vertex 10.818 17.182 1.5
    endloop
  endfacet
  facet normal -0.0624735 0.0761271 0.995139
    outer loop
      vertex 11.6625 17.4983 1.52882
      vertex 11.4999 17.7416 1.5
      vertex 10.818 17.182 1.5
    endloop
  endfacet
  facet normal -0.184945 0.225366 0.956559
    outer loop
      vertex 11.2239 16.7761 1.61418
      vertex 11.8188 17.2643 1.61418
      vertex 11.0249 16.9751 1.52882
    endloop
  endfacet
  facet normal -0.184955 0.225396 0.95655
    outer loop
      vertex 11.8188 17.2643 1.61418
      vertex 11.6625 17.4983 1.52882
      vertex 11.0249 16.9751 1.52882
    endloop
  endfacet
  facet normal -0.300178 0.365744 0.880979
    outer loop
      vertex 11.4073 16.5927 1.75281
      vertex 11.9629 17.0487 1.75281
      vertex 11.2239 16.7761 1.61418
    endloop
  endfacet
  facet normal -0.300195 0.365805 0.880948
    outer loop
      vertex 11.9629 17.0487 1.75281
      vertex 11.8188 17.2643 1.61418
      vertex 11.2239 16.7761 1.61418
    endloop
  endfacet
  facet normal -0.403632 0.491871 0.771456
    outer loop
      vertex 11.568 16.432 1.93935
      vertex 12.0892 16.8597 1.93935
      vertex 11.4073 16.5927 1.75281
    endloop
  endfacet
  facet normal -0.403613 0.491771 0.771529
    outer loop
      vertex 12.0892 16.8597 1.93935
      vertex 11.9629 17.0487 1.75281
      vertex 11.4073 16.5927 1.75281
    endloop
  endfacet
  facet normal -0.491349 0.598729 0.632534
    outer loop
      vertex 11.6999 16.3001 2.16666
      vertex 12.1928 16.7046 2.16666
      vertex 11.568 16.432 1.93935
    endloop
  endfacet
  facet normal -0.491352 0.598767 0.632496
    outer loop
      vertex 12.1928 16.7046 2.16666
      vertex 12.0892 16.8597 1.93935
      vertex 11.568 16.432 1.93935
    endloop
  endfacet
  facet normal -0.559962 0.682598 0.469578
    outer loop
      vertex 11.7979 16.2021 2.42598
      vertex 12.2699 16.5893 2.42598
      vertex 11.6999 16.3001 2.16666
    endloop
  endfacet
  facet normal -0.559985 0.682365 0.469889
    outer loop
      vertex 12.2699 16.5893 2.42598
      vertex 12.1928 16.7046 2.16666
      vertex 11.6999 16.3001 2.16666
    endloop
  endfacet
  facet normal -0.607295 0.739974 0.28919
    outer loop
      vertex 11.8583 16.1417 2.70737
      vertex 12.3173 16.5184 2.70737
      vertex 11.7979 16.2021 2.42598
    endloop
  endfacet
  facet normal -0.607213 0.740198 0.288788
    outer loop
      vertex 12.3173 16.5184 2.70737
      vertex 12.2699 16.5893 2.42598
      vertex 11.7979 16.2021 2.42598
    endloop
  endfacet
  facet normal -0.631381 0.7693 0.0976452
    outer loop
      vertex 11.8787 16.1213 3
      vertex 12.3333 16.4944 3
      vertex 11.8583 16.1417 2.70737
    endloop
  endfacet
  facet normal -0.631372 0.769312 0.0976162
    outer loop
      vertex 12.3333 16.4944 3
      vertex 12.3173 16.5184 2.70737
      vertex 11.8583 16.1417 2.70737
    endloop
  endfacet
  facet normal -0.0464237 0.0868533 0.995139
    outer loop
      vertex 11.6625 17.4983 1.52882
      vertex 12.3899 17.8871 1.52882
      vertex 11.4999 17.7416 1.5
    endloop
  endfacet
  facet normal -0.0464211 0.0868372 0.99514
    outer loop
      vertex 12.3899 17.8871 1.52882
      vertex 12.2779 18.1575 1.5
      vertex 11.4999 17.7416 1.5
    endloop
  endfacet
  facet normal -0.137434 0.257139 0.956552
    outer loop
      vertex 11.8188 17.2643 1.61418
      vertex 12.4976 17.6271 1.61418
      vertex 11.6625 17.4983 1.52882
    endloop
  endfacet
  facet normal -0.137431 0.257117 0.956558
    outer loop
      vertex 12.4976 17.6271 1.61418
      vertex 12.3899 17.8871 1.52882
      vertex 11.6625 17.4983 1.52882
    endloop
  endfacet
  facet normal -0.223063 0.417354 0.880942
    outer loop
      vertex 11.9629 17.0487 1.75281
      vertex 12.5968 17.3875 1.75281
      vertex 11.8188 17.2643 1.61418
    endloop
  endfacet
  facet normal -0.223063 0.417351 0.880943
    outer loop
      vertex 12.5968 17.3875 1.75281
      vertex 12.4976 17.6271 1.61418
      vertex 11.8188 17.2643 1.61418
    endloop
  endfacet
  facet normal -0.299886 0.561084 0.771526
    outer loop
      vertex 12.0892 16.8597 1.93935
      vertex 12.6838 17.1775 1.93935
      vertex 11.9629 17.0487 1.75281
    endloop
  endfacet
  facet normal -0.299886 0.561092 0.771521
    outer loop
      vertex 12.6838 17.1775 1.93935
      vertex 12.5968 17.3875 1.75281
      vertex 11.9629 17.0487 1.75281
    endloop
  endfacet
  facet normal -0.365114 0.683102 0.632506
    outer loop
      vertex 12.1928 16.7046 2.16666
      vertex 12.7552 17.0052 2.16666
      vertex 12.0892 16.8597 1.93935
    endloop
  endfacet
  facet normal -0.365112 0.68312 0.632487
    outer loop
      vertex 12.7552 17.0052 2.16666
      vertex 12.6838 17.1775 1.93935
      vertex 12.0892 16.8597 1.93935
    endloop
  endfacet
  facet normal -0.416142 0.778495 0.469863
    outer loop
      vertex 12.2699 16.5893 2.42598
      vertex 12.8083 16.8771 2.42598
      vertex 12.1928 16.7046 2.16666
    endloop
  endfacet
  facet normal -0.416127 0.778543 0.469797
    outer loop
      vertex 12.8083 16.8771 2.42598
      vertex 12.7552 17.0052 2.16666
      vertex 12.1928 16.7046 2.16666
    endloop
  endfacet
  facet normal -0.451352 0.84433 0.28877
    outer loop
      vertex 12.3173 16.5184 2.70737
      vertex 12.8409 16.7983 2.70737
      vertex 12.2699 16.5893 2.42598
    endloop
  endfacet
  facet normal -0.451342 0.844346 0.288739
    outer loop
      vertex 12.8409 16.7983 2.70737
      vertex 12.8083 16.8771 2.42598
      vertex 12.2699 16.5893 2.42598
    endloop
  endfacet
  facet normal -0.469077 0.877743 0.0976355
    outer loop
      vertex 12.3333 16.4944 3
      vertex 12.852 16.7716 3
      vertex 12.3173 16.5184 2.70737
    endloop
  endfacet
  facet normal -0.469172 0.877666 0.0978761
    outer loop
      vertex 12.852 16.7716 3
      vertex 12.8409 16.7983 2.70737
      vertex 12.3173 16.5184 2.70737
    endloop
  endfacet
  facet normal -0.0285797 0.0942271 0.99514
    outer loop
      vertex 12.3899 17.8871 1.52882
      vertex 13.1792 18.1265 1.52882
      vertex 12.2779 18.1575 1.5
    endloop
  endfacet
  facet normal -0.0285791 0.094244 0.995139
    outer loop
      vertex 13.1792 18.1265 1.52882
      vertex 13.1221 18.4135 1.5
      vertex 12.2779 18.1575 1.5
    endloop
  endfacet
  facet normal -0.0846253 0.278991 0.956558
    outer loop
      vertex 12.4976 17.6271 1.61418
      vertex 13.2341 17.8505 1.61418
      vertex 12.3899 17.8871 1.52882
    endloop
  endfacet
  facet normal -0.0846243 0.279006 0.956554
    outer loop
      vertex 13.2341 17.8505 1.61418
      vertex 13.1792 18.1265 1.52882
      vertex 12.3899 17.8871 1.52882
    endloop
  endfacet
  facet normal -0.137382 0.452829 0.88095
    outer loop
      vertex 12.5968 17.3875 1.75281
      vertex 13.2847 17.5962 1.75281
      vertex 12.4976 17.6271 1.61418
    endloop
  endfacet
  facet normal -0.137374 0.452892 0.880918
    outer loop
      vertex 13.2847 17.5962 1.75281
      vertex 13.2341 17.8505 1.61418
      vertex 12.4976 17.6271 1.61418
    endloop
  endfacet
  facet normal -0.184751 0.60879 0.771519
    outer loop
      vertex 12.6838 17.1775 1.93935
      vertex 13.329 17.3733 1.93935
      vertex 12.5968 17.3875 1.75281
    endloop
  endfacet
  facet normal -0.18473 0.608891 0.771445
    outer loop
      vertex 13.329 17.3733 1.93935
      vertex 13.2847 17.5962 1.75281
      vertex 12.5968 17.3875 1.75281
    endloop
  endfacet
  facet normal -0.224847 0.741229 0.632474
    outer loop
      vertex 12.7552 17.0052 2.16666
      vertex 13.3654 17.1903 2.16666
      vertex 12.6838 17.1775 1.93935
    endloop
  endfacet
  facet normal -0.224897 0.741079 0.632632
    outer loop
      vertex 13.3654 17.1903 2.16666
      vertex 13.329 17.3733 1.93935
      vertex 12.6838 17.1775 1.93935
    endloop
  endfacet
  facet normal -0.256239 0.844779 0.469777
    outer loop
      vertex 12.8083 16.8771 2.42598
      vertex 13.3925 17.0543 2.42598
      vertex 12.7552 17.0052 2.16666
    endloop
  endfacet
  facet normal -0.256251 0.844756 0.469811
    outer loop
      vertex 13.3925 17.0543 2.42598
      vertex 13.3654 17.1903 2.16666
      vertex 12.7552 17.0052 2.16666
    endloop
  endfacet
  facet normal -0.277828 0.916204 0.28876
    outer loop
      vertex 12.8409 16.7983 2.70737
      vertex 13.4091 16.9706 2.70737
      vertex 12.8083 16.8771 2.42598
    endloop
  endfacet
  facet normal -0.277885 0.916142 0.288901
    outer loop
      vertex 13.4091 16.9706 2.70737
      vertex 13.3925 17.0543 2.42598
      vertex 12.8083 16.8771 2.42598
    endloop
  endfacet
  facet normal -0.289057 0.952298 0.0978535
    outer loop
      vertex 12.852 16.7716 3
      vertex 13.4147 16.9424 3
      vertex 12.8409 16.7983 2.70737
    endloop
  endfacet
  facet normal -0.288812 0.952427 0.0973099
    outer loop
      vertex 13.4147 16.9424 3
      vertex 13.4091 16.9706 2.70737
      vertex 12.8409 16.7983 2.70737
    endloop
  endfacet
  facet normal -0.00965991 0.0980081 0.995139
    outer loop
      vertex 13.1792 18.1265 1.52882
      vertex 14 18.2074 1.52882
      vertex 13.1221 18.4135 1.5
    endloop
  endfacet
  facet normal -0.00965771 0.0980173 0.995138
    outer loop
      vertex 14 18.2074 1.52882
      vertex 14 18.5 1.5
      vertex 13.1221 18.4135 1.5
    endloop
  endfacet
  facet normal -0.028602 0.290149 0.956554
    outer loop
      vertex 13.2341 17.8505 1.61418
      vertex 14 17.926 1.61418
      vertex 13.1792 18.1265 1.52882
    endloop
  endfacet
  facet normal -0.0285989 0.29016 0.956551
    outer loop
      vertex 14 17.926 1.61418
      vertex 14 18.2074 1.52882
      vertex 13.1792 18.1265 1.52882
    endloop
  endfacet
  facet normal -0.0464207 0.470989 0.880917
    outer loop
      vertex 13.2847 17.5962 1.75281
      vertex 14 17.6667 1.75281
      vertex 13.2341 17.8505 1.61418
    endloop
  endfacet
  facet normal -0.0464268 0.470971 0.880926
    outer loop
      vertex 14 17.6667 1.75281
      vertex 14 17.926 1.61418
      vertex 13.2341 17.8505 1.61418
    endloop
  endfacet
  facet normal -0.0622851 0.633232 0.771452
    outer loop
      vertex 13.329 17.3733 1.93935
      vertex 14 17.4393 1.93935
      vertex 13.2847 17.5962 1.75281
    endloop
  endfacet
  facet normal -0.0623876 0.63299 0.771642
    outer loop
      vertex 14 17.4393 1.93935
      vertex 14 17.6667 1.75281
      vertex 13.2847 17.5962 1.75281
    endloop
  endfacet
  facet normal -0.0759061 0.77072 0.632637
    outer loop
      vertex 13.3654 17.1903 2.16666
      vertex 14 17.2528 2.16666
      vertex 13.329 17.3733 1.93935
    endloop
  endfacet
  facet normal -0.0758229 0.770866 0.632469
    outer loop
      vertex 14 17.2528 2.16666
      vertex 14 17.4393 1.93935
      vertex 13.329 17.3733 1.93935
    endloop
  endfacet
  facet normal -0.0866226 0.878518 0.46979
    outer loop
      vertex 13.3925 17.0543 2.42598
      vertex 14 17.1142 2.42598
      vertex 13.3654 17.1903 2.16666
    endloop
  endfacet
  facet normal -0.0865335 0.878626 0.469604
    outer loop
      vertex 14 17.1142 2.42598
      vertex 14 17.2528 2.16666
      vertex 13.3654 17.1903 2.16666
    endloop
  endfacet
  facet normal -0.093839 0.95274 0.28893
    outer loop
      vertex 13.4091 16.9706 2.70737
      vertex 14 17.0288 2.70737
      vertex 13.3925 17.0543 2.42598
    endloop
  endfacet
  facet normal -0.0939341 0.95267 0.289129
    outer loop
      vertex 14 17.0288 2.70737
      vertex 14 17.1142 2.42598
      vertex 13.3925 17.0543 2.42598
    endloop
  endfacet
  facet normal -0.0974731 0.990469 0.0973143
    outer loop
      vertex 13.4147 16.9424 3
      vertex 14 17 3
      vertex 13.4091 16.9706 2.70737
    endloop
  endfacet
  facet normal -0.0975527 0.990445 0.0974774
    outer loop
      vertex 14 17 3
      vertex 14 17.0288 2.70737
      vertex 13.4091 16.9706 2.70737
    endloop
  endfacet
  facet normal 0.00966082 0.0980173 0.995138
    outer loop
      vertex 14.8208 18.1265 1.52882
      vertex 14 18.5 1.5
      vertex 14 18.2074 1.52882
    endloop
  endfacet
  facet normal 0.00965685 0.0980087 0.995139
    outer loop
      vertex 14.8208 18.1265 1.52882
      vertex 14.8779 18.4135 1.5
      vertex 14 18.5 1.5
    endloop
  endfacet
  facet normal 0.0286031 0.29016 0.95655
    outer loop
      vertex 14.7659 17.8505 1.61418
      vertex 14 18.2074 1.52882
      vertex 14 17.926 1.61418
    endloop
  endfacet
  facet normal 0.0285979 0.29015 0.956554
    outer loop
      vertex 14.7659 17.8505 1.61418
      vertex 14.8208 18.1265 1.52882
      vertex 14 18.2074 1.52882
    endloop
  endfacet
  facet normal 0.0464189 0.470971 0.880926
    outer loop
      vertex 14.7153 17.5962 1.75281
      vertex 14 17.926 1.61418
      vertex 14 17.6667 1.75281
    endloop
  endfacet
  facet normal 0.0464285 0.470988 0.880917
    outer loop
      vertex 14.7153 17.5962 1.75281
      vertex 14.7659 17.8505 1.61418
      vertex 14 17.926 1.61418
    endloop
  endfacet
  facet normal 0.0622618 0.632995 0.771648
    outer loop
      vertex 14.671 17.3733 1.93935
      vertex 14 17.6667 1.75281
      vertex 14 17.4393 1.93935
    endloop
  endfacet
  facet normal 0.0624094 0.633212 0.771458
    outer loop
      vertex 14.671 17.3733 1.93935
      vertex 14.7153 17.5962 1.75281
      vertex 14 17.6667 1.75281
    endloop
  endfacet
  facet normal 0.0759199 0.77086 0.632464
    outer loop
      vertex 14.6346 17.1903 2.16666
      vertex 14 17.4393 1.93935
      vertex 14 17.2528 2.16666
    endloop
  endfacet
  facet normal 0.0758098 0.770733 0.632632
    outer loop
      vertex 14.6346 17.1903 2.16666
      vertex 14.671 17.3733 1.93935
      vertex 14 17.4393 1.93935
    endloop
  endfacet
  facet normal 0.0866325 0.878619 0.4696
    outer loop
      vertex 14.6075 17.0543 2.42598
      vertex 14 17.2528 2.16666
      vertex 14 17.1142 2.42598
    endloop
  endfacet
  facet normal 0.086524 0.87853 0.469786
    outer loop
      vertex 14.6075 17.0543 2.42598
      vertex 14.6346 17.1903 2.16666
      vertex 14 17.2528 2.16666
    endloop
  endfacet
  facet normal 0.093833 0.952679 0.289132
    outer loop
      vertex 14.5909 16.9706 2.70737
      vertex 14 17.1142 2.42598
      vertex 14 17.0288 2.70737
    endloop
  endfacet
  facet normal 0.0939399 0.952729 0.288933
    outer loop
      vertex 14.5909 16.9706 2.70737
      vertex 14.6075 17.0543 2.42598
      vertex 14 17.1142 2.42598
    endloop
  endfacet
  facet normal 0.0974715 0.990453 0.0974782
    outer loop
      vertex 14.5853 16.9424 3
      vertex 14 17.0288 2.70737
      vertex 14 17 3
    endloop
  endfacet
  facet normal 0.0975543 0.990461 0.0973151
    outer loop
      vertex 14.5853 16.9424 3
      vertex 14.5909 16.9706 2.70737
      vertex 14 17.0288 2.70737
    endloop
  endfacet
  facet normal 0.0285845 0.0942429 0.995139
    outer loop
      vertex 15.6101 17.8871 1.52882
      vertex 14.8779 18.4135 1.5
      vertex 14.8208 18.1265 1.52882
    endloop
  endfacet
  facet normal 0.0285746 0.0942292 0.99514
    outer loop
      vertex 15.6101 17.8871 1.52882
      vertex 15.7221 18.1575 1.5
      vertex 14.8779 18.4135 1.5
    endloop
  endfacet
  facet normal 0.0846295 0.279004 0.956553
    outer loop
      vertex 15.5024 17.6271 1.61418
      vertex 14.8208 18.1265 1.52882
      vertex 14.7659 17.8505 1.61418
    endloop
  endfacet
  facet normal 0.0846204 0.278993 0.956558
    outer loop
      vertex 15.5024 17.6271 1.61418
      vertex 15.6101 17.8871 1.52882
      vertex 14.8208 18.1265 1.52882
    endloop
  endfacet
  facet normal 0.1374 0.452887 0.880917
    outer loop
      vertex 15.4032 17.3875 1.75281
      vertex 14.7659 17.8505 1.61418
      vertex 14.7153 17.5962 1.75281
    endloop
  endfacet
  facet normal 0.137358 0.452838 0.880949
    outer loop
      vertex 15.4032 17.3875 1.75281
      vertex 15.5024 17.6271 1.61418
      vertex 14.7659 17.8505 1.61418
    endloop
  endfacet
  facet normal 0.184778 0.608879 0.771442
    outer loop
      vertex 15.3162 17.1775 1.93935
      vertex 14.7153 17.5962 1.75281
      vertex 14.671 17.3733 1.93935
    endloop
  endfacet
  facet normal 0.184704 0.608807 0.771517
    outer loop
      vertex 15.3162 17.1775 1.93935
      vertex 15.4032 17.3875 1.75281
      vertex 14.7153 17.5962 1.75281
    endloop
  endfacet
  facet normal 0.224808 0.741102 0.632637
    outer loop
      vertex 15.2448 17.0052 2.16666
      vertex 14.671 17.3733 1.93935
      vertex 14.6346 17.1903 2.16666
    endloop
  endfacet
  facet normal 0.224933 0.741199 0.632479
    outer loop
      vertex 15.2448 17.0052 2.16666
      vertex 15.3162 17.1775 1.93935
      vertex 14.671 17.3733 1.93935
    endloop
  endfacet
  facet normal 0.256234 0.844761 0.469811
    outer loop
      vertex 15.1917 16.8771 2.42598
      vertex 14.6346 17.1903 2.16666
      vertex 14.6075 17.0543 2.42598
    endloop
  endfacet
  facet normal 0.256256 0.844773 0.469777
    outer loop
      vertex 15.1917 16.8771 2.42598
      vertex 15.2448 17.0052 2.16666
      vertex 14.6346 17.1903 2.16666
    endloop
  endfacet
  facet normal 0.277815 0.916162 0.288903
    outer loop
      vertex 15.1591 16.7983 2.70737
      vertex 14.6075 17.0543 2.42598
      vertex 14.5909 16.9706 2.70737
    endloop
  endfacet
  facet normal 0.277897 0.916182 0.288762
    outer loop
      vertex 15.1591 16.7983 2.70737
      vertex 15.1917 16.8771 2.42598
      vertex 14.6075 17.0543 2.42598
    endloop
  endfacet
  facet normal 0.289073 0.952349 0.0973073
    outer loop
      vertex 15.148 16.7716 3
      vertex 14.5909 16.9706 2.70737
      vertex 14.5853 16.9424 3
    endloop
  endfacet
  facet normal 0.288797 0.952377 0.0978509
    outer loop
      vertex 15.148 16.7716 3
      vertex 15.1591 16.7983 2.70737
      vertex 14.5909 16.9706 2.70737
    endloop
  endfacet
  facet normal 0.0464162 0.0868393 0.99514
    outer loop
      vertex 16.3375 17.4983 1.52882
      vertex 15.7221 18.1575 1.5
      vertex 15.6101 17.8871 1.52882
    endloop
  endfacet
  facet normal 0.0464281 0.0868504 0.995139
    outer loop
      vertex 16.3375 17.4983 1.52882
      vertex 16.5001 17.7416 1.5
      vertex 15.7221 18.1575 1.5
    endloop
  endfacet
  facet normal 0.137424 0.25712 0.956558
    outer loop
      vertex 16.1812 17.2643 1.61418
      vertex 15.6101 17.8871 1.52882
      vertex 15.5024 17.6271 1.61418
    endloop
  endfacet
  facet normal 0.13744 0.257134 0.956552
    outer loop
      vertex 16.1812 17.2643 1.61418
      vertex 16.3375 17.4983 1.52882
      vertex 15.6101 17.8871 1.52882
    endloop
  endfacet
  facet normal 0.223062 0.417352 0.880943
    outer loop
      vertex 16.0371 17.0487 1.75281
      vertex 15.5024 17.6271 1.61418
      vertex 15.4032 17.3875 1.75281
    endloop
  endfacet
  facet normal 0.223064 0.417354 0.880942
    outer loop
      vertex 16.0371 17.0487 1.75281
      vertex 16.1812 17.2643 1.61418
      vertex 15.5024 17.6271 1.61418
    endloop
  endfacet
  facet normal 0.29989 0.56109 0.77152
    outer loop
      vertex 15.9108 16.8597 1.93935
      vertex 15.4032 17.3875 1.75281
      vertex 15.3162 17.1775 1.93935
    endloop
  endfacet
  facet normal 0.299883 0.561086 0.771526
    outer loop
      vertex 15.9108 16.8597 1.93935
      vertex 16.0371 17.0487 1.75281
      vertex 15.4032 17.3875 1.75281
    endloop
  endfacet
  facet normal 0.365122 0.683116 0.632487
    outer loop
      vertex 15.8072 16.7046 2.16666
      vertex 15.3162 17.1775 1.93935
      vertex 15.2448 17.0052 2.16666
    endloop
  endfacet
  facet normal 0.365105 0.683107 0.632505
    outer loop
      vertex 15.8072 16.7046 2.16666
      vertex 15.9108 16.8597 1.93935
      vertex 15.3162 17.1775 1.93935
    endloop
  endfacet
  facet normal 0.416159 0.778527 0.469795
    outer loop
      vertex 15.7301 16.5893 2.42598
      vertex 15.2448 17.0052 2.16666
      vertex 15.1917 16.8771 2.42598
    endloop
  endfacet
  facet normal 0.416111 0.778512 0.469862
    outer loop
      vertex 15.7301 16.5893 2.42598
      vertex 15.8072 16.7046 2.16666
      vertex 15.2448 17.0052 2.16666
    endloop
  endfacet
  facet normal 0.451357 0.844338 0.288738
    outer loop
      vertex 15.6827 16.5184 2.70737
      vertex 15.1917 16.8771 2.42598
      vertex 15.1591 16.7983 2.70737
    endloop
  endfacet
  facet normal 0.451338 0.844338 0.28877
    outer loop
      vertex 15.6827 16.5184 2.70737
      vertex 15.7301 16.5893 2.42598
      vertex 15.1917 16.8771 2.42598
    endloop
  endfacet
  facet normal 0.469066 0.877723 0.0978773
    outer loop
      vertex 15.6667 16.4944 3
      vertex 15.1591 16.7983 2.70737
      vertex 15.148 16.7716 3
    endloop
  endfacet
  facet normal 0.469184 0.877687 0.0976367
    outer loop
      vertex 15.6667 16.4944 3
      vertex 15.6827 16.5184 2.70737
      vertex 15.1591 16.7983 2.70737
    endloop
  endfacet
  facet normal 0.06247 0.0761294 0.995139
    outer loop
      vertex 16.9751 16.9751 1.52882
      vertex 16.5001 17.7416 1.5
      vertex 16.3375 17.4983 1.52882
    endloop
  endfacet
  facet normal 0.062481 0.0761361 0.995138
    outer loop
      vertex 16.9751 16.9751 1.52882
      vertex 17.182 17.182 1.5
      vertex 16.5001 17.7416 1.5
    endloop
  endfacet
  facet normal 0.184964 0.22539 0.95655
    outer loop
      vertex 16.7761 16.7761 1.61418
      vertex 16.3375 17.4983 1.52882
      vertex 16.1812 17.2643 1.61418
    endloop
  endfacet
  facet normal 0.184937 0.225374 0.956559
    outer loop
      vertex 16.7761 16.7761 1.61418
      vertex 16.9751 16.9751 1.52882
      vertex 16.3375 17.4983 1.52882
    endloop
  endfacet
  facet normal 0.300217 0.36579 0.880947
    outer loop
      vertex 16.5927 16.5927 1.75281
      vertex 16.1812 17.2643 1.61418
      vertex 16.0371 17.0487 1.75281
    endloop
  endfacet
  facet normal 0.30016 0.365762 0.880978
    outer loop
      vertex 16.5927 16.5927 1.75281
      vertex 16.7761 16.7761 1.61418
      vertex 16.1812 17.2643 1.61418
    endloop
  endfacet
  facet normal 0.403574 0.4918 0.771532
    outer loop
      vertex 16.432 16.432 1.93935
      vertex 16.0371 17.0487 1.75281
      vertex 15.9108 16.8597 1.93935
    endloop
  endfacet
  facet normal 0.403668 0.491838 0.771458
    outer loop
      vertex 16.432 16.432 1.93935
      vertex 16.5927 16.5927 1.75281
      vertex 16.0371 17.0487 1.75281
    endloop
  endfacet
  facet normal 0.491369 0.598754 0.632495
    outer loop
      vertex 16.3001 16.3001 2.16666
      vertex 15.9108 16.8597 1.93935
      vertex 15.8072 16.7046 2.16666
    endloop
  endfacet
  facet normal 0.491333 0.598744 0.632533
    outer loop
      vertex 16.3001 16.3001 2.16666
      vertex 16.432 16.432 1.93935
      vertex 15.9108 16.8597 1.93935
    endloop
  endfacet
  facet normal 0.559854 0.682467 0.469895
    outer loop
      vertex 16.2021 16.2021 2.42598
      vertex 15.8072 16.7046 2.16666
      vertex 15.7301 16.5893 2.42598
    endloop
  endfacet
  facet normal 0.560088 0.68249 0.469584
    outer loop
      vertex 16.2021 16.2021 2.42598
      vertex 16.3001 16.3001 2.16666
      vertex 15.8072 16.7046 2.16666
    endloop
  endfacet
  facet normal 0.607373 0.74007 0.288782
    outer loop
      vertex 16.1417 16.1417 2.70737
      vertex 15.7301 16.5893 2.42598
      vertex 15.6827 16.5184 2.70737
    endloop
  endfacet
  facet normal 0.607138 0.740106 0.289184
    outer loop
      vertex 16.1417 16.1417 2.70737
      vertex 16.2021 16.2021 2.42598
      vertex 15.7301 16.5893 2.42598
    endloop
  endfacet
  facet normal 0.631383 0.769303 0.0976161
    outer loop
      vertex 16.1213 16.1213 3
      vertex 15.6827 16.5184 2.70737
      vertex 15.6667 16.4944 3
    endloop
  endfacet
  facet normal 0.63137 0.76931 0.097645
    outer loop
      vertex 16.1213 16.1213 3
      vertex 16.1417 16.1417 2.70737
      vertex 15.6827 16.5184 2.70737
    endloop
  endfacet
  facet normal 0.0761391 0.062478 0.995138
    outer loop
      vertex 17.4983 16.3375 1.52882
      vertex 17.182 17.182 1.5
      vertex 16.9751 16.9751 1.52882
    endloop
  endfacet
  facet normal 0.0761271 0.0624735 0.995139
    outer loop
      vertex 17.4983 16.3375 1.52882
      vertex 17.7416 16.5001 1.5
      vertex 17.182 17.182 1.5
    endloop
  endfacet
  facet normal 0.225366 0.184945 0.956559
    outer loop
      vertex 17.2643 16.1812 1.61418
      vertex 16.9751 16.9751 1.52882
      vertex 16.7761 16.7761 1.61418
    endloop
  endfacet
  facet normal 0.225396 0.184955 0.95655
    outer loop
      vertex 17.2643 16.1812 1.61418
      vertex 17.4983 16.3375 1.52882
      vertex 16.9751 16.9751 1.52882
    endloop
  endfacet
  facet normal 0.365744 0.300178 0.880979
    outer loop
      vertex 17.0487 16.0371 1.75281
      vertex 16.7761 16.7761 1.61418
      vertex 16.5927 16.5927 1.75281
    endloop
  endfacet
  facet normal 0.365805 0.300195 0.880948
    outer loop
      vertex 17.0487 16.0371 1.75281
      vertex 17.2643 16.1812 1.61418
      vertex 16.7761 16.7761 1.61418
    endloop
  endfacet
  facet normal 0.491871 0.403632 0.771456
    outer loop
      vertex 16.8597 15.9108 1.93935
      vertex 16.5927 16.5927 1.75281
      vertex 16.432 16.432 1.93935
    endloop
  endfacet
  facet normal 0.491771 0.403613 0.771529
    outer loop
      vertex 16.8597 15.9108 1.93935
      vertex 17.0487 16.0371 1.75281
      vertex 16.5927 16.5927 1.75281
    endloop
  endfacet
  facet normal 0.598729 0.491349 0.632534
    outer loop
      vertex 16.7046 15.8072 2.16666
      vertex 16.432 16.432 1.93935
      vertex 16.3001 16.3001 2.16666
    endloop
  endfacet
  facet normal 0.598767 0.491352 0.632496
    outer loop
      vertex 16.7046 15.8072 2.16666
      vertex 16.8597 15.9108 1.93935
      vertex 16.432 16.432 1.93935
    endloop
  endfacet
  facet normal 0.682598 0.559962 0.469578
    outer loop
      vertex 16.5893 15.7301 2.42598
      vertex 16.3001 16.3001 2.16666
      vertex 16.2021 16.2021 2.42598
    endloop
  endfacet
  facet normal 0.682365 0.559985 0.469889
    outer loop
      vertex 16.5893 15.7301 2.42598
      vertex 16.7046 15.8072 2.16666
      vertex 16.3001 16.3001 2.16666
    endloop
  endfacet
  facet normal 0.739974 0.607295 0.28919
    outer loop
      vertex 16.5184 15.6827 2.70737
      vertex 16.2021 16.2021 2.42598
      vertex 16.1417 16.1417 2.70737
    endloop
  endfacet
  facet normal 0.740198 0.607213 0.288788
    outer loop
      vertex 16.5184 15.6827 2.70737
      vertex 16.5893 15.7301 2.42598
      vertex 16.2021 16.2021 2.42598
    endloop
  endfacet
  facet normal 0.7693 0.631381 0.0976452
    outer loop
      vertex 16.4944 15.6667 3
      vertex 16.1417 16.1417 2.70737
      vertex 16.1213 16.1213 3
    endloop
  endfacet
  facet normal 0.769312 0.631372 0.0976162
    outer loop
      vertex 16.4944 15.6667 3
      vertex 16.5184 15.6827 2.70737
      vertex 16.1417 16.1417 2.70737
    endloop
  endfacet
  facet normal 0.0868533 0.0464237 0.995139
    outer loop
      vertex 17.8871 15.6101 1.52882
      vertex 17.7416 16.5001 1.5
      vertex 17.4983 16.3375 1.52882
    endloop
  endfacet
  facet normal 0.0868372 0.0464211 0.99514
    outer loop
      vertex 17.8871 15.6101 1.52882
      vertex 18.1575 15.7221 1.5
      vertex 17.7416 16.5001 1.5
    endloop
  endfacet
  facet normal 0.257139 0.137434 0.956552
    outer loop
      vertex 17.6271 15.5024 1.61418
      vertex 17.4983 16.3375 1.52882
      vertex 17.2643 16.1812 1.61418
    endloop
  endfacet
  facet normal 0.257117 0.137431 0.956558
    outer loop
      vertex 17.6271 15.5024 1.61418
      vertex 17.8871 15.6101 1.52882
      vertex 17.4983 16.3375 1.52882
    endloop
  endfacet
  facet normal 0.417354 0.223063 0.880942
    outer loop
      vertex 17.3875 15.4032 1.75281
      vertex 17.2643 16.1812 1.61418
      vertex 17.0487 16.0371 1.75281
    endloop
  endfacet
  facet normal 0.417351 0.223063 0.880943
    outer loop
      vertex 17.3875 15.4032 1.75281
      vertex 17.6271 15.5024 1.61418
      vertex 17.2643 16.1812 1.61418
    endloop
  endfacet
  facet normal 0.561084 0.299886 0.771526
    outer loop
      vertex 17.1775 15.3162 1.93935
      vertex 17.0487 16.0371 1.75281
      vertex 16.8597 15.9108 1.93935
    endloop
  endfacet
  facet normal 0.561092 0.299886 0.771521
    outer loop
      vertex 17.1775 15.3162 1.93935
      vertex 17.3875 15.4032 1.75281
      vertex 17.0487 16.0371 1.75281
    endloop
  endfacet
  facet normal 0.683102 0.365114 0.632506
    outer loop
      vertex 17.0052 15.2448 2.16666
      vertex 16.8597 15.9108 1.93935
      vertex 16.7046 15.8072 2.16666
    endloop
  endfacet
  facet normal 0.68312 0.365112 0.632487
    outer loop
      vertex 17.0052 15.2448 2.16666
      vertex 17.1775 15.3162 1.93935
      vertex 16.8597 15.9108 1.93935
    endloop
  endfacet
  facet normal 0.778495 0.416142 0.469863
    outer loop
      vertex 16.8771 15.1917 2.42598
      vertex 16.7046 15.8072 2.16666
      vertex 16.5893 15.7301 2.42598
    endloop
  endfacet
  facet normal 0.778543 0.416127 0.469797
    outer loop
      vertex 16.8771 15.1917 2.42598
      vertex 17.0052 15.2448 2.16666
      vertex 16.7046 15.8072 2.16666
    endloop
  endfacet
  facet normal 0.84433 0.451352 0.28877
    outer loop
      vertex 16.7983 15.1591 2.70737
      vertex 16.5893 15.7301 2.42598
      vertex 16.5184 15.6827 2.70737
    endloop
  endfacet
  facet normal 0.844346 0.451342 0.288739
    outer loop
      vertex 16.7983 15.1591 2.70737
      vertex 16.8771 15.1917 2.42598
      vertex 16.5893 15.7301 2.42598
    endloop
  endfacet
  facet normal 0.877743 0.469077 0.0976355
    outer loop
      vertex 16.7716 15.148 3
      vertex 16.5184 15.6827 2.70737
      vertex 16.4944 15.6667 3
    endloop
  endfacet
  facet normal 0.877666 0.469172 0.0978761
    outer loop
      vertex 16.7716 15.148 3
      vertex 16.7983 15.1591 2.70737
      vertex 16.5184 15.6827 2.70737
    endloop
  endfacet
  facet normal 0.0942271 0.0285797 0.99514
    outer loop
      vertex 18.1265 14.8208 1.52882
      vertex 18.1575 15.7221 1.5
      vertex 17.8871 15.6101 1.52882
    endloop
  endfacet
  facet normal 0.094244 0.0285791 0.995139
    outer loop
      vertex 18.4135 14.8779 1.5
      vertex 18.1575 15.7221 1.5
      vertex 18.1265 14.8208 1.52882
    endloop
  endfacet
  facet normal 0.278991 0.0846253 0.956558
    outer loop
      vertex 17.8505 14.7659 1.61418
      vertex 17.8871 15.6101 1.52882
      vertex 17.6271 15.5024 1.61418
    endloop
  endfacet
  facet normal 0.279006 0.0846243 0.956554
    outer loop
      vertex 18.1265 14.8208 1.52882
      vertex 17.8871 15.6101 1.52882
      vertex 17.8505 14.7659 1.61418
    endloop
  endfacet
  facet normal 0.452829 0.137382 0.88095
    outer loop
      vertex 17.5962 14.7153 1.75281
      vertex 17.6271 15.5024 1.61418
      vertex 17.3875 15.4032 1.75281
    endloop
  endfacet
  facet normal 0.452892 0.137374 0.880918
    outer loop
      vertex 17.8505 14.7659 1.61418
      vertex 17.6271 15.5024 1.61418
      vertex 17.5962 14.7153 1.75281
    endloop
  endfacet
  facet normal 0.60879 0.184751 0.771519
    outer loop
      vertex 17.3733 14.671 1.93935
      vertex 17.3875 15.4032 1.75281
      vertex 17.1775 15.3162 1.93935
    endloop
  endfacet
  facet normal 0.608891 0.18473 0.771445
    outer loop
      vertex 17.5962 14.7153 1.75281
      vertex 17.3875 15.4032 1.75281
      vertex 17.3733 14.671 1.93935
    endloop
  endfacet
  facet normal 0.741229 0.224847 0.632474
    outer loop
      vertex 17.1903 14.6346 2.16666
      vertex 17.1775 15.3162 1.93935
      vertex 17.0052 15.2448 2.16666
    endloop
  endfacet
  facet normal 0.741079 0.224897 0.632632
    outer loop
      vertex 17.1903 14.6346 2.16666
      vertex 17.3733 14.671 1.93935
      vertex 17.1775 15.3162 1.93935
    endloop
  endfacet
  facet normal 0.844779 0.256239 0.469777
    outer loop
      vertex 17.0543 14.6075 2.42598
      vertex 17.0052 15.2448 2.16666
      vertex 16.8771 15.1917 2.42598
    endloop
  endfacet
  facet normal 0.844756 0.256251 0.469811
    outer loop
      vertex 17.0543 14.6075 2.42598
      vertex 17.1903 14.6346 2.16666
      vertex 17.0052 15.2448 2.16666
    endloop
  endfacet
  facet normal 0.916204 0.277828 0.28876
    outer loop
      vertex 16.9706 14.5909 2.70737
      vertex 16.8771 15.1917 2.42598
      vertex 16.7983 15.1591 2.70737
    endloop
  endfacet
  facet normal 0.916142 0.277885 0.288901
    outer loop
      vertex 16.9706 14.5909 2.70737
      vertex 17.0543 14.6075 2.42598
      vertex 16.8771 15.1917 2.42598
    endloop
  endfacet
  facet normal 0.952298 0.289057 0.0978535
    outer loop
      vertex 16.9424 14.5853 3
      vertex 16.7983 15.1591 2.70737
      vertex 16.7716 15.148 3
    endloop
  endfacet
  facet normal 0.952427 0.288812 0.0973099
    outer loop
      vertex 16.9424 14.5853 3
      vertex 16.9706 14.5909 2.70737
      vertex 16.7983 15.1591 2.70737
    endloop
  endfacet
  facet normal 0.0980081 0.00965991 0.995139
    outer loop
      vertex 18.2074 14 1.52882
      vertex 18.4135 14.8779 1.5
      vertex 18.1265 14.8208 1.52882
    endloop
  endfacet
  facet normal 0.0980173 0.00965771 0.995138
    outer loop
      vertex 18.5 14 1.5
      vertex 18.4135 14.8779 1.5
      vertex 18.2074 14 1.52882
    endloop
  endfacet
  facet normal 0.290149 0.028602 0.956554
    outer loop
      vertex 17.926 14 1.61418
      vertex 18.1265 14.8208 1.52882
      vertex 17.8505 14.7659 1.61418
    endloop
  endfacet
  facet normal 0.29016 0.0285989 0.956551
    outer loop
      vertex 18.2074 14 1.52882
      vertex 18.1265 14.8208 1.52882
      vertex 17.926 14 1.61418
    endloop
  endfacet
  facet normal 0.470989 0.0464207 0.880917
    outer loop
      vertex 17.6667 14 1.75281
      vertex 17.8505 14.7659 1.61418
      vertex 17.5962 14.7153 1.75281
    endloop
  endfacet
  facet normal 0.470971 0.0464268 0.880926
    outer loop
      vertex 17.926 14 1.61418
      vertex 17.8505 14.7659 1.61418
      vertex 17.6667 14 1.75281
    endloop
  endfacet
  facet normal 0.633232 0.0622851 0.771452
    outer loop
      vertex 17.4393 14 1.93935
      vertex 17.5962 14.7153 1.75281
      vertex 17.3733 14.671 1.93935
    endloop
  endfacet
  facet normal 0.63299 0.0623876 0.771642
    outer loop
      vertex 17.6667 14 1.75281
      vertex 17.5962 14.7153 1.75281
      vertex 17.4393 14 1.93935
    endloop
  endfacet
  facet normal 0.77072 0.0759061 0.632637
    outer loop
      vertex 17.2528 14 2.16666
      vertex 17.3733 14.671 1.93935
      vertex 17.1903 14.6346 2.16666
    endloop
  endfacet
  facet normal 0.770866 0.0758229 0.632469
    outer loop
      vertex 17.4393 14 1.93935
      vertex 17.3733 14.671 1.93935
      vertex 17.2528 14 2.16666
    endloop
  endfacet
  facet normal 0.878518 0.0866226 0.46979
    outer loop
      vertex 17.1142 14 2.42598
      vertex 17.1903 14.6346 2.16666
      vertex 17.0543 14.6075 2.42598
    endloop
  endfacet
  facet normal 0.878626 0.0865335 0.469604
    outer loop
      vertex 17.2528 14 2.16666
      vertex 17.1903 14.6346 2.16666
      vertex 17.1142 14 2.42598
    endloop
  endfacet
  facet normal 0.95274 0.093839 0.28893
    outer loop
      vertex 17.0288 14 2.70737
      vertex 17.0543 14.6075 2.42598
      vertex 16.9706 14.5909 2.70737
    endloop
  endfacet
  facet normal 0.95267 0.0939341 0.289129
    outer loop
      vertex 17.1142 14 2.42598
      vertex 17.0543 14.6075 2.42598
      vertex 17.0288 14 2.70737
    endloop
  endfacet
  facet normal 0.990469 0.0974731 0.0973143
    outer loop
      vertex 17 14 3
      vertex 16.9706 14.5909 2.70737
      vertex 16.9424 14.5853 3
    endloop
  endfacet
  facet normal 0.990445 0.0975527 0.0974774
    outer loop
      vertex 17 14 3
      vertex 17.0288 14 2.70737
      vertex 16.9706 14.5909 2.70737
    endloop
  endfacet
  facet normal -0.262831 0.491489 0.830276
    outer loop
      vertex 13.7835 14.5226 8.5583
      vertex 13.5771 14.633 8.42761
      vertex 13.6857 14.4703 8.5583
    endloop
  endfacet
  facet normal -0.24369 -0.297073 0.923235
    outer loop
      vertex 13.8065 13.7104 8.64833
      vertex 13.6 13.6 8.5583
      vertex 13.6857 13.5297 8.5583
    endloop
  endfacet
  facet normal 0.976267 0.0959507 0.194156
    outer loop
      vertex 15.1713 14.233 7.61762
      vertex 15.1263 14.224 7.84834
      vertex 15.1942 14 7.61762
    endloop
  endfacet
  facet normal -0.382339 -0.0376717 0.923254
    outer loop
      vertex 13.6517 14 8.64833
      vertex 13.4343 14 8.5583
      vertex 13.6584 13.932 8.64833
    endloop
  endfacet
  facet normal -0.367733 -0.111502 0.923223
    outer loop
      vertex 13.6584 13.932 8.64833
      vertex 13.4774 13.7835 8.5583
      vertex 13.6782 13.8667 8.64833
    endloop
  endfacet
  facet normal 0.865205 -0.462227 0.194338
    outer loop
      vertex 15.0609 13.5606 7.84834
      vertex 14.9548 13.362 7.84834
      vertex 14.993 13.3365 7.61762
    endloop
  endfacet
  facet normal 0.554771 0.0549167 0.830189
    outer loop
      vertex 14.7466 14.1485 8.42761
      vertex 14.5548 14.1104 8.5583
      vertex 14.7613 14 8.42761
    endloop
  endfacet
  facet normal 0.367733 0.111502 0.923223
    outer loop
      vertex 14.5226 14.2165 8.5583
      vertex 14.3218 14.1333 8.64833
      vertex 14.3416 14.068 8.64833
    endloop
  endfacet
  facet normal -0.462227 0.865205 0.194338
    outer loop
      vertex 13.5606 15.0609 7.84834
      vertex 13.3365 14.993 7.61762
      vertex 13.362 14.9548 7.84834
    endloop
  endfacet
  facet normal 0.882057 0.471142 0
    outer loop
      vertex 15.1033 14.457 7.61762
      vertex 14.993 14.6635 7.5
      vertex 14.993 14.6635 7.61762
    endloop
  endfacet
  facet normal 0.882057 0.471142 0
    outer loop
      vertex 14.993 14.6635 7.5
      vertex 15.1033 14.457 7.61762
      vertex 15.1033 14.457 7.5
    endloop
  endfacet
  facet normal 0.92013 -0.0904535 0.381024
    outer loop
      vertex 15.0583 14 8.06568
      vertex 15.038 13.7935 8.06568
      vertex 15.1483 14 7.84834
    endloop
  endfacet
  facet normal 0.938657 0.284949 0.194236
    outer loop
      vertex 15.1033 14.457 7.61762
      vertex 15.0609 14.4394 7.84834
      vertex 15.1713 14.233 7.61762
    endloop
  endfacet
  facet normal 0.435626 -0.815412 0.381226
    outer loop
      vertex 14.588 13.1201 8.06568
      vertex 14.4394 12.9391 7.84834
      vertex 14.638 13.0452 7.84834
    endloop
  endfacet
  facet normal 0.037751 -0.382359 0.923242
    outer loop
      vertex 14.068 13.6584 8.64833
      vertex 14 13.4343 8.5583
      vertex 14.1104 13.4452 8.5583
    endloop
  endfacet
  facet normal 0.586463 0.714598 0.381327
    outer loop
      vertex 14.812 14.812 7.84834
      vertex 14.638 14.9548 7.84834
      vertex 14.7483 14.7483 8.06568
    endloop
  endfacet
  facet normal -0.0568821 0.187596 0.980598
    outer loop
      vertex 13.932 14.3416 8.64833
      vertex 13.8667 14.3218 8.64833
      vertex 13.9771 14.1154 8.69422
    endloop
  endfacet
  facet normal 0.0924436 -0.172829 0.980604
    outer loop
      vertex 14.1935 13.7104 8.64833
      vertex 14.0653 13.9022 8.69422
      vertex 14.1333 13.6782 8.64833
    endloop
  endfacet
  facet normal -0.462227 -0.865205 0.194338
    outer loop
      vertex 13.362 13.0452 7.84834
      vertex 13.3365 13.007 7.61762
      vertex 13.5606 12.9391 7.84834
    endloop
  endfacet
  facet normal 0.0904535 -0.92013 0.381024
    outer loop
      vertex 14 12.9417 8.06568
      vertex 14 12.8517 7.84834
      vertex 14.2065 12.962 8.06568
    endloop
  endfacet
  facet normal 0.796721 0.242027 0.553767
    outer loop
      vertex 14.9777 14.405 8.06568
      vertex 14.9098 14.181 8.26127
      vertex 15.038 14.2065 8.06568
    endloop
  endfacet
  facet normal 0.622702 -0.758054 0.193899
    outer loop
      vertex 14.812 13.188 7.84834
      vertex 14.6635 13.007 7.61762
      vertex 14.8444 13.1556 7.61762
    endloop
  endfacet
  facet normal -0.705465 -0.0698339 0.705296
    outer loop
      vertex 13.2387 14 8.42761
      vertex 13.0724 14 8.26127
      vertex 13.2534 13.8515 8.42761
    endloop
  endfacet
  facet normal 0.622305 0.758271 0.194325
    outer loop
      vertex 14.6635 14.993 7.61762
      vertex 14.638 14.9548 7.84834
      vertex 14.812 14.812 7.84834
    endloop
  endfacet
  facet normal 0.554771 -0.0549167 0.830189
    outer loop
      vertex 14.7613 14 8.42761
      vertex 14.5548 13.8896 8.5583
      vertex 14.7466 13.8515 8.42761
    endloop
  endfacet
  facet normal 0.815412 -0.435626 0.381226
    outer loop
      vertex 15.0609 13.5606 7.84834
      vertex 14.8799 13.412 8.06568
      vertex 14.9548 13.362 7.84834
    endloop
  endfacet
  facet normal 0.0568743 -0.1876 0.980597
    outer loop
      vertex 14.045 13.8913 8.69422
      vertex 14.0229 13.8846 8.69422
      vertex 14.1333 13.6782 8.64833
    endloop
  endfacet
  facet normal 0.625093 0.33398 0.70549
    outer loop
      vertex 14.7713 14.5154 8.26127
      vertex 14.7033 14.2913 8.42761
      vertex 14.857 14.355 8.26127
    endloop
  endfacet
  facet normal -0.037751 0.382359 0.923242
    outer loop
      vertex 14 14.5657 8.5583
      vertex 13.8896 14.5548 8.5583
      vertex 13.932 14.3416 8.64833
    endloop
  endfacet
  facet normal 0.187596 0.0568821 0.980598
    outer loop
      vertex 14.3218 14.1333 8.64833
      vertex 14.1154 14.0229 8.69422
      vertex 14.3416 14.068 8.64833
    endloop
  endfacet
  facet normal -0.430884 -0.353594 0.830247
    outer loop
      vertex 13.5297 13.6857 8.5583
      vertex 13.367 13.5771 8.42761
      vertex 13.4617 13.4617 8.42761
    endloop
  endfacet
  facet normal -0.435766 -0.815391 0.381112
    outer loop
      vertex 13.595 13.0223 8.06568
      vertex 13.412 13.1201 8.06568
      vertex 13.5606 12.9391 7.84834
    endloop
  endfacet
  facet normal -0.528595 -0.643567 0.553542
    outer loop
      vertex 13.4846 13.2287 8.26127
      vertex 13.3441 13.3441 8.26127
      vertex 13.412 13.1201 8.06568
    endloop
  endfacet
  facet normal -0.865205 -0.462227 0.194338
    outer loop
      vertex 13.0452 13.362 7.84834
      vertex 12.9391 13.5606 7.84834
      vertex 13.007 13.3365 7.61762
    endloop
  endfacet
  facet normal -0.625093 0.33398 0.70549
    outer loop
      vertex 13.2287 14.5154 8.26127
      vertex 13.143 14.355 8.26127
      vertex 13.2967 14.2913 8.42761
    endloop
  endfacet
  facet normal -0.290482 -0.956881 0
    outer loop
      vertex 13.543 12.8967 7.5
      vertex 13.767 12.8287 7.61762
      vertex 13.543 12.8967 7.61762
    endloop
  endfacet
  facet normal -0.290482 -0.956881 -0
    outer loop
      vertex 13.767 12.8287 7.61762
      vertex 13.543 12.8967 7.5
      vertex 13.767 12.8287 7.5
    endloop
  endfacet
  facet normal 0.290482 -0.956881 0
    outer loop
      vertex 14.233 12.8287 7.5
      vertex 14.457 12.8967 7.61762
      vertex 14.233 12.8287 7.61762
    endloop
  endfacet
  facet normal 0.290482 -0.956881 0
    outer loop
      vertex 14.457 12.8967 7.61762
      vertex 14.233 12.8287 7.5
      vertex 14.457 12.8967 7.5
    endloop
  endfacet
  facet normal -0.0959507 -0.976267 0.194156
    outer loop
      vertex 13.776 12.8737 7.84834
      vertex 13.767 12.8287 7.61762
      vertex 14 12.8058 7.61762
    endloop
  endfacet
  facet normal 0.734511 0.392542 0.553538
    outer loop
      vertex 14.8799 14.588 8.06568
      vertex 14.7713 14.5154 8.26127
      vertex 14.9777 14.405 8.06568
    endloop
  endfacet
  facet normal 0.097812 0.995205 -0
    outer loop
      vertex 14.233 15.1713 7.5
      vertex 14 15.1942 7.61762
      vertex 14.233 15.1713 7.61762
    endloop
  endfacet
  facet normal 0.097812 0.995205 0
    outer loop
      vertex 14 15.1942 7.61762
      vertex 14.233 15.1713 7.5
      vertex 14 15.1942 7.5
    endloop
  endfacet
  facet normal -0.0547685 0.55472 0.830233
    outer loop
      vertex 14 14.7613 8.42761
      vertex 13.8896 14.5548 8.5583
      vertex 14 14.5657 8.5583
    endloop
  endfacet
  facet normal 0.678172 -0.205636 0.705547
    outer loop
      vertex 14.7466 13.8515 8.42761
      vertex 14.7033 13.7087 8.42761
      vertex 14.9098 13.819 8.26127
    endloop
  endfacet
  facet normal -0.976267 0.0959507 0.194156
    outer loop
      vertex 12.8287 14.233 7.61762
      vertex 12.8058 14 7.61762
      vertex 12.8737 14.224 7.84834
    endloop
  endfacet
  facet normal 0.205636 0.678172 0.705547
    outer loop
      vertex 14.181 14.9098 8.26127
      vertex 14.1485 14.7466 8.42761
      vertex 14.2913 14.7033 8.42761
    endloop
  endfacet
  facet normal -0.622305 0.758271 0.194325
    outer loop
      vertex 13.3365 14.993 7.61762
      vertex 13.188 14.812 7.84834
      vertex 13.362 14.9548 7.84834
    endloop
  endfacet
  facet normal -0.24369 0.297073 0.923235
    outer loop
      vertex 13.6857 14.4703 8.5583
      vertex 13.6 14.4 8.5583
      vertex 13.8065 14.2896 8.64833
    endloop
  endfacet
  facet normal -0.111584 0.367673 0.923237
    outer loop
      vertex 13.8896 14.5548 8.5583
      vertex 13.7835 14.5226 8.5583
      vertex 13.932 14.3416 8.64833
    endloop
  endfacet
  facet normal 0.491489 -0.262831 0.830276
    outer loop
      vertex 14.5226 13.7835 8.5583
      vertex 14.4703 13.6857 8.5583
      vertex 14.633 13.5771 8.42761
    endloop
  endfacet
  facet normal 0.462167 -0.865253 0.194265
    outer loop
      vertex 14.6635 13.007 7.61762
      vertex 14.4394 12.9391 7.84834
      vertex 14.457 12.8967 7.61762
    endloop
  endfacet
  facet normal 0.528388 -0.643621 0.553677
    outer loop
      vertex 14.6559 13.3441 8.26127
      vertex 14.588 13.1201 8.06568
      vertex 14.7483 13.2517 8.06568
    endloop
  endfacet
  facet normal 0.976261 0.0958828 0.19422
    outer loop
      vertex 15.1942 14 7.61762
      vertex 15.1263 14.224 7.84834
      vertex 15.1483 14 7.84834
    endloop
  endfacet
  facet normal 0.338838 0.181239 0.923223
    outer loop
      vertex 14.5226 14.2165 8.5583
      vertex 14.2896 14.1935 8.64833
      vertex 14.3218 14.1333 8.64833
    endloop
  endfacet
  facet normal 0.195196 0.0187524 0.980585
    outer loop
      vertex 14.3416 14.068 8.64833
      vertex 14.1154 14.0229 8.69422
      vertex 14.1176 14 8.69422
    endloop
  endfacet
  facet normal 0.815391 0.435766 0.381112
    outer loop
      vertex 15.0609 14.4394 7.84834
      vertex 14.8799 14.588 8.06568
      vertex 14.9777 14.405 8.06568
    endloop
  endfacet
  facet normal -0.241819 0.796905 0.553594
    outer loop
      vertex 13.819 14.9098 8.26127
      vertex 13.595 14.9777 8.06568
      vertex 13.645 14.857 8.26127
    endloop
  endfacet
  facet normal -0.938657 0.284949 0.194236
    outer loop
      vertex 12.8967 14.457 7.61762
      vertex 12.8287 14.233 7.61762
      vertex 12.9391 14.4394 7.84834
    endloop
  endfacet
  facet normal -0.367733 0.111502 0.923223
    outer loop
      vertex 13.6782 14.1333 8.64833
      vertex 13.4774 14.2165 8.5583
      vertex 13.6584 14.068 8.64833
    endloop
  endfacet
  facet normal -0.172734 -0.0927489 0.980592
    outer loop
      vertex 13.8913 13.955 8.69422
      vertex 13.6782 13.8667 8.64833
      vertex 13.9022 13.9347 8.69422
    endloop
  endfacet
  facet normal -0.0927489 -0.172734 0.980592
    outer loop
      vertex 13.9347 13.9022 8.69422
      vertex 13.8667 13.6782 8.64833
      vertex 13.955 13.8913 8.69422
    endloop
  endfacet
  facet normal -0.547851 -0.449579 0.705506
    outer loop
      vertex 13.367 13.5771 8.42761
      vertex 13.2287 13.4846 8.26127
      vertex 13.4617 13.4617 8.42761
    endloop
  endfacet
  facet normal 0.0924436 0.172829 0.980604
    outer loop
      vertex 14.1333 14.3218 8.64833
      vertex 14.0653 14.0978 8.69422
      vertex 14.1935 14.2896 8.64833
    endloop
  endfacet
  facet normal -0.643567 -0.528595 0.553542
    outer loop
      vertex 13.2287 13.4846 8.26127
      vertex 13.1201 13.412 8.06568
      vertex 13.3441 13.3441 8.26127
    endloop
  endfacet
  facet normal -0.678172 -0.205636 0.705547
    outer loop
      vertex 13.2534 13.8515 8.42761
      vertex 13.0902 13.819 8.26127
      vertex 13.2967 13.7087 8.42761
    endloop
  endfacet
  facet normal -0.268606 -0.884676 0.38105
    outer loop
      vertex 13.7935 12.962 8.06568
      vertex 13.5606 12.9391 7.84834
      vertex 13.776 12.8737 7.84834
    endloop
  endfacet
  facet normal 0.333946 -0.62514 0.705464
    outer loop
      vertex 14.4229 13.367 8.42761
      vertex 14.2913 13.2967 8.42761
      vertex 14.5154 13.2287 8.26127
    endloop
  endfacet
  facet normal -0.634749 -0.772719 0
    outer loop
      vertex 13.1556 13.1556 7.5
      vertex 13.3365 13.007 7.61762
      vertex 13.1556 13.1556 7.61762
    endloop
  endfacet
  facet normal -0.634749 -0.772719 -0
    outer loop
      vertex 13.3365 13.007 7.61762
      vertex 13.1556 13.1556 7.5
      vertex 13.3365 13.007 7.5
    endloop
  endfacet
  facet normal 0.284995 -0.938652 0.194193
    outer loop
      vertex 14.4394 12.9391 7.84834
      vertex 14.224 12.8737 7.84834
      vertex 14.233 12.8287 7.61762
    endloop
  endfacet
  facet normal 0.815412 0.435626 0.381226
    outer loop
      vertex 14.9548 14.638 7.84834
      vertex 14.8799 14.588 8.06568
      vertex 15.0609 14.4394 7.84834
    endloop
  endfacet
  facet normal -0.0958828 0.976261 0.19422
    outer loop
      vertex 14 15.1942 7.61762
      vertex 13.776 15.1263 7.84834
      vertex 14 15.1483 7.84834
    endloop
  endfacet
  facet normal 0.714598 0.586463 0.381327
    outer loop
      vertex 14.812 14.812 7.84834
      vertex 14.7483 14.7483 8.06568
      vertex 14.9548 14.638 7.84834
    endloop
  endfacet
  facet normal -0.956881 -0.290482 0
    outer loop
      vertex 12.8967 13.543 7.5
      vertex 12.8287 13.767 7.61762
      vertex 12.8287 13.767 7.5
    endloop
  endfacet
  facet normal -0.956881 -0.290482 0
    outer loop
      vertex 12.8287 13.767 7.61762
      vertex 12.8967 13.543 7.5
      vertex 12.8967 13.543 7.61762
    endloop
  endfacet
  facet normal -0.882057 -0.471142 0
    outer loop
      vertex 13.007 13.3365 7.5
      vertex 12.8967 13.543 7.61762
      vertex 12.8967 13.543 7.5
    endloop
  endfacet
  facet normal -0.882057 -0.471142 0
    outer loop
      vertex 12.8967 13.543 7.61762
      vertex 13.007 13.3365 7.5
      vertex 13.007 13.3365 7.61762
    endloop
  endfacet
  facet normal -0.865205 0.462227 0.194338
    outer loop
      vertex 13.007 14.6635 7.61762
      vertex 12.9391 14.4394 7.84834
      vertex 13.0452 14.638 7.84834
    endloop
  endfacet
  facet normal -0.435766 0.815391 0.381112
    outer loop
      vertex 13.5606 15.0609 7.84834
      vertex 13.412 14.8799 8.06568
      vertex 13.595 14.9777 8.06568
    endloop
  endfacet
  facet normal -0.333946 0.62514 0.705464
    outer loop
      vertex 13.7087 14.7033 8.42761
      vertex 13.4846 14.7713 8.26127
      vertex 13.5771 14.633 8.42761
    endloop
  endfacet
  facet normal -0.462167 0.865253 0.194265
    outer loop
      vertex 13.543 15.1033 7.61762
      vertex 13.3365 14.993 7.61762
      vertex 13.5606 15.0609 7.84834
    endloop
  endfacet
  facet normal -0.882057 0.471142 0
    outer loop
      vertex 12.8967 14.457 7.5
      vertex 13.007 14.6635 7.61762
      vertex 13.007 14.6635 7.5
    endloop
  endfacet
  facet normal -0.882057 0.471142 0
    outer loop
      vertex 13.007 14.6635 7.61762
      vertex 12.8967 14.457 7.5
      vertex 12.8967 14.457 7.61762
    endloop
  endfacet
  facet normal 0.884676 -0.268606 0.38105
    outer loop
      vertex 15.1263 13.776 7.84834
      vertex 15.038 13.7935 8.06568
      vertex 15.0609 13.5606 7.84834
    endloop
  endfacet
  facet normal 0.865253 0.462167 0.194265
    outer loop
      vertex 15.1033 14.457 7.61762
      vertex 14.993 14.6635 7.61762
      vertex 15.0609 14.4394 7.84834
    endloop
  endfacet
  facet normal 0.828668 0.0814933 0.553777
    outer loop
      vertex 15.038 14.2065 8.06568
      vertex 14.9098 14.181 8.26127
      vertex 14.9276 14 8.26127
    endloop
  endfacet
  facet normal 0.643621 -0.528388 0.553677
    outer loop
      vertex 14.8799 13.412 8.06568
      vertex 14.6559 13.3441 8.26127
      vertex 14.7483 13.2517 8.06568
    endloop
  endfacet
  facet normal 0.938652 -0.284995 0.194193
    outer loop
      vertex 15.1263 13.776 7.84834
      vertex 15.0609 13.5606 7.84834
      vertex 15.1713 13.767 7.61762
    endloop
  endfacet
  facet normal 0.976267 -0.0959507 0.194156
    outer loop
      vertex 15.1942 14 7.61762
      vertex 15.1263 13.776 7.84834
      vertex 15.1713 13.767 7.61762
    endloop
  endfacet
  facet normal 0.449915 -0.547773 0.705351
    outer loop
      vertex 14.5383 13.4617 8.42761
      vertex 14.5154 13.2287 8.26127
      vertex 14.6559 13.3441 8.26127
    endloop
  endfacet
  facet normal 0.0903679 -0.920109 0.381094
    outer loop
      vertex 14.2065 12.962 8.06568
      vertex 14 12.8517 7.84834
      vertex 14.224 12.8737 7.84834
    endloop
  endfacet
  facet normal 0.865253 -0.462167 0.194265
    outer loop
      vertex 15.0609 13.5606 7.84834
      vertex 14.993 13.3365 7.61762
      vertex 15.1033 13.543 7.61762
    endloop
  endfacet
  facet normal 0.195058 -0.019219 0.980603
    outer loop
      vertex 14.3483 14 8.64833
      vertex 14.1176 14 8.69422
      vertex 14.3416 13.932 8.64833
    endloop
  endfacet
  facet normal 0.382339 -0.0376717 0.923254
    outer loop
      vertex 14.3483 14 8.64833
      vertex 14.3416 13.932 8.64833
      vertex 14.5657 14 8.5583
    endloop
  endfacet
  facet normal 0.382359 -0.037751 0.923242
    outer loop
      vertex 14.5657 14 8.5583
      vertex 14.3416 13.932 8.64833
      vertex 14.5548 13.8896 8.5583
    endloop
  endfacet
  facet normal 0.367673 -0.111584 0.923237
    outer loop
      vertex 14.5548 13.8896 8.5583
      vertex 14.3416 13.932 8.64833
      vertex 14.5226 13.7835 8.5583
    endloop
  endfacet
  facet normal 0.734517 0.392445 0.553599
    outer loop
      vertex 14.9777 14.405 8.06568
      vertex 14.7713 14.5154 8.26127
      vertex 14.857 14.355 8.26127
    endloop
  endfacet
  facet normal 0.796905 0.241819 0.553594
    outer loop
      vertex 14.9777 14.405 8.06568
      vertex 14.857 14.355 8.26127
      vertex 14.9098 14.181 8.26127
    endloop
  endfacet
  facet normal -0.338844 0.181202 0.923228
    outer loop
      vertex 13.5297 14.3143 8.5583
      vertex 13.4774 14.2165 8.5583
      vertex 13.7104 14.1935 8.64833
    endloop
  endfacet
  facet normal 0.0814639 0.828685 0.553756
    outer loop
      vertex 14 15.0583 8.06568
      vertex 14 14.9276 8.26127
      vertex 14.2065 15.038 8.06568
    endloop
  endfacet
  facet normal -0.554771 -0.0549167 0.830189
    outer loop
      vertex 13.4452 13.8896 8.5583
      vertex 13.2387 14 8.42761
      vertex 13.2534 13.8515 8.42761
    endloop
  endfacet
  facet normal -0.382359 0.037751 0.923242
    outer loop
      vertex 13.4452 14.1104 8.5583
      vertex 13.4343 14 8.5583
      vertex 13.6584 14.068 8.64833
    endloop
  endfacet
  facet normal -0.643621 0.528388 0.553677
    outer loop
      vertex 13.2517 14.7483 8.06568
      vertex 13.1201 14.588 8.06568
      vertex 13.3441 14.6559 8.26127
    endloop
  endfacet
  facet normal -0.815412 0.435626 0.381226
    outer loop
      vertex 13.0452 14.638 7.84834
      vertex 12.9391 14.4394 7.84834
      vertex 13.1201 14.588 8.06568
    endloop
  endfacet
  facet normal 0.181202 0.338844 0.923228
    outer loop
      vertex 14.2165 14.5226 8.5583
      vertex 14.1935 14.2896 8.64833
      vertex 14.3143 14.4703 8.5583
    endloop
  endfacet
  facet normal 0.243661 0.29712 0.923227
    outer loop
      vertex 14.4 14.4 8.5583
      vertex 14.1935 14.2896 8.64833
      vertex 14.2463 14.2463 8.64833
    endloop
  endfacet
  facet normal 0.24369 -0.297073 0.923235
    outer loop
      vertex 14.4 13.6 8.5583
      vertex 14.1935 13.7104 8.64833
      vertex 14.3143 13.5297 8.5583
    endloop
  endfacet
  facet normal -0.187596 -0.0568821 0.980598
    outer loop
      vertex 13.8846 13.9771 8.69422
      vertex 13.6584 13.932 8.64833
      vertex 13.6782 13.8667 8.64833
    endloop
  endfacet
  facet normal -0.262667 -0.491706 0.8302
    outer loop
      vertex 13.7835 13.4774 8.5583
      vertex 13.5771 13.367 8.42761
      vertex 13.7087 13.2967 8.42761
    endloop
  endfacet
  facet normal 0.528595 -0.643567 0.553542
    outer loop
      vertex 14.6559 13.3441 8.26127
      vertex 14.5154 13.2287 8.26127
      vertex 14.588 13.1201 8.06568
    endloop
  endfacet
  facet normal 0.16191 -0.533498 0.83016
    outer loop
      vertex 14.2165 13.4774 8.5583
      vertex 14.1104 13.4452 8.5583
      vertex 14.1485 13.2534 8.42761
    endloop
  endfacet
  facet normal -0.195196 0.0187524 0.980585
    outer loop
      vertex 13.8846 14.0229 8.69422
      vertex 13.6584 14.068 8.64833
      vertex 13.8824 14 8.69422
    endloop
  endfacet
  facet normal -0.586463 -0.714598 0.381327
    outer loop
      vertex 13.2517 13.2517 8.06568
      vertex 13.188 13.188 7.84834
      vertex 13.362 13.0452 7.84834
    endloop
  endfacet
  facet normal -0.435626 -0.815412 0.381226
    outer loop
      vertex 13.412 13.1201 8.06568
      vertex 13.362 13.0452 7.84834
      vertex 13.5606 12.9391 7.84834
    endloop
  endfacet
  facet normal -0.33398 0.625093 0.70549
    outer loop
      vertex 13.645 14.857 8.26127
      vertex 13.4846 14.7713 8.26127
      vertex 13.7087 14.7033 8.42761
    endloop
  endfacet
  facet normal -0.865253 -0.462167 0.194265
    outer loop
      vertex 12.9391 13.5606 7.84834
      vertex 12.8967 13.543 7.61762
      vertex 13.007 13.3365 7.61762
    endloop
  endfacet
  facet normal 0.284949 -0.938657 0.194236
    outer loop
      vertex 14.4394 12.9391 7.84834
      vertex 14.233 12.8287 7.61762
      vertex 14.457 12.8967 7.61762
    endloop
  endfacet
  facet normal -0.0958828 -0.976261 0.19422
    outer loop
      vertex 14 12.8517 7.84834
      vertex 13.776 12.8737 7.84834
      vertex 14 12.8058 7.61762
    endloop
  endfacet
  facet normal -0.284949 -0.938657 0.194236
    outer loop
      vertex 13.5606 12.9391 7.84834
      vertex 13.543 12.8967 7.61762
      vertex 13.767 12.8287 7.61762
    endloop
  endfacet
  facet normal 0.995205 -0.097812 0
    outer loop
      vertex 15.1713 13.767 7.61762
      vertex 15.1942 14 7.5
      vertex 15.1942 14 7.61762
    endloop
  endfacet
  facet normal 0.995205 -0.097812 0
    outer loop
      vertex 15.1942 14 7.5
      vertex 15.1713 13.767 7.61762
      vertex 15.1713 13.767 7.5
    endloop
  endfacet
  facet normal 0.956881 0.290482 0
    outer loop
      vertex 15.1713 14.233 7.61762
      vertex 15.1033 14.457 7.5
      vertex 15.1033 14.457 7.61762
    endloop
  endfacet
  facet normal 0.956881 0.290482 0
    outer loop
      vertex 15.1033 14.457 7.5
      vertex 15.1713 14.233 7.61762
      vertex 15.1713 14.233 7.5
    endloop
  endfacet
  facet normal 0.462167 0.865253 0.194265
    outer loop
      vertex 14.457 15.1033 7.61762
      vertex 14.4394 15.0609 7.84834
      vertex 14.6635 14.993 7.61762
    endloop
  endfacet
  facet normal -0.284995 0.938652 0.194193
    outer loop
      vertex 13.767 15.1713 7.61762
      vertex 13.5606 15.0609 7.84834
      vertex 13.776 15.1263 7.84834
    endloop
  endfacet
  facet normal -0.705285 0.0693595 0.705523
    outer loop
      vertex 13.0902 14.181 8.26127
      vertex 13.0724 14 8.26127
      vertex 13.2534 14.1485 8.42761
    endloop
  endfacet
  facet normal -0.0959507 0.976267 0.194156
    outer loop
      vertex 14 15.1942 7.61762
      vertex 13.767 15.1713 7.61762
      vertex 13.776 15.1263 7.84834
    endloop
  endfacet
  facet normal 0.435626 0.815412 0.381226
    outer loop
      vertex 14.638 14.9548 7.84834
      vertex 14.4394 15.0609 7.84834
      vertex 14.588 14.8799 8.06568
    endloop
  endfacet
  facet normal 0.290482 0.956881 -0
    outer loop
      vertex 14.457 15.1033 7.5
      vertex 14.233 15.1713 7.61762
      vertex 14.457 15.1033 7.61762
    endloop
  endfacet
  facet normal 0.290482 0.956881 0
    outer loop
      vertex 14.233 15.1713 7.61762
      vertex 14.457 15.1033 7.5
      vertex 14.233 15.1713 7.5
    endloop
  endfacet
  facet normal 0.884676 0.268606 0.38105
    outer loop
      vertex 15.0609 14.4394 7.84834
      vertex 15.038 14.2065 8.06568
      vertex 15.1263 14.224 7.84834
    endloop
  endfacet
  facet normal 0.865205 0.462227 0.194338
    outer loop
      vertex 14.993 14.6635 7.61762
      vertex 14.9548 14.638 7.84834
      vertex 15.0609 14.4394 7.84834
    endloop
  endfacet
  facet normal 0.462227 0.865205 0.194338
    outer loop
      vertex 14.6635 14.993 7.61762
      vertex 14.4394 15.0609 7.84834
      vertex 14.638 14.9548 7.84834
    endloop
  endfacet
  facet normal -0.181239 0.338838 0.923223
    outer loop
      vertex 13.8667 14.3218 8.64833
      vertex 13.7835 14.5226 8.5583
      vertex 13.8065 14.2896 8.64833
    endloop
  endfacet
  facet normal -0.938657 -0.284949 0.194236
    outer loop
      vertex 12.9391 13.5606 7.84834
      vertex 12.8287 13.767 7.61762
      vertex 12.8967 13.543 7.61762
    endloop
  endfacet
  facet normal -0.449915 -0.547773 0.705351
    outer loop
      vertex 13.4617 13.4617 8.42761
      vertex 13.3441 13.3441 8.26127
      vertex 13.4846 13.2287 8.26127
    endloop
  endfacet
  facet normal -0.758271 0.622305 0.194325
    outer loop
      vertex 13.188 14.812 7.84834
      vertex 13.007 14.6635 7.61762
      vertex 13.0452 14.638 7.84834
    endloop
  endfacet
  facet normal -0.865253 0.462167 0.194265
    outer loop
      vertex 13.007 14.6635 7.61762
      vertex 12.8967 14.457 7.61762
      vertex 12.9391 14.4394 7.84834
    endloop
  endfacet
  facet normal -0.290482 0.956881 0
    outer loop
      vertex 13.767 15.1713 7.5
      vertex 13.543 15.1033 7.61762
      vertex 13.767 15.1713 7.61762
    endloop
  endfacet
  facet normal -0.290482 0.956881 0
    outer loop
      vertex 13.543 15.1033 7.61762
      vertex 13.767 15.1713 7.5
      vertex 13.543 15.1033 7.5
    endloop
  endfacet
  facet normal -0.471142 0.882057 0
    outer loop
      vertex 13.543 15.1033 7.5
      vertex 13.3365 14.993 7.61762
      vertex 13.543 15.1033 7.61762
    endloop
  endfacet
  facet normal -0.471142 0.882057 0
    outer loop
      vertex 13.3365 14.993 7.61762
      vertex 13.543 15.1033 7.5
      vertex 13.3365 14.993 7.5
    endloop
  endfacet
  facet normal -0.938652 0.284995 0.194193
    outer loop
      vertex 12.9391 14.4394 7.84834
      vertex 12.8287 14.233 7.61762
      vertex 12.8737 14.224 7.84834
    endloop
  endfacet
  facet normal -0.92013 0.0904535 0.381024
    outer loop
      vertex 12.962 14.2065 8.06568
      vertex 12.8517 14 7.84834
      vertex 12.9417 14 8.06568
    endloop
  endfacet
  facet normal 0.920109 0.0903679 0.381094
    outer loop
      vertex 15.1263 14.224 7.84834
      vertex 15.038 14.2065 8.06568
      vertex 15.1483 14 7.84834
    endloop
  endfacet
  facet normal 0.678199 -0.205798 0.705474
    outer loop
      vertex 14.9098 13.819 8.26127
      vertex 14.7033 13.7087 8.42761
      vertex 14.857 13.645 8.26127
    endloop
  endfacet
  facet normal 0.547773 -0.449915 0.705351
    outer loop
      vertex 14.7713 13.4846 8.26127
      vertex 14.5383 13.4617 8.42761
      vertex 14.6559 13.3441 8.26127
    endloop
  endfacet
  facet normal 0.884593 0.26872 0.381163
    outer loop
      vertex 15.0609 14.4394 7.84834
      vertex 14.9777 14.405 8.06568
      vertex 15.038 14.2065 8.06568
    endloop
  endfacet
  facet normal 0.828685 -0.0814639 0.553756
    outer loop
      vertex 15.0583 14 8.06568
      vertex 14.9276 14 8.26127
      vertex 15.038 13.7935 8.06568
    endloop
  endfacet
  facet normal 0.938657 -0.284949 0.194236
    outer loop
      vertex 15.1713 13.767 7.61762
      vertex 15.0609 13.5606 7.84834
      vertex 15.1033 13.543 7.61762
    endloop
  endfacet
  facet normal 0.268606 -0.884676 0.38105
    outer loop
      vertex 14.4394 12.9391 7.84834
      vertex 14.2065 12.962 8.06568
      vertex 14.224 12.8737 7.84834
    endloop
  endfacet
  facet normal -0.097812 -0.995205 0
    outer loop
      vertex 13.767 12.8287 7.5
      vertex 14 12.8058 7.61762
      vertex 13.767 12.8287 7.61762
    endloop
  endfacet
  facet normal -0.097812 -0.995205 -0
    outer loop
      vertex 14 12.8058 7.61762
      vertex 13.767 12.8287 7.5
      vertex 14 12.8058 7.5
    endloop
  endfacet
  facet normal 0.533498 0.16191 0.83016
    outer loop
      vertex 14.7466 14.1485 8.42761
      vertex 14.5226 14.2165 8.5583
      vertex 14.5548 14.1104 8.5583
    endloop
  endfacet
  facet normal 0.367673 0.111584 0.923237
    outer loop
      vertex 14.5226 14.2165 8.5583
      vertex 14.3416 14.068 8.64833
      vertex 14.5548 14.1104 8.5583
    endloop
  endfacet
  facet normal 0.382339 0.0376717 0.923254
    outer loop
      vertex 14.5657 14 8.5583
      vertex 14.3416 14.068 8.64833
      vertex 14.3483 14 8.64833
    endloop
  endfacet
  facet normal 0.195058 0.019219 0.980603
    outer loop
      vertex 14.3416 14.068 8.64833
      vertex 14.1176 14 8.69422
      vertex 14.3483 14 8.64833
    endloop
  endfacet
  facet normal 0.705465 -0.0698339 0.705296
    outer loop
      vertex 14.7613 14 8.42761
      vertex 14.7466 13.8515 8.42761
      vertex 14.9276 14 8.26127
    endloop
  endfacet
  facet normal 0.55472 0.0547685 0.830233
    outer loop
      vertex 14.7613 14 8.42761
      vertex 14.5548 14.1104 8.5583
      vertex 14.5657 14 8.5583
    endloop
  endfacet
  facet normal 0.0547685 0.55472 0.830233
    outer loop
      vertex 14 14.7613 8.42761
      vertex 14 14.5657 8.5583
      vertex 14.1104 14.5548 8.5583
    endloop
  endfacet
  facet normal 0.533477 0.161762 0.830202
    outer loop
      vertex 14.7033 14.2913 8.42761
      vertex 14.5226 14.2165 8.5583
      vertex 14.7466 14.1485 8.42761
    endloop
  endfacet
  facet normal 0.528595 0.643567 0.553542
    outer loop
      vertex 14.588 14.8799 8.06568
      vertex 14.5154 14.7713 8.26127
      vertex 14.6559 14.6559 8.26127
    endloop
  endfacet
  facet normal 0.161762 0.533477 0.830202
    outer loop
      vertex 14.2913 14.7033 8.42761
      vertex 14.1485 14.7466 8.42761
      vertex 14.2165 14.5226 8.5583
    endloop
  endfacet
  facet normal 0.33398 0.625093 0.70549
    outer loop
      vertex 14.355 14.857 8.26127
      vertex 14.2913 14.7033 8.42761
      vertex 14.5154 14.7713 8.26127
    endloop
  endfacet
  facet normal -0.205798 0.678199 0.705474
    outer loop
      vertex 13.819 14.9098 8.26127
      vertex 13.645 14.857 8.26127
      vertex 13.7087 14.7033 8.42761
    endloop
  endfacet
  facet normal -0.382359 -0.037751 0.923242
    outer loop
      vertex 13.6584 13.932 8.64833
      vertex 13.4343 14 8.5583
      vertex 13.4452 13.8896 8.5583
    endloop
  endfacet
  facet normal -0.533498 0.16191 0.83016
    outer loop
      vertex 13.4774 14.2165 8.5583
      vertex 13.2534 14.1485 8.42761
      vertex 13.4452 14.1104 8.5583
    endloop
  endfacet
  facet normal 0.0568821 0.187596 0.980598
    outer loop
      vertex 14.068 14.3416 8.64833
      vertex 14.0229 14.1154 8.69422
      vertex 14.1333 14.3218 8.64833
    endloop
  endfacet
  facet normal -0.338838 0.181239 0.923223
    outer loop
      vertex 13.7104 14.1935 8.64833
      vertex 13.4774 14.2165 8.5583
      vertex 13.6782 14.1333 8.64833
    endloop
  endfacet
  facet normal -0.884676 -0.268606 0.38105
    outer loop
      vertex 12.962 13.7935 8.06568
      vertex 12.8737 13.776 7.84834
      vertex 12.9391 13.5606 7.84834
    endloop
  endfacet
  facet normal -0.55472 -0.0547685 0.830233
    outer loop
      vertex 13.4343 14 8.5583
      vertex 13.2387 14 8.42761
      vertex 13.4452 13.8896 8.5583
    endloop
  endfacet
  facet normal -0.195058 0.019219 0.980603
    outer loop
      vertex 13.6584 14.068 8.64833
      vertex 13.6517 14 8.64833
      vertex 13.8824 14 8.69422
    endloop
  endfacet
  facet normal -0.0187524 -0.195196 0.980585
    outer loop
      vertex 13.9771 13.8846 8.69422
      vertex 13.932 13.6584 8.64833
      vertex 14 13.8824 8.69422
    endloop
  endfacet
  facet normal -0.0814639 0.828685 0.553756
    outer loop
      vertex 14 15.0583 8.06568
      vertex 13.7935 15.038 8.06568
      vertex 14 14.9276 8.26127
    endloop
  endfacet
  facet normal -0.449579 0.547851 0.705506
    outer loop
      vertex 13.4846 14.7713 8.26127
      vertex 13.4617 14.5383 8.42761
      vertex 13.5771 14.633 8.42761
    endloop
  endfacet
  facet normal 0.533477 -0.161762 0.830202
    outer loop
      vertex 14.7466 13.8515 8.42761
      vertex 14.5226 13.7835 8.5583
      vertex 14.7033 13.7087 8.42761
    endloop
  endfacet
  facet normal 0.33398 -0.625093 0.70549
    outer loop
      vertex 14.5154 13.2287 8.26127
      vertex 14.2913 13.2967 8.42761
      vertex 14.355 13.143 8.26127
    endloop
  endfacet
  facet normal -0.111584 -0.367673 0.923237
    outer loop
      vertex 13.932 13.6584 8.64833
      vertex 13.7835 13.4774 8.5583
      vertex 13.8896 13.4452 8.5583
    endloop
  endfacet
  facet normal -0.205798 -0.678199 0.705474
    outer loop
      vertex 13.7087 13.2967 8.42761
      vertex 13.645 13.143 8.26127
      vertex 13.819 13.0902 8.26127
    endloop
  endfacet
  facet normal -0.151588 0.124314 0.980595
    outer loop
      vertex 13.7537 14.2463 8.64833
      vertex 13.7104 14.1935 8.64833
      vertex 13.9168 14.0832 8.69422
    endloop
  endfacet
  facet normal -0.195196 -0.0187524 0.980585
    outer loop
      vertex 13.8824 14 8.69422
      vertex 13.6584 13.932 8.64833
      vertex 13.8846 13.9771 8.69422
    endloop
  endfacet
  facet normal -0.62514 -0.333946 0.705464
    outer loop
      vertex 13.2967 13.7087 8.42761
      vertex 13.2287 13.4846 8.26127
      vertex 13.367 13.5771 8.42761
    endloop
  endfacet
  facet normal -0.678199 -0.205798 0.705474
    outer loop
      vertex 13.2967 13.7087 8.42761
      vertex 13.0902 13.819 8.26127
      vertex 13.143 13.645 8.26127
    endloop
  endfacet
  facet normal -0.547773 -0.449915 0.705351
    outer loop
      vertex 13.4617 13.4617 8.42761
      vertex 13.2287 13.4846 8.26127
      vertex 13.3441 13.3441 8.26127
    endloop
  endfacet
  facet normal -0.0903679 -0.920109 0.381094
    outer loop
      vertex 13.7935 12.962 8.06568
      vertex 13.776 12.8737 7.84834
      vertex 14 12.8517 7.84834
    endloop
  endfacet
  facet normal 0.205798 -0.678199 0.705474
    outer loop
      vertex 14.2913 13.2967 8.42761
      vertex 14.181 13.0902 8.26127
      vertex 14.355 13.143 8.26127
    endloop
  endfacet
  facet normal 0.262831 -0.491489 0.830276
    outer loop
      vertex 14.3143 13.5297 8.5583
      vertex 14.2165 13.4774 8.5583
      vertex 14.4229 13.367 8.42761
    endloop
  endfacet
  facet normal -0.0814639 -0.828685 0.553756
    outer loop
      vertex 14 13.0724 8.26127
      vertex 13.7935 12.962 8.06568
      vertex 14 12.9417 8.06568
    endloop
  endfacet
  facet normal 0.241819 -0.796905 0.553594
    outer loop
      vertex 14.355 13.143 8.26127
      vertex 14.181 13.0902 8.26127
      vertex 14.405 13.0223 8.06568
    endloop
  endfacet
  facet normal 0.243661 -0.29712 0.923227
    outer loop
      vertex 14.2463 13.7537 8.64833
      vertex 14.1935 13.7104 8.64833
      vertex 14.4 13.6 8.5583
    endloop
  endfacet
  facet normal 0.449579 -0.547851 0.705506
    outer loop
      vertex 14.5383 13.4617 8.42761
      vertex 14.4229 13.367 8.42761
      vertex 14.5154 13.2287 8.26127
    endloop
  endfacet
  facet normal -0.772719 -0.634749 0
    outer loop
      vertex 13.1556 13.1556 7.5
      vertex 13.007 13.3365 7.61762
      vertex 13.007 13.3365 7.5
    endloop
  endfacet
  facet normal -0.772719 -0.634749 0
    outer loop
      vertex 13.007 13.3365 7.61762
      vertex 13.1556 13.1556 7.5
      vertex 13.1556 13.1556 7.61762
    endloop
  endfacet
  facet normal -0.471142 -0.882057 0
    outer loop
      vertex 13.3365 13.007 7.5
      vertex 13.543 12.8967 7.61762
      vertex 13.3365 13.007 7.61762
    endloop
  endfacet
  facet normal -0.471142 -0.882057 -0
    outer loop
      vertex 13.543 12.8967 7.61762
      vertex 13.3365 13.007 7.5
      vertex 13.543 12.8967 7.5
    endloop
  endfacet
  facet normal -0.33398 -0.625093 0.70549
    outer loop
      vertex 13.7087 13.2967 8.42761
      vertex 13.4846 13.2287 8.26127
      vertex 13.645 13.143 8.26127
    endloop
  endfacet
  facet normal -0.586612 -0.714544 0.3812
    outer loop
      vertex 13.412 13.1201 8.06568
      vertex 13.2517 13.2517 8.06568
      vertex 13.362 13.0452 7.84834
    endloop
  endfacet
  facet normal -0.705465 0.0698339 0.705296
    outer loop
      vertex 13.2534 14.1485 8.42761
      vertex 13.0724 14 8.26127
      vertex 13.2387 14 8.42761
    endloop
  endfacet
  facet normal -0.938652 -0.284995 0.194193
    outer loop
      vertex 12.8737 13.776 7.84834
      vertex 12.8287 13.767 7.61762
      vertex 12.9391 13.5606 7.84834
    endloop
  endfacet
  facet normal -0.796721 -0.242027 0.553767
    outer loop
      vertex 13.0902 13.819 8.26127
      vertex 12.962 13.7935 8.06568
      vertex 13.0223 13.595 8.06568
    endloop
  endfacet
  facet normal -0.734517 -0.392445 0.553599
    outer loop
      vertex 13.143 13.645 8.26127
      vertex 13.0223 13.595 8.06568
      vertex 13.2287 13.4846 8.26127
    endloop
  endfacet
  facet normal 0.097812 -0.995205 0
    outer loop
      vertex 14 12.8058 7.5
      vertex 14.233 12.8287 7.61762
      vertex 14 12.8058 7.61762
    endloop
  endfacet
  facet normal 0.097812 -0.995205 0
    outer loop
      vertex 14.233 12.8287 7.61762
      vertex 14 12.8058 7.5
      vertex 14.233 12.8287 7.5
    endloop
  endfacet
  facet normal 0.995205 0.097812 0
    outer loop
      vertex 15.1942 14 7.61762
      vertex 15.1713 14.233 7.5
      vertex 15.1713 14.233 7.61762
    endloop
  endfacet
  facet normal 0.995205 0.097812 0
    outer loop
      vertex 15.1713 14.233 7.5
      vertex 15.1942 14 7.61762
      vertex 15.1942 14 7.5
    endloop
  endfacet
  facet normal -0.714544 0.586612 0.3812
    outer loop
      vertex 13.2517 14.7483 8.06568
      vertex 13.0452 14.638 7.84834
      vertex 13.1201 14.588 8.06568
    endloop
  endfacet
  facet normal -0.0903679 0.920109 0.381094
    outer loop
      vertex 14 15.1483 7.84834
      vertex 13.776 15.1263 7.84834
      vertex 13.7935 15.038 8.06568
    endloop
  endfacet
  facet normal -0.097812 0.995205 0
    outer loop
      vertex 14 15.1942 7.5
      vertex 13.767 15.1713 7.61762
      vertex 14 15.1942 7.61762
    endloop
  endfacet
  facet normal -0.097812 0.995205 0
    outer loop
      vertex 13.767 15.1713 7.61762
      vertex 14 15.1942 7.5
      vertex 13.767 15.1713 7.5
    endloop
  endfacet
  facet normal -0.0698339 0.705465 0.705296
    outer loop
      vertex 14 14.9276 8.26127
      vertex 13.8515 14.7466 8.42761
      vertex 14 14.7613 8.42761
    endloop
  endfacet
  facet normal 0.528388 0.643621 0.553677
    outer loop
      vertex 14.7483 14.7483 8.06568
      vertex 14.588 14.8799 8.06568
      vertex 14.6559 14.6559 8.26127
    endloop
  endfacet
  facet normal 0.772719 0.634749 0
    outer loop
      vertex 14.993 14.6635 7.61762
      vertex 14.8444 14.8444 7.5
      vertex 14.8444 14.8444 7.61762
    endloop
  endfacet
  facet normal 0.772719 0.634749 0
    outer loop
      vertex 14.8444 14.8444 7.5
      vertex 14.993 14.6635 7.61762
      vertex 14.993 14.6635 7.5
    endloop
  endfacet
  facet normal 0.758271 0.622305 0.194325
    outer loop
      vertex 14.993 14.6635 7.61762
      vertex 14.812 14.812 7.84834
      vertex 14.9548 14.638 7.84834
    endloop
  endfacet
  facet normal 0.0904535 0.92013 0.381024
    outer loop
      vertex 14 15.1483 7.84834
      vertex 14 15.0583 8.06568
      vertex 14.2065 15.038 8.06568
    endloop
  endfacet
  facet normal 0.643567 0.528595 0.553542
    outer loop
      vertex 14.8799 14.588 8.06568
      vertex 14.6559 14.6559 8.26127
      vertex 14.7713 14.5154 8.26127
    endloop
  endfacet
  facet normal -0.995205 0.097812 0
    outer loop
      vertex 12.8058 14 7.5
      vertex 12.8287 14.233 7.61762
      vertex 12.8287 14.233 7.5
    endloop
  endfacet
  facet normal -0.995205 0.097812 0
    outer loop
      vertex 12.8287 14.233 7.61762
      vertex 12.8058 14 7.5
      vertex 12.8058 14 7.61762
    endloop
  endfacet
  facet normal -0.714598 -0.586463 0.381327
    outer loop
      vertex 13.2517 13.2517 8.06568
      vertex 13.0452 13.362 7.84834
      vertex 13.188 13.188 7.84834
    endloop
  endfacet
  facet normal -0.815412 -0.435626 0.381226
    outer loop
      vertex 13.1201 13.412 8.06568
      vertex 12.9391 13.5606 7.84834
      vertex 13.0452 13.362 7.84834
    endloop
  endfacet
  facet normal -0.714544 -0.586612 0.3812
    outer loop
      vertex 13.1201 13.412 8.06568
      vertex 13.0452 13.362 7.84834
      vertex 13.2517 13.2517 8.06568
    endloop
  endfacet
  facet normal -0.758054 -0.622702 0.193899
    outer loop
      vertex 13.188 13.188 7.84834
      vertex 13.007 13.3365 7.61762
      vertex 13.1556 13.1556 7.61762
    endloop
  endfacet
  facet normal -0.533477 0.161762 0.830202
    outer loop
      vertex 13.2967 14.2913 8.42761
      vertex 13.2534 14.1485 8.42761
      vertex 13.4774 14.2165 8.5583
    endloop
  endfacet
  facet normal -0.430989 0.353542 0.830214
    outer loop
      vertex 13.6 14.4 8.5583
      vertex 13.4617 14.5383 8.42761
      vertex 13.5297 14.3143 8.5583
    endloop
  endfacet
  facet normal -0.284949 0.938657 0.194236
    outer loop
      vertex 13.767 15.1713 7.61762
      vertex 13.543 15.1033 7.61762
      vertex 13.5606 15.0609 7.84834
    endloop
  endfacet
  facet normal -0.772719 0.634749 0
    outer loop
      vertex 13.007 14.6635 7.5
      vertex 13.1556 14.8444 7.61762
      vertex 13.1556 14.8444 7.5
    endloop
  endfacet
  facet normal -0.772719 0.634749 0
    outer loop
      vertex 13.1556 14.8444 7.61762
      vertex 13.007 14.6635 7.5
      vertex 13.007 14.6635 7.61762
    endloop
  endfacet
  facet normal -0.758054 0.622702 0.193899
    outer loop
      vertex 13.1556 14.8444 7.61762
      vertex 13.007 14.6635 7.61762
      vertex 13.188 14.812 7.84834
    endloop
  endfacet
  facet normal -0.622702 0.758054 0.193899
    outer loop
      vertex 13.3365 14.993 7.61762
      vertex 13.1556 14.8444 7.61762
      vertex 13.188 14.812 7.84834
    endloop
  endfacet
  facet normal -0.634749 0.772719 0
    outer loop
      vertex 13.3365 14.993 7.5
      vertex 13.1556 14.8444 7.61762
      vertex 13.3365 14.993 7.61762
    endloop
  endfacet
  facet normal -0.634749 0.772719 0
    outer loop
      vertex 13.1556 14.8444 7.61762
      vertex 13.3365 14.993 7.5
      vertex 13.1556 14.8444 7.5
    endloop
  endfacet
  facet normal -0.884676 0.268606 0.38105
    outer loop
      vertex 12.9391 14.4394 7.84834
      vertex 12.8737 14.224 7.84834
      vertex 12.962 14.2065 8.06568
    endloop
  endfacet
  facet normal -0.815391 0.435766 0.381112
    outer loop
      vertex 13.1201 14.588 8.06568
      vertex 12.9391 14.4394 7.84834
      vertex 13.0223 14.405 8.06568
    endloop
  endfacet
  facet normal -0.995205 -0.097812 0
    outer loop
      vertex 12.8287 13.767 7.5
      vertex 12.8058 14 7.61762
      vertex 12.8058 14 7.5
    endloop
  endfacet
  facet normal -0.995205 -0.097812 0
    outer loop
      vertex 12.8058 14 7.61762
      vertex 12.8287 13.767 7.5
      vertex 12.8287 13.767 7.61762
    endloop
  endfacet
  facet normal 0.705285 0.0693595 0.705523
    outer loop
      vertex 14.9098 14.181 8.26127
      vertex 14.7466 14.1485 8.42761
      vertex 14.9276 14 8.26127
    endloop
  endfacet
  facet normal 0.938652 0.284995 0.194193
    outer loop
      vertex 15.1713 14.233 7.61762
      vertex 15.0609 14.4394 7.84834
      vertex 15.1263 14.224 7.84834
    endloop
  endfacet
  facet normal 0.758271 -0.622305 0.194325
    outer loop
      vertex 14.9548 13.362 7.84834
      vertex 14.812 13.188 7.84834
      vertex 14.993 13.3365 7.61762
    endloop
  endfacet
  facet normal 0.734511 -0.392542 0.553538
    outer loop
      vertex 14.9777 13.595 8.06568
      vertex 14.7713 13.4846 8.26127
      vertex 14.8799 13.412 8.06568
    endloop
  endfacet
  facet normal 0.828685 0.0814639 0.553756
    outer loop
      vertex 15.038 14.2065 8.06568
      vertex 14.9276 14 8.26127
      vertex 15.0583 14 8.06568
    endloop
  endfacet
  facet normal 0.92013 0.0904535 0.381024
    outer loop
      vertex 15.1483 14 7.84834
      vertex 15.038 14.2065 8.06568
      vertex 15.0583 14 8.06568
    endloop
  endfacet
  facet normal 0.471142 -0.882057 0
    outer loop
      vertex 14.457 12.8967 7.5
      vertex 14.6635 13.007 7.61762
      vertex 14.457 12.8967 7.61762
    endloop
  endfacet
  facet normal 0.471142 -0.882057 0
    outer loop
      vertex 14.6635 13.007 7.61762
      vertex 14.457 12.8967 7.5
      vertex 14.6635 13.007 7.5
    endloop
  endfacet
  facet normal 0.462227 -0.865205 0.194338
    outer loop
      vertex 14.638 13.0452 7.84834
      vertex 14.4394 12.9391 7.84834
      vertex 14.6635 13.007 7.61762
    endloop
  endfacet
  facet normal 0.622305 -0.758271 0.194325
    outer loop
      vertex 14.812 13.188 7.84834
      vertex 14.638 13.0452 7.84834
      vertex 14.6635 13.007 7.61762
    endloop
  endfacet
  facet normal 0.26872 -0.884593 0.381163
    outer loop
      vertex 14.405 13.0223 8.06568
      vertex 14.2065 12.962 8.06568
      vertex 14.4394 12.9391 7.84834
    endloop
  endfacet
  facet normal 0.435766 -0.815391 0.381112
    outer loop
      vertex 14.588 13.1201 8.06568
      vertex 14.405 13.0223 8.06568
      vertex 14.4394 12.9391 7.84834
    endloop
  endfacet
  facet normal 0.382359 0.037751 0.923242
    outer loop
      vertex 14.5548 14.1104 8.5583
      vertex 14.3416 14.068 8.64833
      vertex 14.5657 14 8.5583
    endloop
  endfacet
  facet normal 0.55472 -0.0547685 0.830233
    outer loop
      vertex 14.5657 14 8.5583
      vertex 14.5548 13.8896 8.5583
      vertex 14.7613 14 8.42761
    endloop
  endfacet
  facet normal 0.533498 -0.16191 0.83016
    outer loop
      vertex 14.5548 13.8896 8.5583
      vertex 14.5226 13.7835 8.5583
      vertex 14.7466 13.8515 8.42761
    endloop
  endfacet
  facet normal 0.705465 0.0698339 0.705296
    outer loop
      vertex 14.9276 14 8.26127
      vertex 14.7466 14.1485 8.42761
      vertex 14.7613 14 8.42761
    endloop
  endfacet
  facet normal 0.547851 0.449579 0.705506
    outer loop
      vertex 14.7713 14.5154 8.26127
      vertex 14.5383 14.5383 8.42761
      vertex 14.633 14.4229 8.42761
    endloop
  endfacet
  facet normal 0.430989 0.353542 0.830214
    outer loop
      vertex 14.5383 14.5383 8.42761
      vertex 14.4 14.4 8.5583
      vertex 14.4703 14.3143 8.5583
    endloop
  endfacet
  facet normal -0.205636 0.678172 0.705547
    outer loop
      vertex 13.819 14.9098 8.26127
      vertex 13.7087 14.7033 8.42761
      vertex 13.8515 14.7466 8.42761
    endloop
  endfacet
  facet normal -0.392445 0.734517 0.553599
    outer loop
      vertex 13.595 14.9777 8.06568
      vertex 13.4846 14.7713 8.26127
      vertex 13.645 14.857 8.26127
    endloop
  endfacet
  facet normal 0.037751 0.382359 0.923242
    outer loop
      vertex 14.1104 14.5548 8.5583
      vertex 14 14.5657 8.5583
      vertex 14.068 14.3416 8.64833
    endloop
  endfacet
  facet normal -0.367673 0.111584 0.923237
    outer loop
      vertex 13.4774 14.2165 8.5583
      vertex 13.4452 14.1104 8.5583
      vertex 13.6584 14.068 8.64833
    endloop
  endfacet
  facet normal 0.151588 0.124314 0.980595
    outer loop
      vertex 14.2463 14.2463 8.64833
      vertex 14.0832 14.0832 8.69422
      vertex 14.2896 14.1935 8.64833
    endloop
  endfacet
  facet normal -0.111502 0.367733 0.923223
    outer loop
      vertex 13.932 14.3416 8.64833
      vertex 13.7835 14.5226 8.5583
      vertex 13.8667 14.3218 8.64833
    endloop
  endfacet
  facet normal -0.382339 0.0376717 0.923254
    outer loop
      vertex 13.6584 14.068 8.64833
      vertex 13.4343 14 8.5583
      vertex 13.6517 14 8.64833
    endloop
  endfacet
  facet normal 0.019219 -0.195058 0.980603
    outer loop
      vertex 14 13.8824 8.69422
      vertex 14 13.6517 8.64833
      vertex 14.068 13.6584 8.64833
    endloop
  endfacet
  facet normal -0.187596 0.0568821 0.980598
    outer loop
      vertex 13.6782 14.1333 8.64833
      vertex 13.6584 14.068 8.64833
      vertex 13.8846 14.0229 8.69422
    endloop
  endfacet
  facet normal -0.828685 -0.0814639 0.553756
    outer loop
      vertex 13.0724 14 8.26127
      vertex 12.9417 14 8.06568
      vertex 12.962 13.7935 8.06568
    endloop
  endfacet
  facet normal -0.828685 0.0814639 0.553756
    outer loop
      vertex 12.962 14.2065 8.06568
      vertex 12.9417 14 8.06568
      vertex 13.0724 14 8.26127
    endloop
  endfacet
  facet normal 0.1876 -0.0568743 0.980597
    outer loop
      vertex 14.1154 13.9771 8.69422
      vertex 14.1087 13.955 8.69422
      vertex 14.3218 13.8667 8.64833
    endloop
  endfacet
  facet normal 0.29712 0.243661 0.923227
    outer loop
      vertex 14.4 14.4 8.5583
      vertex 14.2463 14.2463 8.64833
      vertex 14.2896 14.1935 8.64833
    endloop
  endfacet
  facet normal -0.195058 -0.019219 0.980603
    outer loop
      vertex 13.8824 14 8.69422
      vertex 13.6517 14 8.64833
      vertex 13.6584 13.932 8.64833
    endloop
  endfacet
  facet normal -0.0924436 0.172829 0.980604
    outer loop
      vertex 13.8667 14.3218 8.64833
      vertex 13.8065 14.2896 8.64833
      vertex 13.9347 14.0978 8.69422
    endloop
  endfacet
  facet normal -0.297073 0.24369 0.923235
    outer loop
      vertex 13.6 14.4 8.5583
      vertex 13.5297 14.3143 8.5583
      vertex 13.7104 14.1935 8.64833
    endloop
  endfacet
  facet normal -0.161762 0.533477 0.830202
    outer loop
      vertex 13.8515 14.7466 8.42761
      vertex 13.7087 14.7033 8.42761
      vertex 13.7835 14.5226 8.5583
    endloop
  endfacet
  facet normal -0.262667 0.491706 0.8302
    outer loop
      vertex 13.7087 14.7033 8.42761
      vertex 13.5771 14.633 8.42761
      vertex 13.7835 14.5226 8.5583
    endloop
  endfacet
  facet normal -0.338844 -0.181202 0.923228
    outer loop
      vertex 13.7104 13.8065 8.64833
      vertex 13.4774 13.7835 8.5583
      vertex 13.5297 13.6857 8.5583
    endloop
  endfacet
  facet normal -0.037751 -0.382359 0.923242
    outer loop
      vertex 13.932 13.6584 8.64833
      vertex 13.8896 13.4452 8.5583
      vertex 14 13.4343 8.5583
    endloop
  endfacet
  facet normal -0.297073 -0.24369 0.923235
    outer loop
      vertex 13.7104 13.8065 8.64833
      vertex 13.5297 13.6857 8.5583
      vertex 13.6 13.6 8.5583
    endloop
  endfacet
  facet normal -0.338838 -0.181239 0.923223
    outer loop
      vertex 13.6782 13.8667 8.64833
      vertex 13.4774 13.7835 8.5583
      vertex 13.7104 13.8065 8.64833
    endloop
  endfacet
  facet normal 0.430989 -0.353542 0.830214
    outer loop
      vertex 14.4703 13.6857 8.5583
      vertex 14.4 13.6 8.5583
      vertex 14.5383 13.4617 8.42761
    endloop
  endfacet
  facet normal 0.353542 -0.430989 0.830214
    outer loop
      vertex 14.4 13.6 8.5583
      vertex 14.3143 13.5297 8.5583
      vertex 14.5383 13.4617 8.42761
    endloop
  endfacet
  facet normal -0.243661 0.29712 0.923227
    outer loop
      vertex 13.8065 14.2896 8.64833
      vertex 13.6 14.4 8.5583
      vertex 13.7537 14.2463 8.64833
    endloop
  endfacet
  facet normal 0.181239 -0.338838 0.923223
    outer loop
      vertex 14.1935 13.7104 8.64833
      vertex 14.1333 13.6782 8.64833
      vertex 14.2165 13.4774 8.5583
    endloop
  endfacet
  facet normal 0.172829 -0.0924436 0.980604
    outer loop
      vertex 14.3218 13.8667 8.64833
      vertex 14.0978 13.9347 8.69422
      vertex 14.2896 13.8065 8.64833
    endloop
  endfacet
  facet normal -0.151841 0.123848 0.980615
    outer loop
      vertex 13.9168 14.0832 8.69422
      vertex 13.7104 14.1935 8.64833
      vertex 13.9022 14.0653 8.69422
    endloop
  endfacet
  facet normal -0.16191 -0.533498 0.83016
    outer loop
      vertex 13.8896 13.4452 8.5583
      vertex 13.7835 13.4774 8.5583
      vertex 13.8515 13.2534 8.42761
    endloop
  endfacet
  facet normal -0.181239 -0.338838 0.923223
    outer loop
      vertex 13.8065 13.7104 8.64833
      vertex 13.7835 13.4774 8.5583
      vertex 13.8667 13.6782 8.64833
    endloop
  endfacet
  facet normal 0.0814639 -0.828685 0.553756
    outer loop
      vertex 14 13.0724 8.26127
      vertex 14 12.9417 8.06568
      vertex 14.2065 12.962 8.06568
    endloop
  endfacet
  facet normal -0.0904535 -0.92013 0.381024
    outer loop
      vertex 14 12.9417 8.06568
      vertex 13.7935 12.962 8.06568
      vertex 14 12.8517 7.84834
    endloop
  endfacet
  facet normal -0.284995 -0.938652 0.194193
    outer loop
      vertex 13.776 12.8737 7.84834
      vertex 13.5606 12.9391 7.84834
      vertex 13.767 12.8287 7.61762
    endloop
  endfacet
  facet normal 0.392445 -0.734517 0.553599
    outer loop
      vertex 14.5154 13.2287 8.26127
      vertex 14.355 13.143 8.26127
      vertex 14.405 13.0223 8.06568
    endloop
  endfacet
  facet normal 0.392542 -0.734511 0.553538
    outer loop
      vertex 14.5154 13.2287 8.26127
      vertex 14.405 13.0223 8.06568
      vertex 14.588 13.1201 8.06568
    endloop
  endfacet
  facet normal 0.181202 -0.338844 0.923228
    outer loop
      vertex 14.3143 13.5297 8.5583
      vertex 14.1935 13.7104 8.64833
      vertex 14.2165 13.4774 8.5583
    endloop
  endfacet
  facet normal 0.262667 -0.491706 0.8302
    outer loop
      vertex 14.4229 13.367 8.42761
      vertex 14.2165 13.4774 8.5583
      vertex 14.2913 13.2967 8.42761
    endloop
  endfacet
  facet normal 0.643567 -0.528595 0.553542
    outer loop
      vertex 14.7713 13.4846 8.26127
      vertex 14.6559 13.3441 8.26127
      vertex 14.8799 13.412 8.06568
    endloop
  endfacet
  facet normal 0.734517 -0.392445 0.553599
    outer loop
      vertex 14.857 13.645 8.26127
      vertex 14.7713 13.4846 8.26127
      vertex 14.9777 13.595 8.06568
    endloop
  endfacet
  facet normal -0.462167 -0.865253 0.194265
    outer loop
      vertex 13.5606 12.9391 7.84834
      vertex 13.3365 13.007 7.61762
      vertex 13.543 12.8967 7.61762
    endloop
  endfacet
  facet normal -0.26872 -0.884593 0.381163
    outer loop
      vertex 13.595 13.0223 8.06568
      vertex 13.5606 12.9391 7.84834
      vertex 13.7935 12.962 8.06568
    endloop
  endfacet
  facet normal -0.241819 -0.796905 0.553594
    outer loop
      vertex 13.645 13.143 8.26127
      vertex 13.595 13.0223 8.06568
      vertex 13.819 13.0902 8.26127
    endloop
  endfacet
  facet normal -0.392542 -0.734511 0.553538
    outer loop
      vertex 13.4846 13.2287 8.26127
      vertex 13.412 13.1201 8.06568
      vertex 13.595 13.0223 8.06568
    endloop
  endfacet
  facet normal -0.392445 -0.734517 0.553599
    outer loop
      vertex 13.645 13.143 8.26127
      vertex 13.4846 13.2287 8.26127
      vertex 13.595 13.0223 8.06568
    endloop
  endfacet
  facet normal -0.92013 -0.0904535 0.381024
    outer loop
      vertex 12.9417 14 8.06568
      vertex 12.8517 14 7.84834
      vertex 12.962 13.7935 8.06568
    endloop
  endfacet
  facet normal -0.547773 0.449915 0.705351
    outer loop
      vertex 13.3441 14.6559 8.26127
      vertex 13.2287 14.5154 8.26127
      vertex 13.4617 14.5383 8.42761
    endloop
  endfacet
  facet normal -0.625093 -0.33398 0.70549
    outer loop
      vertex 13.2967 13.7087 8.42761
      vertex 13.143 13.645 8.26127
      vertex 13.2287 13.4846 8.26127
    endloop
  endfacet
  facet normal -0.796905 -0.241819 0.553594
    outer loop
      vertex 13.0902 13.819 8.26127
      vertex 13.0223 13.595 8.06568
      vertex 13.143 13.645 8.26127
    endloop
  endfacet
  facet normal 0.0959507 -0.976267 0.194156
    outer loop
      vertex 14.224 12.8737 7.84834
      vertex 14 12.8058 7.61762
      vertex 14.233 12.8287 7.61762
    endloop
  endfacet
  facet normal 0.0958828 -0.976261 0.19422
    outer loop
      vertex 14 12.8517 7.84834
      vertex 14 12.8058 7.61762
      vertex 14.224 12.8737 7.84834
    endloop
  endfacet
  facet normal 0.956881 -0.290482 0
    outer loop
      vertex 15.1033 13.543 7.61762
      vertex 15.1713 13.767 7.5
      vertex 15.1713 13.767 7.61762
    endloop
  endfacet
  facet normal 0.956881 -0.290482 0
    outer loop
      vertex 15.1713 13.767 7.5
      vertex 15.1033 13.543 7.61762
      vertex 15.1033 13.543 7.5
    endloop
  endfacet
  facet normal -0.268606 0.884676 0.38105
    outer loop
      vertex 13.776 15.1263 7.84834
      vertex 13.5606 15.0609 7.84834
      vertex 13.7935 15.038 8.06568
    endloop
  endfacet
  facet normal -0.26872 0.884593 0.381163
    outer loop
      vertex 13.7935 15.038 8.06568
      vertex 13.5606 15.0609 7.84834
      vertex 13.595 14.9777 8.06568
    endloop
  endfacet
  facet normal 0.284995 0.938652 0.194193
    outer loop
      vertex 14.233 15.1713 7.61762
      vertex 14.224 15.1263 7.84834
      vertex 14.4394 15.0609 7.84834
    endloop
  endfacet
  facet normal 0.26872 0.884593 0.381163
    outer loop
      vertex 14.4394 15.0609 7.84834
      vertex 14.2065 15.038 8.06568
      vertex 14.405 14.9777 8.06568
    endloop
  endfacet
  facet normal -0.242027 0.796721 0.553767
    outer loop
      vertex 13.7935 15.038 8.06568
      vertex 13.595 14.9777 8.06568
      vertex 13.819 14.9098 8.26127
    endloop
  endfacet
  facet normal 0.0698339 0.705465 0.705296
    outer loop
      vertex 14 14.9276 8.26127
      vertex 14 14.7613 8.42761
      vertex 14.1485 14.7466 8.42761
    endloop
  endfacet
  facet normal 0.392445 0.734517 0.553599
    outer loop
      vertex 14.405 14.9777 8.06568
      vertex 14.355 14.857 8.26127
      vertex 14.5154 14.7713 8.26127
    endloop
  endfacet
  facet normal 0.758054 0.622702 0.193899
    outer loop
      vertex 14.8444 14.8444 7.61762
      vertex 14.812 14.812 7.84834
      vertex 14.993 14.6635 7.61762
    endloop
  endfacet
  facet normal 0.471142 0.882057 -0
    outer loop
      vertex 14.6635 14.993 7.5
      vertex 14.457 15.1033 7.61762
      vertex 14.6635 14.993 7.61762
    endloop
  endfacet
  facet normal 0.471142 0.882057 0
    outer loop
      vertex 14.457 15.1033 7.61762
      vertex 14.6635 14.993 7.5
      vertex 14.457 15.1033 7.5
    endloop
  endfacet
  facet normal 0.714544 0.586612 0.3812
    outer loop
      vertex 14.9548 14.638 7.84834
      vertex 14.7483 14.7483 8.06568
      vertex 14.8799 14.588 8.06568
    endloop
  endfacet
  facet normal 0.643621 0.528388 0.553677
    outer loop
      vertex 14.7483 14.7483 8.06568
      vertex 14.6559 14.6559 8.26127
      vertex 14.8799 14.588 8.06568
    endloop
  endfacet
  facet normal 0.586612 0.714544 0.3812
    outer loop
      vertex 14.638 14.9548 7.84834
      vertex 14.588 14.8799 8.06568
      vertex 14.7483 14.7483 8.06568
    endloop
  endfacet
  facet normal 0.392542 0.734511 0.553538
    outer loop
      vertex 14.588 14.8799 8.06568
      vertex 14.405 14.9777 8.06568
      vertex 14.5154 14.7713 8.26127
    endloop
  endfacet
  facet normal 0.449915 0.547773 0.705351
    outer loop
      vertex 14.6559 14.6559 8.26127
      vertex 14.5154 14.7713 8.26127
      vertex 14.5383 14.5383 8.42761
    endloop
  endfacet
  facet normal 0.547773 0.449915 0.705351
    outer loop
      vertex 14.6559 14.6559 8.26127
      vertex 14.5383 14.5383 8.42761
      vertex 14.7713 14.5154 8.26127
    endloop
  endfacet
  facet normal -0.734511 -0.392542 0.553538
    outer loop
      vertex 13.2287 13.4846 8.26127
      vertex 13.0223 13.595 8.06568
      vertex 13.1201 13.412 8.06568
    endloop
  endfacet
  facet normal -0.920109 0.0903679 0.381094
    outer loop
      vertex 12.8737 14.224 7.84834
      vertex 12.8517 14 7.84834
      vertex 12.962 14.2065 8.06568
    endloop
  endfacet
  facet normal -0.758271 -0.622305 0.194325
    outer loop
      vertex 13.0452 13.362 7.84834
      vertex 13.007 13.3365 7.61762
      vertex 13.188 13.188 7.84834
    endloop
  endfacet
  facet normal -0.528388 -0.643621 0.553677
    outer loop
      vertex 13.3441 13.3441 8.26127
      vertex 13.2517 13.2517 8.06568
      vertex 13.412 13.1201 8.06568
    endloop
  endfacet
  facet normal -0.643621 -0.528388 0.553677
    outer loop
      vertex 13.3441 13.3441 8.26127
      vertex 13.1201 13.412 8.06568
      vertex 13.2517 13.2517 8.06568
    endloop
  endfacet
  facet normal -0.62514 0.333946 0.705464
    outer loop
      vertex 13.367 14.4229 8.42761
      vertex 13.2287 14.5154 8.26127
      vertex 13.2967 14.2913 8.42761
    endloop
  endfacet
  facet normal -0.491489 0.262831 0.830276
    outer loop
      vertex 13.5297 14.3143 8.5583
      vertex 13.367 14.4229 8.42761
      vertex 13.4774 14.2165 8.5583
    endloop
  endfacet
  facet normal -0.435626 0.815412 0.381226
    outer loop
      vertex 13.5606 15.0609 7.84834
      vertex 13.362 14.9548 7.84834
      vertex 13.412 14.8799 8.06568
    endloop
  endfacet
  facet normal -0.449915 0.547773 0.705351
    outer loop
      vertex 13.4846 14.7713 8.26127
      vertex 13.3441 14.6559 8.26127
      vertex 13.4617 14.5383 8.42761
    endloop
  endfacet
  facet normal -0.528388 0.643621 0.553677
    outer loop
      vertex 13.412 14.8799 8.06568
      vertex 13.2517 14.7483 8.06568
      vertex 13.3441 14.6559 8.26127
    endloop
  endfacet
  facet normal -0.586612 0.714544 0.3812
    outer loop
      vertex 13.362 14.9548 7.84834
      vertex 13.2517 14.7483 8.06568
      vertex 13.412 14.8799 8.06568
    endloop
  endfacet
  facet normal -0.956881 0.290482 0
    outer loop
      vertex 12.8287 14.233 7.5
      vertex 12.8967 14.457 7.61762
      vertex 12.8967 14.457 7.5
    endloop
  endfacet
  facet normal -0.956881 0.290482 0
    outer loop
      vertex 12.8967 14.457 7.61762
      vertex 12.8287 14.233 7.5
      vertex 12.8287 14.233 7.61762
    endloop
  endfacet
  facet normal 0.815391 -0.435766 0.381112
    outer loop
      vertex 14.9777 13.595 8.06568
      vertex 14.8799 13.412 8.06568
      vertex 15.0609 13.5606 7.84834
    endloop
  endfacet
  facet normal 0.884593 -0.26872 0.381163
    outer loop
      vertex 15.038 13.7935 8.06568
      vertex 14.9777 13.595 8.06568
      vertex 15.0609 13.5606 7.84834
    endloop
  endfacet
  facet normal 0.586612 -0.714544 0.3812
    outer loop
      vertex 14.7483 13.2517 8.06568
      vertex 14.588 13.1201 8.06568
      vertex 14.638 13.0452 7.84834
    endloop
  endfacet
  facet normal 0.586463 -0.714598 0.381327
    outer loop
      vertex 14.7483 13.2517 8.06568
      vertex 14.638 13.0452 7.84834
      vertex 14.812 13.188 7.84834
    endloop
  endfacet
  facet normal 0.714544 -0.586612 0.3812
    outer loop
      vertex 14.8799 13.412 8.06568
      vertex 14.7483 13.2517 8.06568
      vertex 14.9548 13.362 7.84834
    endloop
  endfacet
  facet normal 0.714598 -0.586463 0.381327
    outer loop
      vertex 14.9548 13.362 7.84834
      vertex 14.7483 13.2517 8.06568
      vertex 14.812 13.188 7.84834
    endloop
  endfacet
  facet normal 0.678199 0.205798 0.705474
    outer loop
      vertex 14.857 14.355 8.26127
      vertex 14.7033 14.2913 8.42761
      vertex 14.9098 14.181 8.26127
    endloop
  endfacet
  facet normal 0.678172 0.205636 0.705547
    outer loop
      vertex 14.9098 14.181 8.26127
      vertex 14.7033 14.2913 8.42761
      vertex 14.7466 14.1485 8.42761
    endloop
  endfacet
  facet normal 0.430884 -0.353594 0.830247
    outer loop
      vertex 14.633 13.5771 8.42761
      vertex 14.4703 13.6857 8.5583
      vertex 14.5383 13.4617 8.42761
    endloop
  endfacet
  facet normal 0.828668 -0.0814933 0.553777
    outer loop
      vertex 14.9276 14 8.26127
      vertex 14.9098 13.819 8.26127
      vertex 15.038 13.7935 8.06568
    endloop
  endfacet
  facet normal 0.449579 0.547851 0.705506
    outer loop
      vertex 14.5154 14.7713 8.26127
      vertex 14.4229 14.633 8.42761
      vertex 14.5383 14.5383 8.42761
    endloop
  endfacet
  facet normal 0.333946 0.62514 0.705464
    outer loop
      vertex 14.5154 14.7713 8.26127
      vertex 14.2913 14.7033 8.42761
      vertex 14.4229 14.633 8.42761
    endloop
  endfacet
  facet normal 0.491706 0.262667 0.8302
    outer loop
      vertex 14.633 14.4229 8.42761
      vertex 14.5226 14.2165 8.5583
      vertex 14.7033 14.2913 8.42761
    endloop
  endfacet
  facet normal 0.62514 0.333946 0.705464
    outer loop
      vertex 14.7713 14.5154 8.26127
      vertex 14.633 14.4229 8.42761
      vertex 14.7033 14.2913 8.42761
    endloop
  endfacet
  facet normal -0.16191 0.533498 0.83016
    outer loop
      vertex 13.8515 14.7466 8.42761
      vertex 13.7835 14.5226 8.5583
      vertex 13.8896 14.5548 8.5583
    endloop
  endfacet
  facet normal -0.0549167 0.554771 0.830189
    outer loop
      vertex 14 14.7613 8.42761
      vertex 13.8515 14.7466 8.42761
      vertex 13.8896 14.5548 8.5583
    endloop
  endfacet
  facet normal 0.0549167 0.554771 0.830189
    outer loop
      vertex 14.1485 14.7466 8.42761
      vertex 14 14.7613 8.42761
      vertex 14.1104 14.5548 8.5583
    endloop
  endfacet
  facet normal 0.262831 0.491489 0.830276
    outer loop
      vertex 14.4229 14.633 8.42761
      vertex 14.2165 14.5226 8.5583
      vertex 14.3143 14.4703 8.5583
    endloop
  endfacet
  facet normal 0.0376717 0.382339 0.923254
    outer loop
      vertex 14 14.5657 8.5583
      vertex 14 14.3483 8.64833
      vertex 14.068 14.3416 8.64833
    endloop
  endfacet
  facet normal 0.151841 0.123848 0.980615
    outer loop
      vertex 14.2896 14.1935 8.64833
      vertex 14.0832 14.0832 8.69422
      vertex 14.0978 14.0653 8.69422
    endloop
  endfacet
  facet normal -0.554771 0.0549167 0.830189
    outer loop
      vertex 13.2534 14.1485 8.42761
      vertex 13.2387 14 8.42761
      vertex 13.4452 14.1104 8.5583
    endloop
  endfacet
  facet normal -0.55472 0.0547685 0.830233
    outer loop
      vertex 13.4452 14.1104 8.5583
      vertex 13.2387 14 8.42761
      vertex 13.4343 14 8.5583
    endloop
  endfacet
  facet normal 0.019219 0.195058 0.980603
    outer loop
      vertex 14 14.3483 8.64833
      vertex 14 14.1176 8.69422
      vertex 14.068 14.3416 8.64833
    endloop
  endfacet
  facet normal 0.172734 0.0927489 0.980592
    outer loop
      vertex 14.3218 14.1333 8.64833
      vertex 14.0978 14.0653 8.69422
      vertex 14.1087 14.045 8.69422
    endloop
  endfacet
  facet normal 0.1876 0.0568743 0.980597
    outer loop
      vertex 14.3218 14.1333 8.64833
      vertex 14.1087 14.045 8.69422
      vertex 14.1154 14.0229 8.69422
    endloop
  endfacet
  facet normal 0.0927489 0.172734 0.980592
    outer loop
      vertex 14.1333 14.3218 8.64833
      vertex 14.045 14.1087 8.69422
      vertex 14.0653 14.0978 8.69422
    endloop
  endfacet
  facet normal 0.0187524 -0.195196 0.980585
    outer loop
      vertex 14.0229 13.8846 8.69422
      vertex 14 13.8824 8.69422
      vertex 14.068 13.6584 8.64833
    endloop
  endfacet
  facet normal -0.29712 0.243661 0.923227
    outer loop
      vertex 13.7537 14.2463 8.64833
      vertex 13.6 14.4 8.5583
      vertex 13.7104 14.1935 8.64833
    endloop
  endfacet
  facet normal 0.0568821 -0.187596 0.980598
    outer loop
      vertex 14.1333 13.6782 8.64833
      vertex 14.0229 13.8846 8.69422
      vertex 14.068 13.6584 8.64833
    endloop
  endfacet
  facet normal -0.1876 0.0568743 0.980597
    outer loop
      vertex 13.8913 14.045 8.69422
      vertex 13.6782 14.1333 8.64833
      vertex 13.8846 14.0229 8.69422
    endloop
  endfacet
  facet normal -0.353542 0.430989 0.830214
    outer loop
      vertex 13.6857 14.4703 8.5583
      vertex 13.4617 14.5383 8.42761
      vertex 13.6 14.4 8.5583
    endloop
  endfacet
  facet normal -0.353594 0.430884 0.830247
    outer loop
      vertex 13.5771 14.633 8.42761
      vertex 13.4617 14.5383 8.42761
      vertex 13.6857 14.4703 8.5583
    endloop
  endfacet
  facet normal 0.0814933 -0.828668 0.553777
    outer loop
      vertex 14.181 13.0902 8.26127
      vertex 14 13.0724 8.26127
      vertex 14.2065 12.962 8.06568
    endloop
  endfacet
  facet normal 0.0376717 -0.382339 0.923254
    outer loop
      vertex 14 13.6517 8.64833
      vertex 14 13.4343 8.5583
      vertex 14.068 13.6584 8.64833
    endloop
  endfacet
  facet normal 0.0927489 -0.172734 0.980592
    outer loop
      vertex 14.0653 13.9022 8.69422
      vertex 14.045 13.8913 8.69422
      vertex 14.1333 13.6782 8.64833
    endloop
  endfacet
  facet normal 0.124314 0.151588 0.980595
    outer loop
      vertex 14.1935 14.2896 8.64833
      vertex 14.0832 14.0832 8.69422
      vertex 14.2463 14.2463 8.64833
    endloop
  endfacet
  facet normal -0.491706 -0.262667 0.8302
    outer loop
      vertex 13.4774 13.7835 8.5583
      vertex 13.2967 13.7087 8.42761
      vertex 13.367 13.5771 8.42761
    endloop
  endfacet
  facet normal 0.123848 -0.151841 0.980615
    outer loop
      vertex 14.0832 13.9168 8.69422
      vertex 14.0653 13.9022 8.69422
      vertex 14.1935 13.7104 8.64833
    endloop
  endfacet
  facet normal 0.151841 -0.123848 0.980615
    outer loop
      vertex 14.0978 13.9347 8.69422
      vertex 14.0832 13.9168 8.69422
      vertex 14.2896 13.8065 8.64833
    endloop
  endfacet
  facet normal -0.0187524 0.195196 0.980585
    outer loop
      vertex 14 14.1176 8.69422
      vertex 13.932 14.3416 8.64833
      vertex 13.9771 14.1154 8.69422
    endloop
  endfacet
  facet normal 0.151588 -0.124314 0.980595
    outer loop
      vertex 14.2896 13.8065 8.64833
      vertex 14.0832 13.9168 8.69422
      vertex 14.2463 13.7537 8.64833
    endloop
  endfacet
  facet normal 0.124314 -0.151588 0.980595
    outer loop
      vertex 14.2463 13.7537 8.64833
      vertex 14.0832 13.9168 8.69422
      vertex 14.1935 13.7104 8.64833
    endloop
  endfacet
  facet normal -0.449579 -0.547851 0.705506
    outer loop
      vertex 13.5771 13.367 8.42761
      vertex 13.4617 13.4617 8.42761
      vertex 13.4846 13.2287 8.26127
    endloop
  endfacet
  facet normal -0.353594 -0.430884 0.830247
    outer loop
      vertex 13.6857 13.5297 8.5583
      vertex 13.4617 13.4617 8.42761
      vertex 13.5771 13.367 8.42761
    endloop
  endfacet
  facet normal 0.242027 -0.796721 0.553767
    outer loop
      vertex 14.405 13.0223 8.06568
      vertex 14.181 13.0902 8.26127
      vertex 14.2065 12.962 8.06568
    endloop
  endfacet
  facet normal -0.0693595 -0.705285 0.705523
    outer loop
      vertex 13.8515 13.2534 8.42761
      vertex 13.819 13.0902 8.26127
      vertex 14 13.0724 8.26127
    endloop
  endfacet
  facet normal 0.353594 -0.430884 0.830247
    outer loop
      vertex 14.5383 13.4617 8.42761
      vertex 14.3143 13.5297 8.5583
      vertex 14.4229 13.367 8.42761
    endloop
  endfacet
  facet normal 0.161762 -0.533477 0.830202
    outer loop
      vertex 14.2165 13.4774 8.5583
      vertex 14.1485 13.2534 8.42761
      vertex 14.2913 13.2967 8.42761
    endloop
  endfacet
  facet normal 0.111502 -0.367733 0.923223
    outer loop
      vertex 14.1333 13.6782 8.64833
      vertex 14.068 13.6584 8.64833
      vertex 14.2165 13.4774 8.5583
    endloop
  endfacet
  facet normal 0.111584 -0.367673 0.923237
    outer loop
      vertex 14.2165 13.4774 8.5583
      vertex 14.068 13.6584 8.64833
      vertex 14.1104 13.4452 8.5583
    endloop
  endfacet
  facet normal 0.491706 -0.262667 0.8302
    outer loop
      vertex 14.7033 13.7087 8.42761
      vertex 14.5226 13.7835 8.5583
      vertex 14.633 13.5771 8.42761
    endloop
  endfacet
  facet normal 0.29712 -0.243661 0.923227
    outer loop
      vertex 14.2896 13.8065 8.64833
      vertex 14.2463 13.7537 8.64833
      vertex 14.4 13.6 8.5583
    endloop
  endfacet
  facet normal -0.828668 -0.0814933 0.553777
    outer loop
      vertex 13.0724 14 8.26127
      vertex 12.962 13.7935 8.06568
      vertex 13.0902 13.819 8.26127
    endloop
  endfacet
  facet normal -0.705285 -0.0693595 0.705523
    outer loop
      vertex 13.2534 13.8515 8.42761
      vertex 13.0724 14 8.26127
      vertex 13.0902 13.819 8.26127
    endloop
  endfacet
  facet normal -0.976261 0.0958828 0.19422
    outer loop
      vertex 12.8737 14.224 7.84834
      vertex 12.8058 14 7.61762
      vertex 12.8517 14 7.84834
    endloop
  endfacet
  facet normal -0.920109 -0.0903679 0.381094
    outer loop
      vertex 12.962 13.7935 8.06568
      vertex 12.8517 14 7.84834
      vertex 12.8737 13.776 7.84834
    endloop
  endfacet
  facet normal 0.976261 -0.0958828 0.19422
    outer loop
      vertex 15.1483 14 7.84834
      vertex 15.1263 13.776 7.84834
      vertex 15.1942 14 7.61762
    endloop
  endfacet
  facet normal 0.920109 -0.0903679 0.381094
    outer loop
      vertex 15.1483 14 7.84834
      vertex 15.038 13.7935 8.06568
      vertex 15.1263 13.776 7.84834
    endloop
  endfacet
  facet normal 0.0693595 0.705285 0.705523
    outer loop
      vertex 14.181 14.9098 8.26127
      vertex 14 14.9276 8.26127
      vertex 14.1485 14.7466 8.42761
    endloop
  endfacet
  facet normal -0.0904535 0.92013 0.381024
    outer loop
      vertex 14 15.1483 7.84834
      vertex 13.7935 15.038 8.06568
      vertex 14 15.0583 8.06568
    endloop
  endfacet
  facet normal 0.435766 0.815391 0.381112
    outer loop
      vertex 14.4394 15.0609 7.84834
      vertex 14.405 14.9777 8.06568
      vertex 14.588 14.8799 8.06568
    endloop
  endfacet
  facet normal 0.205798 0.678199 0.705474
    outer loop
      vertex 14.355 14.857 8.26127
      vertex 14.181 14.9098 8.26127
      vertex 14.2913 14.7033 8.42761
    endloop
  endfacet
  facet normal -0.0814933 0.828668 0.553777
    outer loop
      vertex 14 14.9276 8.26127
      vertex 13.7935 15.038 8.06568
      vertex 13.819 14.9098 8.26127
    endloop
  endfacet
  facet normal -0.0693595 0.705285 0.705523
    outer loop
      vertex 14 14.9276 8.26127
      vertex 13.819 14.9098 8.26127
      vertex 13.8515 14.7466 8.42761
    endloop
  endfacet
  facet normal 0.634749 0.772719 -0
    outer loop
      vertex 14.8444 14.8444 7.5
      vertex 14.6635 14.993 7.61762
      vertex 14.8444 14.8444 7.61762
    endloop
  endfacet
  facet normal 0.634749 0.772719 0
    outer loop
      vertex 14.6635 14.993 7.61762
      vertex 14.8444 14.8444 7.5
      vertex 14.6635 14.993 7.5
    endloop
  endfacet
  facet normal 0.622702 0.758054 0.193899
    outer loop
      vertex 14.8444 14.8444 7.61762
      vertex 14.6635 14.993 7.61762
      vertex 14.812 14.812 7.84834
    endloop
  endfacet
  facet normal 0.284949 0.938657 0.194236
    outer loop
      vertex 14.457 15.1033 7.61762
      vertex 14.233 15.1713 7.61762
      vertex 14.4394 15.0609 7.84834
    endloop
  endfacet
  facet normal 0.0814933 0.828668 0.553777
    outer loop
      vertex 14.2065 15.038 8.06568
      vertex 14 14.9276 8.26127
      vertex 14.181 14.9098 8.26127
    endloop
  endfacet
  facet normal -0.884593 -0.26872 0.381163
    outer loop
      vertex 12.962 13.7935 8.06568
      vertex 12.9391 13.5606 7.84834
      vertex 13.0223 13.595 8.06568
    endloop
  endfacet
  facet normal -0.815391 -0.435766 0.381112
    outer loop
      vertex 13.0223 13.595 8.06568
      vertex 12.9391 13.5606 7.84834
      vertex 13.1201 13.412 8.06568
    endloop
  endfacet
  facet normal -0.622702 -0.758054 0.193899
    outer loop
      vertex 13.188 13.188 7.84834
      vertex 13.1556 13.1556 7.61762
      vertex 13.3365 13.007 7.61762
    endloop
  endfacet
  facet normal -0.622305 -0.758271 0.194325
    outer loop
      vertex 13.362 13.0452 7.84834
      vertex 13.188 13.188 7.84834
      vertex 13.3365 13.007 7.61762
    endloop
  endfacet
  facet normal -0.528595 0.643567 0.553542
    outer loop
      vertex 13.412 14.8799 8.06568
      vertex 13.3441 14.6559 8.26127
      vertex 13.4846 14.7713 8.26127
    endloop
  endfacet
  facet normal -0.392542 0.734511 0.553538
    outer loop
      vertex 13.595 14.9777 8.06568
      vertex 13.412 14.8799 8.06568
      vertex 13.4846 14.7713 8.26127
    endloop
  endfacet
  facet normal -0.884593 0.26872 0.381163
    outer loop
      vertex 13.0223 14.405 8.06568
      vertex 12.9391 14.4394 7.84834
      vertex 12.962 14.2065 8.06568
    endloop
  endfacet
  facet normal -0.734517 0.392445 0.553599
    outer loop
      vertex 13.2287 14.5154 8.26127
      vertex 13.0223 14.405 8.06568
      vertex 13.143 14.355 8.26127
    endloop
  endfacet
  facet normal 0.882057 -0.471142 0
    outer loop
      vertex 14.993 13.3365 7.61762
      vertex 15.1033 13.543 7.5
      vertex 15.1033 13.543 7.61762
    endloop
  endfacet
  facet normal 0.882057 -0.471142 0
    outer loop
      vertex 15.1033 13.543 7.5
      vertex 14.993 13.3365 7.61762
      vertex 14.993 13.3365 7.5
    endloop
  endfacet
  facet normal 0.634749 -0.772719 0
    outer loop
      vertex 14.6635 13.007 7.5
      vertex 14.8444 13.1556 7.61762
      vertex 14.6635 13.007 7.61762
    endloop
  endfacet
  facet normal 0.634749 -0.772719 0
    outer loop
      vertex 14.8444 13.1556 7.61762
      vertex 14.6635 13.007 7.5
      vertex 14.8444 13.1556 7.5
    endloop
  endfacet
  facet normal 0.758054 -0.622702 0.193899
    outer loop
      vertex 14.993 13.3365 7.61762
      vertex 14.812 13.188 7.84834
      vertex 14.8444 13.1556 7.61762
    endloop
  endfacet
  facet normal 0.625093 -0.33398 0.70549
    outer loop
      vertex 14.857 13.645 8.26127
      vertex 14.7033 13.7087 8.42761
      vertex 14.7713 13.4846 8.26127
    endloop
  endfacet
  facet normal 0.705285 -0.0693595 0.705523
    outer loop
      vertex 14.9276 14 8.26127
      vertex 14.7466 13.8515 8.42761
      vertex 14.9098 13.819 8.26127
    endloop
  endfacet
  facet normal 0.796905 -0.241819 0.553594
    outer loop
      vertex 14.9098 13.819 8.26127
      vertex 14.857 13.645 8.26127
      vertex 14.9777 13.595 8.06568
    endloop
  endfacet
  facet normal 0.796721 -0.242027 0.553767
    outer loop
      vertex 15.038 13.7935 8.06568
      vertex 14.9098 13.819 8.26127
      vertex 14.9777 13.595 8.06568
    endloop
  endfacet
  facet normal 0.430884 0.353594 0.830247
    outer loop
      vertex 14.5383 14.5383 8.42761
      vertex 14.4703 14.3143 8.5583
      vertex 14.633 14.4229 8.42761
    endloop
  endfacet
  facet normal 0.262667 0.491706 0.8302
    outer loop
      vertex 14.2913 14.7033 8.42761
      vertex 14.2165 14.5226 8.5583
      vertex 14.4229 14.633 8.42761
    endloop
  endfacet
  facet normal 0.111584 0.367673 0.923237
    outer loop
      vertex 14.1104 14.5548 8.5583
      vertex 14.068 14.3416 8.64833
      vertex 14.2165 14.5226 8.5583
    endloop
  endfacet
  facet normal 0.16191 0.533498 0.83016
    outer loop
      vertex 14.1485 14.7466 8.42761
      vertex 14.1104 14.5548 8.5583
      vertex 14.2165 14.5226 8.5583
    endloop
  endfacet
  facet normal -0.0376717 0.382339 0.923254
    outer loop
      vertex 14 14.5657 8.5583
      vertex 13.932 14.3416 8.64833
      vertex 14 14.3483 8.64833
    endloop
  endfacet
  facet normal 0.181239 0.338838 0.923223
    outer loop
      vertex 14.2165 14.5226 8.5583
      vertex 14.1333 14.3218 8.64833
      vertex 14.1935 14.2896 8.64833
    endloop
  endfacet
  facet normal 0.111502 0.367733 0.923223
    outer loop
      vertex 14.2165 14.5226 8.5583
      vertex 14.068 14.3416 8.64833
      vertex 14.1333 14.3218 8.64833
    endloop
  endfacet
  facet normal -0.0927489 0.172734 0.980592
    outer loop
      vertex 13.955 14.1087 8.69422
      vertex 13.8667 14.3218 8.64833
      vertex 13.9347 14.0978 8.69422
    endloop
  endfacet
  facet normal -0.172734 0.0927489 0.980592
    outer loop
      vertex 13.9022 14.0653 8.69422
      vertex 13.6782 14.1333 8.64833
      vertex 13.8913 14.045 8.69422
    endloop
  endfacet
  facet normal -0.1876 -0.0568743 0.980597
    outer loop
      vertex 13.8846 13.9771 8.69422
      vertex 13.6782 13.8667 8.64833
      vertex 13.8913 13.955 8.69422
    endloop
  endfacet
  facet normal -0.172829 0.0924436 0.980604
    outer loop
      vertex 13.7104 14.1935 8.64833
      vertex 13.6782 14.1333 8.64833
      vertex 13.9022 14.0653 8.69422
    endloop
  endfacet
  facet normal -0.181202 0.338844 0.923228
    outer loop
      vertex 13.7835 14.5226 8.5583
      vertex 13.6857 14.4703 8.5583
      vertex 13.8065 14.2896 8.64833
    endloop
  endfacet
  facet normal -0.151841 -0.123848 0.980615
    outer loop
      vertex 13.9022 13.9347 8.69422
      vertex 13.7104 13.8065 8.64833
      vertex 13.9168 13.9168 8.69422
    endloop
  endfacet
  facet normal -0.019219 0.195058 0.980603
    outer loop
      vertex 14 14.3483 8.64833
      vertex 13.932 14.3416 8.64833
      vertex 14 14.1176 8.69422
    endloop
  endfacet
  facet normal -0.547851 0.449579 0.705506
    outer loop
      vertex 13.4617 14.5383 8.42761
      vertex 13.2287 14.5154 8.26127
      vertex 13.367 14.4229 8.42761
    endloop
  endfacet
  facet normal -0.430884 0.353594 0.830247
    outer loop
      vertex 13.4617 14.5383 8.42761
      vertex 13.367 14.4229 8.42761
      vertex 13.5297 14.3143 8.5583
    endloop
  endfacet
  facet normal 0.0547685 -0.55472 0.830233
    outer loop
      vertex 14 13.4343 8.5583
      vertex 14 13.2387 8.42761
      vertex 14.1104 13.4452 8.5583
    endloop
  endfacet
  facet normal -0.0698339 -0.705465 0.705296
    outer loop
      vertex 14 13.2387 8.42761
      vertex 13.8515 13.2534 8.42761
      vertex 14 13.0724 8.26127
    endloop
  endfacet
  facet normal -0.181202 -0.338844 0.923228
    outer loop
      vertex 13.8065 13.7104 8.64833
      vertex 13.6857 13.5297 8.5583
      vertex 13.7835 13.4774 8.5583
    endloop
  endfacet
  facet normal -0.262831 -0.491489 0.830276
    outer loop
      vertex 13.6857 13.5297 8.5583
      vertex 13.5771 13.367 8.42761
      vertex 13.7835 13.4774 8.5583
    endloop
  endfacet
  facet normal -0.333946 -0.62514 0.705464
    outer loop
      vertex 13.5771 13.367 8.42761
      vertex 13.4846 13.2287 8.26127
      vertex 13.7087 13.2967 8.42761
    endloop
  endfacet
  facet normal -0.0547685 -0.55472 0.830233
    outer loop
      vertex 14 13.4343 8.5583
      vertex 13.8896 13.4452 8.5583
      vertex 14 13.2387 8.42761
    endloop
  endfacet
  facet normal -0.0549167 -0.554771 0.830189
    outer loop
      vertex 13.8896 13.4452 8.5583
      vertex 13.8515 13.2534 8.42761
      vertex 14 13.2387 8.42761
    endloop
  endfacet
  facet normal -0.0568743 0.1876 0.980597
    outer loop
      vertex 13.9771 14.1154 8.69422
      vertex 13.8667 14.3218 8.64833
      vertex 13.955 14.1087 8.69422
    endloop
  endfacet
  facet normal -0.533477 -0.161762 0.830202
    outer loop
      vertex 13.4774 13.7835 8.5583
      vertex 13.2534 13.8515 8.42761
      vertex 13.2967 13.7087 8.42761
    endloop
  endfacet
  facet normal -0.491489 -0.262831 0.830276
    outer loop
      vertex 13.4774 13.7835 8.5583
      vertex 13.367 13.5771 8.42761
      vertex 13.5297 13.6857 8.5583
    endloop
  endfacet
  facet normal -0.353542 -0.430989 0.830214
    outer loop
      vertex 13.6 13.6 8.5583
      vertex 13.4617 13.4617 8.42761
      vertex 13.6857 13.5297 8.5583
    endloop
  endfacet
  facet normal -0.430989 -0.353542 0.830214
    outer loop
      vertex 13.5297 13.6857 8.5583
      vertex 13.4617 13.4617 8.42761
      vertex 13.6 13.6 8.5583
    endloop
  endfacet
  facet normal 0.172829 0.0924436 0.980604
    outer loop
      vertex 14.2896 14.1935 8.64833
      vertex 14.0978 14.0653 8.69422
      vertex 14.3218 14.1333 8.64833
    endloop
  endfacet
  facet normal 0.0187524 0.195196 0.980585
    outer loop
      vertex 14.068 14.3416 8.64833
      vertex 14 14.1176 8.69422
      vertex 14.0229 14.1154 8.69422
    endloop
  endfacet
  facet normal 0.172734 -0.0927489 0.980592
    outer loop
      vertex 14.1087 13.955 8.69422
      vertex 14.0978 13.9347 8.69422
      vertex 14.3218 13.8667 8.64833
    endloop
  endfacet
  facet normal 0 0 1
    outer loop
      vertex 14.1154 14.0229 8.69422
      vertex 14.1154 13.9771 8.69422
      vertex 14.1176 14 8.69422
    endloop
  endfacet
  facet normal 0 0 1
    outer loop
      vertex 14.1087 14.045 8.69422
      vertex 14.1154 13.9771 8.69422
      vertex 14.1154 14.0229 8.69422
    endloop
  endfacet
  facet normal 0 0 1
    outer loop
      vertex 14.1087 14.045 8.69422
      vertex 14.1087 13.955 8.69422
      vertex 14.1154 13.9771 8.69422
    endloop
  endfacet
  facet normal 0 0 1
    outer loop
      vertex 14.0978 14.0653 8.69422
      vertex 14.1087 13.955 8.69422
      vertex 14.1087 14.045 8.69422
    endloop
  endfacet
  facet normal 0 0 1
    outer loop
      vertex 14.0978 14.0653 8.69422
      vertex 14.0978 13.9347 8.69422
      vertex 14.1087 13.955 8.69422
    endloop
  endfacet
  facet normal 0 0 1
    outer loop
      vertex 14.0832 14.0832 8.69422
      vertex 14.0978 13.9347 8.69422
      vertex 14.0978 14.0653 8.69422
    endloop
  endfacet
  facet normal 0 0 1
    outer loop
      vertex 14.0832 14.0832 8.69422
      vertex 14.0832 13.9168 8.69422
      vertex 14.0978 13.9347 8.69422
    endloop
  endfacet
  facet normal 0 0 1
    outer loop
      vertex 14.0653 14.0978 8.69422
      vertex 14.0832 13.9168 8.69422
      vertex 14.0832 14.0832 8.69422
    endloop
  endfacet
  facet normal 0 0 1
    outer loop
      vertex 14.0653 14.0978 8.69422
      vertex 14.0653 13.9022 8.69422
      vertex 14.0832 13.9168 8.69422
    endloop
  endfacet
  facet normal 0 0 1
    outer loop
      vertex 14.045 14.1087 8.69422
      vertex 14.0653 13.9022 8.69422
      vertex 14.0653 14.0978 8.69422
    endloop
  endfacet
  facet normal 0 0 1
    outer loop
      vertex 14.045 14.1087 8.69422
      vertex 14.045 13.8913 8.69422
      vertex 14.0653 13.9022 8.69422
    endloop
  endfacet
  facet normal 0 0 1
    outer loop
      vertex 14.0229 14.1154 8.69422
      vertex 14.045 13.8913 8.69422
      vertex 14.045 14.1087 8.69422
    endloop
  endfacet
  facet normal 0 0 1
    outer loop
      vertex 14.0229 14.1154 8.69422
      vertex 14.0229 13.8846 8.69422
      vertex 14.045 13.8913 8.69422
    endloop
  endfacet
  facet normal 0 0 1
    outer loop
      vertex 14 14.1176 8.69422
      vertex 14.0229 13.8846 8.69422
      vertex 14.0229 14.1154 8.69422
    endloop
  endfacet
  facet normal 0 0 1
    outer loop
      vertex 14 14.1176 8.69422
      vertex 14 13.8824 8.69422
      vertex 14.0229 13.8846 8.69422
    endloop
  endfacet
  facet normal -0 0 1
    outer loop
      vertex 13.9771 14.1154 8.69422
      vertex 14 13.8824 8.69422
      vertex 14 14.1176 8.69422
    endloop
  endfacet
  facet normal 0 0 1
    outer loop
      vertex 13.9771 14.1154 8.69422
      vertex 13.9771 13.8846 8.69422
      vertex 14 13.8824 8.69422
    endloop
  endfacet
  facet normal -0 0 1
    outer loop
      vertex 13.955 14.1087 8.69422
      vertex 13.9771 13.8846 8.69422
      vertex 13.9771 14.1154 8.69422
    endloop
  endfacet
  facet normal 0 0 1
    outer loop
      vertex 13.955 14.1087 8.69422
      vertex 13.955 13.8913 8.69422
      vertex 13.9771 13.8846 8.69422
    endloop
  endfacet
  facet normal -0 0 1
    outer loop
      vertex 13.9347 14.0978 8.69422
      vertex 13.955 13.8913 8.69422
      vertex 13.955 14.1087 8.69422
    endloop
  endfacet
  facet normal 0 0 1
    outer loop
      vertex 13.9347 14.0978 8.69422
      vertex 13.9347 13.9022 8.69422
      vertex 13.955 13.8913 8.69422
    endloop
  endfacet
  facet normal -0 0 1
    outer loop
      vertex 13.9168 14.0832 8.69422
      vertex 13.9347 13.9022 8.69422
      vertex 13.9347 14.0978 8.69422
    endloop
  endfacet
  facet normal 0 0 1
    outer loop
      vertex 13.9168 14.0832 8.69422
      vertex 13.9168 13.9168 8.69422
      vertex 13.9347 13.9022 8.69422
    endloop
  endfacet
  facet normal -0 0 1
    outer loop
      vertex 13.9022 14.0653 8.69422
      vertex 13.9168 13.9168 8.69422
      vertex 13.9168 14.0832 8.69422
    endloop
  endfacet
  facet normal 0 0 1
    outer loop
      vertex 13.9022 14.0653 8.69422
      vertex 13.9022 13.9347 8.69422
      vertex 13.9168 13.9168 8.69422
    endloop
  endfacet
  facet normal -0 0 1
    outer loop
      vertex 13.8913 14.045 8.69422
      vertex 13.9022 13.9347 8.69422
      vertex 13.9022 14.0653 8.69422
    endloop
  endfacet
  facet normal 0 0 1
    outer loop
      vertex 13.8913 14.045 8.69422
      vertex 13.8913 13.955 8.69422
      vertex 13.9022 13.9347 8.69422
    endloop
  endfacet
  facet normal -0 0 1
    outer loop
      vertex 13.8846 14.0229 8.69422
      vertex 13.8913 13.955 8.69422
      vertex 13.8913 14.045 8.69422
    endloop
  endfacet
  facet normal 0 0 1
    outer loop
      vertex 13.8846 14.0229 8.69422
      vertex 13.8846 13.9771 8.69422
      vertex 13.8913 13.955 8.69422
    endloop
  endfacet
  facet normal 0 -0 1
    outer loop
      vertex 13.8846 13.9771 8.69422
      vertex 13.8846 14.0229 8.69422
      vertex 13.8824 14 8.69422
    endloop
  endfacet
  facet normal 0.338838 -0.181239 0.923223
    outer loop
      vertex 14.3218 13.8667 8.64833
      vertex 14.2896 13.8065 8.64833
      vertex 14.5226 13.7835 8.5583
    endloop
  endfacet
  facet normal 0.367733 -0.111502 0.923223
    outer loop
      vertex 14.3416 13.932 8.64833
      vertex 14.3218 13.8667 8.64833
      vertex 14.5226 13.7835 8.5583
    endloop
  endfacet
  facet normal 0.187596 -0.0568821 0.980598
    outer loop
      vertex 14.3416 13.932 8.64833
      vertex 14.1154 13.9771 8.69422
      vertex 14.3218 13.8667 8.64833
    endloop
  endfacet
  facet normal 0.195196 -0.0187524 0.980585
    outer loop
      vertex 14.1176 14 8.69422
      vertex 14.1154 13.9771 8.69422
      vertex 14.3416 13.932 8.64833
    endloop
  endfacet
  facet normal 0.205636 -0.678172 0.705547
    outer loop
      vertex 14.2913 13.2967 8.42761
      vertex 14.1485 13.2534 8.42761
      vertex 14.181 13.0902 8.26127
    endloop
  endfacet
  facet normal 0.0693595 -0.705285 0.705523
    outer loop
      vertex 14.1485 13.2534 8.42761
      vertex 14 13.0724 8.26127
      vertex 14.181 13.0902 8.26127
    endloop
  endfacet
  facet normal 0.338844 -0.181202 0.923228
    outer loop
      vertex 14.5226 13.7835 8.5583
      vertex 14.2896 13.8065 8.64833
      vertex 14.4703 13.6857 8.5583
    endloop
  endfacet
  facet normal 0.297073 -0.24369 0.923235
    outer loop
      vertex 14.4703 13.6857 8.5583
      vertex 14.2896 13.8065 8.64833
      vertex 14.4 13.6 8.5583
    endloop
  endfacet
  facet normal -0.976261 -0.0958828 0.19422
    outer loop
      vertex 12.8517 14 7.84834
      vertex 12.8058 14 7.61762
      vertex 12.8737 13.776 7.84834
    endloop
  endfacet
  facet normal -0.976267 -0.0959507 0.194156
    outer loop
      vertex 12.8737 13.776 7.84834
      vertex 12.8058 14 7.61762
      vertex 12.8287 13.767 7.61762
    endloop
  endfacet
  facet normal 0.0959507 0.976267 0.194156
    outer loop
      vertex 14.233 15.1713 7.61762
      vertex 14 15.1942 7.61762
      vertex 14.224 15.1263 7.84834
    endloop
  endfacet
  facet normal 0.0958828 0.976261 0.19422
    outer loop
      vertex 14 15.1942 7.61762
      vertex 14 15.1483 7.84834
      vertex 14.224 15.1263 7.84834
    endloop
  endfacet
  facet normal -0.586463 0.714598 0.381327
    outer loop
      vertex 13.362 14.9548 7.84834
      vertex 13.188 14.812 7.84834
      vertex 13.2517 14.7483 8.06568
    endloop
  endfacet
  facet normal -0.714598 0.586463 0.381327
    outer loop
      vertex 13.188 14.812 7.84834
      vertex 13.0452 14.638 7.84834
      vertex 13.2517 14.7483 8.06568
    endloop
  endfacet
  facet normal -0.796905 0.241819 0.553594
    outer loop
      vertex 13.143 14.355 8.26127
      vertex 13.0223 14.405 8.06568
      vertex 13.0902 14.181 8.26127
    endloop
  endfacet
  facet normal -0.491706 0.262667 0.8302
    outer loop
      vertex 13.367 14.4229 8.42761
      vertex 13.2967 14.2913 8.42761
      vertex 13.4774 14.2165 8.5583
    endloop
  endfacet
  facet normal 0.297073 0.24369 0.923235
    outer loop
      vertex 14.4 14.4 8.5583
      vertex 14.2896 14.1935 8.64833
      vertex 14.4703 14.3143 8.5583
    endloop
  endfacet
  facet normal 0.24369 0.297073 0.923235
    outer loop
      vertex 14.3143 14.4703 8.5583
      vertex 14.1935 14.2896 8.64833
      vertex 14.4 14.4 8.5583
    endloop
  endfacet
  facet normal 0.123848 0.151841 0.980615
    outer loop
      vertex 14.1935 14.2896 8.64833
      vertex 14.0653 14.0978 8.69422
      vertex 14.0832 14.0832 8.69422
    endloop
  endfacet
  facet normal -0.123848 -0.151841 0.980615
    outer loop
      vertex 13.9168 13.9168 8.69422
      vertex 13.8065 13.7104 8.64833
      vertex 13.9347 13.9022 8.69422
    endloop
  endfacet
  facet normal -0.0924436 -0.172829 0.980604
    outer loop
      vertex 13.9347 13.9022 8.69422
      vertex 13.8065 13.7104 8.64833
      vertex 13.8667 13.6782 8.64833
    endloop
  endfacet
  facet normal -0.124314 0.151588 0.980595
    outer loop
      vertex 13.8065 14.2896 8.64833
      vertex 13.7537 14.2463 8.64833
      vertex 13.9168 14.0832 8.69422
    endloop
  endfacet
  facet normal -0.123848 0.151841 0.980615
    outer loop
      vertex 13.9347 14.0978 8.69422
      vertex 13.8065 14.2896 8.64833
      vertex 13.9168 14.0832 8.69422
    endloop
  endfacet
  facet normal -0.172829 -0.0924436 0.980604
    outer loop
      vertex 13.9022 13.9347 8.69422
      vertex 13.6782 13.8667 8.64833
      vertex 13.7104 13.8065 8.64833
    endloop
  endfacet
  facet normal -0.019219 -0.195058 0.980603
    outer loop
      vertex 14 13.8824 8.69422
      vertex 13.932 13.6584 8.64833
      vertex 14 13.6517 8.64833
    endloop
  endfacet
  facet normal -0.0376717 -0.382339 0.923254
    outer loop
      vertex 14 13.6517 8.64833
      vertex 13.932 13.6584 8.64833
      vertex 14 13.4343 8.5583
    endloop
  endfacet
  facet normal -0.111502 -0.367733 0.923223
    outer loop
      vertex 13.8667 13.6782 8.64833
      vertex 13.7835 13.4774 8.5583
      vertex 13.932 13.6584 8.64833
    endloop
  endfacet
  facet normal -0.0568821 -0.187596 0.980598
    outer loop
      vertex 13.9771 13.8846 8.69422
      vertex 13.8667 13.6782 8.64833
      vertex 13.932 13.6584 8.64833
    endloop
  endfacet
  facet normal -0.205636 -0.678172 0.705547
    outer loop
      vertex 13.8515 13.2534 8.42761
      vertex 13.7087 13.2967 8.42761
      vertex 13.819 13.0902 8.26127
    endloop
  endfacet
  facet normal -0.161762 -0.533477 0.830202
    outer loop
      vertex 13.7835 13.4774 8.5583
      vertex 13.7087 13.2967 8.42761
      vertex 13.8515 13.2534 8.42761
    endloop
  endfacet
  facet normal -0.242027 -0.796721 0.553767
    outer loop
      vertex 13.819 13.0902 8.26127
      vertex 13.595 13.0223 8.06568
      vertex 13.7935 12.962 8.06568
    endloop
  endfacet
  facet normal -0.0814933 -0.828668 0.553777
    outer loop
      vertex 13.819 13.0902 8.26127
      vertex 13.7935 12.962 8.06568
      vertex 14 13.0724 8.26127
    endloop
  endfacet
  facet normal 0.0698339 -0.705465 0.705296
    outer loop
      vertex 14 13.2387 8.42761
      vertex 14 13.0724 8.26127
      vertex 14.1485 13.2534 8.42761
    endloop
  endfacet
  facet normal 0.0549167 -0.554771 0.830189
    outer loop
      vertex 14.1104 13.4452 8.5583
      vertex 14 13.2387 8.42761
      vertex 14.1485 13.2534 8.42761
    endloop
  endfacet
  facet normal -0.124314 -0.151588 0.980595
    outer loop
      vertex 13.9168 13.9168 8.69422
      vertex 13.7537 13.7537 8.64833
      vertex 13.8065 13.7104 8.64833
    endloop
  endfacet
  facet normal -0.151588 -0.124314 0.980595
    outer loop
      vertex 13.9168 13.9168 8.69422
      vertex 13.7104 13.8065 8.64833
      vertex 13.7537 13.7537 8.64833
    endloop
  endfacet
  facet normal 0.0568743 0.1876 0.980597
    outer loop
      vertex 14.1333 14.3218 8.64833
      vertex 14.0229 14.1154 8.69422
      vertex 14.045 14.1087 8.69422
    endloop
  endfacet
  facet normal -0.367673 -0.111584 0.923237
    outer loop
      vertex 13.6584 13.932 8.64833
      vertex 13.4452 13.8896 8.5583
      vertex 13.4774 13.7835 8.5583
    endloop
  endfacet
  facet normal -0.533498 -0.16191 0.83016
    outer loop
      vertex 13.4452 13.8896 8.5583
      vertex 13.2534 13.8515 8.42761
      vertex 13.4774 13.7835 8.5583
    endloop
  endfacet
  facet normal -0.243661 -0.29712 0.923227
    outer loop
      vertex 13.7537 13.7537 8.64833
      vertex 13.6 13.6 8.5583
      vertex 13.8065 13.7104 8.64833
    endloop
  endfacet
  facet normal -0.29712 -0.243661 0.923227
    outer loop
      vertex 13.7104 13.8065 8.64833
      vertex 13.6 13.6 8.5583
      vertex 13.7537 13.7537 8.64833
    endloop
  endfacet
  facet normal -0.0568743 -0.1876 0.980597
    outer loop
      vertex 13.955 13.8913 8.69422
      vertex 13.8667 13.6782 8.64833
      vertex 13.9771 13.8846 8.69422
    endloop
  endfacet
  facet normal 0.547851 -0.449579 0.705506
    outer loop
      vertex 14.633 13.5771 8.42761
      vertex 14.5383 13.4617 8.42761
      vertex 14.7713 13.4846 8.26127
    endloop
  endfacet
  facet normal 0.62514 -0.333946 0.705464
    outer loop
      vertex 14.7033 13.7087 8.42761
      vertex 14.633 13.5771 8.42761
      vertex 14.7713 13.4846 8.26127
    endloop
  endfacet
  facet normal 0.268606 0.884676 0.38105
    outer loop
      vertex 14.224 15.1263 7.84834
      vertex 14.2065 15.038 8.06568
      vertex 14.4394 15.0609 7.84834
    endloop
  endfacet
  facet normal 0.0903679 0.920109 0.381094
    outer loop
      vertex 14.224 15.1263 7.84834
      vertex 14 15.1483 7.84834
      vertex 14.2065 15.038 8.06568
    endloop
  endfacet
  facet normal -0.796721 0.242027 0.553767
    outer loop
      vertex 13.0223 14.405 8.06568
      vertex 12.962 14.2065 8.06568
      vertex 13.0902 14.181 8.26127
    endloop
  endfacet
  facet normal -0.828668 0.0814933 0.553777
    outer loop
      vertex 13.0902 14.181 8.26127
      vertex 12.962 14.2065 8.06568
      vertex 13.0724 14 8.26127
    endloop
  endfacet
  facet normal -0.678199 0.205798 0.705474
    outer loop
      vertex 13.143 14.355 8.26127
      vertex 13.0902 14.181 8.26127
      vertex 13.2967 14.2913 8.42761
    endloop
  endfacet
  facet normal -0.678172 0.205636 0.705547
    outer loop
      vertex 13.2967 14.2913 8.42761
      vertex 13.0902 14.181 8.26127
      vertex 13.2534 14.1485 8.42761
    endloop
  endfacet
  facet normal -0.643567 0.528595 0.553542
    outer loop
      vertex 13.3441 14.6559 8.26127
      vertex 13.1201 14.588 8.06568
      vertex 13.2287 14.5154 8.26127
    endloop
  endfacet
  facet normal -0.734511 0.392542 0.553538
    outer loop
      vertex 13.1201 14.588 8.06568
      vertex 13.0223 14.405 8.06568
      vertex 13.2287 14.5154 8.26127
    endloop
  endfacet
  facet normal 0.772719 -0.634749 0
    outer loop
      vertex 14.8444 13.1556 7.61762
      vertex 14.993 13.3365 7.5
      vertex 14.993 13.3365 7.61762
    endloop
  endfacet
  facet normal 0.772719 -0.634749 0
    outer loop
      vertex 14.993 13.3365 7.5
      vertex 14.8444 13.1556 7.61762
      vertex 14.8444 13.1556 7.5
    endloop
  endfacet
  facet normal 0.353542 0.430989 0.830214
    outer loop
      vertex 14.5383 14.5383 8.42761
      vertex 14.3143 14.4703 8.5583
      vertex 14.4 14.4 8.5583
    endloop
  endfacet
  facet normal 0.353594 0.430884 0.830247
    outer loop
      vertex 14.4229 14.633 8.42761
      vertex 14.3143 14.4703 8.5583
      vertex 14.5383 14.5383 8.42761
    endloop
  endfacet
  facet normal 0.338844 0.181202 0.923228
    outer loop
      vertex 14.4703 14.3143 8.5583
      vertex 14.2896 14.1935 8.64833
      vertex 14.5226 14.2165 8.5583
    endloop
  endfacet
  facet normal 0.491489 0.262831 0.830276
    outer loop
      vertex 14.633 14.4229 8.42761
      vertex 14.4703 14.3143 8.5583
      vertex 14.5226 14.2165 8.5583
    endloop
  endfacet
  facet normal 0.242027 0.796721 0.553767
    outer loop
      vertex 14.2065 15.038 8.06568
      vertex 14.181 14.9098 8.26127
      vertex 14.405 14.9777 8.06568
    endloop
  endfacet
  facet normal 0.241819 0.796905 0.553594
    outer loop
      vertex 14.405 14.9777 8.06568
      vertex 14.181 14.9098 8.26127
      vertex 14.355 14.857 8.26127
    endloop
  endfacet
  facet normal -0.881941 0.47136 0
    outer loop
      vertex 12.8913 14.4592 3.5
      vertex 13.0022 14.6667 7.5
      vertex 13.0022 14.6667 3.5
    endloop
  endfacet
  facet normal -0.881941 0.47136 0
    outer loop
      vertex 13.0022 14.6667 7.5
      vertex 12.8913 14.4592 3.5
      vertex 12.8913 14.4592 7.5
    endloop
  endfacet
  facet normal 0.0981989 -0.995167 0
    outer loop
      vertex 14 12.8 3.5
      vertex 14.2341 12.8231 7.5
      vertex 14 12.8 7.5
    endloop
  endfacet
  facet normal 0.0981989 -0.995167 0
    outer loop
      vertex 14.2341 12.8231 7.5
      vertex 14 12.8 3.5
      vertex 14.2341 12.8231 3.5
    endloop
  endfacet
  facet normal 0.957039 0.28996 0
    outer loop
      vertex 15.1769 14.2341 7.5
      vertex 15.1087 14.4592 3.5
      vertex 15.1087 14.4592 7.5
    endloop
  endfacet
  facet normal 0.957039 0.28996 0
    outer loop
      vertex 15.1087 14.4592 3.5
      vertex 15.1769 14.2341 7.5
      vertex 15.1769 14.2341 3.5
    endloop
  endfacet
  facet normal 0.995167 0.0981989 0
    outer loop
      vertex 15.2 14 7.5
      vertex 15.1769 14.2341 3.5
      vertex 15.1769 14.2341 7.5
    endloop
  endfacet
  facet normal 0.995167 0.0981989 0
    outer loop
      vertex 15.1769 14.2341 3.5
      vertex 15.2 14 7.5
      vertex 15.2 14 3.5
    endloop
  endfacet
  facet normal 0.28996 -0.957039 0
    outer loop
      vertex 14.2341 12.8231 3.5
      vertex 14.4592 12.8913 7.5
      vertex 14.2341 12.8231 7.5
    endloop
  endfacet
  facet normal 0.28996 -0.957039 0
    outer loop
      vertex 14.4592 12.8913 7.5
      vertex 14.2341 12.8231 3.5
      vertex 14.4592 12.8913 3.5
    endloop
  endfacet
  facet normal -0.957039 -0.28996 0
    outer loop
      vertex 12.8913 13.5408 3.5
      vertex 12.8231 13.7659 7.5
      vertex 12.8231 13.7659 3.5
    endloop
  endfacet
  facet normal -0.957039 -0.28996 0
    outer loop
      vertex 12.8231 13.7659 7.5
      vertex 12.8913 13.5408 3.5
      vertex 12.8913 13.5408 7.5
    endloop
  endfacet
  facet normal 0.772801 -0.634649 0
    outer loop
      vertex 14.8485 13.1515 7.5
      vertex 14.9978 13.3333 3.5
      vertex 14.9978 13.3333 7.5
    endloop
  endfacet
  facet normal 0.772801 -0.634649 0
    outer loop
      vertex 14.9978 13.3333 3.5
      vertex 14.8485 13.1515 7.5
      vertex 14.8485 13.1515 3.5
    endloop
  endfacet
  facet normal 0.881941 0.47136 0
    outer loop
      vertex 15.1087 14.4592 7.5
      vertex 14.9978 14.6667 3.5
      vertex 14.9978 14.6667 7.5
    endloop
  endfacet
  facet normal 0.881941 0.47136 0
    outer loop
      vertex 14.9978 14.6667 3.5
      vertex 15.1087 14.4592 7.5
      vertex 15.1087 14.4592 3.5
    endloop
  endfacet
  facet normal 0.634649 0.772801 -0
    outer loop
      vertex 14.8485 14.8485 3.5
      vertex 14.6667 14.9978 7.5
      vertex 14.8485 14.8485 7.5
    endloop
  endfacet
  facet normal 0.634649 0.772801 0
    outer loop
      vertex 14.6667 14.9978 7.5
      vertex 14.8485 14.8485 3.5
      vertex 14.6667 14.9978 3.5
    endloop
  endfacet
  facet normal 0.28996 0.957039 -0
    outer loop
      vertex 14.4592 15.1087 3.5
      vertex 14.2341 15.1769 7.5
      vertex 14.4592 15.1087 7.5
    endloop
  endfacet
  facet normal 0.28996 0.957039 0
    outer loop
      vertex 14.2341 15.1769 7.5
      vertex 14.4592 15.1087 3.5
      vertex 14.2341 15.1769 3.5
    endloop
  endfacet
  facet normal -0.881941 -0.47136 0
    outer loop
      vertex 13.0022 13.3333 3.5
      vertex 12.8913 13.5408 7.5
      vertex 12.8913 13.5408 3.5
    endloop
  endfacet
  facet normal -0.881941 -0.47136 0
    outer loop
      vertex 12.8913 13.5408 7.5
      vertex 13.0022 13.3333 3.5
      vertex 13.0022 13.3333 7.5
    endloop
  endfacet
  facet normal 0.772801 0.634649 0
    outer loop
      vertex 14.9978 14.6667 7.5
      vertex 14.8485 14.8485 3.5
      vertex 14.8485 14.8485 7.5
    endloop
  endfacet
  facet normal 0.772801 0.634649 0
    outer loop
      vertex 14.8485 14.8485 3.5
      vertex 14.9978 14.6667 7.5
      vertex 14.9978 14.6667 3.5
    endloop
  endfacet
  facet normal 0.0981989 0.995167 -0
    outer loop
      vertex 14.2341 15.1769 3.5
      vertex 14 15.2 7.5
      vertex 14.2341 15.1769 7.5
    endloop
  endfacet
  facet normal 0.0981989 0.995167 0
    outer loop
      vertex 14 15.2 7.5
      vertex 14.2341 15.1769 3.5
      vertex 14 15.2 3.5
    endloop
  endfacet
  facet normal -0.28996 0.957039 0
    outer loop
      vertex 13.7659 15.1769 3.5
      vertex 13.5408 15.1087 7.5
      vertex 13.7659 15.1769 7.5
    endloop
  endfacet
  facet normal -0.28996 0.957039 0
    outer loop
      vertex 13.5408 15.1087 7.5
      vertex 13.7659 15.1769 3.5
      vertex 13.5408 15.1087 3.5
    endloop
  endfacet
  facet normal 0 0 1
    outer loop
      vertex 15.1769 14.2341 7.5
      vertex 15.1942 14 7.5
      vertex 15.2 14 7.5
    endloop
  endfacet
  facet normal 0 0 1
    outer loop
      vertex 15.1769 14.2341 7.5
      vertex 15.1713 14.233 7.5
      vertex 15.1942 14 7.5
    endloop
  endfacet
  facet normal 0 0 1
    outer loop
      vertex 15.1087 14.4592 7.5
      vertex 15.1713 14.233 7.5
      vertex 15.1769 14.2341 7.5
    endloop
  endfacet
  facet normal 0 0 1
    outer loop
      vertex 15.1087 14.4592 7.5
      vertex 15.1033 14.457 7.5
      vertex 15.1713 14.233 7.5
    endloop
  endfacet
  facet normal 0 0 1
    outer loop
      vertex 14.9978 14.6667 7.5
      vertex 15.1033 14.457 7.5
      vertex 15.1087 14.4592 7.5
    endloop
  endfacet
  facet normal 0 0 1
    outer loop
      vertex 14.9978 14.6667 7.5
      vertex 14.993 14.6635 7.5
      vertex 15.1033 14.457 7.5
    endloop
  endfacet
  facet normal 0 0 1
    outer loop
      vertex 14.8485 14.8485 7.5
      vertex 14.993 14.6635 7.5
      vertex 14.9978 14.6667 7.5
    endloop
  endfacet
  facet normal 0 0 1
    outer loop
      vertex 14.8485 14.8485 7.5
      vertex 14.8444 14.8444 7.5
      vertex 14.993 14.6635 7.5
    endloop
  endfacet
  facet normal 0 0 1
    outer loop
      vertex 14.6667 14.9978 7.5
      vertex 14.8444 14.8444 7.5
      vertex 14.8485 14.8485 7.5
    endloop
  endfacet
  facet normal 0 0 1
    outer loop
      vertex 14.6667 14.9978 7.5
      vertex 14.6635 14.993 7.5
      vertex 14.8444 14.8444 7.5
    endloop
  endfacet
  facet normal 0 0 1
    outer loop
      vertex 14.4592 15.1087 7.5
      vertex 14.6635 14.993 7.5
      vertex 14.6667 14.9978 7.5
    endloop
  endfacet
  facet normal 0 0 1
    outer loop
      vertex 14.4592 15.1087 7.5
      vertex 14.457 15.1033 7.5
      vertex 14.6635 14.993 7.5
    endloop
  endfacet
  facet normal 0 0 1
    outer loop
      vertex 14.2341 15.1769 7.5
      vertex 14.457 15.1033 7.5
      vertex 14.4592 15.1087 7.5
    endloop
  endfacet
  facet normal 0 0 1
    outer loop
      vertex 14.2341 15.1769 7.5
      vertex 14.233 15.1713 7.5
      vertex 14.457 15.1033 7.5
    endloop
  endfacet
  facet normal 0 0 1
    outer loop
      vertex 14 15.2 7.5
      vertex 14.233 15.1713 7.5
      vertex 14.2341 15.1769 7.5
    endloop
  endfacet
  facet normal 0 0 1
    outer loop
      vertex 14 15.2 7.5
      vertex 14 15.1942 7.5
      vertex 14.233 15.1713 7.5
    endloop
  endfacet
  facet normal 0 0 1
    outer loop
      vertex 14 15.2 7.5
      vertex 13.767 15.1713 7.5
      vertex 14 15.1942 7.5
    endloop
  endfacet
  facet normal -0 0 1
    outer loop
      vertex 13.7659 15.1769 7.5
      vertex 13.767 15.1713 7.5
      vertex 14 15.2 7.5
    endloop
  endfacet
  facet normal 0 0 1
    outer loop
      vertex 13.7659 15.1769 7.5
      vertex 13.543 15.1033 7.5
      vertex 13.767 15.1713 7.5
    endloop
  endfacet
  facet normal -0 0 1
    outer loop
      vertex 13.5408 15.1087 7.5
      vertex 13.543 15.1033 7.5
      vertex 13.7659 15.1769 7.5
    endloop
  endfacet
  facet normal 0 0 1
    outer loop
      vertex 13.5408 15.1087 7.5
      vertex 13.3365 14.993 7.5
      vertex 13.543 15.1033 7.5
    endloop
  endfacet
  facet normal -0 0 1
    outer loop
      vertex 13.3333 14.9978 7.5
      vertex 13.3365 14.993 7.5
      vertex 13.5408 15.1087 7.5
    endloop
  endfacet
  facet normal 0 0 1
    outer loop
      vertex 13.3333 14.9978 7.5
      vertex 13.1556 14.8444 7.5
      vertex 13.3365 14.993 7.5
    endloop
  endfacet
  facet normal -0 0 1
    outer loop
      vertex 13.1515 14.8485 7.5
      vertex 13.1556 14.8444 7.5
      vertex 13.3333 14.9978 7.5
    endloop
  endfacet
  facet normal 0 0 1
    outer loop
      vertex 13.1515 14.8485 7.5
      vertex 13.007 14.6635 7.5
      vertex 13.1556 14.8444 7.5
    endloop
  endfacet
  facet normal -0 0 1
    outer loop
      vertex 13.0022 14.6667 7.5
      vertex 13.007 14.6635 7.5
      vertex 13.1515 14.8485 7.5
    endloop
  endfacet
  facet normal 0 0 1
    outer loop
      vertex 13.0022 14.6667 7.5
      vertex 12.8967 14.457 7.5
      vertex 13.007 14.6635 7.5
    endloop
  endfacet
  facet normal -0 0 1
    outer loop
      vertex 12.8913 14.4592 7.5
      vertex 12.8967 14.457 7.5
      vertex 13.0022 14.6667 7.5
    endloop
  endfacet
  facet normal 0 0 1
    outer loop
      vertex 12.8913 14.4592 7.5
      vertex 12.8287 14.233 7.5
      vertex 12.8967 14.457 7.5
    endloop
  endfacet
  facet normal -0 0 1
    outer loop
      vertex 12.8231 14.2341 7.5
      vertex 12.8287 14.233 7.5
      vertex 12.8913 14.4592 7.5
    endloop
  endfacet
  facet normal 0 0 1
    outer loop
      vertex 12.8231 14.2341 7.5
      vertex 12.8058 14 7.5
      vertex 12.8287 14.233 7.5
    endloop
  endfacet
  facet normal 0 -0 1
    outer loop
      vertex 12.8058 14 7.5
      vertex 12.8231 14.2341 7.5
      vertex 12.8 14 7.5
    endloop
  endfacet
  facet normal -0 0 1
    outer loop
      vertex 15.1942 14 7.5
      vertex 15.1769 13.7659 7.5
      vertex 15.2 14 7.5
    endloop
  endfacet
  facet normal -0 0 1
    outer loop
      vertex 15.1713 13.767 7.5
      vertex 15.1769 13.7659 7.5
      vertex 15.1942 14 7.5
    endloop
  endfacet
  facet normal 0 0 1
    outer loop
      vertex 15.1713 13.767 7.5
      vertex 15.1087 13.5408 7.5
      vertex 15.1769 13.7659 7.5
    endloop
  endfacet
  facet normal -0 0 1
    outer loop
      vertex 15.1033 13.543 7.5
      vertex 15.1087 13.5408 7.5
      vertex 15.1713 13.767 7.5
    endloop
  endfacet
  facet normal 0 0 1
    outer loop
      vertex 15.1033 13.543 7.5
      vertex 14.9978 13.3333 7.5
      vertex 15.1087 13.5408 7.5
    endloop
  endfacet
  facet normal -0 0 1
    outer loop
      vertex 14.993 13.3365 7.5
      vertex 14.9978 13.3333 7.5
      vertex 15.1033 13.543 7.5
    endloop
  endfacet
  facet normal 0 0 1
    outer loop
      vertex 14.993 13.3365 7.5
      vertex 14.8485 13.1515 7.5
      vertex 14.9978 13.3333 7.5
    endloop
  endfacet
  facet normal -0 0 1
    outer loop
      vertex 14.8444 13.1556 7.5
      vertex 14.8485 13.1515 7.5
      vertex 14.993 13.3365 7.5
    endloop
  endfacet
  facet normal 0 0 1
    outer loop
      vertex 14.8444 13.1556 7.5
      vertex 14.6667 13.0022 7.5
      vertex 14.8485 13.1515 7.5
    endloop
  endfacet
  facet normal -0 0 1
    outer loop
      vertex 14.6635 13.007 7.5
      vertex 14.6667 13.0022 7.5
      vertex 14.8444 13.1556 7.5
    endloop
  endfacet
  facet normal 0 0 1
    outer loop
      vertex 14.6635 13.007 7.5
      vertex 14.4592 12.8913 7.5
      vertex 14.6667 13.0022 7.5
    endloop
  endfacet
  facet normal -0 0 1
    outer loop
      vertex 14.457 12.8967 7.5
      vertex 14.4592 12.8913 7.5
      vertex 14.6635 13.007 7.5
    endloop
  endfacet
  facet normal 0 0 1
    outer loop
      vertex 14.457 12.8967 7.5
      vertex 14.2341 12.8231 7.5
      vertex 14.4592 12.8913 7.5
    endloop
  endfacet
  facet normal -0 0 1
    outer loop
      vertex 14.233 12.8287 7.5
      vertex 14.2341 12.8231 7.5
      vertex 14.457 12.8967 7.5
    endloop
  endfacet
  facet normal 0 0 1
    outer loop
      vertex 14 12.8058 7.5
      vertex 14.2341 12.8231 7.5
      vertex 14.233 12.8287 7.5
    endloop
  endfacet
  facet normal -0 0 1
    outer loop
      vertex 14 12.8058 7.5
      vertex 14 12.8 7.5
      vertex 14.2341 12.8231 7.5
    endloop
  endfacet
  facet normal 0 0 1
    outer loop
      vertex 13.767 12.8287 7.5
      vertex 14 12.8 7.5
      vertex 14 12.8058 7.5
    endloop
  endfacet
  facet normal 0 0 1
    outer loop
      vertex 13.767 12.8287 7.5
      vertex 13.7659 12.8231 7.5
      vertex 14 12.8 7.5
    endloop
  endfacet
  facet normal 0 0 1
    outer loop
      vertex 13.543 12.8967 7.5
      vertex 13.7659 12.8231 7.5
      vertex 13.767 12.8287 7.5
    endloop
  endfacet
  facet normal 0 0 1
    outer loop
      vertex 13.543 12.8967 7.5
      vertex 13.5408 12.8913 7.5
      vertex 13.7659 12.8231 7.5
    endloop
  endfacet
  facet normal 0 0 1
    outer loop
      vertex 13.3365 13.007 7.5
      vertex 13.5408 12.8913 7.5
      vertex 13.543 12.8967 7.5
    endloop
  endfacet
  facet normal 0 0 1
    outer loop
      vertex 13.3365 13.007 7.5
      vertex 13.3333 13.0022 7.5
      vertex 13.5408 12.8913 7.5
    endloop
  endfacet
  facet normal 0 0 1
    outer loop
      vertex 13.1556 13.1556 7.5
      vertex 13.3333 13.0022 7.5
      vertex 13.3365 13.007 7.5
    endloop
  endfacet
  facet normal 0 0 1
    outer loop
      vertex 13.1556 13.1556 7.5
      vertex 13.1515 13.1515 7.5
      vertex 13.3333 13.0022 7.5
    endloop
  endfacet
  facet normal 0 0 1
    outer loop
      vertex 13.007 13.3365 7.5
      vertex 13.1515 13.1515 7.5
      vertex 13.1556 13.1556 7.5
    endloop
  endfacet
  facet normal 0 0 1
    outer loop
      vertex 13.007 13.3365 7.5
      vertex 13.0022 13.3333 7.5
      vertex 13.1515 13.1515 7.5
    endloop
  endfacet
  facet normal 0 0 1
    outer loop
      vertex 12.8967 13.543 7.5
      vertex 13.0022 13.3333 7.5
      vertex 13.007 13.3365 7.5
    endloop
  endfacet
  facet normal 0 0 1
    outer loop
      vertex 12.8967 13.543 7.5
      vertex 12.8913 13.5408 7.5
      vertex 13.0022 13.3333 7.5
    endloop
  endfacet
  facet normal 0 0 1
    outer loop
      vertex 12.8287 13.767 7.5
      vertex 12.8913 13.5408 7.5
      vertex 12.8967 13.543 7.5
    endloop
  endfacet
  facet normal 0 0 1
    outer loop
      vertex 12.8287 13.767 7.5
      vertex 12.8231 13.7659 7.5
      vertex 12.8913 13.5408 7.5
    endloop
  endfacet
  facet normal 0 0 1
    outer loop
      vertex 12.8058 14 7.5
      vertex 12.8231 13.7659 7.5
      vertex 12.8287 13.767 7.5
    endloop
  endfacet
  facet normal 0 0 1
    outer loop
      vertex 12.8231 13.7659 7.5
      vertex 12.8058 14 7.5
      vertex 12.8 14 7.5
    endloop
  endfacet
  facet normal -0.634649 -0.772801 0
    outer loop
      vertex 13.1515 13.1515 3.5
      vertex 13.3333 13.0022 7.5
      vertex 13.1515 13.1515 7.5
    endloop
  endfacet
  facet normal -0.634649 -0.772801 -0
    outer loop
      vertex 13.3333 13.0022 7.5
      vertex 13.1515 13.1515 3.5
      vertex 13.3333 13.0022 3.5
    endloop
  endfacet
  facet normal 0.47136 0.881941 -0
    outer loop
      vertex 14.6667 14.9978 3.5
      vertex 14.4592 15.1087 7.5
      vertex 14.6667 14.9978 7.5
    endloop
  endfacet
  facet normal 0.47136 0.881941 0
    outer loop
      vertex 14.4592 15.1087 7.5
      vertex 14.6667 14.9978 3.5
      vertex 14.4592 15.1087 3.5
    endloop
  endfacet
  facet normal -0.995167 0.0981989 0
    outer loop
      vertex 12.8 14 3.5
      vertex 12.8231 14.2341 7.5
      vertex 12.8231 14.2341 3.5
    endloop
  endfacet
  facet normal -0.995167 0.0981989 0
    outer loop
      vertex 12.8231 14.2341 7.5
      vertex 12.8 14 3.5
      vertex 12.8 14 7.5
    endloop
  endfacet
  facet normal 0.881941 -0.47136 0
    outer loop
      vertex 14.9978 13.3333 7.5
      vertex 15.1087 13.5408 3.5
      vertex 15.1087 13.5408 7.5
    endloop
  endfacet
  facet normal 0.881941 -0.47136 0
    outer loop
      vertex 15.1087 13.5408 3.5
      vertex 14.9978 13.3333 7.5
      vertex 14.9978 13.3333 3.5
    endloop
  endfacet
  facet normal 0.47136 -0.881941 0
    outer loop
      vertex 14.4592 12.8913 3.5
      vertex 14.6667 13.0022 7.5
      vertex 14.4592 12.8913 7.5
    endloop
  endfacet
  facet normal 0.47136 -0.881941 0
    outer loop
      vertex 14.6667 13.0022 7.5
      vertex 14.4592 12.8913 3.5
      vertex 14.6667 13.0022 3.5
    endloop
  endfacet
  facet normal -0.634649 0.772801 0
    outer loop
      vertex 13.3333 14.9978 3.5
      vertex 13.1515 14.8485 7.5
      vertex 13.3333 14.9978 7.5
    endloop
  endfacet
  facet normal -0.634649 0.772801 0
    outer loop
      vertex 13.1515 14.8485 7.5
      vertex 13.3333 14.9978 3.5
      vertex 13.1515 14.8485 3.5
    endloop
  endfacet
  facet normal -0.47136 0.881941 0
    outer loop
      vertex 13.5408 15.1087 3.5
      vertex 13.3333 14.9978 7.5
      vertex 13.5408 15.1087 7.5
    endloop
  endfacet
  facet normal -0.47136 0.881941 0
    outer loop
      vertex 13.3333 14.9978 7.5
      vertex 13.5408 15.1087 3.5
      vertex 13.3333 14.9978 3.5
    endloop
  endfacet
  facet normal -0.47136 -0.881941 0
    outer loop
      vertex 13.3333 13.0022 3.5
      vertex 13.5408 12.8913 7.5
      vertex 13.3333 13.0022 7.5
    endloop
  endfacet
  facet normal -0.47136 -0.881941 -0
    outer loop
      vertex 13.5408 12.8913 7.5
      vertex 13.3333 13.0022 3.5
      vertex 13.5408 12.8913 3.5
    endloop
  endfacet
  facet normal -0.957039 0.28996 0
    outer loop
      vertex 12.8231 14.2341 3.5
      vertex 12.8913 14.4592 7.5
      vertex 12.8913 14.4592 3.5
    endloop
  endfacet
  facet normal -0.957039 0.28996 0
    outer loop
      vertex 12.8913 14.4592 7.5
      vertex 12.8231 14.2341 3.5
      vertex 12.8231 14.2341 7.5
    endloop
  endfacet
  facet normal 0.957039 -0.28996 0
    outer loop
      vertex 15.1087 13.5408 7.5
      vertex 15.1769 13.7659 3.5
      vertex 15.1769 13.7659 7.5
    endloop
  endfacet
  facet normal 0.957039 -0.28996 0
    outer loop
      vertex 15.1769 13.7659 3.5
      vertex 15.1087 13.5408 7.5
      vertex 15.1087 13.5408 3.5
    endloop
  endfacet
  facet normal -0.0981989 0.995167 0
    outer loop
      vertex 14 15.2 3.5
      vertex 13.7659 15.1769 7.5
      vertex 14 15.2 7.5
    endloop
  endfacet
  facet normal -0.0981989 0.995167 0
    outer loop
      vertex 13.7659 15.1769 7.5
      vertex 14 15.2 3.5
      vertex 13.7659 15.1769 3.5
    endloop
  endfacet
  facet normal -0.772801 0.634649 0
    outer loop
      vertex 13.0022 14.6667 3.5
      vertex 13.1515 14.8485 7.5
      vertex 13.1515 14.8485 3.5
    endloop
  endfacet
  facet normal -0.772801 0.634649 0
    outer loop
      vertex 13.1515 14.8485 7.5
      vertex 13.0022 14.6667 3.5
      vertex 13.0022 14.6667 7.5
    endloop
  endfacet
  facet normal 0.995167 -0.0981989 0
    outer loop
      vertex 15.1769 13.7659 7.5
      vertex 15.2 14 3.5
      vertex 15.2 14 7.5
    endloop
  endfacet
  facet normal 0.995167 -0.0981989 0
    outer loop
      vertex 15.2 14 3.5
      vertex 15.1769 13.7659 7.5
      vertex 15.1769 13.7659 3.5
    endloop
  endfacet
  facet normal -0.772801 -0.634649 0
    outer loop
      vertex 13.1515 13.1515 3.5
      vertex 13.0022 13.3333 7.5
      vertex 13.0022 13.3333 3.5
    endloop
  endfacet
  facet normal -0.772801 -0.634649 0
    outer loop
      vertex 13.0022 13.3333 7.5
      vertex 13.1515 13.1515 3.5
      vertex 13.1515 13.1515 7.5
    endloop
  endfacet
  facet normal 0.634649 -0.772801 0
    outer loop
      vertex 14.6667 13.0022 3.5
      vertex 14.8485 13.1515 7.5
      vertex 14.6667 13.0022 7.5
    endloop
  endfacet
  facet normal 0.634649 -0.772801 0
    outer loop
      vertex 14.8485 13.1515 7.5
      vertex 14.6667 13.0022 3.5
      vertex 14.8485 13.1515 3.5
    endloop
  endfacet
  facet normal -0.995167 -0.0981989 0
    outer loop
      vertex 12.8231 13.7659 3.5
      vertex 12.8 14 7.5
      vertex 12.8 14 3.5
    endloop
  endfacet
  facet normal -0.995167 -0.0981989 0
    outer loop
      vertex 12.8 14 7.5
      vertex 12.8231 13.7659 3.5
      vertex 12.8231 13.7659 7.5
    endloop
  endfacet
  facet normal -0.0981989 -0.995167 0
    outer loop
      vertex 13.7659 12.8231 3.5
      vertex 14 12.8 7.5
      vertex 13.7659 12.8231 7.5
    endloop
  endfacet
  facet normal -0.0981989 -0.995167 -0
    outer loop
      vertex 14 12.8 7.5
      vertex 13.7659 12.8231 3.5
      vertex 14 12.8 3.5
    endloop
  endfacet
  facet normal -0.28996 -0.957039 0
    outer loop
      vertex 13.5408 12.8913 3.5
      vertex 13.7659 12.8231 7.5
      vertex 13.5408 12.8913 7.5
    endloop
  endfacet
  facet normal -0.28996 -0.957039 -0
    outer loop
      vertex 13.7659 12.8231 7.5
      vertex 13.5408 12.8913 3.5
      vertex 13.7659 12.8231 3.5
    endloop
  endfacet
  facet normal -0.88188 0.471473 0
    outer loop
      vertex 50.7664 35.3394 3
      vertex 51.0899 35.9445 4.5
      vertex 51.0899 35.9445 3
    endloop
  endfacet
  facet normal -0.88188 0.471473 0
    outer loop
      vertex 51.0899 35.9445 4.5
      vertex 50.7664 35.3394 3
      vertex 50.7664 35.3394 4.5
    endloop
  endfacet
  facet normal 0.0980894 -0.995178 0
    outer loop
      vertex 54 30.5 3
      vertex 54.6828 30.5673 4.5
      vertex 54 30.5 4.5
    endloop
  endfacet
  facet normal 0.0980894 -0.995178 0
    outer loop
      vertex 54.6828 30.5673 4.5
      vertex 54 30.5 3
      vertex 54.6828 30.5673 3
    endloop
  endfacet
  facet normal 0.956972 0.290181 0
    outer loop
      vertex 57.4327 34.6828 4.5
      vertex 57.2336 35.3394 3
      vertex 57.2336 35.3394 4.5
    endloop
  endfacet
  facet normal 0.956972 0.290181 0
    outer loop
      vertex 57.2336 35.3394 3
      vertex 57.4327 34.6828 4.5
      vertex 57.4327 34.6828 3
    endloop
  endfacet
  facet normal 0.995178 0.0980894 0
    outer loop
      vertex 57.5 34 4.5
      vertex 57.4327 34.6828 3
      vertex 57.4327 34.6828 4.5
    endloop
  endfacet
  facet normal 0.995178 0.0980894 0
    outer loop
      vertex 57.4327 34.6828 3
      vertex 57.5 34 4.5
      vertex 57.5 34 3
    endloop
  endfacet
  facet normal 0.290181 -0.956972 0
    outer loop
      vertex 54.6828 30.5673 3
      vertex 55.3394 30.7664 4.5
      vertex 54.6828 30.5673 4.5
    endloop
  endfacet
  facet normal 0.290181 -0.956972 0
    outer loop
      vertex 55.3394 30.7664 4.5
      vertex 54.6828 30.5673 3
      vertex 55.3394 30.7664 3
    endloop
  endfacet
  facet normal -0.956972 -0.290181 0
    outer loop
      vertex 50.7664 32.6606 3
      vertex 50.5673 33.3172 4.5
      vertex 50.5673 33.3172 3
    endloop
  endfacet
  facet normal -0.956972 -0.290181 0
    outer loop
      vertex 50.5673 33.3172 4.5
      vertex 50.7664 32.6606 3
      vertex 50.7664 32.6606 4.5
    endloop
  endfacet
  facet normal 0.773073 -0.634317 0
    outer loop
      vertex 56.4749 31.5251 4.5
      vertex 56.9101 32.0555 3
      vertex 56.9101 32.0555 4.5
    endloop
  endfacet
  facet normal 0.773073 -0.634317 0
    outer loop
      vertex 56.9101 32.0555 3
      vertex 56.4749 31.5251 4.5
      vertex 56.4749 31.5251 3
    endloop
  endfacet
  facet normal 0.88188 0.471473 0
    outer loop
      vertex 57.2336 35.3394 4.5
      vertex 56.9101 35.9445 3
      vertex 56.9101 35.9445 4.5
    endloop
  endfacet
  facet normal 0.88188 0.471473 0
    outer loop
      vertex 56.9101 35.9445 3
      vertex 57.2336 35.3394 4.5
      vertex 57.2336 35.3394 3
    endloop
  endfacet
  facet normal 0.634317 0.773073 -0
    outer loop
      vertex 56.4749 36.4749 3
      vertex 55.9445 36.9101 4.5
      vertex 56.4749 36.4749 4.5
    endloop
  endfacet
  facet normal 0.634317 0.773073 0
    outer loop
      vertex 55.9445 36.9101 4.5
      vertex 56.4749 36.4749 3
      vertex 55.9445 36.9101 3
    endloop
  endfacet
  facet normal 0.290181 0.956972 -0
    outer loop
      vertex 55.3394 37.2336 3
      vertex 54.6828 37.4327 4.5
      vertex 55.3394 37.2336 4.5
    endloop
  endfacet
  facet normal 0.290181 0.956972 0
    outer loop
      vertex 54.6828 37.4327 4.5
      vertex 55.3394 37.2336 3
      vertex 54.6828 37.4327 3
    endloop
  endfacet
  facet normal -0.88188 -0.471473 0
    outer loop
      vertex 51.0899 32.0555 3
      vertex 50.7664 32.6606 4.5
      vertex 50.7664 32.6606 3
    endloop
  endfacet
  facet normal -0.88188 -0.471473 0
    outer loop
      vertex 50.7664 32.6606 4.5
      vertex 51.0899 32.0555 3
      vertex 51.0899 32.0555 4.5
    endloop
  endfacet
  facet normal 0.773073 0.634317 0
    outer loop
      vertex 56.9101 35.9445 4.5
      vertex 56.4749 36.4749 3
      vertex 56.4749 36.4749 4.5
    endloop
  endfacet
  facet normal 0.773073 0.634317 0
    outer loop
      vertex 56.4749 36.4749 3
      vertex 56.9101 35.9445 4.5
      vertex 56.9101 35.9445 3
    endloop
  endfacet
  facet normal 0.0980894 0.995178 -0
    outer loop
      vertex 54.6828 37.4327 3
      vertex 54 37.5 4.5
      vertex 54.6828 37.4327 4.5
    endloop
  endfacet
  facet normal 0.0980894 0.995178 0
    outer loop
      vertex 54 37.5 4.5
      vertex 54.6828 37.4327 3
      vertex 54 37.5 3
    endloop
  endfacet
  facet normal -0.290181 0.956972 0
    outer loop
      vertex 53.3172 37.4327 3
      vertex 52.6606 37.2336 4.5
      vertex 53.3172 37.4327 4.5
    endloop
  endfacet
  facet normal -0.290181 0.956972 0
    outer loop
      vertex 52.6606 37.2336 4.5
      vertex 53.3172 37.4327 3
      vertex 52.6606 37.2336 3
    endloop
  endfacet
  facet normal 0 0 1
    outer loop
      vertex 55.2 34 4.5
      vertex 57.5 34 4.5
      vertex 57.4327 34.6828 4.5
    endloop
  endfacet
  facet normal 0 0 1
    outer loop
      vertex 55.1769 34.2341 4.5
      vertex 57.4327 34.6828 4.5
      vertex 57.2336 35.3394 4.5
    endloop
  endfacet
  facet normal 0 0 1
    outer loop
      vertex 57.5 34 4.5
      vertex 55.2 34 4.5
      vertex 57.4327 33.3172 4.5
    endloop
  endfacet
  facet normal 0 0 1
    outer loop
      vertex 55.1087 34.4592 4.5
      vertex 57.2336 35.3394 4.5
      vertex 56.9101 35.9445 4.5
    endloop
  endfacet
  facet normal -0 0 1
    outer loop
      vertex 55.1769 33.7659 4.5
      vertex 57.4327 33.3172 4.5
      vertex 55.2 34 4.5
    endloop
  endfacet
  facet normal 0 0 1
    outer loop
      vertex 54.9978 34.6667 4.5
      vertex 56.9101 35.9445 4.5
      vertex 56.4749 36.4749 4.5
    endloop
  endfacet
  facet normal 0 0 1
    outer loop
      vertex 57.4327 33.3172 4.5
      vertex 55.1769 33.7659 4.5
      vertex 57.2336 32.6606 4.5
    endloop
  endfacet
  facet normal 0 0 1
    outer loop
      vertex 54.8485 34.8485 4.5
      vertex 56.4749 36.4749 4.5
      vertex 55.9445 36.9101 4.5
    endloop
  endfacet
  facet normal -0 0 1
    outer loop
      vertex 55.1087 33.5408 4.5
      vertex 57.2336 32.6606 4.5
      vertex 55.1769 33.7659 4.5
    endloop
  endfacet
  facet normal 0 0 1
    outer loop
      vertex 54.6667 34.9978 4.5
      vertex 55.9445 36.9101 4.5
      vertex 55.3394 37.2336 4.5
    endloop
  endfacet
  facet normal 0 0 1
    outer loop
      vertex 57.2336 32.6606 4.5
      vertex 55.1087 33.5408 4.5
      vertex 56.9101 32.0555 4.5
    endloop
  endfacet
  facet normal -0 0 1
    outer loop
      vertex 54.9978 33.3333 4.5
      vertex 56.9101 32.0555 4.5
      vertex 55.1087 33.5408 4.5
    endloop
  endfacet
  facet normal 0 0 1
    outer loop
      vertex 57.4327 34.6828 4.5
      vertex 55.1769 34.2341 4.5
      vertex 55.2 34 4.5
    endloop
  endfacet
  facet normal 0 0 1
    outer loop
      vertex 57.2336 35.3394 4.5
      vertex 55.1087 34.4592 4.5
      vertex 55.1769 34.2341 4.5
    endloop
  endfacet
  facet normal 0 0 1
    outer loop
      vertex 56.9101 35.9445 4.5
      vertex 54.9978 34.6667 4.5
      vertex 55.1087 34.4592 4.5
    endloop
  endfacet
  facet normal 0 0 1
    outer loop
      vertex 56.4749 36.4749 4.5
      vertex 54.8485 34.8485 4.5
      vertex 54.9978 34.6667 4.5
    endloop
  endfacet
  facet normal 0 0 1
    outer loop
      vertex 54.4592 35.1087 4.5
      vertex 55.3394 37.2336 4.5
      vertex 54.6828 37.4327 4.5
    endloop
  endfacet
  facet normal 0 0 1
    outer loop
      vertex 55.9445 36.9101 4.5
      vertex 54.6667 34.9978 4.5
      vertex 54.8485 34.8485 4.5
    endloop
  endfacet
  facet normal 0 0 1
    outer loop
      vertex 55.3394 37.2336 4.5
      vertex 54.4592 35.1087 4.5
      vertex 54.6667 34.9978 4.5
    endloop
  endfacet
  facet normal 0 0 1
    outer loop
      vertex 54.6828 37.4327 4.5
      vertex 54.2341 35.1769 4.5
      vertex 54.4592 35.1087 4.5
    endloop
  endfacet
  facet normal 0 0 1
    outer loop
      vertex 54 37.5 4.5
      vertex 54.2341 35.1769 4.5
      vertex 54.6828 37.4327 4.5
    endloop
  endfacet
  facet normal 0 0 1
    outer loop
      vertex 54 37.5 4.5
      vertex 54 35.2 4.5
      vertex 54.2341 35.1769 4.5
    endloop
  endfacet
  facet normal 0 0 1
    outer loop
      vertex 54 37.5 4.5
      vertex 53.7659 35.1769 4.5
      vertex 54 35.2 4.5
    endloop
  endfacet
  facet normal -0 0 1
    outer loop
      vertex 53.3172 37.4327 4.5
      vertex 53.7659 35.1769 4.5
      vertex 54 37.5 4.5
    endloop
  endfacet
  facet normal 0 0 1
    outer loop
      vertex 53.7659 35.1769 4.5
      vertex 53.3172 37.4327 4.5
      vertex 53.5408 35.1087 4.5
    endloop
  endfacet
  facet normal -0 0 1
    outer loop
      vertex 52.6606 37.2336 4.5
      vertex 53.5408 35.1087 4.5
      vertex 53.3172 37.4327 4.5
    endloop
  endfacet
  facet normal 0 0 1
    outer loop
      vertex 53.5408 35.1087 4.5
      vertex 52.6606 37.2336 4.5
      vertex 53.3333 34.9978 4.5
    endloop
  endfacet
  facet normal -0 0 1
    outer loop
      vertex 52.0555 36.9101 4.5
      vertex 53.3333 34.9978 4.5
      vertex 52.6606 37.2336 4.5
    endloop
  endfacet
  facet normal 0 0 1
    outer loop
      vertex 53.3333 34.9978 4.5
      vertex 52.0555 36.9101 4.5
      vertex 53.1515 34.8485 4.5
    endloop
  endfacet
  facet normal -0 0 1
    outer loop
      vertex 51.5251 36.4749 4.5
      vertex 53.1515 34.8485 4.5
      vertex 52.0555 36.9101 4.5
    endloop
  endfacet
  facet normal -0 0 1
    outer loop
      vertex 51.0899 35.9445 4.5
      vertex 53.0022 34.6667 4.5
      vertex 51.5251 36.4749 4.5
    endloop
  endfacet
  facet normal 0 0 1
    outer loop
      vertex 53.1515 34.8485 4.5
      vertex 51.5251 36.4749 4.5
      vertex 53.0022 34.6667 4.5
    endloop
  endfacet
  facet normal 0 0 1
    outer loop
      vertex 56.9101 32.0555 4.5
      vertex 54.9978 33.3333 4.5
      vertex 56.4749 31.5251 4.5
    endloop
  endfacet
  facet normal -0 0 1
    outer loop
      vertex 54.8485 33.1515 4.5
      vertex 56.4749 31.5251 4.5
      vertex 54.9978 33.3333 4.5
    endloop
  endfacet
  facet normal 0 0 1
    outer loop
      vertex 56.4749 31.5251 4.5
      vertex 54.8485 33.1515 4.5
      vertex 55.9445 31.0899 4.5
    endloop
  endfacet
  facet normal -0 0 1
    outer loop
      vertex 54.6667 33.0022 4.5
      vertex 55.9445 31.0899 4.5
      vertex 54.8485 33.1515 4.5
    endloop
  endfacet
  facet normal 0 0 1
    outer loop
      vertex 55.9445 31.0899 4.5
      vertex 54.6667 33.0022 4.5
      vertex 55.3394 30.7664 4.5
    endloop
  endfacet
  facet normal -0 0 1
    outer loop
      vertex 54.4592 32.8913 4.5
      vertex 55.3394 30.7664 4.5
      vertex 54.6667 33.0022 4.5
    endloop
  endfacet
  facet normal 0 0 1
    outer loop
      vertex 55.3394 30.7664 4.5
      vertex 54.4592 32.8913 4.5
      vertex 54.6828 30.5673 4.5
    endloop
  endfacet
  facet normal -0 0 1
    outer loop
      vertex 54.2341 32.8231 4.5
      vertex 54.6828 30.5673 4.5
      vertex 54.4592 32.8913 4.5
    endloop
  endfacet
  facet normal -0 0 1
    outer loop
      vertex 54 32.8 4.5
      vertex 54.6828 30.5673 4.5
      vertex 54.2341 32.8231 4.5
    endloop
  endfacet
  facet normal 0 0 1
    outer loop
      vertex 54 32.8 4.5
      vertex 54 30.5 4.5
      vertex 54.6828 30.5673 4.5
    endloop
  endfacet
  facet normal 0 0 1
    outer loop
      vertex 53.7659 32.8231 4.5
      vertex 54 30.5 4.5
      vertex 54 32.8 4.5
    endloop
  endfacet
  facet normal 0 0 1
    outer loop
      vertex 53.3172 30.5673 4.5
      vertex 53.7659 32.8231 4.5
      vertex 53.5408 32.8913 4.5
    endloop
  endfacet
  facet normal 0 0 1
    outer loop
      vertex 52.6606 30.7664 4.5
      vertex 53.5408 32.8913 4.5
      vertex 53.3333 33.0022 4.5
    endloop
  endfacet
  facet normal 0 0 1
    outer loop
      vertex 53.7659 32.8231 4.5
      vertex 53.3172 30.5673 4.5
      vertex 54 30.5 4.5
    endloop
  endfacet
  facet normal 0 0 1
    outer loop
      vertex 52.0555 31.0899 4.5
      vertex 53.3333 33.0022 4.5
      vertex 53.1515 33.1515 4.5
    endloop
  endfacet
  facet normal 0 0 1
    outer loop
      vertex 51.5251 31.5251 4.5
      vertex 53.1515 33.1515 4.5
      vertex 53.0022 33.3333 4.5
    endloop
  endfacet
  facet normal 0 0 1
    outer loop
      vertex 51.0899 32.0555 4.5
      vertex 53.0022 33.3333 4.5
      vertex 52.8913 33.5408 4.5
    endloop
  endfacet
  facet normal 0 0 1
    outer loop
      vertex 50.7664 32.6606 4.5
      vertex 52.8913 33.5408 4.5
      vertex 52.8231 33.7659 4.5
    endloop
  endfacet
  facet normal 0 0 1
    outer loop
      vertex 53.5408 32.8913 4.5
      vertex 52.6606 30.7664 4.5
      vertex 53.3172 30.5673 4.5
    endloop
  endfacet
  facet normal 0 0 1
    outer loop
      vertex 50.5673 33.3172 4.5
      vertex 52.8231 33.7659 4.5
      vertex 52.8 34 4.5
    endloop
  endfacet
  facet normal 0 0 1
    outer loop
      vertex 53.0022 34.6667 4.5
      vertex 51.0899 35.9445 4.5
      vertex 52.8913 34.4592 4.5
    endloop
  endfacet
  facet normal -0 0 1
    outer loop
      vertex 50.7664 35.3394 4.5
      vertex 52.8913 34.4592 4.5
      vertex 51.0899 35.9445 4.5
    endloop
  endfacet
  facet normal 0 0 1
    outer loop
      vertex 53.3333 33.0022 4.5
      vertex 52.0555 31.0899 4.5
      vertex 52.6606 30.7664 4.5
    endloop
  endfacet
  facet normal 0 0 1
    outer loop
      vertex 52.8913 34.4592 4.5
      vertex 50.7664 35.3394 4.5
      vertex 52.8231 34.2341 4.5
    endloop
  endfacet
  facet normal 0 0 1
    outer loop
      vertex 53.1515 33.1515 4.5
      vertex 51.5251 31.5251 4.5
      vertex 52.0555 31.0899 4.5
    endloop
  endfacet
  facet normal -0 0 1
    outer loop
      vertex 50.5673 34.6828 4.5
      vertex 52.8231 34.2341 4.5
      vertex 50.7664 35.3394 4.5
    endloop
  endfacet
  facet normal 0 0 1
    outer loop
      vertex 53.0022 33.3333 4.5
      vertex 51.0899 32.0555 4.5
      vertex 51.5251 31.5251 4.5
    endloop
  endfacet
  facet normal 0 0 1
    outer loop
      vertex 52.8231 34.2341 4.5
      vertex 50.5673 34.6828 4.5
      vertex 52.8 34 4.5
    endloop
  endfacet
  facet normal 0 0 1
    outer loop
      vertex 52.8913 33.5408 4.5
      vertex 50.7664 32.6606 4.5
      vertex 51.0899 32.0555 4.5
    endloop
  endfacet
  facet normal 0 0 1
    outer loop
      vertex 50.5 34 4.5
      vertex 52.8 34 4.5
      vertex 50.5673 34.6828 4.5
    endloop
  endfacet
  facet normal 0 0 1
    outer loop
      vertex 52.8231 33.7659 4.5
      vertex 50.5673 33.3172 4.5
      vertex 50.7664 32.6606 4.5
    endloop
  endfacet
  facet normal 0 0 1
    outer loop
      vertex 52.8 34 4.5
      vertex 50.5 34 4.5
      vertex 50.5673 33.3172 4.5
    endloop
  endfacet
  facet normal -0.634317 -0.773073 0
    outer loop
      vertex 51.5251 31.5251 3
      vertex 52.0555 31.0899 4.5
      vertex 51.5251 31.5251 4.5
    endloop
  endfacet
  facet normal -0.634317 -0.773073 -0
    outer loop
      vertex 52.0555 31.0899 4.5
      vertex 51.5251 31.5251 3
      vertex 52.0555 31.0899 3
    endloop
  endfacet
  facet normal 0.471473 0.88188 -0
    outer loop
      vertex 55.9445 36.9101 3
      vertex 55.3394 37.2336 4.5
      vertex 55.9445 36.9101 4.5
    endloop
  endfacet
  facet normal 0.471473 0.88188 0
    outer loop
      vertex 55.3394 37.2336 4.5
      vertex 55.9445 36.9101 3
      vertex 55.3394 37.2336 3
    endloop
  endfacet
  facet normal -0.995178 0.0980894 0
    outer loop
      vertex 50.5 34 3
      vertex 50.5673 34.6828 4.5
      vertex 50.5673 34.6828 3
    endloop
  endfacet
  facet normal -0.995178 0.0980894 0
    outer loop
      vertex 50.5673 34.6828 4.5
      vertex 50.5 34 3
      vertex 50.5 34 4.5
    endloop
  endfacet
  facet normal 0.88188 -0.471473 0
    outer loop
      vertex 56.9101 32.0555 4.5
      vertex 57.2336 32.6606 3
      vertex 57.2336 32.6606 4.5
    endloop
  endfacet
  facet normal 0.88188 -0.471473 0
    outer loop
      vertex 57.2336 32.6606 3
      vertex 56.9101 32.0555 4.5
      vertex 56.9101 32.0555 3
    endloop
  endfacet
  facet normal 0.471473 -0.88188 0
    outer loop
      vertex 55.3394 30.7664 3
      vertex 55.9445 31.0899 4.5
      vertex 55.3394 30.7664 4.5
    endloop
  endfacet
  facet normal 0.471473 -0.88188 0
    outer loop
      vertex 55.9445 31.0899 4.5
      vertex 55.3394 30.7664 3
      vertex 55.9445 31.0899 3
    endloop
  endfacet
  facet normal -0.634317 0.773073 0
    outer loop
      vertex 52.0555 36.9101 3
      vertex 51.5251 36.4749 4.5
      vertex 52.0555 36.9101 4.5
    endloop
  endfacet
  facet normal -0.634317 0.773073 0
    outer loop
      vertex 51.5251 36.4749 4.5
      vertex 52.0555 36.9101 3
      vertex 51.5251 36.4749 3
    endloop
  endfacet
  facet normal -0.471473 0.88188 0
    outer loop
      vertex 52.6606 37.2336 3
      vertex 52.0555 36.9101 4.5
      vertex 52.6606 37.2336 4.5
    endloop
  endfacet
  facet normal -0.471473 0.88188 0
    outer loop
      vertex 52.0555 36.9101 4.5
      vertex 52.6606 37.2336 3
      vertex 52.0555 36.9101 3
    endloop
  endfacet
  facet normal -0.471473 -0.88188 0
    outer loop
      vertex 52.0555 31.0899 3
      vertex 52.6606 30.7664 4.5
      vertex 52.0555 31.0899 4.5
    endloop
  endfacet
  facet normal -0.471473 -0.88188 -0
    outer loop
      vertex 52.6606 30.7664 4.5
      vertex 52.0555 31.0899 3
      vertex 52.6606 30.7664 3
    endloop
  endfacet
  facet normal -0.956972 0.290181 0
    outer loop
      vertex 50.5673 34.6828 3
      vertex 50.7664 35.3394 4.5
      vertex 50.7664 35.3394 3
    endloop
  endfacet
  facet normal -0.956972 0.290181 0
    outer loop
      vertex 50.7664 35.3394 4.5
      vertex 50.5673 34.6828 3
      vertex 50.5673 34.6828 4.5
    endloop
  endfacet
  facet normal 0.956972 -0.290181 0
    outer loop
      vertex 57.2336 32.6606 4.5
      vertex 57.4327 33.3172 3
      vertex 57.4327 33.3172 4.5
    endloop
  endfacet
  facet normal 0.956972 -0.290181 0
    outer loop
      vertex 57.4327 33.3172 3
      vertex 57.2336 32.6606 4.5
      vertex 57.2336 32.6606 3
    endloop
  endfacet
  facet normal -0.0980894 0.995178 0
    outer loop
      vertex 54 37.5 3
      vertex 53.3172 37.4327 4.5
      vertex 54 37.5 4.5
    endloop
  endfacet
  facet normal -0.0980894 0.995178 0
    outer loop
      vertex 53.3172 37.4327 4.5
      vertex 54 37.5 3
      vertex 53.3172 37.4327 3
    endloop
  endfacet
  facet normal -0.773073 0.634317 0
    outer loop
      vertex 51.0899 35.9445 3
      vertex 51.5251 36.4749 4.5
      vertex 51.5251 36.4749 3
    endloop
  endfacet
  facet normal -0.773073 0.634317 0
    outer loop
      vertex 51.5251 36.4749 4.5
      vertex 51.0899 35.9445 3
      vertex 51.0899 35.9445 4.5
    endloop
  endfacet
  facet normal 0.995178 -0.0980894 0
    outer loop
      vertex 57.4327 33.3172 4.5
      vertex 57.5 34 3
      vertex 57.5 34 4.5
    endloop
  endfacet
  facet normal 0.995178 -0.0980894 0
    outer loop
      vertex 57.5 34 3
      vertex 57.4327 33.3172 4.5
      vertex 57.4327 33.3172 3
    endloop
  endfacet
  facet normal -0.773073 -0.634317 0
    outer loop
      vertex 51.5251 31.5251 3
      vertex 51.0899 32.0555 4.5
      vertex 51.0899 32.0555 3
    endloop
  endfacet
  facet normal -0.773073 -0.634317 0
    outer loop
      vertex 51.0899 32.0555 4.5
      vertex 51.5251 31.5251 3
      vertex 51.5251 31.5251 4.5
    endloop
  endfacet
  facet normal 0.634317 -0.773073 0
    outer loop
      vertex 55.9445 31.0899 3
      vertex 56.4749 31.5251 4.5
      vertex 55.9445 31.0899 4.5
    endloop
  endfacet
  facet normal 0.634317 -0.773073 0
    outer loop
      vertex 56.4749 31.5251 4.5
      vertex 55.9445 31.0899 3
      vertex 56.4749 31.5251 3
    endloop
  endfacet
  facet normal -0.995178 -0.0980894 0
    outer loop
      vertex 50.5673 33.3172 3
      vertex 50.5 34 4.5
      vertex 50.5 34 3
    endloop
  endfacet
  facet normal -0.995178 -0.0980894 0
    outer loop
      vertex 50.5 34 4.5
      vertex 50.5673 33.3172 3
      vertex 50.5673 33.3172 4.5
    endloop
  endfacet
  facet normal -0.0980894 -0.995178 0
    outer loop
      vertex 53.3172 30.5673 3
      vertex 54 30.5 4.5
      vertex 53.3172 30.5673 4.5
    endloop
  endfacet
  facet normal -0.0980894 -0.995178 -0
    outer loop
      vertex 54 30.5 4.5
      vertex 53.3172 30.5673 3
      vertex 54 30.5 3
    endloop
  endfacet
  facet normal -0.290181 -0.956972 0
    outer loop
      vertex 52.6606 30.7664 3
      vertex 53.3172 30.5673 4.5
      vertex 52.6606 30.7664 4.5
    endloop
  endfacet
  facet normal -0.290181 -0.956972 -0
    outer loop
      vertex 53.3172 30.5673 4.5
      vertex 52.6606 30.7664 3
      vertex 53.3172 30.5673 3
    endloop
  endfacet
  facet normal 0.0980173 -0.00965872 0.995138
    outer loop
      vertex 59 34 1.5
      vertex 58.7074 34 1.52882
      vertex 58.6169 33.0816 1.52882
    endloop
  endfacet
  facet normal 0.098009 -0.00965522 0.995139
    outer loop
      vertex 58.9039 33.0245 1.5
      vertex 59 34 1.5
      vertex 58.6169 33.0816 1.52882
    endloop
  endfacet
  facet normal 0.29016 -0.028596 0.956551
    outer loop
      vertex 58.7074 34 1.52882
      vertex 58.426 34 1.61418
      vertex 58.3409 33.1365 1.61418
    endloop
  endfacet
  facet normal 0.290151 -0.0285918 0.956554
    outer loop
      vertex 58.6169 33.0816 1.52882
      vertex 58.7074 34 1.52882
      vertex 58.3409 33.1365 1.61418
    endloop
  endfacet
  facet normal 0.470971 -0.0464077 0.880927
    outer loop
      vertex 58.426 34 1.61418
      vertex 58.1667 34 1.75281
      vertex 58.0866 33.1871 1.75281
    endloop
  endfacet
  facet normal 0.47099 -0.0464172 0.880917
    outer loop
      vertex 58.3409 33.1365 1.61418
      vertex 58.426 34 1.61418
      vertex 58.0866 33.1871 1.75281
    endloop
  endfacet
  facet normal 0.632995 -0.0622699 0.771647
    outer loop
      vertex 58.1667 34 1.75281
      vertex 57.9393 34 1.93935
      vertex 57.8637 33.2315 1.93935
    endloop
  endfacet
  facet normal 0.633198 -0.0623929 0.771471
    outer loop
      vertex 58.0866 33.1871 1.75281
      vertex 58.1667 34 1.75281
      vertex 57.8637 33.2315 1.93935
    endloop
  endfacet
  facet normal 0.77086 -0.0759173 0.632464
    outer loop
      vertex 57.9393 34 1.93935
      vertex 57.7528 34 2.16666
      vertex 57.6807 33.2679 2.16666
    endloop
  endfacet
  facet normal 0.770732 -0.0758195 0.632633
    outer loop
      vertex 57.8637 33.2315 1.93935
      vertex 57.9393 34 1.93935
      vertex 57.6807 33.2679 2.16666
    endloop
  endfacet
  facet normal 0.878621 -0.0866035 0.469601
    outer loop
      vertex 57.7528 34 2.16666
      vertex 57.6142 34 2.42598
      vertex 57.5447 33.2949 2.42598
    endloop
  endfacet
  facet normal 0.878544 -0.0865224 0.46976
    outer loop
      vertex 57.6807 33.2679 2.16666
      vertex 57.7528 34 2.16666
      vertex 57.5447 33.2949 2.42598
    endloop
  endfacet
  facet normal 0.95268 -0.0938287 0.289132
    outer loop
      vertex 57.6142 34 2.42598
      vertex 57.5288 34 2.70737
      vertex 57.461 33.3116 2.70737
    endloop
  endfacet
  facet normal 0.952723 -0.0939076 0.288963
    outer loop
      vertex 57.5447 33.2949 2.42598
      vertex 57.6142 34 2.42598
      vertex 57.461 33.3116 2.70737
    endloop
  endfacet
  facet normal 0.990438 -0.0976223 0.0974768
    outer loop
      vertex 57.5288 34 2.70737
      vertex 57.5 34 3
      vertex 57.4327 33.3172 3
    endloop
  endfacet
  facet normal 0.990429 -0.0975466 0.0976503
    outer loop
      vertex 57.461 33.3116 2.70737
      vertex 57.5288 34 2.70737
      vertex 57.4327 33.3172 3
    endloop
  endfacet
  facet normal 0.0942413 -0.0285926 0.995139
    outer loop
      vertex 58.9039 33.0245 1.5
      vertex 58.6169 33.0816 1.52882
      vertex 58.349 32.1986 1.52882
    endloop
  endfacet
  facet normal 0.0942261 -0.0285823 0.99514
    outer loop
      vertex 58.6194 32.0866 1.5
      vertex 58.9039 33.0245 1.5
      vertex 58.349 32.1986 1.52882
    endloop
  endfacet
  facet normal 0.279006 -0.0846226 0.956554
    outer loop
      vertex 58.6169 33.0816 1.52882
      vertex 58.3409 33.1365 1.61418
      vertex 58.0891 32.3063 1.61418
    endloop
  endfacet
  facet normal 0.279071 -0.0846694 0.95653
    outer loop
      vertex 58.349 32.1986 1.52882
      vertex 58.6169 33.0816 1.52882
      vertex 58.0891 32.3063 1.61418
    endloop
  endfacet
  facet normal 0.45289 -0.137385 0.880918
    outer loop
      vertex 58.3409 33.1365 1.61418
      vertex 58.0866 33.1871 1.75281
      vertex 57.8495 32.4055 1.75281
    endloop
  endfacet
  facet normal 0.452842 -0.137347 0.880948
    outer loop
      vertex 58.0891 32.3063 1.61418
      vertex 58.3409 33.1365 1.61418
      vertex 57.8495 32.4055 1.75281
    endloop
  endfacet
  facet normal 0.608845 -0.184713 0.771485
    outer loop
      vertex 58.0866 33.1871 1.75281
      vertex 57.8637 33.2315 1.93935
      vertex 57.6395 32.4925 1.93935
    endloop
  endfacet
  facet normal 0.608814 -0.184685 0.771516
    outer loop
      vertex 57.8495 32.4055 1.75281
      vertex 58.0866 33.1871 1.75281
      vertex 57.6395 32.4925 1.93935
    endloop
  endfacet
  facet normal 0.74109 -0.224853 0.632635
    outer loop
      vertex 57.8637 33.2315 1.93935
      vertex 57.6807 33.2679 2.16666
      vertex 57.4671 32.5639 2.16666
    endloop
  endfacet
  facet normal 0.741067 -0.224827 0.632671
    outer loop
      vertex 57.6395 32.4925 1.93935
      vertex 57.8637 33.2315 1.93935
      vertex 57.4671 32.5639 2.16666
    endloop
  endfacet
  facet normal 0.844817 -0.256186 0.469737
    outer loop
      vertex 57.6807 33.2679 2.16666
      vertex 57.5447 33.2949 2.42598
      vertex 57.3391 32.6169 2.42598
    endloop
  endfacet
  facet normal 0.844925 -0.256358 0.469449
    outer loop
      vertex 57.4671 32.5639 2.16666
      vertex 57.6807 33.2679 2.16666
      vertex 57.3391 32.6169 2.42598
    endloop
  endfacet
  facet normal 0.916115 -0.277879 0.288992
    outer loop
      vertex 57.5447 33.2949 2.42598
      vertex 57.461 33.3116 2.70737
      vertex 57.2602 32.6496 2.70737
    endloop
  endfacet
  facet normal 0.91609 -0.2778 0.289149
    outer loop
      vertex 57.3391 32.6169 2.42598
      vertex 57.5447 33.2949 2.42598
      vertex 57.2602 32.6496 2.70737
    endloop
  endfacet
  facet normal 0.9524 -0.288795 0.0976324
    outer loop
      vertex 57.461 33.3116 2.70737
      vertex 57.4327 33.3172 3
      vertex 57.2336 32.6606 3
    endloop
  endfacet
  facet normal 0.952394 -0.288883 0.0974315
    outer loop
      vertex 57.2602 32.6496 2.70737
      vertex 57.461 33.3116 2.70737
      vertex 57.2336 32.6606 3
    endloop
  endfacet
  facet normal 0.0868405 -0.0464131 0.99514
    outer loop
      vertex 58.6194 32.0866 1.5
      vertex 58.349 32.1986 1.52882
      vertex 57.914 31.3847 1.52882
    endloop
  endfacet
  facet normal 0.0868524 -0.0464251 0.995139
    outer loop
      vertex 58.1573 31.2221 1.5
      vertex 58.6194 32.0866 1.5
      vertex 57.914 31.3847 1.52882
    endloop
  endfacet
  facet normal 0.257192 -0.137469 0.956533
    outer loop
      vertex 58.349 32.1986 1.52882
      vertex 58.0891 32.3063 1.61418
      vertex 57.6801 31.5411 1.61418
    endloop
  endfacet
  facet normal 0.257174 -0.13745 0.95654
    outer loop
      vertex 57.914 31.3847 1.52882
      vertex 58.349 32.1986 1.52882
      vertex 57.6801 31.5411 1.61418
    endloop
  endfacet
  facet normal 0.417338 -0.223094 0.880942
    outer loop
      vertex 58.0891 32.3063 1.61418
      vertex 57.8495 32.4055 1.75281
      vertex 57.4644 31.6851 1.75281
    endloop
  endfacet
  facet normal 0.417296 -0.223045 0.880974
    outer loop
      vertex 57.6801 31.5411 1.61418
      vertex 58.0891 32.3063 1.61418
      vertex 57.4644 31.6851 1.75281
    endloop
  endfacet
  facet normal 0.56107 -0.299935 0.771518
    outer loop
      vertex 57.8495 32.4055 1.75281
      vertex 57.6395 32.4925 1.93935
      vertex 57.2754 31.8114 1.93935
    endloop
  endfacet
  facet normal 0.561061 -0.299923 0.771528
    outer loop
      vertex 57.4644 31.6851 1.75281
      vertex 57.8495 32.4055 1.75281
      vertex 57.2754 31.8114 1.93935
    endloop
  endfacet
  facet normal 0.682978 -0.365069 0.632666
    outer loop
      vertex 57.6395 32.4925 1.93935
      vertex 57.4671 32.5639 2.16666
      vertex 57.1203 31.9151 2.16666
    endloop
  endfacet
  facet normal 0.683007 -0.36512 0.632605
    outer loop
      vertex 57.2754 31.8114 1.93935
      vertex 57.6395 32.4925 1.93935
      vertex 57.1203 31.9151 2.16666
    endloop
  endfacet
  facet normal 0.778688 -0.416264 0.469436
    outer loop
      vertex 57.4671 32.5639 2.16666
      vertex 57.3391 32.6169 2.42598
      vertex 57.0051 31.9921 2.42598
    endloop
  endfacet
  facet normal 0.778671 -0.416219 0.469504
    outer loop
      vertex 57.1203 31.9151 2.16666
      vertex 57.4671 32.5639 2.16666
      vertex 57.0051 31.9921 2.42598
    endloop
  endfacet
  facet normal 0.844249 -0.451253 0.289162
    outer loop
      vertex 57.3391 32.6169 2.42598
      vertex 57.2602 32.6496 2.70737
      vertex 56.9341 32.0395 2.70737
    endloop
  endfacet
  facet normal 0.844256 -0.451315 0.289045
    outer loop
      vertex 57.0051 31.9921 2.42598
      vertex 57.3391 32.6169 2.42598
      vertex 56.9341 32.0395 2.70737
    endloop
  endfacet
  facet normal 0.877686 -0.46923 0.0974199
    outer loop
      vertex 57.2602 32.6496 2.70737
      vertex 57.2336 32.6606 3
      vertex 56.9101 32.0555 3
    endloop
  endfacet
  facet normal 0.877711 -0.469139 0.0976362
    outer loop
      vertex 56.9341 32.0395 2.70737
      vertex 57.2602 32.6496 2.70737
      vertex 56.9101 32.0555 3
    endloop
  endfacet
  facet normal 0.0761256 -0.0624757 0.995139
    outer loop
      vertex 58.1573 31.2221 1.5
      vertex 57.914 31.3847 1.52882
      vertex 57.3286 30.6714 1.52882
    endloop
  endfacet
  facet normal 0.0761319 -0.0624852 0.995138
    outer loop
      vertex 57.5355 30.4645 1.5
      vertex 58.1573 31.2221 1.5
      vertex 57.3286 30.6714 1.52882
    endloop
  endfacet
  facet normal 0.225386 -0.184993 0.956545
    outer loop
      vertex 57.914 31.3847 1.52882
      vertex 57.6801 31.5411 1.61418
      vertex 57.1296 30.8704 1.61418
    endloop
  endfacet
  facet normal 0.22536 -0.184951 0.956559
    outer loop
      vertex 57.3286 30.6714 1.52882
      vertex 57.914 31.3847 1.52882
      vertex 57.1296 30.8704 1.61418
    endloop
  endfacet
  facet normal 0.365804 -0.300163 0.880959
    outer loop
      vertex 57.6801 31.5411 1.61418
      vertex 57.4644 31.6851 1.75281
      vertex 56.9463 31.0537 1.75281
    endloop
  endfacet
  facet normal 0.365889 -0.300316 0.880872
    outer loop
      vertex 57.1296 30.8704 1.61418
      vertex 57.6801 31.5411 1.61418
      vertex 56.9463 31.0537 1.75281
    endloop
  endfacet
  facet normal 0.49177 -0.403615 0.771529
    outer loop
      vertex 57.4644 31.6851 1.75281
      vertex 57.2754 31.8114 1.93935
      vertex 56.7855 31.2145 1.93935
    endloop
  endfacet
  facet normal 0.491701 -0.403469 0.771649
    outer loop
      vertex 56.9463 31.0537 1.75281
      vertex 57.4644 31.6851 1.75281
      vertex 56.7855 31.2145 1.93935
    endloop
  endfacet
  facet normal 0.598674 -0.491298 0.632625
    outer loop
      vertex 57.2754 31.8114 1.93935
      vertex 57.1203 31.9151 2.16666
      vertex 56.6536 31.3464 2.16666
    endloop
  endfacet
  facet normal 0.598702 -0.491379 0.632536
    outer loop
      vertex 56.7855 31.2145 1.93935
      vertex 57.2754 31.8114 1.93935
      vertex 56.6536 31.3464 2.16666
    endloop
  endfacet
  facet normal 0.682502 -0.560132 0.469514
    outer loop
      vertex 57.1203 31.9151 2.16666
      vertex 57.0051 31.9921 2.42598
      vertex 56.5556 31.4444 2.42598
    endloop
  endfacet
  facet normal 0.682493 -0.560084 0.469584
    outer loop
      vertex 56.6536 31.3464 2.16666
      vertex 57.1203 31.9151 2.16666
      vertex 56.5556 31.4444 2.42598
    endloop
  endfacet
  facet normal 0.740086 -0.607236 0.289026
    outer loop
      vertex 57.0051 31.9921 2.42598
      vertex 56.9341 32.0395 2.70737
      vertex 56.4953 31.5047 2.70737
    endloop
  endfacet
  facet normal 0.740074 -0.607382 0.288751
    outer loop
      vertex 56.5556 31.4444 2.42598
      vertex 57.0051 31.9921 2.42598
      vertex 56.4953 31.5047 2.70737
    endloop
  endfacet
  facet normal 0.769381 -0.631287 0.0976173
    outer loop
      vertex 56.9341 32.0395 2.70737
      vertex 56.9101 32.0555 3
      vertex 56.4749 31.5251 3
    endloop
  endfacet
  facet normal 0.769386 -0.631277 0.0976439
    outer loop
      vertex 56.4953 31.5047 2.70737
      vertex 56.9341 32.0395 2.70737
      vertex 56.4749 31.5251 3
    endloop
  endfacet
  facet normal 0.0624828 -0.0761343 0.995138
    outer loop
      vertex 57.5355 30.4645 1.5
      vertex 57.3286 30.6714 1.52882
      vertex 56.6153 30.086 1.52882
    endloop
  endfacet
  facet normal 0.0624785 -0.0761237 0.995139
    outer loop
      vertex 56.7779 29.8427 1.5
      vertex 57.5355 30.4645 1.5
      vertex 56.6153 30.086 1.52882
    endloop
  endfacet
  facet normal 0.184963 -0.225349 0.95656
    outer loop
      vertex 57.3286 30.6714 1.52882
      vertex 57.1296 30.8704 1.61418
      vertex 56.4589 30.3199 1.61418
    endloop
  endfacet
  facet normal 0.18498 -0.225395 0.956546
    outer loop
      vertex 56.6153 30.086 1.52882
      vertex 57.3286 30.6714 1.52882
      vertex 56.4589 30.3199 1.61418
    endloop
  endfacet
  facet normal 0.300269 -0.365933 0.88087
    outer loop
      vertex 57.1296 30.8704 1.61418
      vertex 56.9463 31.0537 1.75281
      vertex 56.3149 30.5356 1.75281
    endloop
  endfacet
  facet normal 0.300216 -0.365767 0.880957
    outer loop
      vertex 56.4589 30.3199 1.61418
      vertex 57.1296 30.8704 1.61418
      vertex 56.3149 30.5356 1.75281
    endloop
  endfacet
  facet normal 0.40352 -0.491654 0.771652
    outer loop
      vertex 56.9463 31.0537 1.75281
      vertex 56.7855 31.2145 1.93935
      vertex 56.1886 30.7246 1.93935
    endloop
  endfacet
  facet normal 0.403559 -0.491811 0.771533
    outer loop
      vertex 56.3149 30.5356 1.75281
      vertex 56.9463 31.0537 1.75281
      vertex 56.1886 30.7246 1.93935
    endloop
  endfacet
  facet normal 0.491346 -0.598732 0.632534
    outer loop
      vertex 56.7855 31.2145 1.93935
      vertex 56.6536 31.3464 2.16666
      vertex 56.0849 30.8797 2.16666
    endloop
  endfacet
  facet normal 0.491334 -0.598647 0.632623
    outer loop
      vertex 56.1886 30.7246 1.93935
      vertex 56.7855 31.2145 1.93935
      vertex 56.0849 30.8797 2.16666
    endloop
  endfacet
  facet normal 0.560108 -0.682472 0.469585
    outer loop
      vertex 56.6536 31.3464 2.16666
      vertex 56.5556 31.4444 2.42598
      vertex 56.0079 30.9949 2.42598
    endloop
  endfacet
  facet normal 0.560107 -0.682522 0.469515
    outer loop
      vertex 56.0849 30.8797 2.16666
      vertex 56.6536 31.3464 2.16666
      vertex 56.0079 30.9949 2.42598
    endloop
  endfacet
  facet normal 0.60729 -0.740151 0.288748
    outer loop
      vertex 56.5556 31.4444 2.42598
      vertex 56.4953 31.5047 2.70737
      vertex 55.9605 31.0659 2.70737
    endloop
  endfacet
  facet normal 0.60733 -0.740011 0.289023
    outer loop
      vertex 56.0079 30.9949 2.42598
      vertex 56.5556 31.4444 2.42598
      vertex 55.9605 31.0659 2.70737
    endloop
  endfacet
  facet normal 0.631285 -0.769379 0.097644
    outer loop
      vertex 56.4953 31.5047 2.70737
      vertex 56.4749 31.5251 3
      vertex 55.9445 31.0899 3
    endloop
  endfacet
  facet normal 0.631278 -0.769388 0.0976174
    outer loop
      vertex 55.9605 31.0659 2.70737
      vertex 56.4953 31.5047 2.70737
      vertex 55.9445 31.0899 3
    endloop
  endfacet
  facet normal 0.0464209 -0.0868552 0.995139
    outer loop
      vertex 56.7779 29.8427 1.5
      vertex 56.6153 30.086 1.52882
      vertex 55.8014 29.651 1.52882
    endloop
  endfacet
  facet normal 0.0464177 -0.0868386 0.99514
    outer loop
      vertex 55.9134 29.3806 1.5
      vertex 56.7779 29.8427 1.5
      vertex 55.8014 29.651 1.52882
    endloop
  endfacet
  facet normal 0.137457 -0.25717 0.95654
    outer loop
      vertex 56.6153 30.086 1.52882
      vertex 56.4589 30.3199 1.61418
      vertex 55.6937 29.9109 1.61418
    endloop
  endfacet
  facet normal 0.137462 -0.257195 0.956533
    outer loop
      vertex 55.8014 29.651 1.52882
      vertex 56.6153 30.086 1.52882
      vertex 55.6937 29.9109 1.61418
    endloop
  endfacet
  facet normal 0.223065 -0.417284 0.880975
    outer loop
      vertex 56.4589 30.3199 1.61418
      vertex 56.3149 30.5356 1.75281
      vertex 55.5945 30.1505 1.75281
    endloop
  endfacet
  facet normal 0.223072 -0.417347 0.880943
    outer loop
      vertex 55.6937 29.9109 1.61418
      vertex 56.4589 30.3199 1.61418
      vertex 55.5945 30.1505 1.75281
    endloop
  endfacet
  facet normal 0.299928 -0.561058 0.771529
    outer loop
      vertex 56.3149 30.5356 1.75281
      vertex 56.1886 30.7246 1.93935
      vertex 55.5075 30.3605 1.93935
    endloop
  endfacet
  facet normal 0.299929 -0.561072 0.771518
    outer loop
      vertex 55.5945 30.1505 1.75281
      vertex 56.3149 30.5356 1.75281
      vertex 55.5075 30.3605 1.93935
    endloop
  endfacet
  facet normal 0.365093 -0.683023 0.632603
    outer loop
      vertex 56.1886 30.7246 1.93935
      vertex 56.0849 30.8797 2.16666
      vertex 55.4361 30.5329 2.16666
    endloop
  endfacet
  facet normal 0.365097 -0.682964 0.632664
    outer loop
      vertex 55.5075 30.3605 1.93935
      vertex 56.1886 30.7246 1.93935
      vertex 55.4361 30.5329 2.16666
    endloop
  endfacet
  facet normal 0.416247 -0.778655 0.469505
    outer loop
      vertex 56.0849 30.8797 2.16666
      vertex 56.0079 30.9949 2.42598
      vertex 55.3831 30.6609 2.42598
    endloop
  endfacet
  facet normal 0.416236 -0.778702 0.469437
    outer loop
      vertex 55.4361 30.5329 2.16666
      vertex 56.0849 30.8797 2.16666
      vertex 55.3831 30.6609 2.42598
    endloop
  endfacet
  facet normal 0.45127 -0.84428 0.289044
    outer loop
      vertex 56.0079 30.9949 2.42598
      vertex 55.9605 31.0659 2.70737
      vertex 55.3504 30.7398 2.70737
    endloop
  endfacet
  facet normal 0.451298 -0.844225 0.28916
    outer loop
      vertex 55.3831 30.6609 2.42598
      vertex 56.0079 30.9949 2.42598
      vertex 55.3504 30.7398 2.70737
    endloop
  endfacet
  facet normal 0.46922 -0.877667 0.0976371
    outer loop
      vertex 55.9605 31.0659 2.70737
      vertex 55.9445 31.0899 3
      vertex 55.3394 30.7664 3
    endloop
  endfacet
  facet normal 0.469149 -0.877729 0.0974208
    outer loop
      vertex 55.3504 30.7398 2.70737
      vertex 55.9605 31.0659 2.70737
      vertex 55.3394 30.7664 3
    endloop
  endfacet
  facet normal 0.0285873 -0.094224 0.99514
    outer loop
      vertex 55.9134 29.3806 1.5
      vertex 55.8014 29.651 1.52882
      vertex 54.9184 29.3831 1.52882
    endloop
  endfacet
  facet normal 0.0285872 -0.0942424 0.995139
    outer loop
      vertex 54.9755 29.0961 1.5
      vertex 55.9134 29.3806 1.5
      vertex 54.9184 29.3831 1.52882
    endloop
  endfacet
  facet normal 0.0846453 -0.279081 0.95653
    outer loop
      vertex 55.8014 29.651 1.52882
      vertex 55.6937 29.9109 1.61418
      vertex 54.8635 29.6591 1.61418
    endloop
  endfacet
  facet normal 0.0846481 -0.279001 0.956553
    outer loop
      vertex 54.9184 29.3831 1.52882
      vertex 55.8014 29.651 1.52882
      vertex 54.8635 29.6591 1.61418
    endloop
  endfacet
  facet normal 0.137368 -0.452834 0.880949
    outer loop
      vertex 55.6937 29.9109 1.61418
      vertex 55.5945 30.1505 1.75281
      vertex 54.8129 29.9134 1.75281
    endloop
  endfacet
  facet normal 0.137363 -0.452895 0.880919
    outer loop
      vertex 54.8635 29.6591 1.61418
      vertex 55.6937 29.9109 1.61418
      vertex 54.8129 29.9134 1.75281
    endloop
  endfacet
  facet normal 0.184702 -0.608808 0.771517
    outer loop
      vertex 55.5945 30.1505 1.75281
      vertex 55.5075 30.3605 1.93935
      vertex 54.7685 30.1363 1.93935
    endloop
  endfacet
  facet normal 0.184696 -0.608849 0.771486
    outer loop
      vertex 54.8129 29.9134 1.75281
      vertex 55.5945 30.1505 1.75281
      vertex 54.7685 30.1363 1.93935
    endloop
  endfacet
  facet normal 0.224845 -0.741061 0.632672
    outer loop
      vertex 55.5075 30.3605 1.93935
      vertex 55.4361 30.5329 2.16666
      vertex 54.7321 30.3193 2.16666
    endloop
  endfacet
  facet normal 0.224836 -0.741095 0.632635
    outer loop
      vertex 54.7685 30.1363 1.93935
      vertex 55.5075 30.3605 1.93935
      vertex 54.7321 30.3193 2.16666
    endloop
  endfacet
  facet normal 0.256232 -0.844967 0.469443
    outer loop
      vertex 55.4361 30.5329 2.16666
      vertex 55.3831 30.6609 2.42598
      vertex 54.7051 30.4553 2.42598
    endloop
  endfacet
  facet normal 0.256314 -0.844781 0.469731
    outer loop
      vertex 54.7321 30.3193 2.16666
      vertex 55.4361 30.5329 2.16666
      vertex 54.7051 30.4553 2.42598
    endloop
  endfacet
  facet normal 0.277865 -0.916069 0.28915
    outer loop
      vertex 55.3831 30.6609 2.42598
      vertex 55.3504 30.7398 2.70737
      vertex 54.6884 30.539 2.70737
    endloop
  endfacet
  facet normal 0.277813 -0.916135 0.288994
    outer loop
      vertex 54.7051 30.4553 2.42598
      vertex 55.3831 30.6609 2.42598
      vertex 54.6884 30.539 2.70737
    endloop
  endfacet
  facet normal 0.288801 -0.952419 0.0974307
    outer loop
      vertex 55.3504 30.7398 2.70737
      vertex 55.3394 30.7664 3
      vertex 54.6828 30.5673 3
    endloop
  endfacet
  facet normal 0.288877 -0.952375 0.0976316
    outer loop
      vertex 54.6884 30.539 2.70737
      vertex 55.3504 30.7398 2.70737
      vertex 54.6828 30.5673 3
    endloop
  endfacet
  facet normal 0.00965785 -0.0980085 0.995139
    outer loop
      vertex 54.9755 29.0961 1.5
      vertex 54.9184 29.3831 1.52882
      vertex 54 29.2926 1.52882
    endloop
  endfacet
  facet normal 0.00965604 -0.0980173 0.995138
    outer loop
      vertex 54.9755 29.0961 1.5
      vertex 54 29.2926 1.52882
      vertex 54 29 1.5
    endloop
  endfacet
  facet normal 0.028595 -0.290151 0.956554
    outer loop
      vertex 54.9184 29.3831 1.52882
      vertex 54.8635 29.6591 1.61418
      vertex 54 29.574 1.61418
    endloop
  endfacet
  facet normal 0.0285927 -0.290161 0.956551
    outer loop
      vertex 54.9184 29.3831 1.52882
      vertex 54 29.574 1.61418
      vertex 54 29.2926 1.52882
    endloop
  endfacet
  facet normal 0.0464096 -0.470991 0.880916
    outer loop
      vertex 54.8635 29.6591 1.61418
      vertex 54.8129 29.9134 1.75281
      vertex 54 29.8333 1.75281
    endloop
  endfacet
  facet normal 0.0464154 -0.470971 0.880927
    outer loop
      vertex 54.8635 29.6591 1.61418
      vertex 54 29.8333 1.75281
      vertex 54 29.574 1.61418
    endloop
  endfacet
  facet normal 0.0622915 -0.633214 0.771466
    outer loop
      vertex 54.8129 29.9134 1.75281
      vertex 54.7685 30.1363 1.93935
      vertex 54 30.0607 1.93935
    endloop
  endfacet
  facet normal 0.0623725 -0.632991 0.771642
    outer loop
      vertex 54.8129 29.9134 1.75281
      vertex 54 30.0607 1.93935
      vertex 54 29.8333 1.75281
    endloop
  endfacet
  facet normal 0.0759035 -0.77072 0.632637
    outer loop
      vertex 54.7685 30.1363 1.93935
      vertex 54.7321 30.3193 2.16666
      vertex 54 30.2472 2.16666
    endloop
  endfacet
  facet normal 0.0758327 -0.770865 0.632468
    outer loop
      vertex 54.7685 30.1363 1.93935
      vertex 54 30.2472 2.16666
      vertex 54 30.0607 1.93935
    endloop
  endfacet
  facet normal 0.0865951 -0.878535 0.469763
    outer loop
      vertex 54.7321 30.3193 2.16666
      vertex 54.7051 30.4553 2.42598
      vertex 54 30.3858 2.42598
    endloop
  endfacet
  facet normal 0.0865305 -0.878627 0.469604
    outer loop
      vertex 54.7321 30.3193 2.16666
      vertex 54 30.3858 2.42598
      vertex 54 30.2472 2.16666
    endloop
  endfacet
  facet normal 0.0938338 -0.952731 0.288961
    outer loop
      vertex 54.7051 30.4553 2.42598
      vertex 54.6884 30.539 2.70737
      vertex 54 30.4712 2.70737
    endloop
  endfacet
  facet normal 0.0939027 -0.952673 0.28913
    outer loop
      vertex 54.7051 30.4553 2.42598
      vertex 54 30.4712 2.70737
      vertex 54 30.3858 2.42598
    endloop
  endfacet
  facet normal 0.0976206 -0.990421 0.097651
    outer loop
      vertex 54.6884 30.539 2.70737
      vertex 54.6828 30.5673 3
      vertex 54 30.5 3
    endloop
  endfacet
  facet normal 0.0975482 -0.990446 0.0974775
    outer loop
      vertex 54.6884 30.539 2.70737
      vertex 54 30.5 3
      vertex 54 30.4712 2.70737
    endloop
  endfacet
  facet normal -0.00965872 -0.0980173 0.995138
    outer loop
      vertex 54 29 1.5
      vertex 54 29.2926 1.52882
      vertex 53.0816 29.3831 1.52882
    endloop
  endfacet
  facet normal -0.00965522 -0.098009 0.995139
    outer loop
      vertex 54 29 1.5
      vertex 53.0816 29.3831 1.52882
      vertex 53.0245 29.0961 1.5
    endloop
  endfacet
  facet normal -0.028596 -0.29016 0.956551
    outer loop
      vertex 54 29.2926 1.52882
      vertex 54 29.574 1.61418
      vertex 53.1365 29.6591 1.61418
    endloop
  endfacet
  facet normal -0.0285918 -0.290151 0.956554
    outer loop
      vertex 54 29.2926 1.52882
      vertex 53.1365 29.6591 1.61418
      vertex 53.0816 29.3831 1.52882
    endloop
  endfacet
  facet normal -0.0464077 -0.470971 0.880927
    outer loop
      vertex 54 29.574 1.61418
      vertex 54 29.8333 1.75281
      vertex 53.1871 29.9134 1.75281
    endloop
  endfacet
  facet normal -0.0464172 -0.47099 0.880917
    outer loop
      vertex 54 29.574 1.61418
      vertex 53.1871 29.9134 1.75281
      vertex 53.1365 29.6591 1.61418
    endloop
  endfacet
  facet normal -0.0622699 -0.632995 0.771647
    outer loop
      vertex 54 29.8333 1.75281
      vertex 54 30.0607 1.93935
      vertex 53.2315 30.1363 1.93935
    endloop
  endfacet
  facet normal -0.0623929 -0.633198 0.771471
    outer loop
      vertex 54 29.8333 1.75281
      vertex 53.2315 30.1363 1.93935
      vertex 53.1871 29.9134 1.75281
    endloop
  endfacet
  facet normal -0.0759173 -0.77086 0.632464
    outer loop
      vertex 54 30.0607 1.93935
      vertex 54 30.2472 2.16666
      vertex 53.2679 30.3193 2.16666
    endloop
  endfacet
  facet normal -0.0758195 -0.770732 0.632633
    outer loop
      vertex 54 30.0607 1.93935
      vertex 53.2679 30.3193 2.16666
      vertex 53.2315 30.1363 1.93935
    endloop
  endfacet
  facet normal -0.0866035 -0.878621 0.469601
    outer loop
      vertex 54 30.2472 2.16666
      vertex 54 30.3858 2.42598
      vertex 53.2949 30.4553 2.42598
    endloop
  endfacet
  facet normal -0.0865224 -0.878544 0.46976
    outer loop
      vertex 54 30.2472 2.16666
      vertex 53.2949 30.4553 2.42598
      vertex 53.2679 30.3193 2.16666
    endloop
  endfacet
  facet normal -0.0938287 -0.95268 0.289132
    outer loop
      vertex 54 30.3858 2.42598
      vertex 54 30.4712 2.70737
      vertex 53.3116 30.539 2.70737
    endloop
  endfacet
  facet normal -0.0939076 -0.952723 0.288963
    outer loop
      vertex 54 30.3858 2.42598
      vertex 53.3116 30.539 2.70737
      vertex 53.2949 30.4553 2.42598
    endloop
  endfacet
  facet normal -0.0976223 -0.990438 0.0974768
    outer loop
      vertex 54 30.4712 2.70737
      vertex 54 30.5 3
      vertex 53.3172 30.5673 3
    endloop
  endfacet
  facet normal -0.0975466 -0.990429 0.0976503
    outer loop
      vertex 54 30.4712 2.70737
      vertex 53.3172 30.5673 3
      vertex 53.3116 30.539 2.70737
    endloop
  endfacet
  facet normal -0.0285926 -0.0942413 0.995139
    outer loop
      vertex 53.0245 29.0961 1.5
      vertex 53.0816 29.3831 1.52882
      vertex 52.1986 29.651 1.52882
    endloop
  endfacet
  facet normal -0.0285823 -0.0942261 0.99514
    outer loop
      vertex 53.0245 29.0961 1.5
      vertex 52.1986 29.651 1.52882
      vertex 52.0866 29.3806 1.5
    endloop
  endfacet
  facet normal -0.0846226 -0.279006 0.956554
    outer loop
      vertex 53.0816 29.3831 1.52882
      vertex 53.1365 29.6591 1.61418
      vertex 52.3063 29.9109 1.61418
    endloop
  endfacet
  facet normal -0.0846694 -0.279071 0.95653
    outer loop
      vertex 53.0816 29.3831 1.52882
      vertex 52.3063 29.9109 1.61418
      vertex 52.1986 29.651 1.52882
    endloop
  endfacet
  facet normal -0.137385 -0.45289 0.880918
    outer loop
      vertex 53.1365 29.6591 1.61418
      vertex 53.1871 29.9134 1.75281
      vertex 52.4055 30.1505 1.75281
    endloop
  endfacet
  facet normal -0.137347 -0.452842 0.880948
    outer loop
      vertex 53.1365 29.6591 1.61418
      vertex 52.4055 30.1505 1.75281
      vertex 52.3063 29.9109 1.61418
    endloop
  endfacet
  facet normal -0.184713 -0.608845 0.771485
    outer loop
      vertex 53.1871 29.9134 1.75281
      vertex 53.2315 30.1363 1.93935
      vertex 52.4925 30.3605 1.93935
    endloop
  endfacet
  facet normal -0.184685 -0.608814 0.771516
    outer loop
      vertex 53.1871 29.9134 1.75281
      vertex 52.4925 30.3605 1.93935
      vertex 52.4055 30.1505 1.75281
    endloop
  endfacet
  facet normal -0.224853 -0.74109 0.632635
    outer loop
      vertex 53.2315 30.1363 1.93935
      vertex 53.2679 30.3193 2.16666
      vertex 52.5639 30.5329 2.16666
    endloop
  endfacet
  facet normal -0.224827 -0.741067 0.632671
    outer loop
      vertex 53.2315 30.1363 1.93935
      vertex 52.5639 30.5329 2.16666
      vertex 52.4925 30.3605 1.93935
    endloop
  endfacet
  facet normal -0.256186 -0.844817 0.469737
    outer loop
      vertex 53.2679 30.3193 2.16666
      vertex 53.2949 30.4553 2.42598
      vertex 52.6169 30.6609 2.42598
    endloop
  endfacet
  facet normal -0.256358 -0.844925 0.469449
    outer loop
      vertex 53.2679 30.3193 2.16666
      vertex 52.6169 30.6609 2.42598
      vertex 52.5639 30.5329 2.16666
    endloop
  endfacet
  facet normal -0.277879 -0.916115 0.288992
    outer loop
      vertex 53.2949 30.4553 2.42598
      vertex 53.3116 30.539 2.70737
      vertex 52.6496 30.7398 2.70737
    endloop
  endfacet
  facet normal -0.2778 -0.91609 0.289149
    outer loop
      vertex 53.2949 30.4553 2.42598
      vertex 52.6496 30.7398 2.70737
      vertex 52.6169 30.6609 2.42598
    endloop
  endfacet
  facet normal -0.288795 -0.9524 0.0976324
    outer loop
      vertex 53.3116 30.539 2.70737
      vertex 53.3172 30.5673 3
      vertex 52.6606 30.7664 3
    endloop
  endfacet
  facet normal -0.288883 -0.952394 0.0974315
    outer loop
      vertex 53.3116 30.539 2.70737
      vertex 52.6606 30.7664 3
      vertex 52.6496 30.7398 2.70737
    endloop
  endfacet
  facet normal -0.0464131 -0.0868405 0.99514
    outer loop
      vertex 52.0866 29.3806 1.5
      vertex 52.1986 29.651 1.52882
      vertex 51.3847 30.086 1.52882
    endloop
  endfacet
  facet normal -0.0464251 -0.0868524 0.995139
    outer loop
      vertex 52.0866 29.3806 1.5
      vertex 51.3847 30.086 1.52882
      vertex 51.2221 29.8427 1.5
    endloop
  endfacet
  facet normal -0.137469 -0.257192 0.956533
    outer loop
      vertex 52.1986 29.651 1.52882
      vertex 52.3063 29.9109 1.61418
      vertex 51.5411 30.3199 1.61418
    endloop
  endfacet
  facet normal -0.13745 -0.257174 0.95654
    outer loop
      vertex 52.1986 29.651 1.52882
      vertex 51.5411 30.3199 1.61418
      vertex 51.3847 30.086 1.52882
    endloop
  endfacet
  facet normal -0.223094 -0.417338 0.880942
    outer loop
      vertex 52.3063 29.9109 1.61418
      vertex 52.4055 30.1505 1.75281
      vertex 51.6851 30.5356 1.75281
    endloop
  endfacet
  facet normal -0.223045 -0.417296 0.880974
    outer loop
      vertex 52.3063 29.9109 1.61418
      vertex 51.6851 30.5356 1.75281
      vertex 51.5411 30.3199 1.61418
    endloop
  endfacet
  facet normal -0.299935 -0.56107 0.771518
    outer loop
      vertex 52.4055 30.1505 1.75281
      vertex 52.4925 30.3605 1.93935
      vertex 51.8114 30.7246 1.93935
    endloop
  endfacet
  facet normal -0.299923 -0.561061 0.771528
    outer loop
      vertex 52.4055 30.1505 1.75281
      vertex 51.8114 30.7246 1.93935
      vertex 51.6851 30.5356 1.75281
    endloop
  endfacet
  facet normal -0.365069 -0.682978 0.632666
    outer loop
      vertex 52.4925 30.3605 1.93935
      vertex 52.5639 30.5329 2.16666
      vertex 51.9151 30.8797 2.16666
    endloop
  endfacet
  facet normal -0.36512 -0.683007 0.632605
    outer loop
      vertex 52.4925 30.3605 1.93935
      vertex 51.9151 30.8797 2.16666
      vertex 51.8114 30.7246 1.93935
    endloop
  endfacet
  facet normal -0.416264 -0.778688 0.469436
    outer loop
      vertex 52.5639 30.5329 2.16666
      vertex 52.6169 30.6609 2.42598
      vertex 51.9921 30.9949 2.42598
    endloop
  endfacet
  facet normal -0.416219 -0.778671 0.469504
    outer loop
      vertex 52.5639 30.5329 2.16666
      vertex 51.9921 30.9949 2.42598
      vertex 51.9151 30.8797 2.16666
    endloop
  endfacet
  facet normal -0.451253 -0.844249 0.289162
    outer loop
      vertex 52.6169 30.6609 2.42598
      vertex 52.6496 30.7398 2.70737
      vertex 52.0395 31.0659 2.70737
    endloop
  endfacet
  facet normal -0.451315 -0.844256 0.289045
    outer loop
      vertex 52.6169 30.6609 2.42598
      vertex 52.0395 31.0659 2.70737
      vertex 51.9921 30.9949 2.42598
    endloop
  endfacet
  facet normal -0.46923 -0.877686 0.0974199
    outer loop
      vertex 52.6496 30.7398 2.70737
      vertex 52.6606 30.7664 3
      vertex 52.0555 31.0899 3
    endloop
  endfacet
  facet normal -0.469139 -0.877711 0.0976362
    outer loop
      vertex 52.6496 30.7398 2.70737
      vertex 52.0555 31.0899 3
      vertex 52.0395 31.0659 2.70737
    endloop
  endfacet
  facet normal -0.0624757 -0.0761256 0.995139
    outer loop
      vertex 51.2221 29.8427 1.5
      vertex 51.3847 30.086 1.52882
      vertex 50.6714 30.6714 1.52882
    endloop
  endfacet
  facet normal -0.0624852 -0.0761319 0.995138
    outer loop
      vertex 51.2221 29.8427 1.5
      vertex 50.6714 30.6714 1.52882
      vertex 50.4645 30.4645 1.5
    endloop
  endfacet
  facet normal -0.184993 -0.225386 0.956545
    outer loop
      vertex 51.3847 30.086 1.52882
      vertex 51.5411 30.3199 1.61418
      vertex 50.8704 30.8704 1.61418
    endloop
  endfacet
  facet normal -0.184951 -0.22536 0.956559
    outer loop
      vertex 51.3847 30.086 1.52882
      vertex 50.8704 30.8704 1.61418
      vertex 50.6714 30.6714 1.52882
    endloop
  endfacet
  facet normal -0.300163 -0.365804 0.880959
    outer loop
      vertex 51.5411 30.3199 1.61418
      vertex 51.6851 30.5356 1.75281
      vertex 51.0537 31.0537 1.75281
    endloop
  endfacet
  facet normal -0.300316 -0.365889 0.880872
    outer loop
      vertex 51.5411 30.3199 1.61418
      vertex 51.0537 31.0537 1.75281
      vertex 50.8704 30.8704 1.61418
    endloop
  endfacet
  facet normal -0.403615 -0.49177 0.771529
    outer loop
      vertex 51.6851 30.5356 1.75281
      vertex 51.8114 30.7246 1.93935
      vertex 51.2145 31.2145 1.93935
    endloop
  endfacet
  facet normal -0.403469 -0.491701 0.771649
    outer loop
      vertex 51.6851 30.5356 1.75281
      vertex 51.2145 31.2145 1.93935
      vertex 51.0537 31.0537 1.75281
    endloop
  endfacet
  facet normal -0.491298 -0.598674 0.632625
    outer loop
      vertex 51.8114 30.7246 1.93935
      vertex 51.9151 30.8797 2.16666
      vertex 51.3464 31.3464 2.16666
    endloop
  endfacet
  facet normal -0.491379 -0.598702 0.632536
    outer loop
      vertex 51.8114 30.7246 1.93935
      vertex 51.3464 31.3464 2.16666
      vertex 51.2145 31.2145 1.93935
    endloop
  endfacet
  facet normal -0.560132 -0.682502 0.469514
    outer loop
      vertex 51.9151 30.8797 2.16666
      vertex 51.9921 30.9949 2.42598
      vertex 51.4444 31.4444 2.42598
    endloop
  endfacet
  facet normal -0.560084 -0.682493 0.469584
    outer loop
      vertex 51.9151 30.8797 2.16666
      vertex 51.4444 31.4444 2.42598
      vertex 51.3464 31.3464 2.16666
    endloop
  endfacet
  facet normal -0.607236 -0.740086 0.289026
    outer loop
      vertex 51.9921 30.9949 2.42598
      vertex 52.0395 31.0659 2.70737
      vertex 51.5047 31.5047 2.70737
    endloop
  endfacet
  facet normal -0.607382 -0.740074 0.288751
    outer loop
      vertex 51.9921 30.9949 2.42598
      vertex 51.5047 31.5047 2.70737
      vertex 51.4444 31.4444 2.42598
    endloop
  endfacet
  facet normal -0.631287 -0.769381 0.0976173
    outer loop
      vertex 52.0395 31.0659 2.70737
      vertex 52.0555 31.0899 3
      vertex 51.5251 31.5251 3
    endloop
  endfacet
  facet normal -0.631277 -0.769386 0.0976439
    outer loop
      vertex 52.0395 31.0659 2.70737
      vertex 51.5251 31.5251 3
      vertex 51.5047 31.5047 2.70737
    endloop
  endfacet
  facet normal -0.0761343 -0.0624828 0.995138
    outer loop
      vertex 50.4645 30.4645 1.5
      vertex 50.6714 30.6714 1.52882
      vertex 50.086 31.3847 1.52882
    endloop
  endfacet
  facet normal -0.0761237 -0.0624785 0.995139
    outer loop
      vertex 50.4645 30.4645 1.5
      vertex 50.086 31.3847 1.52882
      vertex 49.8427 31.2221 1.5
    endloop
  endfacet
  facet normal -0.225349 -0.184963 0.95656
    outer loop
      vertex 50.6714 30.6714 1.52882
      vertex 50.8704 30.8704 1.61418
      vertex 50.3199 31.5411 1.61418
    endloop
  endfacet
  facet normal -0.225395 -0.18498 0.956546
    outer loop
      vertex 50.6714 30.6714 1.52882
      vertex 50.3199 31.5411 1.61418
      vertex 50.086 31.3847 1.52882
    endloop
  endfacet
  facet normal -0.365933 -0.300269 0.88087
    outer loop
      vertex 50.8704 30.8704 1.61418
      vertex 51.0537 31.0537 1.75281
      vertex 50.5356 31.6851 1.75281
    endloop
  endfacet
  facet normal -0.365767 -0.300216 0.880957
    outer loop
      vertex 50.8704 30.8704 1.61418
      vertex 50.5356 31.6851 1.75281
      vertex 50.3199 31.5411 1.61418
    endloop
  endfacet
  facet normal -0.491654 -0.40352 0.771652
    outer loop
      vertex 51.0537 31.0537 1.75281
      vertex 51.2145 31.2145 1.93935
      vertex 50.7246 31.8114 1.93935
    endloop
  endfacet
  facet normal -0.491811 -0.403559 0.771533
    outer loop
      vertex 51.0537 31.0537 1.75281
      vertex 50.7246 31.8114 1.93935
      vertex 50.5356 31.6851 1.75281
    endloop
  endfacet
  facet normal -0.598732 -0.491346 0.632534
    outer loop
      vertex 51.2145 31.2145 1.93935
      vertex 51.3464 31.3464 2.16666
      vertex 50.8797 31.9151 2.16666
    endloop
  endfacet
  facet normal -0.598647 -0.491334 0.632623
    outer loop
      vertex 51.2145 31.2145 1.93935
      vertex 50.8797 31.9151 2.16666
      vertex 50.7246 31.8114 1.93935
    endloop
  endfacet
  facet normal -0.682472 -0.560108 0.469585
    outer loop
      vertex 51.3464 31.3464 2.16666
      vertex 51.4444 31.4444 2.42598
      vertex 50.9949 31.9921 2.42598
    endloop
  endfacet
  facet normal -0.682522 -0.560107 0.469515
    outer loop
      vertex 51.3464 31.3464 2.16666
      vertex 50.9949 31.9921 2.42598
      vertex 50.8797 31.9151 2.16666
    endloop
  endfacet
  facet normal -0.740151 -0.60729 0.288748
    outer loop
      vertex 51.4444 31.4444 2.42598
      vertex 51.5047 31.5047 2.70737
      vertex 51.0659 32.0395 2.70737
    endloop
  endfacet
  facet normal -0.740011 -0.60733 0.289023
    outer loop
      vertex 51.4444 31.4444 2.42598
      vertex 51.0659 32.0395 2.70737
      vertex 50.9949 31.9921 2.42598
    endloop
  endfacet
  facet normal -0.769379 -0.631285 0.097644
    outer loop
      vertex 51.5047 31.5047 2.70737
      vertex 51.5251 31.5251 3
      vertex 51.0899 32.0555 3
    endloop
  endfacet
  facet normal -0.769388 -0.631278 0.0976174
    outer loop
      vertex 51.5047 31.5047 2.70737
      vertex 51.0899 32.0555 3
      vertex 51.0659 32.0395 2.70737
    endloop
  endfacet
  facet normal -0.0868552 -0.0464209 0.995139
    outer loop
      vertex 49.8427 31.2221 1.5
      vertex 50.086 31.3847 1.52882
      vertex 49.651 32.1986 1.52882
    endloop
  endfacet
  facet normal -0.0868386 -0.0464177 0.99514
    outer loop
      vertex 49.8427 31.2221 1.5
      vertex 49.651 32.1986 1.52882
      vertex 49.3806 32.0866 1.5
    endloop
  endfacet
  facet normal -0.25717 -0.137457 0.95654
    outer loop
      vertex 50.086 31.3847 1.52882
      vertex 50.3199 31.5411 1.61418
      vertex 49.9109 32.3063 1.61418
    endloop
  endfacet
  facet normal -0.257195 -0.137462 0.956533
    outer loop
      vertex 50.086 31.3847 1.52882
      vertex 49.9109 32.3063 1.61418
      vertex 49.651 32.1986 1.52882
    endloop
  endfacet
  facet normal -0.417284 -0.223065 0.880975
    outer loop
      vertex 50.3199 31.5411 1.61418
      vertex 50.5356 31.6851 1.75281
      vertex 50.1505 32.4055 1.75281
    endloop
  endfacet
  facet normal -0.417347 -0.223072 0.880943
    outer loop
      vertex 50.3199 31.5411 1.61418
      vertex 50.1505 32.4055 1.75281
      vertex 49.9109 32.3063 1.61418
    endloop
  endfacet
  facet normal -0.561058 -0.299928 0.771529
    outer loop
      vertex 50.5356 31.6851 1.75281
      vertex 50.7246 31.8114 1.93935
      vertex 50.3605 32.4925 1.93935
    endloop
  endfacet
  facet normal -0.561072 -0.299929 0.771518
    outer loop
      vertex 50.5356 31.6851 1.75281
      vertex 50.3605 32.4925 1.93935
      vertex 50.1505 32.4055 1.75281
    endloop
  endfacet
  facet normal -0.683023 -0.365093 0.632603
    outer loop
      vertex 50.7246 31.8114 1.93935
      vertex 50.8797 31.9151 2.16666
      vertex 50.5329 32.5639 2.16666
    endloop
  endfacet
  facet normal -0.682964 -0.365097 0.632664
    outer loop
      vertex 50.7246 31.8114 1.93935
      vertex 50.5329 32.5639 2.16666
      vertex 50.3605 32.4925 1.93935
    endloop
  endfacet
  facet normal -0.778655 -0.416247 0.469505
    outer loop
      vertex 50.8797 31.9151 2.16666
      vertex 50.9949 31.9921 2.42598
      vertex 50.6609 32.6169 2.42598
    endloop
  endfacet
  facet normal -0.778702 -0.416236 0.469437
    outer loop
      vertex 50.8797 31.9151 2.16666
      vertex 50.6609 32.6169 2.42598
      vertex 50.5329 32.5639 2.16666
    endloop
  endfacet
  facet normal -0.84428 -0.45127 0.289044
    outer loop
      vertex 50.9949 31.9921 2.42598
      vertex 51.0659 32.0395 2.70737
      vertex 50.7398 32.6496 2.70737
    endloop
  endfacet
  facet normal -0.844225 -0.451298 0.28916
    outer loop
      vertex 50.9949 31.9921 2.42598
      vertex 50.7398 32.6496 2.70737
      vertex 50.6609 32.6169 2.42598
    endloop
  endfacet
  facet normal -0.877667 -0.46922 0.0976371
    outer loop
      vertex 51.0659 32.0395 2.70737
      vertex 51.0899 32.0555 3
      vertex 50.7664 32.6606 3
    endloop
  endfacet
  facet normal -0.877729 -0.469149 0.0974208
    outer loop
      vertex 51.0659 32.0395 2.70737
      vertex 50.7664 32.6606 3
      vertex 50.7398 32.6496 2.70737
    endloop
  endfacet
  facet normal -0.094224 -0.0285873 0.99514
    outer loop
      vertex 49.651 32.1986 1.52882
      vertex 49.3831 33.0816 1.52882
      vertex 49.3806 32.0866 1.5
    endloop
  endfacet
  facet normal -0.0942424 -0.0285872 0.995139
    outer loop
      vertex 49.3806 32.0866 1.5
      vertex 49.3831 33.0816 1.52882
      vertex 49.0961 33.0245 1.5
    endloop
  endfacet
  facet normal -0.279081 -0.0846453 0.95653
    outer loop
      vertex 49.9109 32.3063 1.61418
      vertex 49.6591 33.1365 1.61418
      vertex 49.651 32.1986 1.52882
    endloop
  endfacet
  facet normal -0.279001 -0.0846481 0.956553
    outer loop
      vertex 49.651 32.1986 1.52882
      vertex 49.6591 33.1365 1.61418
      vertex 49.3831 33.0816 1.52882
    endloop
  endfacet
  facet normal -0.452834 -0.137368 0.880949
    outer loop
      vertex 50.1505 32.4055 1.75281
      vertex 49.9134 33.1871 1.75281
      vertex 49.9109 32.3063 1.61418
    endloop
  endfacet
  facet normal -0.452895 -0.137363 0.880919
    outer loop
      vertex 49.9109 32.3063 1.61418
      vertex 49.9134 33.1871 1.75281
      vertex 49.6591 33.1365 1.61418
    endloop
  endfacet
  facet normal -0.608808 -0.184702 0.771517
    outer loop
      vertex 50.1505 32.4055 1.75281
      vertex 50.3605 32.4925 1.93935
      vertex 50.1363 33.2315 1.93935
    endloop
  endfacet
  facet normal -0.608849 -0.184696 0.771486
    outer loop
      vertex 50.1505 32.4055 1.75281
      vertex 50.1363 33.2315 1.93935
      vertex 49.9134 33.1871 1.75281
    endloop
  endfacet
  facet normal -0.741061 -0.224845 0.632672
    outer loop
      vertex 50.3605 32.4925 1.93935
      vertex 50.5329 32.5639 2.16666
      vertex 50.3193 33.2679 2.16666
    endloop
  endfacet
  facet normal -0.741095 -0.224836 0.632635
    outer loop
      vertex 50.3605 32.4925 1.93935
      vertex 50.3193 33.2679 2.16666
      vertex 50.1363 33.2315 1.93935
    endloop
  endfacet
  facet normal -0.844967 -0.256232 0.469443
    outer loop
      vertex 50.5329 32.5639 2.16666
      vertex 50.6609 32.6169 2.42598
      vertex 50.4553 33.2949 2.42598
    endloop
  endfacet
  facet normal -0.844781 -0.256314 0.469731
    outer loop
      vertex 50.5329 32.5639 2.16666
      vertex 50.4553 33.2949 2.42598
      vertex 50.3193 33.2679 2.16666
    endloop
  endfacet
  facet normal -0.916069 -0.277865 0.28915
    outer loop
      vertex 50.6609 32.6169 2.42598
      vertex 50.7398 32.6496 2.70737
      vertex 50.539 33.3116 2.70737
    endloop
  endfacet
  facet normal -0.916135 -0.277813 0.288994
    outer loop
      vertex 50.6609 32.6169 2.42598
      vertex 50.539 33.3116 2.70737
      vertex 50.4553 33.2949 2.42598
    endloop
  endfacet
  facet normal -0.952419 -0.288801 0.0974307
    outer loop
      vertex 50.7398 32.6496 2.70737
      vertex 50.7664 32.6606 3
      vertex 50.5673 33.3172 3
    endloop
  endfacet
  facet normal -0.952375 -0.288877 0.0976316
    outer loop
      vertex 50.7398 32.6496 2.70737
      vertex 50.5673 33.3172 3
      vertex 50.539 33.3116 2.70737
    endloop
  endfacet
  facet normal -0.0980085 -0.00965785 0.995139
    outer loop
      vertex 49.3831 33.0816 1.52882
      vertex 49.2926 34 1.52882
      vertex 49.0961 33.0245 1.5
    endloop
  endfacet
  facet normal -0.0980173 -0.00965604 0.995138
    outer loop
      vertex 49.0961 33.0245 1.5
      vertex 49.2926 34 1.52882
      vertex 49 34 1.5
    endloop
  endfacet
  facet normal -0.290151 -0.028595 0.956554
    outer loop
      vertex 49.6591 33.1365 1.61418
      vertex 49.574 34 1.61418
      vertex 49.3831 33.0816 1.52882
    endloop
  endfacet
  facet normal -0.290161 -0.0285927 0.956551
    outer loop
      vertex 49.3831 33.0816 1.52882
      vertex 49.574 34 1.61418
      vertex 49.2926 34 1.52882
    endloop
  endfacet
  facet normal -0.470991 -0.0464096 0.880916
    outer loop
      vertex 49.9134 33.1871 1.75281
      vertex 49.8333 34 1.75281
      vertex 49.6591 33.1365 1.61418
    endloop
  endfacet
  facet normal -0.470971 -0.0464154 0.880927
    outer loop
      vertex 49.6591 33.1365 1.61418
      vertex 49.8333 34 1.75281
      vertex 49.574 34 1.61418
    endloop
  endfacet
  facet normal -0.633214 -0.0622915 0.771466
    outer loop
      vertex 50.1363 33.2315 1.93935
      vertex 50.0607 34 1.93935
      vertex 49.9134 33.1871 1.75281
    endloop
  endfacet
  facet normal -0.632991 -0.0623725 0.771642
    outer loop
      vertex 49.9134 33.1871 1.75281
      vertex 50.0607 34 1.93935
      vertex 49.8333 34 1.75281
    endloop
  endfacet
  facet normal -0.77072 -0.0759035 0.632637
    outer loop
      vertex 50.3193 33.2679 2.16666
      vertex 50.2472 34 2.16666
      vertex 50.1363 33.2315 1.93935
    endloop
  endfacet
  facet normal -0.770865 -0.0758327 0.632468
    outer loop
      vertex 50.1363 33.2315 1.93935
      vertex 50.2472 34 2.16666
      vertex 50.0607 34 1.93935
    endloop
  endfacet
  facet normal -0.878535 -0.0865951 0.469763
    outer loop
      vertex 50.4553 33.2949 2.42598
      vertex 50.3858 34 2.42598
      vertex 50.3193 33.2679 2.16666
    endloop
  endfacet
  facet normal -0.878627 -0.0865305 0.469604
    outer loop
      vertex 50.3193 33.2679 2.16666
      vertex 50.3858 34 2.42598
      vertex 50.2472 34 2.16666
    endloop
  endfacet
  facet normal -0.952731 -0.0938338 0.288961
    outer loop
      vertex 50.539 33.3116 2.70737
      vertex 50.4712 34 2.70737
      vertex 50.4553 33.2949 2.42598
    endloop
  endfacet
  facet normal -0.952673 -0.0939027 0.28913
    outer loop
      vertex 50.4553 33.2949 2.42598
      vertex 50.4712 34 2.70737
      vertex 50.3858 34 2.42598
    endloop
  endfacet
  facet normal -0.990421 -0.0976206 0.097651
    outer loop
      vertex 50.539 33.3116 2.70737
      vertex 50.5673 33.3172 3
      vertex 50.5 34 3
    endloop
  endfacet
  facet normal -0.990446 -0.0975482 0.0974775
    outer loop
      vertex 50.539 33.3116 2.70737
      vertex 50.5 34 3
      vertex 50.4712 34 2.70737
    endloop
  endfacet
  facet normal -0.0980173 0.00965872 0.995138
    outer loop
      vertex 49.2926 34 1.52882
      vertex 49.3831 34.9184 1.52882
      vertex 49 34 1.5
    endloop
  endfacet
  facet normal -0.098009 0.00965522 0.995139
    outer loop
      vertex 49.3831 34.9184 1.52882
      vertex 49.0961 34.9755 1.5
      vertex 49 34 1.5
    endloop
  endfacet
  facet normal -0.29016 0.028596 0.956551
    outer loop
      vertex 49.574 34 1.61418
      vertex 49.6591 34.8635 1.61418
      vertex 49.2926 34 1.52882
    endloop
  endfacet
  facet normal -0.290151 0.0285918 0.956554
    outer loop
      vertex 49.6591 34.8635 1.61418
      vertex 49.3831 34.9184 1.52882
      vertex 49.2926 34 1.52882
    endloop
  endfacet
  facet normal -0.470971 0.0464077 0.880927
    outer loop
      vertex 49.8333 34 1.75281
      vertex 49.9134 34.8129 1.75281
      vertex 49.574 34 1.61418
    endloop
  endfacet
  facet normal -0.47099 0.0464172 0.880917
    outer loop
      vertex 49.9134 34.8129 1.75281
      vertex 49.6591 34.8635 1.61418
      vertex 49.574 34 1.61418
    endloop
  endfacet
  facet normal -0.632995 0.0622699 0.771647
    outer loop
      vertex 50.0607 34 1.93935
      vertex 50.1363 34.7685 1.93935
      vertex 49.8333 34 1.75281
    endloop
  endfacet
  facet normal -0.633198 0.0623929 0.771471
    outer loop
      vertex 50.1363 34.7685 1.93935
      vertex 49.9134 34.8129 1.75281
      vertex 49.8333 34 1.75281
    endloop
  endfacet
  facet normal -0.77086 0.0759173 0.632464
    outer loop
      vertex 50.2472 34 2.16666
      vertex 50.3193 34.7321 2.16666
      vertex 50.0607 34 1.93935
    endloop
  endfacet
  facet normal -0.770732 0.0758195 0.632633
    outer loop
      vertex 50.3193 34.7321 2.16666
      vertex 50.1363 34.7685 1.93935
      vertex 50.0607 34 1.93935
    endloop
  endfacet
  facet normal -0.878621 0.0866035 0.469601
    outer loop
      vertex 50.3858 34 2.42598
      vertex 50.4553 34.7051 2.42598
      vertex 50.2472 34 2.16666
    endloop
  endfacet
  facet normal -0.878544 0.0865224 0.46976
    outer loop
      vertex 50.4553 34.7051 2.42598
      vertex 50.3193 34.7321 2.16666
      vertex 50.2472 34 2.16666
    endloop
  endfacet
  facet normal -0.95268 0.0938287 0.289132
    outer loop
      vertex 50.4712 34 2.70737
      vertex 50.539 34.6884 2.70737
      vertex 50.3858 34 2.42598
    endloop
  endfacet
  facet normal -0.952723 0.0939076 0.288963
    outer loop
      vertex 50.539 34.6884 2.70737
      vertex 50.4553 34.7051 2.42598
      vertex 50.3858 34 2.42598
    endloop
  endfacet
  facet normal -0.990438 0.0976223 0.0974768
    outer loop
      vertex 50.5 34 3
      vertex 50.5673 34.6828 3
      vertex 50.4712 34 2.70737
    endloop
  endfacet
  facet normal -0.990429 0.0975466 0.0976503
    outer loop
      vertex 50.5673 34.6828 3
      vertex 50.539 34.6884 2.70737
      vertex 50.4712 34 2.70737
    endloop
  endfacet
  facet normal -0.0942413 0.0285926 0.995139
    outer loop
      vertex 49.3831 34.9184 1.52882
      vertex 49.651 35.8014 1.52882
      vertex 49.0961 34.9755 1.5
    endloop
  endfacet
  facet normal -0.0942261 0.0285823 0.99514
    outer loop
      vertex 49.651 35.8014 1.52882
      vertex 49.3806 35.9134 1.5
      vertex 49.0961 34.9755 1.5
    endloop
  endfacet
  facet normal -0.279006 0.0846226 0.956554
    outer loop
      vertex 49.6591 34.8635 1.61418
      vertex 49.9109 35.6937 1.61418
      vertex 49.3831 34.9184 1.52882
    endloop
  endfacet
  facet normal -0.279071 0.0846694 0.95653
    outer loop
      vertex 49.9109 35.6937 1.61418
      vertex 49.651 35.8014 1.52882
      vertex 49.3831 34.9184 1.52882
    endloop
  endfacet
  facet normal -0.45289 0.137385 0.880918
    outer loop
      vertex 49.9134 34.8129 1.75281
      vertex 50.1505 35.5945 1.75281
      vertex 49.6591 34.8635 1.61418
    endloop
  endfacet
  facet normal -0.452842 0.137347 0.880948
    outer loop
      vertex 50.1505 35.5945 1.75281
      vertex 49.9109 35.6937 1.61418
      vertex 49.6591 34.8635 1.61418
    endloop
  endfacet
  facet normal -0.608845 0.184713 0.771485
    outer loop
      vertex 50.1363 34.7685 1.93935
      vertex 50.3605 35.5075 1.93935
      vertex 49.9134 34.8129 1.75281
    endloop
  endfacet
  facet normal -0.608814 0.184685 0.771516
    outer loop
      vertex 50.3605 35.5075 1.93935
      vertex 50.1505 35.5945 1.75281
      vertex 49.9134 34.8129 1.75281
    endloop
  endfacet
  facet normal -0.74109 0.224853 0.632635
    outer loop
      vertex 50.3193 34.7321 2.16666
      vertex 50.5329 35.4361 2.16666
      vertex 50.1363 34.7685 1.93935
    endloop
  endfacet
  facet normal -0.741067 0.224827 0.632671
    outer loop
      vertex 50.5329 35.4361 2.16666
      vertex 50.3605 35.5075 1.93935
      vertex 50.1363 34.7685 1.93935
    endloop
  endfacet
  facet normal -0.844817 0.256186 0.469737
    outer loop
      vertex 50.4553 34.7051 2.42598
      vertex 50.6609 35.3831 2.42598
      vertex 50.3193 34.7321 2.16666
    endloop
  endfacet
  facet normal -0.844925 0.256358 0.469449
    outer loop
      vertex 50.6609 35.3831 2.42598
      vertex 50.5329 35.4361 2.16666
      vertex 50.3193 34.7321 2.16666
    endloop
  endfacet
  facet normal -0.916115 0.277879 0.288992
    outer loop
      vertex 50.539 34.6884 2.70737
      vertex 50.7398 35.3504 2.70737
      vertex 50.4553 34.7051 2.42598
    endloop
  endfacet
  facet normal -0.91609 0.2778 0.289149
    outer loop
      vertex 50.7398 35.3504 2.70737
      vertex 50.6609 35.3831 2.42598
      vertex 50.4553 34.7051 2.42598
    endloop
  endfacet
  facet normal -0.9524 0.288795 0.0976324
    outer loop
      vertex 50.5673 34.6828 3
      vertex 50.7664 35.3394 3
      vertex 50.539 34.6884 2.70737
    endloop
  endfacet
  facet normal -0.952394 0.288883 0.0974315
    outer loop
      vertex 50.7664 35.3394 3
      vertex 50.7398 35.3504 2.70737
      vertex 50.539 34.6884 2.70737
    endloop
  endfacet
  facet normal -0.0868405 0.0464131 0.99514
    outer loop
      vertex 49.651 35.8014 1.52882
      vertex 50.086 36.6153 1.52882
      vertex 49.3806 35.9134 1.5
    endloop
  endfacet
  facet normal -0.0868524 0.0464251 0.995139
    outer loop
      vertex 50.086 36.6153 1.52882
      vertex 49.8427 36.7779 1.5
      vertex 49.3806 35.9134 1.5
    endloop
  endfacet
  facet normal -0.257192 0.137469 0.956533
    outer loop
      vertex 49.9109 35.6937 1.61418
      vertex 50.3199 36.4589 1.61418
      vertex 49.651 35.8014 1.52882
    endloop
  endfacet
  facet normal -0.257174 0.13745 0.95654
    outer loop
      vertex 50.3199 36.4589 1.61418
      vertex 50.086 36.6153 1.52882
      vertex 49.651 35.8014 1.52882
    endloop
  endfacet
  facet normal -0.417338 0.223094 0.880942
    outer loop
      vertex 50.1505 35.5945 1.75281
      vertex 50.5356 36.3149 1.75281
      vertex 49.9109 35.6937 1.61418
    endloop
  endfacet
  facet normal -0.417296 0.223045 0.880974
    outer loop
      vertex 50.5356 36.3149 1.75281
      vertex 50.3199 36.4589 1.61418
      vertex 49.9109 35.6937 1.61418
    endloop
  endfacet
  facet normal -0.56107 0.299935 0.771518
    outer loop
      vertex 50.3605 35.5075 1.93935
      vertex 50.7246 36.1886 1.93935
      vertex 50.1505 35.5945 1.75281
    endloop
  endfacet
  facet normal -0.561061 0.299923 0.771528
    outer loop
      vertex 50.7246 36.1886 1.93935
      vertex 50.5356 36.3149 1.75281
      vertex 50.1505 35.5945 1.75281
    endloop
  endfacet
  facet normal -0.682978 0.365069 0.632666
    outer loop
      vertex 50.5329 35.4361 2.16666
      vertex 50.8797 36.0849 2.16666
      vertex 50.3605 35.5075 1.93935
    endloop
  endfacet
  facet normal -0.683007 0.36512 0.632605
    outer loop
      vertex 50.8797 36.0849 2.16666
      vertex 50.7246 36.1886 1.93935
      vertex 50.3605 35.5075 1.93935
    endloop
  endfacet
  facet normal -0.778688 0.416264 0.469436
    outer loop
      vertex 50.6609 35.3831 2.42598
      vertex 50.9949 36.0079 2.42598
      vertex 50.5329 35.4361 2.16666
    endloop
  endfacet
  facet normal -0.778671 0.416219 0.469504
    outer loop
      vertex 50.9949 36.0079 2.42598
      vertex 50.8797 36.0849 2.16666
      vertex 50.5329 35.4361 2.16666
    endloop
  endfacet
  facet normal -0.844249 0.451253 0.289162
    outer loop
      vertex 50.7398 35.3504 2.70737
      vertex 51.0659 35.9605 2.70737
      vertex 50.6609 35.3831 2.42598
    endloop
  endfacet
  facet normal -0.844256 0.451315 0.289045
    outer loop
      vertex 51.0659 35.9605 2.70737
      vertex 50.9949 36.0079 2.42598
      vertex 50.6609 35.3831 2.42598
    endloop
  endfacet
  facet normal -0.877686 0.46923 0.0974199
    outer loop
      vertex 50.7664 35.3394 3
      vertex 51.0899 35.9445 3
      vertex 50.7398 35.3504 2.70737
    endloop
  endfacet
  facet normal -0.877711 0.469139 0.0976362
    outer loop
      vertex 51.0899 35.9445 3
      vertex 51.0659 35.9605 2.70737
      vertex 50.7398 35.3504 2.70737
    endloop
  endfacet
  facet normal -0.0761256 0.0624757 0.995139
    outer loop
      vertex 50.086 36.6153 1.52882
      vertex 50.6714 37.3286 1.52882
      vertex 49.8427 36.7779 1.5
    endloop
  endfacet
  facet normal -0.0761319 0.0624852 0.995138
    outer loop
      vertex 50.6714 37.3286 1.52882
      vertex 50.4645 37.5355 1.5
      vertex 49.8427 36.7779 1.5
    endloop
  endfacet
  facet normal -0.225386 0.184993 0.956545
    outer loop
      vertex 50.3199 36.4589 1.61418
      vertex 50.8704 37.1296 1.61418
      vertex 50.086 36.6153 1.52882
    endloop
  endfacet
  facet normal -0.22536 0.184951 0.956559
    outer loop
      vertex 50.8704 37.1296 1.61418
      vertex 50.6714 37.3286 1.52882
      vertex 50.086 36.6153 1.52882
    endloop
  endfacet
  facet normal -0.365804 0.300163 0.880959
    outer loop
      vertex 50.5356 36.3149 1.75281
      vertex 51.0537 36.9463 1.75281
      vertex 50.3199 36.4589 1.61418
    endloop
  endfacet
  facet normal -0.365889 0.300316 0.880872
    outer loop
      vertex 51.0537 36.9463 1.75281
      vertex 50.8704 37.1296 1.61418
      vertex 50.3199 36.4589 1.61418
    endloop
  endfacet
  facet normal -0.49177 0.403615 0.771529
    outer loop
      vertex 50.7246 36.1886 1.93935
      vertex 51.2145 36.7855 1.93935
      vertex 50.5356 36.3149 1.75281
    endloop
  endfacet
  facet normal -0.491701 0.403469 0.771649
    outer loop
      vertex 51.2145 36.7855 1.93935
      vertex 51.0537 36.9463 1.75281
      vertex 50.5356 36.3149 1.75281
    endloop
  endfacet
  facet normal -0.598674 0.491298 0.632625
    outer loop
      vertex 50.8797 36.0849 2.16666
      vertex 51.3464 36.6536 2.16666
      vertex 50.7246 36.1886 1.93935
    endloop
  endfacet
  facet normal -0.598702 0.491379 0.632536
    outer loop
      vertex 51.3464 36.6536 2.16666
      vertex 51.2145 36.7855 1.93935
      vertex 50.7246 36.1886 1.93935
    endloop
  endfacet
  facet normal -0.682502 0.560132 0.469514
    outer loop
      vertex 50.9949 36.0079 2.42598
      vertex 51.4444 36.5556 2.42598
      vertex 50.8797 36.0849 2.16666
    endloop
  endfacet
  facet normal -0.682493 0.560084 0.469584
    outer loop
      vertex 51.4444 36.5556 2.42598
      vertex 51.3464 36.6536 2.16666
      vertex 50.8797 36.0849 2.16666
    endloop
  endfacet
  facet normal -0.740086 0.607236 0.289026
    outer loop
      vertex 51.0659 35.9605 2.70737
      vertex 51.5047 36.4953 2.70737
      vertex 50.9949 36.0079 2.42598
    endloop
  endfacet
  facet normal -0.740074 0.607382 0.288751
    outer loop
      vertex 51.5047 36.4953 2.70737
      vertex 51.4444 36.5556 2.42598
      vertex 50.9949 36.0079 2.42598
    endloop
  endfacet
  facet normal -0.769381 0.631287 0.0976173
    outer loop
      vertex 51.0899 35.9445 3
      vertex 51.5251 36.4749 3
      vertex 51.0659 35.9605 2.70737
    endloop
  endfacet
  facet normal -0.769386 0.631277 0.0976439
    outer loop
      vertex 51.5251 36.4749 3
      vertex 51.5047 36.4953 2.70737
      vertex 51.0659 35.9605 2.70737
    endloop
  endfacet
  facet normal -0.0624828 0.0761343 0.995138
    outer loop
      vertex 50.6714 37.3286 1.52882
      vertex 51.3847 37.914 1.52882
      vertex 50.4645 37.5355 1.5
    endloop
  endfacet
  facet normal -0.0624785 0.0761237 0.995139
    outer loop
      vertex 51.3847 37.914 1.52882
      vertex 51.2221 38.1573 1.5
      vertex 50.4645 37.5355 1.5
    endloop
  endfacet
  facet normal -0.184963 0.225349 0.95656
    outer loop
      vertex 50.8704 37.1296 1.61418
      vertex 51.5411 37.6801 1.61418
      vertex 50.6714 37.3286 1.52882
    endloop
  endfacet
  facet normal -0.18498 0.225395 0.956546
    outer loop
      vertex 51.5411 37.6801 1.61418
      vertex 51.3847 37.914 1.52882
      vertex 50.6714 37.3286 1.52882
    endloop
  endfacet
  facet normal -0.300269 0.365933 0.88087
    outer loop
      vertex 51.0537 36.9463 1.75281
      vertex 51.6851 37.4644 1.75281
      vertex 50.8704 37.1296 1.61418
    endloop
  endfacet
  facet normal -0.300216 0.365767 0.880957
    outer loop
      vertex 51.6851 37.4644 1.75281
      vertex 51.5411 37.6801 1.61418
      vertex 50.8704 37.1296 1.61418
    endloop
  endfacet
  facet normal -0.40352 0.491654 0.771652
    outer loop
      vertex 51.2145 36.7855 1.93935
      vertex 51.8114 37.2754 1.93935
      vertex 51.0537 36.9463 1.75281
    endloop
  endfacet
  facet normal -0.403559 0.491811 0.771533
    outer loop
      vertex 51.8114 37.2754 1.93935
      vertex 51.6851 37.4644 1.75281
      vertex 51.0537 36.9463 1.75281
    endloop
  endfacet
  facet normal -0.491346 0.598732 0.632534
    outer loop
      vertex 51.3464 36.6536 2.16666
      vertex 51.9151 37.1203 2.16666
      vertex 51.2145 36.7855 1.93935
    endloop
  endfacet
  facet normal -0.491334 0.598647 0.632623
    outer loop
      vertex 51.9151 37.1203 2.16666
      vertex 51.8114 37.2754 1.93935
      vertex 51.2145 36.7855 1.93935
    endloop
  endfacet
  facet normal -0.560108 0.682472 0.469585
    outer loop
      vertex 51.4444 36.5556 2.42598
      vertex 51.9921 37.0051 2.42598
      vertex 51.3464 36.6536 2.16666
    endloop
  endfacet
  facet normal -0.560107 0.682522 0.469515
    outer loop
      vertex 51.9921 37.0051 2.42598
      vertex 51.9151 37.1203 2.16666
      vertex 51.3464 36.6536 2.16666
    endloop
  endfacet
  facet normal -0.60729 0.740151 0.288748
    outer loop
      vertex 51.5047 36.4953 2.70737
      vertex 52.0395 36.9341 2.70737
      vertex 51.4444 36.5556 2.42598
    endloop
  endfacet
  facet normal -0.60733 0.740011 0.289023
    outer loop
      vertex 52.0395 36.9341 2.70737
      vertex 51.9921 37.0051 2.42598
      vertex 51.4444 36.5556 2.42598
    endloop
  endfacet
  facet normal -0.631285 0.769379 0.097644
    outer loop
      vertex 51.5251 36.4749 3
      vertex 52.0555 36.9101 3
      vertex 51.5047 36.4953 2.70737
    endloop
  endfacet
  facet normal -0.631278 0.769388 0.0976174
    outer loop
      vertex 52.0555 36.9101 3
      vertex 52.0395 36.9341 2.70737
      vertex 51.5047 36.4953 2.70737
    endloop
  endfacet
  facet normal -0.0464209 0.0868552 0.995139
    outer loop
      vertex 51.3847 37.914 1.52882
      vertex 52.1986 38.349 1.52882
      vertex 51.2221 38.1573 1.5
    endloop
  endfacet
  facet normal -0.0464177 0.0868386 0.99514
    outer loop
      vertex 52.1986 38.349 1.52882
      vertex 52.0866 38.6194 1.5
      vertex 51.2221 38.1573 1.5
    endloop
  endfacet
  facet normal -0.137457 0.25717 0.95654
    outer loop
      vertex 51.5411 37.6801 1.61418
      vertex 52.3063 38.0891 1.61418
      vertex 51.3847 37.914 1.52882
    endloop
  endfacet
  facet normal -0.137462 0.257195 0.956533
    outer loop
      vertex 52.3063 38.0891 1.61418
      vertex 52.1986 38.349 1.52882
      vertex 51.3847 37.914 1.52882
    endloop
  endfacet
  facet normal -0.223065 0.417284 0.880975
    outer loop
      vertex 51.6851 37.4644 1.75281
      vertex 52.4055 37.8495 1.75281
      vertex 51.5411 37.6801 1.61418
    endloop
  endfacet
  facet normal -0.223072 0.417347 0.880943
    outer loop
      vertex 52.4055 37.8495 1.75281
      vertex 52.3063 38.0891 1.61418
      vertex 51.5411 37.6801 1.61418
    endloop
  endfacet
  facet normal -0.299928 0.561058 0.771529
    outer loop
      vertex 51.8114 37.2754 1.93935
      vertex 52.4925 37.6395 1.93935
      vertex 51.6851 37.4644 1.75281
    endloop
  endfacet
  facet normal -0.299929 0.561072 0.771518
    outer loop
      vertex 52.4925 37.6395 1.93935
      vertex 52.4055 37.8495 1.75281
      vertex 51.6851 37.4644 1.75281
    endloop
  endfacet
  facet normal -0.365093 0.683023 0.632603
    outer loop
      vertex 51.9151 37.1203 2.16666
      vertex 52.5639 37.4671 2.16666
      vertex 51.8114 37.2754 1.93935
    endloop
  endfacet
  facet normal -0.365097 0.682964 0.632664
    outer loop
      vertex 52.5639 37.4671 2.16666
      vertex 52.4925 37.6395 1.93935
      vertex 51.8114 37.2754 1.93935
    endloop
  endfacet
  facet normal -0.416247 0.778655 0.469505
    outer loop
      vertex 51.9921 37.0051 2.42598
      vertex 52.6169 37.3391 2.42598
      vertex 51.9151 37.1203 2.16666
    endloop
  endfacet
  facet normal -0.416236 0.778702 0.469437
    outer loop
      vertex 52.6169 37.3391 2.42598
      vertex 52.5639 37.4671 2.16666
      vertex 51.9151 37.1203 2.16666
    endloop
  endfacet
  facet normal -0.45127 0.84428 0.289044
    outer loop
      vertex 52.0395 36.9341 2.70737
      vertex 52.6496 37.2602 2.70737
      vertex 51.9921 37.0051 2.42598
    endloop
  endfacet
  facet normal -0.451298 0.844225 0.28916
    outer loop
      vertex 52.6496 37.2602 2.70737
      vertex 52.6169 37.3391 2.42598
      vertex 51.9921 37.0051 2.42598
    endloop
  endfacet
  facet normal -0.46922 0.877667 0.0976371
    outer loop
      vertex 52.0555 36.9101 3
      vertex 52.6606 37.2336 3
      vertex 52.0395 36.9341 2.70737
    endloop
  endfacet
  facet normal -0.469149 0.877729 0.0974208
    outer loop
      vertex 52.6606 37.2336 3
      vertex 52.6496 37.2602 2.70737
      vertex 52.0395 36.9341 2.70737
    endloop
  endfacet
  facet normal -0.0285873 0.094224 0.99514
    outer loop
      vertex 52.1986 38.349 1.52882
      vertex 53.0816 38.6169 1.52882
      vertex 52.0866 38.6194 1.5
    endloop
  endfacet
  facet normal -0.0285872 0.0942424 0.995139
    outer loop
      vertex 53.0816 38.6169 1.52882
      vertex 53.0245 38.9039 1.5
      vertex 52.0866 38.6194 1.5
    endloop
  endfacet
  facet normal -0.0846453 0.279081 0.95653
    outer loop
      vertex 52.3063 38.0891 1.61418
      vertex 53.1365 38.3409 1.61418
      vertex 52.1986 38.349 1.52882
    endloop
  endfacet
  facet normal -0.0846481 0.279001 0.956553
    outer loop
      vertex 53.1365 38.3409 1.61418
      vertex 53.0816 38.6169 1.52882
      vertex 52.1986 38.349 1.52882
    endloop
  endfacet
  facet normal -0.137368 0.452834 0.880949
    outer loop
      vertex 52.4055 37.8495 1.75281
      vertex 53.1871 38.0866 1.75281
      vertex 52.3063 38.0891 1.61418
    endloop
  endfacet
  facet normal -0.137363 0.452895 0.880919
    outer loop
      vertex 53.1871 38.0866 1.75281
      vertex 53.1365 38.3409 1.61418
      vertex 52.3063 38.0891 1.61418
    endloop
  endfacet
  facet normal -0.184702 0.608808 0.771517
    outer loop
      vertex 52.4925 37.6395 1.93935
      vertex 53.2315 37.8637 1.93935
      vertex 52.4055 37.8495 1.75281
    endloop
  endfacet
  facet normal -0.184696 0.608849 0.771486
    outer loop
      vertex 53.2315 37.8637 1.93935
      vertex 53.1871 38.0866 1.75281
      vertex 52.4055 37.8495 1.75281
    endloop
  endfacet
  facet normal -0.224845 0.741061 0.632672
    outer loop
      vertex 52.5639 37.4671 2.16666
      vertex 53.2679 37.6807 2.16666
      vertex 52.4925 37.6395 1.93935
    endloop
  endfacet
  facet normal -0.224836 0.741095 0.632635
    outer loop
      vertex 53.2679 37.6807 2.16666
      vertex 53.2315 37.8637 1.93935
      vertex 52.4925 37.6395 1.93935
    endloop
  endfacet
  facet normal -0.256232 0.844967 0.469443
    outer loop
      vertex 52.6169 37.3391 2.42598
      vertex 53.2949 37.5447 2.42598
      vertex 52.5639 37.4671 2.16666
    endloop
  endfacet
  facet normal -0.256314 0.844781 0.469731
    outer loop
      vertex 53.2949 37.5447 2.42598
      vertex 53.2679 37.6807 2.16666
      vertex 52.5639 37.4671 2.16666
    endloop
  endfacet
  facet normal -0.277865 0.916069 0.28915
    outer loop
      vertex 52.6496 37.2602 2.70737
      vertex 53.3116 37.461 2.70737
      vertex 52.6169 37.3391 2.42598
    endloop
  endfacet
  facet normal -0.277813 0.916135 0.288994
    outer loop
      vertex 53.3116 37.461 2.70737
      vertex 53.2949 37.5447 2.42598
      vertex 52.6169 37.3391 2.42598
    endloop
  endfacet
  facet normal -0.288801 0.952419 0.0974307
    outer loop
      vertex 52.6606 37.2336 3
      vertex 53.3172 37.4327 3
      vertex 52.6496 37.2602 2.70737
    endloop
  endfacet
  facet normal -0.288877 0.952375 0.0976316
    outer loop
      vertex 53.3172 37.4327 3
      vertex 53.3116 37.461 2.70737
      vertex 52.6496 37.2602 2.70737
    endloop
  endfacet
  facet normal -0.00965785 0.0980085 0.995139
    outer loop
      vertex 53.0816 38.6169 1.52882
      vertex 54 38.7074 1.52882
      vertex 53.0245 38.9039 1.5
    endloop
  endfacet
  facet normal -0.00965604 0.0980173 0.995138
    outer loop
      vertex 54 38.7074 1.52882
      vertex 54 39 1.5
      vertex 53.0245 38.9039 1.5
    endloop
  endfacet
  facet normal -0.028595 0.290151 0.956554
    outer loop
      vertex 53.1365 38.3409 1.61418
      vertex 54 38.426 1.61418
      vertex 53.0816 38.6169 1.52882
    endloop
  endfacet
  facet normal -0.0285927 0.290161 0.956551
    outer loop
      vertex 54 38.426 1.61418
      vertex 54 38.7074 1.52882
      vertex 53.0816 38.6169 1.52882
    endloop
  endfacet
  facet normal -0.0464096 0.470991 0.880916
    outer loop
      vertex 53.1871 38.0866 1.75281
      vertex 54 38.1667 1.75281
      vertex 53.1365 38.3409 1.61418
    endloop
  endfacet
  facet normal -0.0464154 0.470971 0.880927
    outer loop
      vertex 54 38.1667 1.75281
      vertex 54 38.426 1.61418
      vertex 53.1365 38.3409 1.61418
    endloop
  endfacet
  facet normal -0.0622915 0.633214 0.771466
    outer loop
      vertex 53.2315 37.8637 1.93935
      vertex 54 37.9393 1.93935
      vertex 53.1871 38.0866 1.75281
    endloop
  endfacet
  facet normal -0.0623725 0.632991 0.771642
    outer loop
      vertex 54 37.9393 1.93935
      vertex 54 38.1667 1.75281
      vertex 53.1871 38.0866 1.75281
    endloop
  endfacet
  facet normal -0.0759035 0.77072 0.632637
    outer loop
      vertex 53.2679 37.6807 2.16666
      vertex 54 37.7528 2.16666
      vertex 53.2315 37.8637 1.93935
    endloop
  endfacet
  facet normal -0.0758327 0.770865 0.632468
    outer loop
      vertex 54 37.7528 2.16666
      vertex 54 37.9393 1.93935
      vertex 53.2315 37.8637 1.93935
    endloop
  endfacet
  facet normal -0.0865951 0.878535 0.469763
    outer loop
      vertex 53.2949 37.5447 2.42598
      vertex 54 37.6142 2.42598
      vertex 53.2679 37.6807 2.16666
    endloop
  endfacet
  facet normal -0.0865305 0.878627 0.469604
    outer loop
      vertex 54 37.6142 2.42598
      vertex 54 37.7528 2.16666
      vertex 53.2679 37.6807 2.16666
    endloop
  endfacet
  facet normal -0.0938338 0.952731 0.288961
    outer loop
      vertex 53.3116 37.461 2.70737
      vertex 54 37.5288 2.70737
      vertex 53.2949 37.5447 2.42598
    endloop
  endfacet
  facet normal -0.0939027 0.952673 0.28913
    outer loop
      vertex 54 37.5288 2.70737
      vertex 54 37.6142 2.42598
      vertex 53.2949 37.5447 2.42598
    endloop
  endfacet
  facet normal -0.0976206 0.990421 0.097651
    outer loop
      vertex 53.3172 37.4327 3
      vertex 54 37.5 3
      vertex 53.3116 37.461 2.70737
    endloop
  endfacet
  facet normal -0.0975482 0.990446 0.0974775
    outer loop
      vertex 54 37.5 3
      vertex 54 37.5288 2.70737
      vertex 53.3116 37.461 2.70737
    endloop
  endfacet
  facet normal 0.00965872 0.0980173 0.995138
    outer loop
      vertex 54.9184 38.6169 1.52882
      vertex 54 39 1.5
      vertex 54 38.7074 1.52882
    endloop
  endfacet
  facet normal 0.00965522 0.098009 0.995139
    outer loop
      vertex 54.9184 38.6169 1.52882
      vertex 54.9755 38.9039 1.5
      vertex 54 39 1.5
    endloop
  endfacet
  facet normal 0.028596 0.29016 0.956551
    outer loop
      vertex 54.8635 38.3409 1.61418
      vertex 54 38.7074 1.52882
      vertex 54 38.426 1.61418
    endloop
  endfacet
  facet normal 0.0285918 0.290151 0.956554
    outer loop
      vertex 54.8635 38.3409 1.61418
      vertex 54.9184 38.6169 1.52882
      vertex 54 38.7074 1.52882
    endloop
  endfacet
  facet normal 0.0464077 0.470971 0.880927
    outer loop
      vertex 54.8129 38.0866 1.75281
      vertex 54 38.426 1.61418
      vertex 54 38.1667 1.75281
    endloop
  endfacet
  facet normal 0.0464172 0.47099 0.880917
    outer loop
      vertex 54.8129 38.0866 1.75281
      vertex 54.8635 38.3409 1.61418
      vertex 54 38.426 1.61418
    endloop
  endfacet
  facet normal 0.0622699 0.632995 0.771647
    outer loop
      vertex 54.7685 37.8637 1.93935
      vertex 54 38.1667 1.75281
      vertex 54 37.9393 1.93935
    endloop
  endfacet
  facet normal 0.0623929 0.633198 0.771471
    outer loop
      vertex 54.7685 37.8637 1.93935
      vertex 54.8129 38.0866 1.75281
      vertex 54 38.1667 1.75281
    endloop
  endfacet
  facet normal 0.0759173 0.77086 0.632464
    outer loop
      vertex 54.7321 37.6807 2.16666
      vertex 54 37.9393 1.93935
      vertex 54 37.7528 2.16666
    endloop
  endfacet
  facet normal 0.0758195 0.770732 0.632633
    outer loop
      vertex 54.7321 37.6807 2.16666
      vertex 54.7685 37.8637 1.93935
      vertex 54 37.9393 1.93935
    endloop
  endfacet
  facet normal 0.0866035 0.878621 0.469601
    outer loop
      vertex 54.7051 37.5447 2.42598
      vertex 54 37.7528 2.16666
      vertex 54 37.6142 2.42598
    endloop
  endfacet
  facet normal 0.0865224 0.878544 0.46976
    outer loop
      vertex 54.7051 37.5447 2.42598
      vertex 54.7321 37.6807 2.16666
      vertex 54 37.7528 2.16666
    endloop
  endfacet
  facet normal 0.0938287 0.95268 0.289132
    outer loop
      vertex 54.6884 37.461 2.70737
      vertex 54 37.6142 2.42598
      vertex 54 37.5288 2.70737
    endloop
  endfacet
  facet normal 0.0939076 0.952723 0.288963
    outer loop
      vertex 54.6884 37.461 2.70737
      vertex 54.7051 37.5447 2.42598
      vertex 54 37.6142 2.42598
    endloop
  endfacet
  facet normal 0.0976223 0.990438 0.0974768
    outer loop
      vertex 54.6828 37.4327 3
      vertex 54 37.5288 2.70737
      vertex 54 37.5 3
    endloop
  endfacet
  facet normal 0.0975466 0.990429 0.0976503
    outer loop
      vertex 54.6828 37.4327 3
      vertex 54.6884 37.461 2.70737
      vertex 54 37.5288 2.70737
    endloop
  endfacet
  facet normal 0.0285926 0.0942413 0.995139
    outer loop
      vertex 55.8014 38.349 1.52882
      vertex 54.9755 38.9039 1.5
      vertex 54.9184 38.6169 1.52882
    endloop
  endfacet
  facet normal 0.0285823 0.0942261 0.99514
    outer loop
      vertex 55.8014 38.349 1.52882
      vertex 55.9134 38.6194 1.5
      vertex 54.9755 38.9039 1.5
    endloop
  endfacet
  facet normal 0.0846226 0.279006 0.956554
    outer loop
      vertex 55.6937 38.0891 1.61418
      vertex 54.9184 38.6169 1.52882
      vertex 54.8635 38.3409 1.61418
    endloop
  endfacet
  facet normal 0.0846694 0.279071 0.95653
    outer loop
      vertex 55.6937 38.0891 1.61418
      vertex 55.8014 38.349 1.52882
      vertex 54.9184 38.6169 1.52882
    endloop
  endfacet
  facet normal 0.137385 0.45289 0.880918
    outer loop
      vertex 55.5945 37.8495 1.75281
      vertex 54.8635 38.3409 1.61418
      vertex 54.8129 38.0866 1.75281
    endloop
  endfacet
  facet normal 0.137347 0.452842 0.880948
    outer loop
      vertex 55.5945 37.8495 1.75281
      vertex 55.6937 38.0891 1.61418
      vertex 54.8635 38.3409 1.61418
    endloop
  endfacet
  facet normal 0.184713 0.608845 0.771485
    outer loop
      vertex 55.5075 37.6395 1.93935
      vertex 54.8129 38.0866 1.75281
      vertex 54.7685 37.8637 1.93935
    endloop
  endfacet
  facet normal 0.184685 0.608814 0.771516
    outer loop
      vertex 55.5075 37.6395 1.93935
      vertex 55.5945 37.8495 1.75281
      vertex 54.8129 38.0866 1.75281
    endloop
  endfacet
  facet normal 0.224853 0.74109 0.632635
    outer loop
      vertex 55.4361 37.4671 2.16666
      vertex 54.7685 37.8637 1.93935
      vertex 54.7321 37.6807 2.16666
    endloop
  endfacet
  facet normal 0.224827 0.741067 0.632671
    outer loop
      vertex 55.4361 37.4671 2.16666
      vertex 55.5075 37.6395 1.93935
      vertex 54.7685 37.8637 1.93935
    endloop
  endfacet
  facet normal 0.256186 0.844817 0.469737
    outer loop
      vertex 55.3831 37.3391 2.42598
      vertex 54.7321 37.6807 2.16666
      vertex 54.7051 37.5447 2.42598
    endloop
  endfacet
  facet normal 0.256358 0.844925 0.469449
    outer loop
      vertex 55.3831 37.3391 2.42598
      vertex 55.4361 37.4671 2.16666
      vertex 54.7321 37.6807 2.16666
    endloop
  endfacet
  facet normal 0.277879 0.916115 0.288992
    outer loop
      vertex 55.3504 37.2602 2.70737
      vertex 54.7051 37.5447 2.42598
      vertex 54.6884 37.461 2.70737
    endloop
  endfacet
  facet normal 0.2778 0.91609 0.289149
    outer loop
      vertex 55.3504 37.2602 2.70737
      vertex 55.3831 37.3391 2.42598
      vertex 54.7051 37.5447 2.42598
    endloop
  endfacet
  facet normal 0.288795 0.9524 0.0976324
    outer loop
      vertex 55.3394 37.2336 3
      vertex 54.6884 37.461 2.70737
      vertex 54.6828 37.4327 3
    endloop
  endfacet
  facet normal 0.288883 0.952394 0.0974315
    outer loop
      vertex 55.3394 37.2336 3
      vertex 55.3504 37.2602 2.70737
      vertex 54.6884 37.461 2.70737
    endloop
  endfacet
  facet normal 0.0464131 0.0868405 0.99514
    outer loop
      vertex 56.6153 37.914 1.52882
      vertex 55.9134 38.6194 1.5
      vertex 55.8014 38.349 1.52882
    endloop
  endfacet
  facet normal 0.0464251 0.0868524 0.995139
    outer loop
      vertex 56.6153 37.914 1.52882
      vertex 56.7779 38.1573 1.5
      vertex 55.9134 38.6194 1.5
    endloop
  endfacet
  facet normal 0.137469 0.257192 0.956533
    outer loop
      vertex 56.4589 37.6801 1.61418
      vertex 55.8014 38.349 1.52882
      vertex 55.6937 38.0891 1.61418
    endloop
  endfacet
  facet normal 0.13745 0.257174 0.95654
    outer loop
      vertex 56.4589 37.6801 1.61418
      vertex 56.6153 37.914 1.52882
      vertex 55.8014 38.349 1.52882
    endloop
  endfacet
  facet normal 0.223094 0.417338 0.880942
    outer loop
      vertex 56.3149 37.4644 1.75281
      vertex 55.6937 38.0891 1.61418
      vertex 55.5945 37.8495 1.75281
    endloop
  endfacet
  facet normal 0.223045 0.417296 0.880974
    outer loop
      vertex 56.3149 37.4644 1.75281
      vertex 56.4589 37.6801 1.61418
      vertex 55.6937 38.0891 1.61418
    endloop
  endfacet
  facet normal 0.299935 0.56107 0.771518
    outer loop
      vertex 56.1886 37.2754 1.93935
      vertex 55.5945 37.8495 1.75281
      vertex 55.5075 37.6395 1.93935
    endloop
  endfacet
  facet normal 0.299923 0.561061 0.771528
    outer loop
      vertex 56.1886 37.2754 1.93935
      vertex 56.3149 37.4644 1.75281
      vertex 55.5945 37.8495 1.75281
    endloop
  endfacet
  facet normal 0.365069 0.682978 0.632666
    outer loop
      vertex 56.0849 37.1203 2.16666
      vertex 55.5075 37.6395 1.93935
      vertex 55.4361 37.4671 2.16666
    endloop
  endfacet
  facet normal 0.36512 0.683007 0.632605
    outer loop
      vertex 56.0849 37.1203 2.16666
      vertex 56.1886 37.2754 1.93935
      vertex 55.5075 37.6395 1.93935
    endloop
  endfacet
  facet normal 0.416264 0.778688 0.469436
    outer loop
      vertex 56.0079 37.0051 2.42598
      vertex 55.4361 37.4671 2.16666
      vertex 55.3831 37.3391 2.42598
    endloop
  endfacet
  facet normal 0.416219 0.778671 0.469504
    outer loop
      vertex 56.0079 37.0051 2.42598
      vertex 56.0849 37.1203 2.16666
      vertex 55.4361 37.4671 2.16666
    endloop
  endfacet
  facet normal 0.451253 0.844249 0.289162
    outer loop
      vertex 55.9605 36.9341 2.70737
      vertex 55.3831 37.3391 2.42598
      vertex 55.3504 37.2602 2.70737
    endloop
  endfacet
  facet normal 0.451315 0.844256 0.289045
    outer loop
      vertex 55.9605 36.9341 2.70737
      vertex 56.0079 37.0051 2.42598
      vertex 55.3831 37.3391 2.42598
    endloop
  endfacet
  facet normal 0.46923 0.877686 0.0974199
    outer loop
      vertex 55.9445 36.9101 3
      vertex 55.3504 37.2602 2.70737
      vertex 55.3394 37.2336 3
    endloop
  endfacet
  facet normal 0.469139 0.877711 0.0976362
    outer loop
      vertex 55.9445 36.9101 3
      vertex 55.9605 36.9341 2.70737
      vertex 55.3504 37.2602 2.70737
    endloop
  endfacet
  facet normal 0.0624757 0.0761256 0.995139
    outer loop
      vertex 57.3286 37.3286 1.52882
      vertex 56.7779 38.1573 1.5
      vertex 56.6153 37.914 1.52882
    endloop
  endfacet
  facet normal 0.0624852 0.0761319 0.995138
    outer loop
      vertex 57.3286 37.3286 1.52882
      vertex 57.5355 37.5355 1.5
      vertex 56.7779 38.1573 1.5
    endloop
  endfacet
  facet normal 0.184993 0.225386 0.956545
    outer loop
      vertex 57.1296 37.1296 1.61418
      vertex 56.6153 37.914 1.52882
      vertex 56.4589 37.6801 1.61418
    endloop
  endfacet
  facet normal 0.184951 0.22536 0.956559
    outer loop
      vertex 57.1296 37.1296 1.61418
      vertex 57.3286 37.3286 1.52882
      vertex 56.6153 37.914 1.52882
    endloop
  endfacet
  facet normal 0.300163 0.365804 0.880959
    outer loop
      vertex 56.9463 36.9463 1.75281
      vertex 56.4589 37.6801 1.61418
      vertex 56.3149 37.4644 1.75281
    endloop
  endfacet
  facet normal 0.300316 0.365889 0.880872
    outer loop
      vertex 56.9463 36.9463 1.75281
      vertex 57.1296 37.1296 1.61418
      vertex 56.4589 37.6801 1.61418
    endloop
  endfacet
  facet normal 0.403615 0.49177 0.771529
    outer loop
      vertex 56.7855 36.7855 1.93935
      vertex 56.3149 37.4644 1.75281
      vertex 56.1886 37.2754 1.93935
    endloop
  endfacet
  facet normal 0.403469 0.491701 0.771649
    outer loop
      vertex 56.7855 36.7855 1.93935
      vertex 56.9463 36.9463 1.75281
      vertex 56.3149 37.4644 1.75281
    endloop
  endfacet
  facet normal 0.491298 0.598674 0.632625
    outer loop
      vertex 56.6536 36.6536 2.16666
      vertex 56.1886 37.2754 1.93935
      vertex 56.0849 37.1203 2.16666
    endloop
  endfacet
  facet normal 0.491379 0.598702 0.632536
    outer loop
      vertex 56.6536 36.6536 2.16666
      vertex 56.7855 36.7855 1.93935
      vertex 56.1886 37.2754 1.93935
    endloop
  endfacet
  facet normal 0.560132 0.682502 0.469514
    outer loop
      vertex 56.5556 36.5556 2.42598
      vertex 56.0849 37.1203 2.16666
      vertex 56.0079 37.0051 2.42598
    endloop
  endfacet
  facet normal 0.560084 0.682493 0.469584
    outer loop
      vertex 56.5556 36.5556 2.42598
      vertex 56.6536 36.6536 2.16666
      vertex 56.0849 37.1203 2.16666
    endloop
  endfacet
  facet normal 0.607236 0.740086 0.289026
    outer loop
      vertex 56.4953 36.4953 2.70737
      vertex 56.0079 37.0051 2.42598
      vertex 55.9605 36.9341 2.70737
    endloop
  endfacet
  facet normal 0.607382 0.740074 0.288751
    outer loop
      vertex 56.4953 36.4953 2.70737
      vertex 56.5556 36.5556 2.42598
      vertex 56.0079 37.0051 2.42598
    endloop
  endfacet
  facet normal 0.631287 0.769381 0.0976173
    outer loop
      vertex 56.4749 36.4749 3
      vertex 55.9605 36.9341 2.70737
      vertex 55.9445 36.9101 3
    endloop
  endfacet
  facet normal 0.631277 0.769386 0.0976439
    outer loop
      vertex 56.4749 36.4749 3
      vertex 56.4953 36.4953 2.70737
      vertex 55.9605 36.9341 2.70737
    endloop
  endfacet
  facet normal 0.0761343 0.0624828 0.995138
    outer loop
      vertex 57.914 36.6153 1.52882
      vertex 57.5355 37.5355 1.5
      vertex 57.3286 37.3286 1.52882
    endloop
  endfacet
  facet normal 0.0761237 0.0624785 0.995139
    outer loop
      vertex 57.914 36.6153 1.52882
      vertex 58.1573 36.7779 1.5
      vertex 57.5355 37.5355 1.5
    endloop
  endfacet
  facet normal 0.225349 0.184963 0.95656
    outer loop
      vertex 57.6801 36.4589 1.61418
      vertex 57.3286 37.3286 1.52882
      vertex 57.1296 37.1296 1.61418
    endloop
  endfacet
  facet normal 0.225395 0.18498 0.956546
    outer loop
      vertex 57.6801 36.4589 1.61418
      vertex 57.914 36.6153 1.52882
      vertex 57.3286 37.3286 1.52882
    endloop
  endfacet
  facet normal 0.365933 0.300269 0.88087
    outer loop
      vertex 57.4644 36.3149 1.75281
      vertex 57.1296 37.1296 1.61418
      vertex 56.9463 36.9463 1.75281
    endloop
  endfacet
  facet normal 0.365767 0.300216 0.880957
    outer loop
      vertex 57.4644 36.3149 1.75281
      vertex 57.6801 36.4589 1.61418
      vertex 57.1296 37.1296 1.61418
    endloop
  endfacet
  facet normal 0.491654 0.40352 0.771652
    outer loop
      vertex 57.2754 36.1886 1.93935
      vertex 56.9463 36.9463 1.75281
      vertex 56.7855 36.7855 1.93935
    endloop
  endfacet
  facet normal 0.491811 0.403559 0.771533
    outer loop
      vertex 57.2754 36.1886 1.93935
      vertex 57.4644 36.3149 1.75281
      vertex 56.9463 36.9463 1.75281
    endloop
  endfacet
  facet normal 0.598732 0.491346 0.632534
    outer loop
      vertex 57.1203 36.0849 2.16666
      vertex 56.7855 36.7855 1.93935
      vertex 56.6536 36.6536 2.16666
    endloop
  endfacet
  facet normal 0.598647 0.491334 0.632623
    outer loop
      vertex 57.1203 36.0849 2.16666
      vertex 57.2754 36.1886 1.93935
      vertex 56.7855 36.7855 1.93935
    endloop
  endfacet
  facet normal 0.682472 0.560108 0.469585
    outer loop
      vertex 57.0051 36.0079 2.42598
      vertex 56.6536 36.6536 2.16666
      vertex 56.5556 36.5556 2.42598
    endloop
  endfacet
  facet normal 0.682522 0.560107 0.469515
    outer loop
      vertex 57.0051 36.0079 2.42598
      vertex 57.1203 36.0849 2.16666
      vertex 56.6536 36.6536 2.16666
    endloop
  endfacet
  facet normal 0.740151 0.60729 0.288748
    outer loop
      vertex 56.9341 35.9605 2.70737
      vertex 56.5556 36.5556 2.42598
      vertex 56.4953 36.4953 2.70737
    endloop
  endfacet
  facet normal 0.740011 0.60733 0.289023
    outer loop
      vertex 56.9341 35.9605 2.70737
      vertex 57.0051 36.0079 2.42598
      vertex 56.5556 36.5556 2.42598
    endloop
  endfacet
  facet normal 0.769379 0.631285 0.097644
    outer loop
      vertex 56.9101 35.9445 3
      vertex 56.4953 36.4953 2.70737
      vertex 56.4749 36.4749 3
    endloop
  endfacet
  facet normal 0.769388 0.631278 0.0976174
    outer loop
      vertex 56.9101 35.9445 3
      vertex 56.9341 35.9605 2.70737
      vertex 56.4953 36.4953 2.70737
    endloop
  endfacet
  facet normal 0.0868552 0.0464209 0.995139
    outer loop
      vertex 58.349 35.8014 1.52882
      vertex 58.1573 36.7779 1.5
      vertex 57.914 36.6153 1.52882
    endloop
  endfacet
  facet normal 0.0868386 0.0464177 0.99514
    outer loop
      vertex 58.349 35.8014 1.52882
      vertex 58.6194 35.9134 1.5
      vertex 58.1573 36.7779 1.5
    endloop
  endfacet
  facet normal 0.25717 0.137457 0.95654
    outer loop
      vertex 58.0891 35.6937 1.61418
      vertex 57.914 36.6153 1.52882
      vertex 57.6801 36.4589 1.61418
    endloop
  endfacet
  facet normal 0.257195 0.137462 0.956533
    outer loop
      vertex 58.0891 35.6937 1.61418
      vertex 58.349 35.8014 1.52882
      vertex 57.914 36.6153 1.52882
    endloop
  endfacet
  facet normal 0.417284 0.223065 0.880975
    outer loop
      vertex 57.8495 35.5945 1.75281
      vertex 57.6801 36.4589 1.61418
      vertex 57.4644 36.3149 1.75281
    endloop
  endfacet
  facet normal 0.417347 0.223072 0.880943
    outer loop
      vertex 57.8495 35.5945 1.75281
      vertex 58.0891 35.6937 1.61418
      vertex 57.6801 36.4589 1.61418
    endloop
  endfacet
  facet normal 0.561058 0.299928 0.771529
    outer loop
      vertex 57.6395 35.5075 1.93935
      vertex 57.4644 36.3149 1.75281
      vertex 57.2754 36.1886 1.93935
    endloop
  endfacet
  facet normal 0.561072 0.299929 0.771518
    outer loop
      vertex 57.6395 35.5075 1.93935
      vertex 57.8495 35.5945 1.75281
      vertex 57.4644 36.3149 1.75281
    endloop
  endfacet
  facet normal 0.683023 0.365093 0.632603
    outer loop
      vertex 57.4671 35.4361 2.16666
      vertex 57.2754 36.1886 1.93935
      vertex 57.1203 36.0849 2.16666
    endloop
  endfacet
  facet normal 0.682964 0.365097 0.632664
    outer loop
      vertex 57.4671 35.4361 2.16666
      vertex 57.6395 35.5075 1.93935
      vertex 57.2754 36.1886 1.93935
    endloop
  endfacet
  facet normal 0.778655 0.416247 0.469505
    outer loop
      vertex 57.3391 35.3831 2.42598
      vertex 57.1203 36.0849 2.16666
      vertex 57.0051 36.0079 2.42598
    endloop
  endfacet
  facet normal 0.778702 0.416236 0.469437
    outer loop
      vertex 57.3391 35.3831 2.42598
      vertex 57.4671 35.4361 2.16666
      vertex 57.1203 36.0849 2.16666
    endloop
  endfacet
  facet normal 0.84428 0.45127 0.289044
    outer loop
      vertex 57.2602 35.3504 2.70737
      vertex 57.0051 36.0079 2.42598
      vertex 56.9341 35.9605 2.70737
    endloop
  endfacet
  facet normal 0.844225 0.451298 0.28916
    outer loop
      vertex 57.2602 35.3504 2.70737
      vertex 57.3391 35.3831 2.42598
      vertex 57.0051 36.0079 2.42598
    endloop
  endfacet
  facet normal 0.877667 0.46922 0.0976371
    outer loop
      vertex 57.2336 35.3394 3
      vertex 56.9341 35.9605 2.70737
      vertex 56.9101 35.9445 3
    endloop
  endfacet
  facet normal 0.877729 0.469149 0.0974208
    outer loop
      vertex 57.2336 35.3394 3
      vertex 57.2602 35.3504 2.70737
      vertex 56.9341 35.9605 2.70737
    endloop
  endfacet
  facet normal 0.094224 0.0285873 0.99514
    outer loop
      vertex 58.6169 34.9184 1.52882
      vertex 58.6194 35.9134 1.5
      vertex 58.349 35.8014 1.52882
    endloop
  endfacet
  facet normal 0.0942424 0.0285872 0.995139
    outer loop
      vertex 58.9039 34.9755 1.5
      vertex 58.6194 35.9134 1.5
      vertex 58.6169 34.9184 1.52882
    endloop
  endfacet
  facet normal 0.279081 0.0846453 0.95653
    outer loop
      vertex 58.3409 34.8635 1.61418
      vertex 58.349 35.8014 1.52882
      vertex 58.0891 35.6937 1.61418
    endloop
  endfacet
  facet normal 0.279001 0.0846481 0.956553
    outer loop
      vertex 58.6169 34.9184 1.52882
      vertex 58.349 35.8014 1.52882
      vertex 58.3409 34.8635 1.61418
    endloop
  endfacet
  facet normal 0.452834 0.137368 0.880949
    outer loop
      vertex 58.0866 34.8129 1.75281
      vertex 58.0891 35.6937 1.61418
      vertex 57.8495 35.5945 1.75281
    endloop
  endfacet
  facet normal 0.452895 0.137363 0.880919
    outer loop
      vertex 58.3409 34.8635 1.61418
      vertex 58.0891 35.6937 1.61418
      vertex 58.0866 34.8129 1.75281
    endloop
  endfacet
  facet normal 0.608808 0.184702 0.771517
    outer loop
      vertex 57.8637 34.7685 1.93935
      vertex 57.8495 35.5945 1.75281
      vertex 57.6395 35.5075 1.93935
    endloop
  endfacet
  facet normal 0.608849 0.184696 0.771486
    outer loop
      vertex 57.8637 34.7685 1.93935
      vertex 58.0866 34.8129 1.75281
      vertex 57.8495 35.5945 1.75281
    endloop
  endfacet
  facet normal 0.741061 0.224845 0.632672
    outer loop
      vertex 57.6807 34.7321 2.16666
      vertex 57.6395 35.5075 1.93935
      vertex 57.4671 35.4361 2.16666
    endloop
  endfacet
  facet normal 0.741095 0.224836 0.632635
    outer loop
      vertex 57.6807 34.7321 2.16666
      vertex 57.8637 34.7685 1.93935
      vertex 57.6395 35.5075 1.93935
    endloop
  endfacet
  facet normal 0.844967 0.256232 0.469443
    outer loop
      vertex 57.5447 34.7051 2.42598
      vertex 57.4671 35.4361 2.16666
      vertex 57.3391 35.3831 2.42598
    endloop
  endfacet
  facet normal 0.844781 0.256314 0.469731
    outer loop
      vertex 57.5447 34.7051 2.42598
      vertex 57.6807 34.7321 2.16666
      vertex 57.4671 35.4361 2.16666
    endloop
  endfacet
  facet normal 0.916069 0.277865 0.28915
    outer loop
      vertex 57.461 34.6884 2.70737
      vertex 57.3391 35.3831 2.42598
      vertex 57.2602 35.3504 2.70737
    endloop
  endfacet
  facet normal 0.916135 0.277813 0.288994
    outer loop
      vertex 57.461 34.6884 2.70737
      vertex 57.5447 34.7051 2.42598
      vertex 57.3391 35.3831 2.42598
    endloop
  endfacet
  facet normal 0.952419 0.288801 0.0974307
    outer loop
      vertex 57.4327 34.6828 3
      vertex 57.2602 35.3504 2.70737
      vertex 57.2336 35.3394 3
    endloop
  endfacet
  facet normal 0.952375 0.288877 0.0976316
    outer loop
      vertex 57.4327 34.6828 3
      vertex 57.461 34.6884 2.70737
      vertex 57.2602 35.3504 2.70737
    endloop
  endfacet
  facet normal 0.0980085 0.00965785 0.995139
    outer loop
      vertex 58.7074 34 1.52882
      vertex 58.9039 34.9755 1.5
      vertex 58.6169 34.9184 1.52882
    endloop
  endfacet
  facet normal 0.0980173 0.00965604 0.995138
    outer loop
      vertex 59 34 1.5
      vertex 58.9039 34.9755 1.5
      vertex 58.7074 34 1.52882
    endloop
  endfacet
  facet normal 0.290151 0.028595 0.956554
    outer loop
      vertex 58.426 34 1.61418
      vertex 58.6169 34.9184 1.52882
      vertex 58.3409 34.8635 1.61418
    endloop
  endfacet
  facet normal 0.290161 0.0285927 0.956551
    outer loop
      vertex 58.7074 34 1.52882
      vertex 58.6169 34.9184 1.52882
      vertex 58.426 34 1.61418
    endloop
  endfacet
  facet normal 0.470991 0.0464096 0.880916
    outer loop
      vertex 58.1667 34 1.75281
      vertex 58.3409 34.8635 1.61418
      vertex 58.0866 34.8129 1.75281
    endloop
  endfacet
  facet normal 0.470971 0.0464154 0.880927
    outer loop
      vertex 58.426 34 1.61418
      vertex 58.3409 34.8635 1.61418
      vertex 58.1667 34 1.75281
    endloop
  endfacet
  facet normal 0.633214 0.0622915 0.771466
    outer loop
      vertex 57.9393 34 1.93935
      vertex 58.0866 34.8129 1.75281
      vertex 57.8637 34.7685 1.93935
    endloop
  endfacet
  facet normal 0.632991 0.0623725 0.771642
    outer loop
      vertex 58.1667 34 1.75281
      vertex 58.0866 34.8129 1.75281
      vertex 57.9393 34 1.93935
    endloop
  endfacet
  facet normal 0.77072 0.0759035 0.632637
    outer loop
      vertex 57.7528 34 2.16666
      vertex 57.8637 34.7685 1.93935
      vertex 57.6807 34.7321 2.16666
    endloop
  endfacet
  facet normal 0.770865 0.0758327 0.632468
    outer loop
      vertex 57.9393 34 1.93935
      vertex 57.8637 34.7685 1.93935
      vertex 57.7528 34 2.16666
    endloop
  endfacet
  facet normal 0.878535 0.0865951 0.469763
    outer loop
      vertex 57.6142 34 2.42598
      vertex 57.6807 34.7321 2.16666
      vertex 57.5447 34.7051 2.42598
    endloop
  endfacet
  facet normal 0.878627 0.0865305 0.469604
    outer loop
      vertex 57.7528 34 2.16666
      vertex 57.6807 34.7321 2.16666
      vertex 57.6142 34 2.42598
    endloop
  endfacet
  facet normal 0.952731 0.0938338 0.288961
    outer loop
      vertex 57.5288 34 2.70737
      vertex 57.5447 34.7051 2.42598
      vertex 57.461 34.6884 2.70737
    endloop
  endfacet
  facet normal 0.952673 0.0939027 0.28913
    outer loop
      vertex 57.6142 34 2.42598
      vertex 57.5447 34.7051 2.42598
      vertex 57.5288 34 2.70737
    endloop
  endfacet
  facet normal 0.990421 0.0976206 0.097651
    outer loop
      vertex 57.5 34 3
      vertex 57.461 34.6884 2.70737
      vertex 57.4327 34.6828 3
    endloop
  endfacet
  facet normal 0.990446 0.0975482 0.0974775
    outer loop
      vertex 57.5 34 3
      vertex 57.5288 34 2.70737
      vertex 57.461 34.6884 2.70737
    endloop
  endfacet
  facet normal -0.262831 0.491489 0.830276
    outer loop
      vertex 53.7835 34.5226 9.5583
      vertex 53.5771 34.633 9.42761
      vertex 53.6857 34.4703 9.5583
    endloop
  endfacet
  facet normal -0.151588 -0.124314 0.980595
    outer loop
      vertex 53.9168 33.9168 9.69422
      vertex 53.7104 33.8065 9.64833
      vertex 53.7537 33.7537 9.64833
    endloop
  endfacet
  facet normal 0.976267 0.0959507 0.194156
    outer loop
      vertex 55.1713 34.233 8.61762
      vertex 55.1263 34.224 8.84834
      vertex 55.1942 34 8.61762
    endloop
  endfacet
  facet normal -0.382339 -0.0376717 0.923254
    outer loop
      vertex 53.6517 34 9.64833
      vertex 53.4343 34 9.5583
      vertex 53.6584 33.932 9.64833
    endloop
  endfacet
  facet normal -0.338844 -0.181202 0.923228
    outer loop
      vertex 53.7104 33.8065 9.64833
      vertex 53.4774 33.7835 9.5583
      vertex 53.5297 33.6857 9.5583
    endloop
  endfacet
  facet normal 0.865205 -0.462227 0.194338
    outer loop
      vertex 55.0609 33.5606 8.84834
      vertex 54.9548 33.362 8.84834
      vertex 54.993 33.3365 8.61762
    endloop
  endfacet
  facet normal 0.554771 0.0549167 0.830189
    outer loop
      vertex 54.7466 34.1485 9.42761
      vertex 54.5548 34.1104 9.5583
      vertex 54.7613 34 9.42761
    endloop
  endfacet
  facet normal 0.367733 0.111502 0.923223
    outer loop
      vertex 54.5226 34.2165 9.5583
      vertex 54.3218 34.1333 9.64833
      vertex 54.3416 34.068 9.64833
    endloop
  endfacet
  facet normal -0.462227 0.865205 0.194338
    outer loop
      vertex 53.5606 35.0609 8.84834
      vertex 53.3365 34.993 8.61762
      vertex 53.362 34.9548 8.84834
    endloop
  endfacet
  facet normal 0.882057 0.471142 0
    outer loop
      vertex 55.1033 34.457 8.61762
      vertex 54.993 34.6635 8.5
      vertex 54.993 34.6635 8.61762
    endloop
  endfacet
  facet normal 0.882057 0.471142 0
    outer loop
      vertex 54.993 34.6635 8.5
      vertex 55.1033 34.457 8.61762
      vertex 55.1033 34.457 8.5
    endloop
  endfacet
  facet normal 0.92013 -0.0904535 0.381024
    outer loop
      vertex 55.0583 34 9.06568
      vertex 55.038 33.7935 9.06568
      vertex 55.1483 34 8.84834
    endloop
  endfacet
  facet normal 0.938657 0.284949 0.194236
    outer loop
      vertex 55.1033 34.457 8.61762
      vertex 55.0609 34.4394 8.84834
      vertex 55.1713 34.233 8.61762
    endloop
  endfacet
  facet normal 0.435626 -0.815412 0.381226
    outer loop
      vertex 54.588 33.1201 9.06568
      vertex 54.4394 32.9391 8.84834
      vertex 54.638 33.0452 8.84834
    endloop
  endfacet
  facet normal 0.037751 -0.382359 0.923242
    outer loop
      vertex 54.068 33.6584 9.64833
      vertex 54 33.4343 9.5583
      vertex 54.1104 33.4452 9.5583
    endloop
  endfacet
  facet normal 0.586463 0.714598 0.381327
    outer loop
      vertex 54.812 34.812 8.84834
      vertex 54.638 34.9548 8.84834
      vertex 54.7483 34.7483 9.06568
    endloop
  endfacet
  facet normal -0.0568821 0.187596 0.980598
    outer loop
      vertex 53.932 34.3416 9.64833
      vertex 53.8667 34.3218 9.64833
      vertex 53.9771 34.1154 9.69422
    endloop
  endfacet
  facet normal 0.0924436 -0.172829 0.980604
    outer loop
      vertex 54.1935 33.7104 9.64833
      vertex 54.0653 33.9022 9.69422
      vertex 54.1333 33.6782 9.64833
    endloop
  endfacet
  facet normal -0.462227 -0.865205 0.194338
    outer loop
      vertex 53.362 33.0452 8.84834
      vertex 53.3365 33.007 8.61762
      vertex 53.5606 32.9391 8.84834
    endloop
  endfacet
  facet normal 0.0904535 -0.92013 0.381024
    outer loop
      vertex 54 32.9417 9.06568
      vertex 54 32.8517 8.84834
      vertex 54.2065 32.962 9.06568
    endloop
  endfacet
  facet normal 0.796721 0.242027 0.553767
    outer loop
      vertex 54.9777 34.405 9.06568
      vertex 54.9098 34.181 9.26127
      vertex 55.038 34.2065 9.06568
    endloop
  endfacet
  facet normal 0.622702 -0.758054 0.193899
    outer loop
      vertex 54.812 33.188 8.84834
      vertex 54.6635 33.007 8.61762
      vertex 54.8444 33.1556 8.61762
    endloop
  endfacet
  facet normal -0.705465 -0.0698339 0.705296
    outer loop
      vertex 53.2387 34 9.42761
      vertex 53.0724 34 9.26127
      vertex 53.2534 33.8515 9.42761
    endloop
  endfacet
  facet normal 0.622305 0.758271 0.194325
    outer loop
      vertex 54.6635 34.993 8.61762
      vertex 54.638 34.9548 8.84834
      vertex 54.812 34.812 8.84834
    endloop
  endfacet
  facet normal 0.554771 -0.0549167 0.830189
    outer loop
      vertex 54.7613 34 9.42761
      vertex 54.5548 33.8896 9.5583
      vertex 54.7466 33.8515 9.42761
    endloop
  endfacet
  facet normal 0.815412 -0.435626 0.381226
    outer loop
      vertex 55.0609 33.5606 8.84834
      vertex 54.8799 33.412 9.06568
      vertex 54.9548 33.362 8.84834
    endloop
  endfacet
  facet normal -0.491706 -0.262667 0.8302
    outer loop
      vertex 53.4774 33.7835 9.5583
      vertex 53.2967 33.7087 9.42761
      vertex 53.367 33.5771 9.42761
    endloop
  endfacet
  facet normal 0.625093 0.33398 0.70549
    outer loop
      vertex 54.7713 34.5154 9.26127
      vertex 54.7033 34.2913 9.42761
      vertex 54.857 34.355 9.26127
    endloop
  endfacet
  facet normal -0.037751 0.382359 0.923242
    outer loop
      vertex 54 34.5657 9.5583
      vertex 53.8896 34.5548 9.5583
      vertex 53.932 34.3416 9.64833
    endloop
  endfacet
  facet normal 0.187596 0.0568821 0.980598
    outer loop
      vertex 54.3218 34.1333 9.64833
      vertex 54.1154 34.0229 9.69422
      vertex 54.3416 34.068 9.64833
    endloop
  endfacet
  facet normal -0.533477 -0.161762 0.830202
    outer loop
      vertex 53.4774 33.7835 9.5583
      vertex 53.2534 33.8515 9.42761
      vertex 53.2967 33.7087 9.42761
    endloop
  endfacet
  facet normal -0.124314 -0.151588 0.980595
    outer loop
      vertex 53.9168 33.9168 9.69422
      vertex 53.7537 33.7537 9.64833
      vertex 53.8065 33.7104 9.64833
    endloop
  endfacet
  facet normal -0.435766 -0.815391 0.381112
    outer loop
      vertex 53.595 33.0223 9.06568
      vertex 53.412 33.1201 9.06568
      vertex 53.5606 32.9391 8.84834
    endloop
  endfacet
  facet normal -0.528595 -0.643567 0.553542
    outer loop
      vertex 53.4846 33.2287 9.26127
      vertex 53.3441 33.3441 9.26127
      vertex 53.412 33.1201 9.06568
    endloop
  endfacet
  facet normal -0.865205 -0.462227 0.194338
    outer loop
      vertex 53.0452 33.362 8.84834
      vertex 52.9391 33.5606 8.84834
      vertex 53.007 33.3365 8.61762
    endloop
  endfacet
  facet normal -0.734517 0.392445 0.553599
    outer loop
      vertex 53.2287 34.5154 9.26127
      vertex 53.0223 34.405 9.06568
      vertex 53.143 34.355 9.26127
    endloop
  endfacet
  facet normal -0.290482 -0.956881 0
    outer loop
      vertex 53.543 32.8967 8.5
      vertex 53.767 32.8287 8.61762
      vertex 53.543 32.8967 8.61762
    endloop
  endfacet
  facet normal -0.290482 -0.956881 -0
    outer loop
      vertex 53.767 32.8287 8.61762
      vertex 53.543 32.8967 8.5
      vertex 53.767 32.8287 8.5
    endloop
  endfacet
  facet normal 0.290482 -0.956881 0
    outer loop
      vertex 54.233 32.8287 8.5
      vertex 54.457 32.8967 8.61762
      vertex 54.233 32.8287 8.61762
    endloop
  endfacet
  facet normal 0.290482 -0.956881 0
    outer loop
      vertex 54.457 32.8967 8.61762
      vertex 54.233 32.8287 8.5
      vertex 54.457 32.8967 8.5
    endloop
  endfacet
  facet normal -0.0959507 -0.976267 0.194156
    outer loop
      vertex 53.776 32.8737 8.84834
      vertex 53.767 32.8287 8.61762
      vertex 54 32.8058 8.61762
    endloop
  endfacet
  facet normal 0.734511 0.392542 0.553538
    outer loop
      vertex 54.8799 34.588 9.06568
      vertex 54.7713 34.5154 9.26127
      vertex 54.9777 34.405 9.06568
    endloop
  endfacet
  facet normal 0.097812 0.995205 -0
    outer loop
      vertex 54.233 35.1713 8.5
      vertex 54 35.1942 8.61762
      vertex 54.233 35.1713 8.61762
    endloop
  endfacet
  facet normal 0.097812 0.995205 0
    outer loop
      vertex 54 35.1942 8.61762
      vertex 54.233 35.1713 8.5
      vertex 54 35.1942 8.5
    endloop
  endfacet
  facet normal -0.0547685 0.55472 0.830233
    outer loop
      vertex 54 34.7613 9.42761
      vertex 53.8896 34.5548 9.5583
      vertex 54 34.5657 9.5583
    endloop
  endfacet
  facet normal 0.678172 -0.205636 0.705547
    outer loop
      vertex 54.7466 33.8515 9.42761
      vertex 54.7033 33.7087 9.42761
      vertex 54.9098 33.819 9.26127
    endloop
  endfacet
  facet normal -0.976267 0.0959507 0.194156
    outer loop
      vertex 52.8287 34.233 8.61762
      vertex 52.8058 34 8.61762
      vertex 52.8737 34.224 8.84834
    endloop
  endfacet
  facet normal 0.205636 0.678172 0.705547
    outer loop
      vertex 54.181 34.9098 9.26127
      vertex 54.1485 34.7466 9.42761
      vertex 54.2913 34.7033 9.42761
    endloop
  endfacet
  facet normal -0.622305 0.758271 0.194325
    outer loop
      vertex 53.3365 34.993 8.61762
      vertex 53.188 34.812 8.84834
      vertex 53.362 34.9548 8.84834
    endloop
  endfacet
  facet normal -0.181239 0.338838 0.923223
    outer loop
      vertex 53.8667 34.3218 9.64833
      vertex 53.7835 34.5226 9.5583
      vertex 53.8065 34.2896 9.64833
    endloop
  endfacet
  facet normal -0.111584 0.367673 0.923237
    outer loop
      vertex 53.8896 34.5548 9.5583
      vertex 53.7835 34.5226 9.5583
      vertex 53.932 34.3416 9.64833
    endloop
  endfacet
  facet normal 0.533477 -0.161762 0.830202
    outer loop
      vertex 54.7466 33.8515 9.42761
      vertex 54.5226 33.7835 9.5583
      vertex 54.7033 33.7087 9.42761
    endloop
  endfacet
  facet normal 0.462167 -0.865253 0.194265
    outer loop
      vertex 54.6635 33.007 8.61762
      vertex 54.4394 32.9391 8.84834
      vertex 54.457 32.8967 8.61762
    endloop
  endfacet
  facet normal 0.528388 -0.643621 0.553677
    outer loop
      vertex 54.6559 33.3441 9.26127
      vertex 54.588 33.1201 9.06568
      vertex 54.7483 33.2517 9.06568
    endloop
  endfacet
  facet normal 0.976261 0.0958828 0.19422
    outer loop
      vertex 55.1942 34 8.61762
      vertex 55.1263 34.224 8.84834
      vertex 55.1483 34 8.84834
    endloop
  endfacet
  facet normal 0.338838 0.181239 0.923223
    outer loop
      vertex 54.5226 34.2165 9.5583
      vertex 54.2896 34.1935 9.64833
      vertex 54.3218 34.1333 9.64833
    endloop
  endfacet
  facet normal 0.195196 0.0187524 0.980585
    outer loop
      vertex 54.3416 34.068 9.64833
      vertex 54.1154 34.0229 9.69422
      vertex 54.1176 34 9.69422
    endloop
  endfacet
  facet normal 0.815391 0.435766 0.381112
    outer loop
      vertex 55.0609 34.4394 8.84834
      vertex 54.8799 34.588 9.06568
      vertex 54.9777 34.405 9.06568
    endloop
  endfacet
  facet normal -0.241819 0.796905 0.553594
    outer loop
      vertex 53.819 34.9098 9.26127
      vertex 53.595 34.9777 9.06568
      vertex 53.645 34.857 9.26127
    endloop
  endfacet
  facet normal -0.938657 0.284949 0.194236
    outer loop
      vertex 52.8967 34.457 8.61762
      vertex 52.8287 34.233 8.61762
      vertex 52.9391 34.4394 8.84834
    endloop
  endfacet
  facet normal -0.1876 -0.0568743 0.980597
    outer loop
      vertex 53.8846 33.9771 9.69422
      vertex 53.6782 33.8667 9.64833
      vertex 53.8913 33.955 9.69422
    endloop
  endfacet
  facet normal -0.172734 -0.0927489 0.980592
    outer loop
      vertex 53.8913 33.955 9.69422
      vertex 53.6782 33.8667 9.64833
      vertex 53.9022 33.9347 9.69422
    endloop
  endfacet
  facet normal 0.181239 0.338838 0.923223
    outer loop
      vertex 54.2165 34.5226 9.5583
      vertex 54.1333 34.3218 9.64833
      vertex 54.1935 34.2896 9.64833
    endloop
  endfacet
  facet normal -0.547773 -0.449915 0.705351
    outer loop
      vertex 53.4617 33.4617 9.42761
      vertex 53.2287 33.4846 9.26127
      vertex 53.3441 33.3441 9.26127
    endloop
  endfacet
  facet normal 0.0924436 0.172829 0.980604
    outer loop
      vertex 54.1333 34.3218 9.64833
      vertex 54.0653 34.0978 9.69422
      vertex 54.1935 34.2896 9.64833
    endloop
  endfacet
  facet normal -0.643567 -0.528595 0.553542
    outer loop
      vertex 53.2287 33.4846 9.26127
      vertex 53.1201 33.412 9.06568
      vertex 53.3441 33.3441 9.26127
    endloop
  endfacet
  facet normal -0.678172 -0.205636 0.705547
    outer loop
      vertex 53.2534 33.8515 9.42761
      vertex 53.0902 33.819 9.26127
      vertex 53.2967 33.7087 9.42761
    endloop
  endfacet
  facet normal -0.268606 -0.884676 0.38105
    outer loop
      vertex 53.7935 32.962 9.06568
      vertex 53.5606 32.9391 8.84834
      vertex 53.776 32.8737 8.84834
    endloop
  endfacet
  facet normal 0.333946 -0.62514 0.705464
    outer loop
      vertex 54.4229 33.367 9.42761
      vertex 54.2913 33.2967 9.42761
      vertex 54.5154 33.2287 9.26127
    endloop
  endfacet
  facet normal -0.634749 -0.772719 0
    outer loop
      vertex 53.1556 33.1556 8.5
      vertex 53.3365 33.007 8.61762
      vertex 53.1556 33.1556 8.61762
    endloop
  endfacet
  facet normal -0.634749 -0.772719 -0
    outer loop
      vertex 53.3365 33.007 8.61762
      vertex 53.1556 33.1556 8.5
      vertex 53.3365 33.007 8.5
    endloop
  endfacet
  facet normal 0.284995 -0.938652 0.194193
    outer loop
      vertex 54.4394 32.9391 8.84834
      vertex 54.224 32.8737 8.84834
      vertex 54.233 32.8287 8.61762
    endloop
  endfacet
  facet normal 0.815412 0.435626 0.381226
    outer loop
      vertex 54.9548 34.638 8.84834
      vertex 54.8799 34.588 9.06568
      vertex 55.0609 34.4394 8.84834
    endloop
  endfacet
  facet normal -0.0958828 0.976261 0.19422
    outer loop
      vertex 54 35.1942 8.61762
      vertex 53.776 35.1263 8.84834
      vertex 54 35.1483 8.84834
    endloop
  endfacet
  facet normal 0.714598 0.586463 0.381327
    outer loop
      vertex 54.812 34.812 8.84834
      vertex 54.7483 34.7483 9.06568
      vertex 54.9548 34.638 8.84834
    endloop
  endfacet
  facet normal -0.956881 -0.290482 0
    outer loop
      vertex 52.8967 33.543 8.5
      vertex 52.8287 33.767 8.61762
      vertex 52.8287 33.767 8.5
    endloop
  endfacet
  facet normal -0.956881 -0.290482 0
    outer loop
      vertex 52.8287 33.767 8.61762
      vertex 52.8967 33.543 8.5
      vertex 52.8967 33.543 8.61762
    endloop
  endfacet
  facet normal -0.882057 -0.471142 0
    outer loop
      vertex 53.007 33.3365 8.5
      vertex 52.8967 33.543 8.61762
      vertex 52.8967 33.543 8.5
    endloop
  endfacet
  facet normal -0.882057 -0.471142 0
    outer loop
      vertex 52.8967 33.543 8.61762
      vertex 53.007 33.3365 8.5
      vertex 53.007 33.3365 8.61762
    endloop
  endfacet
  facet normal -0.865205 0.462227 0.194338
    outer loop
      vertex 53.007 34.6635 8.61762
      vertex 52.9391 34.4394 8.84834
      vertex 53.0452 34.638 8.84834
    endloop
  endfacet
  facet normal -0.435766 0.815391 0.381112
    outer loop
      vertex 53.5606 35.0609 8.84834
      vertex 53.412 34.8799 9.06568
      vertex 53.595 34.9777 9.06568
    endloop
  endfacet
  facet normal -0.333946 0.62514 0.705464
    outer loop
      vertex 53.7087 34.7033 9.42761
      vertex 53.4846 34.7713 9.26127
      vertex 53.5771 34.633 9.42761
    endloop
  endfacet
  facet normal -0.462167 0.865253 0.194265
    outer loop
      vertex 53.543 35.1033 8.61762
      vertex 53.3365 34.993 8.61762
      vertex 53.5606 35.0609 8.84834
    endloop
  endfacet
  facet normal -0.882057 0.471142 0
    outer loop
      vertex 52.8967 34.457 8.5
      vertex 53.007 34.6635 8.61762
      vertex 53.007 34.6635 8.5
    endloop
  endfacet
  facet normal -0.882057 0.471142 0
    outer loop
      vertex 53.007 34.6635 8.61762
      vertex 52.8967 34.457 8.5
      vertex 52.8967 34.457 8.61762
    endloop
  endfacet
  facet normal 0.884676 -0.268606 0.38105
    outer loop
      vertex 55.1263 33.776 8.84834
      vertex 55.038 33.7935 9.06568
      vertex 55.0609 33.5606 8.84834
    endloop
  endfacet
  facet normal 0.865253 0.462167 0.194265
    outer loop
      vertex 55.1033 34.457 8.61762
      vertex 54.993 34.6635 8.61762
      vertex 55.0609 34.4394 8.84834
    endloop
  endfacet
  facet normal 0.828668 0.0814933 0.553777
    outer loop
      vertex 55.038 34.2065 9.06568
      vertex 54.9098 34.181 9.26127
      vertex 54.9276 34 9.26127
    endloop
  endfacet
  facet normal 0.643621 -0.528388 0.553677
    outer loop
      vertex 54.8799 33.412 9.06568
      vertex 54.6559 33.3441 9.26127
      vertex 54.7483 33.2517 9.06568
    endloop
  endfacet
  facet normal 0.938652 -0.284995 0.194193
    outer loop
      vertex 55.1263 33.776 8.84834
      vertex 55.0609 33.5606 8.84834
      vertex 55.1713 33.767 8.61762
    endloop
  endfacet
  facet normal 0.976267 -0.0959507 0.194156
    outer loop
      vertex 55.1942 34 8.61762
      vertex 55.1263 33.776 8.84834
      vertex 55.1713 33.767 8.61762
    endloop
  endfacet
  facet normal 0.449915 -0.547773 0.705351
    outer loop
      vertex 54.5383 33.4617 9.42761
      vertex 54.5154 33.2287 9.26127
      vertex 54.6559 33.3441 9.26127
    endloop
  endfacet
  facet normal 0.0903679 -0.920109 0.381094
    outer loop
      vertex 54.2065 32.962 9.06568
      vertex 54 32.8517 8.84834
      vertex 54.224 32.8737 8.84834
    endloop
  endfacet
  facet normal 0.865253 -0.462167 0.194265
    outer loop
      vertex 55.0609 33.5606 8.84834
      vertex 54.993 33.3365 8.61762
      vertex 55.1033 33.543 8.61762
    endloop
  endfacet
  facet normal 0.195058 -0.019219 0.980603
    outer loop
      vertex 54.3483 34 9.64833
      vertex 54.1176 34 9.69422
      vertex 54.3416 33.932 9.64833
    endloop
  endfacet
  facet normal 0.382339 -0.0376717 0.923254
    outer loop
      vertex 54.3483 34 9.64833
      vertex 54.3416 33.932 9.64833
      vertex 54.5657 34 9.5583
    endloop
  endfacet
  facet normal 0.382359 -0.037751 0.923242
    outer loop
      vertex 54.5657 34 9.5583
      vertex 54.3416 33.932 9.64833
      vertex 54.5548 33.8896 9.5583
    endloop
  endfacet
  facet normal 0.367673 -0.111584 0.923237
    outer loop
      vertex 54.5548 33.8896 9.5583
      vertex 54.3416 33.932 9.64833
      vertex 54.5226 33.7835 9.5583
    endloop
  endfacet
  facet normal 0.734517 0.392445 0.553599
    outer loop
      vertex 54.9777 34.405 9.06568
      vertex 54.7713 34.5154 9.26127
      vertex 54.857 34.355 9.26127
    endloop
  endfacet
  facet normal 0.796905 0.241819 0.553594
    outer loop
      vertex 54.9777 34.405 9.06568
      vertex 54.857 34.355 9.26127
      vertex 54.9098 34.181 9.26127
    endloop
  endfacet
  facet normal -0.338844 0.181202 0.923228
    outer loop
      vertex 53.5297 34.3143 9.5583
      vertex 53.4774 34.2165 9.5583
      vertex 53.7104 34.1935 9.64833
    endloop
  endfacet
  facet normal 0.0814639 0.828685 0.553756
    outer loop
      vertex 54 35.0583 9.06568
      vertex 54 34.9276 9.26127
      vertex 54.2065 35.038 9.06568
    endloop
  endfacet
  facet normal -0.554771 -0.0549167 0.830189
    outer loop
      vertex 53.4452 33.8896 9.5583
      vertex 53.2387 34 9.42761
      vertex 53.2534 33.8515 9.42761
    endloop
  endfacet
  facet normal -0.382359 0.037751 0.923242
    outer loop
      vertex 53.4452 34.1104 9.5583
      vertex 53.4343 34 9.5583
      vertex 53.6584 34.068 9.64833
    endloop
  endfacet
  facet normal -0.643621 0.528388 0.553677
    outer loop
      vertex 53.2517 34.7483 9.06568
      vertex 53.1201 34.588 9.06568
      vertex 53.3441 34.6559 9.26127
    endloop
  endfacet
  facet normal -0.815412 0.435626 0.381226
    outer loop
      vertex 53.0452 34.638 8.84834
      vertex 52.9391 34.4394 8.84834
      vertex 53.1201 34.588 9.06568
    endloop
  endfacet
  facet normal 0.430884 0.353594 0.830247
    outer loop
      vertex 54.5383 34.5383 9.42761
      vertex 54.4703 34.3143 9.5583
      vertex 54.633 34.4229 9.42761
    endloop
  endfacet
  facet normal 0.353542 0.430989 0.830214
    outer loop
      vertex 54.5383 34.5383 9.42761
      vertex 54.3143 34.4703 9.5583
      vertex 54.4 34.4 9.5583
    endloop
  endfacet
  facet normal 0.29712 -0.243661 0.923227
    outer loop
      vertex 54.2896 33.8065 9.64833
      vertex 54.2463 33.7537 9.64833
      vertex 54.4 33.6 9.5583
    endloop
  endfacet
  facet normal -0.242027 -0.796721 0.553767
    outer loop
      vertex 53.819 33.0902 9.26127
      vertex 53.595 33.0223 9.06568
      vertex 53.7935 32.962 9.06568
    endloop
  endfacet
  facet normal 0.528595 -0.643567 0.553542
    outer loop
      vertex 54.6559 33.3441 9.26127
      vertex 54.5154 33.2287 9.26127
      vertex 54.588 33.1201 9.06568
    endloop
  endfacet
  facet normal 0.16191 -0.533498 0.83016
    outer loop
      vertex 54.2165 33.4774 9.5583
      vertex 54.1104 33.4452 9.5583
      vertex 54.1485 33.2534 9.42761
    endloop
  endfacet
  facet normal -0.195196 0.0187524 0.980585
    outer loop
      vertex 53.8846 34.0229 9.69422
      vertex 53.6584 34.068 9.64833
      vertex 53.8824 34 9.69422
    endloop
  endfacet
  facet normal -0.586463 -0.714598 0.381327
    outer loop
      vertex 53.2517 33.2517 9.06568
      vertex 53.188 33.188 8.84834
      vertex 53.362 33.0452 8.84834
    endloop
  endfacet
  facet normal -0.435626 -0.815412 0.381226
    outer loop
      vertex 53.412 33.1201 9.06568
      vertex 53.362 33.0452 8.84834
      vertex 53.5606 32.9391 8.84834
    endloop
  endfacet
  facet normal -0.33398 0.625093 0.70549
    outer loop
      vertex 53.645 34.857 9.26127
      vertex 53.4846 34.7713 9.26127
      vertex 53.7087 34.7033 9.42761
    endloop
  endfacet
  facet normal -0.865253 -0.462167 0.194265
    outer loop
      vertex 52.9391 33.5606 8.84834
      vertex 52.8967 33.543 8.61762
      vertex 53.007 33.3365 8.61762
    endloop
  endfacet
  facet normal 0.284949 -0.938657 0.194236
    outer loop
      vertex 54.4394 32.9391 8.84834
      vertex 54.233 32.8287 8.61762
      vertex 54.457 32.8967 8.61762
    endloop
  endfacet
  facet normal -0.0958828 -0.976261 0.19422
    outer loop
      vertex 54 32.8517 8.84834
      vertex 53.776 32.8737 8.84834
      vertex 54 32.8058 8.61762
    endloop
  endfacet
  facet normal -0.284949 -0.938657 0.194236
    outer loop
      vertex 53.5606 32.9391 8.84834
      vertex 53.543 32.8967 8.61762
      vertex 53.767 32.8287 8.61762
    endloop
  endfacet
  facet normal 0.995205 -0.097812 0
    outer loop
      vertex 55.1713 33.767 8.61762
      vertex 55.1942 34 8.5
      vertex 55.1942 34 8.61762
    endloop
  endfacet
  facet normal 0.995205 -0.097812 0
    outer loop
      vertex 55.1942 34 8.5
      vertex 55.1713 33.767 8.61762
      vertex 55.1713 33.767 8.5
    endloop
  endfacet
  facet normal 0.462167 0.865253 0.194265
    outer loop
      vertex 54.457 35.1033 8.61762
      vertex 54.4394 35.0609 8.84834
      vertex 54.6635 34.993 8.61762
    endloop
  endfacet
  facet normal -0.284995 0.938652 0.194193
    outer loop
      vertex 53.767 35.1713 8.61762
      vertex 53.5606 35.0609 8.84834
      vertex 53.776 35.1263 8.84834
    endloop
  endfacet
  facet normal -0.533477 0.161762 0.830202
    outer loop
      vertex 53.2967 34.2913 9.42761
      vertex 53.2534 34.1485 9.42761
      vertex 53.4774 34.2165 9.5583
    endloop
  endfacet
  facet normal -0.0959507 0.976267 0.194156
    outer loop
      vertex 54 35.1942 8.61762
      vertex 53.767 35.1713 8.61762
      vertex 53.776 35.1263 8.84834
    endloop
  endfacet
  facet normal 0.435626 0.815412 0.381226
    outer loop
      vertex 54.638 34.9548 8.84834
      vertex 54.4394 35.0609 8.84834
      vertex 54.588 34.8799 9.06568
    endloop
  endfacet
  facet normal 0.290482 0.956881 -0
    outer loop
      vertex 54.457 35.1033 8.5
      vertex 54.233 35.1713 8.61762
      vertex 54.457 35.1033 8.61762
    endloop
  endfacet
  facet normal 0.290482 0.956881 0
    outer loop
      vertex 54.233 35.1713 8.61762
      vertex 54.457 35.1033 8.5
      vertex 54.233 35.1713 8.5
    endloop
  endfacet
  facet normal 0.884676 0.268606 0.38105
    outer loop
      vertex 55.0609 34.4394 8.84834
      vertex 55.038 34.2065 9.06568
      vertex 55.1263 34.224 8.84834
    endloop
  endfacet
  facet normal 0.865205 0.462227 0.194338
    outer loop
      vertex 54.993 34.6635 8.61762
      vertex 54.9548 34.638 8.84834
      vertex 55.0609 34.4394 8.84834
    endloop
  endfacet
  facet normal 0.462227 0.865205 0.194338
    outer loop
      vertex 54.6635 34.993 8.61762
      vertex 54.4394 35.0609 8.84834
      vertex 54.638 34.9548 8.84834
    endloop
  endfacet
  facet normal -0.123848 0.151841 0.980615
    outer loop
      vertex 53.9347 34.0978 9.69422
      vertex 53.8065 34.2896 9.64833
      vertex 53.9168 34.0832 9.69422
    endloop
  endfacet
  facet normal -0.938657 -0.284949 0.194236
    outer loop
      vertex 52.9391 33.5606 8.84834
      vertex 52.8287 33.767 8.61762
      vertex 52.8967 33.543 8.61762
    endloop
  endfacet
  facet normal -0.449579 -0.547851 0.705506
    outer loop
      vertex 53.5771 33.367 9.42761
      vertex 53.4617 33.4617 9.42761
      vertex 53.4846 33.2287 9.26127
    endloop
  endfacet
  facet normal -0.758271 0.622305 0.194325
    outer loop
      vertex 53.188 34.812 8.84834
      vertex 53.007 34.6635 8.61762
      vertex 53.0452 34.638 8.84834
    endloop
  endfacet
  facet normal -0.865253 0.462167 0.194265
    outer loop
      vertex 53.007 34.6635 8.61762
      vertex 52.8967 34.457 8.61762
      vertex 52.9391 34.4394 8.84834
    endloop
  endfacet
  facet normal -0.290482 0.956881 0
    outer loop
      vertex 53.767 35.1713 8.5
      vertex 53.543 35.1033 8.61762
      vertex 53.767 35.1713 8.61762
    endloop
  endfacet
  facet normal -0.290482 0.956881 0
    outer loop
      vertex 53.543 35.1033 8.61762
      vertex 53.767 35.1713 8.5
      vertex 53.543 35.1033 8.5
    endloop
  endfacet
  facet normal -0.471142 0.882057 0
    outer loop
      vertex 53.543 35.1033 8.5
      vertex 53.3365 34.993 8.61762
      vertex 53.543 35.1033 8.61762
    endloop
  endfacet
  facet normal -0.471142 0.882057 0
    outer loop
      vertex 53.3365 34.993 8.61762
      vertex 53.543 35.1033 8.5
      vertex 53.3365 34.993 8.5
    endloop
  endfacet
  facet normal -0.938652 0.284995 0.194193
    outer loop
      vertex 52.9391 34.4394 8.84834
      vertex 52.8287 34.233 8.61762
      vertex 52.8737 34.224 8.84834
    endloop
  endfacet
  facet normal -0.92013 0.0904535 0.381024
    outer loop
      vertex 52.962 34.2065 9.06568
      vertex 52.8517 34 8.84834
      vertex 52.9417 34 9.06568
    endloop
  endfacet
  facet normal 0.920109 0.0903679 0.381094
    outer loop
      vertex 55.1263 34.224 8.84834
      vertex 55.038 34.2065 9.06568
      vertex 55.1483 34 8.84834
    endloop
  endfacet
  facet normal 0.678199 -0.205798 0.705474
    outer loop
      vertex 54.9098 33.819 9.26127
      vertex 54.7033 33.7087 9.42761
      vertex 54.857 33.645 9.26127
    endloop
  endfacet
  facet normal 0.547773 -0.449915 0.705351
    outer loop
      vertex 54.7713 33.4846 9.26127
      vertex 54.5383 33.4617 9.42761
      vertex 54.6559 33.3441 9.26127
    endloop
  endfacet
  facet normal 0.884593 0.26872 0.381163
    outer loop
      vertex 55.0609 34.4394 8.84834
      vertex 54.9777 34.405 9.06568
      vertex 55.038 34.2065 9.06568
    endloop
  endfacet
  facet normal 0.828685 -0.0814639 0.553756
    outer loop
      vertex 55.0583 34 9.06568
      vertex 54.9276 34 9.26127
      vertex 55.038 33.7935 9.06568
    endloop
  endfacet
  facet normal 0.938657 -0.284949 0.194236
    outer loop
      vertex 55.1713 33.767 8.61762
      vertex 55.0609 33.5606 8.84834
      vertex 55.1033 33.543 8.61762
    endloop
  endfacet
  facet normal 0.268606 -0.884676 0.38105
    outer loop
      vertex 54.4394 32.9391 8.84834
      vertex 54.2065 32.962 9.06568
      vertex 54.224 32.8737 8.84834
    endloop
  endfacet
  facet normal -0.097812 -0.995205 0
    outer loop
      vertex 53.767 32.8287 8.5
      vertex 54 32.8058 8.61762
      vertex 53.767 32.8287 8.61762
    endloop
  endfacet
  facet normal -0.097812 -0.995205 -0
    outer loop
      vertex 54 32.8058 8.61762
      vertex 53.767 32.8287 8.5
      vertex 54 32.8058 8.5
    endloop
  endfacet
  facet normal 0.533498 0.16191 0.83016
    outer loop
      vertex 54.7466 34.1485 9.42761
      vertex 54.5226 34.2165 9.5583
      vertex 54.5548 34.1104 9.5583
    endloop
  endfacet
  facet normal 0.367673 0.111584 0.923237
    outer loop
      vertex 54.5226 34.2165 9.5583
      vertex 54.3416 34.068 9.64833
      vertex 54.5548 34.1104 9.5583
    endloop
  endfacet
  facet normal 0.382339 0.0376717 0.923254
    outer loop
      vertex 54.5657 34 9.5583
      vertex 54.3416 34.068 9.64833
      vertex 54.3483 34 9.64833
    endloop
  endfacet
  facet normal 0.195058 0.019219 0.980603
    outer loop
      vertex 54.3416 34.068 9.64833
      vertex 54.1176 34 9.69422
      vertex 54.3483 34 9.64833
    endloop
  endfacet
  facet normal 0.705465 -0.0698339 0.705296
    outer loop
      vertex 54.7613 34 9.42761
      vertex 54.7466 33.8515 9.42761
      vertex 54.9276 34 9.26127
    endloop
  endfacet
  facet normal 0.55472 0.0547685 0.830233
    outer loop
      vertex 54.7613 34 9.42761
      vertex 54.5548 34.1104 9.5583
      vertex 54.5657 34 9.5583
    endloop
  endfacet
  facet normal 0.037751 0.382359 0.923242
    outer loop
      vertex 54.1104 34.5548 9.5583
      vertex 54 34.5657 9.5583
      vertex 54.068 34.3416 9.64833
    endloop
  endfacet
  facet normal 0.533477 0.161762 0.830202
    outer loop
      vertex 54.7033 34.2913 9.42761
      vertex 54.5226 34.2165 9.5583
      vertex 54.7466 34.1485 9.42761
    endloop
  endfacet
  facet normal 0.528595 0.643567 0.553542
    outer loop
      vertex 54.588 34.8799 9.06568
      vertex 54.5154 34.7713 9.26127
      vertex 54.6559 34.6559 9.26127
    endloop
  endfacet
  facet normal 0.161762 0.533477 0.830202
    outer loop
      vertex 54.2913 34.7033 9.42761
      vertex 54.1485 34.7466 9.42761
      vertex 54.2165 34.5226 9.5583
    endloop
  endfacet
  facet normal 0.33398 0.625093 0.70549
    outer loop
      vertex 54.355 34.857 9.26127
      vertex 54.2913 34.7033 9.42761
      vertex 54.5154 34.7713 9.26127
    endloop
  endfacet
  facet normal -0.205798 0.678199 0.705474
    outer loop
      vertex 53.819 34.9098 9.26127
      vertex 53.645 34.857 9.26127
      vertex 53.7087 34.7033 9.42761
    endloop
  endfacet
  facet normal -0.382359 -0.037751 0.923242
    outer loop
      vertex 53.6584 33.932 9.64833
      vertex 53.4343 34 9.5583
      vertex 53.4452 33.8896 9.5583
    endloop
  endfacet
  facet normal -0.533498 0.16191 0.83016
    outer loop
      vertex 53.4774 34.2165 9.5583
      vertex 53.2534 34.1485 9.42761
      vertex 53.4452 34.1104 9.5583
    endloop
  endfacet
  facet normal -0.0927489 -0.172734 0.980592
    outer loop
      vertex 53.9347 33.9022 9.69422
      vertex 53.8667 33.6782 9.64833
      vertex 53.955 33.8913 9.69422
    endloop
  endfacet
  facet normal -0.187596 0.0568821 0.980598
    outer loop
      vertex 53.6782 34.1333 9.64833
      vertex 53.6584 34.068 9.64833
      vertex 53.8846 34.0229 9.69422
    endloop
  endfacet
  facet normal -0.884676 -0.268606 0.38105
    outer loop
      vertex 52.962 33.7935 9.06568
      vertex 52.8737 33.776 8.84834
      vertex 52.9391 33.5606 8.84834
    endloop
  endfacet
  facet normal -0.55472 -0.0547685 0.830233
    outer loop
      vertex 53.4343 34 9.5583
      vertex 53.2387 34 9.42761
      vertex 53.4452 33.8896 9.5583
    endloop
  endfacet
  facet normal -0.195058 0.019219 0.980603
    outer loop
      vertex 53.6584 34.068 9.64833
      vertex 53.6517 34 9.64833
      vertex 53.8824 34 9.69422
    endloop
  endfacet
  facet normal -0.0547685 -0.55472 0.830233
    outer loop
      vertex 54 33.4343 9.5583
      vertex 53.8896 33.4452 9.5583
      vertex 54 33.2387 9.42761
    endloop
  endfacet
  facet normal -0.0814933 0.828668 0.553777
    outer loop
      vertex 54 34.9276 9.26127
      vertex 53.7935 35.038 9.06568
      vertex 53.819 34.9098 9.26127
    endloop
  endfacet
  facet normal -0.449579 0.547851 0.705506
    outer loop
      vertex 53.4846 34.7713 9.26127
      vertex 53.4617 34.5383 9.42761
      vertex 53.5771 34.633 9.42761
    endloop
  endfacet
  facet normal 0.705285 -0.0693595 0.705523
    outer loop
      vertex 54.9276 34 9.26127
      vertex 54.7466 33.8515 9.42761
      vertex 54.9098 33.819 9.26127
    endloop
  endfacet
  facet normal 0.33398 -0.625093 0.70549
    outer loop
      vertex 54.5154 33.2287 9.26127
      vertex 54.2913 33.2967 9.42761
      vertex 54.355 33.143 9.26127
    endloop
  endfacet
  facet normal -0.181202 -0.338844 0.923228
    outer loop
      vertex 53.8065 33.7104 9.64833
      vertex 53.6857 33.5297 9.5583
      vertex 53.7835 33.4774 9.5583
    endloop
  endfacet
  facet normal -0.0814639 -0.828685 0.553756
    outer loop
      vertex 54 33.0724 9.26127
      vertex 53.7935 32.962 9.06568
      vertex 54 32.9417 9.06568
    endloop
  endfacet
  facet normal -0.151588 0.124314 0.980595
    outer loop
      vertex 53.7537 34.2463 9.64833
      vertex 53.7104 34.1935 9.64833
      vertex 53.9168 34.0832 9.69422
    endloop
  endfacet
  facet normal -0.195196 -0.0187524 0.980585
    outer loop
      vertex 53.8824 34 9.69422
      vertex 53.6584 33.932 9.64833
      vertex 53.8846 33.9771 9.69422
    endloop
  endfacet
  facet normal -0.62514 -0.333946 0.705464
    outer loop
      vertex 53.2967 33.7087 9.42761
      vertex 53.2287 33.4846 9.26127
      vertex 53.367 33.5771 9.42761
    endloop
  endfacet
  facet normal -0.678199 -0.205798 0.705474
    outer loop
      vertex 53.2967 33.7087 9.42761
      vertex 53.0902 33.819 9.26127
      vertex 53.143 33.645 9.26127
    endloop
  endfacet
  facet normal -0.449915 -0.547773 0.705351
    outer loop
      vertex 53.4617 33.4617 9.42761
      vertex 53.3441 33.3441 9.26127
      vertex 53.4846 33.2287 9.26127
    endloop
  endfacet
  facet normal -0.0903679 -0.920109 0.381094
    outer loop
      vertex 53.7935 32.962 9.06568
      vertex 53.776 32.8737 8.84834
      vertex 54 32.8517 8.84834
    endloop
  endfacet
  facet normal 0.242027 -0.796721 0.553767
    outer loop
      vertex 54.405 33.0223 9.06568
      vertex 54.181 33.0902 9.26127
      vertex 54.2065 32.962 9.06568
    endloop
  endfacet
  facet normal 0.262831 -0.491489 0.830276
    outer loop
      vertex 54.3143 33.5297 9.5583
      vertex 54.2165 33.4774 9.5583
      vertex 54.4229 33.367 9.42761
    endloop
  endfacet
  facet normal 0.0814639 -0.828685 0.553756
    outer loop
      vertex 54 33.0724 9.26127
      vertex 54 32.9417 9.06568
      vertex 54.2065 32.962 9.06568
    endloop
  endfacet
  facet normal 0.0814933 -0.828668 0.553777
    outer loop
      vertex 54.181 33.0902 9.26127
      vertex 54 33.0724 9.26127
      vertex 54.2065 32.962 9.06568
    endloop
  endfacet
  facet normal 0.338844 -0.181202 0.923228
    outer loop
      vertex 54.5226 33.7835 9.5583
      vertex 54.2896 33.8065 9.64833
      vertex 54.4703 33.6857 9.5583
    endloop
  endfacet
  facet normal 0.449579 -0.547851 0.705506
    outer loop
      vertex 54.5383 33.4617 9.42761
      vertex 54.4229 33.367 9.42761
      vertex 54.5154 33.2287 9.26127
    endloop
  endfacet
  facet normal -0.772719 -0.634749 0
    outer loop
      vertex 53.1556 33.1556 8.5
      vertex 53.007 33.3365 8.61762
      vertex 53.007 33.3365 8.5
    endloop
  endfacet
  facet normal -0.772719 -0.634749 0
    outer loop
      vertex 53.007 33.3365 8.61762
      vertex 53.1556 33.1556 8.5
      vertex 53.1556 33.1556 8.61762
    endloop
  endfacet
  facet normal -0.471142 -0.882057 0
    outer loop
      vertex 53.3365 33.007 8.5
      vertex 53.543 32.8967 8.61762
      vertex 53.3365 33.007 8.61762
    endloop
  endfacet
  facet normal -0.471142 -0.882057 -0
    outer loop
      vertex 53.543 32.8967 8.61762
      vertex 53.3365 33.007 8.5
      vertex 53.543 32.8967 8.5
    endloop
  endfacet
  facet normal -0.262667 -0.491706 0.8302
    outer loop
      vertex 53.7835 33.4774 9.5583
      vertex 53.5771 33.367 9.42761
      vertex 53.7087 33.2967 9.42761
    endloop
  endfacet
  facet normal -0.586612 -0.714544 0.3812
    outer loop
      vertex 53.412 33.1201 9.06568
      vertex 53.2517 33.2517 9.06568
      vertex 53.362 33.0452 8.84834
    endloop
  endfacet
  facet normal -0.705465 0.0698339 0.705296
    outer loop
      vertex 53.2534 34.1485 9.42761
      vertex 53.0724 34 9.26127
      vertex 53.2387 34 9.42761
    endloop
  endfacet
  facet normal -0.938652 -0.284995 0.194193
    outer loop
      vertex 52.8737 33.776 8.84834
      vertex 52.8287 33.767 8.61762
      vertex 52.9391 33.5606 8.84834
    endloop
  endfacet
  facet normal -0.796721 -0.242027 0.553767
    outer loop
      vertex 53.0902 33.819 9.26127
      vertex 52.962 33.7935 9.06568
      vertex 53.0223 33.595 9.06568
    endloop
  endfacet
  facet normal -0.734517 -0.392445 0.553599
    outer loop
      vertex 53.143 33.645 9.26127
      vertex 53.0223 33.595 9.06568
      vertex 53.2287 33.4846 9.26127
    endloop
  endfacet
  facet normal 0.097812 -0.995205 0
    outer loop
      vertex 54 32.8058 8.5
      vertex 54.233 32.8287 8.61762
      vertex 54 32.8058 8.61762
    endloop
  endfacet
  facet normal 0.097812 -0.995205 0
    outer loop
      vertex 54.233 32.8287 8.61762
      vertex 54 32.8058 8.5
      vertex 54.233 32.8287 8.5
    endloop
  endfacet
  facet normal 0.995205 0.097812 0
    outer loop
      vertex 55.1942 34 8.61762
      vertex 55.1713 34.233 8.5
      vertex 55.1713 34.233 8.61762
    endloop
  endfacet
  facet normal 0.995205 0.097812 0
    outer loop
      vertex 55.1713 34.233 8.5
      vertex 55.1942 34 8.61762
      vertex 55.1942 34 8.5
    endloop
  endfacet
  facet normal 0.956881 0.290482 0
    outer loop
      vertex 55.1713 34.233 8.61762
      vertex 55.1033 34.457 8.5
      vertex 55.1033 34.457 8.61762
    endloop
  endfacet
  facet normal 0.956881 0.290482 0
    outer loop
      vertex 55.1033 34.457 8.5
      vertex 55.1713 34.233 8.61762
      vertex 55.1713 34.233 8.5
    endloop
  endfacet
  facet normal -0.714544 0.586612 0.3812
    outer loop
      vertex 53.2517 34.7483 9.06568
      vertex 53.0452 34.638 8.84834
      vertex 53.1201 34.588 9.06568
    endloop
  endfacet
  facet normal -0.0903679 0.920109 0.381094
    outer loop
      vertex 54 35.1483 8.84834
      vertex 53.776 35.1263 8.84834
      vertex 53.7935 35.038 9.06568
    endloop
  endfacet
  facet normal -0.097812 0.995205 0
    outer loop
      vertex 54 35.1942 8.5
      vertex 53.767 35.1713 8.61762
      vertex 54 35.1942 8.61762
    endloop
  endfacet
  facet normal -0.097812 0.995205 0
    outer loop
      vertex 53.767 35.1713 8.61762
      vertex 54 35.1942 8.5
      vertex 53.767 35.1713 8.5
    endloop
  endfacet
  facet normal 0.0698339 0.705465 0.705296
    outer loop
      vertex 54 34.9276 9.26127
      vertex 54 34.7613 9.42761
      vertex 54.1485 34.7466 9.42761
    endloop
  endfacet
  facet normal 0.528388 0.643621 0.553677
    outer loop
      vertex 54.7483 34.7483 9.06568
      vertex 54.588 34.8799 9.06568
      vertex 54.6559 34.6559 9.26127
    endloop
  endfacet
  facet normal 0.772719 0.634749 0
    outer loop
      vertex 54.993 34.6635 8.61762
      vertex 54.8444 34.8444 8.5
      vertex 54.8444 34.8444 8.61762
    endloop
  endfacet
  facet normal 0.772719 0.634749 0
    outer loop
      vertex 54.8444 34.8444 8.5
      vertex 54.993 34.6635 8.61762
      vertex 54.993 34.6635 8.5
    endloop
  endfacet
  facet normal 0.758271 0.622305 0.194325
    outer loop
      vertex 54.993 34.6635 8.61762
      vertex 54.812 34.812 8.84834
      vertex 54.9548 34.638 8.84834
    endloop
  endfacet
  facet normal 0.0904535 0.92013 0.381024
    outer loop
      vertex 54 35.1483 8.84834
      vertex 54 35.0583 9.06568
      vertex 54.2065 35.038 9.06568
    endloop
  endfacet
  facet normal 0.643567 0.528595 0.553542
    outer loop
      vertex 54.8799 34.588 9.06568
      vertex 54.6559 34.6559 9.26127
      vertex 54.7713 34.5154 9.26127
    endloop
  endfacet
  facet normal -0.995205 0.097812 0
    outer loop
      vertex 52.8058 34 8.5
      vertex 52.8287 34.233 8.61762
      vertex 52.8287 34.233 8.5
    endloop
  endfacet
  facet normal -0.995205 0.097812 0
    outer loop
      vertex 52.8287 34.233 8.61762
      vertex 52.8058 34 8.5
      vertex 52.8058 34 8.61762
    endloop
  endfacet
  facet normal -0.714598 -0.586463 0.381327
    outer loop
      vertex 53.2517 33.2517 9.06568
      vertex 53.0452 33.362 8.84834
      vertex 53.188 33.188 8.84834
    endloop
  endfacet
  facet normal -0.815412 -0.435626 0.381226
    outer loop
      vertex 53.1201 33.412 9.06568
      vertex 52.9391 33.5606 8.84834
      vertex 53.0452 33.362 8.84834
    endloop
  endfacet
  facet normal -0.714544 -0.586612 0.3812
    outer loop
      vertex 53.1201 33.412 9.06568
      vertex 53.0452 33.362 8.84834
      vertex 53.2517 33.2517 9.06568
    endloop
  endfacet
  facet normal -0.758054 -0.622702 0.193899
    outer loop
      vertex 53.188 33.188 8.84834
      vertex 53.007 33.3365 8.61762
      vertex 53.1556 33.1556 8.61762
    endloop
  endfacet
  facet normal -0.547851 0.449579 0.705506
    outer loop
      vertex 53.4617 34.5383 9.42761
      vertex 53.2287 34.5154 9.26127
      vertex 53.367 34.4229 9.42761
    endloop
  endfacet
  facet normal -0.430989 0.353542 0.830214
    outer loop
      vertex 53.6 34.4 9.5583
      vertex 53.4617 34.5383 9.42761
      vertex 53.5297 34.3143 9.5583
    endloop
  endfacet
  facet normal -0.284949 0.938657 0.194236
    outer loop
      vertex 53.767 35.1713 8.61762
      vertex 53.543 35.1033 8.61762
      vertex 53.5606 35.0609 8.84834
    endloop
  endfacet
  facet normal -0.772719 0.634749 0
    outer loop
      vertex 53.007 34.6635 8.5
      vertex 53.1556 34.8444 8.61762
      vertex 53.1556 34.8444 8.5
    endloop
  endfacet
  facet normal -0.772719 0.634749 0
    outer loop
      vertex 53.1556 34.8444 8.61762
      vertex 53.007 34.6635 8.5
      vertex 53.007 34.6635 8.61762
    endloop
  endfacet
  facet normal -0.758054 0.622702 0.193899
    outer loop
      vertex 53.1556 34.8444 8.61762
      vertex 53.007 34.6635 8.61762
      vertex 53.188 34.812 8.84834
    endloop
  endfacet
  facet normal -0.622702 0.758054 0.193899
    outer loop
      vertex 53.3365 34.993 8.61762
      vertex 53.1556 34.8444 8.61762
      vertex 53.188 34.812 8.84834
    endloop
  endfacet
  facet normal -0.634749 0.772719 0
    outer loop
      vertex 53.3365 34.993 8.5
      vertex 53.1556 34.8444 8.61762
      vertex 53.3365 34.993 8.61762
    endloop
  endfacet
  facet normal -0.634749 0.772719 0
    outer loop
      vertex 53.1556 34.8444 8.61762
      vertex 53.3365 34.993 8.5
      vertex 53.1556 34.8444 8.5
    endloop
  endfacet
  facet normal -0.884676 0.268606 0.38105
    outer loop
      vertex 52.9391 34.4394 8.84834
      vertex 52.8737 34.224 8.84834
      vertex 52.962 34.2065 9.06568
    endloop
  endfacet
  facet normal -0.815391 0.435766 0.381112
    outer loop
      vertex 53.1201 34.588 9.06568
      vertex 52.9391 34.4394 8.84834
      vertex 53.0223 34.405 9.06568
    endloop
  endfacet
  facet normal -0.995205 -0.097812 0
    outer loop
      vertex 52.8287 33.767 8.5
      vertex 52.8058 34 8.61762
      vertex 52.8058 34 8.5
    endloop
  endfacet
  facet normal -0.995205 -0.097812 0
    outer loop
      vertex 52.8058 34 8.61762
      vertex 52.8287 33.767 8.5
      vertex 52.8287 33.767 8.61762
    endloop
  endfacet
  facet normal 0.705285 0.0693595 0.705523
    outer loop
      vertex 54.9098 34.181 9.26127
      vertex 54.7466 34.1485 9.42761
      vertex 54.9276 34 9.26127
    endloop
  endfacet
  facet normal 0.938652 0.284995 0.194193
    outer loop
      vertex 55.1713 34.233 8.61762
      vertex 55.0609 34.4394 8.84834
      vertex 55.1263 34.224 8.84834
    endloop
  endfacet
  facet normal 0.758271 -0.622305 0.194325
    outer loop
      vertex 54.9548 33.362 8.84834
      vertex 54.812 33.188 8.84834
      vertex 54.993 33.3365 8.61762
    endloop
  endfacet
  facet normal 0.734511 -0.392542 0.553538
    outer loop
      vertex 54.9777 33.595 9.06568
      vertex 54.7713 33.4846 9.26127
      vertex 54.8799 33.412 9.06568
    endloop
  endfacet
  facet normal 0.828685 0.0814639 0.553756
    outer loop
      vertex 55.038 34.2065 9.06568
      vertex 54.9276 34 9.26127
      vertex 55.0583 34 9.06568
    endloop
  endfacet
  facet normal 0.92013 0.0904535 0.381024
    outer loop
      vertex 55.1483 34 8.84834
      vertex 55.038 34.2065 9.06568
      vertex 55.0583 34 9.06568
    endloop
  endfacet
  facet normal 0.471142 -0.882057 0
    outer loop
      vertex 54.457 32.8967 8.5
      vertex 54.6635 33.007 8.61762
      vertex 54.457 32.8967 8.61762
    endloop
  endfacet
  facet normal 0.471142 -0.882057 0
    outer loop
      vertex 54.6635 33.007 8.61762
      vertex 54.457 32.8967 8.5
      vertex 54.6635 33.007 8.5
    endloop
  endfacet
  facet normal 0.882057 -0.471142 0
    outer loop
      vertex 54.993 33.3365 8.61762
      vertex 55.1033 33.543 8.5
      vertex 55.1033 33.543 8.61762
    endloop
  endfacet
  facet normal 0.882057 -0.471142 0
    outer loop
      vertex 55.1033 33.543 8.5
      vertex 54.993 33.3365 8.61762
      vertex 54.993 33.3365 8.5
    endloop
  endfacet
  facet normal 0.462227 -0.865205 0.194338
    outer loop
      vertex 54.638 33.0452 8.84834
      vertex 54.4394 32.9391 8.84834
      vertex 54.6635 33.007 8.61762
    endloop
  endfacet
  facet normal 0.622305 -0.758271 0.194325
    outer loop
      vertex 54.812 33.188 8.84834
      vertex 54.638 33.0452 8.84834
      vertex 54.6635 33.007 8.61762
    endloop
  endfacet
  facet normal 0.26872 -0.884593 0.381163
    outer loop
      vertex 54.405 33.0223 9.06568
      vertex 54.2065 32.962 9.06568
      vertex 54.4394 32.9391 8.84834
    endloop
  endfacet
  facet normal 0.435766 -0.815391 0.381112
    outer loop
      vertex 54.588 33.1201 9.06568
      vertex 54.405 33.0223 9.06568
      vertex 54.4394 32.9391 8.84834
    endloop
  endfacet
  facet normal 0.382359 0.037751 0.923242
    outer loop
      vertex 54.5548 34.1104 9.5583
      vertex 54.3416 34.068 9.64833
      vertex 54.5657 34 9.5583
    endloop
  endfacet
  facet normal 0.55472 -0.0547685 0.830233
    outer loop
      vertex 54.5657 34 9.5583
      vertex 54.5548 33.8896 9.5583
      vertex 54.7613 34 9.42761
    endloop
  endfacet
  facet normal 0.533498 -0.16191 0.83016
    outer loop
      vertex 54.5548 33.8896 9.5583
      vertex 54.5226 33.7835 9.5583
      vertex 54.7466 33.8515 9.42761
    endloop
  endfacet
  facet normal 0.705465 0.0698339 0.705296
    outer loop
      vertex 54.9276 34 9.26127
      vertex 54.7466 34.1485 9.42761
      vertex 54.7613 34 9.42761
    endloop
  endfacet
  facet normal 0.547851 0.449579 0.705506
    outer loop
      vertex 54.7713 34.5154 9.26127
      vertex 54.5383 34.5383 9.42761
      vertex 54.633 34.4229 9.42761
    endloop
  endfacet
  facet normal 0.243661 0.29712 0.923227
    outer loop
      vertex 54.4 34.4 9.5583
      vertex 54.1935 34.2896 9.64833
      vertex 54.2463 34.2463 9.64833
    endloop
  endfacet
  facet normal -0.205636 0.678172 0.705547
    outer loop
      vertex 53.819 34.9098 9.26127
      vertex 53.7087 34.7033 9.42761
      vertex 53.8515 34.7466 9.42761
    endloop
  endfacet
  facet normal -0.392445 0.734517 0.553599
    outer loop
      vertex 53.595 34.9777 9.06568
      vertex 53.4846 34.7713 9.26127
      vertex 53.645 34.857 9.26127
    endloop
  endfacet
  facet normal 0.111584 0.367673 0.923237
    outer loop
      vertex 54.1104 34.5548 9.5583
      vertex 54.068 34.3416 9.64833
      vertex 54.2165 34.5226 9.5583
    endloop
  endfacet
  facet normal -0.367673 0.111584 0.923237
    outer loop
      vertex 53.4774 34.2165 9.5583
      vertex 53.4452 34.1104 9.5583
      vertex 53.6584 34.068 9.64833
    endloop
  endfacet
  facet normal 0.151588 0.124314 0.980595
    outer loop
      vertex 54.2463 34.2463 9.64833
      vertex 54.0832 34.0832 9.69422
      vertex 54.2896 34.1935 9.64833
    endloop
  endfacet
  facet normal -0.111502 0.367733 0.923223
    outer loop
      vertex 53.932 34.3416 9.64833
      vertex 53.7835 34.5226 9.5583
      vertex 53.8667 34.3218 9.64833
    endloop
  endfacet
  facet normal -0.382339 0.0376717 0.923254
    outer loop
      vertex 53.6584 34.068 9.64833
      vertex 53.4343 34 9.5583
      vertex 53.6517 34 9.64833
    endloop
  endfacet
  facet normal -0.181239 -0.338838 0.923223
    outer loop
      vertex 53.8065 33.7104 9.64833
      vertex 53.7835 33.4774 9.5583
      vertex 53.8667 33.6782 9.64833
    endloop
  endfacet
  facet normal -0.172829 0.0924436 0.980604
    outer loop
      vertex 53.7104 34.1935 9.64833
      vertex 53.6782 34.1333 9.64833
      vertex 53.9022 34.0653 9.69422
    endloop
  endfacet
  facet normal -0.828685 -0.0814639 0.553756
    outer loop
      vertex 53.0724 34 9.26127
      vertex 52.9417 34 9.06568
      vertex 52.962 33.7935 9.06568
    endloop
  endfacet
  facet normal -0.828685 0.0814639 0.553756
    outer loop
      vertex 52.962 34.2065 9.06568
      vertex 52.9417 34 9.06568
      vertex 53.0724 34 9.26127
    endloop
  endfacet
  facet normal 0.1876 -0.0568743 0.980597
    outer loop
      vertex 54.1154 33.9771 9.69422
      vertex 54.1087 33.955 9.69422
      vertex 54.3218 33.8667 9.64833
    endloop
  endfacet
  facet normal 0.353594 0.430884 0.830247
    outer loop
      vertex 54.4229 34.633 9.42761
      vertex 54.3143 34.4703 9.5583
      vertex 54.5383 34.5383 9.42761
    endloop
  endfacet
  facet normal -0.195058 -0.019219 0.980603
    outer loop
      vertex 53.8824 34 9.69422
      vertex 53.6517 34 9.64833
      vertex 53.6584 33.932 9.64833
    endloop
  endfacet
  facet normal -0.124314 0.151588 0.980595
    outer loop
      vertex 53.8065 34.2896 9.64833
      vertex 53.7537 34.2463 9.64833
      vertex 53.9168 34.0832 9.69422
    endloop
  endfacet
  facet normal -0.297073 0.24369 0.923235
    outer loop
      vertex 53.6 34.4 9.5583
      vertex 53.5297 34.3143 9.5583
      vertex 53.7104 34.1935 9.64833
    endloop
  endfacet
  facet normal -0.161762 0.533477 0.830202
    outer loop
      vertex 53.8515 34.7466 9.42761
      vertex 53.7087 34.7033 9.42761
      vertex 53.7835 34.5226 9.5583
    endloop
  endfacet
  facet normal -0.262667 0.491706 0.8302
    outer loop
      vertex 53.7087 34.7033 9.42761
      vertex 53.5771 34.633 9.42761
      vertex 53.7835 34.5226 9.5583
    endloop
  endfacet
  facet normal 0.019219 -0.195058 0.980603
    outer loop
      vertex 54 33.8824 9.69422
      vertex 54 33.6517 9.64833
      vertex 54.068 33.6584 9.64833
    endloop
  endfacet
  facet normal -0.547851 -0.449579 0.705506
    outer loop
      vertex 53.367 33.5771 9.42761
      vertex 53.2287 33.4846 9.26127
      vertex 53.4617 33.4617 9.42761
    endloop
  endfacet
  facet normal -0.430884 -0.353594 0.830247
    outer loop
      vertex 53.5297 33.6857 9.5583
      vertex 53.367 33.5771 9.42761
      vertex 53.4617 33.4617 9.42761
    endloop
  endfacet
  facet normal 0.124314 -0.151588 0.980595
    outer loop
      vertex 54.2463 33.7537 9.64833
      vertex 54.0832 33.9168 9.69422
      vertex 54.1935 33.7104 9.64833
    endloop
  endfacet
  facet normal 0.24369 -0.297073 0.923235
    outer loop
      vertex 54.4 33.6 9.5583
      vertex 54.1935 33.7104 9.64833
      vertex 54.3143 33.5297 9.5583
    endloop
  endfacet
  facet normal -0.181202 0.338844 0.923228
    outer loop
      vertex 53.7835 34.5226 9.5583
      vertex 53.6857 34.4703 9.5583
      vertex 53.8065 34.2896 9.64833
    endloop
  endfacet
  facet normal 0.181239 -0.338838 0.923223
    outer loop
      vertex 54.1935 33.7104 9.64833
      vertex 54.1333 33.6782 9.64833
      vertex 54.2165 33.4774 9.5583
    endloop
  endfacet
  facet normal 0.172829 -0.0924436 0.980604
    outer loop
      vertex 54.3218 33.8667 9.64833
      vertex 54.0978 33.9347 9.69422
      vertex 54.2896 33.8065 9.64833
    endloop
  endfacet
  facet normal -0.151841 0.123848 0.980615
    outer loop
      vertex 53.9168 34.0832 9.69422
      vertex 53.7104 34.1935 9.64833
      vertex 53.9022 34.0653 9.69422
    endloop
  endfacet
  facet normal -0.241819 -0.796905 0.553594
    outer loop
      vertex 53.645 33.143 9.26127
      vertex 53.595 33.0223 9.06568
      vertex 53.819 33.0902 9.26127
    endloop
  endfacet
  facet normal -0.262831 -0.491489 0.830276
    outer loop
      vertex 53.6857 33.5297 9.5583
      vertex 53.5771 33.367 9.42761
      vertex 53.7835 33.4774 9.5583
    endloop
  endfacet
  facet normal 0.205636 -0.678172 0.705547
    outer loop
      vertex 54.2913 33.2967 9.42761
      vertex 54.1485 33.2534 9.42761
      vertex 54.181 33.0902 9.26127
    endloop
  endfacet
  facet normal -0.0904535 -0.92013 0.381024
    outer loop
      vertex 54 32.9417 9.06568
      vertex 53.7935 32.962 9.06568
      vertex 54 32.8517 8.84834
    endloop
  endfacet
  facet normal -0.284995 -0.938652 0.194193
    outer loop
      vertex 53.776 32.8737 8.84834
      vertex 53.5606 32.9391 8.84834
      vertex 53.767 32.8287 8.61762
    endloop
  endfacet
  facet normal 0.392445 -0.734517 0.553599
    outer loop
      vertex 54.5154 33.2287 9.26127
      vertex 54.355 33.143 9.26127
      vertex 54.405 33.0223 9.06568
    endloop
  endfacet
  facet normal 0.392542 -0.734511 0.553538
    outer loop
      vertex 54.5154 33.2287 9.26127
      vertex 54.405 33.0223 9.06568
      vertex 54.588 33.1201 9.06568
    endloop
  endfacet
  facet normal 0.181202 -0.338844 0.923228
    outer loop
      vertex 54.3143 33.5297 9.5583
      vertex 54.1935 33.7104 9.64833
      vertex 54.2165 33.4774 9.5583
    endloop
  endfacet
  facet normal 0.262667 -0.491706 0.8302
    outer loop
      vertex 54.4229 33.367 9.42761
      vertex 54.2165 33.4774 9.5583
      vertex 54.2913 33.2967 9.42761
    endloop
  endfacet
  facet normal 0.643567 -0.528595 0.553542
    outer loop
      vertex 54.7713 33.4846 9.26127
      vertex 54.6559 33.3441 9.26127
      vertex 54.8799 33.412 9.06568
    endloop
  endfacet
  facet normal 0.734517 -0.392445 0.553599
    outer loop
      vertex 54.857 33.645 9.26127
      vertex 54.7713 33.4846 9.26127
      vertex 54.9777 33.595 9.06568
    endloop
  endfacet
  facet normal -0.462167 -0.865253 0.194265
    outer loop
      vertex 53.5606 32.9391 8.84834
      vertex 53.3365 33.007 8.61762
      vertex 53.543 32.8967 8.61762
    endloop
  endfacet
  facet normal -0.26872 -0.884593 0.381163
    outer loop
      vertex 53.595 33.0223 9.06568
      vertex 53.5606 32.9391 8.84834
      vertex 53.7935 32.962 9.06568
    endloop
  endfacet
  facet normal -0.0814933 -0.828668 0.553777
    outer loop
      vertex 53.819 33.0902 9.26127
      vertex 53.7935 32.962 9.06568
      vertex 54 33.0724 9.26127
    endloop
  endfacet
  facet normal -0.392542 -0.734511 0.553538
    outer loop
      vertex 53.4846 33.2287 9.26127
      vertex 53.412 33.1201 9.06568
      vertex 53.595 33.0223 9.06568
    endloop
  endfacet
  facet normal -0.392445 -0.734517 0.553599
    outer loop
      vertex 53.645 33.143 9.26127
      vertex 53.4846 33.2287 9.26127
      vertex 53.595 33.0223 9.06568
    endloop
  endfacet
  facet normal -0.92013 -0.0904535 0.381024
    outer loop
      vertex 52.9417 34 9.06568
      vertex 52.8517 34 8.84834
      vertex 52.962 33.7935 9.06568
    endloop
  endfacet
  facet normal -0.678172 0.205636 0.705547
    outer loop
      vertex 53.2967 34.2913 9.42761
      vertex 53.0902 34.181 9.26127
      vertex 53.2534 34.1485 9.42761
    endloop
  endfacet
  facet normal -0.625093 -0.33398 0.70549
    outer loop
      vertex 53.2967 33.7087 9.42761
      vertex 53.143 33.645 9.26127
      vertex 53.2287 33.4846 9.26127
    endloop
  endfacet
  facet normal -0.796905 -0.241819 0.553594
    outer loop
      vertex 53.0902 33.819 9.26127
      vertex 53.0223 33.595 9.06568
      vertex 53.143 33.645 9.26127
    endloop
  endfacet
  facet normal 0.0959507 -0.976267 0.194156
    outer loop
      vertex 54.224 32.8737 8.84834
      vertex 54 32.8058 8.61762
      vertex 54.233 32.8287 8.61762
    endloop
  endfacet
  facet normal 0.0958828 -0.976261 0.19422
    outer loop
      vertex 54 32.8517 8.84834
      vertex 54 32.8058 8.61762
      vertex 54.224 32.8737 8.84834
    endloop
  endfacet
  facet normal 0.956881 -0.290482 0
    outer loop
      vertex 55.1033 33.543 8.61762
      vertex 55.1713 33.767 8.5
      vertex 55.1713 33.767 8.61762
    endloop
  endfacet
  facet normal 0.956881 -0.290482 0
    outer loop
      vertex 55.1713 33.767 8.5
      vertex 55.1033 33.543 8.61762
      vertex 55.1033 33.543 8.5
    endloop
  endfacet
  facet normal -0.268606 0.884676 0.38105
    outer loop
      vertex 53.776 35.1263 8.84834
      vertex 53.5606 35.0609 8.84834
      vertex 53.7935 35.038 9.06568
    endloop
  endfacet
  facet normal -0.26872 0.884593 0.381163
    outer loop
      vertex 53.7935 35.038 9.06568
      vertex 53.5606 35.0609 8.84834
      vertex 53.595 34.9777 9.06568
    endloop
  endfacet
  facet normal 0.284995 0.938652 0.194193
    outer loop
      vertex 54.233 35.1713 8.61762
      vertex 54.224 35.1263 8.84834
      vertex 54.4394 35.0609 8.84834
    endloop
  endfacet
  facet normal 0.242027 0.796721 0.553767
    outer loop
      vertex 54.2065 35.038 9.06568
      vertex 54.181 34.9098 9.26127
      vertex 54.405 34.9777 9.06568
    endloop
  endfacet
  facet normal -0.242027 0.796721 0.553767
    outer loop
      vertex 53.7935 35.038 9.06568
      vertex 53.595 34.9777 9.06568
      vertex 53.819 34.9098 9.26127
    endloop
  endfacet
  facet normal 0.0693595 0.705285 0.705523
    outer loop
      vertex 54.181 34.9098 9.26127
      vertex 54 34.9276 9.26127
      vertex 54.1485 34.7466 9.42761
    endloop
  endfacet
  facet normal -0.0814639 0.828685 0.553756
    outer loop
      vertex 54 35.0583 9.06568
      vertex 53.7935 35.038 9.06568
      vertex 54 34.9276 9.26127
    endloop
  endfacet
  facet normal 0.758054 0.622702 0.193899
    outer loop
      vertex 54.8444 34.8444 8.61762
      vertex 54.812 34.812 8.84834
      vertex 54.993 34.6635 8.61762
    endloop
  endfacet
  facet normal 0.471142 0.882057 -0
    outer loop
      vertex 54.6635 34.993 8.5
      vertex 54.457 35.1033 8.61762
      vertex 54.6635 34.993 8.61762
    endloop
  endfacet
  facet normal 0.471142 0.882057 0
    outer loop
      vertex 54.457 35.1033 8.61762
      vertex 54.6635 34.993 8.5
      vertex 54.457 35.1033 8.5
    endloop
  endfacet
  facet normal 0.714544 0.586612 0.3812
    outer loop
      vertex 54.9548 34.638 8.84834
      vertex 54.7483 34.7483 9.06568
      vertex 54.8799 34.588 9.06568
    endloop
  endfacet
  facet normal 0.643621 0.528388 0.553677
    outer loop
      vertex 54.7483 34.7483 9.06568
      vertex 54.6559 34.6559 9.26127
      vertex 54.8799 34.588 9.06568
    endloop
  endfacet
  facet normal 0.586612 0.714544 0.3812
    outer loop
      vertex 54.638 34.9548 8.84834
      vertex 54.588 34.8799 9.06568
      vertex 54.7483 34.7483 9.06568
    endloop
  endfacet
  facet normal 0.435766 0.815391 0.381112
    outer loop
      vertex 54.4394 35.0609 8.84834
      vertex 54.405 34.9777 9.06568
      vertex 54.588 34.8799 9.06568
    endloop
  endfacet
  facet normal 0.449915 0.547773 0.705351
    outer loop
      vertex 54.6559 34.6559 9.26127
      vertex 54.5154 34.7713 9.26127
      vertex 54.5383 34.5383 9.42761
    endloop
  endfacet
  facet normal 0.547773 0.449915 0.705351
    outer loop
      vertex 54.6559 34.6559 9.26127
      vertex 54.5383 34.5383 9.42761
      vertex 54.7713 34.5154 9.26127
    endloop
  endfacet
  facet normal -0.734511 -0.392542 0.553538
    outer loop
      vertex 53.2287 33.4846 9.26127
      vertex 53.0223 33.595 9.06568
      vertex 53.1201 33.412 9.06568
    endloop
  endfacet
  facet normal -0.920109 0.0903679 0.381094
    outer loop
      vertex 52.8737 34.224 8.84834
      vertex 52.8517 34 8.84834
      vertex 52.962 34.2065 9.06568
    endloop
  endfacet
  facet normal -0.758271 -0.622305 0.194325
    outer loop
      vertex 53.0452 33.362 8.84834
      vertex 53.007 33.3365 8.61762
      vertex 53.188 33.188 8.84834
    endloop
  endfacet
  facet normal -0.528388 -0.643621 0.553677
    outer loop
      vertex 53.3441 33.3441 9.26127
      vertex 53.2517 33.2517 9.06568
      vertex 53.412 33.1201 9.06568
    endloop
  endfacet
  facet normal -0.643621 -0.528388 0.553677
    outer loop
      vertex 53.3441 33.3441 9.26127
      vertex 53.1201 33.412 9.06568
      vertex 53.2517 33.2517 9.06568
    endloop
  endfacet
  facet normal -0.491706 0.262667 0.8302
    outer loop
      vertex 53.367 34.4229 9.42761
      vertex 53.2967 34.2913 9.42761
      vertex 53.4774 34.2165 9.5583
    endloop
  endfacet
  facet normal -0.491489 0.262831 0.830276
    outer loop
      vertex 53.5297 34.3143 9.5583
      vertex 53.367 34.4229 9.42761
      vertex 53.4774 34.2165 9.5583
    endloop
  endfacet
  facet normal -0.435626 0.815412 0.381226
    outer loop
      vertex 53.5606 35.0609 8.84834
      vertex 53.362 34.9548 8.84834
      vertex 53.412 34.8799 9.06568
    endloop
  endfacet
  facet normal -0.449915 0.547773 0.705351
    outer loop
      vertex 53.4846 34.7713 9.26127
      vertex 53.3441 34.6559 9.26127
      vertex 53.4617 34.5383 9.42761
    endloop
  endfacet
  facet normal -0.528388 0.643621 0.553677
    outer loop
      vertex 53.412 34.8799 9.06568
      vertex 53.2517 34.7483 9.06568
      vertex 53.3441 34.6559 9.26127
    endloop
  endfacet
  facet normal -0.586612 0.714544 0.3812
    outer loop
      vertex 53.362 34.9548 8.84834
      vertex 53.2517 34.7483 9.06568
      vertex 53.412 34.8799 9.06568
    endloop
  endfacet
  facet normal -0.956881 0.290482 0
    outer loop
      vertex 52.8287 34.233 8.5
      vertex 52.8967 34.457 8.61762
      vertex 52.8967 34.457 8.5
    endloop
  endfacet
  facet normal -0.956881 0.290482 0
    outer loop
      vertex 52.8967 34.457 8.61762
      vertex 52.8287 34.233 8.5
      vertex 52.8287 34.233 8.61762
    endloop
  endfacet
  facet normal 0.815391 -0.435766 0.381112
    outer loop
      vertex 54.9777 33.595 9.06568
      vertex 54.8799 33.412 9.06568
      vertex 55.0609 33.5606 8.84834
    endloop
  endfacet
  facet normal 0.884593 -0.26872 0.381163
    outer loop
      vertex 55.038 33.7935 9.06568
      vertex 54.9777 33.595 9.06568
      vertex 55.0609 33.5606 8.84834
    endloop
  endfacet
  facet normal 0.586612 -0.714544 0.3812
    outer loop
      vertex 54.7483 33.2517 9.06568
      vertex 54.588 33.1201 9.06568
      vertex 54.638 33.0452 8.84834
    endloop
  endfacet
  facet normal 0.586463 -0.714598 0.381327
    outer loop
      vertex 54.7483 33.2517 9.06568
      vertex 54.638 33.0452 8.84834
      vertex 54.812 33.188 8.84834
    endloop
  endfacet
  facet normal 0.714544 -0.586612 0.3812
    outer loop
      vertex 54.8799 33.412 9.06568
      vertex 54.7483 33.2517 9.06568
      vertex 54.9548 33.362 8.84834
    endloop
  endfacet
  facet normal 0.714598 -0.586463 0.381327
    outer loop
      vertex 54.9548 33.362 8.84834
      vertex 54.7483 33.2517 9.06568
      vertex 54.812 33.188 8.84834
    endloop
  endfacet
  facet normal 0.678199 0.205798 0.705474
    outer loop
      vertex 54.857 34.355 9.26127
      vertex 54.7033 34.2913 9.42761
      vertex 54.9098 34.181 9.26127
    endloop
  endfacet
  facet normal 0.678172 0.205636 0.705547
    outer loop
      vertex 54.9098 34.181 9.26127
      vertex 54.7033 34.2913 9.42761
      vertex 54.7466 34.1485 9.42761
    endloop
  endfacet
  facet normal 0.430989 -0.353542 0.830214
    outer loop
      vertex 54.4703 33.6857 9.5583
      vertex 54.4 33.6 9.5583
      vertex 54.5383 33.4617 9.42761
    endloop
  endfacet
  facet normal 0.828668 -0.0814933 0.553777
    outer loop
      vertex 54.9276 34 9.26127
      vertex 54.9098 33.819 9.26127
      vertex 55.038 33.7935 9.06568
    endloop
  endfacet
  facet normal 0.449579 0.547851 0.705506
    outer loop
      vertex 54.5154 34.7713 9.26127
      vertex 54.4229 34.633 9.42761
      vertex 54.5383 34.5383 9.42761
    endloop
  endfacet
  facet normal 0.333946 0.62514 0.705464
    outer loop
      vertex 54.5154 34.7713 9.26127
      vertex 54.2913 34.7033 9.42761
      vertex 54.4229 34.633 9.42761
    endloop
  endfacet
  facet normal 0.491706 0.262667 0.8302
    outer loop
      vertex 54.633 34.4229 9.42761
      vertex 54.5226 34.2165 9.5583
      vertex 54.7033 34.2913 9.42761
    endloop
  endfacet
  facet normal 0.62514 0.333946 0.705464
    outer loop
      vertex 54.7713 34.5154 9.26127
      vertex 54.633 34.4229 9.42761
      vertex 54.7033 34.2913 9.42761
    endloop
  endfacet
  facet normal -0.16191 0.533498 0.83016
    outer loop
      vertex 53.8515 34.7466 9.42761
      vertex 53.7835 34.5226 9.5583
      vertex 53.8896 34.5548 9.5583
    endloop
  endfacet
  facet normal -0.0549167 0.554771 0.830189
    outer loop
      vertex 54 34.7613 9.42761
      vertex 53.8515 34.7466 9.42761
      vertex 53.8896 34.5548 9.5583
    endloop
  endfacet
  facet normal 0.0547685 0.55472 0.830233
    outer loop
      vertex 54 34.7613 9.42761
      vertex 54 34.5657 9.5583
      vertex 54.1104 34.5548 9.5583
    endloop
  endfacet
  facet normal 0.491489 0.262831 0.830276
    outer loop
      vertex 54.633 34.4229 9.42761
      vertex 54.4703 34.3143 9.5583
      vertex 54.5226 34.2165 9.5583
    endloop
  endfacet
  facet normal 0.0376717 0.382339 0.923254
    outer loop
      vertex 54 34.5657 9.5583
      vertex 54 34.3483 9.64833
      vertex 54.068 34.3416 9.64833
    endloop
  endfacet
  facet normal 0.151841 0.123848 0.980615
    outer loop
      vertex 54.2896 34.1935 9.64833
      vertex 54.0832 34.0832 9.69422
      vertex 54.0978 34.0653 9.69422
    endloop
  endfacet
  facet normal -0.554771 0.0549167 0.830189
    outer loop
      vertex 53.2534 34.1485 9.42761
      vertex 53.2387 34 9.42761
      vertex 53.4452 34.1104 9.5583
    endloop
  endfacet
  facet normal -0.55472 0.0547685 0.830233
    outer loop
      vertex 53.4452 34.1104 9.5583
      vertex 53.2387 34 9.42761
      vertex 53.4343 34 9.5583
    endloop
  endfacet
  facet normal 0.019219 0.195058 0.980603
    outer loop
      vertex 54 34.3483 9.64833
      vertex 54 34.1176 9.69422
      vertex 54.068 34.3416 9.64833
    endloop
  endfacet
  facet normal 0.172734 0.0927489 0.980592
    outer loop
      vertex 54.3218 34.1333 9.64833
      vertex 54.0978 34.0653 9.69422
      vertex 54.1087 34.045 9.69422
    endloop
  endfacet
  facet normal 0.1876 0.0568743 0.980597
    outer loop
      vertex 54.3218 34.1333 9.64833
      vertex 54.1087 34.045 9.69422
      vertex 54.1154 34.0229 9.69422
    endloop
  endfacet
  facet normal 0.0927489 0.172734 0.980592
    outer loop
      vertex 54.1333 34.3218 9.64833
      vertex 54.045 34.1087 9.69422
      vertex 54.0653 34.0978 9.69422
    endloop
  endfacet
  facet normal 0.0187524 -0.195196 0.980585
    outer loop
      vertex 54.0229 33.8846 9.69422
      vertex 54 33.8824 9.69422
      vertex 54.068 33.6584 9.64833
    endloop
  endfacet
  facet normal -0.29712 0.243661 0.923227
    outer loop
      vertex 53.7537 34.2463 9.64833
      vertex 53.6 34.4 9.5583
      vertex 53.7104 34.1935 9.64833
    endloop
  endfacet
  facet normal 0.0568821 -0.187596 0.980598
    outer loop
      vertex 54.1333 33.6782 9.64833
      vertex 54.0229 33.8846 9.69422
      vertex 54.068 33.6584 9.64833
    endloop
  endfacet
  facet normal -0.1876 0.0568743 0.980597
    outer loop
      vertex 53.8913 34.045 9.69422
      vertex 53.6782 34.1333 9.64833
      vertex 53.8846 34.0229 9.69422
    endloop
  endfacet
  facet normal -0.353542 0.430989 0.830214
    outer loop
      vertex 53.6857 34.4703 9.5583
      vertex 53.4617 34.5383 9.42761
      vertex 53.6 34.4 9.5583
    endloop
  endfacet
  facet normal -0.353594 0.430884 0.830247
    outer loop
      vertex 53.5771 34.633 9.42761
      vertex 53.4617 34.5383 9.42761
      vertex 53.6857 34.4703 9.5583
    endloop
  endfacet
  facet normal 0.0693595 -0.705285 0.705523
    outer loop
      vertex 54.1485 33.2534 9.42761
      vertex 54 33.0724 9.26127
      vertex 54.181 33.0902 9.26127
    endloop
  endfacet
  facet normal -0.0187524 -0.195196 0.980585
    outer loop
      vertex 53.9771 33.8846 9.69422
      vertex 53.932 33.6584 9.64833
      vertex 54 33.8824 9.69422
    endloop
  endfacet
  facet normal 0.0927489 -0.172734 0.980592
    outer loop
      vertex 54.0653 33.9022 9.69422
      vertex 54.045 33.8913 9.69422
      vertex 54.1333 33.6782 9.64833
    endloop
  endfacet
  facet normal 0.124314 0.151588 0.980595
    outer loop
      vertex 54.1935 34.2896 9.64833
      vertex 54.0832 34.0832 9.69422
      vertex 54.2463 34.2463 9.64833
    endloop
  endfacet
  facet normal -0.491489 -0.262831 0.830276
    outer loop
      vertex 53.4774 33.7835 9.5583
      vertex 53.367 33.5771 9.42761
      vertex 53.5297 33.6857 9.5583
    endloop
  endfacet
  facet normal -0.338838 -0.181239 0.923223
    outer loop
      vertex 53.6782 33.8667 9.64833
      vertex 53.4774 33.7835 9.5583
      vertex 53.7104 33.8065 9.64833
    endloop
  endfacet
  facet normal 0.123848 -0.151841 0.980615
    outer loop
      vertex 54.0832 33.9168 9.69422
      vertex 54.0653 33.9022 9.69422
      vertex 54.1935 33.7104 9.64833
    endloop
  endfacet
  facet normal 0.151841 -0.123848 0.980615
    outer loop
      vertex 54.0978 33.9347 9.69422
      vertex 54.0832 33.9168 9.69422
      vertex 54.2896 33.8065 9.64833
    endloop
  endfacet
  facet normal -0.0187524 0.195196 0.980585
    outer loop
      vertex 54 34.1176 9.69422
      vertex 53.932 34.3416 9.64833
      vertex 53.9771 34.1154 9.69422
    endloop
  endfacet
  facet normal 0.243661 -0.29712 0.923227
    outer loop
      vertex 54.2463 33.7537 9.64833
      vertex 54.1935 33.7104 9.64833
      vertex 54.4 33.6 9.5583
    endloop
  endfacet
  facet normal 0.151588 -0.124314 0.980595
    outer loop
      vertex 54.2896 33.8065 9.64833
      vertex 54.0832 33.9168 9.69422
      vertex 54.2463 33.7537 9.64833
    endloop
  endfacet
  facet normal -0.353594 -0.430884 0.830247
    outer loop
      vertex 53.6857 33.5297 9.5583
      vertex 53.4617 33.4617 9.42761
      vertex 53.5771 33.367 9.42761
    endloop
  endfacet
  facet normal -0.297073 -0.24369 0.923235
    outer loop
      vertex 53.7104 33.8065 9.64833
      vertex 53.5297 33.6857 9.5583
      vertex 53.6 33.6 9.5583
    endloop
  endfacet
  facet normal -0.0549167 -0.554771 0.830189
    outer loop
      vertex 53.8896 33.4452 9.5583
      vertex 53.8515 33.2534 9.42761
      vertex 54 33.2387 9.42761
    endloop
  endfacet
  facet normal 0.0547685 -0.55472 0.830233
    outer loop
      vertex 54 33.4343 9.5583
      vertex 54 33.2387 9.42761
      vertex 54.1104 33.4452 9.5583
    endloop
  endfacet
  facet normal 0.353594 -0.430884 0.830247
    outer loop
      vertex 54.5383 33.4617 9.42761
      vertex 54.3143 33.5297 9.5583
      vertex 54.4229 33.367 9.42761
    endloop
  endfacet
  facet normal 0.161762 -0.533477 0.830202
    outer loop
      vertex 54.2165 33.4774 9.5583
      vertex 54.1485 33.2534 9.42761
      vertex 54.2913 33.2967 9.42761
    endloop
  endfacet
  facet normal 0.111502 -0.367733 0.923223
    outer loop
      vertex 54.1333 33.6782 9.64833
      vertex 54.068 33.6584 9.64833
      vertex 54.2165 33.4774 9.5583
    endloop
  endfacet
  facet normal 0.111584 -0.367673 0.923237
    outer loop
      vertex 54.2165 33.4774 9.5583
      vertex 54.068 33.6584 9.64833
      vertex 54.1104 33.4452 9.5583
    endloop
  endfacet
  facet normal 0.353542 -0.430989 0.830214
    outer loop
      vertex 54.4 33.6 9.5583
      vertex 54.3143 33.5297 9.5583
      vertex 54.5383 33.4617 9.42761
    endloop
  endfacet
  facet normal 0.297073 -0.24369 0.923235
    outer loop
      vertex 54.4703 33.6857 9.5583
      vertex 54.2896 33.8065 9.64833
      vertex 54.4 33.6 9.5583
    endloop
  endfacet
  facet normal -0.828668 -0.0814933 0.553777
    outer loop
      vertex 53.0724 34 9.26127
      vertex 52.962 33.7935 9.06568
      vertex 53.0902 33.819 9.26127
    endloop
  endfacet
  facet normal -0.705285 -0.0693595 0.705523
    outer loop
      vertex 53.2534 33.8515 9.42761
      vertex 53.0724 34 9.26127
      vertex 53.0902 33.819 9.26127
    endloop
  endfacet
  facet normal -0.976261 0.0958828 0.19422
    outer loop
      vertex 52.8737 34.224 8.84834
      vertex 52.8058 34 8.61762
      vertex 52.8517 34 8.84834
    endloop
  endfacet
  facet normal -0.920109 -0.0903679 0.381094
    outer loop
      vertex 52.962 33.7935 9.06568
      vertex 52.8517 34 8.84834
      vertex 52.8737 33.776 8.84834
    endloop
  endfacet
  facet normal 0.976261 -0.0958828 0.19422
    outer loop
      vertex 55.1483 34 8.84834
      vertex 55.1263 33.776 8.84834
      vertex 55.1942 34 8.61762
    endloop
  endfacet
  facet normal 0.920109 -0.0903679 0.381094
    outer loop
      vertex 55.1483 34 8.84834
      vertex 55.038 33.7935 9.06568
      vertex 55.1263 33.776 8.84834
    endloop
  endfacet
  facet normal 0.392542 0.734511 0.553538
    outer loop
      vertex 54.588 34.8799 9.06568
      vertex 54.405 34.9777 9.06568
      vertex 54.5154 34.7713 9.26127
    endloop
  endfacet
  facet normal -0.0904535 0.92013 0.381024
    outer loop
      vertex 54 35.1483 8.84834
      vertex 53.7935 35.038 9.06568
      vertex 54 35.0583 9.06568
    endloop
  endfacet
  facet normal 0.26872 0.884593 0.381163
    outer loop
      vertex 54.4394 35.0609 8.84834
      vertex 54.2065 35.038 9.06568
      vertex 54.405 34.9777 9.06568
    endloop
  endfacet
  facet normal 0.205798 0.678199 0.705474
    outer loop
      vertex 54.355 34.857 9.26127
      vertex 54.181 34.9098 9.26127
      vertex 54.2913 34.7033 9.42761
    endloop
  endfacet
  facet normal -0.0693595 0.705285 0.705523
    outer loop
      vertex 54 34.9276 9.26127
      vertex 53.819 34.9098 9.26127
      vertex 53.8515 34.7466 9.42761
    endloop
  endfacet
  facet normal -0.0698339 0.705465 0.705296
    outer loop
      vertex 54 34.9276 9.26127
      vertex 53.8515 34.7466 9.42761
      vertex 54 34.7613 9.42761
    endloop
  endfacet
  facet normal 0.634749 0.772719 -0
    outer loop
      vertex 54.8444 34.8444 8.5
      vertex 54.6635 34.993 8.61762
      vertex 54.8444 34.8444 8.61762
    endloop
  endfacet
  facet normal 0.634749 0.772719 0
    outer loop
      vertex 54.6635 34.993 8.61762
      vertex 54.8444 34.8444 8.5
      vertex 54.6635 34.993 8.5
    endloop
  endfacet
  facet normal 0.622702 0.758054 0.193899
    outer loop
      vertex 54.8444 34.8444 8.61762
      vertex 54.6635 34.993 8.61762
      vertex 54.812 34.812 8.84834
    endloop
  endfacet
  facet normal 0.284949 0.938657 0.194236
    outer loop
      vertex 54.457 35.1033 8.61762
      vertex 54.233 35.1713 8.61762
      vertex 54.4394 35.0609 8.84834
    endloop
  endfacet
  facet normal 0.0814933 0.828668 0.553777
    outer loop
      vertex 54.2065 35.038 9.06568
      vertex 54 34.9276 9.26127
      vertex 54.181 34.9098 9.26127
    endloop
  endfacet
  facet normal -0.884593 -0.26872 0.381163
    outer loop
      vertex 52.962 33.7935 9.06568
      vertex 52.9391 33.5606 8.84834
      vertex 53.0223 33.595 9.06568
    endloop
  endfacet
  facet normal -0.815391 -0.435766 0.381112
    outer loop
      vertex 53.0223 33.595 9.06568
      vertex 52.9391 33.5606 8.84834
      vertex 53.1201 33.412 9.06568
    endloop
  endfacet
  facet normal -0.622702 -0.758054 0.193899
    outer loop
      vertex 53.188 33.188 8.84834
      vertex 53.1556 33.1556 8.61762
      vertex 53.3365 33.007 8.61762
    endloop
  endfacet
  facet normal -0.622305 -0.758271 0.194325
    outer loop
      vertex 53.362 33.0452 8.84834
      vertex 53.188 33.188 8.84834
      vertex 53.3365 33.007 8.61762
    endloop
  endfacet
  facet normal -0.528595 0.643567 0.553542
    outer loop
      vertex 53.412 34.8799 9.06568
      vertex 53.3441 34.6559 9.26127
      vertex 53.4846 34.7713 9.26127
    endloop
  endfacet
  facet normal -0.392542 0.734511 0.553538
    outer loop
      vertex 53.595 34.9777 9.06568
      vertex 53.412 34.8799 9.06568
      vertex 53.4846 34.7713 9.26127
    endloop
  endfacet
  facet normal -0.884593 0.26872 0.381163
    outer loop
      vertex 53.0223 34.405 9.06568
      vertex 52.9391 34.4394 8.84834
      vertex 52.962 34.2065 9.06568
    endloop
  endfacet
  facet normal -0.547773 0.449915 0.705351
    outer loop
      vertex 53.3441 34.6559 9.26127
      vertex 53.2287 34.5154 9.26127
      vertex 53.4617 34.5383 9.42761
    endloop
  endfacet
  facet normal 0.634749 -0.772719 0
    outer loop
      vertex 54.6635 33.007 8.5
      vertex 54.8444 33.1556 8.61762
      vertex 54.6635 33.007 8.61762
    endloop
  endfacet
  facet normal 0.634749 -0.772719 0
    outer loop
      vertex 54.8444 33.1556 8.61762
      vertex 54.6635 33.007 8.5
      vertex 54.8444 33.1556 8.5
    endloop
  endfacet
  facet normal 0.758054 -0.622702 0.193899
    outer loop
      vertex 54.993 33.3365 8.61762
      vertex 54.812 33.188 8.84834
      vertex 54.8444 33.1556 8.61762
    endloop
  endfacet
  facet normal 0.547851 -0.449579 0.705506
    outer loop
      vertex 54.633 33.5771 9.42761
      vertex 54.5383 33.4617 9.42761
      vertex 54.7713 33.4846 9.26127
    endloop
  endfacet
  facet normal 0.625093 -0.33398 0.70549
    outer loop
      vertex 54.857 33.645 9.26127
      vertex 54.7033 33.7087 9.42761
      vertex 54.7713 33.4846 9.26127
    endloop
  endfacet
  facet normal 0.796905 -0.241819 0.553594
    outer loop
      vertex 54.9098 33.819 9.26127
      vertex 54.857 33.645 9.26127
      vertex 54.9777 33.595 9.06568
    endloop
  endfacet
  facet normal 0.796721 -0.242027 0.553767
    outer loop
      vertex 55.038 33.7935 9.06568
      vertex 54.9098 33.819 9.26127
      vertex 54.9777 33.595 9.06568
    endloop
  endfacet
  facet normal 0.262831 0.491489 0.830276
    outer loop
      vertex 54.4229 34.633 9.42761
      vertex 54.2165 34.5226 9.5583
      vertex 54.3143 34.4703 9.5583
    endloop
  endfacet
  facet normal 0.262667 0.491706 0.8302
    outer loop
      vertex 54.2913 34.7033 9.42761
      vertex 54.2165 34.5226 9.5583
      vertex 54.4229 34.633 9.42761
    endloop
  endfacet
  facet normal 0.16191 0.533498 0.83016
    outer loop
      vertex 54.1485 34.7466 9.42761
      vertex 54.1104 34.5548 9.5583
      vertex 54.2165 34.5226 9.5583
    endloop
  endfacet
  facet normal 0.0549167 0.554771 0.830189
    outer loop
      vertex 54.1485 34.7466 9.42761
      vertex 54 34.7613 9.42761
      vertex 54.1104 34.5548 9.5583
    endloop
  endfacet
  facet normal -0.0376717 0.382339 0.923254
    outer loop
      vertex 54 34.5657 9.5583
      vertex 53.932 34.3416 9.64833
      vertex 54 34.3483 9.64833
    endloop
  endfacet
  facet normal 0.111502 0.367733 0.923223
    outer loop
      vertex 54.2165 34.5226 9.5583
      vertex 54.068 34.3416 9.64833
      vertex 54.1333 34.3218 9.64833
    endloop
  endfacet
  facet normal 0.0568821 0.187596 0.980598
    outer loop
      vertex 54.068 34.3416 9.64833
      vertex 54.0229 34.1154 9.69422
      vertex 54.1333 34.3218 9.64833
    endloop
  endfacet
  facet normal -0.0927489 0.172734 0.980592
    outer loop
      vertex 53.955 34.1087 9.69422
      vertex 53.8667 34.3218 9.64833
      vertex 53.9347 34.0978 9.69422
    endloop
  endfacet
  facet normal -0.172734 0.0927489 0.980592
    outer loop
      vertex 53.9022 34.0653 9.69422
      vertex 53.6782 34.1333 9.64833
      vertex 53.8913 34.045 9.69422
    endloop
  endfacet
  facet normal -0.338838 0.181239 0.923223
    outer loop
      vertex 53.7104 34.1935 9.64833
      vertex 53.4774 34.2165 9.5583
      vertex 53.6782 34.1333 9.64833
    endloop
  endfacet
  facet normal -0.367733 0.111502 0.923223
    outer loop
      vertex 53.6782 34.1333 9.64833
      vertex 53.4774 34.2165 9.5583
      vertex 53.6584 34.068 9.64833
    endloop
  endfacet
  facet normal -0.0924436 0.172829 0.980604
    outer loop
      vertex 53.8667 34.3218 9.64833
      vertex 53.8065 34.2896 9.64833
      vertex 53.9347 34.0978 9.69422
    endloop
  endfacet
  facet normal -0.151841 -0.123848 0.980615
    outer loop
      vertex 53.9022 33.9347 9.69422
      vertex 53.7104 33.8065 9.64833
      vertex 53.9168 33.9168 9.69422
    endloop
  endfacet
  facet normal -0.019219 0.195058 0.980603
    outer loop
      vertex 54 34.3483 9.64833
      vertex 53.932 34.3416 9.64833
      vertex 54 34.1176 9.69422
    endloop
  endfacet
  facet normal -0.734511 0.392542 0.553538
    outer loop
      vertex 53.1201 34.588 9.06568
      vertex 53.0223 34.405 9.06568
      vertex 53.2287 34.5154 9.26127
    endloop
  endfacet
  facet normal -0.430884 0.353594 0.830247
    outer loop
      vertex 53.4617 34.5383 9.42761
      vertex 53.367 34.4229 9.42761
      vertex 53.5297 34.3143 9.5583
    endloop
  endfacet
  facet normal -0.16191 -0.533498 0.83016
    outer loop
      vertex 53.8896 33.4452 9.5583
      vertex 53.7835 33.4774 9.5583
      vertex 53.8515 33.2534 9.42761
    endloop
  endfacet
  facet normal -0.0698339 -0.705465 0.705296
    outer loop
      vertex 54 33.2387 9.42761
      vertex 53.8515 33.2534 9.42761
      vertex 54 33.0724 9.26127
    endloop
  endfacet
  facet normal -0.037751 -0.382359 0.923242
    outer loop
      vertex 53.932 33.6584 9.64833
      vertex 53.8896 33.4452 9.5583
      vertex 54 33.4343 9.5583
    endloop
  endfacet
  facet normal -0.019219 -0.195058 0.980603
    outer loop
      vertex 54 33.8824 9.69422
      vertex 53.932 33.6584 9.64833
      vertex 54 33.6517 9.64833
    endloop
  endfacet
  facet normal -0.111584 -0.367673 0.923237
    outer loop
      vertex 53.932 33.6584 9.64833
      vertex 53.7835 33.4774 9.5583
      vertex 53.8896 33.4452 9.5583
    endloop
  endfacet
  facet normal -0.111502 -0.367733 0.923223
    outer loop
      vertex 53.8667 33.6782 9.64833
      vertex 53.7835 33.4774 9.5583
      vertex 53.932 33.6584 9.64833
    endloop
  endfacet
  facet normal -0.205798 -0.678199 0.705474
    outer loop
      vertex 53.7087 33.2967 9.42761
      vertex 53.645 33.143 9.26127
      vertex 53.819 33.0902 9.26127
    endloop
  endfacet
  facet normal -0.205636 -0.678172 0.705547
    outer loop
      vertex 53.8515 33.2534 9.42761
      vertex 53.7087 33.2967 9.42761
      vertex 53.819 33.0902 9.26127
    endloop
  endfacet
  facet normal -0.430989 -0.353542 0.830214
    outer loop
      vertex 53.5297 33.6857 9.5583
      vertex 53.4617 33.4617 9.42761
      vertex 53.6 33.6 9.5583
    endloop
  endfacet
  facet normal 0.0568743 -0.1876 0.980597
    outer loop
      vertex 54.045 33.8913 9.69422
      vertex 54.0229 33.8846 9.69422
      vertex 54.1333 33.6782 9.64833
    endloop
  endfacet
  facet normal -0.0568743 0.1876 0.980597
    outer loop
      vertex 53.9771 34.1154 9.69422
      vertex 53.8667 34.3218 9.64833
      vertex 53.955 34.1087 9.69422
    endloop
  endfacet
  facet normal -0.187596 -0.0568821 0.980598
    outer loop
      vertex 53.8846 33.9771 9.69422
      vertex 53.6584 33.932 9.64833
      vertex 53.6782 33.8667 9.64833
    endloop
  endfacet
  facet normal -0.367733 -0.111502 0.923223
    outer loop
      vertex 53.6584 33.932 9.64833
      vertex 53.4774 33.7835 9.5583
      vertex 53.6782 33.8667 9.64833
    endloop
  endfacet
  facet normal 0.172829 0.0924436 0.980604
    outer loop
      vertex 54.2896 34.1935 9.64833
      vertex 54.0978 34.0653 9.69422
      vertex 54.3218 34.1333 9.64833
    endloop
  endfacet
  facet normal 0.0187524 0.195196 0.980585
    outer loop
      vertex 54.068 34.3416 9.64833
      vertex 54 34.1176 9.69422
      vertex 54.0229 34.1154 9.69422
    endloop
  endfacet
  facet normal 0.172734 -0.0927489 0.980592
    outer loop
      vertex 54.1087 33.955 9.69422
      vertex 54.0978 33.9347 9.69422
      vertex 54.3218 33.8667 9.64833
    endloop
  endfacet
  facet normal 0 0 1
    outer loop
      vertex 54.1154 34.0229 9.69422
      vertex 54.1154 33.9771 9.69422
      vertex 54.1176 34 9.69422
    endloop
  endfacet
  facet normal 0 0 1
    outer loop
      vertex 54.1087 34.045 9.69422
      vertex 54.1154 33.9771 9.69422
      vertex 54.1154 34.0229 9.69422
    endloop
  endfacet
  facet normal 0 0 1
    outer loop
      vertex 54.1087 34.045 9.69422
      vertex 54.1087 33.955 9.69422
      vertex 54.1154 33.9771 9.69422
    endloop
  endfacet
  facet normal 0 0 1
    outer loop
      vertex 54.0978 34.0653 9.69422
      vertex 54.1087 33.955 9.69422
      vertex 54.1087 34.045 9.69422
    endloop
  endfacet
  facet normal 0 0 1
    outer loop
      vertex 54.0978 34.0653 9.69422
      vertex 54.0978 33.9347 9.69422
      vertex 54.1087 33.955 9.69422
    endloop
  endfacet
  facet normal 0 0 1
    outer loop
      vertex 54.0832 34.0832 9.69422
      vertex 54.0978 33.9347 9.69422
      vertex 54.0978 34.0653 9.69422
    endloop
  endfacet
  facet normal 0 0 1
    outer loop
      vertex 54.0832 34.0832 9.69422
      vertex 54.0832 33.9168 9.69422
      vertex 54.0978 33.9347 9.69422
    endloop
  endfacet
  facet normal 0 0 1
    outer loop
      vertex 54.0653 34.0978 9.69422
      vertex 54.0832 33.9168 9.69422
      vertex 54.0832 34.0832 9.69422
    endloop
  endfacet
  facet normal 0 0 1
    outer loop
      vertex 54.0653 34.0978 9.69422
      vertex 54.0653 33.9022 9.69422
      vertex 54.0832 33.9168 9.69422
    endloop
  endfacet
  facet normal 0 0 1
    outer loop
      vertex 54.045 34.1087 9.69422
      vertex 54.0653 33.9022 9.69422
      vertex 54.0653 34.0978 9.69422
    endloop
  endfacet
  facet normal 0 0 1
    outer loop
      vertex 54.045 34.1087 9.69422
      vertex 54.045 33.8913 9.69422
      vertex 54.0653 33.9022 9.69422
    endloop
  endfacet
  facet normal 0 0 1
    outer loop
      vertex 54.0229 34.1154 9.69422
      vertex 54.045 33.8913 9.69422
      vertex 54.045 34.1087 9.69422
    endloop
  endfacet
  facet normal 0 0 1
    outer loop
      vertex 54.0229 34.1154 9.69422
      vertex 54.0229 33.8846 9.69422
      vertex 54.045 33.8913 9.69422
    endloop
  endfacet
  facet normal 0 0 1
    outer loop
      vertex 54 34.1176 9.69422
      vertex 54.0229 33.8846 9.69422
      vertex 54.0229 34.1154 9.69422
    endloop
  endfacet
  facet normal 0 0 1
    outer loop
      vertex 54 34.1176 9.69422
      vertex 54 33.8824 9.69422
      vertex 54.0229 33.8846 9.69422
    endloop
  endfacet
  facet normal -0 0 1
    outer loop
      vertex 53.9771 34.1154 9.69422
      vertex 54 33.8824 9.69422
      vertex 54 34.1176 9.69422
    endloop
  endfacet
  facet normal 0 0 1
    outer loop
      vertex 53.9771 34.1154 9.69422
      vertex 53.9771 33.8846 9.69422
      vertex 54 33.8824 9.69422
    endloop
  endfacet
  facet normal -0 0 1
    outer loop
      vertex 53.955 34.1087 9.69422
      vertex 53.9771 33.8846 9.69422
      vertex 53.9771 34.1154 9.69422
    endloop
  endfacet
  facet normal 0 0 1
    outer loop
      vertex 53.955 34.1087 9.69422
      vertex 53.955 33.8913 9.69422
      vertex 53.9771 33.8846 9.69422
    endloop
  endfacet
  facet normal -0 0 1
    outer loop
      vertex 53.9347 34.0978 9.69422
      vertex 53.955 33.8913 9.69422
      vertex 53.955 34.1087 9.69422
    endloop
  endfacet
  facet normal 0 0 1
    outer loop
      vertex 53.9347 34.0978 9.69422
      vertex 53.9347 33.9022 9.69422
      vertex 53.955 33.8913 9.69422
    endloop
  endfacet
  facet normal -0 0 1
    outer loop
      vertex 53.9168 34.0832 9.69422
      vertex 53.9347 33.9022 9.69422
      vertex 53.9347 34.0978 9.69422
    endloop
  endfacet
  facet normal 0 0 1
    outer loop
      vertex 53.9168 34.0832 9.69422
      vertex 53.9168 33.9168 9.69422
      vertex 53.9347 33.9022 9.69422
    endloop
  endfacet
  facet normal -0 0 1
    outer loop
      vertex 53.9022 34.0653 9.69422
      vertex 53.9168 33.9168 9.69422
      vertex 53.9168 34.0832 9.69422
    endloop
  endfacet
  facet normal 0 0 1
    outer loop
      vertex 53.9022 34.0653 9.69422
      vertex 53.9022 33.9347 9.69422
      vertex 53.9168 33.9168 9.69422
    endloop
  endfacet
  facet normal -0 0 1
    outer loop
      vertex 53.8913 34.045 9.69422
      vertex 53.9022 33.9347 9.69422
      vertex 53.9022 34.0653 9.69422
    endloop
  endfacet
  facet normal 0 0 1
    outer loop
      vertex 53.8913 34.045 9.69422
      vertex 53.8913 33.955 9.69422
      vertex 53.9022 33.9347 9.69422
    endloop
  endfacet
  facet normal -0 0 1
    outer loop
      vertex 53.8846 34.0229 9.69422
      vertex 53.8913 33.955 9.69422
      vertex 53.8913 34.045 9.69422
    endloop
  endfacet
  facet normal 0 0 1
    outer loop
      vertex 53.8846 34.0229 9.69422
      vertex 53.8846 33.9771 9.69422
      vertex 53.8913 33.955 9.69422
    endloop
  endfacet
  facet normal 0 -0 1
    outer loop
      vertex 53.8846 33.9771 9.69422
      vertex 53.8846 34.0229 9.69422
      vertex 53.8824 34 9.69422
    endloop
  endfacet
  facet normal 0.338838 -0.181239 0.923223
    outer loop
      vertex 54.3218 33.8667 9.64833
      vertex 54.2896 33.8065 9.64833
      vertex 54.5226 33.7835 9.5583
    endloop
  endfacet
  facet normal 0.367733 -0.111502 0.923223
    outer loop
      vertex 54.3416 33.932 9.64833
      vertex 54.3218 33.8667 9.64833
      vertex 54.5226 33.7835 9.5583
    endloop
  endfacet
  facet normal 0.187596 -0.0568821 0.980598
    outer loop
      vertex 54.3416 33.932 9.64833
      vertex 54.1154 33.9771 9.69422
      vertex 54.3218 33.8667 9.64833
    endloop
  endfacet
  facet normal 0.195196 -0.0187524 0.980585
    outer loop
      vertex 54.1176 34 9.69422
      vertex 54.1154 33.9771 9.69422
      vertex 54.3416 33.932 9.64833
    endloop
  endfacet
  facet normal 0.241819 -0.796905 0.553594
    outer loop
      vertex 54.355 33.143 9.26127
      vertex 54.181 33.0902 9.26127
      vertex 54.405 33.0223 9.06568
    endloop
  endfacet
  facet normal 0.205798 -0.678199 0.705474
    outer loop
      vertex 54.2913 33.2967 9.42761
      vertex 54.181 33.0902 9.26127
      vertex 54.355 33.143 9.26127
    endloop
  endfacet
  facet normal 0.491489 -0.262831 0.830276
    outer loop
      vertex 54.5226 33.7835 9.5583
      vertex 54.4703 33.6857 9.5583
      vertex 54.633 33.5771 9.42761
    endloop
  endfacet
  facet normal 0.430884 -0.353594 0.830247
    outer loop
      vertex 54.633 33.5771 9.42761
      vertex 54.4703 33.6857 9.5583
      vertex 54.5383 33.4617 9.42761
    endloop
  endfacet
  facet normal -0.976261 -0.0958828 0.19422
    outer loop
      vertex 52.8517 34 8.84834
      vertex 52.8058 34 8.61762
      vertex 52.8737 33.776 8.84834
    endloop
  endfacet
  facet normal -0.976267 -0.0959507 0.194156
    outer loop
      vertex 52.8737 33.776 8.84834
      vertex 52.8058 34 8.61762
      vertex 52.8287 33.767 8.61762
    endloop
  endfacet
  facet normal 0.0959507 0.976267 0.194156
    outer loop
      vertex 54.233 35.1713 8.61762
      vertex 54 35.1942 8.61762
      vertex 54.224 35.1263 8.84834
    endloop
  endfacet
  facet normal 0.0958828 0.976261 0.19422
    outer loop
      vertex 54 35.1942 8.61762
      vertex 54 35.1483 8.84834
      vertex 54.224 35.1263 8.84834
    endloop
  endfacet
  facet normal -0.586463 0.714598 0.381327
    outer loop
      vertex 53.362 34.9548 8.84834
      vertex 53.188 34.812 8.84834
      vertex 53.2517 34.7483 9.06568
    endloop
  endfacet
  facet normal -0.714598 0.586463 0.381327
    outer loop
      vertex 53.188 34.812 8.84834
      vertex 53.0452 34.638 8.84834
      vertex 53.2517 34.7483 9.06568
    endloop
  endfacet
  facet normal -0.678199 0.205798 0.705474
    outer loop
      vertex 53.143 34.355 9.26127
      vertex 53.0902 34.181 9.26127
      vertex 53.2967 34.2913 9.42761
    endloop
  endfacet
  facet normal -0.796905 0.241819 0.553594
    outer loop
      vertex 53.143 34.355 9.26127
      vertex 53.0223 34.405 9.06568
      vertex 53.0902 34.181 9.26127
    endloop
  endfacet
  facet normal 0.29712 0.243661 0.923227
    outer loop
      vertex 54.4 34.4 9.5583
      vertex 54.2463 34.2463 9.64833
      vertex 54.2896 34.1935 9.64833
    endloop
  endfacet
  facet normal 0.430989 0.353542 0.830214
    outer loop
      vertex 54.5383 34.5383 9.42761
      vertex 54.4 34.4 9.5583
      vertex 54.4703 34.3143 9.5583
    endloop
  endfacet
  facet normal 0.123848 0.151841 0.980615
    outer loop
      vertex 54.1935 34.2896 9.64833
      vertex 54.0653 34.0978 9.69422
      vertex 54.0832 34.0832 9.69422
    endloop
  endfacet
  facet normal -0.123848 -0.151841 0.980615
    outer loop
      vertex 53.9168 33.9168 9.69422
      vertex 53.8065 33.7104 9.64833
      vertex 53.9347 33.9022 9.69422
    endloop
  endfacet
  facet normal -0.0924436 -0.172829 0.980604
    outer loop
      vertex 53.9347 33.9022 9.69422
      vertex 53.8065 33.7104 9.64833
      vertex 53.8667 33.6782 9.64833
    endloop
  endfacet
  facet normal -0.24369 0.297073 0.923235
    outer loop
      vertex 53.6857 34.4703 9.5583
      vertex 53.6 34.4 9.5583
      vertex 53.8065 34.2896 9.64833
    endloop
  endfacet
  facet normal -0.243661 0.29712 0.923227
    outer loop
      vertex 53.8065 34.2896 9.64833
      vertex 53.6 34.4 9.5583
      vertex 53.7537 34.2463 9.64833
    endloop
  endfacet
  facet normal -0.172829 -0.0924436 0.980604
    outer loop
      vertex 53.9022 33.9347 9.69422
      vertex 53.6782 33.8667 9.64833
      vertex 53.7104 33.8065 9.64833
    endloop
  endfacet
  facet normal -0.0376717 -0.382339 0.923254
    outer loop
      vertex 54 33.6517 9.64833
      vertex 53.932 33.6584 9.64833
      vertex 54 33.4343 9.5583
    endloop
  endfacet
  facet normal 0.0376717 -0.382339 0.923254
    outer loop
      vertex 54 33.6517 9.64833
      vertex 54 33.4343 9.5583
      vertex 54.068 33.6584 9.64833
    endloop
  endfacet
  facet normal -0.0568821 -0.187596 0.980598
    outer loop
      vertex 53.9771 33.8846 9.69422
      vertex 53.8667 33.6782 9.64833
      vertex 53.932 33.6584 9.64833
    endloop
  endfacet
  facet normal -0.0693595 -0.705285 0.705523
    outer loop
      vertex 53.8515 33.2534 9.42761
      vertex 53.819 33.0902 9.26127
      vertex 54 33.0724 9.26127
    endloop
  endfacet
  facet normal -0.161762 -0.533477 0.830202
    outer loop
      vertex 53.7835 33.4774 9.5583
      vertex 53.7087 33.2967 9.42761
      vertex 53.8515 33.2534 9.42761
    endloop
  endfacet
  facet normal 0.0698339 -0.705465 0.705296
    outer loop
      vertex 54 33.2387 9.42761
      vertex 54 33.0724 9.26127
      vertex 54.1485 33.2534 9.42761
    endloop
  endfacet
  facet normal 0.0549167 -0.554771 0.830189
    outer loop
      vertex 54.1104 33.4452 9.5583
      vertex 54 33.2387 9.42761
      vertex 54.1485 33.2534 9.42761
    endloop
  endfacet
  facet normal -0.333946 -0.62514 0.705464
    outer loop
      vertex 53.5771 33.367 9.42761
      vertex 53.4846 33.2287 9.26127
      vertex 53.7087 33.2967 9.42761
    endloop
  endfacet
  facet normal -0.33398 -0.625093 0.70549
    outer loop
      vertex 53.7087 33.2967 9.42761
      vertex 53.4846 33.2287 9.26127
      vertex 53.645 33.143 9.26127
    endloop
  endfacet
  facet normal -0.367673 -0.111584 0.923237
    outer loop
      vertex 53.6584 33.932 9.64833
      vertex 53.4452 33.8896 9.5583
      vertex 53.4774 33.7835 9.5583
    endloop
  endfacet
  facet normal -0.533498 -0.16191 0.83016
    outer loop
      vertex 53.4452 33.8896 9.5583
      vertex 53.2534 33.8515 9.42761
      vertex 53.4774 33.7835 9.5583
    endloop
  endfacet
  facet normal -0.353542 -0.430989 0.830214
    outer loop
      vertex 53.6 33.6 9.5583
      vertex 53.4617 33.4617 9.42761
      vertex 53.6857 33.5297 9.5583
    endloop
  endfacet
  facet normal -0.24369 -0.297073 0.923235
    outer loop
      vertex 53.8065 33.7104 9.64833
      vertex 53.6 33.6 9.5583
      vertex 53.6857 33.5297 9.5583
    endloop
  endfacet
  facet normal 0.0568743 0.1876 0.980597
    outer loop
      vertex 54.1333 34.3218 9.64833
      vertex 54.0229 34.1154 9.69422
      vertex 54.045 34.1087 9.69422
    endloop
  endfacet
  facet normal -0.0568743 -0.1876 0.980597
    outer loop
      vertex 53.955 33.8913 9.69422
      vertex 53.8667 33.6782 9.64833
      vertex 53.9771 33.8846 9.69422
    endloop
  endfacet
  facet normal 0.62514 -0.333946 0.705464
    outer loop
      vertex 54.7033 33.7087 9.42761
      vertex 54.633 33.5771 9.42761
      vertex 54.7713 33.4846 9.26127
    endloop
  endfacet
  facet normal 0.491706 -0.262667 0.8302
    outer loop
      vertex 54.7033 33.7087 9.42761
      vertex 54.5226 33.7835 9.5583
      vertex 54.633 33.5771 9.42761
    endloop
  endfacet
  facet normal 0.268606 0.884676 0.38105
    outer loop
      vertex 54.224 35.1263 8.84834
      vertex 54.2065 35.038 9.06568
      vertex 54.4394 35.0609 8.84834
    endloop
  endfacet
  facet normal 0.0903679 0.920109 0.381094
    outer loop
      vertex 54.224 35.1263 8.84834
      vertex 54 35.1483 8.84834
      vertex 54.2065 35.038 9.06568
    endloop
  endfacet
  facet normal -0.643567 0.528595 0.553542
    outer loop
      vertex 53.3441 34.6559 9.26127
      vertex 53.1201 34.588 9.06568
      vertex 53.2287 34.5154 9.26127
    endloop
  endfacet
  facet normal -0.796721 0.242027 0.553767
    outer loop
      vertex 53.0223 34.405 9.06568
      vertex 52.962 34.2065 9.06568
      vertex 53.0902 34.181 9.26127
    endloop
  endfacet
  facet normal -0.625093 0.33398 0.70549
    outer loop
      vertex 53.2287 34.5154 9.26127
      vertex 53.143 34.355 9.26127
      vertex 53.2967 34.2913 9.42761
    endloop
  endfacet
  facet normal -0.62514 0.333946 0.705464
    outer loop
      vertex 53.367 34.4229 9.42761
      vertex 53.2287 34.5154 9.26127
      vertex 53.2967 34.2913 9.42761
    endloop
  endfacet
  facet normal -0.828668 0.0814933 0.553777
    outer loop
      vertex 53.0902 34.181 9.26127
      vertex 52.962 34.2065 9.06568
      vertex 53.0724 34 9.26127
    endloop
  endfacet
  facet normal -0.705285 0.0693595 0.705523
    outer loop
      vertex 53.0902 34.181 9.26127
      vertex 53.0724 34 9.26127
      vertex 53.2534 34.1485 9.42761
    endloop
  endfacet
  facet normal 0.772719 -0.634749 0
    outer loop
      vertex 54.8444 33.1556 8.61762
      vertex 54.993 33.3365 8.5
      vertex 54.993 33.3365 8.61762
    endloop
  endfacet
  facet normal 0.772719 -0.634749 0
    outer loop
      vertex 54.993 33.3365 8.5
      vertex 54.8444 33.1556 8.61762
      vertex 54.8444 33.1556 8.5
    endloop
  endfacet
  facet normal 0.297073 0.24369 0.923235
    outer loop
      vertex 54.4 34.4 9.5583
      vertex 54.2896 34.1935 9.64833
      vertex 54.4703 34.3143 9.5583
    endloop
  endfacet
  facet normal 0.338844 0.181202 0.923228
    outer loop
      vertex 54.4703 34.3143 9.5583
      vertex 54.2896 34.1935 9.64833
      vertex 54.5226 34.2165 9.5583
    endloop
  endfacet
  facet normal 0.181202 0.338844 0.923228
    outer loop
      vertex 54.2165 34.5226 9.5583
      vertex 54.1935 34.2896 9.64833
      vertex 54.3143 34.4703 9.5583
    endloop
  endfacet
  facet normal 0.24369 0.297073 0.923235
    outer loop
      vertex 54.3143 34.4703 9.5583
      vertex 54.1935 34.2896 9.64833
      vertex 54.4 34.4 9.5583
    endloop
  endfacet
  facet normal -0.29712 -0.243661 0.923227
    outer loop
      vertex 53.7104 33.8065 9.64833
      vertex 53.6 33.6 9.5583
      vertex 53.7537 33.7537 9.64833
    endloop
  endfacet
  facet normal -0.243661 -0.29712 0.923227
    outer loop
      vertex 53.7537 33.7537 9.64833
      vertex 53.6 33.6 9.5583
      vertex 53.8065 33.7104 9.64833
    endloop
  endfacet
  facet normal 0.241819 0.796905 0.553594
    outer loop
      vertex 54.405 34.9777 9.06568
      vertex 54.181 34.9098 9.26127
      vertex 54.355 34.857 9.26127
    endloop
  endfacet
  facet normal 0.392445 0.734517 0.553599
    outer loop
      vertex 54.405 34.9777 9.06568
      vertex 54.355 34.857 9.26127
      vertex 54.5154 34.7713 9.26127
    endloop
  endfacet
  facet normal -0.881941 0.47136 0
    outer loop
      vertex 52.8913 34.4592 4.5
      vertex 53.0022 34.6667 8.5
      vertex 53.0022 34.6667 4.5
    endloop
  endfacet
  facet normal -0.881941 0.47136 0
    outer loop
      vertex 53.0022 34.6667 8.5
      vertex 52.8913 34.4592 4.5
      vertex 52.8913 34.4592 8.5
    endloop
  endfacet
  facet normal 0.957039 0.28996 0
    outer loop
      vertex 55.1769 34.2341 8.5
      vertex 55.1087 34.4592 4.5
      vertex 55.1087 34.4592 8.5
    endloop
  endfacet
  facet normal 0.957039 0.28996 0
    outer loop
      vertex 55.1087 34.4592 4.5
      vertex 55.1769 34.2341 8.5
      vertex 55.1769 34.2341 4.5
    endloop
  endfacet
  facet normal 0.995167 0.0981989 0
    outer loop
      vertex 55.2 34 8.5
      vertex 55.1769 34.2341 4.5
      vertex 55.1769 34.2341 8.5
    endloop
  endfacet
  facet normal 0.995167 0.0981989 0
    outer loop
      vertex 55.1769 34.2341 4.5
      vertex 55.2 34 8.5
      vertex 55.2 34 4.5
    endloop
  endfacet
  facet normal 0.28996 -0.957039 0
    outer loop
      vertex 54.2341 32.8231 4.5
      vertex 54.4592 32.8913 8.5
      vertex 54.2341 32.8231 8.5
    endloop
  endfacet
  facet normal 0.28996 -0.957039 0
    outer loop
      vertex 54.4592 32.8913 8.5
      vertex 54.2341 32.8231 4.5
      vertex 54.4592 32.8913 4.5
    endloop
  endfacet
  facet normal -0.957039 -0.28996 0
    outer loop
      vertex 52.8913 33.5408 4.5
      vertex 52.8231 33.7659 8.5
      vertex 52.8231 33.7659 4.5
    endloop
  endfacet
  facet normal -0.957039 -0.28996 0
    outer loop
      vertex 52.8231 33.7659 8.5
      vertex 52.8913 33.5408 4.5
      vertex 52.8913 33.5408 8.5
    endloop
  endfacet
  facet normal 0.772801 -0.634649 0
    outer loop
      vertex 54.8485 33.1515 8.5
      vertex 54.9978 33.3333 4.5
      vertex 54.9978 33.3333 8.5
    endloop
  endfacet
  facet normal 0.772801 -0.634649 0
    outer loop
      vertex 54.9978 33.3333 4.5
      vertex 54.8485 33.1515 8.5
      vertex 54.8485 33.1515 4.5
    endloop
  endfacet
  facet normal 0.634649 0.772801 -0
    outer loop
      vertex 54.8485 34.8485 4.5
      vertex 54.6667 34.9978 8.5
      vertex 54.8485 34.8485 8.5
    endloop
  endfacet
  facet normal 0.634649 0.772801 0
    outer loop
      vertex 54.6667 34.9978 8.5
      vertex 54.8485 34.8485 4.5
      vertex 54.6667 34.9978 4.5
    endloop
  endfacet
  facet normal 0.28996 0.957039 -0
    outer loop
      vertex 54.4592 35.1087 4.5
      vertex 54.2341 35.1769 8.5
      vertex 54.4592 35.1087 8.5
    endloop
  endfacet
  facet normal 0.28996 0.957039 0
    outer loop
      vertex 54.2341 35.1769 8.5
      vertex 54.4592 35.1087 4.5
      vertex 54.2341 35.1769 4.5
    endloop
  endfacet
  facet normal -0.881941 -0.47136 0
    outer loop
      vertex 53.0022 33.3333 4.5
      vertex 52.8913 33.5408 8.5
      vertex 52.8913 33.5408 4.5
    endloop
  endfacet
  facet normal -0.881941 -0.47136 0
    outer loop
      vertex 52.8913 33.5408 8.5
      vertex 53.0022 33.3333 4.5
      vertex 53.0022 33.3333 8.5
    endloop
  endfacet
  facet normal 0.772801 0.634649 0
    outer loop
      vertex 54.9978 34.6667 8.5
      vertex 54.8485 34.8485 4.5
      vertex 54.8485 34.8485 8.5
    endloop
  endfacet
  facet normal 0.772801 0.634649 0
    outer loop
      vertex 54.8485 34.8485 4.5
      vertex 54.9978 34.6667 8.5
      vertex 54.9978 34.6667 4.5
    endloop
  endfacet
  facet normal 0.0981989 0.995167 -0
    outer loop
      vertex 54.2341 35.1769 4.5
      vertex 54 35.2 8.5
      vertex 54.2341 35.1769 8.5
    endloop
  endfacet
  facet normal 0.0981989 0.995167 0
    outer loop
      vertex 54 35.2 8.5
      vertex 54.2341 35.1769 4.5
      vertex 54 35.2 4.5
    endloop
  endfacet
  facet normal -0.28996 0.957039 0
    outer loop
      vertex 53.7659 35.1769 4.5
      vertex 53.5408 35.1087 8.5
      vertex 53.7659 35.1769 8.5
    endloop
  endfacet
  facet normal -0.28996 0.957039 0
    outer loop
      vertex 53.5408 35.1087 8.5
      vertex 53.7659 35.1769 4.5
      vertex 53.5408 35.1087 4.5
    endloop
  endfacet
  facet normal 0 0 1
    outer loop
      vertex 55.1769 34.2341 8.5
      vertex 55.1942 34 8.5
      vertex 55.2 34 8.5
    endloop
  endfacet
  facet normal 0 0 1
    outer loop
      vertex 55.1769 34.2341 8.5
      vertex 55.1713 34.233 8.5
      vertex 55.1942 34 8.5
    endloop
  endfacet
  facet normal 0 0 1
    outer loop
      vertex 55.1087 34.4592 8.5
      vertex 55.1713 34.233 8.5
      vertex 55.1769 34.2341 8.5
    endloop
  endfacet
  facet normal 0 0 1
    outer loop
      vertex 55.1087 34.4592 8.5
      vertex 55.1033 34.457 8.5
      vertex 55.1713 34.233 8.5
    endloop
  endfacet
  facet normal 0 0 1
    outer loop
      vertex 54.9978 34.6667 8.5
      vertex 55.1033 34.457 8.5
      vertex 55.1087 34.4592 8.5
    endloop
  endfacet
  facet normal 0 0 1
    outer loop
      vertex 54.9978 34.6667 8.5
      vertex 54.993 34.6635 8.5
      vertex 55.1033 34.457 8.5
    endloop
  endfacet
  facet normal 0 0 1
    outer loop
      vertex 54.8485 34.8485 8.5
      vertex 54.993 34.6635 8.5
      vertex 54.9978 34.6667 8.5
    endloop
  endfacet
  facet normal 0 0 1
    outer loop
      vertex 54.8485 34.8485 8.5
      vertex 54.8444 34.8444 8.5
      vertex 54.993 34.6635 8.5
    endloop
  endfacet
  facet normal 0 0 1
    outer loop
      vertex 54.6667 34.9978 8.5
      vertex 54.8444 34.8444 8.5
      vertex 54.8485 34.8485 8.5
    endloop
  endfacet
  facet normal 0 0 1
    outer loop
      vertex 54.6667 34.9978 8.5
      vertex 54.6635 34.993 8.5
      vertex 54.8444 34.8444 8.5
    endloop
  endfacet
  facet normal 0 0 1
    outer loop
      vertex 54.4592 35.1087 8.5
      vertex 54.6635 34.993 8.5
      vertex 54.6667 34.9978 8.5
    endloop
  endfacet
  facet normal 0 0 1
    outer loop
      vertex 54.4592 35.1087 8.5
      vertex 54.457 35.1033 8.5
      vertex 54.6635 34.993 8.5
    endloop
  endfacet
  facet normal 0 0 1
    outer loop
      vertex 54.2341 35.1769 8.5
      vertex 54.457 35.1033 8.5
      vertex 54.4592 35.1087 8.5
    endloop
  endfacet
  facet normal 0 0 1
    outer loop
      vertex 54.2341 35.1769 8.5
      vertex 54.233 35.1713 8.5
      vertex 54.457 35.1033 8.5
    endloop
  endfacet
  facet normal 0 0 1
    outer loop
      vertex 54 35.2 8.5
      vertex 54.233 35.1713 8.5
      vertex 54.2341 35.1769 8.5
    endloop
  endfacet
  facet normal 0 0 1
    outer loop
      vertex 54 35.2 8.5
      vertex 54 35.1942 8.5
      vertex 54.233 35.1713 8.5
    endloop
  endfacet
  facet normal 0 0 1
    outer loop
      vertex 54 35.2 8.5
      vertex 53.767 35.1713 8.5
      vertex 54 35.1942 8.5
    endloop
  endfacet
  facet normal -0 0 1
    outer loop
      vertex 53.7659 35.1769 8.5
      vertex 53.767 35.1713 8.5
      vertex 54 35.2 8.5
    endloop
  endfacet
  facet normal 0 0 1
    outer loop
      vertex 53.7659 35.1769 8.5
      vertex 53.543 35.1033 8.5
      vertex 53.767 35.1713 8.5
    endloop
  endfacet
  facet normal -0 0 1
    outer loop
      vertex 53.5408 35.1087 8.5
      vertex 53.543 35.1033 8.5
      vertex 53.7659 35.1769 8.5
    endloop
  endfacet
  facet normal 0 0 1
    outer loop
      vertex 53.5408 35.1087 8.5
      vertex 53.3365 34.993 8.5
      vertex 53.543 35.1033 8.5
    endloop
  endfacet
  facet normal -0 0 1
    outer loop
      vertex 53.3333 34.9978 8.5
      vertex 53.3365 34.993 8.5
      vertex 53.5408 35.1087 8.5
    endloop
  endfacet
  facet normal 0 0 1
    outer loop
      vertex 53.3333 34.9978 8.5
      vertex 53.1556 34.8444 8.5
      vertex 53.3365 34.993 8.5
    endloop
  endfacet
  facet normal -0 0 1
    outer loop
      vertex 53.1515 34.8485 8.5
      vertex 53.1556 34.8444 8.5
      vertex 53.3333 34.9978 8.5
    endloop
  endfacet
  facet normal 0 0 1
    outer loop
      vertex 53.1515 34.8485 8.5
      vertex 53.007 34.6635 8.5
      vertex 53.1556 34.8444 8.5
    endloop
  endfacet
  facet normal -0 0 1
    outer loop
      vertex 53.0022 34.6667 8.5
      vertex 53.007 34.6635 8.5
      vertex 53.1515 34.8485 8.5
    endloop
  endfacet
  facet normal 0 0 1
    outer loop
      vertex 53.0022 34.6667 8.5
      vertex 52.8967 34.457 8.5
      vertex 53.007 34.6635 8.5
    endloop
  endfacet
  facet normal -0 0 1
    outer loop
      vertex 52.8913 34.4592 8.5
      vertex 52.8967 34.457 8.5
      vertex 53.0022 34.6667 8.5
    endloop
  endfacet
  facet normal 0 0 1
    outer loop
      vertex 52.8913 34.4592 8.5
      vertex 52.8287 34.233 8.5
      vertex 52.8967 34.457 8.5
    endloop
  endfacet
  facet normal -0 0 1
    outer loop
      vertex 52.8231 34.2341 8.5
      vertex 52.8287 34.233 8.5
      vertex 52.8913 34.4592 8.5
    endloop
  endfacet
  facet normal 0 0 1
    outer loop
      vertex 52.8231 34.2341 8.5
      vertex 52.8058 34 8.5
      vertex 52.8287 34.233 8.5
    endloop
  endfacet
  facet normal 0 -0 1
    outer loop
      vertex 52.8058 34 8.5
      vertex 52.8231 34.2341 8.5
      vertex 52.8 34 8.5
    endloop
  endfacet
  facet normal -0 0 1
    outer loop
      vertex 55.1942 34 8.5
      vertex 55.1769 33.7659 8.5
      vertex 55.2 34 8.5
    endloop
  endfacet
  facet normal -0 0 1
    outer loop
      vertex 55.1713 33.767 8.5
      vertex 55.1769 33.7659 8.5
      vertex 55.1942 34 8.5
    endloop
  endfacet
  facet normal 0 0 1
    outer loop
      vertex 55.1713 33.767 8.5
      vertex 55.1087 33.5408 8.5
      vertex 55.1769 33.7659 8.5
    endloop
  endfacet
  facet normal -0 0 1
    outer loop
      vertex 55.1033 33.543 8.5
      vertex 55.1087 33.5408 8.5
      vertex 55.1713 33.767 8.5
    endloop
  endfacet
  facet normal 0 0 1
    outer loop
      vertex 55.1033 33.543 8.5
      vertex 54.9978 33.3333 8.5
      vertex 55.1087 33.5408 8.5
    endloop
  endfacet
  facet normal -0 0 1
    outer loop
      vertex 54.993 33.3365 8.5
      vertex 54.9978 33.3333 8.5
      vertex 55.1033 33.543 8.5
    endloop
  endfacet
  facet normal 0 0 1
    outer loop
      vertex 54.993 33.3365 8.5
      vertex 54.8485 33.1515 8.5
      vertex 54.9978 33.3333 8.5
    endloop
  endfacet
  facet normal -0 0 1
    outer loop
      vertex 54.8444 33.1556 8.5
      vertex 54.8485 33.1515 8.5
      vertex 54.993 33.3365 8.5
    endloop
  endfacet
  facet normal 0 0 1
    outer loop
      vertex 54.8444 33.1556 8.5
      vertex 54.6667 33.0022 8.5
      vertex 54.8485 33.1515 8.5
    endloop
  endfacet
  facet normal -0 0 1
    outer loop
      vertex 54.6635 33.007 8.5
      vertex 54.6667 33.0022 8.5
      vertex 54.8444 33.1556 8.5
    endloop
  endfacet
  facet normal 0 0 1
    outer loop
      vertex 54.6635 33.007 8.5
      vertex 54.4592 32.8913 8.5
      vertex 54.6667 33.0022 8.5
    endloop
  endfacet
  facet normal -0 0 1
    outer loop
      vertex 54.457 32.8967 8.5
      vertex 54.4592 32.8913 8.5
      vertex 54.6635 33.007 8.5
    endloop
  endfacet
  facet normal 0 0 1
    outer loop
      vertex 54.457 32.8967 8.5
      vertex 54.2341 32.8231 8.5
      vertex 54.4592 32.8913 8.5
    endloop
  endfacet
  facet normal -0 0 1
    outer loop
      vertex 54.233 32.8287 8.5
      vertex 54.2341 32.8231 8.5
      vertex 54.457 32.8967 8.5
    endloop
  endfacet
  facet normal 0 0 1
    outer loop
      vertex 54 32.8058 8.5
      vertex 54.2341 32.8231 8.5
      vertex 54.233 32.8287 8.5
    endloop
  endfacet
  facet normal -0 0 1
    outer loop
      vertex 54 32.8058 8.5
      vertex 54 32.8 8.5
      vertex 54.2341 32.8231 8.5
    endloop
  endfacet
  facet normal 0 0 1
    outer loop
      vertex 53.767 32.8287 8.5
      vertex 54 32.8 8.5
      vertex 54 32.8058 8.5
    endloop
  endfacet
  facet normal 0 0 1
    outer loop
      vertex 53.767 32.8287 8.5
      vertex 53.7659 32.8231 8.5
      vertex 54 32.8 8.5
    endloop
  endfacet
  facet normal 0 0 1
    outer loop
      vertex 53.543 32.8967 8.5
      vertex 53.7659 32.8231 8.5
      vertex 53.767 32.8287 8.5
    endloop
  endfacet
  facet normal 0 0 1
    outer loop
      vertex 53.543 32.8967 8.5
      vertex 53.5408 32.8913 8.5
      vertex 53.7659 32.8231 8.5
    endloop
  endfacet
  facet normal 0 0 1
    outer loop
      vertex 53.3365 33.007 8.5
      vertex 53.5408 32.8913 8.5
      vertex 53.543 32.8967 8.5
    endloop
  endfacet
  facet normal 0 0 1
    outer loop
      vertex 53.3365 33.007 8.5
      vertex 53.3333 33.0022 8.5
      vertex 53.5408 32.8913 8.5
    endloop
  endfacet
  facet normal 0 0 1
    outer loop
      vertex 53.1556 33.1556 8.5
      vertex 53.3333 33.0022 8.5
      vertex 53.3365 33.007 8.5
    endloop
  endfacet
  facet normal 0 0 1
    outer loop
      vertex 53.1556 33.1556 8.5
      vertex 53.1515 33.1515 8.5
      vertex 53.3333 33.0022 8.5
    endloop
  endfacet
  facet normal 0 0 1
    outer loop
      vertex 53.007 33.3365 8.5
      vertex 53.1515 33.1515 8.5
      vertex 53.1556 33.1556 8.5
    endloop
  endfacet
  facet normal 0 0 1
    outer loop
      vertex 53.007 33.3365 8.5
      vertex 53.0022 33.3333 8.5
      vertex 53.1515 33.1515 8.5
    endloop
  endfacet
  facet normal 0 0 1
    outer loop
      vertex 52.8967 33.543 8.5
      vertex 53.0022 33.3333 8.5
      vertex 53.007 33.3365 8.5
    endloop
  endfacet
  facet normal 0 0 1
    outer loop
      vertex 52.8967 33.543 8.5
      vertex 52.8913 33.5408 8.5
      vertex 53.0022 33.3333 8.5
    endloop
  endfacet
  facet normal 0 0 1
    outer loop
      vertex 52.8287 33.767 8.5
      vertex 52.8913 33.5408 8.5
      vertex 52.8967 33.543 8.5
    endloop
  endfacet
  facet normal 0 0 1
    outer loop
      vertex 52.8287 33.767 8.5
      vertex 52.8231 33.7659 8.5
      vertex 52.8913 33.5408 8.5
    endloop
  endfacet
  facet normal 0 0 1
    outer loop
      vertex 52.8058 34 8.5
      vertex 52.8231 33.7659 8.5
      vertex 52.8287 33.767 8.5
    endloop
  endfacet
  facet normal 0 0 1
    outer loop
      vertex 52.8231 33.7659 8.5
      vertex 52.8058 34 8.5
      vertex 52.8 34 8.5
    endloop
  endfacet
  facet normal -0.634649 -0.772801 0
    outer loop
      vertex 53.1515 33.1515 4.5
      vertex 53.3333 33.0022 8.5
      vertex 53.1515 33.1515 8.5
    endloop
  endfacet
  facet normal -0.634649 -0.772801 -0
    outer loop
      vertex 53.3333 33.0022 8.5
      vertex 53.1515 33.1515 4.5
      vertex 53.3333 33.0022 4.5
    endloop
  endfacet
  facet normal 0.47136 0.881941 -0
    outer loop
      vertex 54.6667 34.9978 4.5
      vertex 54.4592 35.1087 8.5
      vertex 54.6667 34.9978 8.5
    endloop
  endfacet
  facet normal 0.47136 0.881941 0
    outer loop
      vertex 54.4592 35.1087 8.5
      vertex 54.6667 34.9978 4.5
      vertex 54.4592 35.1087 4.5
    endloop
  endfacet
  facet normal -0.995167 0.0981989 0
    outer loop
      vertex 52.8 34 4.5
      vertex 52.8231 34.2341 8.5
      vertex 52.8231 34.2341 4.5
    endloop
  endfacet
  facet normal -0.995167 0.0981989 0
    outer loop
      vertex 52.8231 34.2341 8.5
      vertex 52.8 34 4.5
      vertex 52.8 34 8.5
    endloop
  endfacet
  facet normal 0.881941 -0.47136 0
    outer loop
      vertex 54.9978 33.3333 8.5
      vertex 55.1087 33.5408 4.5
      vertex 55.1087 33.5408 8.5
    endloop
  endfacet
  facet normal 0.881941 -0.47136 0
    outer loop
      vertex 55.1087 33.5408 4.5
      vertex 54.9978 33.3333 8.5
      vertex 54.9978 33.3333 4.5
    endloop
  endfacet
  facet normal 0.47136 -0.881941 0
    outer loop
      vertex 54.4592 32.8913 4.5
      vertex 54.6667 33.0022 8.5
      vertex 54.4592 32.8913 8.5
    endloop
  endfacet
  facet normal 0.47136 -0.881941 0
    outer loop
      vertex 54.6667 33.0022 8.5
      vertex 54.4592 32.8913 4.5
      vertex 54.6667 33.0022 4.5
    endloop
  endfacet
  facet normal -0.634649 0.772801 0
    outer loop
      vertex 53.3333 34.9978 4.5
      vertex 53.1515 34.8485 8.5
      vertex 53.3333 34.9978 8.5
    endloop
  endfacet
  facet normal -0.634649 0.772801 0
    outer loop
      vertex 53.1515 34.8485 8.5
      vertex 53.3333 34.9978 4.5
      vertex 53.1515 34.8485 4.5
    endloop
  endfacet
  facet normal -0.47136 0.881941 0
    outer loop
      vertex 53.5408 35.1087 4.5
      vertex 53.3333 34.9978 8.5
      vertex 53.5408 35.1087 8.5
    endloop
  endfacet
  facet normal -0.47136 0.881941 0
    outer loop
      vertex 53.3333 34.9978 8.5
      vertex 53.5408 35.1087 4.5
      vertex 53.3333 34.9978 4.5
    endloop
  endfacet
  facet normal 0.0981989 -0.995167 0
    outer loop
      vertex 54 32.8 4.5
      vertex 54.2341 32.8231 8.5
      vertex 54 32.8 8.5
    endloop
  endfacet
  facet normal 0.0981989 -0.995167 0
    outer loop
      vertex 54.2341 32.8231 8.5
      vertex 54 32.8 4.5
      vertex 54.2341 32.8231 4.5
    endloop
  endfacet
  facet normal -0.47136 -0.881941 0
    outer loop
      vertex 53.3333 33.0022 4.5
      vertex 53.5408 32.8913 8.5
      vertex 53.3333 33.0022 8.5
    endloop
  endfacet
  facet normal -0.47136 -0.881941 -0
    outer loop
      vertex 53.5408 32.8913 8.5
      vertex 53.3333 33.0022 4.5
      vertex 53.5408 32.8913 4.5
    endloop
  endfacet
  facet normal -0.957039 0.28996 0
    outer loop
      vertex 52.8231 34.2341 4.5
      vertex 52.8913 34.4592 8.5
      vertex 52.8913 34.4592 4.5
    endloop
  endfacet
  facet normal -0.957039 0.28996 0
    outer loop
      vertex 52.8913 34.4592 8.5
      vertex 52.8231 34.2341 4.5
      vertex 52.8231 34.2341 8.5
    endloop
  endfacet
  facet normal 0.957039 -0.28996 0
    outer loop
      vertex 55.1087 33.5408 8.5
      vertex 55.1769 33.7659 4.5
      vertex 55.1769 33.7659 8.5
    endloop
  endfacet
  facet normal 0.957039 -0.28996 0
    outer loop
      vertex 55.1769 33.7659 4.5
      vertex 55.1087 33.5408 8.5
      vertex 55.1087 33.5408 4.5
    endloop
  endfacet
  facet normal 0.881941 0.47136 0
    outer loop
      vertex 55.1087 34.4592 8.5
      vertex 54.9978 34.6667 4.5
      vertex 54.9978 34.6667 8.5
    endloop
  endfacet
  facet normal 0.881941 0.47136 0
    outer loop
      vertex 54.9978 34.6667 4.5
      vertex 55.1087 34.4592 8.5
      vertex 55.1087 34.4592 4.5
    endloop
  endfacet
  facet normal -0.0981989 0.995167 0
    outer loop
      vertex 54 35.2 4.5
      vertex 53.7659 35.1769 8.5
      vertex 54 35.2 8.5
    endloop
  endfacet
  facet normal -0.0981989 0.995167 0
    outer loop
      vertex 53.7659 35.1769 8.5
      vertex 54 35.2 4.5
      vertex 53.7659 35.1769 4.5
    endloop
  endfacet
  facet normal -0.772801 0.634649 0
    outer loop
      vertex 53.0022 34.6667 4.5
      vertex 53.1515 34.8485 8.5
      vertex 53.1515 34.8485 4.5
    endloop
  endfacet
  facet normal -0.772801 0.634649 0
    outer loop
      vertex 53.1515 34.8485 8.5
      vertex 53.0022 34.6667 4.5
      vertex 53.0022 34.6667 8.5
    endloop
  endfacet
  facet normal 0.995167 -0.0981989 0
    outer loop
      vertex 55.1769 33.7659 8.5
      vertex 55.2 34 4.5
      vertex 55.2 34 8.5
    endloop
  endfacet
  facet normal 0.995167 -0.0981989 0
    outer loop
      vertex 55.2 34 4.5
      vertex 55.1769 33.7659 8.5
      vertex 55.1769 33.7659 4.5
    endloop
  endfacet
  facet normal -0.772801 -0.634649 0
    outer loop
      vertex 53.1515 33.1515 4.5
      vertex 53.0022 33.3333 8.5
      vertex 53.0022 33.3333 4.5
    endloop
  endfacet
  facet normal -0.772801 -0.634649 0
    outer loop
      vertex 53.0022 33.3333 8.5
      vertex 53.1515 33.1515 4.5
      vertex 53.1515 33.1515 8.5
    endloop
  endfacet
  facet normal 0.634649 -0.772801 0
    outer loop
      vertex 54.6667 33.0022 4.5
      vertex 54.8485 33.1515 8.5
      vertex 54.6667 33.0022 8.5
    endloop
  endfacet
  facet normal 0.634649 -0.772801 0
    outer loop
      vertex 54.8485 33.1515 8.5
      vertex 54.6667 33.0022 4.5
      vertex 54.8485 33.1515 4.5
    endloop
  endfacet
  facet normal -0.995167 -0.0981989 0
    outer loop
      vertex 52.8231 33.7659 4.5
      vertex 52.8 34 8.5
      vertex 52.8 34 4.5
    endloop
  endfacet
  facet normal -0.995167 -0.0981989 0
    outer loop
      vertex 52.8 34 8.5
      vertex 52.8231 33.7659 4.5
      vertex 52.8231 33.7659 8.5
    endloop
  endfacet
  facet normal -0.0981989 -0.995167 0
    outer loop
      vertex 53.7659 32.8231 4.5
      vertex 54 32.8 8.5
      vertex 53.7659 32.8231 8.5
    endloop
  endfacet
  facet normal -0.0981989 -0.995167 -0
    outer loop
      vertex 54 32.8 8.5
      vertex 53.7659 32.8231 4.5
      vertex 54 32.8 4.5
    endloop
  endfacet
  facet normal -0.28996 -0.957039 0
    outer loop
      vertex 53.5408 32.8913 4.5
      vertex 53.7659 32.8231 8.5
      vertex 53.5408 32.8913 8.5
    endloop
  endfacet
  facet normal -0.28996 -0.957039 -0
    outer loop
      vertex 53.7659 32.8231 8.5
      vertex 53.5408 32.8913 4.5
      vertex 53.7659 32.8231 4.5
    endloop
  endfacet
endsolid OpenSCAD_Model
