solid OpenSCAD_Model
  facet normal -0.88205 0.471156 0
    outer loop
      vertex 0.228362 114.148 2.99
      vertex 0.505591 114.667 16
      vertex 0.505591 114.667 2.99
    endloop
  endfacet
  facet normal -0.88205 0.471156 0
    outer loop
      vertex 0.505591 114.667 16
      vertex 0.228362 114.148 2.99
      vertex 0.228362 114.148 16
    endloop
  endfacet
  facet normal 0.772994 -0.634413 0
    outer loop
      vertex 67.1213 68.8787 16
      vertex 67.4944 69.3333 2.99
      vertex 67.4944 69.3333 16
    endloop
  endfacet
  facet normal 0.772994 -0.634413 0
    outer loop
      vertex 67.4944 69.3333 2.99
      vertex 67.1213 68.8787 16
      vertex 67.1213 68.8787 2.99
    endloop
  endfacet
  facet normal 0.097938 -0.995193 0
    outer loop
      vertex 65 68 2.99
      vertex 65.5853 68.0576 16
      vertex 65 68 16
    endloop
  endfacet
  facet normal 0.097938 -0.995193 0
    outer loop
      vertex 65.5853 68.0576 16
      vertex 65 68 2.99
      vertex 65.5853 68.0576 2.99
    endloop
  endfacet
  facet normal -0.772592 0.634902 0
    outer loop
      vertex 0.505591 114.667 2.99
      vertex 0.87868 115.121 16
      vertex 0.87868 115.121 2.99
    endloop
  endfacet
  facet normal -0.772592 0.634902 0
    outer loop
      vertex 0.87868 115.121 16
      vertex 0.505591 114.667 2.99
      vertex 0.505591 114.667 16
    endloop
  endfacet
  facet normal -0.99518 0.0980632 0
    outer loop
      vertex 0 113 2.99
      vertex 0.0576448 113.585 16
      vertex 0.0576448 113.585 2.99
    endloop
  endfacet
  facet normal -0.99518 0.0980632 0
    outer loop
      vertex 0.0576448 113.585 16
      vertex 0 113 2.99
      vertex 0 113 16
    endloop
  endfacet
  facet normal 0.471329 -0.881957 0
    outer loop
      vertex 66.148 68.2284 2.99
      vertex 66.6667 68.5056 16
      vertex 66.148 68.2284 16
    endloop
  endfacet
  facet normal 0.471329 -0.881957 0
    outer loop
      vertex 66.6667 68.5056 16
      vertex 66.148 68.2284 2.99
      vertex 66.6667 68.5056 2.99
    endloop
  endfacet
  facet normal -0.290413 -0.956901 0
    outer loop
      vertex 1.85195 68.2284 2.99
      vertex 2.41473 68.0576 16
      vertex 1.85195 68.2284 16
    endloop
  endfacet
  facet normal -0.290413 -0.956901 -0
    outer loop
      vertex 2.41473 68.0576 16
      vertex 1.85195 68.2284 2.99
      vertex 2.41473 68.0576 2.99
    endloop
  endfacet
  facet normal -0.0979429 -0.995192 0
    outer loop
      vertex 2.41473 68.0576 2.99
      vertex 3 68 16
      vertex 2.41473 68.0576 16
    endloop
  endfacet
  facet normal -0.0979429 -0.995192 -0
    outer loop
      vertex 3 68 16
      vertex 2.41473 68.0576 2.99
      vertex 3 68 2.99
    endloop
  endfacet
  facet normal 0 1 -0
    outer loop
      vertex 65 116 2.99
      vertex 3 116 16
      vertex 65 116 16
    endloop
  endfacet
  facet normal 0 1 0
    outer loop
      vertex 3 116 16
      vertex 65 116 2.99
      vertex 3 116 2.99
    endloop
  endfacet
  facet normal -0.471358 -0.881942 0
    outer loop
      vertex 1.33329 68.5056 2.99
      vertex 1.85195 68.2284 16
      vertex 1.33329 68.5056 16
    endloop
  endfacet
  facet normal -0.471358 -0.881942 -0
    outer loop
      vertex 1.85195 68.2284 16
      vertex 1.33329 68.5056 2.99
      vertex 1.85195 68.2284 2.99
    endloop
  endfacet
  facet normal -0.634405 -0.773001 0
    outer loop
      vertex 0.87868 68.8787 2.99
      vertex 1.33329 68.5056 16
      vertex 0.87868 68.8787 16
    endloop
  endfacet
  facet normal -0.634405 -0.773001 -0
    outer loop
      vertex 1.33329 68.5056 16
      vertex 0.87868 68.8787 2.99
      vertex 1.33329 68.5056 2.99
    endloop
  endfacet
  facet normal 0.290451 -0.95689 0
    outer loop
      vertex 65.5853 68.0576 2.99
      vertex 66.148 68.2284 16
      vertex 65.5853 68.0576 16
    endloop
  endfacet
  facet normal 0.290451 -0.95689 0
    outer loop
      vertex 66.148 68.2284 16
      vertex 65.5853 68.0576 2.99
      vertex 66.148 68.2284 2.99
    endloop
  endfacet
  facet normal 0.634413 -0.772994 0
    outer loop
      vertex 66.6667 68.5056 2.99
      vertex 67.1213 68.8787 16
      vertex 66.6667 68.5056 16
    endloop
  endfacet
  facet normal 0.634413 -0.772994 0
    outer loop
      vertex 67.1213 68.8787 16
      vertex 66.6667 68.5056 2.99
      vertex 67.1213 68.8787 2.99
    endloop
  endfacet
  facet normal -1 0 0
    outer loop
      vertex 0 71 2.99
      vertex 0 113 16
      vertex 0 113 2.99
    endloop
  endfacet
  facet normal -1 -0 0
    outer loop
      vertex 0 113 16
      vertex 0 71 2.99
      vertex 0 71 16
    endloop
  endfacet
  facet normal 0 -1 0
    outer loop
      vertex 3 68 16
      vertex 38 68 5.9
      vertex 65 68 16
    endloop
  endfacet
  facet normal 0 -1 0
    outer loop
      vertex 3 68 16
      vertex 37.2196 68 5.82314
      vertex 38 68 5.9
    endloop
  endfacet
  facet normal 0 -1 0
    outer loop
      vertex 3 68 16
      vertex 36.4693 68 5.59553
      vertex 37.2196 68 5.82314
    endloop
  endfacet
  facet normal 0 -1 0
    outer loop
      vertex 3 68 16
      vertex 35.7777 68 5.22588
      vertex 36.4693 68 5.59553
    endloop
  endfacet
  facet normal 0 -1 0
    outer loop
      vertex 3 68 16
      vertex 35.1716 68 4.72843
      vertex 35.7777 68 5.22588
    endloop
  endfacet
  facet normal 0 -1 0
    outer loop
      vertex 3 68 16
      vertex 34.6741 68 4.12229
      vertex 35.1716 68 4.72843
    endloop
  endfacet
  facet normal 0 -1 0
    outer loop
      vertex 3 68 16
      vertex 34.3045 68 3.43075
      vertex 34.6741 68 4.12229
    endloop
  endfacet
  facet normal 0 -1 0
    outer loop
      vertex 3 68 2.99
      vertex 34.3045 68 3.43075
      vertex 3 68 16
    endloop
  endfacet
  facet normal 0 -1 0
    outer loop
      vertex 34.3045 68 3.43075
      vertex 3 68 2.99
      vertex 34.1708 68 2.99
    endloop
  endfacet
  facet normal 0 -1 0
    outer loop
      vertex 38.7803 68 5.82314
      vertex 65 68 16
      vertex 38 68 5.9
    endloop
  endfacet
  facet normal 0 -1 0
    outer loop
      vertex 39.5307 68 5.59553
      vertex 65 68 16
      vertex 38.7803 68 5.82314
    endloop
  endfacet
  facet normal 0 -1 0
    outer loop
      vertex 40.2223 68 5.22588
      vertex 65 68 16
      vertex 39.5307 68 5.59553
    endloop
  endfacet
  facet normal 0 -1 0
    outer loop
      vertex 40.8284 68 4.72843
      vertex 65 68 16
      vertex 40.2223 68 5.22588
    endloop
  endfacet
  facet normal 0 -1 0
    outer loop
      vertex 41.3259 68 4.12229
      vertex 65 68 16
      vertex 40.8284 68 4.72843
    endloop
  endfacet
  facet normal 0 -1 0
    outer loop
      vertex 41.6955 68 3.43075
      vertex 65 68 16
      vertex 41.3259 68 4.12229
    endloop
  endfacet
  facet normal 0 -1 0
    outer loop
      vertex 65 68 2.99
      vertex 41.6955 68 3.43075
      vertex 41.8292 68 2.99
    endloop
  endfacet
  facet normal 0 -1 0
    outer loop
      vertex 41.6955 68 3.43075
      vertex 65 68 2.99
      vertex 65 68 16
    endloop
  endfacet
  facet normal -0.881937 -0.471368 0
    outer loop
      vertex 0.505591 69.3333 2.99
      vertex 0.228362 69.852 16
      vertex 0.228362 69.852 2.99
    endloop
  endfacet
  facet normal -0.881937 -0.471368 0
    outer loop
      vertex 0.228362 69.852 16
      vertex 0.505591 69.3333 2.99
      vertex 0.505591 69.3333 16
    endloop
  endfacet
  facet normal -0.0986165 0.995126 0
    outer loop
      vertex 3 116 2.99
      vertex 2.41473 115.942 16
      vertex 3 116 16
    endloop
  endfacet
  facet normal -0.0986165 0.995126 0
    outer loop
      vertex 2.41473 115.942 16
      vertex 3 116 2.99
      vertex 2.41473 115.942 2.99
    endloop
  endfacet
  facet normal 0.0986115 0.995126 -0
    outer loop
      vertex 65.5853 115.942 2.99
      vertex 65 116 16
      vertex 65.5853 115.942 16
    endloop
  endfacet
  facet normal 0.0986115 0.995126 0
    outer loop
      vertex 65 116 16
      vertex 65.5853 115.942 2.99
      vertex 65 116 2.99
    endloop
  endfacet
  facet normal -0.634303 0.773084 0
    outer loop
      vertex 1.33329 115.494 2.99
      vertex 0.87868 115.121 16
      vertex 1.33329 115.494 16
    endloop
  endfacet
  facet normal -0.634303 0.773084 0
    outer loop
      vertex 0.87868 115.121 16
      vertex 1.33329 115.494 2.99
      vertex 0.87868 115.121 2.99
    endloop
  endfacet
  facet normal -0.773003 -0.634402 0
    outer loop
      vertex 0.87868 68.8787 2.99
      vertex 0.505591 69.3333 16
      vertex 0.505591 69.3333 2.99
    endloop
  endfacet
  facet normal -0.773003 -0.634402 0
    outer loop
      vertex 0.505591 69.3333 16
      vertex 0.87868 68.8787 2.99
      vertex 0.87868 68.8787 16
    endloop
  endfacet
  facet normal -0.289167 0.957279 0
    outer loop
      vertex 2.41473 115.942 2.99
      vertex 1.85195 115.772 16
      vertex 2.41473 115.942 16
    endloop
  endfacet
  facet normal -0.289167 0.957279 0
    outer loop
      vertex 1.85195 115.772 16
      vertex 2.41473 115.942 2.99
      vertex 1.85195 115.772 2.99
    endloop
  endfacet
  facet normal 1 0 0
    outer loop
      vertex 68 113 16
      vertex 68 92 7.9
      vertex 68 113 2.99
    endloop
  endfacet
  facet normal 1 -0 0
    outer loop
      vertex 68 71 16
      vertex 68 92 7.9
      vertex 68 113 16
    endloop
  endfacet
  facet normal 1 0 0
    outer loop
      vertex 68 92 7.9
      vertex 68 71 16
      vertex 68 77 7.9
    endloop
  endfacet
  facet normal 1 0 0
    outer loop
      vertex 68 71 2.99
      vertex 68 77 7.9
      vertex 68 71 16
    endloop
  endfacet
  facet normal 1 0 0
    outer loop
      vertex 68 77 7.9
      vertex 68 71 2.99
      vertex 68 77 2.99
    endloop
  endfacet
  facet normal 1 0 0
    outer loop
      vertex 68 113 2.99
      vertex 68 92 7.9
      vertex 68 92 2.99
    endloop
  endfacet
  facet normal -0.956972 0.29018 0
    outer loop
      vertex 0.0576448 113.585 2.99
      vertex 0.228362 114.148 16
      vertex 0.228362 114.148 2.99
    endloop
  endfacet
  facet normal -0.956972 0.29018 0
    outer loop
      vertex 0.228362 114.148 16
      vertex 0.0576448 113.585 2.99
      vertex 0.0576448 113.585 16
    endloop
  endfacet
  facet normal -0.995185 -0.0980134 0
    outer loop
      vertex 0.0576448 70.4147 2.99
      vertex 0 71 16
      vertex 0 71 2.99
    endloop
  endfacet
  facet normal -0.995185 -0.0980134 0
    outer loop
      vertex 0 71 16
      vertex 0.0576448 70.4147 2.99
      vertex 0.0576448 70.4147 16
    endloop
  endfacet
  facet normal 0.995193 -0.097938 0
    outer loop
      vertex 67.9424 70.4147 16
      vertex 68 71 2.99
      vertex 68 71 16
    endloop
  endfacet
  facet normal 0.995193 -0.097938 0
    outer loop
      vertex 68 71 2.99
      vertex 67.9424 70.4147 16
      vertex 67.9424 70.4147 2.99
    endloop
  endfacet
  facet normal 0.289205 0.957267 -0
    outer loop
      vertex 66.148 115.772 2.99
      vertex 65.5853 115.942 16
      vertex 66.148 115.772 16
    endloop
  endfacet
  facet normal 0.289205 0.957267 0
    outer loop
      vertex 65.5853 115.942 16
      vertex 66.148 115.772 2.99
      vertex 65.5853 115.942 2.99
    endloop
  endfacet
  facet normal 0.956933 0.290309 0
    outer loop
      vertex 67.9424 113.585 16
      vertex 67.7716 114.148 2.99
      vertex 67.7716 114.148 16
    endloop
  endfacet
  facet normal 0.956933 0.290309 0
    outer loop
      vertex 67.7716 114.148 2.99
      vertex 67.9424 113.585 16
      vertex 67.9424 113.585 2.99
    endloop
  endfacet
  facet normal 0.881957 -0.471329 0
    outer loop
      vertex 67.4944 69.3333 16
      vertex 67.7716 69.852 2.99
      vertex 67.7716 69.852 16
    endloop
  endfacet
  facet normal 0.881957 -0.471329 0
    outer loop
      vertex 67.7716 69.852 2.99
      vertex 67.4944 69.3333 16
      vertex 67.4944 69.3333 2.99
    endloop
  endfacet
  facet normal -0.472415 0.881376 0
    outer loop
      vertex 1.85195 115.772 2.99
      vertex 1.33329 115.494 16
      vertex 1.85195 115.772 16
    endloop
  endfacet
  facet normal -0.472415 0.881376 0
    outer loop
      vertex 1.33329 115.494 16
      vertex 1.85195 115.772 2.99
      vertex 1.33329 115.494 2.99
    endloop
  endfacet
  facet normal 0.882071 0.471117 0
    outer loop
      vertex 67.7716 114.148 16
      vertex 67.4944 114.667 2.99
      vertex 67.4944 114.667 16
    endloop
  endfacet
  facet normal 0.882071 0.471117 0
    outer loop
      vertex 67.4944 114.667 2.99
      vertex 67.7716 114.148 16
      vertex 67.7716 114.148 2.99
    endloop
  endfacet
  facet normal 0.772583 0.634914 0
    outer loop
      vertex 67.4944 114.667 16
      vertex 67.1213 115.121 2.99
      vertex 67.1213 115.121 16
    endloop
  endfacet
  facet normal 0.772583 0.634914 0
    outer loop
      vertex 67.1213 115.121 2.99
      vertex 67.4944 114.667 16
      vertex 67.4944 114.667 2.99
    endloop
  endfacet
  facet normal 0.634311 0.773078 -0
    outer loop
      vertex 67.1213 115.121 2.99
      vertex 66.6667 115.494 16
      vertex 67.1213 115.121 16
    endloop
  endfacet
  facet normal 0.634311 0.773078 0
    outer loop
      vertex 66.6667 115.494 16
      vertex 67.1213 115.121 2.99
      vertex 66.6667 115.494 2.99
    endloop
  endfacet
  facet normal -0.956929 -0.290322 0
    outer loop
      vertex 0.228362 69.852 2.99
      vertex 0.0576448 70.4147 16
      vertex 0.0576448 70.4147 2.99
    endloop
  endfacet
  facet normal -0.956929 -0.290322 0
    outer loop
      vertex 0.0576448 70.4147 16
      vertex 0.228362 69.852 2.99
      vertex 0.228362 69.852 16
    endloop
  endfacet
  facet normal 0.95689 -0.290451 0
    outer loop
      vertex 67.7716 69.852 16
      vertex 67.9424 70.4147 2.99
      vertex 67.9424 70.4147 16
    endloop
  endfacet
  facet normal 0.95689 -0.290451 0
    outer loop
      vertex 67.9424 70.4147 2.99
      vertex 67.7716 69.852 16
      vertex 67.7716 69.852 2.99
    endloop
  endfacet
  facet normal 0.472386 0.881392 -0
    outer loop
      vertex 66.6667 115.494 2.99
      vertex 66.148 115.772 16
      vertex 66.6667 115.494 16
    endloop
  endfacet
  facet normal 0.472386 0.881392 0
    outer loop
      vertex 66.148 115.772 16
      vertex 66.6667 115.494 2.99
      vertex 66.148 115.772 2.99
    endloop
  endfacet
  facet normal 0.995188 0.0979877 0
    outer loop
      vertex 68 113 16
      vertex 67.9424 113.585 2.99
      vertex 67.9424 113.585 16
    endloop
  endfacet
  facet normal 0.995188 0.0979877 0
    outer loop
      vertex 67.9424 113.585 2.99
      vertex 68 113 16
      vertex 68 113 2.99
    endloop
  endfacet
  facet normal 0 0 -1
    outer loop
      vertex 34.1708 68 2.99
      vertex 3.00912 68.01 2.99
      vertex 34.1708 68.01 2.99
    endloop
  endfacet
  facet normal 0 0 -1
    outer loop
      vertex 3 68 2.99
      vertex 3.00734 68.0102 2.99
      vertex 3.00912 68.01 2.99
    endloop
  endfacet
  facet normal 0 0 -1
    outer loop
      vertex 3 68 2.99
      vertex 3.00912 68.01 2.99
      vertex 34.1708 68 2.99
    endloop
  endfacet
  facet normal -0 0 -1
    outer loop
      vertex 3.00734 68.0102 2.99
      vertex 3 68 2.99
      vertex 3.00721 68.0102 2.99
    endloop
  endfacet
  facet normal 0 0 -1
    outer loop
      vertex 3 68 2.99
      vertex 2.98848 68.012 2.99
      vertex 3.00721 68.0102 2.99
    endloop
  endfacet
  facet normal 0 0 -1
    outer loop
      vertex 2.41473 68.0576 2.99
      vertex 2.98848 68.012 2.99
      vertex 3 68 2.99
    endloop
  endfacet
  facet normal 0 0 1
    outer loop
      vertex 2.42231 68.0681 2.99
      vertex 2.42157 68.0683 2.99
      vertex 2.42225 68.0681 2.99
    endloop
  endfacet
  facet normal 0 0 -1
    outer loop
      vertex 2.98848 68.012 2.99
      vertex 2.41473 68.0576 2.99
      vertex 2.42402 68.0676 2.99
    endloop
  endfacet
  facet normal 0 0 -1
    outer loop
      vertex 2.41473 68.0576 2.99
      vertex 2.42231 68.0681 2.99
      vertex 2.42402 68.0676 2.99
    endloop
  endfacet
  facet normal 0 0 -1
    outer loop
      vertex 2.41473 68.0576 2.99
      vertex 2.42157 68.0683 2.99
      vertex 2.42231 68.0681 2.99
    endloop
  endfacet
  facet normal 0 0 -1
    outer loop
      vertex 2.41473 68.0576 2.99
      vertex 2.40918 68.0721 2.99
      vertex 2.42157 68.0683 2.99
    endloop
  endfacet
  facet normal 0 0 -1
    outer loop
      vertex 2.41473 68.0576 2.99
      vertex 2.36416 68.0858 2.99
      vertex 2.40918 68.0721 2.99
    endloop
  endfacet
  facet normal 0 0 -1
    outer loop
      vertex 1.85195 68.2284 2.99
      vertex 2.36416 68.0858 2.99
      vertex 2.41473 68.0576 2.99
    endloop
  endfacet
  facet normal 0 0 -1
    outer loop
      vertex 2.36416 68.0858 2.99
      vertex 1.85195 68.2284 2.99
      vertex 1.86141 68.2383 2.99
    endloop
  endfacet
  facet normal 0 0 -1
    outer loop
      vertex 1.85195 68.2284 2.99
      vertex 1.85983 68.2391 2.99
      vertex 1.86141 68.2383 2.99
    endloop
  endfacet
  facet normal 0 0 -1
    outer loop
      vertex 1.85195 68.2284 2.99
      vertex 1.85695 68.2406 2.99
      vertex 1.85983 68.2391 2.99
    endloop
  endfacet
  facet normal 0 0 -1
    outer loop
      vertex 1.85195 68.2284 2.99
      vertex 1.8339 68.2529 2.99
      vertex 1.85695 68.2406 2.99
    endloop
  endfacet
  facet normal 0 0 -1
    outer loop
      vertex 1.33329 68.5056 2.99
      vertex 1.8339 68.2529 2.99
      vertex 1.85195 68.2284 2.99
    endloop
  endfacet
  facet normal 0 0 -1
    outer loop
      vertex 1.8339 68.2529 2.99
      vertex 1.33329 68.5056 2.99
      vertex 1.3429 68.5154 2.99
    endloop
  endfacet
  facet normal 0 0 -1
    outer loop
      vertex 1.33329 68.5056 2.99
      vertex 1.34152 68.5165 2.99
      vertex 1.3429 68.5154 2.99
    endloop
  endfacet
  facet normal 0 0 -1
    outer loop
      vertex 1.33329 68.5056 2.99
      vertex 1.34061 68.5172 2.99
      vertex 1.34152 68.5165 2.99
    endloop
  endfacet
  facet normal 0 0 -1
    outer loop
      vertex 1.33329 68.5056 2.99
      vertex 1.3361 68.5209 2.99
      vertex 1.34061 68.5172 2.99
    endloop
  endfacet
  facet normal 0 0 -1
    outer loop
      vertex 1.33329 68.5056 2.99
      vertex 1.29454 68.555 2.99
      vertex 1.3361 68.5209 2.99
    endloop
  endfacet
  facet normal 0 0 -1
    outer loop
      vertex 0.87868 68.8787 2.99
      vertex 1.29454 68.555 2.99
      vertex 1.33329 68.5056 2.99
    endloop
  endfacet
  facet normal 0 0 -1
    outer loop
      vertex 1.29454 68.555 2.99
      vertex 0.87868 68.8787 2.99
      vertex 0.888421 68.8883 2.99
    endloop
  endfacet
  facet normal 0 0 -1
    outer loop
      vertex 0.87868 68.8787 2.99
      vertex 0.887287 68.8896 2.99
      vertex 0.888421 68.8883 2.99
    endloop
  endfacet
  facet normal 0 0 -1
    outer loop
      vertex 0.87868 68.8787 2.99
      vertex 0.886722 68.8903 2.99
      vertex 0.887287 68.8896 2.99
    endloop
  endfacet
  facet normal 0 0 -1
    outer loop
      vertex 0.87868 68.8787 2.99
      vertex 0.88619 68.891 2.99
      vertex 0.886722 68.8903 2.99
    endloop
  endfacet
  facet normal 0 0 -1
    outer loop
      vertex 0.87868 68.8787 2.99
      vertex 0.848738 68.9366 2.99
      vertex 0.88619 68.891 2.99
    endloop
  endfacet
  facet normal 0 0 -1
    outer loop
      vertex 0.505591 69.3333 2.99
      vertex 0.848738 68.9366 2.99
      vertex 0.87868 68.8787 2.99
    endloop
  endfacet
  facet normal 0 0 -1
    outer loop
      vertex 0.848738 68.9366 2.99
      vertex 0.505591 69.3333 2.99
      vertex 0.515442 69.3427 2.99
    endloop
  endfacet
  facet normal 0 0 -1
    outer loop
      vertex 0.505591 69.3333 2.99
      vertex 0.5146 69.3442 2.99
      vertex 0.515442 69.3427 2.99
    endloop
  endfacet
  facet normal 0 0 -1
    outer loop
      vertex 0.505591 69.3333 2.99
      vertex 0.512238 69.3487 2.99
      vertex 0.5146 69.3442 2.99
    endloop
  endfacet
  facet normal 0 0 -1
    outer loop
      vertex 0.505591 69.3333 2.99
      vertex 0.500739 69.3702 2.99
      vertex 0.512238 69.3487 2.99
    endloop
  endfacet
  facet normal 0 0 -1
    outer loop
      vertex 0.228362 69.852 2.99
      vertex 0.500739 69.3702 2.99
      vertex 0.505591 69.3333 2.99
    endloop
  endfacet
  facet normal 0 0 -1
    outer loop
      vertex 0.228362 69.852 2.99
      vertex 0.237644 69.8633 2.99
      vertex 0.237775 69.8628 2.99
    endloop
  endfacet
  facet normal -0 0 -1
    outer loop
      vertex 0.237644 69.8633 2.99
      vertex 0.228362 69.852 2.99
      vertex 0.236689 69.8664 2.99
    endloop
  endfacet
  facet normal 0 0 -1
    outer loop
      vertex 0.500739 69.3702 2.99
      vertex 0.228362 69.852 2.99
      vertex 0.238294 69.8612 2.99
    endloop
  endfacet
  facet normal 0 0 -1
    outer loop
      vertex 0.228362 69.852 2.99
      vertex 0.237775 69.8628 2.99
      vertex 0.238294 69.8612 2.99
    endloop
  endfacet
  facet normal -0 0 -1
    outer loop
      vertex 0.236689 69.8664 2.99
      vertex 0.228362 69.852 2.99
      vertex 0.22924 69.891 2.99
    endloop
  endfacet
  facet normal 0 0 -1
    outer loop
      vertex 0.0576448 70.4147 2.99
      vertex 0.22924 69.891 2.99
      vertex 0.228362 69.852 2.99
    endloop
  endfacet
  facet normal 0 0 -1
    outer loop
      vertex 0.22924 69.891 2.99
      vertex 0.0576448 70.4147 2.99
      vertex 0.0676271 70.4237 2.99
    endloop
  endfacet
  facet normal 0 0 -1
    outer loop
      vertex 0.0576448 70.4147 2.99
      vertex 0.067452 70.4254 2.99
      vertex 0.0676271 70.4237 2.99
    endloop
  endfacet
  facet normal 0 0 -1
    outer loop
      vertex 0 71 2.99
      vertex 0.067452 70.4254 2.99
      vertex 0.0576448 70.4147 2.99
    endloop
  endfacet
  facet normal -0 0 -1
    outer loop
      vertex 0.00999928 71.0088 2.99
      vertex 0 71 2.99
      vertex 0.00999928 112.991 2.99
    endloop
  endfacet
  facet normal 0 0 -1
    outer loop
      vertex 0.067452 70.4254 2.99
      vertex 0 71 2.99
      vertex 0.00999928 71.0088 2.99
    endloop
  endfacet
  facet normal 0 0 -1
    outer loop
      vertex 67.99 112.991 2.99
      vertex 68 92 2.99
      vertex 67.99 92 2.99
    endloop
  endfacet
  facet normal 0 0 -1
    outer loop
      vertex 68 92 2.99
      vertex 67.99 112.991 2.99
      vertex 68 113 2.99
    endloop
  endfacet
  facet normal 0 0 -1
    outer loop
      vertex 67.9325 113.575 2.99
      vertex 68 113 2.99
      vertex 67.99 112.991 2.99
    endloop
  endfacet
  facet normal 0 0 -1
    outer loop
      vertex 68 113 2.99
      vertex 67.9325 113.575 2.99
      vertex 67.9424 113.585 2.99
    endloop
  endfacet
  facet normal 0 0 -1
    outer loop
      vertex 67.9324 113.576 2.99
      vertex 67.9424 113.585 2.99
      vertex 67.9325 113.575 2.99
    endloop
  endfacet
  facet normal 0 0 -1
    outer loop
      vertex 67.7708 114.109 2.99
      vertex 67.9424 113.585 2.99
      vertex 67.9324 113.576 2.99
    endloop
  endfacet
  facet normal 0 0 -1
    outer loop
      vertex 67.9424 113.585 2.99
      vertex 67.7708 114.109 2.99
      vertex 67.7716 114.148 2.99
    endloop
  endfacet
  facet normal 0 0 -1
    outer loop
      vertex 67.7633 114.134 2.99
      vertex 67.7716 114.148 2.99
      vertex 67.7708 114.109 2.99
    endloop
  endfacet
  facet normal 0 0 -1
    outer loop
      vertex 67.7624 114.137 2.99
      vertex 67.7716 114.148 2.99
      vertex 67.7633 114.134 2.99
    endloop
  endfacet
  facet normal 0 0 -1
    outer loop
      vertex 67.7622 114.137 2.99
      vertex 67.7716 114.148 2.99
      vertex 67.7624 114.137 2.99
    endloop
  endfacet
  facet normal 0 0 -1
    outer loop
      vertex 67.7617 114.139 2.99
      vertex 67.7716 114.148 2.99
      vertex 67.7622 114.137 2.99
    endloop
  endfacet
  facet normal 0 0 -1
    outer loop
      vertex 67.4993 114.63 2.99
      vertex 67.7716 114.148 2.99
      vertex 67.7617 114.139 2.99
    endloop
  endfacet
  facet normal 0 0 -1
    outer loop
      vertex 67.4993 114.63 2.99
      vertex 67.4944 114.667 2.99
      vertex 67.7716 114.148 2.99
    endloop
  endfacet
  facet normal 0 0 -1
    outer loop
      vertex 67.4878 114.651 2.99
      vertex 67.4944 114.667 2.99
      vertex 67.4993 114.63 2.99
    endloop
  endfacet
  facet normal 0 0 -1
    outer loop
      vertex 67.4854 114.656 2.99
      vertex 67.4944 114.667 2.99
      vertex 67.4878 114.651 2.99
    endloop
  endfacet
  facet normal 0 0 -1
    outer loop
      vertex 67.4846 114.657 2.99
      vertex 67.4944 114.667 2.99
      vertex 67.4854 114.656 2.99
    endloop
  endfacet
  facet normal 0 0 -1
    outer loop
      vertex 67.1513 115.063 2.99
      vertex 67.4944 114.667 2.99
      vertex 67.4846 114.657 2.99
    endloop
  endfacet
  facet normal 0 0 -1
    outer loop
      vertex 67.1513 115.063 2.99
      vertex 67.1213 115.121 2.99
      vertex 67.4944 114.667 2.99
    endloop
  endfacet
  facet normal 0 0 -1
    outer loop
      vertex 67.1138 115.109 2.99
      vertex 67.1213 115.121 2.99
      vertex 67.1513 115.063 2.99
    endloop
  endfacet
  facet normal 0 0 -1
    outer loop
      vertex 67.1133 115.11 2.99
      vertex 67.1213 115.121 2.99
      vertex 67.1138 115.109 2.99
    endloop
  endfacet
  facet normal 0 0 -1
    outer loop
      vertex 67.1127 115.11 2.99
      vertex 67.1213 115.121 2.99
      vertex 67.1133 115.11 2.99
    endloop
  endfacet
  facet normal 0 0 -1
    outer loop
      vertex 67.1116 115.112 2.99
      vertex 67.1213 115.121 2.99
      vertex 67.1127 115.11 2.99
    endloop
  endfacet
  facet normal 0 0 -1
    outer loop
      vertex 66.7055 115.445 2.99
      vertex 67.1213 115.121 2.99
      vertex 67.1116 115.112 2.99
    endloop
  endfacet
  facet normal 0 0 -1
    outer loop
      vertex 66.7055 115.445 2.99
      vertex 66.6667 115.494 2.99
      vertex 67.1213 115.121 2.99
    endloop
  endfacet
  facet normal 0 0 -1
    outer loop
      vertex 66.6639 115.479 2.99
      vertex 66.6667 115.494 2.99
      vertex 66.7055 115.445 2.99
    endloop
  endfacet
  facet normal 0 0 -1
    outer loop
      vertex 66.6594 115.483 2.99
      vertex 66.6667 115.494 2.99
      vertex 66.6639 115.479 2.99
    endloop
  endfacet
  facet normal 0 0 -1
    outer loop
      vertex 66.6585 115.484 2.99
      vertex 66.6667 115.494 2.99
      vertex 66.6594 115.483 2.99
    endloop
  endfacet
  facet normal 0 0 -1
    outer loop
      vertex 66.6571 115.485 2.99
      vertex 66.6667 115.494 2.99
      vertex 66.6585 115.484 2.99
    endloop
  endfacet
  facet normal 0 0 -1
    outer loop
      vertex 66.1661 115.747 2.99
      vertex 66.6667 115.494 2.99
      vertex 66.6571 115.485 2.99
    endloop
  endfacet
  facet normal 0 0 -1
    outer loop
      vertex 66.1661 115.747 2.99
      vertex 66.148 115.772 2.99
      vertex 66.6667 115.494 2.99
    endloop
  endfacet
  facet normal 0 0 -1
    outer loop
      vertex 66.1431 115.759 2.99
      vertex 66.148 115.772 2.99
      vertex 66.1661 115.747 2.99
    endloop
  endfacet
  facet normal 0 0 -1
    outer loop
      vertex 66.1402 115.761 2.99
      vertex 66.148 115.772 2.99
      vertex 66.1431 115.759 2.99
    endloop
  endfacet
  facet normal 0 0 -1
    outer loop
      vertex 66.1386 115.762 2.99
      vertex 66.148 115.772 2.99
      vertex 66.1402 115.761 2.99
    endloop
  endfacet
  facet normal 0 0 -1
    outer loop
      vertex 65.6358 115.914 2.99
      vertex 66.148 115.772 2.99
      vertex 66.1386 115.762 2.99
    endloop
  endfacet
  facet normal 0 0 -1
    outer loop
      vertex 65.5853 115.942 2.99
      vertex 65.6358 115.914 2.99
      vertex 65.5908 115.928 2.99
    endloop
  endfacet
  facet normal 0 0 -1
    outer loop
      vertex 65.6358 115.914 2.99
      vertex 65.5853 115.942 2.99
      vertex 66.148 115.772 2.99
    endloop
  endfacet
  facet normal 0 0 -1
    outer loop
      vertex 65.5784 115.932 2.99
      vertex 65.5853 115.942 2.99
      vertex 65.5908 115.928 2.99
    endloop
  endfacet
  facet normal 0 0 -1
    outer loop
      vertex 65.5778 115.932 2.99
      vertex 65.5853 115.942 2.99
      vertex 65.5784 115.932 2.99
    endloop
  endfacet
  facet normal 0 0 -1
    outer loop
      vertex 65.5777 115.932 2.99
      vertex 65.5853 115.942 2.99
      vertex 65.5778 115.932 2.99
    endloop
  endfacet
  facet normal 0 0 -1
    outer loop
      vertex 65.576 115.932 2.99
      vertex 65.5853 115.942 2.99
      vertex 65.5777 115.932 2.99
    endloop
  endfacet
  facet normal 0 0 -1
    outer loop
      vertex 65.0115 115.988 2.99
      vertex 65.5853 115.942 2.99
      vertex 65.576 115.932 2.99
    endloop
  endfacet
  facet normal 0 0 -1
    outer loop
      vertex 65.0115 115.988 2.99
      vertex 65 116 2.99
      vertex 65.5853 115.942 2.99
    endloop
  endfacet
  facet normal 0 0 -1
    outer loop
      vertex 64.9928 115.99 2.99
      vertex 65 116 2.99
      vertex 65.0115 115.988 2.99
    endloop
  endfacet
  facet normal 0 0 -1
    outer loop
      vertex 64.9927 115.99 2.99
      vertex 65 116 2.99
      vertex 64.9928 115.99 2.99
    endloop
  endfacet
  facet normal 0 0 -1
    outer loop
      vertex 64.9909 115.99 2.99
      vertex 65 116 2.99
      vertex 64.9927 115.99 2.99
    endloop
  endfacet
  facet normal 0 0 -1
    outer loop
      vertex 3.00912 115.99 2.99
      vertex 65 116 2.99
      vertex 64.9909 115.99 2.99
    endloop
  endfacet
  facet normal 0 0 -1
    outer loop
      vertex 3 116 2.99
      vertex 3.00734 115.99 2.99
      vertex 3.00721 115.99 2.99
    endloop
  endfacet
  facet normal 0 0 -1
    outer loop
      vertex 3.00912 115.99 2.99
      vertex 3 116 2.99
      vertex 65 116 2.99
    endloop
  endfacet
  facet normal 0 0 -1
    outer loop
      vertex 3.00734 115.99 2.99
      vertex 3 116 2.99
      vertex 3.00912 115.99 2.99
    endloop
  endfacet
  facet normal 0 0 -1
    outer loop
      vertex 2.98848 115.988 2.99
      vertex 3 116 2.99
      vertex 3.00721 115.99 2.99
    endloop
  endfacet
  facet normal 0 0 -1
    outer loop
      vertex 2.41473 115.942 2.99
      vertex 2.98848 115.988 2.99
      vertex 2.42402 115.932 2.99
    endloop
  endfacet
  facet normal 0 0 0
    outer loop
      vertex 2.42157 115.932 2.99
      vertex 2.42231 115.932 2.99
      vertex 2.42225 115.932 2.99
    endloop
  endfacet
  facet normal -0 0 -1
    outer loop
      vertex 2.98848 115.988 2.99
      vertex 2.41473 115.942 2.99
      vertex 3 116 2.99
    endloop
  endfacet
  facet normal 0 0 -1
    outer loop
      vertex 2.42231 115.932 2.99
      vertex 2.41473 115.942 2.99
      vertex 2.42402 115.932 2.99
    endloop
  endfacet
  facet normal 0 0 -1
    outer loop
      vertex 2.42157 115.932 2.99
      vertex 2.41473 115.942 2.99
      vertex 2.42231 115.932 2.99
    endloop
  endfacet
  facet normal 0 0 -1
    outer loop
      vertex 2.40918 115.928 2.99
      vertex 2.41473 115.942 2.99
      vertex 2.42157 115.932 2.99
    endloop
  endfacet
  facet normal 0 0 -1
    outer loop
      vertex 2.36416 115.914 2.99
      vertex 2.41473 115.942 2.99
      vertex 2.40918 115.928 2.99
    endloop
  endfacet
  facet normal 0 0 -1
    outer loop
      vertex 1.85195 115.772 2.99
      vertex 2.36416 115.914 2.99
      vertex 1.86141 115.762 2.99
    endloop
  endfacet
  facet normal -0 0 -1
    outer loop
      vertex 2.36416 115.914 2.99
      vertex 1.85195 115.772 2.99
      vertex 2.41473 115.942 2.99
    endloop
  endfacet
  facet normal 0 0 -1
    outer loop
      vertex 1.85983 115.761 2.99
      vertex 1.85195 115.772 2.99
      vertex 1.86141 115.762 2.99
    endloop
  endfacet
  facet normal 0 0 -1
    outer loop
      vertex 1.85695 115.759 2.99
      vertex 1.85195 115.772 2.99
      vertex 1.85983 115.761 2.99
    endloop
  endfacet
  facet normal 0 0 -1
    outer loop
      vertex 1.8339 115.747 2.99
      vertex 1.85195 115.772 2.99
      vertex 1.85695 115.759 2.99
    endloop
  endfacet
  facet normal 0 0 -1
    outer loop
      vertex 1.33329 115.494 2.99
      vertex 1.8339 115.747 2.99
      vertex 1.3429 115.485 2.99
    endloop
  endfacet
  facet normal -0 0 -1
    outer loop
      vertex 1.8339 115.747 2.99
      vertex 1.33329 115.494 2.99
      vertex 1.85195 115.772 2.99
    endloop
  endfacet
  facet normal 0 0 -1
    outer loop
      vertex 1.34152 115.484 2.99
      vertex 1.33329 115.494 2.99
      vertex 1.3429 115.485 2.99
    endloop
  endfacet
  facet normal 0 0 -1
    outer loop
      vertex 1.34061 115.483 2.99
      vertex 1.33329 115.494 2.99
      vertex 1.34152 115.484 2.99
    endloop
  endfacet
  facet normal 0 0 -1
    outer loop
      vertex 1.3361 115.479 2.99
      vertex 1.33329 115.494 2.99
      vertex 1.34061 115.483 2.99
    endloop
  endfacet
  facet normal 0 0 -1
    outer loop
      vertex 1.29454 115.445 2.99
      vertex 1.33329 115.494 2.99
      vertex 1.3361 115.479 2.99
    endloop
  endfacet
  facet normal 0 0 -1
    outer loop
      vertex 0.87868 115.121 2.99
      vertex 1.29454 115.445 2.99
      vertex 0.888421 115.112 2.99
    endloop
  endfacet
  facet normal -0 0 -1
    outer loop
      vertex 1.29454 115.445 2.99
      vertex 0.87868 115.121 2.99
      vertex 1.33329 115.494 2.99
    endloop
  endfacet
  facet normal 0 0 -1
    outer loop
      vertex 0.887287 115.11 2.99
      vertex 0.87868 115.121 2.99
      vertex 0.888421 115.112 2.99
    endloop
  endfacet
  facet normal 0 0 -1
    outer loop
      vertex 0.886722 115.11 2.99
      vertex 0.87868 115.121 2.99
      vertex 0.887287 115.11 2.99
    endloop
  endfacet
  facet normal 0 0 -1
    outer loop
      vertex 0.88619 115.109 2.99
      vertex 0.87868 115.121 2.99
      vertex 0.886722 115.11 2.99
    endloop
  endfacet
  facet normal 0 0 -1
    outer loop
      vertex 0.848738 115.063 2.99
      vertex 0.87868 115.121 2.99
      vertex 0.88619 115.109 2.99
    endloop
  endfacet
  facet normal 0 0 -1
    outer loop
      vertex 0.505591 114.667 2.99
      vertex 0.848738 115.063 2.99
      vertex 0.515442 114.657 2.99
    endloop
  endfacet
  facet normal -0 0 -1
    outer loop
      vertex 0.848738 115.063 2.99
      vertex 0.505591 114.667 2.99
      vertex 0.87868 115.121 2.99
    endloop
  endfacet
  facet normal 0 0 -1
    outer loop
      vertex 0.5146 114.656 2.99
      vertex 0.505591 114.667 2.99
      vertex 0.515442 114.657 2.99
    endloop
  endfacet
  facet normal 0 0 -1
    outer loop
      vertex 0.512238 114.651 2.99
      vertex 0.505591 114.667 2.99
      vertex 0.5146 114.656 2.99
    endloop
  endfacet
  facet normal 0 0 -1
    outer loop
      vertex 0.500739 114.63 2.99
      vertex 0.505591 114.667 2.99
      vertex 0.512238 114.651 2.99
    endloop
  endfacet
  facet normal 0 0 -1
    outer loop
      vertex 0.228362 114.148 2.99
      vertex 0.500739 114.63 2.99
      vertex 0.238294 114.139 2.99
    endloop
  endfacet
  facet normal 0 0 -1
    outer loop
      vertex 0.228362 114.148 2.99
      vertex 0.237644 114.137 2.99
      vertex 0.236689 114.134 2.99
    endloop
  endfacet
  facet normal 0 0 -1
    outer loop
      vertex 0.228362 114.148 2.99
      vertex 0.236689 114.134 2.99
      vertex 0.22924 114.109 2.99
    endloop
  endfacet
  facet normal -0 0 -1
    outer loop
      vertex 0.500739 114.63 2.99
      vertex 0.228362 114.148 2.99
      vertex 0.505591 114.667 2.99
    endloop
  endfacet
  facet normal 0 0 -1
    outer loop
      vertex 0.237775 114.137 2.99
      vertex 0.228362 114.148 2.99
      vertex 0.238294 114.139 2.99
    endloop
  endfacet
  facet normal 0 0 -1
    outer loop
      vertex 0.237644 114.137 2.99
      vertex 0.228362 114.148 2.99
      vertex 0.237775 114.137 2.99
    endloop
  endfacet
  facet normal 0 0 -1
    outer loop
      vertex 0.0576448 113.585 2.99
      vertex 0.22924 114.109 2.99
      vertex 0.0676271 113.576 2.99
    endloop
  endfacet
  facet normal -0 0 -1
    outer loop
      vertex 0.22924 114.109 2.99
      vertex 0.0576448 113.585 2.99
      vertex 0.228362 114.148 2.99
    endloop
  endfacet
  facet normal 0 0 -1
    outer loop
      vertex 0.067452 113.575 2.99
      vertex 0.0576448 113.585 2.99
      vertex 0.0676271 113.576 2.99
    endloop
  endfacet
  facet normal 0 0 -1
    outer loop
      vertex 0 113 2.99
      vertex 0.067452 113.575 2.99
      vertex 0.00999928 112.991 2.99
    endloop
  endfacet
  facet normal -0 0 -1
    outer loop
      vertex 0.067452 113.575 2.99
      vertex 0 113 2.99
      vertex 0.0576448 113.585 2.99
    endloop
  endfacet
  facet normal 0 0 -1
    outer loop
      vertex 0 113 2.99
      vertex 0.00999928 112.991 2.99
      vertex 0 71 2.99
    endloop
  endfacet
  facet normal 0 0 -1
    outer loop
      vertex 68 71 2.99
      vertex 67.99 71.0088 2.99
      vertex 68 77 2.99
    endloop
  endfacet
  facet normal 0 0 -1
    outer loop
      vertex 67.9325 70.4254 2.99
      vertex 68 71 2.99
      vertex 67.9424 70.4147 2.99
    endloop
  endfacet
  facet normal -0 0 -1
    outer loop
      vertex 68 71 2.99
      vertex 67.9325 70.4254 2.99
      vertex 67.99 71.0088 2.99
    endloop
  endfacet
  facet normal 0 0 -1
    outer loop
      vertex 67.9424 70.4147 2.99
      vertex 67.9324 70.4237 2.99
      vertex 67.9325 70.4254 2.99
    endloop
  endfacet
  facet normal 0 0 -1
    outer loop
      vertex 67.7708 69.891 2.99
      vertex 67.9424 70.4147 2.99
      vertex 67.7716 69.852 2.99
    endloop
  endfacet
  facet normal -0 0 -1
    outer loop
      vertex 67.9424 70.4147 2.99
      vertex 67.7708 69.891 2.99
      vertex 67.9324 70.4237 2.99
    endloop
  endfacet
  facet normal 0 0 -1
    outer loop
      vertex 67.7716 69.852 2.99
      vertex 67.7633 69.8664 2.99
      vertex 67.7708 69.891 2.99
    endloop
  endfacet
  facet normal 0 0 -1
    outer loop
      vertex 67.7716 69.852 2.99
      vertex 67.7624 69.8633 2.99
      vertex 67.7633 69.8664 2.99
    endloop
  endfacet
  facet normal 0 0 -1
    outer loop
      vertex 67.7716 69.852 2.99
      vertex 67.7622 69.8628 2.99
      vertex 67.7624 69.8633 2.99
    endloop
  endfacet
  facet normal 0 0 -1
    outer loop
      vertex 67.7716 69.852 2.99
      vertex 67.7617 69.8612 2.99
      vertex 67.7622 69.8628 2.99
    endloop
  endfacet
  facet normal -0 0 -1
    outer loop
      vertex 67.7716 69.852 2.99
      vertex 67.4993 69.3702 2.99
      vertex 67.7617 69.8612 2.99
    endloop
  endfacet
  facet normal 0 0 -1
    outer loop
      vertex 67.4944 69.3333 2.99
      vertex 67.4993 69.3702 2.99
      vertex 67.7716 69.852 2.99
    endloop
  endfacet
  facet normal 0 0 -1
    outer loop
      vertex 67.4944 69.3333 2.99
      vertex 67.4878 69.3487 2.99
      vertex 67.4993 69.3702 2.99
    endloop
  endfacet
  facet normal 0 0 -1
    outer loop
      vertex 67.4944 69.3333 2.99
      vertex 67.4854 69.3442 2.99
      vertex 67.4878 69.3487 2.99
    endloop
  endfacet
  facet normal 0 0 -1
    outer loop
      vertex 67.4944 69.3333 2.99
      vertex 67.4846 69.3427 2.99
      vertex 67.4854 69.3442 2.99
    endloop
  endfacet
  facet normal -0 0 -1
    outer loop
      vertex 67.4944 69.3333 2.99
      vertex 67.1513 68.9366 2.99
      vertex 67.4846 69.3427 2.99
    endloop
  endfacet
  facet normal 0 0 -1
    outer loop
      vertex 67.1213 68.8787 2.99
      vertex 67.1513 68.9366 2.99
      vertex 67.4944 69.3333 2.99
    endloop
  endfacet
  facet normal 0 0 -1
    outer loop
      vertex 67.1213 68.8787 2.99
      vertex 67.1138 68.891 2.99
      vertex 67.1513 68.9366 2.99
    endloop
  endfacet
  facet normal 0 0 -1
    outer loop
      vertex 67.1213 68.8787 2.99
      vertex 67.1133 68.8903 2.99
      vertex 67.1138 68.891 2.99
    endloop
  endfacet
  facet normal 0 0 -1
    outer loop
      vertex 67.1213 68.8787 2.99
      vertex 67.1127 68.8896 2.99
      vertex 67.1133 68.8903 2.99
    endloop
  endfacet
  facet normal 0 0 -1
    outer loop
      vertex 67.1213 68.8787 2.99
      vertex 67.1116 68.8883 2.99
      vertex 67.1127 68.8896 2.99
    endloop
  endfacet
  facet normal -0 0 -1
    outer loop
      vertex 67.1213 68.8787 2.99
      vertex 66.7055 68.555 2.99
      vertex 67.1116 68.8883 2.99
    endloop
  endfacet
  facet normal 0 0 -1
    outer loop
      vertex 66.6667 68.5056 2.99
      vertex 66.7055 68.555 2.99
      vertex 67.1213 68.8787 2.99
    endloop
  endfacet
  facet normal 0 0 -1
    outer loop
      vertex 66.6667 68.5056 2.99
      vertex 66.6639 68.5209 2.99
      vertex 66.7055 68.555 2.99
    endloop
  endfacet
  facet normal 0 0 -1
    outer loop
      vertex 66.6667 68.5056 2.99
      vertex 66.6594 68.5172 2.99
      vertex 66.6639 68.5209 2.99
    endloop
  endfacet
  facet normal 0 0 -1
    outer loop
      vertex 66.6667 68.5056 2.99
      vertex 66.6585 68.5165 2.99
      vertex 66.6594 68.5172 2.99
    endloop
  endfacet
  facet normal 0 0 -1
    outer loop
      vertex 66.6667 68.5056 2.99
      vertex 66.6571 68.5154 2.99
      vertex 66.6585 68.5165 2.99
    endloop
  endfacet
  facet normal -0 0 -1
    outer loop
      vertex 66.6667 68.5056 2.99
      vertex 66.1661 68.2529 2.99
      vertex 66.6571 68.5154 2.99
    endloop
  endfacet
  facet normal 0 0 -1
    outer loop
      vertex 66.148 68.2284 2.99
      vertex 66.1661 68.2529 2.99
      vertex 66.6667 68.5056 2.99
    endloop
  endfacet
  facet normal 0 0 -1
    outer loop
      vertex 66.148 68.2284 2.99
      vertex 66.1431 68.2406 2.99
      vertex 66.1661 68.2529 2.99
    endloop
  endfacet
  facet normal 0 0 -1
    outer loop
      vertex 66.148 68.2284 2.99
      vertex 66.1402 68.2391 2.99
      vertex 66.1431 68.2406 2.99
    endloop
  endfacet
  facet normal 0 0 -1
    outer loop
      vertex 66.148 68.2284 2.99
      vertex 66.1386 68.2383 2.99
      vertex 66.1402 68.2391 2.99
    endloop
  endfacet
  facet normal -0 0 -1
    outer loop
      vertex 66.148 68.2284 2.99
      vertex 65.6358 68.0858 2.99
      vertex 66.1386 68.2383 2.99
    endloop
  endfacet
  facet normal 0 0 -1
    outer loop
      vertex 65.5853 68.0576 2.99
      vertex 65.6358 68.0858 2.99
      vertex 66.148 68.2284 2.99
    endloop
  endfacet
  facet normal 0 0 -1
    outer loop
      vertex 65.6358 68.0858 2.99
      vertex 65.5853 68.0576 2.99
      vertex 65.5908 68.0721 2.99
    endloop
  endfacet
  facet normal 0 0 -1
    outer loop
      vertex 65.5853 68.0576 2.99
      vertex 65.5784 68.0683 2.99
      vertex 65.5908 68.0721 2.99
    endloop
  endfacet
  facet normal 0 0 -1
    outer loop
      vertex 65.5853 68.0576 2.99
      vertex 65.5778 68.0681 2.99
      vertex 65.5784 68.0683 2.99
    endloop
  endfacet
  facet normal 0 0 -1
    outer loop
      vertex 65.5853 68.0576 2.99
      vertex 65.5777 68.0681 2.99
      vertex 65.5778 68.0681 2.99
    endloop
  endfacet
  facet normal 0 0 -1
    outer loop
      vertex 65.5853 68.0576 2.99
      vertex 65.576 68.0676 2.99
      vertex 65.5777 68.0681 2.99
    endloop
  endfacet
  facet normal -0 0 -1
    outer loop
      vertex 65.5853 68.0576 2.99
      vertex 65.0115 68.012 2.99
      vertex 65.576 68.0676 2.99
    endloop
  endfacet
  facet normal 0 0 -1
    outer loop
      vertex 65 68 2.99
      vertex 65.0115 68.012 2.99
      vertex 65.5853 68.0576 2.99
    endloop
  endfacet
  facet normal 0 0 -1
    outer loop
      vertex 65 68 2.99
      vertex 64.9928 68.0102 2.99
      vertex 65.0115 68.012 2.99
    endloop
  endfacet
  facet normal 0 0 -1
    outer loop
      vertex 65 68 2.99
      vertex 64.9927 68.0102 2.99
      vertex 64.9928 68.0102 2.99
    endloop
  endfacet
  facet normal 0 0 -1
    outer loop
      vertex 65 68 2.99
      vertex 64.9909 68.01 2.99
      vertex 64.9927 68.0102 2.99
    endloop
  endfacet
  facet normal 0 0 -1
    outer loop
      vertex 41.8292 68 2.99
      vertex 64.9909 68.01 2.99
      vertex 65 68 2.99
    endloop
  endfacet
  facet normal -0 0 -1
    outer loop
      vertex 64.9909 68.01 2.99
      vertex 41.8292 68 2.99
      vertex 41.8292 68.01 2.99
    endloop
  endfacet
  facet normal -0 0 -1
    outer loop
      vertex 68 77 2.99
      vertex 67.99 71.0088 2.99
      vertex 67.99 77 2.99
    endloop
  endfacet
  facet normal -0.375364 0.457244 -0.806244
    outer loop
      vertex 2.70522 113.315 1.125
      vertex 1.34152 115.484 2.99
      vertex 3.80115 112.231 0
    endloop
  endfacet
  facet normal -0.445854 0.405727 -0.797872
    outer loop
      vertex 1.34152 115.484 2.99
      vertex 2.70522 113.315 1.125
      vertex 1.34061 115.483 2.99
    endloop
  endfacet
  facet normal 0.347446 0.503796 -0.790867
    outer loop
      vertex 65.5858 114.393 1.875
      vertex 66.1402 115.761 2.99
      vertex 66.1431 115.759 2.99
    endloop
  endfacet
  facet normal 0.285591 0.533273 -0.796277
    outer loop
      vertex 66.1402 115.761 2.99
      vertex 65.5858 114.393 1.875
      vertex 63.7844 112.558 0
    endloop
  endfacet
  facet normal -0.675821 -0.0665542 -0.734055
    outer loop
      vertex 0.00999928 71.0088 2.99
      vertex 3 73.625 0
      vertex 0.067452 70.4254 2.99
    endloop
  endfacet
  facet normal 0.0638482 -0.67598 -0.734149
    outer loop
      vertex 62.2647 71 0
      vertex 62.7983 71.0504 0
      vertex 62.8631 70.3438 0.65625
    endloop
  endfacet
  facet normal -0.448911 0.383683 -0.807011
    outer loop
      vertex 2.70522 113.315 1.125
      vertex 3.80115 112.231 0
      vertex 3.46098 111.833 0
    endloop
  endfacet
  facet normal -0.528103 0.293382 -0.79689
    outer loop
      vertex 2.07564 113.161 1.40625
      vertex 2.53742 112.719 0.9375
      vertex 3.20821 111.38 0
    endloop
  endfacet
  facet normal -0.534729 0.285819 -0.795219
    outer loop
      vertex 0.238294 114.139 2.99
      vertex 0.500739 114.63 2.99
      vertex 0.414602 113.975 2.8125
    endloop
  endfacet
  facet normal 0.527097 0.29415 -0.797273
    outer loop
      vertex 64.539 111.833 0
      vertex 65.4626 112.719 0.9375
      vertex 64.7918 111.38 0
    endloop
  endfacet
  facet normal 0.447912 -0.383924 -0.807451
    outer loop
      vertex 67.1127 68.8896 2.99
      vertex 65.4626 71.2812 0.9375
      vertex 67.1133 68.8903 2.99
    endloop
  endfacet
  facet normal 0.457739 -0.375723 -0.805796
    outer loop
      vertex 65.4626 71.2812 0.9375
      vertex 67.1127 68.8896 2.99
      vertex 64.539 72.1666 0
    endloop
  endfacet
  facet normal -0.707107 0 -0.707107
    outer loop
      vertex 3 73.625 0
      vertex 0.00999928 112.991 2.99
      vertex 3 110.375 0
    endloop
  endfacet
  facet normal -0.707107 -0 -0.707107
    outer loop
      vertex 0.00999928 112.991 2.99
      vertex 3 73.625 0
      vertex 0.00999928 71.0088 2.99
    endloop
  endfacet
  facet normal -0.375554 0.457148 -0.80621
    outer loop
      vertex 1.51797 114.489 2.34375
      vertex 1.34061 115.483 2.99
      vertex 2.70522 113.315 1.125
    endloop
  endfacet
  facet normal -0.398221 0.448994 -0.79989
    outer loop
      vertex 1.34061 115.483 2.99
      vertex 1.51797 114.489 2.34375
      vertex 1.3361 115.479 2.99
    endloop
  endfacet
  facet normal -0.456893 0.376497 -0.805915
    outer loop
      vertex 2.53742 112.719 0.9375
      vertex 0.887287 115.11 2.99
      vertex 3.46098 111.833 0
    endloop
  endfacet
  facet normal 0 0.651353 -0.758775
    outer loop
      vertex 0.887287 115.11 2.99
      vertex 2.53742 112.719 0.9375
      vertex 0.886722 115.11 2.99
    endloop
  endfacet
  facet normal -0.527125 0.294131 -0.797261
    outer loop
      vertex 2.53742 112.719 0.9375
      vertex 3.46098 111.833 0
      vertex 3.20821 111.38 0
    endloop
  endfacet
  facet normal -0.60306 0.190398 -0.77464
    outer loop
      vertex 1.06644 113.369 2.15625
      vertex 3.20821 111.38 0
      vertex 3.05256 110.887 0
    endloop
  endfacet
  facet normal 0.534766 0.285789 -0.795204
    outer loop
      vertex 67.4993 114.63 2.99
      vertex 67.7617 114.139 2.99
      vertex 67.5854 113.975 2.8125
    endloop
  endfacet
  facet normal -0.449108 0.383548 -0.806965
    outer loop
      vertex 1.51797 114.489 2.34375
      vertex 2.70522 113.315 1.125
      vertex 3.46098 111.833 0
    endloop
  endfacet
  facet normal -0.459373 0.374333 -0.805513
    outer loop
      vertex 2.07564 113.161 1.40625
      vertex 0.886722 115.11 2.99
      vertex 2.53742 112.719 0.9375
    endloop
  endfacet
  facet normal -0.554006 0.294731 -0.778595
    outer loop
      vertex 0.886722 115.11 2.99
      vertex 2.07564 113.161 1.40625
      vertex 0.88619 115.109 2.99
    endloop
  endfacet
  facet normal -0.529264 0.28981 -0.797427
    outer loop
      vertex 1.06644 113.369 2.15625
      vertex 0.500739 114.63 2.99
      vertex 0.512238 114.651 2.99
    endloop
  endfacet
  facet normal -0.534823 0.285814 -0.795157
    outer loop
      vertex 0.500739 114.63 2.99
      vertex 1.06644 113.369 2.15625
      vertex 0.414602 113.975 2.8125
    endloop
  endfacet
  facet normal -0.535207 0.285534 -0.794999
    outer loop
      vertex 1.06644 113.369 2.15625
      vertex 0.5146 114.656 2.99
      vertex 3.20821 111.38 0
    endloop
  endfacet
  facet normal -0.562697 0.265818 -0.78276
    outer loop
      vertex 0.5146 114.656 2.99
      vertex 1.06644 113.369 2.15625
      vertex 0.512238 114.651 2.99
    endloop
  endfacet
  facet normal -0.603507 0.189795 -0.77444
    outer loop
      vertex 0.237775 114.137 2.99
      vertex 0.414602 113.975 2.8125
      vertex 3.05256 110.887 0
    endloop
  endfacet
  facet normal -0.62164 0.161316 -0.766512
    outer loop
      vertex 0.414602 113.975 2.8125
      vertex 0.237775 114.137 2.99
      vertex 0.238294 114.139 2.99
    endloop
  endfacet
  facet normal 0.527498 -0.29379 -0.797141
    outer loop
      vertex 64.539 72.1666 0
      vertex 64.7918 72.6205 0
      vertex 65.4626 71.2812 0.9375
    endloop
  endfacet
  facet normal -0.3753 -0.457295 -0.806245
    outer loop
      vertex 0.888421 68.8883 2.99
      vertex 0.970007 68.969 2.90625
      vertex 1.29454 68.555 2.99
    endloop
  endfacet
  facet normal -0.0664721 -0.674836 -0.734968
    outer loop
      vertex 2.42402 68.0676 2.99
      vertex 2.676 68.3382 2.71875
      vertex 2.98848 68.012 2.99
    endloop
  endfacet
  facet normal 0 0.708738 -0.705472
    outer loop
      vertex 65.5777 115.932 2.99
      vertex 65.324 115.662 2.71875
      vertex 65.576 115.932 2.99
    endloop
  endfacet
  facet normal 0.178776 0.60864 -0.773044
    outer loop
      vertex 65.324 115.662 2.71875
      vertex 65.5777 115.932 2.99
      vertex 63.3115 112.8 0
    endloop
  endfacet
  facet normal -0.374406 0.457656 -0.806456
    outer loop
      vertex 1.51797 114.489 2.34375
      vertex 1.29454 115.445 2.99
      vertex 1.3361 115.479 2.99
    endloop
  endfacet
  facet normal -0.375306 0.457299 -0.80624
    outer loop
      vertex 1.29454 115.445 2.99
      vertex 1.51797 114.489 2.34375
      vertex 0.970007 115.031 2.90625
    endloop
  endfacet
  facet normal -0.448744 0.383861 -0.807019
    outer loop
      vertex 0.970007 115.031 2.90625
      vertex 1.51797 114.489 2.34375
      vertex 3.46098 111.833 0
    endloop
  endfacet
  facet normal -0.522014 0.299642 -0.798571
    outer loop
      vertex 0.5146 114.656 2.99
      vertex 0.597947 114.578 2.90625
      vertex 3.20821 111.38 0
    endloop
  endfacet
  facet normal -0.452904 0.381345 -0.805887
    outer loop
      vertex 0.597947 114.578 2.90625
      vertex 0.5146 114.656 2.99
      vertex 0.515442 114.657 2.99
    endloop
  endfacet
  facet normal -0.45788 0.375886 -0.80564
    outer loop
      vertex 0.515442 114.657 2.99
      vertex 0.848738 115.063 2.99
      vertex 0.597947 114.578 2.90625
    endloop
  endfacet
  facet normal -0.602531 0.191041 -0.774893
    outer loop
      vertex 0.414602 113.975 2.8125
      vertex 1.06644 113.369 2.15625
      vertex 3.05256 110.887 0
    endloop
  endfacet
  facet normal -0.0752739 -0.669938 -0.738591
    outer loop
      vertex 3.00734 68.0102 2.99
      vertex 4.45312 69.5938 1.40625
      vertex 3.00912 68.01 2.99
    endloop
  endfacet
  facet normal -0.0637636 -0.675996 -0.734141
    outer loop
      vertex 4.45312 69.5938 1.40625
      vertex 3.00734 68.0102 2.99
      vertex 5.20166 71.0504 0
    endloop
  endfacet
  facet normal 0.462915 0.370332 -0.805334
    outer loop
      vertex 67.4854 114.656 2.99
      vertex 67.4021 114.578 2.90625
      vertex 67.4846 114.657 2.99
    endloop
  endfacet
  facet normal 0.523103 0.298491 -0.79829
    outer loop
      vertex 67.4021 114.578 2.90625
      vertex 67.4854 114.656 2.99
      vertex 64.7918 111.38 0
    endloop
  endfacet
  facet normal 0.534449 -0.28504 -0.795686
    outer loop
      vertex 67.4021 69.4218 2.90625
      vertex 67.4854 69.3442 2.99
      vertex 67.4846 69.3427 2.99
    endloop
  endfacet
  facet normal 0.528408 -0.292827 -0.796892
    outer loop
      vertex 67.4854 69.3442 2.99
      vertex 67.4021 69.4218 2.90625
      vertex 64.7918 72.6205 0
    endloop
  endfacet
  facet normal 0.45777 -0.375708 -0.805785
    outer loop
      vertex 67.1513 68.9366 2.99
      vertex 67.4021 69.4218 2.90625
      vertex 67.4846 69.3427 2.99
    endloop
  endfacet
  facet normal 0.0669951 0.675334 -0.734463
    outer loop
      vertex 65.0115 115.988 2.99
      vertex 65.576 115.932 2.99
      vertex 65.324 115.662 2.71875
    endloop
  endfacet
  facet normal 0.707107 1.81546e-16 -0.707107
    outer loop
      vertex 67.99 77 2.99
      vertex 65 73.625 0
      vertex 65.94 77 0.94
    endloop
  endfacet
  facet normal 0.707107 0 -0.707107
    outer loop
      vertex 65 73.625 0
      vertex 67.99 77 2.99
      vertex 67.99 71.0088 2.99
    endloop
  endfacet
  facet normal 0.707107 0 -0.707107
    outer loop
      vertex 67.99 92 2.99
      vertex 65 110.375 0
      vertex 67.99 112.991 2.99
    endloop
  endfacet
  facet normal 0.707107 -2.91771e-17 -0.707107
    outer loop
      vertex 65.94 92 0.94
      vertex 65 110.375 0
      vertex 67.99 92 2.99
    endloop
  endfacet
  facet normal 0.707107 0 -0.707107
    outer loop
      vertex 65 73.625 0
      vertex 65.94 92 0.94
      vertex 65.94 77 0.94
    endloop
  endfacet
  facet normal 0.707107 0 -0.707107
    outer loop
      vertex 65.94 92 0.94
      vertex 65 73.625 0
      vertex 65 110.375 0
    endloop
  endfacet
  facet normal -0.455003 0.378222 -0.806177
    outer loop
      vertex 0.887287 115.11 2.99
      vertex 0.970007 115.031 2.90625
      vertex 3.46098 111.833 0
    endloop
  endfacet
  facet normal -0.524169 0.297204 -0.79807
    outer loop
      vertex 0.970007 115.031 2.90625
      vertex 0.887287 115.11 2.99
      vertex 0.888421 115.112 2.99
    endloop
  endfacet
  facet normal -0.374614 0.456871 -0.806804
    outer loop
      vertex 0.888421 115.112 2.99
      vertex 1.29454 115.445 2.99
      vertex 0.970007 115.031 2.90625
    endloop
  endfacet
  facet normal -0.52702 0.294354 -0.797249
    outer loop
      vertex 0.597947 114.578 2.90625
      vertex 2.07564 113.161 1.40625
      vertex 3.20821 111.38 0
    endloop
  endfacet
  facet normal -0.459606 0.374199 -0.805442
    outer loop
      vertex 2.07564 113.161 1.40625
      vertex 0.848738 115.063 2.99
      vertex 0.88619 115.109 2.99
    endloop
  endfacet
  facet normal -0.457634 0.37579 -0.805825
    outer loop
      vertex 0.848738 115.063 2.99
      vertex 2.07564 113.161 1.40625
      vertex 0.597947 114.578 2.90625
    endloop
  endfacet
  facet normal 0.602926 -0.190526 -0.774713
    outer loop
      vertex 64.7918 72.6205 0
      vertex 64.9474 73.1129 0
      vertex 66.9336 70.6306 2.15625
    endloop
  endfacet
  facet normal 0 0.662592 -0.748981
    outer loop
      vertex 65.509 111.393 0.5625
      vertex 67.7622 114.137 2.99
      vertex 67.7624 114.137 2.99
    endloop
  endfacet
  facet normal 0.607406 0.184734 -0.772613
    outer loop
      vertex 67.7622 114.137 2.99
      vertex 65.509 111.393 0.5625
      vertex 64.9474 110.887 0
    endloop
  endfacet
  facet normal -0.285155 -0.533528 -0.796263
    outer loop
      vertex 1.85983 68.2391 2.99
      vertex 2.41417 69.6069 1.875
      vertex 4.21565 71.4424 0
    endloop
  endfacet
  facet normal -0.279257 -0.536174 -0.796576
    outer loop
      vertex 2.41417 69.6069 1.875
      vertex 1.85983 68.2391 2.99
      vertex 1.85695 68.2406 2.99
    endloop
  endfacet
  facet normal 0.675795 -0.0666064 -0.734074
    outer loop
      vertex 65 73.625 0
      vertex 67.99 71.0088 2.99
      vertex 67.9325 70.4254 2.99
    endloop
  endfacet
  facet normal 0.277689 -0.536865 -0.796659
    outer loop
      vertex 66.1402 68.2391 2.99
      vertex 65.5858 69.6069 1.875
      vertex 66.1431 68.2406 2.99
    endloop
  endfacet
  facet normal 0.2852 -0.5335 -0.796266
    outer loop
      vertex 65.5858 69.6069 1.875
      vertex 66.1402 68.2391 2.99
      vertex 63.7844 71.4424 0
    endloop
  endfacet
  facet normal 0.366312 0.464331 -0.806358
    outer loop
      vertex 63.7844 112.558 0
      vertex 65.5858 114.393 1.875
      vertex 64.1989 112.231 0
    endloop
  endfacet
  facet normal -0.0647714 -0.673983 -0.735902
    outer loop
      vertex 2.676 68.3382 2.71875
      vertex 3.00721 68.0102 2.99
      vertex 2.98848 68.012 2.99
    endloop
  endfacet
  facet normal -0.06642 -0.67486 -0.73495
    outer loop
      vertex 3.00721 68.0102 2.99
      vertex 2.676 68.3382 2.71875
      vertex 5.02748 70.8634 0.1875
    endloop
  endfacet
  facet normal -0.178065 -0.608982 -0.772938
    outer loop
      vertex 2.42231 68.0681 2.99
      vertex 2.676 68.3382 2.71875
      vertex 2.42402 68.0676 2.99
    endloop
  endfacet
  facet normal -0.177434 -0.609395 -0.772758
    outer loop
      vertex 2.676 68.3382 2.71875
      vertex 2.42231 68.0681 2.99
      vertex 4.68854 71.1998 0
    endloop
  endfacet
  facet normal -0.375293 -0.457364 -0.806209
    outer loop
      vertex 1.34152 68.5165 2.99
      vertex 2.70522 70.685 1.125
      vertex 3.80115 71.7688 0
    endloop
  endfacet
  facet normal -0.359908 -0.467881 -0.807189
    outer loop
      vertex 2.70522 70.685 1.125
      vertex 1.34152 68.5165 2.99
      vertex 1.34061 68.5172 2.99
    endloop
  endfacet
  facet normal 0.62485 0.156213 -0.764957
    outer loop
      vertex 67.7622 114.137 2.99
      vertex 67.5854 113.975 2.8125
      vertex 67.7617 114.139 2.99
    endloop
  endfacet
  facet normal 0.603845 0.189356 -0.774284
    outer loop
      vertex 67.5854 113.975 2.8125
      vertex 67.7622 114.137 2.99
      vertex 64.9474 110.887 0
    endloop
  endfacet
  facet normal -0.527527 -0.293772 -0.797128
    outer loop
      vertex 2.53742 71.2812 0.9375
      vertex 3.20821 72.6205 0
      vertex 3.46098 72.1666 0
    endloop
  endfacet
  facet normal 0.39888 0.44874 -0.799704
    outer loop
      vertex 66.482 114.489 2.34375
      vertex 66.6594 115.483 2.99
      vertex 66.6639 115.479 2.99
    endloop
  endfacet
  facet normal 0.37559 0.457124 -0.806207
    outer loop
      vertex 66.6594 115.483 2.99
      vertex 66.482 114.489 2.34375
      vertex 65.2948 113.315 1.125
    endloop
  endfacet
  facet normal 0.527498 -0.29379 -0.797141
    outer loop
      vertex 64.7918 72.6205 0
      vertex 65.9244 70.8385 1.40625
      vertex 65.4626 71.2812 0.9375
    endloop
  endfacet
  facet normal -0.444815 -0.388016 -0.807207
    outer loop
      vertex 0.887287 68.8896 2.99
      vertex 0.970007 68.969 2.90625
      vertex 0.888421 68.8883 2.99
    endloop
  endfacet
  facet normal -0.448078 -0.384492 -0.807089
    outer loop
      vertex 0.970007 68.969 2.90625
      vertex 0.887287 68.8896 2.99
      vertex 3.46098 72.1666 0
    endloop
  endfacet
  facet normal 0.374605 0.456839 -0.806827
    outer loop
      vertex 66.7055 115.445 2.99
      vertex 67.1116 115.112 2.99
      vertex 67.03 115.031 2.90625
    endloop
  endfacet
  facet normal 0.18384 -0.606129 -0.773829
    outer loop
      vertex 65.6358 68.0858 2.99
      vertex 66.0594 68.3212 2.90625
      vertex 66.1386 68.2383 2.99
    endloop
  endfacet
  facet normal -0.526226 -0.295388 -0.797391
    outer loop
      vertex 0.5146 69.3442 2.99
      vertex 0.597947 69.4218 2.90625
      vertex 0.515442 69.3427 2.99
    endloop
  endfacet
  facet normal -0.527335 -0.293971 -0.797182
    outer loop
      vertex 0.597947 69.4218 2.90625
      vertex 0.5146 69.3442 2.99
      vertex 3.20821 72.6205 0
    endloop
  endfacet
  facet normal -0.674189 0.0692097 -0.735309
    outer loop
      vertex 2.49101 111.393 0.5625
      vertex 3.05256 110.887 0
      vertex 3 110.375 0
    endloop
  endfacet
  facet normal 0.608066 0.184359 -0.772183
    outer loop
      vertex 67.7552 113.417 2.8125
      vertex 67.7708 114.109 2.99
      vertex 67.9324 113.576 2.99
    endloop
  endfacet
  facet normal 0.365471 0.464911 -0.806405
    outer loop
      vertex 64.1989 112.231 0
      vertex 65.5858 114.393 1.875
      vertex 66.4866 115.311 2.8125
    endloop
  endfacet
  facet normal 0.60767 -0.184343 -0.772499
    outer loop
      vertex 67.7552 70.5834 2.8125
      vertex 67.9324 70.4237 2.99
      vertex 67.7708 69.891 2.99
    endloop
  endfacet
  facet normal 0.67583 0.0665415 -0.734048
    outer loop
      vertex 65 110.375 0
      vertex 67.9325 113.575 2.99
      vertex 67.99 112.991 2.99
    endloop
  endfacet
  facet normal 0.450886 -0.381519 -0.806936
    outer loop
      vertex 67.03 68.969 2.90625
      vertex 67.1127 68.8896 2.99
      vertex 67.1116 68.8883 2.99
    endloop
  endfacet
  facet normal 0.448494 -0.384117 -0.807036
    outer loop
      vertex 67.1127 68.8896 2.99
      vertex 67.03 68.969 2.90625
      vertex 64.539 72.1666 0
    endloop
  endfacet
  facet normal 0.375291 -0.457263 -0.806267
    outer loop
      vertex 66.7055 68.555 2.99
      vertex 67.03 68.969 2.90625
      vertex 67.1116 68.8883 2.99
    endloop
  endfacet
  facet normal 0.489998 -0.349999 -0.798375
    outer loop
      vertex 67.1133 68.8903 2.99
      vertex 65.9244 70.8385 1.40625
      vertex 67.1138 68.891 2.99
    endloop
  endfacet
  facet normal 0.457753 -0.375709 -0.805795
    outer loop
      vertex 65.9244 70.8385 1.40625
      vertex 67.1133 68.8903 2.99
      vertex 65.4626 71.2812 0.9375
    endloop
  endfacet
  facet normal -0.675856 0.0664893 -0.734029
    outer loop
      vertex 0.00999928 112.991 2.99
      vertex 0.067452 113.575 2.99
      vertex 3 110.375 0
    endloop
  endfacet
  facet normal 0.344978 0.482969 -0.804818
    outer loop
      vertex 66.6585 115.484 2.99
      vertex 66.4866 115.311 2.8125
      vertex 66.6571 115.485 2.99
    endloop
  endfacet
  facet normal 0.362789 0.466939 -0.806444
    outer loop
      vertex 66.4866 115.311 2.8125
      vertex 66.6585 115.484 2.99
      vertex 64.1989 112.231 0
    endloop
  endfacet
  facet normal 0 0.707051 -0.707163
    outer loop
      vertex 64.9927 115.99 2.99
      vertex 63.5469 114.406 1.40625
      vertex 64.9909 115.99 2.99
    endloop
  endfacet
  facet normal 0.0626093 0.676507 -0.73377
    outer loop
      vertex 63.5469 114.406 1.40625
      vertex 64.9927 115.99 2.99
      vertex 62.7983 112.95 0
    endloop
  endfacet
  facet normal 0.674146 -0.0692445 -0.735345
    outer loop
      vertex 64.9474 73.1129 0
      vertex 65 73.625 0
      vertex 65.509 72.607 0.5625
    endloop
  endfacet
  facet normal -0.607703 -0.184345 -0.772472
    outer loop
      vertex 0.237775 69.8628 2.99
      vertex 2.49101 72.607 0.5625
      vertex 3.05256 73.1129 0
    endloop
  endfacet
  facet normal -0.624052 -0.163502 -0.764085
    outer loop
      vertex 2.49101 72.607 0.5625
      vertex 0.237775 69.8628 2.99
      vertex 0.237644 69.8633 2.99
    endloop
  endfacet
  facet normal 0.605881 -0.18472 -0.773813
    outer loop
      vertex 67.7633 69.8664 2.99
      vertex 67.7552 70.5834 2.8125
      vertex 67.7708 69.891 2.99
    endloop
  endfacet
  facet normal 0.607706 -0.184366 -0.772465
    outer loop
      vertex 67.7552 70.5834 2.8125
      vertex 67.7633 69.8664 2.99
      vertex 66.9129 71.3422 1.96875
    endloop
  endfacet
  facet normal -0.602927 -0.19054 -0.774708
    outer loop
      vertex 0.414602 70.025 2.8125
      vertex 3.05256 73.1129 0
      vertex 1.06644 70.6306 2.15625
    endloop
  endfacet
  facet normal -0.375342 -0.457323 -0.80621
    outer loop
      vertex 1.34061 68.5172 2.99
      vertex 1.51797 69.5109 2.34375
      vertex 2.70522 70.685 1.125
    endloop
  endfacet
  facet normal -0.375222 -0.457365 -0.806241
    outer loop
      vertex 1.51797 69.5109 2.34375
      vertex 1.34061 68.5172 2.99
      vertex 1.3361 68.5209 2.99
    endloop
  endfacet
  facet normal 0 0.707051 -0.707163
    outer loop
      vertex 63.5469 114.406 1.40625
      vertex 3.00912 115.99 2.99
      vertex 64.9909 115.99 2.99
    endloop
  endfacet
  facet normal 0 0.707051 -0.707163
    outer loop
      vertex 63.5469 114.406 1.40625
      vertex 4.45312 114.406 1.40625
      vertex 3.00912 115.99 2.99
    endloop
  endfacet
  facet normal 0 0.707107 -0.707107
    outer loop
      vertex 62.8631 113.656 0.65625
      vertex 4.45312 114.406 1.40625
      vertex 63.5469 114.406 1.40625
    endloop
  endfacet
  facet normal 0 0.707107 -0.707107
    outer loop
      vertex 62.8631 113.656 0.65625
      vertex 5.13695 113.656 0.65625
      vertex 4.45312 114.406 1.40625
    endloop
  endfacet
  facet normal 0 0.707241 -0.706972
    outer loop
      vertex 62.2647 113 0
      vertex 5.13695 113.656 0.65625
      vertex 62.8631 113.656 0.65625
    endloop
  endfacet
  facet normal 0 0.707241 -0.706972
    outer loop
      vertex 5.13695 113.656 0.65625
      vertex 62.2647 113 0
      vertex 5.73529 113 0
    endloop
  endfacet
  facet normal -0.365879 -0.464635 -0.806379
    outer loop
      vertex 2.41417 69.6069 1.875
      vertex 3.80115 71.7688 0
      vertex 4.21565 71.4424 0
    endloop
  endfacet
  facet normal -0.607577 0.184514 -0.772531
    outer loop
      vertex 2.49101 111.393 0.5625
      vertex 0.237775 114.137 2.99
      vertex 3.05256 110.887 0
    endloop
  endfacet
  facet normal 0 0.662592 -0.748981
    outer loop
      vertex 0.237775 114.137 2.99
      vertex 2.49101 111.393 0.5625
      vertex 0.237644 114.137 2.99
    endloop
  endfacet
  facet normal 0.529156 0.291036 -0.797052
    outer loop
      vertex 67.1127 115.11 2.99
      vertex 67.03 115.031 2.90625
      vertex 67.1116 115.112 2.99
    endloop
  endfacet
  facet normal 0.455415 0.377845 -0.80612
    outer loop
      vertex 67.03 115.031 2.90625
      vertex 67.1127 115.11 2.99
      vertex 64.539 111.833 0
    endloop
  endfacet
  facet normal -0.067053 0.674621 -0.735112
    outer loop
      vertex 5.02748 113.137 0.1875
      vertex 3.00734 115.99 2.99
      vertex 5.20166 112.95 0
    endloop
  endfacet
  facet normal 0 0.700765 -0.713392
    outer loop
      vertex 3.00734 115.99 2.99
      vertex 5.02748 113.137 0.1875
      vertex 3.00721 115.99 2.99
    endloop
  endfacet
  facet normal 0.0630692 0.676362 -0.733864
    outer loop
      vertex 62.7983 112.95 0
      vertex 62.8631 113.656 0.65625
      vertex 63.5469 114.406 1.40625
    endloop
  endfacet
  facet normal 0.688664 -0.0405097 -0.723948
    outer loop
      vertex 67.7552 70.5834 2.8125
      vertex 67.9325 70.4254 2.99
      vertex 67.9324 70.4237 2.99
    endloop
  endfacet
  facet normal 0.675001 -0.0679054 -0.734686
    outer loop
      vertex 67.9325 70.4254 2.99
      vertex 67.7552 70.5834 2.8125
      vertex 65 73.625 0
    endloop
  endfacet
  facet normal 0.611851 0.183555 -0.769381
    outer loop
      vertex 67.7552 113.417 2.8125
      vertex 67.7633 114.134 2.99
      vertex 67.7708 114.109 2.99
    endloop
  endfacet
  facet normal 0.607678 0.184371 -0.772486
    outer loop
      vertex 67.7633 114.134 2.99
      vertex 67.7552 113.417 2.8125
      vertex 66.9129 112.658 1.96875
    endloop
  endfacet
  facet normal -0.368522 -0.462328 -0.806502
    outer loop
      vertex 1.34152 68.5165 2.99
      vertex 1.51344 68.6891 2.8125
      vertex 1.3429 68.5154 2.99
    endloop
  endfacet
  facet normal -0.366686 -0.464018 -0.806367
    outer loop
      vertex 1.51344 68.6891 2.8125
      vertex 1.34152 68.5165 2.99
      vertex 3.80115 71.7688 0
    endloop
  endfacet
  facet normal 0.674194 -0.0691994 -0.735306
    outer loop
      vertex 65 73.625 0
      vertex 66.9129 71.3422 1.96875
      vertex 65.509 72.607 0.5625
    endloop
  endfacet
  facet normal -0.534866 -0.285892 -0.7951
    outer loop
      vertex 0.238294 69.8612 2.99
      vertex 0.414602 70.025 2.8125
      vertex 0.500739 69.3702 2.99
    endloop
  endfacet
  facet normal -0.674202 -0.0691975 -0.735298
    outer loop
      vertex 2.49101 72.607 0.5625
      vertex 3 73.625 0
      vertex 3.05256 73.1129 0
    endloop
  endfacet
  facet normal 0.535378 -0.285535 -0.794883
    outer loop
      vertex 67.4854 69.3442 2.99
      vertex 66.9336 70.6306 2.15625
      vertex 67.4878 69.3487 2.99
    endloop
  endfacet
  facet normal 0.534839 -0.285914 -0.795111
    outer loop
      vertex 66.9336 70.6306 2.15625
      vertex 67.4854 69.3442 2.99
      vertex 64.7918 72.6205 0
    endloop
  endfacet
  facet normal 0.0664674 -0.674836 -0.734969
    outer loop
      vertex 65.0115 68.012 2.99
      vertex 65.324 68.3382 2.71875
      vertex 65.576 68.0676 2.99
    endloop
  endfacet
  facet normal 0.362528 -0.466108 -0.807042
    outer loop
      vertex 66.6585 68.5165 2.99
      vertex 65.2948 70.685 1.125
      vertex 66.6594 68.5172 2.99
    endloop
  endfacet
  facet normal 0.375319 -0.457346 -0.806207
    outer loop
      vertex 65.2948 70.685 1.125
      vertex 66.6585 68.5165 2.99
      vertex 64.1989 71.7688 0
    endloop
  endfacet
  facet normal 0.44888 -0.383771 -0.806986
    outer loop
      vertex 64.1989 71.7688 0
      vertex 64.539 72.1666 0
      vertex 65.2948 70.685 1.125
    endloop
  endfacet
  facet normal 0.365883 -0.464641 -0.806374
    outer loop
      vertex 63.7844 71.4424 0
      vertex 64.1989 71.7688 0
      vertex 65.5858 69.6069 1.875
    endloop
  endfacet
  facet normal 0.285381 -0.53364 -0.796107
    outer loop
      vertex 66.1431 68.2406 2.99
      vertex 66.4866 68.6891 2.8125
      vertex 66.1661 68.2529 2.99
    endloop
  endfacet
  facet normal 0.285133 -0.533517 -0.796278
    outer loop
      vertex 66.4866 68.6891 2.8125
      vertex 66.1431 68.2406 2.99
      vertex 65.5858 69.6069 1.875
    endloop
  endfacet
  facet normal 0 -0.70074 -0.713417
    outer loop
      vertex 64.9927 68.0102 2.99
      vertex 62.9725 70.8634 0.1875
      vertex 64.9928 68.0102 2.99
    endloop
  endfacet
  facet normal 0.0672462 -0.674515 -0.735192
    outer loop
      vertex 62.9725 70.8634 0.1875
      vertex 64.9927 68.0102 2.99
      vertex 62.7983 71.0504 0
    endloop
  endfacet
  facet normal -0.0637809 -0.675991 -0.734145
    outer loop
      vertex 4.45312 69.5938 1.40625
      vertex 5.20166 71.0504 0
      vertex 5.13695 70.3438 0.65625
    endloop
  endfacet
  facet normal -0.0638451 -0.675985 -0.734145
    outer loop
      vertex 5.13695 70.3438 0.65625
      vertex 5.20166 71.0504 0
      vertex 5.73529 71 0
    endloop
  endfacet
  facet normal -0.177377 -0.609425 -0.772748
    outer loop
      vertex 2.676 68.3382 2.71875
      vertex 4.68854 71.1998 0
      vertex 5.02748 70.8634 0.1875
    endloop
  endfacet
  facet normal 0.675198 0.0675198 -0.73454
    outer loop
      vertex 67.9325 113.575 2.99
      vertex 67.7552 113.417 2.8125
      vertex 67.9324 113.576 2.99
    endloop
  endfacet
  facet normal 0.675025 0.0678574 -0.734667
    outer loop
      vertex 67.7552 113.417 2.8125
      vertex 67.9325 113.575 2.99
      vertex 65 110.375 0
    endloop
  endfacet
  facet normal -0.0633715 0.676338 -0.73386
    outer loop
      vertex 5.13695 113.656 0.65625
      vertex 5.73529 113 0
      vertex 5.20166 112.95 0
    endloop
  endfacet
  facet normal 0.285268 -0.533587 -0.796182
    outer loop
      vertex 66.1661 68.2529 2.99
      vertex 66.4866 68.6891 2.8125
      vertex 66.6571 68.5154 2.99
    endloop
  endfacet
  facet normal 0.449166 0.3835 -0.806956
    outer loop
      vertex 64.539 111.833 0
      vertex 65.2948 113.315 1.125
      vertex 66.482 114.489 2.34375
    endloop
  endfacet
  facet normal -0.185555 -0.604995 -0.774306
    outer loop
      vertex 2.42231 68.0681 2.99
      vertex 4.5999 71.107 0.09375
      vertex 4.68854 71.1998 0
    endloop
  endfacet
  facet normal 0 -0.689912 -0.723893
    outer loop
      vertex 4.5999 71.107 0.09375
      vertex 2.42231 68.0681 2.99
      vertex 2.42225 68.0681 2.99
    endloop
  endfacet
  facet normal -0.448835 -0.383811 -0.806992
    outer loop
      vertex 2.70522 70.685 1.125
      vertex 3.46098 72.1666 0
      vertex 3.80115 71.7688 0
    endloop
  endfacet
  facet normal -0.285254 -0.53356 -0.796206
    outer loop
      vertex 1.3429 68.5154 2.99
      vertex 1.51344 68.6891 2.8125
      vertex 1.8339 68.2529 2.99
    endloop
  endfacet
  facet normal 0 0.6899 -0.723904
    outer loop
      vertex 63.4001 112.893 0.09375
      vertex 65.5777 115.932 2.99
      vertex 65.5778 115.932 2.99
    endloop
  endfacet
  facet normal 0.180242 0.607848 -0.773326
    outer loop
      vertex 65.5777 115.932 2.99
      vertex 63.4001 112.893 0.09375
      vertex 63.3115 112.8 0
    endloop
  endfacet
  facet normal 0.0725223 0.678083 -0.731399
    outer loop
      vertex 65.324 115.662 2.71875
      vertex 64.9928 115.99 2.99
      vertex 65.0115 115.988 2.99
    endloop
  endfacet
  facet normal 0.066447 0.674874 -0.734936
    outer loop
      vertex 64.9928 115.99 2.99
      vertex 65.324 115.662 2.71875
      vertex 62.9725 113.137 0.1875
    endloop
  endfacet
  facet normal -0.674154 0.0692703 -0.735336
    outer loop
      vertex 0.067452 113.575 2.99
      vertex 0.244826 113.417 2.8125
      vertex 3 110.375 0
    endloop
  endfacet
  facet normal -0.650251 0.113859 -0.751139
    outer loop
      vertex 0.244826 113.417 2.8125
      vertex 0.067452 113.575 2.99
      vertex 0.0676271 113.576 2.99
    endloop
  endfacet
  facet normal -0.60806 0.184372 -0.772185
    outer loop
      vertex 0.0676271 113.576 2.99
      vertex 0.22924 114.109 2.99
      vertex 0.244826 113.417 2.8125
    endloop
  endfacet
  facet normal 0.271585 -0.543169 -0.794487
    outer loop
      vertex 66.0594 68.3212 2.90625
      vertex 66.1402 68.2391 2.99
      vertex 66.1386 68.2383 2.99
    endloop
  endfacet
  facet normal 0.277258 -0.538694 -0.795573
    outer loop
      vertex 66.1402 68.2391 2.99
      vertex 66.0594 68.3212 2.90625
      vertex 63.7844 71.4424 0
    endloop
  endfacet
  facet normal -0.178053 0.609082 -0.772862
    outer loop
      vertex 4.68854 112.8 0
      vertex 5.02748 113.137 0.1875
      vertex 5.20166 112.95 0
    endloop
  endfacet
  facet normal -0.365818 -0.464677 -0.806382
    outer loop
      vertex 1.51344 68.6891 2.8125
      vertex 3.80115 71.7688 0
      vertex 2.41417 69.6069 1.875
    endloop
  endfacet
  facet normal -0.284545 -0.533232 -0.796679
    outer loop
      vertex 1.51344 68.6891 2.8125
      vertex 1.85695 68.2406 2.99
      vertex 1.8339 68.2529 2.99
    endloop
  endfacet
  facet normal -0.285139 -0.533525 -0.79627
    outer loop
      vertex 1.85695 68.2406 2.99
      vertex 1.51344 68.6891 2.8125
      vertex 2.41417 69.6069 1.875
    endloop
  endfacet
  facet normal -0.276657 -0.539276 -0.795388
    outer loop
      vertex 4.21565 71.4424 0
      vertex 4.68854 71.1998 0
      vertex 4.5999 71.107 0.09375
    endloop
  endfacet
  facet normal 0.275936 0.539215 -0.79568
    outer loop
      vertex 63.3115 112.8 0
      vertex 63.4001 112.893 0.09375
      vertex 63.7844 112.558 0
    endloop
  endfacet
  facet normal 0.674286 -0.0690607 -0.735234
    outer loop
      vertex 65 73.625 0
      vertex 67.7552 70.5834 2.8125
      vertex 66.9129 71.3422 1.96875
    endloop
  endfacet
  facet normal -0.448849 -0.383801 -0.806989
    outer loop
      vertex 1.51797 69.5109 2.34375
      vertex 3.46098 72.1666 0
      vertex 2.70522 70.685 1.125
    endloop
  endfacet
  facet normal 0 0.651353 -0.758775
    outer loop
      vertex 65.4626 112.719 0.9375
      vertex 67.1127 115.11 2.99
      vertex 67.1133 115.11 2.99
    endloop
  endfacet
  facet normal 0.456823 0.376561 -0.805925
    outer loop
      vertex 67.1127 115.11 2.99
      vertex 65.4626 112.719 0.9375
      vertex 64.539 111.833 0
    endloop
  endfacet
  facet normal 0.457627 0.375796 -0.805826
    outer loop
      vertex 65.9244 113.161 1.40625
      vertex 67.1513 115.063 2.99
      vertex 67.4021 114.578 2.90625
    endloop
  endfacet
  facet normal 0.459311 0.374438 -0.8055
    outer loop
      vertex 67.1513 115.063 2.99
      vertex 65.9244 113.161 1.40625
      vertex 67.1138 115.109 2.99
    endloop
  endfacet
  facet normal 0.527518 -0.293773 -0.797134
    outer loop
      vertex 64.7918 72.6205 0
      vertex 67.4021 69.4218 2.90625
      vertex 65.9244 70.8385 1.40625
    endloop
  endfacet
  facet normal 0.457303 -0.376071 -0.805881
    outer loop
      vertex 65.9244 70.8385 1.40625
      vertex 67.1513 68.9366 2.99
      vertex 67.1138 68.891 2.99
    endloop
  endfacet
  facet normal 0.45776 -0.375703 -0.805794
    outer loop
      vertex 67.1513 68.9366 2.99
      vertex 65.9244 70.8385 1.40625
      vertex 67.4021 69.4218 2.90625
    endloop
  endfacet
  facet normal 0.375862 -0.457129 -0.806077
    outer loop
      vertex 66.6594 68.5172 2.99
      vertex 66.482 69.5109 2.34375
      vertex 66.6639 68.5209 2.99
    endloop
  endfacet
  facet normal 0.375378 -0.4573 -0.806206
    outer loop
      vertex 66.482 69.5109 2.34375
      vertex 66.6594 68.5172 2.99
      vertex 65.2948 70.685 1.125
    endloop
  endfacet
  facet normal 0.448907 -0.383753 -0.80698
    outer loop
      vertex 64.539 72.1666 0
      vertex 66.482 69.5109 2.34375
      vertex 65.2948 70.685 1.125
    endloop
  endfacet
  facet normal 0.177428 -0.609477 -0.772694
    outer loop
      vertex 62.7983 71.0504 0
      vertex 63.3115 71.1998 0
      vertex 62.9725 70.8634 0.1875
    endloop
  endfacet
  facet normal 0.178943 -0.608405 -0.77319
    outer loop
      vertex 65.324 68.3382 2.71875
      vertex 65.5777 68.0681 2.99
      vertex 65.576 68.0676 2.99
    endloop
  endfacet
  facet normal 0.177393 -0.609417 -0.77275
    outer loop
      vertex 65.5777 68.0681 2.99
      vertex 65.324 68.3382 2.71875
      vertex 63.3115 71.1998 0
    endloop
  endfacet
  facet normal 0 -0.707096 -0.707118
    outer loop
      vertex 4.45312 69.5938 1.40625
      vertex 34.1708 68.01 2.99
      vertex 3.00912 68.01 2.99
    endloop
  endfacet
  facet normal -1.13458e-06 -0.707106 -0.707107
    outer loop
      vertex 5.13695 70.3438 0.65625
      vertex 34.1708 68.01 2.99
      vertex 4.45312 69.5938 1.40625
    endloop
  endfacet
  facet normal -5.16953e-06 -0.707131 -0.707082
    outer loop
      vertex 5.73529 71 0
      vertex 34.1708 68.01 2.99
      vertex 5.13695 70.3438 0.65625
    endloop
  endfacet
  facet normal -9.92204e-06 -0.707154 -0.70706
    outer loop
      vertex 34.1708 68.01 2.99
      vertex 5.73529 71 0
      vertex 34.0769 68.3196 2.68036
    endloop
  endfacet
  facet normal 2.45264e-06 -0.707089 -0.707125
    outer loop
      vertex 34.0769 68.3196 2.68036
      vertex 5.73529 71 0
      vertex 34 69.1 1.9
    endloop
  endfacet
  facet normal 6.44907e-06 -0.707009 -0.707204
    outer loop
      vertex 34.0769 69.8803 1.11965
      vertex 5.73529 71 0
      vertex 34.1314 70.06 0.94
    endloop
  endfacet
  facet normal -3.02567e-06 -0.707129 -0.707084
    outer loop
      vertex 34 69.1 1.9
      vertex 5.73529 71 0
      vertex 34.0769 69.8803 1.11965
    endloop
  endfacet
  facet normal 1.39866e-05 -0.707155 -0.707059
    outer loop
      vertex 62.2647 71 0
      vertex 41.8292 68.01 2.99
      vertex 41.9231 68.3196 2.68036
    endloop
  endfacet
  facet normal -3.42992e-06 -0.707088 -0.707125
    outer loop
      vertex 62.2647 71 0
      vertex 41.9231 68.3196 2.68036
      vertex 42 69.1 1.9
    endloop
  endfacet
  facet normal 0 -0.707096 -0.707118
    outer loop
      vertex 41.8292 68.01 2.99
      vertex 63.5469 69.5938 1.40625
      vertex 64.9909 68.01 2.99
    endloop
  endfacet
  facet normal 4.20919e-06 -0.707129 -0.707084
    outer loop
      vertex 62.2647 71 0
      vertex 42 69.1 1.9
      vertex 41.9231 69.8803 1.11965
    endloop
  endfacet
  facet normal -8.94374e-06 -0.70701 -0.707204
    outer loop
      vertex 62.2647 71 0
      vertex 41.9231 69.8803 1.11965
      vertex 41.8686 70.06 0.94
    endloop
  endfacet
  facet normal 1.52646e-06 -0.707106 -0.707107
    outer loop
      vertex 41.8292 68.01 2.99
      vertex 62.8631 70.3438 0.65625
      vertex 63.5469 69.5938 1.40625
    endloop
  endfacet
  facet normal -0 -0.707107 -0.707107
    outer loop
      vertex 62.2647 71 0
      vertex 34.1314 70.06 0.94
      vertex 5.73529 71 0
    endloop
  endfacet
  facet normal 0 -0.707107 -0.707107
    outer loop
      vertex 34.1314 70.06 0.94
      vertex 62.2647 71 0
      vertex 41.8686 70.06 0.94
    endloop
  endfacet
  facet normal 6.955e-06 -0.707131 -0.707083
    outer loop
      vertex 41.8292 68.01 2.99
      vertex 62.2647 71 0
      vertex 62.8631 70.3438 0.65625
    endloop
  endfacet
  facet normal 0.0744842 -0.670358 -0.73829
    outer loop
      vertex 63.5469 69.5938 1.40625
      vertex 64.9927 68.0102 2.99
      vertex 64.9909 68.01 2.99
    endloop
  endfacet
  facet normal 0.0637683 -0.675993 -0.734143
    outer loop
      vertex 64.9927 68.0102 2.99
      vertex 63.5469 69.5938 1.40625
      vertex 62.7983 71.0504 0
    endloop
  endfacet
  facet normal -0.448827 -0.38382 -0.806992
    outer loop
      vertex 0.970007 68.969 2.90625
      vertex 3.46098 72.1666 0
      vertex 1.51797 69.5109 2.34375
    endloop
  endfacet
  facet normal -0.375258 -0.457353 -0.806232
    outer loop
      vertex 1.29454 68.555 2.99
      vertex 1.51797 69.5109 2.34375
      vertex 1.3361 68.5209 2.99
    endloop
  endfacet
  facet normal -0.37534 -0.45732 -0.806212
    outer loop
      vertex 1.51797 69.5109 2.34375
      vertex 1.29454 68.555 2.99
      vertex 0.970007 68.969 2.90625
    endloop
  endfacet
  facet normal -0.45781 -0.37566 -0.805785
    outer loop
      vertex 0.887287 68.8896 2.99
      vertex 2.53742 71.2812 0.9375
      vertex 3.46098 72.1666 0
    endloop
  endfacet
  facet normal -0.461531 -0.372521 -0.80512
    outer loop
      vertex 2.53742 71.2812 0.9375
      vertex 0.887287 68.8896 2.99
      vertex 0.886722 68.8903 2.99
    endloop
  endfacet
  facet normal -0.457598 -0.375833 -0.805825
    outer loop
      vertex 0.848738 68.9366 2.99
      vertex 2.07564 70.8385 1.40625
      vertex 0.88619 68.891 2.99
    endloop
  endfacet
  facet normal -0.457766 -0.375698 -0.805792
    outer loop
      vertex 2.07564 70.8385 1.40625
      vertex 0.848738 68.9366 2.99
      vertex 0.597947 69.4218 2.90625
    endloop
  endfacet
  facet normal -0.600182 -0.194684 -0.775809
    outer loop
      vertex 0.237775 69.8628 2.99
      vertex 0.414602 70.025 2.8125
      vertex 0.238294 69.8612 2.99
    endloop
  endfacet
  facet normal -0.602759 -0.190756 -0.774787
    outer loop
      vertex 0.414602 70.025 2.8125
      vertex 0.237775 69.8628 2.99
      vertex 3.05256 73.1129 0
    endloop
  endfacet
  facet normal -0.534728 -0.285993 -0.795156
    outer loop
      vertex 0.500739 69.3702 2.99
      vertex 1.06644 70.6306 2.15625
      vertex 0.512238 69.3487 2.99
    endloop
  endfacet
  facet normal -0.534868 -0.285892 -0.795099
    outer loop
      vertex 1.06644 70.6306 2.15625
      vertex 0.500739 69.3702 2.99
      vertex 0.414602 70.025 2.8125
    endloop
  endfacet
  facet normal -0.607664 -0.184356 -0.772501
    outer loop
      vertex 0.0676271 70.4237 2.99
      vertex 0.244826 70.5834 2.8125
      vertex 0.22924 69.891 2.99
    endloop
  endfacet
  facet normal -0.674072 -0.0694294 -0.735395
    outer loop
      vertex 0.067452 70.4254 2.99
      vertex 0.244826 70.5834 2.8125
      vertex 0.0676271 70.4237 2.99
    endloop
  endfacet
  facet normal -0.674129 -0.0693192 -0.735354
    outer loop
      vertex 0.244826 70.5834 2.8125
      vertex 0.067452 70.4254 2.99
      vertex 3 73.625 0
    endloop
  endfacet
  facet normal -0.674181 0.0692256 -0.735314
    outer loop
      vertex 0.244826 113.417 2.8125
      vertex 1.08715 112.658 1.96875
      vertex 3 110.375 0
    endloop
  endfacet
  facet normal -0.607689 0.184339 -0.772485
    outer loop
      vertex 0.244826 113.417 2.8125
      vertex 0.236689 114.134 2.99
      vertex 1.08715 112.658 1.96875
    endloop
  endfacet
  facet normal -0.614311 0.18304 -0.76754
    outer loop
      vertex 0.236689 114.134 2.99
      vertex 0.244826 113.417 2.8125
      vertex 0.22924 114.109 2.99
    endloop
  endfacet
  facet normal -0.284668 0.533481 -0.796468
    outer loop
      vertex 1.3429 115.485 2.99
      vertex 1.8339 115.747 2.99
      vertex 1.51344 115.311 2.8125
    endloop
  endfacet
  facet normal -0.0669998 0.675334 -0.734462
    outer loop
      vertex 2.42402 115.932 2.99
      vertex 2.98848 115.988 2.99
      vertex 2.676 115.662 2.71875
    endloop
  endfacet
  facet normal -0.178817 0.608617 -0.773053
    outer loop
      vertex 2.42231 115.932 2.99
      vertex 2.676 115.662 2.71875
      vertex 4.68854 112.8 0
    endloop
  endfacet
  facet normal 0 0.708738 -0.705472
    outer loop
      vertex 2.676 115.662 2.71875
      vertex 2.42231 115.932 2.99
      vertex 2.42402 115.932 2.99
    endloop
  endfacet
  facet normal -0.0626046 0.67651 -0.733768
    outer loop
      vertex 3.00734 115.99 2.99
      vertex 4.45312 114.406 1.40625
      vertex 5.20166 112.95 0
    endloop
  endfacet
  facet normal 0 0.707051 -0.707163
    outer loop
      vertex 4.45312 114.406 1.40625
      vertex 3.00734 115.99 2.99
      vertex 3.00912 115.99 2.99
    endloop
  endfacet
  facet normal 0.0633746 0.676334 -0.733864
    outer loop
      vertex 62.2647 113 0
      vertex 62.8631 113.656 0.65625
      vertex 62.7983 112.95 0
    endloop
  endfacet
  facet normal 0.177979 0.60906 -0.772897
    outer loop
      vertex 62.9725 113.137 0.1875
      vertex 65.324 115.662 2.71875
      vertex 63.3115 112.8 0
    endloop
  endfacet
  facet normal 0.67426 0.0690941 -0.735255
    outer loop
      vertex 65 110.375 0
      vertex 66.9129 112.658 1.96875
      vertex 67.7552 113.417 2.8125
    endloop
  endfacet
  facet normal 0.609315 0.182795 -0.771571
    outer loop
      vertex 66.9129 112.658 1.96875
      vertex 67.7624 114.137 2.99
      vertex 67.7633 114.134 2.99
    endloop
  endfacet
  facet normal 0.607643 0.184402 -0.772507
    outer loop
      vertex 67.7624 114.137 2.99
      vertex 66.9129 112.658 1.96875
      vertex 65.509 111.393 0.5625
    endloop
  endfacet
  facet normal 0.448637 0.383955 -0.807034
    outer loop
      vertex 64.539 111.833 0
      vertex 66.482 114.489 2.34375
      vertex 67.03 115.031 2.90625
    endloop
  endfacet
  facet normal 0.375313 0.457276 -0.80625
    outer loop
      vertex 66.482 114.489 2.34375
      vertex 66.7055 115.445 2.99
      vertex 67.03 115.031 2.90625
    endloop
  endfacet
  facet normal 0.374121 0.457748 -0.806536
    outer loop
      vertex 66.7055 115.445 2.99
      vertex 66.482 114.489 2.34375
      vertex 66.6639 115.479 2.99
    endloop
  endfacet
  facet normal 0.448956 0.383643 -0.807005
    outer loop
      vertex 64.1989 112.231 0
      vertex 65.2948 113.315 1.125
      vertex 64.539 111.833 0
    endloop
  endfacet
  facet normal 0.448518 0.403666 -0.797424
    outer loop
      vertex 65.2948 113.315 1.125
      vertex 66.6585 115.484 2.99
      vertex 66.6594 115.483 2.99
    endloop
  endfacet
  facet normal 0.37539 0.457226 -0.806242
    outer loop
      vertex 66.6585 115.484 2.99
      vertex 65.2948 113.315 1.125
      vertex 64.1989 112.231 0
    endloop
  endfacet
  facet normal 0.374973 -0.457446 -0.806312
    outer loop
      vertex 66.482 69.5109 2.34375
      vertex 66.7055 68.555 2.99
      vertex 66.6639 68.5209 2.99
    endloop
  endfacet
  facet normal 0.375347 -0.457298 -0.806222
    outer loop
      vertex 66.7055 68.555 2.99
      vertex 66.482 69.5109 2.34375
      vertex 67.03 68.969 2.90625
    endloop
  endfacet
  facet normal 0.44872 -0.383914 -0.807007
    outer loop
      vertex 64.539 72.1666 0
      vertex 67.03 68.969 2.90625
      vertex 66.482 69.5109 2.34375
    endloop
  endfacet
  facet normal 0.365697 -0.46477 -0.806384
    outer loop
      vertex 64.1989 71.7688 0
      vertex 66.4866 68.6891 2.8125
      vertex 65.5858 69.6069 1.875
    endloop
  endfacet
  facet normal 0.365478 -0.465154 -0.806261
    outer loop
      vertex 66.4866 68.6891 2.8125
      vertex 66.6585 68.5165 2.99
      vertex 66.6571 68.5154 2.99
    endloop
  endfacet
  facet normal 0.366848 -0.463896 -0.806364
    outer loop
      vertex 66.6585 68.5165 2.99
      vertex 66.4866 68.6891 2.8125
      vertex 64.1989 71.7688 0
    endloop
  endfacet
  facet normal 0.0637943 -0.675985 -0.734149
    outer loop
      vertex 62.7983 71.0504 0
      vertex 63.5469 69.5938 1.40625
      vertex 62.8631 70.3438 0.65625
    endloop
  endfacet
  facet normal -0.177454 -0.609471 -0.772693
    outer loop
      vertex 4.68854 71.1998 0
      vertex 5.20166 71.0504 0
      vertex 5.02748 70.8634 0.1875
    endloop
  endfacet
  facet normal -0.0672727 -0.674504 -0.735199
    outer loop
      vertex 3.00734 68.0102 2.99
      vertex 5.02748 70.8634 0.1875
      vertex 5.20166 71.0504 0
    endloop
  endfacet
  facet normal 0 -0.70074 -0.713417
    outer loop
      vertex 5.02748 70.8634 0.1875
      vertex 3.00734 68.0102 2.99
      vertex 3.00721 68.0102 2.99
    endloop
  endfacet
  facet normal -0.183861 -0.606139 -0.773816
    outer loop
      vertex 1.86141 68.2383 2.99
      vertex 1.94059 68.3212 2.90625
      vertex 2.36416 68.0858 2.99
    endloop
  endfacet
  facet normal -0.274072 -0.541291 -0.794914
    outer loop
      vertex 1.85983 68.2391 2.99
      vertex 1.94059 68.3212 2.90625
      vertex 1.86141 68.2383 2.99
    endloop
  endfacet
  facet normal -0.277828 -0.538323 -0.795626
    outer loop
      vertex 1.94059 68.3212 2.90625
      vertex 1.85983 68.2391 2.99
      vertex 4.21565 71.4424 0
    endloop
  endfacet
  facet normal -0.527504 -0.293792 -0.797136
    outer loop
      vertex 0.597947 69.4218 2.90625
      vertex 3.20821 72.6205 0
      vertex 2.07564 70.8385 1.40625
    endloop
  endfacet
  facet normal -0.457763 -0.375697 -0.805795
    outer loop
      vertex 0.515442 69.3427 2.99
      vertex 0.597947 69.4218 2.90625
      vertex 0.848738 68.9366 2.99
    endloop
  endfacet
  facet normal -0.602896 -0.190578 -0.774723
    outer loop
      vertex 1.06644 70.6306 2.15625
      vertex 3.05256 73.1129 0
      vertex 3.20821 72.6205 0
    endloop
  endfacet
  facet normal -0.534871 -0.285878 -0.795102
    outer loop
      vertex 0.5146 69.3442 2.99
      vertex 1.06644 70.6306 2.15625
      vertex 3.20821 72.6205 0
    endloop
  endfacet
  facet normal -0.539046 -0.282939 -0.793331
    outer loop
      vertex 1.06644 70.6306 2.15625
      vertex 0.5146 69.3442 2.99
      vertex 0.512238 69.3487 2.99
    endloop
  endfacet
  facet normal -0.674207 -0.0691928 -0.735294
    outer loop
      vertex 1.08715 71.3422 1.96875
      vertex 3 73.625 0
      vertex 2.49101 72.607 0.5625
    endloop
  endfacet
  facet normal -0.607691 -0.184364 -0.772477
    outer loop
      vertex 0.237644 69.8633 2.99
      vertex 1.08715 71.3422 1.96875
      vertex 2.49101 72.607 0.5625
    endloop
  endfacet
  facet normal -0.605444 -0.186516 -0.773725
    outer loop
      vertex 1.08715 71.3422 1.96875
      vertex 0.237644 69.8633 2.99
      vertex 0.236689 69.8664 2.99
    endloop
  endfacet
  facet normal -0.674197 0.0692026 -0.735302
    outer loop
      vertex 1.08715 112.658 1.96875
      vertex 2.49101 111.393 0.5625
      vertex 3 110.375 0
    endloop
  endfacet
  facet normal -0.607671 0.184372 -0.772491
    outer loop
      vertex 1.08715 112.658 1.96875
      vertex 0.237644 114.137 2.99
      vertex 2.49101 111.393 0.5625
    endloop
  endfacet
  facet normal -0.600539 0.191172 -0.776406
    outer loop
      vertex 0.237644 114.137 2.99
      vertex 1.08715 112.658 1.96875
      vertex 0.236689 114.134 2.99
    endloop
  endfacet
  facet normal -0.179896 0.608034 -0.773261
    outer loop
      vertex 4.5999 112.893 0.09375
      vertex 2.42231 115.932 2.99
      vertex 4.68854 112.8 0
    endloop
  endfacet
  facet normal 0 0.6899 -0.723904
    outer loop
      vertex 2.42231 115.932 2.99
      vertex 4.5999 112.893 0.09375
      vertex 2.42225 115.932 2.99
    endloop
  endfacet
  facet normal -0.275914 0.539162 -0.795724
    outer loop
      vertex 4.21565 112.558 0
      vertex 4.5999 112.893 0.09375
      vertex 4.68854 112.8 0
    endloop
  endfacet
  facet normal 0 0 -1
    outer loop
      vertex 62.2647 71 0
      vertex 65 73.625 0
      vertex 64.9474 73.1129 0
    endloop
  endfacet
  facet normal -0 0 -1
    outer loop
      vertex 65 73.625 0
      vertex 62.2647 71 0
      vertex 65 110.375 0
    endloop
  endfacet
  facet normal 0 0 -1
    outer loop
      vertex 62.2647 71 0
      vertex 64.9474 73.1129 0
      vertex 64.7918 72.6205 0
    endloop
  endfacet
  facet normal 0 0 -1
    outer loop
      vertex 62.2647 113 0
      vertex 65 110.375 0
      vertex 62.2647 71 0
    endloop
  endfacet
  facet normal 0 0 -1
    outer loop
      vertex 62.2647 71 0
      vertex 64.7918 72.6205 0
      vertex 64.539 72.1666 0
    endloop
  endfacet
  facet normal 0 0 -1
    outer loop
      vertex 65 110.375 0
      vertex 62.2647 113 0
      vertex 64.9474 110.887 0
    endloop
  endfacet
  facet normal 0 0 -1
    outer loop
      vertex 62.2647 71 0
      vertex 64.539 72.1666 0
      vertex 64.1989 71.7688 0
    endloop
  endfacet
  facet normal 0 0 -1
    outer loop
      vertex 64.9474 110.887 0
      vertex 62.2647 113 0
      vertex 64.7918 111.38 0
    endloop
  endfacet
  facet normal 0 0 -1
    outer loop
      vertex 62.2647 71 0
      vertex 64.1989 71.7688 0
      vertex 63.7844 71.4424 0
    endloop
  endfacet
  facet normal 0 0 -1
    outer loop
      vertex 64.7918 111.38 0
      vertex 62.2647 113 0
      vertex 64.539 111.833 0
    endloop
  endfacet
  facet normal 0 0 -1
    outer loop
      vertex 62.2647 71 0
      vertex 63.7844 71.4424 0
      vertex 63.3115 71.1998 0
    endloop
  endfacet
  facet normal 0 0 -1
    outer loop
      vertex 64.539 111.833 0
      vertex 62.2647 113 0
      vertex 64.1989 112.231 0
    endloop
  endfacet
  facet normal 0 0 -1
    outer loop
      vertex 62.2647 71 0
      vertex 63.3115 71.1998 0
      vertex 62.7983 71.0504 0
    endloop
  endfacet
  facet normal 0 0 -1
    outer loop
      vertex 64.1989 112.231 0
      vertex 62.2647 113 0
      vertex 63.7844 112.558 0
    endloop
  endfacet
  facet normal 0 0 -1
    outer loop
      vertex 63.7844 112.558 0
      vertex 62.2647 113 0
      vertex 63.3115 112.8 0
    endloop
  endfacet
  facet normal 0 0 -1
    outer loop
      vertex 63.3115 112.8 0
      vertex 62.2647 113 0
      vertex 62.7983 112.95 0
    endloop
  endfacet
  facet normal 0 0 -1
    outer loop
      vertex 5.73529 71 0
      vertex 62.2647 113 0
      vertex 62.2647 71 0
    endloop
  endfacet
  facet normal 0 0 -1
    outer loop
      vertex 5.73529 71 0
      vertex 5.73529 113 0
      vertex 62.2647 113 0
    endloop
  endfacet
  facet normal 0 0 -1
    outer loop
      vertex 3 73.625 0
      vertex 5.73529 71 0
      vertex 5.20166 71.0504 0
    endloop
  endfacet
  facet normal 0 0 -1
    outer loop
      vertex 5.73529 71 0
      vertex 3 73.625 0
      vertex 5.73529 113 0
    endloop
  endfacet
  facet normal 0 0 -1
    outer loop
      vertex 3 73.625 0
      vertex 5.20166 71.0504 0
      vertex 4.68854 71.1998 0
    endloop
  endfacet
  facet normal 0 0 -1
    outer loop
      vertex 3 110.375 0
      vertex 5.73529 113 0
      vertex 3 73.625 0
    endloop
  endfacet
  facet normal 0 0 -1
    outer loop
      vertex 3 73.625 0
      vertex 4.68854 71.1998 0
      vertex 4.21565 71.4424 0
    endloop
  endfacet
  facet normal 0 0 -1
    outer loop
      vertex 5.73529 113 0
      vertex 3 110.375 0
      vertex 5.20166 112.95 0
    endloop
  endfacet
  facet normal 0 0 -1
    outer loop
      vertex 3 73.625 0
      vertex 4.21565 71.4424 0
      vertex 3.80115 71.7688 0
    endloop
  endfacet
  facet normal 0 0 -1
    outer loop
      vertex 5.20166 112.95 0
      vertex 3 110.375 0
      vertex 4.68854 112.8 0
    endloop
  endfacet
  facet normal 0 0 -1
    outer loop
      vertex 3 73.625 0
      vertex 3.80115 71.7688 0
      vertex 3.46098 72.1666 0
    endloop
  endfacet
  facet normal 0 0 -1
    outer loop
      vertex 4.68854 112.8 0
      vertex 3 110.375 0
      vertex 4.21565 112.558 0
    endloop
  endfacet
  facet normal 0 0 -1
    outer loop
      vertex 3 73.625 0
      vertex 3.46098 72.1666 0
      vertex 3.20821 72.6205 0
    endloop
  endfacet
  facet normal 0 0 -1
    outer loop
      vertex 4.21565 112.558 0
      vertex 3 110.375 0
      vertex 3.80115 112.231 0
    endloop
  endfacet
  facet normal 0 0 -1
    outer loop
      vertex 3 73.625 0
      vertex 3.20821 72.6205 0
      vertex 3.05256 73.1129 0
    endloop
  endfacet
  facet normal 0 0 -1
    outer loop
      vertex 3.80115 112.231 0
      vertex 3 110.375 0
      vertex 3.46098 111.833 0
    endloop
  endfacet
  facet normal 0 0 -1
    outer loop
      vertex 3.46098 111.833 0
      vertex 3 110.375 0
      vertex 3.20821 111.38 0
    endloop
  endfacet
  facet normal 0 0 -1
    outer loop
      vertex 3.20821 111.38 0
      vertex 3 110.375 0
      vertex 3.05256 110.887 0
    endloop
  endfacet
  facet normal -0.285547 0.533301 -0.796274
    outer loop
      vertex 2.41417 114.393 1.875
      vertex 1.85983 115.761 2.99
      vertex 4.21565 112.558 0
    endloop
  endfacet
  facet normal -0.349239 0.502904 -0.790645
    outer loop
      vertex 1.85983 115.761 2.99
      vertex 2.41417 114.393 1.875
      vertex 1.85695 115.759 2.99
    endloop
  endfacet
  facet normal -0.063056 0.676368 -0.73386
    outer loop
      vertex 4.45312 114.406 1.40625
      vertex 5.13695 113.656 0.65625
      vertex 5.20166 112.95 0
    endloop
  endfacet
  facet normal 0.674183 0.0692091 -0.735314
    outer loop
      vertex 65 110.375 0
      vertex 65.509 111.393 0.5625
      vertex 66.9129 112.658 1.96875
    endloop
  endfacet
  facet normal 0.674134 0.0692567 -0.735355
    outer loop
      vertex 64.9474 110.887 0
      vertex 65.509 111.393 0.5625
      vertex 65 110.375 0
    endloop
  endfacet
  facet normal 0.276319 0.529611 -0.801973
    outer loop
      vertex 66.4866 115.311 2.8125
      vertex 66.1431 115.759 2.99
      vertex 66.1661 115.747 2.99
    endloop
  endfacet
  facet normal 0.284716 0.533782 -0.79625
    outer loop
      vertex 66.1431 115.759 2.99
      vertex 66.4866 115.311 2.8125
      vertex 65.5858 114.393 1.875
    endloop
  endfacet
  facet normal 0.284683 0.533509 -0.796445
    outer loop
      vertex 66.1661 115.747 2.99
      vertex 66.6571 115.485 2.99
      vertex 66.4866 115.311 2.8125
    endloop
  endfacet
  facet normal 0.178027 0.609089 -0.772863
    outer loop
      vertex 62.7983 112.95 0
      vertex 62.9725 113.137 0.1875
      vertex 63.3115 112.8 0
    endloop
  endfacet
  facet normal 0 0.700765 -0.713392
    outer loop
      vertex 62.9725 113.137 0.1875
      vertex 64.9927 115.99 2.99
      vertex 64.9928 115.99 2.99
    endloop
  endfacet
  facet normal 0.0670266 0.674632 -0.735105
    outer loop
      vertex 64.9927 115.99 2.99
      vertex 62.9725 113.137 0.1875
      vertex 62.7983 112.95 0
    endloop
  endfacet
  facet normal 0.183235 0.606124 -0.773976
    outer loop
      vertex 65.6358 115.914 2.99
      vertex 66.1386 115.762 2.99
      vertex 66.0594 115.679 2.90625
    endloop
  endfacet
  facet normal 0.31674 0.506784 -0.801777
    outer loop
      vertex 66.1402 115.761 2.99
      vertex 66.0594 115.679 2.90625
      vertex 66.1386 115.762 2.99
    endloop
  endfacet
  facet normal 0.279757 0.537097 -0.795778
    outer loop
      vertex 66.0594 115.679 2.90625
      vertex 66.1402 115.761 2.99
      vertex 63.7844 112.558 0
    endloop
  endfacet
  facet normal 0.27657 -0.53914 -0.795511
    outer loop
      vertex 63.7844 71.4424 0
      vertex 65.7935 68.5998 2.625
      vertex 64.1093 70.3641 0.84375
    endloop
  endfacet
  facet normal 0.18578 -0.606229 -0.773286
    outer loop
      vertex 65.5784 68.0683 2.99
      vertex 65.7935 68.5998 2.625
      vertex 65.5908 68.0721 2.99
    endloop
  endfacet
  facet normal 0.183843 -0.605926 -0.773987
    outer loop
      vertex 65.7935 68.5998 2.625
      vertex 65.5784 68.0683 2.99
      vertex 64.1093 70.3641 0.84375
    endloop
  endfacet
  facet normal -0.276523 -0.539158 -0.795515
    outer loop
      vertex 3.89075 70.3641 0.84375
      vertex 4.21565 71.4424 0
      vertex 4.5999 71.107 0.09375
    endloop
  endfacet
  facet normal -0.183749 -0.60597 -0.773975
    outer loop
      vertex 2.42225 68.0681 2.99
      vertex 3.89075 70.3641 0.84375
      vertex 4.5999 71.107 0.09375
    endloop
  endfacet
  facet normal -0.178929 -0.608358 -0.773231
    outer loop
      vertex 3.89075 70.3641 0.84375
      vertex 2.42225 68.0681 2.99
      vertex 2.42157 68.0683 2.99
    endloop
  endfacet
  facet normal -0.527527 -0.293772 -0.797128
    outer loop
      vertex 2.07564 70.8385 1.40625
      vertex 3.20821 72.6205 0
      vertex 2.53742 71.2812 0.9375
    endloop
  endfacet
  facet normal -0.457805 -0.375665 -0.805786
    outer loop
      vertex 0.886722 68.8903 2.99
      vertex 2.07564 70.8385 1.40625
      vertex 2.53742 71.2812 0.9375
    endloop
  endfacet
  facet normal -0.475716 -0.361544 -0.801861
    outer loop
      vertex 2.07564 70.8385 1.40625
      vertex 0.886722 68.8903 2.99
      vertex 0.88619 68.891 2.99
    endloop
  endfacet
  facet normal -0.607717 -0.184334 -0.772465
    outer loop
      vertex 0.236689 69.8664 2.99
      vertex 0.244826 70.5834 2.8125
      vertex 1.08715 71.3422 1.96875
    endloop
  endfacet
  facet normal -0.608349 -0.184211 -0.771996
    outer loop
      vertex 0.244826 70.5834 2.8125
      vertex 0.236689 69.8664 2.99
      vertex 0.22924 69.891 2.99
    endloop
  endfacet
  facet normal -0.674207 -0.0691922 -0.735294
    outer loop
      vertex 0.244826 70.5834 2.8125
      vertex 3 73.625 0
      vertex 1.08715 71.3422 1.96875
    endloop
  endfacet
  facet normal -0.28033 0.536723 -0.795829
    outer loop
      vertex 1.85983 115.761 2.99
      vertex 1.94059 115.679 2.90625
      vertex 4.21565 112.558 0
    endloop
  endfacet
  facet normal -0.31939 0.504637 -0.80208
    outer loop
      vertex 1.94059 115.679 2.90625
      vertex 1.85983 115.761 2.99
      vertex 1.86141 115.762 2.99
    endloop
  endfacet
  facet normal -0.183257 0.606134 -0.773963
    outer loop
      vertex 1.86141 115.762 2.99
      vertex 2.36416 115.914 2.99
      vertex 1.94059 115.679 2.90625
    endloop
  endfacet
  facet normal -0.366307 0.464325 -0.806363
    outer loop
      vertex 2.41417 114.393 1.875
      vertex 4.21565 112.558 0
      vertex 3.80115 112.231 0
    endloop
  endfacet
  facet normal -0.284722 0.53379 -0.796242
    outer loop
      vertex 1.51344 115.311 2.8125
      vertex 1.85695 115.759 2.99
      vertex 2.41417 114.393 1.875
    endloop
  endfacet
  facet normal -0.275512 0.529212 -0.802513
    outer loop
      vertex 1.85695 115.759 2.99
      vertex 1.51344 115.311 2.8125
      vertex 1.8339 115.747 2.99
    endloop
  endfacet
  facet normal -0.177998 0.609049 -0.772901
    outer loop
      vertex 2.676 115.662 2.71875
      vertex 5.02748 113.137 0.1875
      vertex 4.68854 112.8 0
    endloop
  endfacet
  facet normal -0.0664462 0.674874 -0.734935
    outer loop
      vertex 2.676 115.662 2.71875
      vertex 3.00721 115.99 2.99
      vertex 5.02748 113.137 0.1875
    endloop
  endfacet
  facet normal -0.0723993 0.67802 -0.731469
    outer loop
      vertex 3.00721 115.99 2.99
      vertex 2.676 115.662 2.71875
      vertex 2.98848 115.988 2.99
    endloop
  endfacet
  facet normal 0.527034 0.294334 -0.797247
    outer loop
      vertex 64.7918 111.38 0
      vertex 65.9244 113.161 1.40625
      vertex 67.4021 114.578 2.90625
    endloop
  endfacet
  facet normal 0.457888 0.375897 -0.805631
    outer loop
      vertex 67.1513 115.063 2.99
      vertex 67.4846 114.657 2.99
      vertex 67.4021 114.578 2.90625
    endloop
  endfacet
  facet normal 0.534865 0.285785 -0.79514
    outer loop
      vertex 66.9336 113.369 2.15625
      vertex 67.4993 114.63 2.99
      vertex 67.5854 113.975 2.8125
    endloop
  endfacet
  facet normal 0.529244 0.289824 -0.797435
    outer loop
      vertex 67.4993 114.63 2.99
      vertex 66.9336 113.369 2.15625
      vertex 67.4878 114.651 2.99
    endloop
  endfacet
  facet normal 0.602685 0.190838 -0.774824
    outer loop
      vertex 64.9474 110.887 0
      vertex 66.9336 113.369 2.15625
      vertex 67.5854 113.975 2.8125
    endloop
  endfacet
  facet normal 0.614016 -0.178263 -0.7689
    outer loop
      vertex 67.7624 69.8633 2.99
      vertex 66.9129 71.3422 1.96875
      vertex 67.7633 69.8664 2.99
    endloop
  endfacet
  facet normal 0.607663 -0.184393 -0.772493
    outer loop
      vertex 66.9129 71.3422 1.96875
      vertex 67.7624 69.8633 2.99
      vertex 65.509 72.607 0.5625
    endloop
  endfacet
  facet normal 0.571153 -0.228461 -0.78841
    outer loop
      vertex 67.7622 69.8628 2.99
      vertex 65.509 72.607 0.5625
      vertex 67.7624 69.8633 2.99
    endloop
  endfacet
  facet normal 0.607533 -0.184564 -0.772554
    outer loop
      vertex 65.509 72.607 0.5625
      vertex 67.7622 69.8628 2.99
      vertex 64.9474 73.1129 0
    endloop
  endfacet
  facet normal 0.604099 -0.188781 -0.774226
    outer loop
      vertex 67.5854 70.025 2.8125
      vertex 67.7622 69.8628 2.99
      vertex 67.7617 69.8612 2.99
    endloop
  endfacet
  facet normal 0.603098 -0.190316 -0.774631
    outer loop
      vertex 67.7622 69.8628 2.99
      vertex 67.5854 70.025 2.8125
      vertex 64.9474 73.1129 0
    endloop
  endfacet
  facet normal 0.534903 -0.285863 -0.795086
    outer loop
      vertex 67.4993 69.3702 2.99
      vertex 67.5854 70.025 2.8125
      vertex 67.7617 69.8612 2.99
    endloop
  endfacet
  facet normal 0.276143 0.539398 -0.795484
    outer loop
      vertex 63.4001 112.893 0.09375
      vertex 64.1093 113.636 0.84375
      vertex 63.7844 112.558 0
    endloop
  endfacet
  facet normal 0 0.682882 -0.730529
    outer loop
      vertex 64.1093 113.636 0.84375
      vertex 65.5778 115.932 2.99
      vertex 65.5784 115.932 2.99
    endloop
  endfacet
  facet normal 0.18344 0.606124 -0.773927
    outer loop
      vertex 65.5778 115.932 2.99
      vertex 64.1093 113.636 0.84375
      vertex 63.4001 112.893 0.09375
    endloop
  endfacet
  facet normal 0.183729 -0.60598 -0.773972
    outer loop
      vertex 65.6358 68.0858 2.99
      vertex 65.7935 68.5998 2.625
      vertex 66.0594 68.3212 2.90625
    endloop
  endfacet
  facet normal 0.184508 -0.606049 -0.773732
    outer loop
      vertex 65.7935 68.5998 2.625
      vertex 65.6358 68.0858 2.99
      vertex 65.5908 68.0721 2.99
    endloop
  endfacet
  facet normal 0.276467 -0.539205 -0.795502
    outer loop
      vertex 63.7844 71.4424 0
      vertex 66.0594 68.3212 2.90625
      vertex 65.7935 68.5998 2.625
    endloop
  endfacet
  facet normal 0 -0.689912 -0.723893
    outer loop
      vertex 65.5777 68.0681 2.99
      vertex 63.4001 71.107 0.09375
      vertex 65.5778 68.0681 2.99
    endloop
  endfacet
  facet normal 0.185909 -0.604803 -0.774371
    outer loop
      vertex 63.4001 71.107 0.09375
      vertex 65.5777 68.0681 2.99
      vertex 63.3115 71.1998 0
    endloop
  endfacet
  facet normal 0.276679 -0.53933 -0.795344
    outer loop
      vertex 63.3115 71.1998 0
      vertex 63.7844 71.4424 0
      vertex 63.4001 71.107 0.09375
    endloop
  endfacet
  facet normal 0.177359 -0.609435 -0.772743
    outer loop
      vertex 62.9725 70.8634 0.1875
      vertex 63.3115 71.1998 0
      vertex 65.324 68.3382 2.71875
    endloop
  endfacet
  facet normal 0.0648809 -0.67404 -0.73584
    outer loop
      vertex 64.9928 68.0102 2.99
      vertex 65.324 68.3382 2.71875
      vertex 65.0115 68.012 2.99
    endloop
  endfacet
  facet normal 0.0664208 -0.67486 -0.734951
    outer loop
      vertex 65.324 68.3382 2.71875
      vertex 64.9928 68.0102 2.99
      vertex 62.9725 70.8634 0.1875
    endloop
  endfacet
  facet normal -0.18442 -0.606027 -0.77377
    outer loop
      vertex 2.36416 68.0858 2.99
      vertex 2.20652 68.5998 2.625
      vertex 2.40918 68.0721 2.99
    endloop
  endfacet
  facet normal -0.183732 -0.605966 -0.773981
    outer loop
      vertex 2.20652 68.5998 2.625
      vertex 2.36416 68.0858 2.99
      vertex 1.94059 68.3212 2.90625
    endloop
  endfacet
  facet normal -0.276356 -0.539274 -0.795495
    outer loop
      vertex 1.94059 68.3212 2.90625
      vertex 4.21565 71.4424 0
      vertex 2.20652 68.5998 2.625
    endloop
  endfacet
  facet normal -0.183481 0.606104 -0.773934
    outer loop
      vertex 3.89075 113.636 0.84375
      vertex 2.42225 115.932 2.99
      vertex 4.5999 112.893 0.09375
    endloop
  endfacet
  facet normal 0 0.682882 -0.730529
    outer loop
      vertex 2.42225 115.932 2.99
      vertex 3.89075 113.636 0.84375
      vertex 2.42157 115.932 2.99
    endloop
  endfacet
  facet normal -0.27617 0.539388 -0.795482
    outer loop
      vertex 3.89075 113.636 0.84375
      vertex 4.5999 112.893 0.09375
      vertex 4.21565 112.558 0
    endloop
  endfacet
  facet normal -0.365592 0.464818 -0.806403
    outer loop
      vertex 1.51344 115.311 2.8125
      vertex 2.41417 114.393 1.875
      vertex 3.80115 112.231 0
    endloop
  endfacet
  facet normal -0.362627 0.46706 -0.806447
    outer loop
      vertex 1.34152 115.484 2.99
      vertex 1.51344 115.311 2.8125
      vertex 3.80115 112.231 0
    endloop
  endfacet
  facet normal -0.348007 0.480249 -0.805141
    outer loop
      vertex 1.51344 115.311 2.8125
      vertex 1.34152 115.484 2.99
      vertex 1.3429 115.485 2.99
    endloop
  endfacet
  facet normal 0.528075 0.293401 -0.796902
    outer loop
      vertex 64.7918 111.38 0
      vertex 65.4626 112.719 0.9375
      vertex 65.9244 113.161 1.40625
    endloop
  endfacet
  facet normal 0.566506 0.283253 -0.773847
    outer loop
      vertex 65.9244 113.161 1.40625
      vertex 67.1133 115.11 2.99
      vertex 67.1138 115.109 2.99
    endloop
  endfacet
  facet normal 0.45932 0.374377 -0.805523
    outer loop
      vertex 67.1133 115.11 2.99
      vertex 65.9244 113.161 1.40625
      vertex 65.4626 112.719 0.9375
    endloop
  endfacet
  facet normal 0.603089 0.190346 -0.77463
    outer loop
      vertex 64.7918 111.38 0
      vertex 66.9336 113.369 2.15625
      vertex 64.9474 110.887 0
    endloop
  endfacet
  facet normal 0.559177 0.268405 -0.784397
    outer loop
      vertex 66.9336 113.369 2.15625
      vertex 67.4854 114.656 2.99
      vertex 67.4878 114.651 2.99
    endloop
  endfacet
  facet normal 0.535175 0.28557 -0.795008
    outer loop
      vertex 67.4854 114.656 2.99
      vertex 66.9336 113.369 2.15625
      vertex 64.7918 111.38 0
    endloop
  endfacet
  facet normal 0.603081 -0.190338 -0.774639
    outer loop
      vertex 64.9474 73.1129 0
      vertex 67.5854 70.025 2.8125
      vertex 66.9336 70.6306 2.15625
    endloop
  endfacet
  facet normal 0.534709 -0.286007 -0.795164
    outer loop
      vertex 66.9336 70.6306 2.15625
      vertex 67.4993 69.3702 2.99
      vertex 67.4878 69.3487 2.99
    endloop
  endfacet
  facet normal 0.534909 -0.285862 -0.795081
    outer loop
      vertex 67.4993 69.3702 2.99
      vertex 66.9336 70.6306 2.15625
      vertex 67.5854 70.025 2.8125
    endloop
  endfacet
  facet normal 0.183086 0.605923 -0.774169
    outer loop
      vertex 65.7935 115.4 2.625
      vertex 65.6358 115.914 2.99
      vertex 66.0594 115.679 2.90625
    endloop
  endfacet
  facet normal 0.188661 0.60641 -0.772447
    outer loop
      vertex 65.6358 115.914 2.99
      vertex 65.7935 115.4 2.625
      vertex 65.5908 115.928 2.99
    endloop
  endfacet
  facet normal 0.272741 0.541623 -0.795146
    outer loop
      vertex 63.7844 112.558 0
      vertex 65.7935 115.4 2.625
      vertex 66.0594 115.679 2.90625
    endloop
  endfacet
  facet normal 0.199365 -0.598094 -0.776233
    outer loop
      vertex 65.5778 68.0681 2.99
      vertex 64.1093 70.3641 0.84375
      vertex 65.5784 68.0683 2.99
    endloop
  endfacet
  facet normal 0.183709 -0.60599 -0.773968
    outer loop
      vertex 64.1093 70.3641 0.84375
      vertex 65.5778 68.0681 2.99
      vertex 63.4001 71.107 0.09375
    endloop
  endfacet
  facet normal 0.276495 -0.539168 -0.795518
    outer loop
      vertex 63.4001 71.107 0.09375
      vertex 63.7844 71.4424 0
      vertex 64.1093 70.3641 0.84375
    endloop
  endfacet
  facet normal -0.185934 -0.606242 -0.77324
    outer loop
      vertex 2.20652 68.5998 2.625
      vertex 2.42157 68.0683 2.99
      vertex 2.40918 68.0721 2.99
    endloop
  endfacet
  facet normal -0.183854 -0.605917 -0.773991
    outer loop
      vertex 2.42157 68.0683 2.99
      vertex 2.20652 68.5998 2.625
      vertex 3.89075 70.3641 0.84375
    endloop
  endfacet
  facet normal -0.276563 -0.539143 -0.795511
    outer loop
      vertex 2.20652 68.5998 2.625
      vertex 4.21565 71.4424 0
      vertex 3.89075 70.3641 0.84375
    endloop
  endfacet
  facet normal -0.272631 0.541691 -0.795137
    outer loop
      vertex 1.94059 115.679 2.90625
      vertex 2.20652 115.4 2.625
      vertex 4.21565 112.558 0
    endloop
  endfacet
  facet normal -0.18857 0.606388 -0.772486
    outer loop
      vertex 2.20652 115.4 2.625
      vertex 2.36416 115.914 2.99
      vertex 2.40918 115.928 2.99
    endloop
  endfacet
  facet normal -0.18309 0.605909 -0.774178
    outer loop
      vertex 2.36416 115.914 2.99
      vertex 2.20652 115.4 2.625
      vertex 1.94059 115.679 2.90625
    endloop
  endfacet
  facet normal 0.195938 0.607407 -0.769847
    outer loop
      vertex 65.7935 115.4 2.625
      vertex 65.5784 115.932 2.99
      vertex 65.5908 115.928 2.99
    endloop
  endfacet
  facet normal 0.184362 0.605637 -0.774089
    outer loop
      vertex 65.5784 115.932 2.99
      vertex 65.7935 115.4 2.625
      vertex 64.1093 113.636 0.84375
    endloop
  endfacet
  facet normal 0.276461 0.539279 -0.795454
    outer loop
      vertex 63.7844 112.558 0
      vertex 64.1093 113.636 0.84375
      vertex 65.7935 115.4 2.625
    endloop
  endfacet
  facet normal -0.276454 0.539281 -0.795455
    outer loop
      vertex 2.20652 115.4 2.625
      vertex 3.89075 113.636 0.84375
      vertex 4.21565 112.558 0
    endloop
  endfacet
  facet normal -0.184374 0.605628 -0.774094
    outer loop
      vertex 2.20652 115.4 2.625
      vertex 2.42157 115.932 2.99
      vertex 3.89075 113.636 0.84375
    endloop
  endfacet
  facet normal -0.1961 0.607419 -0.769797
    outer loop
      vertex 2.42157 115.932 2.99
      vertex 2.20652 115.4 2.625
      vertex 2.40918 115.928 2.99
    endloop
  endfacet
  facet normal 0.957123 -0.289682 0
    outer loop
      vertex 2.01922 113.195 11.5
      vertex 2.07612 113.383 2.49
      vertex 2.07612 113.383 11.5
    endloop
  endfacet
  facet normal 0.957123 -0.289682 0
    outer loop
      vertex 2.07612 113.383 2.49
      vertex 2.01922 113.195 11.5
      vertex 2.01922 113.195 2.49
    endloop
  endfacet
  facet normal 0 0 1
    outer loop
      vertex 65.99 71.0095 2.49
      vertex 66 77 2.49
      vertex 65.99 77 2.49
    endloop
  endfacet
  facet normal 0 0 1
    outer loop
      vertex 66 77 2.49
      vertex 65.99 71.0095 2.49
      vertex 66 71 2.49
    endloop
  endfacet
  facet normal 0 0 1
    outer loop
      vertex 65.9711 70.8173 2.49
      vertex 66 71 2.49
      vertex 65.99 71.0095 2.49
    endloop
  endfacet
  facet normal 0 0 1
    outer loop
      vertex 66 71 2.49
      vertex 65.9711 70.8173 2.49
      vertex 65.9808 70.8049 2.49
    endloop
  endfacet
  facet normal -0 0 1
    outer loop
      vertex 65.971 70.8165 2.49
      vertex 65.9808 70.8049 2.49
      vertex 65.9711 70.8173 2.49
    endloop
  endfacet
  facet normal -0 0 1
    outer loop
      vertex 65.971 70.8164 2.49
      vertex 65.9808 70.8049 2.49
      vertex 65.971 70.8165 2.49
    endloop
  endfacet
  facet normal -0 0 1
    outer loop
      vertex 65.9708 70.8145 2.49
      vertex 65.9808 70.8049 2.49
      vertex 65.971 70.8164 2.49
    endloop
  endfacet
  facet normal 0 0 1
    outer loop
      vertex 65.923 70.657 2.49
      vertex 65.9808 70.8049 2.49
      vertex 65.9708 70.8145 2.49
    endloop
  endfacet
  facet normal 0 0 1
    outer loop
      vertex 65.9808 70.8049 2.49
      vertex 65.923 70.657 2.49
      vertex 65.9239 70.6173 2.49
    endloop
  endfacet
  facet normal -0 0 1
    outer loop
      vertex 65.9154 70.632 2.49
      vertex 65.9239 70.6173 2.49
      vertex 65.923 70.657 2.49
    endloop
  endfacet
  facet normal -0 0 1
    outer loop
      vertex 65.9151 70.631 2.49
      vertex 65.9239 70.6173 2.49
      vertex 65.9154 70.632 2.49
    endloop
  endfacet
  facet normal -0 0 1
    outer loop
      vertex 65.9146 70.6294 2.49
      vertex 65.9239 70.6173 2.49
      vertex 65.9151 70.631 2.49
    endloop
  endfacet
  facet normal -0 0 1
    outer loop
      vertex 65.9145 70.629 2.49
      vertex 65.9239 70.6173 2.49
      vertex 65.9146 70.6294 2.49
    endloop
  endfacet
  facet normal -0 0 1
    outer loop
      vertex 65.9145 70.6288 2.49
      vertex 65.9239 70.6173 2.49
      vertex 65.9145 70.629 2.49
    endloop
  endfacet
  facet normal -0 0 1
    outer loop
      vertex 65.9139 70.627 2.49
      vertex 65.9239 70.6173 2.49
      vertex 65.9145 70.6288 2.49
    endloop
  endfacet
  facet normal 0 0 1
    outer loop
      vertex 65.8511 70.5095 2.49
      vertex 65.9239 70.6173 2.49
      vertex 65.9139 70.627 2.49
    endloop
  endfacet
  facet normal -0 0 1
    outer loop
      vertex 65.8511 70.5095 2.49
      vertex 65.8315 70.4444 2.49
      vertex 65.9239 70.6173 2.49
    endloop
  endfacet
  facet normal -0 0 1
    outer loop
      vertex 65.8314 70.4726 2.49
      vertex 65.8315 70.4444 2.49
      vertex 65.8511 70.5095 2.49
    endloop
  endfacet
  facet normal -0 0 1
    outer loop
      vertex 65.8233 70.4576 2.49
      vertex 65.8315 70.4444 2.49
      vertex 65.8314 70.4726 2.49
    endloop
  endfacet
  facet normal -0 0 1
    outer loop
      vertex 65.8224 70.4559 2.49
      vertex 65.8315 70.4444 2.49
      vertex 65.8233 70.4576 2.49
    endloop
  endfacet
  facet normal -0 0 1
    outer loop
      vertex 65.8215 70.4542 2.49
      vertex 65.8315 70.4444 2.49
      vertex 65.8224 70.4559 2.49
    endloop
  endfacet
  facet normal 0 0 1
    outer loop
      vertex 65.7 70.3062 2.49
      vertex 65.8315 70.4444 2.49
      vertex 65.8215 70.4542 2.49
    endloop
  endfacet
  facet normal 0 0 1
    outer loop
      vertex 65.8315 70.4444 2.49
      vertex 65.7 70.3062 2.49
      vertex 65.7071 70.2929 2.49
    endloop
  endfacet
  facet normal -0 0 1
    outer loop
      vertex 65.6987 70.3046 2.49
      vertex 65.7071 70.2929 2.49
      vertex 65.7 70.3062 2.49
    endloop
  endfacet
  facet normal -0 0 1
    outer loop
      vertex 65.6984 70.3042 2.49
      vertex 65.7071 70.2929 2.49
      vertex 65.6987 70.3046 2.49
    endloop
  endfacet
  facet normal -0 0 1
    outer loop
      vertex 65.6972 70.3028 2.49
      vertex 65.7071 70.2929 2.49
      vertex 65.6984 70.3042 2.49
    endloop
  endfacet
  facet normal 0 0 1
    outer loop
      vertex 65.6972 70.3028 2.49
      vertex 65.5556 70.1685 2.49
      vertex 65.7071 70.2929 2.49
    endloop
  endfacet
  facet normal -0 0 1
    outer loop
      vertex 65.5474 70.1798 2.49
      vertex 65.5556 70.1685 2.49
      vertex 65.6972 70.3028 2.49
    endloop
  endfacet
  facet normal -0 0 1
    outer loop
      vertex 65.5472 70.1796 2.49
      vertex 65.5556 70.1685 2.49
      vertex 65.5474 70.1798 2.49
    endloop
  endfacet
  facet normal -0 0 1
    outer loop
      vertex 65.5457 70.1785 2.49
      vertex 65.5556 70.1685 2.49
      vertex 65.5472 70.1796 2.49
    endloop
  endfacet
  facet normal 0 0 1
    outer loop
      vertex 65.3839 70.092 2.49
      vertex 65.5556 70.1685 2.49
      vertex 65.5457 70.1785 2.49
    endloop
  endfacet
  facet normal -0 0 1
    outer loop
      vertex 65.3839 70.092 2.49
      vertex 65.3827 70.0761 2.49
      vertex 65.5556 70.1685 2.49
    endloop
  endfacet
  facet normal -0 0 1
    outer loop
      vertex 65.375 70.0872 2.49
      vertex 65.3827 70.0761 2.49
      vertex 65.3839 70.092 2.49
    endloop
  endfacet
  facet normal -0 0 1
    outer loop
      vertex 65.3745 70.087 2.49
      vertex 65.3827 70.0761 2.49
      vertex 65.375 70.0872 2.49
    endloop
  endfacet
  facet normal -0 0 1
    outer loop
      vertex 65.3729 70.0861 2.49
      vertex 65.3827 70.0761 2.49
      vertex 65.3745 70.087 2.49
    endloop
  endfacet
  facet normal 0 0 1
    outer loop
      vertex 65.2453 70.0474 2.49
      vertex 65.3827 70.0761 2.49
      vertex 65.3729 70.0861 2.49
    endloop
  endfacet
  facet normal 0 0 1
    outer loop
      vertex 65.1951 70.0192 2.49
      vertex 65.2453 70.0474 2.49
      vertex 65.2053 70.0352 2.49
    endloop
  endfacet
  facet normal -0 0 1
    outer loop
      vertex 65.2453 70.0474 2.49
      vertex 65.1951 70.0192 2.49
      vertex 65.3827 70.0761 2.49
    endloop
  endfacet
  facet normal -0 0 1
    outer loop
      vertex 65.1875 70.0299 2.49
      vertex 65.1951 70.0192 2.49
      vertex 65.2053 70.0352 2.49
    endloop
  endfacet
  facet normal -0 0 1
    outer loop
      vertex 65.1873 70.0298 2.49
      vertex 65.1951 70.0192 2.49
      vertex 65.1875 70.0299 2.49
    endloop
  endfacet
  facet normal -0 0 1
    outer loop
      vertex 65.1872 70.0297 2.49
      vertex 65.1951 70.0192 2.49
      vertex 65.1873 70.0298 2.49
    endloop
  endfacet
  facet normal -0 0 1
    outer loop
      vertex 65.1853 70.0292 2.49
      vertex 65.1951 70.0192 2.49
      vertex 65.1872 70.0297 2.49
    endloop
  endfacet
  facet normal 0 0 1
    outer loop
      vertex 65.0215 70.0131 2.49
      vertex 65.1951 70.0192 2.49
      vertex 65.1853 70.0292 2.49
    endloop
  endfacet
  facet normal 0 0 1
    outer loop
      vertex 65 70 2.49
      vertex 65.0215 70.0131 2.49
      vertex 65.0027 70.0112 2.49
    endloop
  endfacet
  facet normal -0 0 1
    outer loop
      vertex 65.0215 70.0131 2.49
      vertex 65 70 2.49
      vertex 65.1951 70.0192 2.49
    endloop
  endfacet
  facet normal -0 0 1
    outer loop
      vertex 64.9923 70.0102 2.49
      vertex 65 70 2.49
      vertex 65.0027 70.0112 2.49
    endloop
  endfacet
  facet normal -0 0 1
    outer loop
      vertex 64.9922 70.0102 2.49
      vertex 65 70 2.49
      vertex 64.9923 70.0102 2.49
    endloop
  endfacet
  facet normal -0 0 1
    outer loop
      vertex 64.9903 70.01 2.49
      vertex 65 70 2.49
      vertex 64.9922 70.0102 2.49
    endloop
  endfacet
  facet normal 0 0 1
    outer loop
      vertex 41.9419 70 2.49
      vertex 64.9903 70.01 2.49
      vertex 41.9419 70.01 2.49
    endloop
  endfacet
  facet normal 0 0 1
    outer loop
      vertex 64.9903 70.01 2.49
      vertex 41.9419 70 2.49
      vertex 65 70 2.49
    endloop
  endfacet
  facet normal 0 0 1
    outer loop
      vertex 66 113 2.49
      vertex 65.99 112.99 2.49
      vertex 66 92 2.49
    endloop
  endfacet
  facet normal -0 0 1
    outer loop
      vertex 65.9711 113.183 2.49
      vertex 66 113 2.49
      vertex 65.9808 113.195 2.49
    endloop
  endfacet
  facet normal 0 0 1
    outer loop
      vertex 66 113 2.49
      vertex 65.9711 113.183 2.49
      vertex 65.99 112.99 2.49
    endloop
  endfacet
  facet normal 0 0 1
    outer loop
      vertex 65.9808 113.195 2.49
      vertex 65.971 113.184 2.49
      vertex 65.9711 113.183 2.49
    endloop
  endfacet
  facet normal 0 0 1
    outer loop
      vertex 65.9808 113.195 2.49
      vertex 65.9708 113.185 2.49
      vertex 65.971 113.184 2.49
    endloop
  endfacet
  facet normal -0 0 1
    outer loop
      vertex 65.923 113.343 2.49
      vertex 65.9808 113.195 2.49
      vertex 65.9239 113.383 2.49
    endloop
  endfacet
  facet normal 0 0 1
    outer loop
      vertex 65.9808 113.195 2.49
      vertex 65.923 113.343 2.49
      vertex 65.9708 113.185 2.49
    endloop
  endfacet
  facet normal 0 0 1
    outer loop
      vertex 65.9239 113.383 2.49
      vertex 65.9154 113.368 2.49
      vertex 65.923 113.343 2.49
    endloop
  endfacet
  facet normal 0 0 1
    outer loop
      vertex 65.9239 113.383 2.49
      vertex 65.9151 113.369 2.49
      vertex 65.9154 113.368 2.49
    endloop
  endfacet
  facet normal 0 0 1
    outer loop
      vertex 65.9239 113.383 2.49
      vertex 65.9146 113.371 2.49
      vertex 65.9151 113.369 2.49
    endloop
  endfacet
  facet normal 0 0 1
    outer loop
      vertex 65.9239 113.383 2.49
      vertex 65.9145 113.371 2.49
      vertex 65.9146 113.371 2.49
    endloop
  endfacet
  facet normal 0 0 1
    outer loop
      vertex 65.9239 113.383 2.49
      vertex 65.9139 113.373 2.49
      vertex 65.9145 113.371 2.49
    endloop
  endfacet
  facet normal 0 0 1
    outer loop
      vertex 65.9239 113.383 2.49
      vertex 65.8511 113.491 2.49
      vertex 65.9139 113.373 2.49
    endloop
  endfacet
  facet normal 0 0 1
    outer loop
      vertex 65.8315 113.556 2.49
      vertex 65.8511 113.491 2.49
      vertex 65.9239 113.383 2.49
    endloop
  endfacet
  facet normal 0 0 1
    outer loop
      vertex 65.8315 113.556 2.49
      vertex 65.8314 113.527 2.49
      vertex 65.8511 113.491 2.49
    endloop
  endfacet
  facet normal 0 0 1
    outer loop
      vertex 65.8315 113.556 2.49
      vertex 65.8233 113.542 2.49
      vertex 65.8314 113.527 2.49
    endloop
  endfacet
  facet normal 0 0 1
    outer loop
      vertex 65.8315 113.556 2.49
      vertex 65.8224 113.544 2.49
      vertex 65.8233 113.542 2.49
    endloop
  endfacet
  facet normal 0 0 1
    outer loop
      vertex 65.8315 113.556 2.49
      vertex 65.8215 113.546 2.49
      vertex 65.8224 113.544 2.49
    endloop
  endfacet
  facet normal -0 0 1
    outer loop
      vertex 65.7 113.694 2.49
      vertex 65.8315 113.556 2.49
      vertex 65.7071 113.707 2.49
    endloop
  endfacet
  facet normal 0 0 1
    outer loop
      vertex 65.8315 113.556 2.49
      vertex 65.7 113.694 2.49
      vertex 65.8215 113.546 2.49
    endloop
  endfacet
  facet normal 0 0 1
    outer loop
      vertex 65.7071 113.707 2.49
      vertex 65.6987 113.695 2.49
      vertex 65.7 113.694 2.49
    endloop
  endfacet
  facet normal 0 0 1
    outer loop
      vertex 65.7071 113.707 2.49
      vertex 65.6984 113.696 2.49
      vertex 65.6987 113.695 2.49
    endloop
  endfacet
  facet normal 0 0 1
    outer loop
      vertex 65.7071 113.707 2.49
      vertex 65.6972 113.697 2.49
      vertex 65.6984 113.696 2.49
    endloop
  endfacet
  facet normal 0 0 1
    outer loop
      vertex 65.5556 113.831 2.49
      vertex 65.6972 113.697 2.49
      vertex 65.7071 113.707 2.49
    endloop
  endfacet
  facet normal 0 0 1
    outer loop
      vertex 65.5556 113.831 2.49
      vertex 65.5474 113.82 2.49
      vertex 65.6972 113.697 2.49
    endloop
  endfacet
  facet normal 0 0 1
    outer loop
      vertex 65.5556 113.831 2.49
      vertex 65.5472 113.82 2.49
      vertex 65.5474 113.82 2.49
    endloop
  endfacet
  facet normal 0 0 1
    outer loop
      vertex 65.5556 113.831 2.49
      vertex 65.5457 113.822 2.49
      vertex 65.5472 113.82 2.49
    endloop
  endfacet
  facet normal 0 0 1
    outer loop
      vertex 65.5556 113.831 2.49
      vertex 65.3839 113.908 2.49
      vertex 65.5457 113.822 2.49
    endloop
  endfacet
  facet normal 0 0 1
    outer loop
      vertex 65.3827 113.924 2.49
      vertex 65.3839 113.908 2.49
      vertex 65.5556 113.831 2.49
    endloop
  endfacet
  facet normal 0 0 1
    outer loop
      vertex 65.3827 113.924 2.49
      vertex 65.375 113.913 2.49
      vertex 65.3839 113.908 2.49
    endloop
  endfacet
  facet normal 0 0 1
    outer loop
      vertex 65.3827 113.924 2.49
      vertex 65.3745 113.913 2.49
      vertex 65.375 113.913 2.49
    endloop
  endfacet
  facet normal 0 0 1
    outer loop
      vertex 65.3827 113.924 2.49
      vertex 65.3729 113.914 2.49
      vertex 65.3745 113.913 2.49
    endloop
  endfacet
  facet normal 0 0 1
    outer loop
      vertex 65.3827 113.924 2.49
      vertex 65.2453 113.953 2.49
      vertex 65.3729 113.914 2.49
    endloop
  endfacet
  facet normal 0 0 1
    outer loop
      vertex 65.1951 113.981 2.49
      vertex 65.2453 113.953 2.49
      vertex 65.3827 113.924 2.49
    endloop
  endfacet
  facet normal 0 0 1
    outer loop
      vertex 65.2453 113.953 2.49
      vertex 65.1951 113.981 2.49
      vertex 65.2053 113.965 2.49
    endloop
  endfacet
  facet normal 0 0 1
    outer loop
      vertex 65.1951 113.981 2.49
      vertex 65.1875 113.97 2.49
      vertex 65.2053 113.965 2.49
    endloop
  endfacet
  facet normal 0 0 1
    outer loop
      vertex 65.1951 113.981 2.49
      vertex 65.1873 113.97 2.49
      vertex 65.1875 113.97 2.49
    endloop
  endfacet
  facet normal 0 0 1
    outer loop
      vertex 65.1951 113.981 2.49
      vertex 65.1872 113.97 2.49
      vertex 65.1873 113.97 2.49
    endloop
  endfacet
  facet normal 0 0 1
    outer loop
      vertex 65.1951 113.981 2.49
      vertex 65.1853 113.971 2.49
      vertex 65.1872 113.97 2.49
    endloop
  endfacet
  facet normal 0 0 1
    outer loop
      vertex 65.1951 113.981 2.49
      vertex 65.0215 113.987 2.49
      vertex 65.1853 113.971 2.49
    endloop
  endfacet
  facet normal 0 0 1
    outer loop
      vertex 65 114 2.49
      vertex 65.0215 113.987 2.49
      vertex 65.1951 113.981 2.49
    endloop
  endfacet
  facet normal 0 0 1
    outer loop
      vertex 65.0215 113.987 2.49
      vertex 65 114 2.49
      vertex 65.0027 113.989 2.49
    endloop
  endfacet
  facet normal 0 0 1
    outer loop
      vertex 65 114 2.49
      vertex 64.9923 113.99 2.49
      vertex 65.0027 113.989 2.49
    endloop
  endfacet
  facet normal 0 0 1
    outer loop
      vertex 65 114 2.49
      vertex 64.9922 113.99 2.49
      vertex 64.9923 113.99 2.49
    endloop
  endfacet
  facet normal 0 0 1
    outer loop
      vertex 65 114 2.49
      vertex 64.9903 113.99 2.49
      vertex 64.9922 113.99 2.49
    endloop
  endfacet
  facet normal 0 0 1
    outer loop
      vertex 65 114 2.49
      vertex 3.00969 113.99 2.49
      vertex 64.9903 113.99 2.49
    endloop
  endfacet
  facet normal 0 0 1
    outer loop
      vertex 3 114 2.49
      vertex 3.0078 113.99 2.49
      vertex 3.00969 113.99 2.49
    endloop
  endfacet
  facet normal -0 0 1
    outer loop
      vertex 3 114 2.49
      vertex 3.00969 113.99 2.49
      vertex 65 114 2.49
    endloop
  endfacet
  facet normal 0 0 1
    outer loop
      vertex 3.0078 113.99 2.49
      vertex 3 114 2.49
      vertex 3.00773 113.99 2.49
    endloop
  endfacet
  facet normal 0 0 1
    outer loop
      vertex 3 114 2.49
      vertex 2.99726 113.989 2.49
      vertex 3.00773 113.99 2.49
    endloop
  endfacet
  facet normal 0 0 1
    outer loop
      vertex 3 114 2.49
      vertex 2.97854 113.987 2.49
      vertex 2.99726 113.989 2.49
    endloop
  endfacet
  facet normal 0 0 1
    outer loop
      vertex 2.80491 113.981 2.49
      vertex 2.97854 113.987 2.49
      vertex 3 114 2.49
    endloop
  endfacet
  facet normal 0 0 1
    outer loop
      vertex 2.97854 113.987 2.49
      vertex 2.80491 113.981 2.49
      vertex 2.81466 113.971 2.49
    endloop
  endfacet
  facet normal 0 0 1
    outer loop
      vertex 2.80491 113.981 2.49
      vertex 2.81284 113.97 2.49
      vertex 2.81466 113.971 2.49
    endloop
  endfacet
  facet normal 0 0 1
    outer loop
      vertex 2.80491 113.981 2.49
      vertex 2.81272 113.97 2.49
      vertex 2.81284 113.97 2.49
    endloop
  endfacet
  facet normal 0 0 1
    outer loop
      vertex 2.80491 113.981 2.49
      vertex 2.81249 113.97 2.49
      vertex 2.81272 113.97 2.49
    endloop
  endfacet
  facet normal 0 0 1
    outer loop
      vertex 2.80491 113.981 2.49
      vertex 2.79471 113.965 2.49
      vertex 2.81249 113.97 2.49
    endloop
  endfacet
  facet normal 0 0 1
    outer loop
      vertex 2.80491 113.981 2.49
      vertex 2.75469 113.953 2.49
      vertex 2.79471 113.965 2.49
    endloop
  endfacet
  facet normal 0 0 1
    outer loop
      vertex 2.61732 113.924 2.49
      vertex 2.75469 113.953 2.49
      vertex 2.80491 113.981 2.49
    endloop
  endfacet
  facet normal 0 0 1
    outer loop
      vertex 2.75469 113.953 2.49
      vertex 2.61732 113.924 2.49
      vertex 2.62712 113.914 2.49
    endloop
  endfacet
  facet normal 0 0 1
    outer loop
      vertex 2.61732 113.924 2.49
      vertex 2.62545 113.913 2.49
      vertex 2.62712 113.914 2.49
    endloop
  endfacet
  facet normal 0 0 1
    outer loop
      vertex 2.61732 113.924 2.49
      vertex 2.62496 113.913 2.49
      vertex 2.62545 113.913 2.49
    endloop
  endfacet
  facet normal 0 0 1
    outer loop
      vertex 2.61732 113.924 2.49
      vertex 2.61611 113.908 2.49
      vertex 2.62496 113.913 2.49
    endloop
  endfacet
  facet normal 0 0 1
    outer loop
      vertex 2.44443 113.831 2.49
      vertex 2.61611 113.908 2.49
      vertex 2.61732 113.924 2.49
    endloop
  endfacet
  facet normal 0 0 1
    outer loop
      vertex 2.44443 113.831 2.49
      vertex 2.45282 113.82 2.49
      vertex 2.45429 113.822 2.49
    endloop
  endfacet
  facet normal 0 0 1
    outer loop
      vertex 2.61611 113.908 2.49
      vertex 2.44443 113.831 2.49
      vertex 2.45429 113.822 2.49
    endloop
  endfacet
  facet normal 0 0 1
    outer loop
      vertex 2.45282 113.82 2.49
      vertex 2.44443 113.831 2.49
      vertex 2.45261 113.82 2.49
    endloop
  endfacet
  facet normal 0 0 1
    outer loop
      vertex 2.44443 113.831 2.49
      vertex 2.3028 113.697 2.49
      vertex 2.45261 113.82 2.49
    endloop
  endfacet
  facet normal 0 0 1
    outer loop
      vertex 2.29289 113.707 2.49
      vertex 2.30131 113.695 2.49
      vertex 2.3016 113.696 2.49
    endloop
  endfacet
  facet normal -0 0 1
    outer loop
      vertex 2.29289 113.707 2.49
      vertex 2.3028 113.697 2.49
      vertex 2.44443 113.831 2.49
    endloop
  endfacet
  facet normal 0 0 1
    outer loop
      vertex 2.29289 113.707 2.49
      vertex 2.3016 113.696 2.49
      vertex 2.3028 113.697 2.49
    endloop
  endfacet
  facet normal 0 0 1
    outer loop
      vertex 2.30131 113.695 2.49
      vertex 2.29289 113.707 2.49
      vertex 2.3 113.694 2.49
    endloop
  endfacet
  facet normal 0 0 1
    outer loop
      vertex 2.16853 113.556 2.49
      vertex 2.3 113.694 2.49
      vertex 2.29289 113.707 2.49
    endloop
  endfacet
  facet normal 0 0 1
    outer loop
      vertex 2.16853 113.556 2.49
      vertex 2.17758 113.544 2.49
      vertex 2.17848 113.546 2.49
    endloop
  endfacet
  facet normal 0 0 1
    outer loop
      vertex 2.3 113.694 2.49
      vertex 2.16853 113.556 2.49
      vertex 2.17848 113.546 2.49
    endloop
  endfacet
  facet normal 0 0 1
    outer loop
      vertex 2.17758 113.544 2.49
      vertex 2.16853 113.556 2.49
      vertex 2.17755 113.544 2.49
    endloop
  endfacet
  facet normal 0 0 1
    outer loop
      vertex 2.16853 113.556 2.49
      vertex 2.17666 113.542 2.49
      vertex 2.17755 113.544 2.49
    endloop
  endfacet
  facet normal 0 0 1
    outer loop
      vertex 2.16853 113.556 2.49
      vertex 2.16865 113.527 2.49
      vertex 2.17666 113.542 2.49
    endloop
  endfacet
  facet normal 0 0 1
    outer loop
      vertex 2.16853 113.556 2.49
      vertex 2.14894 113.491 2.49
      vertex 2.16865 113.527 2.49
    endloop
  endfacet
  facet normal 0 0 1
    outer loop
      vertex 2.07612 113.383 2.49
      vertex 2.14894 113.491 2.49
      vertex 2.16853 113.556 2.49
    endloop
  endfacet
  facet normal 0 0 1
    outer loop
      vertex 2.07612 113.383 2.49
      vertex 2.08555 113.371 2.49
      vertex 2.0861 113.373 2.49
    endloop
  endfacet
  facet normal 0 0 1
    outer loop
      vertex 2.07612 113.383 2.49
      vertex 2.0849 113.369 2.49
      vertex 2.08536 113.371 2.49
    endloop
  endfacet
  facet normal 0 0 1
    outer loop
      vertex 2.0849 113.369 2.49
      vertex 2.07612 113.383 2.49
      vertex 2.0846 113.368 2.49
    endloop
  endfacet
  facet normal 0 0 1
    outer loop
      vertex 2.14894 113.491 2.49
      vertex 2.07612 113.383 2.49
      vertex 2.0861 113.373 2.49
    endloop
  endfacet
  facet normal 0 0 1
    outer loop
      vertex 2.08555 113.371 2.49
      vertex 2.07612 113.383 2.49
      vertex 2.08551 113.371 2.49
    endloop
  endfacet
  facet normal 0 0 1
    outer loop
      vertex 2.07612 113.383 2.49
      vertex 2.08536 113.371 2.49
      vertex 2.08551 113.371 2.49
    endloop
  endfacet
  facet normal 0 0 1
    outer loop
      vertex 2.0846 113.368 2.49
      vertex 2.07612 113.383 2.49
      vertex 2.07701 113.343 2.49
    endloop
  endfacet
  facet normal 0 0 1
    outer loop
      vertex 2.01922 113.195 2.49
      vertex 2.07701 113.343 2.49
      vertex 2.07612 113.383 2.49
    endloop
  endfacet
  facet normal 0 0 1
    outer loop
      vertex 2.01922 113.195 2.49
      vertex 2.02902 113.184 2.49
      vertex 2.02921 113.185 2.49
    endloop
  endfacet
  facet normal 0 0 1
    outer loop
      vertex 2.07701 113.343 2.49
      vertex 2.01922 113.195 2.49
      vertex 2.02921 113.185 2.49
    endloop
  endfacet
  facet normal 0 0 1
    outer loop
      vertex 2.01922 113.195 2.49
      vertex 2.02894 113.183 2.49
      vertex 2.02902 113.184 2.49
    endloop
  endfacet
  facet normal 0 0 1
    outer loop
      vertex 2 113 2.49
      vertex 2.02894 113.183 2.49
      vertex 2.01922 113.195 2.49
    endloop
  endfacet
  facet normal 0 0 1
    outer loop
      vertex 2.01 112.99 2.49
      vertex 2 113 2.49
      vertex 2.01 71.0095 2.49
    endloop
  endfacet
  facet normal 0 0 1
    outer loop
      vertex 2.02894 113.183 2.49
      vertex 2 113 2.49
      vertex 2.01 112.99 2.49
    endloop
  endfacet
  facet normal 0 0 1
    outer loop
      vertex 66 92 2.49
      vertex 65.99 112.99 2.49
      vertex 65.99 92 2.49
    endloop
  endfacet
  facet normal -0 0 1
    outer loop
      vertex 3.00969 70.01 2.49
      vertex 34.0581 70 2.49
      vertex 34.0581 70.01 2.49
    endloop
  endfacet
  facet normal 0 0 1
    outer loop
      vertex 3 70 2.49
      vertex 3.0078 70.0102 2.49
      vertex 3.00773 70.0102 2.49
    endloop
  endfacet
  facet normal 0 0 1
    outer loop
      vertex 3.00969 70.01 2.49
      vertex 3 70 2.49
      vertex 34.0581 70 2.49
    endloop
  endfacet
  facet normal 0 0 1
    outer loop
      vertex 3.0078 70.0102 2.49
      vertex 3 70 2.49
      vertex 3.00969 70.01 2.49
    endloop
  endfacet
  facet normal 0 0 1
    outer loop
      vertex 2.99726 70.0112 2.49
      vertex 3 70 2.49
      vertex 3.00773 70.0102 2.49
    endloop
  endfacet
  facet normal 0 0 1
    outer loop
      vertex 2.97854 70.0131 2.49
      vertex 3 70 2.49
      vertex 2.99726 70.0112 2.49
    endloop
  endfacet
  facet normal -0 0 1
    outer loop
      vertex 2.80491 70.0192 2.49
      vertex 2.97854 70.0131 2.49
      vertex 2.81466 70.0292 2.49
    endloop
  endfacet
  facet normal 0 0 1
    outer loop
      vertex 2.97854 70.0131 2.49
      vertex 2.80491 70.0192 2.49
      vertex 3 70 2.49
    endloop
  endfacet
  facet normal 0 0 1
    outer loop
      vertex 2.81284 70.0297 2.49
      vertex 2.80491 70.0192 2.49
      vertex 2.81466 70.0292 2.49
    endloop
  endfacet
  facet normal 0 0 1
    outer loop
      vertex 2.81272 70.0298 2.49
      vertex 2.80491 70.0192 2.49
      vertex 2.81284 70.0297 2.49
    endloop
  endfacet
  facet normal 0 0 1
    outer loop
      vertex 2.81249 70.0299 2.49
      vertex 2.80491 70.0192 2.49
      vertex 2.81272 70.0298 2.49
    endloop
  endfacet
  facet normal 0 0 1
    outer loop
      vertex 2.79471 70.0352 2.49
      vertex 2.80491 70.0192 2.49
      vertex 2.81249 70.0299 2.49
    endloop
  endfacet
  facet normal 0 0 1
    outer loop
      vertex 2.75469 70.0474 2.49
      vertex 2.80491 70.0192 2.49
      vertex 2.79471 70.0352 2.49
    endloop
  endfacet
  facet normal -0 0 1
    outer loop
      vertex 2.61732 70.0761 2.49
      vertex 2.75469 70.0474 2.49
      vertex 2.62712 70.0861 2.49
    endloop
  endfacet
  facet normal 0 0 1
    outer loop
      vertex 2.75469 70.0474 2.49
      vertex 2.61732 70.0761 2.49
      vertex 2.80491 70.0192 2.49
    endloop
  endfacet
  facet normal 0 0 1
    outer loop
      vertex 2.62545 70.087 2.49
      vertex 2.61732 70.0761 2.49
      vertex 2.62712 70.0861 2.49
    endloop
  endfacet
  facet normal 0 0 1
    outer loop
      vertex 2.62496 70.0872 2.49
      vertex 2.61732 70.0761 2.49
      vertex 2.62545 70.087 2.49
    endloop
  endfacet
  facet normal 0 0 1
    outer loop
      vertex 2.61611 70.092 2.49
      vertex 2.61732 70.0761 2.49
      vertex 2.62496 70.0872 2.49
    endloop
  endfacet
  facet normal -0 0 1
    outer loop
      vertex 2.44443 70.1685 2.49
      vertex 2.61611 70.092 2.49
      vertex 2.45429 70.1785 2.49
    endloop
  endfacet
  facet normal 0 0 1
    outer loop
      vertex 2.44443 70.1685 2.49
      vertex 2.45282 70.1796 2.49
      vertex 2.45261 70.1798 2.49
    endloop
  endfacet
  facet normal 0 0 1
    outer loop
      vertex 2.61611 70.092 2.49
      vertex 2.44443 70.1685 2.49
      vertex 2.61732 70.0761 2.49
    endloop
  endfacet
  facet normal 0 0 1
    outer loop
      vertex 2.45282 70.1796 2.49
      vertex 2.44443 70.1685 2.49
      vertex 2.45429 70.1785 2.49
    endloop
  endfacet
  facet normal 0 0 1
    outer loop
      vertex 2.3028 70.3028 2.49
      vertex 2.44443 70.1685 2.49
      vertex 2.45261 70.1798 2.49
    endloop
  endfacet
  facet normal 0 0 1
    outer loop
      vertex 2.29289 70.2929 2.49
      vertex 2.30131 70.3046 2.49
      vertex 2.3 70.3062 2.49
    endloop
  endfacet
  facet normal 0 0 1
    outer loop
      vertex 2.3028 70.3028 2.49
      vertex 2.29289 70.2929 2.49
      vertex 2.44443 70.1685 2.49
    endloop
  endfacet
  facet normal 0 0 1
    outer loop
      vertex 2.3016 70.3042 2.49
      vertex 2.29289 70.2929 2.49
      vertex 2.3028 70.3028 2.49
    endloop
  endfacet
  facet normal 0 0 1
    outer loop
      vertex 2.30131 70.3046 2.49
      vertex 2.29289 70.2929 2.49
      vertex 2.3016 70.3042 2.49
    endloop
  endfacet
  facet normal -0 0 1
    outer loop
      vertex 2.16853 70.4444 2.49
      vertex 2.3 70.3062 2.49
      vertex 2.17848 70.4542 2.49
    endloop
  endfacet
  facet normal 0 0 1
    outer loop
      vertex 2.16853 70.4444 2.49
      vertex 2.17758 70.4559 2.49
      vertex 2.17755 70.4559 2.49
    endloop
  endfacet
  facet normal 0 0 1
    outer loop
      vertex 2.3 70.3062 2.49
      vertex 2.16853 70.4444 2.49
      vertex 2.29289 70.2929 2.49
    endloop
  endfacet
  facet normal 0 0 1
    outer loop
      vertex 2.17758 70.4559 2.49
      vertex 2.16853 70.4444 2.49
      vertex 2.17848 70.4542 2.49
    endloop
  endfacet
  facet normal 0 0 1
    outer loop
      vertex 2.17666 70.4576 2.49
      vertex 2.16853 70.4444 2.49
      vertex 2.17755 70.4559 2.49
    endloop
  endfacet
  facet normal 0 0 1
    outer loop
      vertex 2.16865 70.4726 2.49
      vertex 2.16853 70.4444 2.49
      vertex 2.17666 70.4576 2.49
    endloop
  endfacet
  facet normal 0 0 1
    outer loop
      vertex 2.14894 70.5095 2.49
      vertex 2.16853 70.4444 2.49
      vertex 2.16865 70.4726 2.49
    endloop
  endfacet
  facet normal -0 0 1
    outer loop
      vertex 2.07612 70.6173 2.49
      vertex 2.14894 70.5095 2.49
      vertex 2.0861 70.627 2.49
    endloop
  endfacet
  facet normal 0 0 1
    outer loop
      vertex 2.07612 70.6173 2.49
      vertex 2.08555 70.6288 2.49
      vertex 2.08551 70.629 2.49
    endloop
  endfacet
  facet normal 0 0 1
    outer loop
      vertex 2.07612 70.6173 2.49
      vertex 2.0849 70.631 2.49
      vertex 2.0846 70.632 2.49
    endloop
  endfacet
  facet normal 0 0 1
    outer loop
      vertex 2.07612 70.6173 2.49
      vertex 2.0846 70.632 2.49
      vertex 2.07701 70.657 2.49
    endloop
  endfacet
  facet normal 0 0 1
    outer loop
      vertex 2.14894 70.5095 2.49
      vertex 2.07612 70.6173 2.49
      vertex 2.16853 70.4444 2.49
    endloop
  endfacet
  facet normal 0 0 1
    outer loop
      vertex 2.08555 70.6288 2.49
      vertex 2.07612 70.6173 2.49
      vertex 2.0861 70.627 2.49
    endloop
  endfacet
  facet normal 0 0 1
    outer loop
      vertex 2.08536 70.6294 2.49
      vertex 2.07612 70.6173 2.49
      vertex 2.08551 70.629 2.49
    endloop
  endfacet
  facet normal 0 0 1
    outer loop
      vertex 2.0849 70.631 2.49
      vertex 2.07612 70.6173 2.49
      vertex 2.08536 70.6294 2.49
    endloop
  endfacet
  facet normal -0 0 1
    outer loop
      vertex 2.01922 70.8049 2.49
      vertex 2.07701 70.657 2.49
      vertex 2.02921 70.8145 2.49
    endloop
  endfacet
  facet normal 0 0 1
    outer loop
      vertex 2.01922 70.8049 2.49
      vertex 2.02902 70.8164 2.49
      vertex 2.02902 70.8165 2.49
    endloop
  endfacet
  facet normal 0 0 1
    outer loop
      vertex 2.07701 70.657 2.49
      vertex 2.01922 70.8049 2.49
      vertex 2.07612 70.6173 2.49
    endloop
  endfacet
  facet normal 0 0 1
    outer loop
      vertex 2.02902 70.8164 2.49
      vertex 2.01922 70.8049 2.49
      vertex 2.02921 70.8145 2.49
    endloop
  endfacet
  facet normal 0 0 1
    outer loop
      vertex 2.02894 70.8173 2.49
      vertex 2.01922 70.8049 2.49
      vertex 2.02902 70.8165 2.49
    endloop
  endfacet
  facet normal -0 0 1
    outer loop
      vertex 2 71 2.49
      vertex 2.02894 70.8173 2.49
      vertex 2.01 71.0095 2.49
    endloop
  endfacet
  facet normal 0 0 1
    outer loop
      vertex 2.02894 70.8173 2.49
      vertex 2 71 2.49
      vertex 2.01922 70.8049 2.49
    endloop
  endfacet
  facet normal 0 0 1
    outer loop
      vertex 2 71 2.49
      vertex 2.01 71.0095 2.49
      vertex 2 113 2.49
    endloop
  endfacet
  facet normal 0.995178 -0.0980888 0
    outer loop
      vertex 2 113 11.5
      vertex 2.01922 113.195 2.49
      vertex 2.01922 113.195 11.5
    endloop
  endfacet
  facet normal 0.995178 -0.0980888 0
    outer loop
      vertex 2.01922 113.195 2.49
      vertex 2 113 11.5
      vertex 2 113 2.49
    endloop
  endfacet
  facet normal -1 0 0
    outer loop
      vertex 66 77 2.49
      vertex 66 71 2.49
      vertex 66 77 7.9
    endloop
  endfacet
  facet normal -1 0 0
    outer loop
      vertex 66 92 7.9
      vertex 66 113 2.49
      vertex 66 92 2.49
    endloop
  endfacet
  facet normal -1 0 0
    outer loop
      vertex 66 113 2.49
      vertex 66 92 7.9
      vertex 66 113 11.5
    endloop
  endfacet
  facet normal -1 0 0
    outer loop
      vertex 66 71 11.5
      vertex 66 92 7.9
      vertex 66 77 7.9
    endloop
  endfacet
  facet normal -1 0 0
    outer loop
      vertex 66 92 7.9
      vertex 66 71 11.5
      vertex 66 113 11.5
    endloop
  endfacet
  facet normal -1 0 0
    outer loop
      vertex 66 71 11.5
      vertex 66 77 7.9
      vertex 66 71 2.49
    endloop
  endfacet
  facet normal 0 1 0
    outer loop
      vertex 65 70 11.5
      vertex 38 70 5.9
      vertex 3 70 11.5
    endloop
  endfacet
  facet normal 0 1 0
    outer loop
      vertex 65 70 11.5
      vertex 38.7803 70 5.82314
      vertex 38 70 5.9
    endloop
  endfacet
  facet normal 0 1 0
    outer loop
      vertex 65 70 11.5
      vertex 39.5307 70 5.59553
      vertex 38.7803 70 5.82314
    endloop
  endfacet
  facet normal 0 1 0
    outer loop
      vertex 65 70 11.5
      vertex 40.2223 70 5.22588
      vertex 39.5307 70 5.59553
    endloop
  endfacet
  facet normal 0 1 0
    outer loop
      vertex 65 70 11.5
      vertex 40.8284 70 4.72843
      vertex 40.2223 70 5.22588
    endloop
  endfacet
  facet normal 0 1 0
    outer loop
      vertex 65 70 11.5
      vertex 41.3259 70 4.12229
      vertex 40.8284 70 4.72843
    endloop
  endfacet
  facet normal 0 1 0
    outer loop
      vertex 65 70 11.5
      vertex 41.6955 70 3.43075
      vertex 41.3259 70 4.12229
    endloop
  endfacet
  facet normal 0 1 -0
    outer loop
      vertex 65 70 2.49
      vertex 41.6955 70 3.43075
      vertex 65 70 11.5
    endloop
  endfacet
  facet normal 0 1 0
    outer loop
      vertex 41.6955 70 3.43075
      vertex 65 70 2.49
      vertex 41.9231 70 2.68036
    endloop
  endfacet
  facet normal 0 1 0
    outer loop
      vertex 41.9231 70 2.68036
      vertex 65 70 2.49
      vertex 41.9419 70 2.49
    endloop
  endfacet
  facet normal 0 1 -0
    outer loop
      vertex 37.2196 70 5.82314
      vertex 3 70 11.5
      vertex 38 70 5.9
    endloop
  endfacet
  facet normal 0 1 -0
    outer loop
      vertex 36.4693 70 5.59553
      vertex 3 70 11.5
      vertex 37.2196 70 5.82314
    endloop
  endfacet
  facet normal 0 1 -0
    outer loop
      vertex 35.7777 70 5.22588
      vertex 3 70 11.5
      vertex 36.4693 70 5.59553
    endloop
  endfacet
  facet normal 0 1 -0
    outer loop
      vertex 35.1716 70 4.72843
      vertex 3 70 11.5
      vertex 35.7777 70 5.22588
    endloop
  endfacet
  facet normal 0 1 -0
    outer loop
      vertex 34.6741 70 4.12229
      vertex 3 70 11.5
      vertex 35.1716 70 4.72843
    endloop
  endfacet
  facet normal 0 1 -0
    outer loop
      vertex 34.3045 70 3.43075
      vertex 3 70 11.5
      vertex 34.6741 70 4.12229
    endloop
  endfacet
  facet normal 0 1 -0
    outer loop
      vertex 34.0769 70 2.68036
      vertex 3 70 11.5
      vertex 34.3045 70 3.43075
    endloop
  endfacet
  facet normal 0 1 0
    outer loop
      vertex 3 70 2.49
      vertex 34.0769 70 2.68036
      vertex 34.0581 70 2.49
    endloop
  endfacet
  facet normal 0 1 0
    outer loop
      vertex 34.0769 70 2.68036
      vertex 3 70 2.49
      vertex 3 70 11.5
    endloop
  endfacet
  facet normal 0.633277 -0.773925 0
    outer loop
      vertex 2.29289 113.707 2.49
      vertex 2.44443 113.831 11.5
      vertex 2.29289 113.707 11.5
    endloop
  endfacet
  facet normal 0.633277 -0.773925 0
    outer loop
      vertex 2.44443 113.831 11.5
      vertex 2.29289 113.707 2.49
      vertex 2.44443 113.831 2.49
    endloop
  endfacet
  facet normal -0.471329 0.881957 0
    outer loop
      vertex 65.5556 70.1685 2.49
      vertex 65.3827 70.0761 11.5
      vertex 65.5556 70.1685 11.5
    endloop
  endfacet
  facet normal -0.471329 0.881957 0
    outer loop
      vertex 65.3827 70.0761 11.5
      vertex 65.5556 70.1685 2.49
      vertex 65.3827 70.0761 2.49
    endloop
  endfacet
  facet normal 0.634498 0.772925 -0
    outer loop
      vertex 2.44443 70.1685 2.49
      vertex 2.29289 70.2929 11.5
      vertex 2.44443 70.1685 11.5
    endloop
  endfacet
  facet normal 0.634498 0.772925 0
    outer loop
      vertex 2.29289 70.2929 11.5
      vertex 2.44443 70.1685 2.49
      vertex 2.29289 70.2929 2.49
    endloop
  endfacet
  facet normal 1 -0 0
    outer loop
      vertex 2 71 11.5
      vertex 2 113 2.49
      vertex 2 113 11.5
    endloop
  endfacet
  facet normal 1 0 0
    outer loop
      vertex 2 113 2.49
      vertex 2 71 11.5
      vertex 2 71 2.49
    endloop
  endfacet
  facet normal -0.0969274 -0.995291 0
    outer loop
      vertex 65 114 2.49
      vertex 65.1951 113.981 11.5
      vertex 65 114 11.5
    endloop
  endfacet
  facet normal -0.0969274 -0.995291 -0
    outer loop
      vertex 65.1951 113.981 11.5
      vertex 65 114 2.49
      vertex 65.1951 113.981 2.49
    endloop
  endfacet
  facet normal 0.290262 0.956947 -0
    outer loop
      vertex 2.80491 70.0192 2.49
      vertex 2.61732 70.0761 11.5
      vertex 2.80491 70.0192 11.5
    endloop
  endfacet
  facet normal 0.290262 0.956947 0
    outer loop
      vertex 2.61732 70.0761 11.5
      vertex 2.80491 70.0192 2.49
      vertex 2.61732 70.0761 2.49
    endloop
  endfacet
  facet normal 0 -1 0
    outer loop
      vertex 3 114 2.49
      vertex 65 114 11.5
      vertex 3 114 11.5
    endloop
  endfacet
  facet normal 0 -1 -0
    outer loop
      vertex 65 114 11.5
      vertex 3 114 2.49
      vertex 65 114 2.49
    endloop
  endfacet
  facet normal -0.633377 -0.773843 0
    outer loop
      vertex 65.5556 113.831 2.49
      vertex 65.7071 113.707 11.5
      vertex 65.5556 113.831 11.5
    endloop
  endfacet
  facet normal -0.633377 -0.773843 -0
    outer loop
      vertex 65.7071 113.707 11.5
      vertex 65.5556 113.831 2.49
      vertex 65.7071 113.707 2.49
    endloop
  endfacet
  facet normal -0.771812 -0.635851 0
    outer loop
      vertex 65.8315 113.556 2.49
      vertex 65.7071 113.707 11.5
      vertex 65.7071 113.707 2.49
    endloop
  endfacet
  facet normal -0.771812 -0.635851 0
    outer loop
      vertex 65.7071 113.707 11.5
      vertex 65.8315 113.556 2.49
      vertex 65.8315 113.556 11.5
    endloop
  endfacet
  facet normal -0.772842 0.634598 0
    outer loop
      vertex 65.7071 70.2929 2.49
      vertex 65.8315 70.4444 11.5
      vertex 65.8315 70.4444 2.49
    endloop
  endfacet
  facet normal -0.772842 0.634598 0
    outer loop
      vertex 65.8315 70.4444 11.5
      vertex 65.7071 70.2929 2.49
      vertex 65.7071 70.2929 11.5
    endloop
  endfacet
  facet normal 0.772942 0.634476 0
    outer loop
      vertex 2.29289 70.2929 11.5
      vertex 2.16853 70.4444 2.49
      vertex 2.16853 70.4444 11.5
    endloop
  endfacet
  facet normal 0.772942 0.634476 0
    outer loop
      vertex 2.16853 70.4444 2.49
      vertex 2.29289 70.2929 11.5
      vertex 2.29289 70.2929 2.49
    endloop
  endfacet
  facet normal -0.881957 0.471329 0
    outer loop
      vertex 65.8315 70.4444 2.49
      vertex 65.9239 70.6173 11.5
      vertex 65.9239 70.6173 2.49
    endloop
  endfacet
  facet normal -0.881957 0.471329 0
    outer loop
      vertex 65.9239 70.6173 11.5
      vertex 65.8315 70.4444 2.49
      vertex 65.8315 70.4444 11.5
    endloop
  endfacet
  facet normal -0.473705 -0.880684 0
    outer loop
      vertex 65.3827 113.924 2.49
      vertex 65.5556 113.831 11.5
      vertex 65.3827 113.924 11.5
    endloop
  endfacet
  facet normal -0.473705 -0.880684 -0
    outer loop
      vertex 65.5556 113.831 11.5
      vertex 65.3827 113.924 2.49
      vertex 65.5556 113.831 2.49
    endloop
  endfacet
  facet normal -0.957123 -0.289682 0
    outer loop
      vertex 65.9808 113.195 2.49
      vertex 65.9239 113.383 11.5
      vertex 65.9239 113.383 2.49
    endloop
  endfacet
  facet normal -0.957123 -0.289682 0
    outer loop
      vertex 65.9239 113.383 11.5
      vertex 65.9808 113.195 2.49
      vertex 65.9808 113.195 11.5
    endloop
  endfacet
  facet normal 0.882049 -0.471157 0
    outer loop
      vertex 2.07612 113.383 11.5
      vertex 2.16853 113.556 2.49
      vertex 2.16853 113.556 11.5
    endloop
  endfacet
  facet normal 0.882049 -0.471157 0
    outer loop
      vertex 2.16853 113.556 2.49
      vertex 2.07612 113.383 11.5
      vertex 2.07612 113.383 2.49
    endloop
  endfacet
  facet normal 0.471351 0.881946 -0
    outer loop
      vertex 2.61732 70.0761 2.49
      vertex 2.44443 70.1685 11.5
      vertex 2.61732 70.0761 11.5
    endloop
  endfacet
  facet normal 0.471351 0.881946 0
    outer loop
      vertex 2.44443 70.1685 11.5
      vertex 2.61732 70.0761 2.49
      vertex 2.44443 70.1685 2.49
    endloop
  endfacet
  facet normal -0.995193 0.097938 0
    outer loop
      vertex 65.9808 70.8049 2.49
      vertex 66 71 11.5
      vertex 66 71 2.49
    endloop
  endfacet
  facet normal -0.995193 0.097938 0
    outer loop
      vertex 66 71 11.5
      vertex 65.9808 70.8049 2.49
      vertex 65.9808 70.8049 11.5
    endloop
  endfacet
  facet normal 0.881936 0.471369 0
    outer loop
      vertex 2.16853 70.4444 11.5
      vertex 2.07612 70.6173 2.49
      vertex 2.07612 70.6173 11.5
    endloop
  endfacet
  facet normal 0.881936 0.471369 0
    outer loop
      vertex 2.07612 70.6173 2.49
      vertex 2.16853 70.4444 11.5
      vertex 2.16853 70.4444 2.49
    endloop
  endfacet
  facet normal -0.956951 0.290248 0
    outer loop
      vertex 65.9239 70.6173 2.49
      vertex 65.9808 70.8049 11.5
      vertex 65.9808 70.8049 2.49
    endloop
  endfacet
  facet normal -0.956951 0.290248 0
    outer loop
      vertex 65.9808 70.8049 11.5
      vertex 65.9239 70.6173 2.49
      vertex 65.9239 70.6173 11.5
    endloop
  endfacet
  facet normal -0.634598 0.772842 0
    outer loop
      vertex 65.7071 70.2929 2.49
      vertex 65.5556 70.1685 11.5
      vertex 65.7071 70.2929 11.5
    endloop
  endfacet
  facet normal -0.634598 0.772842 0
    outer loop
      vertex 65.5556 70.1685 11.5
      vertex 65.7071 70.2929 2.49
      vertex 65.5556 70.1685 2.49
    endloop
  endfacet
  facet normal 0.956951 0.290248 0
    outer loop
      vertex 2.07612 70.6173 11.5
      vertex 2.01922 70.8049 2.49
      vertex 2.01922 70.8049 11.5
    endloop
  endfacet
  facet normal 0.956951 0.290248 0
    outer loop
      vertex 2.01922 70.8049 2.49
      vertex 2.07612 70.6173 11.5
      vertex 2.07612 70.6173 2.49
    endloop
  endfacet
  facet normal 0.995183 0.098039 0
    outer loop
      vertex 2.01922 70.8049 11.5
      vertex 2 71 2.49
      vertex 2 71 11.5
    endloop
  endfacet
  facet normal 0.995183 0.098039 0
    outer loop
      vertex 2 71 2.49
      vertex 2.01922 70.8049 11.5
      vertex 2.01922 70.8049 2.49
    endloop
  endfacet
  facet normal -0.290248 0.956951 0
    outer loop
      vertex 65.3827 70.0761 2.49
      vertex 65.1951 70.0192 11.5
      vertex 65.3827 70.0761 11.5
    endloop
  endfacet
  facet normal -0.290248 0.956951 0
    outer loop
      vertex 65.1951 70.0192 11.5
      vertex 65.3827 70.0761 2.49
      vertex 65.1951 70.0192 2.49
    endloop
  endfacet
  facet normal -0.290715 -0.95681 0
    outer loop
      vertex 65.1951 113.981 2.49
      vertex 65.3827 113.924 11.5
      vertex 65.1951 113.981 11.5
    endloop
  endfacet
  facet normal -0.290715 -0.95681 -0
    outer loop
      vertex 65.3827 113.924 11.5
      vertex 65.1951 113.981 2.49
      vertex 65.3827 113.924 2.49
    endloop
  endfacet
  facet normal 0.771913 -0.635729 0
    outer loop
      vertex 2.16853 113.556 11.5
      vertex 2.29289 113.707 2.49
      vertex 2.29289 113.707 11.5
    endloop
  endfacet
  facet normal 0.771913 -0.635729 0
    outer loop
      vertex 2.29289 113.707 2.49
      vertex 2.16853 113.556 11.5
      vertex 2.16853 113.556 2.49
    endloop
  endfacet
  facet normal 0.473726 -0.880672 0
    outer loop
      vertex 2.44443 113.831 2.49
      vertex 2.61732 113.924 11.5
      vertex 2.44443 113.831 11.5
    endloop
  endfacet
  facet normal 0.473726 -0.880672 0
    outer loop
      vertex 2.61732 113.924 11.5
      vertex 2.44443 113.831 2.49
      vertex 2.61732 113.924 2.49
    endloop
  endfacet
  facet normal -0.097938 0.995193 0
    outer loop
      vertex 65.1951 70.0192 2.49
      vertex 65 70 11.5
      vertex 65.1951 70.0192 11.5
    endloop
  endfacet
  facet normal -0.097938 0.995193 0
    outer loop
      vertex 65 70 11.5
      vertex 65.1951 70.0192 2.49
      vertex 65 70 2.49
    endloop
  endfacet
  facet normal 0.0979429 0.995192 -0
    outer loop
      vertex 3 70 2.49
      vertex 2.80491 70.0192 11.5
      vertex 3 70 11.5
    endloop
  endfacet
  facet normal 0.0979429 0.995192 0
    outer loop
      vertex 2.80491 70.0192 11.5
      vertex 3 70 2.49
      vertex 2.80491 70.0192 2.49
    endloop
  endfacet
  facet normal 0.0969323 -0.995291 0
    outer loop
      vertex 2.80491 113.981 2.49
      vertex 3 114 11.5
      vertex 2.80491 113.981 11.5
    endloop
  endfacet
  facet normal 0.0969323 -0.995291 0
    outer loop
      vertex 3 114 11.5
      vertex 2.80491 113.981 2.49
      vertex 3 114 2.49
    endloop
  endfacet
  facet normal -0.882071 -0.471117 0
    outer loop
      vertex 65.9239 113.383 2.49
      vertex 65.8315 113.556 11.5
      vertex 65.8315 113.556 2.49
    endloop
  endfacet
  facet normal -0.882071 -0.471117 0
    outer loop
      vertex 65.8315 113.556 11.5
      vertex 65.9239 113.383 2.49
      vertex 65.9239 113.383 11.5
    endloop
  endfacet
  facet normal 0.290729 -0.956805 0
    outer loop
      vertex 2.61732 113.924 2.49
      vertex 2.80491 113.981 11.5
      vertex 2.61732 113.924 11.5
    endloop
  endfacet
  facet normal 0.290729 -0.956805 0
    outer loop
      vertex 2.80491 113.981 11.5
      vertex 2.61732 113.924 2.49
      vertex 2.80491 113.981 2.49
    endloop
  endfacet
  facet normal -0.995188 -0.0979877 0
    outer loop
      vertex 66 113 2.49
      vertex 65.9808 113.195 11.5
      vertex 65.9808 113.195 2.49
    endloop
  endfacet
  facet normal -0.995188 -0.0979877 0
    outer loop
      vertex 65.9808 113.195 11.5
      vertex 66 113 2.49
      vertex 66 113 11.5
    endloop
  endfacet
  facet normal 0.071962 -0.673565 0.735617
    outer loop
      vertex 2.97854 113.987 2.49
      vertex 2.95723 113.825 2.34375
      vertex 2.99726 113.989 2.49
    endloop
  endfacet
  facet normal 0.0695376 -0.673505 0.735904
    outer loop
      vertex 2.95723 113.825 2.34375
      vertex 2.97854 113.987 2.49
      vertex 2.86584 113.918 2.4375
    endloop
  endfacet
  facet normal 0.603097 -0.182456 0.77652
    outer loop
      vertex 2.02921 113.185 2.49
      vertex 2.08168 113.135 2.4375
      vertex 2.07701 113.343 2.49
    endloop
  endfacet
  facet normal 0.599763 -0.185154 0.778461
    outer loop
      vertex 2.57493 112.897 2
      vertex 3.01861 112.232 1.5
      vertex 3.04257 112.441 1.53125
    endloop
  endfacet
  facet normal 0.672191 -0.0677893 0.737268
    outer loop
      vertex 2.02902 113.184 2.49
      vertex 2.96875 112.075 1.53125
      vertex 3 112.045 1.5
    endloop
  endfacet
  facet normal -0.601637 0.182592 0.77762
    outer loop
      vertex 65.9183 70.8651 2.4375
      vertex 65.923 70.657 2.49
      vertex 65.9708 70.8145 2.49
    endloop
  endfacet
  facet normal 0 -0.707107 0.707107
    outer loop
      vertex 3.96875 113 1.5
      vertex 64.9903 113.99 2.49
      vertex 3.00969 113.99 2.49
    endloop
  endfacet
  facet normal 0 -0.707107 0.707107
    outer loop
      vertex 64.9903 113.99 2.49
      vertex 3.96875 113 1.5
      vertex 64.0312 113 1.5
    endloop
  endfacet
  facet normal -0.470955 0.353216 0.808356
    outer loop
      vertex 65.0232 71.2405 1.6875
      vertex 65.6984 70.3042 2.49
      vertex 65.6987 70.3046 2.49
    endloop
  endfacet
  facet normal -0.451558 0.37018 0.811827
    outer loop
      vertex 65.6984 70.3042 2.49
      vertex 65.0232 71.2405 1.6875
      vertex 64.8367 71.4242 1.5
    endloop
  endfacet
  facet normal 0.182563 -0.60322 0.7764
    outer loop
      vertex 3.59803 112.927 1.5
      vertex 3.77976 112.982 1.5
      vertex 3.74929 113.013 1.53125
    endloop
  endfacet
  facet normal 0.448176 0.373222 0.812307
    outer loop
      vertex 2.3016 70.3042 2.49
      vertex 3.15988 71.1562 1.625
      vertex 3.16326 71.4242 1.5
    endloop
  endfacet
  facet normal 0.442487 0.379274 0.812623
    outer loop
      vertex 3.15988 71.1562 1.625
      vertex 2.3016 70.3042 2.49
      vertex 2.3028 70.3028 2.49
    endloop
  endfacet
  facet normal 0.603809 -0.180267 0.776478
    outer loop
      vertex 2.08555 113.371 2.49
      vertex 2.95615 112.292 1.5625
      vertex 3.01861 112.232 1.5
    endloop
  endfacet
  facet normal 0 -0.651861 0.758338
    outer loop
      vertex 2.95615 112.292 1.5625
      vertex 2.08555 113.371 2.49
      vertex 2.08551 113.371 2.49
    endloop
  endfacet
  facet normal -0.182182 0.600684 0.778452
    outer loop
      vertex 65.2453 70.0474 2.49
      vertex 65.3729 70.0861 2.49
      vertex 65.352 70.1073 2.46875
    endloop
  endfacet
  facet normal 0.672935 -0.0666596 0.736692
    outer loop
      vertex 2.02902 113.184 2.49
      vertex 2.6875 112.344 1.8125
      vertex 2.96875 112.075 1.53125
    endloop
  endfacet
  facet normal 0.68141 -0.0545128 0.729869
    outer loop
      vertex 2.6875 112.344 1.8125
      vertex 2.02902 113.184 2.49
      vertex 2.02894 113.183 2.49
    endloop
  endfacet
  facet normal -0.373529 -0.448235 0.812134
    outer loop
      vertex 64.8401 112.844 1.625
      vertex 65.6984 113.696 2.49
      vertex 65.6972 113.697 2.49
    endloop
  endfacet
  facet normal -0.4482 -0.373189 0.812309
    outer loop
      vertex 65.6984 113.696 2.49
      vertex 64.8401 112.844 1.625
      vertex 64.8367 112.576 1.5
    endloop
  endfacet
  facet normal 0.18131 -0.601583 0.777962
    outer loop
      vertex 2.95723 113.825 2.34375
      vertex 3.59803 112.927 1.5
      vertex 3.74929 113.013 1.53125
    endloop
  endfacet
  facet normal 0.0660796 0.672617 0.737035
    outer loop
      vertex 2.81466 70.0292 2.49
      vertex 2.97854 70.0131 2.49
      vertex 2.86584 70.0817 2.4375
    endloop
  endfacet
  facet normal 0.150143 -0.618831 0.771042
    outer loop
      vertex 2.81284 113.97 2.49
      vertex 3.53673 112.99 1.5625
      vertex 3.59803 112.927 1.5
    endloop
  endfacet
  facet normal 0 -0.687385 0.726293
    outer loop
      vertex 3.53673 112.99 1.5625
      vertex 2.81284 113.97 2.49
      vertex 2.81272 113.97 2.49
    endloop
  endfacet
  facet normal 0.67287 -0.0669631 0.736724
    outer loop
      vertex 2.95615 112.292 1.5625
      vertex 3 112.045 1.5
      vertex 3.01861 112.232 1.5
    endloop
  endfacet
  facet normal 0.59967 -0.18476 0.778627
    outer loop
      vertex 2.0849 113.369 2.49
      vertex 2.39399 112.834 2.125
      vertex 2.48768 112.743 2.03125
    endloop
  endfacet
  facet normal 0.603549 -0.181065 0.776495
    outer loop
      vertex 2.39399 112.834 2.125
      vertex 2.0849 113.369 2.49
      vertex 2.0846 113.368 2.49
    endloop
  endfacet
  facet normal 0.607175 -0.176129 0.774801
    outer loop
      vertex 2.1073 113.352 2.46875
      vertex 3.01861 112.232 1.5
      vertex 2.16965 113.292 2.40625
    endloop
  endfacet
  facet normal 0.610047 -0.167763 0.774401
    outer loop
      vertex 2.08555 113.371 2.49
      vertex 2.1073 113.352 2.46875
      vertex 2.0861 113.373 2.49
    endloop
  endfacet
  facet normal 0.596977 -0.188706 0.779749
    outer loop
      vertex 2.1073 113.352 2.46875
      vertex 2.08555 113.371 2.49
      vertex 3.01861 112.232 1.5
    endloop
  endfacet
  facet normal 0.673354 -0.0660794 0.736361
    outer loop
      vertex 2.01 112.99 2.49
      vertex 2.6875 112.344 1.8125
      vertex 2.02894 113.183 2.49
    endloop
  endfacet
  facet normal -0.070618 0.670871 0.738204
    outer loop
      vertex 64.2202 71.0183 1.5
      vertex 64.9903 70.01 2.49
      vertex 64.9922 70.0102 2.49
    endloop
  endfacet
  facet normal -0.0651941 0.673316 0.736475
    outer loop
      vertex 64.9903 70.01 2.49
      vertex 64.2202 71.0183 1.5
      vertex 64.0312 71 1.5
    endloop
  endfacet
  facet normal 0.366886 0.45374 0.812105
    outer loop
      vertex 3.21483 70.9438 1.71875
      vertex 3.43054 71.1609 1.5
      vertex 3.28374 71.2796 1.5
    endloop
  endfacet
  facet normal -0.526712 -0.280318 0.802493
    outer loop
      vertex 65.8511 113.491 2.49
      vertex 65.8927 113.352 2.46875
      vertex 65.9139 113.373 2.49
    endloop
  endfacet
  facet normal -0.340653 -0.442849 0.829361
    outer loop
      vertex 65.6987 113.695 2.49
      vertex 65.3963 113.127 2.0625
      vertex 65.7 113.694 2.49
    endloop
  endfacet
  facet normal -0.449362 -0.372049 0.81219
    outer loop
      vertex 65.3963 113.127 2.0625
      vertex 65.6987 113.695 2.49
      vertex 65.0232 112.759 1.6875
    endloop
  endfacet
  facet normal 0.527618 0.282174 0.801247
    outer loop
      vertex 2.0861 70.627 2.49
      vertex 2.14894 70.5095 2.49
      vertex 2.1073 70.6477 2.46875
    endloop
  endfacet
  facet normal 0.278809 0.529453 0.801215
    outer loop
      vertex 3.43054 71.1609 1.5
      vertex 3.53673 71.0104 1.5625
      vertex 3.59803 71.0727 1.5
    endloop
  endfacet
  facet normal 0.180367 0.602539 0.777441
    outer loop
      vertex 3.59803 71.0727 1.5
      vertex 3.74929 70.9871 1.53125
      vertex 3.77976 71.0183 1.5
    endloop
  endfacet
  facet normal 0.671653 -0.0684792 0.737694
    outer loop
      vertex 2.39399 112.834 2.125
      vertex 3 112.045 1.5
      vertex 2.48768 112.743 2.03125
    endloop
  endfacet
  facet normal 0.64158 -0.1219 0.757308
    outer loop
      vertex 2.02902 113.184 2.49
      vertex 2.08168 113.135 2.4375
      vertex 2.02921 113.185 2.49
    endloop
  endfacet
  facet normal 0.671508 -0.0688284 0.737794
    outer loop
      vertex 2.08168 113.135 2.4375
      vertex 2.02902 113.184 2.49
      vertex 3 112.045 1.5
    endloop
  endfacet
  facet normal 0.600608 -0.184172 0.778043
    outer loop
      vertex 2.08551 113.371 2.49
      vertex 2.76876 112.473 1.75
      vertex 2.95615 112.292 1.5625
    endloop
  endfacet
  facet normal 0 -0.635948 0.771732
    outer loop
      vertex 2.76876 112.473 1.75
      vertex 2.08551 113.371 2.49
      vertex 2.08536 113.371 2.49
    endloop
  endfacet
  facet normal 0.672606 -0.0670684 0.736955
    outer loop
      vertex 2.76876 112.473 1.75
      vertex 3 112.045 1.5
      vertex 2.95615 112.292 1.5625
    endloop
  endfacet
  facet normal 0.599375 0.18569 0.778633
    outer loop
      vertex 2.08555 70.6288 2.49
      vertex 2.1073 70.6477 2.46875
      vertex 3.01861 71.7683 1.5
    endloop
  endfacet
  facet normal 0.600717 0.183552 0.778105
    outer loop
      vertex 2.1073 70.6477 2.46875
      vertex 2.08555 70.6288 2.49
      vertex 2.0861 70.627 2.49
    endloop
  endfacet
  facet normal -0.367483 -0.453331 0.812064
    outer loop
      vertex 64.5695 112.839 1.5
      vertex 64.7163 112.72 1.5
      vertex 64.7852 113.056 1.71875
    endloop
  endfacet
  facet normal -0.367473 -0.453335 0.812066
    outer loop
      vertex 64.7163 112.72 1.5
      vertex 65.4015 113.676 2.34375
      vertex 64.7852 113.056 1.71875
    endloop
  endfacet
  facet normal 0.198743 -0.592026 0.781029
    outer loop
      vertex 2.86584 113.918 2.4375
      vertex 3.59803 112.927 1.5
      vertex 2.95723 113.825 2.34375
    endloop
  endfacet
  facet normal -0.277034 -0.527309 0.803242
    outer loop
      vertex 64.402 112.927 1.5
      vertex 64.5695 112.839 1.5
      vertex 64.4633 112.99 1.5625
    endloop
  endfacet
  facet normal 0.672753 -0.0669515 0.736832
    outer loop
      vertex 2.08168 113.135 2.4375
      vertex 3 112.045 1.5
      vertex 2.39399 112.834 2.125
    endloop
  endfacet
  facet normal 0.60182 -0.182718 0.777449
    outer loop
      vertex 2.0846 113.368 2.49
      vertex 2.08168 113.135 2.4375
      vertex 2.39399 112.834 2.125
    endloop
  endfacet
  facet normal 0.601833 -0.182716 0.777439
    outer loop
      vertex 2.08168 113.135 2.4375
      vertex 2.0846 113.368 2.49
      vertex 2.07701 113.343 2.49
    endloop
  endfacet
  facet normal 0.673046 -0.0666204 0.736594
    outer loop
      vertex 2.48768 112.743 2.03125
      vertex 3 112.045 1.5
      vertex 2.76876 112.473 1.75
    endloop
  endfacet
  facet normal 0.603538 -0.180652 0.776599
    outer loop
      vertex 2.08536 113.371 2.49
      vertex 2.48768 112.743 2.03125
      vertex 2.76876 112.473 1.75
    endloop
  endfacet
  facet normal 0.635847 -0.146245 0.757833
    outer loop
      vertex 2.48768 112.743 2.03125
      vertex 2.08536 113.371 2.49
      vertex 2.0849 113.369 2.49
    endloop
  endfacet
  facet normal 0.67339 0.0660077 0.736335
    outer loop
      vertex 2.96875 71.9247 1.53125
      vertex 2.02902 70.8164 2.49
      vertex 3 71.9545 1.5
    endloop
  endfacet
  facet normal 0.714155 -0 0.699987
    outer loop
      vertex 2.02902 70.8164 2.49
      vertex 2.96875 71.9247 1.53125
      vertex 2.02902 70.8165 2.49
    endloop
  endfacet
  facet normal 0.447991 0.373264 0.812391
    outer loop
      vertex 3.15988 71.1562 1.625
      vertex 3.28374 71.2796 1.5
      vertex 3.16326 71.4242 1.5
    endloop
  endfacet
  facet normal 0 -0.663268 0.748382
    outer loop
      vertex 65.5472 113.82 2.49
      vertex 64.8401 112.844 1.625
      vertex 65.5474 113.82 2.49
    endloop
  endfacet
  facet normal -0.361154 -0.458168 0.812189
    outer loop
      vertex 64.8401 112.844 1.625
      vertex 65.5472 113.82 2.49
      vertex 64.7163 112.72 1.5
    endloop
  endfacet
  facet normal 0.602091 0.182333 0.777329
    outer loop
      vertex 2.95615 71.7081 1.5625
      vertex 2.08555 70.6288 2.49
      vertex 3.01861 71.7683 1.5
    endloop
  endfacet
  facet normal 0.64387 0.128774 0.75422
    outer loop
      vertex 2.08555 70.6288 2.49
      vertex 2.95615 71.7081 1.5625
      vertex 2.08551 70.629 2.49
    endloop
  endfacet
  facet normal 0.0888205 -0.662486 0.74379
    outer loop
      vertex 3.0078 113.99 2.49
      vertex 3.74929 113.013 1.53125
      vertex 3.77976 112.982 1.5
    endloop
  endfacet
  facet normal 0 -0.700409 0.713742
    outer loop
      vertex 3.74929 113.013 1.53125
      vertex 3.0078 113.99 2.49
      vertex 3.00773 113.99 2.49
    endloop
  endfacet
  facet normal -0.44673 -0.373516 0.812969
    outer loop
      vertex 64.7163 112.72 1.5
      vertex 64.8367 112.576 1.5
      vertex 64.8401 112.844 1.625
    endloop
  endfacet
  facet normal 0.673156 0.0663688 0.736516
    outer loop
      vertex 2.6875 71.6562 1.8125
      vertex 2.02902 70.8165 2.49
      vertex 2.96875 71.9247 1.53125
    endloop
  endfacet
  facet normal 0.672532 0.0672532 0.737006
    outer loop
      vertex 2.02902 70.8165 2.49
      vertex 2.6875 71.6562 1.8125
      vertex 2.02894 70.8173 2.49
    endloop
  endfacet
  facet normal -0.672952 0.067223 0.736625
    outer loop
      vertex 64.9814 71.7683 1.5
      vertex 65.0438 71.7081 1.5625
      vertex 65 71.9545 1.5
    endloop
  endfacet
  facet normal 0.672456 0.0674336 0.737058
    outer loop
      vertex 2.02902 70.8164 2.49
      vertex 2.08168 70.8651 2.4375
      vertex 3 71.9545 1.5
    endloop
  endfacet
  facet normal 0.672551 0.0672551 0.736988
    outer loop
      vertex 2.08168 70.8651 2.4375
      vertex 2.02902 70.8164 2.49
      vertex 2.02921 70.8145 2.49
    endloop
  endfacet
  facet normal 0.446521 -0.373589 0.81305
    outer loop
      vertex 3.15988 112.844 1.625
      vertex 3.16326 112.576 1.5
      vertex 3.28374 112.72 1.5
    endloop
  endfacet
  facet normal 0 0.707107 0.707107
    outer loop
      vertex 64.0312 71 1.5
      vertex 41.9419 70.01 2.49
      vertex 64.9903 70.01 2.49
    endloop
  endfacet
  facet normal 0 0.707107 0.707107
    outer loop
      vertex 41.9468 70.06 2.44
      vertex 64.0312 71 1.5
      vertex 34.0532 70.06 2.44
    endloop
  endfacet
  facet normal -1.80713e-15 0.707107 0.707107
    outer loop
      vertex 41.9419 70.01 2.49
      vertex 64.0312 71 1.5
      vertex 41.9468 70.06 2.44
    endloop
  endfacet
  facet normal 1.36109e-15 0.707107 0.707107
    outer loop
      vertex 3.96875 71 1.5
      vertex 34.0581 70.01 2.49
      vertex 34.0532 70.06 2.44
    endloop
  endfacet
  facet normal -0 0.707107 0.707107
    outer loop
      vertex 3.96875 71 1.5
      vertex 34.0532 70.06 2.44
      vertex 64.0312 71 1.5
    endloop
  endfacet
  facet normal 0 0.707107 0.707107
    outer loop
      vertex 34.0581 70.01 2.49
      vertex 3.96875 71 1.5
      vertex 3.00969 70.01 2.49
    endloop
  endfacet
  facet normal -0.714129 0 0.700014
    outer loop
      vertex 65.0312 71.9247 1.53125
      vertex 65.971 70.8164 2.49
      vertex 65.971 70.8165 2.49
    endloop
  endfacet
  facet normal -0.676805 0.0607477 0.733651
    outer loop
      vertex 65.971 70.8164 2.49
      vertex 65.0312 71.9247 1.53125
      vertex 65 71.9545 1.5
    endloop
  endfacet
  facet normal -0.707107 0 0.707107
    outer loop
      vertex 65 71.9545 1.5
      vertex 65.94 92 2.44
      vertex 65 112.045 1.5
    endloop
  endfacet
  facet normal -0.707107 0 0.707107
    outer loop
      vertex 65.94 92 2.44
      vertex 65 71.9545 1.5
      vertex 65.94 77 2.44
    endloop
  endfacet
  facet normal -0.707107 8.09085e-15 0.707107
    outer loop
      vertex 65 71.9545 1.5
      vertex 65.99 77 2.49
      vertex 65.94 77 2.44
    endloop
  endfacet
  facet normal -0.707583 0.000187128 0.70663
    outer loop
      vertex 65.0312 71.9247 1.53125
      vertex 65.99 77 2.49
      vertex 65 71.9545 1.5
    endloop
  endfacet
  facet normal -0.707051 -1.42157e-05 0.707163
    outer loop
      vertex 65.3125 71.6562 1.8125
      vertex 65.99 77 2.49
      vertex 65.0312 71.9247 1.53125
    endloop
  endfacet
  facet normal -0.707107 0 0.707107
    outer loop
      vertex 65.99 77 2.49
      vertex 65.3125 71.6562 1.8125
      vertex 65.99 71.0095 2.49
    endloop
  endfacet
  facet normal -0.707647 -5.33885e-05 0.706566
    outer loop
      vertex 65.99 92 2.49
      vertex 65.0312 112.075 1.53125
      vertex 65 112.045 1.5
    endloop
  endfacet
  facet normal -0.707107 -1.98269e-15 0.707107
    outer loop
      vertex 65.99 92 2.49
      vertex 65 112.045 1.5
      vertex 65.94 92 2.44
    endloop
  endfacet
  facet normal -0.707046 4.05677e-06 0.707168
    outer loop
      vertex 65.0312 112.075 1.53125
      vertex 65.99 92 2.49
      vertex 65.3125 112.344 1.8125
    endloop
  endfacet
  facet normal -0.707107 0 0.707107
    outer loop
      vertex 65.3125 112.344 1.8125
      vertex 65.99 92 2.49
      vertex 65.99 112.99 2.49
    endloop
  endfacet
  facet normal -0.59134 0.197113 0.781961
    outer loop
      vertex 65.9145 70.6288 2.49
      vertex 65.8927 70.6477 2.46875
      vertex 65.9139 70.627 2.49
    endloop
  endfacet
  facet normal -0.595938 0.189893 0.780255
    outer loop
      vertex 65.8927 70.6477 2.46875
      vertex 65.9145 70.6288 2.49
      vertex 64.9814 71.7683 1.5
    endloop
  endfacet
  facet normal -0.601413 -0.180424 0.778299
    outer loop
      vertex 65.8927 113.352 2.46875
      vertex 65.9145 113.371 2.49
      vertex 65.9139 113.373 2.49
    endloop
  endfacet
  facet normal -0.593486 -0.192955 0.781372
    outer loop
      vertex 65.9145 113.371 2.49
      vertex 65.8927 113.352 2.46875
      vertex 64.9814 112.232 1.5
    endloop
  endfacet
  facet normal 0.0651975 0.673315 0.736475
    outer loop
      vertex 3.77976 71.0183 1.5
      vertex 3.00969 70.01 2.49
      vertex 3.96875 71 1.5
    endloop
  endfacet
  facet normal 0.0709746 0.67071 0.738316
    outer loop
      vertex 3.00969 70.01 2.49
      vertex 3.77976 71.0183 1.5
      vertex 3.0078 70.0102 2.49
    endloop
  endfacet
  facet normal -0.282002 0.52749 0.801392
    outer loop
      vertex 65.3839 70.092 2.49
      vertex 65.5457 70.1785 2.49
      vertex 65.4015 70.3236 2.34375
    endloop
  endfacet
  facet normal 0.064182 -0.673876 0.736052
    outer loop
      vertex 3.00969 113.99 2.49
      vertex 3.77976 112.982 1.5
      vertex 3.96875 113 1.5
    endloop
  endfacet
  facet normal 0 -0.700708 0.713448
    outer loop
      vertex 3.77976 112.982 1.5
      vertex 3.00969 113.99 2.49
      vertex 3.0078 113.99 2.49
    endloop
  endfacet
  facet normal -0.0654161 -0.669697 0.739747
    outer loop
      vertex 65.0215 113.987 2.49
      vertex 65.1342 113.918 2.4375
      vertex 65.1853 113.971 2.49
    endloop
  endfacet
  facet normal 0.180251 0.602387 0.777585
    outer loop
      vertex 2.95723 70.1753 2.34375
      vertex 3.74929 70.9871 1.53125
      vertex 3.59803 71.0727 1.5
    endloop
  endfacet
  facet normal 0.282913 -0.526774 0.801542
    outer loop
      vertex 2.62545 113.913 2.49
      vertex 3.21483 113.056 1.71875
      vertex 3.43054 112.839 1.5
    endloop
  endfacet
  facet normal 0 -0.668941 0.743316
    outer loop
      vertex 3.21483 113.056 1.71875
      vertex 2.62545 113.913 2.49
      vertex 2.62496 113.913 2.49
    endloop
  endfacet
  facet normal -0.442483 0.379271 0.812627
    outer loop
      vertex 65.6984 70.3042 2.49
      vertex 64.8401 71.1562 1.625
      vertex 65.6972 70.3028 2.49
    endloop
  endfacet
  facet normal -0.4482 0.373189 0.812309
    outer loop
      vertex 64.8401 71.1562 1.625
      vertex 65.6984 70.3042 2.49
      vertex 64.8367 71.4242 1.5
    endloop
  endfacet
  facet normal -0.431224 0.431224 0.792522
    outer loop
      vertex 64.4633 71.0104 1.5625
      vertex 65.1872 70.0297 2.49
      vertex 65.1873 70.0298 2.49
    endloop
  endfacet
  facet normal -0.18184 0.601488 0.777912
    outer loop
      vertex 65.1872 70.0297 2.49
      vertex 64.4633 71.0104 1.5625
      vertex 64.402 71.0727 1.5
    endloop
  endfacet
  facet normal -0.527718 0.282049 0.801225
    outer loop
      vertex 65.8511 70.5095 2.49
      vertex 65.9139 70.627 2.49
      vertex 65.8927 70.6477 2.46875
    endloop
  endfacet
  facet normal 0 -0.700708 0.713448
    outer loop
      vertex 64.9903 113.99 2.49
      vertex 64.2202 112.982 1.5
      vertex 64.9922 113.99 2.49
    endloop
  endfacet
  facet normal -0.0641787 -0.673876 0.736052
    outer loop
      vertex 64.2202 112.982 1.5
      vertex 64.9903 113.99 2.49
      vertex 64.0312 113 1.5
    endloop
  endfacet
  facet normal 0 -0.668941 0.743316
    outer loop
      vertex 65.3745 113.913 2.49
      vertex 64.7852 113.056 1.71875
      vertex 65.375 113.913 2.49
    endloop
  endfacet
  facet normal -0.282865 -0.526822 0.801528
    outer loop
      vertex 64.7852 113.056 1.71875
      vertex 65.3745 113.913 2.49
      vertex 64.5695 112.839 1.5
    endloop
  endfacet
  facet normal -0.370371 0.45107 0.81201
    outer loop
      vertex 64.8401 71.1562 1.625
      vertex 65.5474 70.1798 2.49
      vertex 65.6972 70.3028 2.49
    endloop
  endfacet
  facet normal 0.601169 -0.185153 0.777377
    outer loop
      vertex 3.01861 112.232 1.5
      vertex 3.07374 112.411 1.5
      vertex 3.04257 112.441 1.53125
    endloop
  endfacet
  facet normal -0.346481 0.472474 0.810382
    outer loop
      vertex 65.5472 70.1796 2.49
      vertex 65.4015 70.3236 2.34375
      vertex 65.5457 70.1785 2.49
    endloop
  endfacet
  facet normal -0.366166 0.454311 0.812111
    outer loop
      vertex 65.4015 70.3236 2.34375
      vertex 65.5472 70.1796 2.49
      vertex 64.7163 71.2796 1.5
    endloop
  endfacet
  facet normal -0.605856 -0.177696 0.775475
    outer loop
      vertex 65.0438 112.292 1.5625
      vertex 65.9145 113.371 2.49
      vertex 64.9814 112.232 1.5
    endloop
  endfacet
  facet normal 0.366291 0.45421 0.812111
    outer loop
      vertex 2.45282 70.1796 2.49
      vertex 2.59851 70.3236 2.34375
      vertex 3.28374 71.2796 1.5
    endloop
  endfacet
  facet normal 0.350692 0.468652 0.81079
    outer loop
      vertex 2.59851 70.3236 2.34375
      vertex 2.45282 70.1796 2.49
      vertex 2.45429 70.1785 2.49
    endloop
  endfacet
  facet normal 0.277046 -0.527299 0.803244
    outer loop
      vertex 3.43054 112.839 1.5
      vertex 3.59803 112.927 1.5
      vertex 3.53673 112.99 1.5625
    endloop
  endfacet
  facet normal 0.37036 0.451087 0.812006
    outer loop
      vertex 2.3028 70.3028 2.49
      vertex 2.45261 70.1798 2.49
      vertex 3.15988 71.1562 1.625
    endloop
  endfacet
  facet normal 0.55351 -0.24908 0.794724
    outer loop
      vertex 2.17758 113.544 2.49
      vertex 2.60373 113.127 2.0625
      vertex 2.17848 113.546 2.49
    endloop
  endfacet
  facet normal 0.525465 -0.284892 0.8017
    outer loop
      vertex 2.60373 113.127 2.0625
      vertex 2.17758 113.544 2.49
      vertex 3.07374 112.411 1.5
    endloop
  endfacet
  facet normal 0.599974 -0.184931 0.778352
    outer loop
      vertex 2.16965 113.292 2.40625
      vertex 3.01861 112.232 1.5
      vertex 2.57493 112.897 2
    endloop
  endfacet
  facet normal -0.370434 -0.451147 0.811939
    outer loop
      vertex 64.8401 112.844 1.625
      vertex 65.6972 113.697 2.49
      vertex 65.5474 113.82 2.49
    endloop
  endfacet
  facet normal 0.369378 0.45182 0.812046
    outer loop
      vertex 3.15988 71.1562 1.625
      vertex 2.45282 70.1796 2.49
      vertex 3.28374 71.2796 1.5
    endloop
  endfacet
  facet normal 0.404424 0.424645 0.810011
    outer loop
      vertex 2.45282 70.1796 2.49
      vertex 3.15988 71.1562 1.625
      vertex 2.45261 70.1798 2.49
    endloop
  endfacet
  facet normal 0.181832 0.601494 0.777909
    outer loop
      vertex 3.53673 71.0104 1.5625
      vertex 2.81284 70.0297 2.49
      vertex 3.59803 71.0727 1.5
    endloop
  endfacet
  facet normal 0.388086 0.465703 0.795305
    outer loop
      vertex 2.81284 70.0297 2.49
      vertex 3.53673 71.0104 1.5625
      vertex 2.81272 70.0298 2.49
    endloop
  endfacet
  facet normal -0.661471 0.0826838 0.745399
    outer loop
      vertex 65.3125 71.6562 1.8125
      vertex 65.971 70.8165 2.49
      vertex 65.9711 70.8173 2.49
    endloop
  endfacet
  facet normal -0.672915 0.0666954 0.736707
    outer loop
      vertex 65.971 70.8165 2.49
      vertex 65.3125 71.6562 1.8125
      vertex 65.0312 71.9247 1.53125
    endloop
  endfacet
  facet normal -0.67249 0.0673813 0.737033
    outer loop
      vertex 65 71.9545 1.5
      vertex 65.5123 71.2565 2.03125
      vertex 65.606 71.1662 2.125
    endloop
  endfacet
  facet normal -0.601037 0.182715 0.778055
    outer loop
      vertex 65.9183 70.8651 2.4375
      vertex 65.9154 70.632 2.49
      vertex 65.923 70.657 2.49
    endloop
  endfacet
  facet normal -0.601889 0.182584 0.777427
    outer loop
      vertex 65.9154 70.632 2.49
      vertex 65.9183 70.8651 2.4375
      vertex 65.606 71.1662 2.125
    endloop
  endfacet
  facet normal 0.451186 -0.37046 0.811906
    outer loop
      vertex 2.17848 113.546 2.49
      vertex 2.60373 113.127 2.0625
      vertex 2.3 113.694 2.49
    endloop
  endfacet
  facet normal -0.525274 0.285067 0.801763
    outer loop
      vertex 64.8367 71.4242 1.5
      vertex 65.0232 71.2405 1.6875
      vertex 64.9263 71.5893 1.5
    endloop
  endfacet
  facet normal -0.448199 0.37319 0.81231
    outer loop
      vertex 64.7163 71.2796 1.5
      vertex 64.8401 71.1562 1.625
      vertex 64.8367 71.4242 1.5
    endloop
  endfacet
  facet normal 0.182039 0.601422 0.777916
    outer loop
      vertex 2.86584 70.0817 2.4375
      vertex 2.95723 70.1753 2.34375
      vertex 3.59803 71.0727 1.5
    endloop
  endfacet
  facet normal -0.467694 -0.35077 0.811309
    outer loop
      vertex 65.4015 113.676 2.34375
      vertex 65.5472 113.82 2.49
      vertex 65.5457 113.822 2.49
    endloop
  endfacet
  facet normal -0.366166 -0.454311 0.812111
    outer loop
      vertex 65.5472 113.82 2.49
      vertex 65.4015 113.676 2.34375
      vertex 64.7163 112.72 1.5
    endloop
  endfacet
  facet normal -0.0647053 -0.672935 0.736866
    outer loop
      vertex 64.9923 113.99 2.49
      vertex 65.0428 113.825 2.34375
      vertex 65.0027 113.989 2.49
    endloop
  endfacet
  facet normal -0.065675 -0.673057 0.736669
    outer loop
      vertex 65.0428 113.825 2.34375
      vertex 64.9923 113.99 2.49
      vertex 64.2507 113.013 1.53125
    endloop
  endfacet
  facet normal 0.526612 -0.280443 0.802516
    outer loop
      vertex 2.0861 113.373 2.49
      vertex 2.1073 113.352 2.46875
      vertex 2.14894 113.491 2.49
    endloop
  endfacet
  facet normal 0.360468 -0.458689 0.812199
    outer loop
      vertex 2.45282 113.82 2.49
      vertex 3.15988 112.844 1.625
      vertex 3.28374 112.72 1.5
    endloop
  endfacet
  facet normal 0 -0.663268 0.748382
    outer loop
      vertex 3.15988 112.844 1.625
      vertex 2.45282 113.82 2.49
      vertex 2.45261 113.82 2.49
    endloop
  endfacet
  facet normal -0.599967 0.184923 0.778359
    outer loop
      vertex 64.9574 71.5589 1.53125
      vertex 65.4251 71.1033 2
      vertex 64.9814 71.7683 1.5
    endloop
  endfacet
  facet normal -0.529906 0.280539 0.800311
    outer loop
      vertex 65.4251 71.1033 2
      vertex 65.8224 70.4559 2.49
      vertex 65.8233 70.4576 2.49
    endloop
  endfacet
  facet normal -0.527727 0.282455 0.801076
    outer loop
      vertex 65.8224 70.4559 2.49
      vertex 65.4251 71.1033 2
      vertex 64.9574 71.5589 1.53125
    endloop
  endfacet
  facet normal 0.281672 0.527635 0.801413
    outer loop
      vertex 3.21483 70.9438 1.71875
      vertex 2.62545 70.087 2.49
      vertex 3.43054 71.1609 1.5
    endloop
  endfacet
  facet normal 0.228489 0.559799 0.796503
    outer loop
      vertex 2.62545 70.087 2.49
      vertex 3.21483 70.9438 1.71875
      vertex 2.62496 70.0872 2.49
    endloop
  endfacet
  facet normal 0.366954 0.453715 0.812088
    outer loop
      vertex 2.59851 70.3236 2.34375
      vertex 3.21483 70.9438 1.71875
      vertex 3.28374 71.2796 1.5
    endloop
  endfacet
  facet normal 0.0661351 0.672889 0.736781
    outer loop
      vertex 2.95723 70.1753 2.34375
      vertex 3.00773 70.0102 2.49
      vertex 3.74929 70.9871 1.53125
    endloop
  endfacet
  facet normal 0.0642456 0.672652 0.737165
    outer loop
      vertex 3.00773 70.0102 2.49
      vertex 2.95723 70.1753 2.34375
      vertex 2.99726 70.0112 2.49
    endloop
  endfacet
  facet normal -0.637936 -0.127587 0.759447
    outer loop
      vertex 65.9183 113.135 2.4375
      vertex 65.971 113.184 2.49
      vertex 65.9708 113.185 2.49
    endloop
  endfacet
  facet normal -0.670088 -0.0709715 0.738881
    outer loop
      vertex 65.971 113.184 2.49
      vertex 65.9183 113.135 2.4375
      vertex 65 112.045 1.5
    endloop
  endfacet
  facet normal 0.672573 0.0672573 0.736968
    outer loop
      vertex 2.08168 70.8651 2.4375
      vertex 2.39399 71.1662 2.125
      vertex 3 71.9545 1.5
    endloop
  endfacet
  facet normal 0.672575 0.0672495 0.736967
    outer loop
      vertex 2.48768 71.2565 2.03125
      vertex 2.76876 71.5275 1.75
      vertex 3 71.9545 1.5
    endloop
  endfacet
  facet normal 0.525349 0.284936 0.801761
    outer loop
      vertex 2.17758 70.4559 2.49
      vertex 2.60373 70.8731 2.0625
      vertex 3.07374 71.5893 1.5
    endloop
  endfacet
  facet normal 0.529185 0.280157 0.800921
    outer loop
      vertex 2.60373 70.8731 2.0625
      vertex 2.17758 70.4559 2.49
      vertex 2.17848 70.4542 2.49
    endloop
  endfacet
  facet normal 0.525406 0.284884 0.801742
    outer loop
      vertex 2.60373 70.8731 2.0625
      vertex 2.97675 71.2405 1.6875
      vertex 3.07374 71.5893 1.5
    endloop
  endfacet
  facet normal 0.451218 0.370486 0.811876
    outer loop
      vertex 2.17848 70.4542 2.49
      vertex 2.3 70.3062 2.49
      vertex 2.60373 70.8731 2.0625
    endloop
  endfacet
  facet normal -0.67325 0.0662041 0.736445
    outer loop
      vertex 65.3125 71.6562 1.8125
      vertex 65.9711 70.8173 2.49
      vertex 65.99 71.0095 2.49
    endloop
  endfacet
  facet normal -0.672603 0.0672241 0.736944
    outer loop
      vertex 65 71.9545 1.5
      vertex 65.606 71.1662 2.125
      vertex 65.9183 70.8651 2.4375
    endloop
  endfacet
  facet normal -0.67051 0.07058 0.738536
    outer loop
      vertex 65.971 70.8164 2.49
      vertex 65.9183 70.8651 2.4375
      vertex 65.9708 70.8145 2.49
    endloop
  endfacet
  facet normal -0.671068 0.0695366 0.738128
    outer loop
      vertex 65.9183 70.8651 2.4375
      vertex 65.971 70.8164 2.49
      vertex 65 71.9545 1.5
    endloop
  endfacet
  facet normal -0.603495 0.181048 0.776541
    outer loop
      vertex 65.606 71.1662 2.125
      vertex 65.9151 70.631 2.49
      vertex 65.9154 70.632 2.49
    endloop
  endfacet
  facet normal -0.601886 0.182584 0.77743
    outer loop
      vertex 65.9151 70.631 2.49
      vertex 65.606 71.1662 2.125
      vertex 65.5123 71.2565 2.03125
    endloop
  endfacet
  facet normal -0.672471 0.0674156 0.737047
    outer loop
      vertex 65 71.9545 1.5
      vertex 65.0438 71.7081 1.5625
      vertex 65.2312 71.5275 1.75
    endloop
  endfacet
  facet normal -0.672782 -0.0669185 0.736808
    outer loop
      vertex 65 112.045 1.5
      vertex 65.9183 113.135 2.4375
      vertex 65.606 112.834 2.125
    endloop
  endfacet
  facet normal -0.672914 -0.0668142 0.736697
    outer loop
      vertex 65 112.045 1.5
      vertex 65.5123 112.743 2.03125
      vertex 65.2312 112.473 1.75
    endloop
  endfacet
  facet normal -0.675706 -0.0623971 0.734526
    outer loop
      vertex 65.0312 112.075 1.53125
      vertex 65.971 113.184 2.49
      vertex 65 112.045 1.5
    endloop
  endfacet
  facet normal 0.451341 0.370396 0.811848
    outer loop
      vertex 2.60373 70.8731 2.0625
      vertex 2.30131 70.3046 2.49
      vertex 2.97675 71.2405 1.6875
    endloop
  endfacet
  facet normal 0.451905 0.369997 0.811716
    outer loop
      vertex 2.30131 70.3046 2.49
      vertex 2.60373 70.8731 2.0625
      vertex 2.3 70.3062 2.49
    endloop
  endfacet
  facet normal -0.523859 -0.286366 0.802226
    outer loop
      vertex 64.9263 112.411 1.5
      vertex 65.3963 113.127 2.0625
      vertex 65.0232 112.759 1.6875
    endloop
  endfacet
  facet normal -0.451237 -0.370441 0.811885
    outer loop
      vertex 65.3963 113.127 2.0625
      vertex 65.8215 113.546 2.49
      vertex 65.7 113.694 2.49
    endloop
  endfacet
  facet normal -0.181274 -0.601603 0.777955
    outer loop
      vertex 64.2507 113.013 1.53125
      vertex 64.402 112.927 1.5
      vertex 65.0428 113.825 2.34375
    endloop
  endfacet
  facet normal -0.553539 -0.249092 0.7947
    outer loop
      vertex 65.3963 113.127 2.0625
      vertex 65.8224 113.544 2.49
      vertex 65.8215 113.546 2.49
    endloop
  endfacet
  facet normal -0.525589 -0.284784 0.801657
    outer loop
      vertex 65.8224 113.544 2.49
      vertex 65.3963 113.127 2.0625
      vertex 64.9263 112.411 1.5
    endloop
  endfacet
  facet normal 0.280099 -0.527043 0.802353
    outer loop
      vertex 2.45429 113.822 2.49
      vertex 2.59851 113.676 2.34375
      vertex 2.61611 113.908 2.49
    endloop
  endfacet
  facet normal -0.41563 0.41563 0.809014
    outer loop
      vertex 64.8401 71.1562 1.625
      vertex 65.5472 70.1796 2.49
      vertex 65.5474 70.1798 2.49
    endloop
  endfacet
  facet normal -0.370067 0.451289 0.812027
    outer loop
      vertex 65.5472 70.1796 2.49
      vertex 64.8401 71.1562 1.625
      vertex 64.7163 71.2796 1.5
    endloop
  endfacet
  facet normal -0.277667 -0.527567 0.802854
    outer loop
      vertex 65.1342 113.918 2.4375
      vertex 65.1872 113.97 2.49
      vertex 65.1853 113.971 2.49
    endloop
  endfacet
  facet normal -0.1762 -0.604643 0.776763
    outer loop
      vertex 65.1872 113.97 2.49
      vertex 65.1342 113.918 2.4375
      vertex 64.402 112.927 1.5
    endloop
  endfacet
  facet normal 0.527142 -0.283055 0.80125
    outer loop
      vertex 2.17755 113.544 2.49
      vertex 2.57493 112.897 2
      vertex 3.04257 112.441 1.53125
    endloop
  endfacet
  facet normal 0.563079 -0.25057 0.7875
    outer loop
      vertex 2.57493 112.897 2
      vertex 2.17755 113.544 2.49
      vertex 2.17666 113.542 2.49
    endloop
  endfacet
  facet normal 0.539717 -0.269875 0.797416
    outer loop
      vertex 2.17758 113.544 2.49
      vertex 3.04257 112.441 1.53125
      vertex 3.07374 112.411 1.5
    endloop
  endfacet
  facet normal 0 -0.65603 0.754734
    outer loop
      vertex 3.04257 112.441 1.53125
      vertex 2.17758 113.544 2.49
      vertex 2.17755 113.544 2.49
    endloop
  endfacet
  facet normal 0.520107 -0.284758 0.805234
    outer loop
      vertex 2.14894 113.491 2.49
      vertex 2.16965 113.292 2.40625
      vertex 2.16865 113.527 2.49
    endloop
  endfacet
  facet normal 0.530782 -0.281229 0.799488
    outer loop
      vertex 2.16965 113.292 2.40625
      vertex 2.14894 113.491 2.49
      vertex 2.1073 113.352 2.46875
    endloop
  endfacet
  facet normal 0.527127 -0.283187 0.801213
    outer loop
      vertex 2.17666 113.542 2.49
      vertex 2.16965 113.292 2.40625
      vertex 2.57493 112.897 2
    endloop
  endfacet
  facet normal 0.529534 -0.282771 0.799771
    outer loop
      vertex 2.16965 113.292 2.40625
      vertex 2.17666 113.542 2.49
      vertex 2.16865 113.527 2.49
    endloop
  endfacet
  facet normal -0.602289 0.182111 0.777228
    outer loop
      vertex 64.9814 71.7683 1.5
      vertex 65.8304 70.7084 2.40625
      vertex 65.8927 70.6477 2.46875
    endloop
  endfacet
  facet normal -0.528384 0.282175 0.800742
    outer loop
      vertex 65.8304 70.7084 2.40625
      vertex 65.8511 70.5095 2.49
      vertex 65.8927 70.6477 2.46875
    endloop
  endfacet
  facet normal -0.528481 0.282143 0.80069
    outer loop
      vertex 65.8511 70.5095 2.49
      vertex 65.8304 70.7084 2.40625
      vertex 65.8314 70.4726 2.49
    endloop
  endfacet
  facet normal -0.531718 0.278296 0.799892
    outer loop
      vertex 65.8224 70.4559 2.49
      vertex 64.9574 71.5589 1.53125
      vertex 64.9263 71.5893 1.5
    endloop
  endfacet
  facet normal -0.600748 0.184923 0.777757
    outer loop
      vertex 64.9263 71.5893 1.5
      vertex 64.9574 71.5589 1.53125
      vertex 64.9814 71.7683 1.5
    endloop
  endfacet
  facet normal -0.529212 0.280171 0.800899
    outer loop
      vertex 65.8224 70.4559 2.49
      vertex 65.3963 70.8731 2.0625
      vertex 65.8215 70.4542 2.49
    endloop
  endfacet
  facet normal -0.525473 0.284828 0.801718
    outer loop
      vertex 65.3963 70.8731 2.0625
      vertex 65.8224 70.4559 2.49
      vertex 64.9263 71.5893 1.5
    endloop
  endfacet
  facet normal -0.451269 0.370467 0.811856
    outer loop
      vertex 65.3963 70.8731 2.0625
      vertex 65.7 70.3062 2.49
      vertex 65.8215 70.4542 2.49
    endloop
  endfacet
  facet normal 0 -0.687385 0.726293
    outer loop
      vertex 65.1872 113.97 2.49
      vertex 64.4633 112.99 1.5625
      vertex 65.1873 113.97 2.49
    endloop
  endfacet
  facet normal -0.15015 -0.618826 0.771044
    outer loop
      vertex 64.4633 112.99 1.5625
      vertex 65.1872 113.97 2.49
      vertex 64.402 112.927 1.5
    endloop
  endfacet
  facet normal 0.0683085 0.673018 0.736465
    outer loop
      vertex 2.95723 70.1753 2.34375
      vertex 2.97854 70.0131 2.49
      vertex 2.99726 70.0112 2.49
    endloop
  endfacet
  facet normal 0.0664598 0.672969 0.736679
    outer loop
      vertex 2.97854 70.0131 2.49
      vertex 2.95723 70.1753 2.34375
      vertex 2.86584 70.0817 2.4375
    endloop
  endfacet
  facet normal 0 0.700446 0.713706
    outer loop
      vertex 64.2507 70.9871 1.53125
      vertex 64.9922 70.0102 2.49
      vertex 64.9923 70.0102 2.49
    endloop
  endfacet
  facet normal -0.0681007 0.672012 0.737403
    outer loop
      vertex 64.9922 70.0102 2.49
      vertex 64.2507 70.9871 1.53125
      vertex 64.2202 71.0183 1.5
    endloop
  endfacet
  facet normal 0.0684074 0.671874 0.737499
    outer loop
      vertex 3.74929 70.9871 1.53125
      vertex 3.0078 70.0102 2.49
      vertex 3.77976 71.0183 1.5
    endloop
  endfacet
  facet normal 0 0.700446 0.713706
    outer loop
      vertex 3.0078 70.0102 2.49
      vertex 3.74929 70.9871 1.53125
      vertex 3.00773 70.0102 2.49
    endloop
  endfacet
  facet normal 0.176193 0.604648 0.77676
    outer loop
      vertex 2.81284 70.0297 2.49
      vertex 2.86584 70.0817 2.4375
      vertex 3.59803 71.0727 1.5
    endloop
  endfacet
  facet normal 0.167726 0.610524 0.774034
    outer loop
      vertex 2.86584 70.0817 2.4375
      vertex 2.81284 70.0297 2.49
      vertex 2.81466 70.0292 2.49
    endloop
  endfacet
  facet normal 0.601854 0.182612 0.777447
    outer loop
      vertex 2.48768 71.2565 2.03125
      vertex 2.08536 70.6294 2.49
      vertex 2.76876 71.5275 1.75
    endloop
  endfacet
  facet normal 0.609083 0.175111 0.773534
    outer loop
      vertex 2.08536 70.6294 2.49
      vertex 2.48768 71.2565 2.03125
      vertex 2.0849 70.631 2.49
    endloop
  endfacet
  facet normal 0.601949 0.182517 0.777396
    outer loop
      vertex 2.76876 71.5275 1.75
      vertex 2.08551 70.629 2.49
      vertex 2.95615 71.7081 1.5625
    endloop
  endfacet
  facet normal 0.573421 0.215033 0.790537
    outer loop
      vertex 2.08551 70.629 2.49
      vertex 2.76876 71.5275 1.75
      vertex 2.08536 70.6294 2.49
    endloop
  endfacet
  facet normal 0.60184 0.182641 0.777452
    outer loop
      vertex 2.08168 70.8651 2.4375
      vertex 2.0846 70.632 2.49
      vertex 2.39399 71.1662 2.125
    endloop
  endfacet
  facet normal 0.60167 0.182667 0.777577
    outer loop
      vertex 2.0846 70.632 2.49
      vertex 2.08168 70.8651 2.4375
      vertex 2.07701 70.657 2.49
    endloop
  endfacet
  facet normal 0.601797 0.182641 0.777484
    outer loop
      vertex 2.02921 70.8145 2.49
      vertex 2.07701 70.657 2.49
      vertex 2.08168 70.8651 2.4375
    endloop
  endfacet
  facet normal 0.673178 0.0663371 0.736499
    outer loop
      vertex 2.01 71.0095 2.49
      vertex 2.02894 70.8173 2.49
      vertex 2.6875 71.6562 1.8125
    endloop
  endfacet
  facet normal 0.707107 0 0.707107
    outer loop
      vertex 2.6875 112.344 1.8125
      vertex 3 112.045 1.5
      vertex 2.96875 112.075 1.53125
    endloop
  endfacet
  facet normal 0.707107 0 0.707107
    outer loop
      vertex 2.6875 112.344 1.8125
      vertex 3 71.9545 1.5
      vertex 3 112.045 1.5
    endloop
  endfacet
  facet normal 0.707107 -0 0.707107
    outer loop
      vertex 2.6875 71.6562 1.8125
      vertex 2.6875 112.344 1.8125
      vertex 2.01 112.99 2.49
    endloop
  endfacet
  facet normal 0.707107 0 0.707107
    outer loop
      vertex 2.6875 112.344 1.8125
      vertex 2.96875 71.9247 1.53125
      vertex 3 71.9545 1.5
    endloop
  endfacet
  facet normal 0.707107 0 0.707107
    outer loop
      vertex 2.6875 112.344 1.8125
      vertex 2.6875 71.6562 1.8125
      vertex 2.96875 71.9247 1.53125
    endloop
  endfacet
  facet normal 0.707107 0 0.707107
    outer loop
      vertex 2.6875 71.6562 1.8125
      vertex 2.01 112.99 2.49
      vertex 2.01 71.0095 2.49
    endloop
  endfacet
  facet normal 0.28204 0.527379 0.801452
    outer loop
      vertex 2.59851 70.3236 2.34375
      vertex 2.62496 70.0872 2.49
      vertex 3.21483 70.9438 1.71875
    endloop
  endfacet
  facet normal 0.285877 0.527086 0.800284
    outer loop
      vertex 2.62496 70.0872 2.49
      vertex 2.59851 70.3236 2.34375
      vertex 2.61611 70.092 2.49
    endloop
  endfacet
  facet normal 0.281969 0.527494 0.801401
    outer loop
      vertex 2.45429 70.1785 2.49
      vertex 2.61611 70.092 2.49
      vertex 2.59851 70.3236 2.34375
    endloop
  endfacet
  facet normal -0.624044 0.156011 0.765656
    outer loop
      vertex 65.2312 71.5275 1.75
      vertex 65.9145 70.629 2.49
      vertex 65.9146 70.6294 2.49
    endloop
  endfacet
  facet normal -0.601953 0.182484 0.777401
    outer loop
      vertex 65.9145 70.629 2.49
      vertex 65.2312 71.5275 1.75
      vertex 65.0438 71.7081 1.5625
    endloop
  endfacet
  facet normal -0.729079 0 0.68443
    outer loop
      vertex 65.0438 71.7081 1.5625
      vertex 65.9145 70.6288 2.49
      vertex 65.9145 70.629 2.49
    endloop
  endfacet
  facet normal -0.604163 0.179743 0.776324
    outer loop
      vertex 65.9145 70.6288 2.49
      vertex 65.0438 71.7081 1.5625
      vertex 64.9814 71.7683 1.5
    endloop
  endfacet
  facet normal -0.597784 0.186808 0.779587
    outer loop
      vertex 65.5123 71.2565 2.03125
      vertex 65.9146 70.6294 2.49
      vertex 65.9151 70.631 2.49
    endloop
  endfacet
  facet normal -0.601738 0.182748 0.777505
    outer loop
      vertex 65.9146 70.6294 2.49
      vertex 65.5123 71.2565 2.03125
      vertex 65.2312 71.5275 1.75
    endloop
  endfacet
  facet normal -0.672442 0.0674449 0.73707
    outer loop
      vertex 65 71.9545 1.5
      vertex 65.2312 71.5275 1.75
      vertex 65.5123 71.2565 2.03125
    endloop
  endfacet
  facet normal -0.626359 -0.15659 0.763646
    outer loop
      vertex 65.9146 113.371 2.49
      vertex 65.5123 112.743 2.03125
      vertex 65.9151 113.369 2.49
    endloop
  endfacet
  facet normal -0.603423 -0.180787 0.776657
    outer loop
      vertex 65.5123 112.743 2.03125
      vertex 65.9146 113.371 2.49
      vertex 65.2312 112.473 1.75
    endloop
  endfacet
  facet normal 0 -0.635948 0.771732
    outer loop
      vertex 65.9145 113.371 2.49
      vertex 65.2312 112.473 1.75
      vertex 65.9146 113.371 2.49
    endloop
  endfacet
  facet normal -0.600612 -0.184139 0.778047
    outer loop
      vertex 65.2312 112.473 1.75
      vertex 65.9145 113.371 2.49
      vertex 65.0438 112.292 1.5625
    endloop
  endfacet
  facet normal -0.6012 -0.182765 0.777918
    outer loop
      vertex 65.9154 113.368 2.49
      vertex 65.9183 113.135 2.4375
      vertex 65.923 113.343 2.49
    endloop
  endfacet
  facet normal -0.601869 -0.182662 0.777424
    outer loop
      vertex 65.9183 113.135 2.4375
      vertex 65.9154 113.368 2.49
      vertex 65.606 112.834 2.125
    endloop
  endfacet
  facet normal -0.602936 -0.182407 0.776657
    outer loop
      vertex 65.9183 113.135 2.4375
      vertex 65.9708 113.185 2.49
      vertex 65.923 113.343 2.49
    endloop
  endfacet
  facet normal -0.672507 -0.0672507 0.737029
    outer loop
      vertex 65.971 113.184 2.49
      vertex 65.3125 112.344 1.8125
      vertex 65.9711 113.183 2.49
    endloop
  endfacet
  facet normal -0.672693 -0.0669875 0.736883
    outer loop
      vertex 65.3125 112.344 1.8125
      vertex 65.971 113.184 2.49
      vertex 65.0312 112.075 1.53125
    endloop
  endfacet
  facet normal -0.673426 -0.0659469 0.736307
    outer loop
      vertex 65.3125 112.344 1.8125
      vertex 65.99 112.99 2.49
      vertex 65.9711 113.183 2.49
    endloop
  endfacet
  facet normal -0.295188 -0.525435 0.797987
    outer loop
      vertex 65.375 113.913 2.49
      vertex 65.4015 113.676 2.34375
      vertex 65.3839 113.908 2.49
    endloop
  endfacet
  facet normal -0.283419 -0.526367 0.80163
    outer loop
      vertex 65.4015 113.676 2.34375
      vertex 65.375 113.913 2.49
      vertex 64.7852 113.056 1.71875
    endloop
  endfacet
  facet normal -0.280132 -0.527039 0.802344
    outer loop
      vertex 65.3839 113.908 2.49
      vertex 65.4015 113.676 2.34375
      vertex 65.5457 113.822 2.49
    endloop
  endfacet
  facet normal -0.181961 0.601464 0.777902
    outer loop
      vertex 64.402 71.0727 1.5
      vertex 65.0428 70.1753 2.34375
      vertex 65.1342 70.0817 2.4375
    endloop
  endfacet
  facet normal -0.19866 -0.592072 0.781015
    outer loop
      vertex 64.402 112.927 1.5
      vertex 65.1342 113.918 2.4375
      vertex 65.0428 113.825 2.34375
    endloop
  endfacet
  facet normal -0.069535 -0.673503 0.735907
    outer loop
      vertex 65.0215 113.987 2.49
      vertex 65.0428 113.825 2.34375
      vertex 65.1342 113.918 2.4375
    endloop
  endfacet
  facet normal -0.0716548 -0.673555 0.735656
    outer loop
      vertex 65.0428 113.825 2.34375
      vertex 65.0215 113.987 2.49
      vertex 65.0027 113.989 2.49
    endloop
  endfacet
  facet normal 0.367478 -0.453325 0.812069
    outer loop
      vertex 3.21483 113.056 1.71875
      vertex 3.28374 112.72 1.5
      vertex 3.43054 112.839 1.5
    endloop
  endfacet
  facet normal 0.296757 -0.525259 0.79752
    outer loop
      vertex 2.59851 113.676 2.34375
      vertex 2.62496 113.913 2.49
      vertex 2.61611 113.908 2.49
    endloop
  endfacet
  facet normal 0.283469 -0.526321 0.801643
    outer loop
      vertex 2.62496 113.913 2.49
      vertex 2.59851 113.676 2.34375
      vertex 3.21483 113.056 1.71875
    endloop
  endfacet
  facet normal 0.373532 -0.448238 0.812131
    outer loop
      vertex 2.3016 113.696 2.49
      vertex 3.15988 112.844 1.625
      vertex 2.3028 113.697 2.49
    endloop
  endfacet
  facet normal 0.448176 -0.373222 0.812307
    outer loop
      vertex 3.15988 112.844 1.625
      vertex 2.3016 113.696 2.49
      vertex 3.16326 112.576 1.5
    endloop
  endfacet
  facet normal 0.370423 -0.451163 0.811935
    outer loop
      vertex 2.3028 113.697 2.49
      vertex 3.15988 112.844 1.625
      vertex 2.45261 113.82 2.49
    endloop
  endfacet
  facet normal 0.52414 -0.286104 0.802136
    outer loop
      vertex 2.60373 113.127 2.0625
      vertex 3.07374 112.411 1.5
      vertex 2.97675 112.759 1.6875
    endloop
  endfacet
  facet normal 0.449574 -0.371888 0.812147
    outer loop
      vertex 2.30131 113.695 2.49
      vertex 2.60373 113.127 2.0625
      vertex 2.97675 112.759 1.6875
    endloop
  endfacet
  facet normal 0.338865 -0.443913 0.829525
    outer loop
      vertex 2.60373 113.127 2.0625
      vertex 2.30131 113.695 2.49
      vertex 2.3 113.694 2.49
    endloop
  endfacet
  facet normal -0.52417 0.283052 0.803198
    outer loop
      vertex 65.8304 70.7084 2.40625
      vertex 65.8233 70.4576 2.49
      vertex 65.8314 70.4726 2.49
    endloop
  endfacet
  facet normal -0.52775 0.282441 0.801066
    outer loop
      vertex 65.8233 70.4576 2.49
      vertex 65.8304 70.7084 2.40625
      vertex 65.4251 71.1033 2
    endloop
  endfacet
  facet normal -0.600045 0.184841 0.778319
    outer loop
      vertex 64.9814 71.7683 1.5
      vertex 65.4251 71.1033 2
      vertex 65.8304 70.7084 2.40625
    endloop
  endfacet
  facet normal -0.525126 0.285146 0.801832
    outer loop
      vertex 64.9263 71.5893 1.5
      vertex 65.0232 71.2405 1.6875
      vertex 65.3963 70.8731 2.0625
    endloop
  endfacet
  facet normal -0.45377 0.368688 0.811272
    outer loop
      vertex 65.3963 70.8731 2.0625
      vertex 65.6987 70.3046 2.49
      vertex 65.7 70.3062 2.49
    endloop
  endfacet
  facet normal -0.45113 0.370558 0.811892
    outer loop
      vertex 65.6987 70.3046 2.49
      vertex 65.3963 70.8731 2.0625
      vertex 65.0232 71.2405 1.6875
    endloop
  endfacet
  facet normal 0.525406 0.284884 0.801742
    outer loop
      vertex 2.97675 71.2405 1.6875
      vertex 3.16326 71.4242 1.5
      vertex 3.07374 71.5893 1.5
    endloop
  endfacet
  facet normal 0.451402 0.370331 0.811844
    outer loop
      vertex 2.97675 71.2405 1.6875
      vertex 2.3016 70.3042 2.49
      vertex 3.16326 71.4242 1.5
    endloop
  endfacet
  facet normal 0.478243 0.346726 0.806886
    outer loop
      vertex 2.3016 70.3042 2.49
      vertex 2.97675 71.2405 1.6875
      vertex 2.30131 70.3046 2.49
    endloop
  endfacet
  facet normal 0.528002 0.282162 0.800998
    outer loop
      vertex 2.57493 71.1033 2
      vertex 2.17755 70.4559 2.49
      vertex 3.04257 71.5589 1.53125
    endloop
  endfacet
  facet normal 0.532086 0.278563 0.799555
    outer loop
      vertex 2.17755 70.4559 2.49
      vertex 2.57493 71.1033 2
      vertex 2.17666 70.4576 2.49
    endloop
  endfacet
  facet normal 0.600086 0.184813 0.778293
    outer loop
      vertex 2.57493 71.1033 2
      vertex 3.04257 71.5589 1.53125
      vertex 3.01861 71.7683 1.5
    endloop
  endfacet
  facet normal 0.672589 0.0672348 0.736955
    outer loop
      vertex 2.76876 71.5275 1.75
      vertex 2.95615 71.7081 1.5625
      vertex 3 71.9545 1.5
    endloop
  endfacet
  facet normal 0.672613 0.0672252 0.736934
    outer loop
      vertex 2.95615 71.7081 1.5625
      vertex 3.01861 71.7683 1.5
      vertex 3 71.9545 1.5
    endloop
  endfacet
  facet normal 0.601969 0.182514 0.777381
    outer loop
      vertex 2.39399 71.1662 2.125
      vertex 2.0849 70.631 2.49
      vertex 2.48768 71.2565 2.03125
    endloop
  endfacet
  facet normal 0.603503 0.181051 0.776534
    outer loop
      vertex 2.0849 70.631 2.49
      vertex 2.39399 71.1662 2.125
      vertex 2.0846 70.632 2.49
    endloop
  endfacet
  facet normal 0.67267 0.0671226 0.736892
    outer loop
      vertex 2.39399 71.1662 2.125
      vertex 2.48768 71.2565 2.03125
      vertex 3 71.9545 1.5
    endloop
  endfacet
  facet normal -0.525626 -0.285431 0.801403
    outer loop
      vertex 64.8367 112.576 1.5
      vertex 64.9263 112.411 1.5
      vertex 65.0232 112.759 1.6875
    endloop
  endfacet
  facet normal -0.63119 -0.189357 0.752159
    outer loop
      vertex 65.6984 113.696 2.49
      vertex 65.0232 112.759 1.6875
      vertex 65.6987 113.695 2.49
    endloop
  endfacet
  facet normal -0.456784 -0.365463 0.81104
    outer loop
      vertex 65.0232 112.759 1.6875
      vertex 65.6984 113.696 2.49
      vertex 64.8367 112.576 1.5
    endloop
  endfacet
  facet normal -0.561079 -0.252485 0.788316
    outer loop
      vertex 65.8224 113.544 2.49
      vertex 65.4251 112.897 2
      vertex 65.8233 113.542 2.49
    endloop
  endfacet
  facet normal -0.526866 -0.283349 0.801327
    outer loop
      vertex 65.4251 112.897 2
      vertex 65.8224 113.544 2.49
      vertex 64.9574 112.441 1.53125
    endloop
  endfacet
  facet normal -0.599644 -0.185265 0.778527
    outer loop
      vertex 64.9574 112.441 1.53125
      vertex 64.9814 112.232 1.5
      vertex 65.4251 112.897 2
    endloop
  endfacet
  facet normal -0.672488 -0.0672488 0.737047
    outer loop
      vertex 65 112.045 1.5
      vertex 65.2312 112.473 1.75
      vertex 65.0438 112.292 1.5625
    endloop
  endfacet
  facet normal -0.673209 -0.0669609 0.736414
    outer loop
      vertex 64.9814 112.232 1.5
      vertex 65 112.045 1.5
      vertex 65.0438 112.292 1.5625
    endloop
  endfacet
  facet normal -0.603541 -0.181062 0.776501
    outer loop
      vertex 65.9151 113.369 2.49
      vertex 65.606 112.834 2.125
      vertex 65.9154 113.368 2.49
    endloop
  endfacet
  facet normal -0.599586 -0.184831 0.778675
    outer loop
      vertex 65.606 112.834 2.125
      vertex 65.9151 113.369 2.49
      vertex 65.5123 112.743 2.03125
    endloop
  endfacet
  facet normal -0.671469 -0.0687427 0.737837
    outer loop
      vertex 65 112.045 1.5
      vertex 65.606 112.834 2.125
      vertex 65.5123 112.743 2.03125
    endloop
  endfacet
  facet normal -0.182479 -0.603178 0.776452
    outer loop
      vertex 64.2202 112.982 1.5
      vertex 64.402 112.927 1.5
      vertex 64.2507 113.013 1.53125
    endloop
  endfacet
  facet normal 0 -0.700409 0.713742
    outer loop
      vertex 64.9922 113.99 2.49
      vertex 64.2507 113.013 1.53125
      vertex 64.9923 113.99 2.49
    endloop
  endfacet
  facet normal -0.0884286 -0.662669 0.743674
    outer loop
      vertex 64.2507 113.013 1.53125
      vertex 64.9922 113.99 2.49
      vertex 64.2202 112.982 1.5
    endloop
  endfacet
  facet normal -0.279255 -0.529373 0.801112
    outer loop
      vertex 64.5552 113.083 1.65625
      vertex 64.5695 112.839 1.5
      vertex 65.2907 113.83 2.40625
    endloop
  endfacet
  facet normal -0.166804 -0.593822 0.787116
    outer loop
      vertex 65.1875 113.97 2.49
      vertex 65.2907 113.83 2.40625
      vertex 65.2053 113.965 2.49
    endloop
  endfacet
  facet normal -0.183405 -0.600698 0.778154
    outer loop
      vertex 65.2907 113.83 2.40625
      vertex 65.1875 113.97 2.49
      vertex 64.5552 113.083 1.65625
    endloop
  endfacet
  facet normal 0.0642674 -0.67288 0.736955
    outer loop
      vertex 2.95723 113.825 2.34375
      vertex 3.00773 113.99 2.49
      vertex 2.99726 113.989 2.49
    endloop
  endfacet
  facet normal 0.0656775 -0.673057 0.736668
    outer loop
      vertex 3.00773 113.99 2.49
      vertex 2.95723 113.825 2.34375
      vertex 3.74929 113.013 1.53125
    endloop
  endfacet
  facet normal 0.456629 -0.365615 0.811058
    outer loop
      vertex 2.3016 113.696 2.49
      vertex 2.97675 112.759 1.6875
      vertex 3.16326 112.576 1.5
    endloop
  endfacet
  facet normal 0.635476 -0.184288 0.749806
    outer loop
      vertex 2.97675 112.759 1.6875
      vertex 2.3016 113.696 2.49
      vertex 2.30131 113.695 2.49
    endloop
  endfacet
  facet normal 0.525757 -0.285247 0.801382
    outer loop
      vertex 2.97675 112.759 1.6875
      vertex 3.07374 112.411 1.5
      vertex 3.16326 112.576 1.5
    endloop
  endfacet
  facet normal -0.180285 0.602498 0.777492
    outer loop
      vertex 64.2202 71.0183 1.5
      vertex 64.2507 70.9871 1.53125
      vertex 64.402 71.0727 1.5
    endloop
  endfacet
  facet normal -0.0664573 0.672967 0.736681
    outer loop
      vertex 65.0428 70.1753 2.34375
      vertex 65.0215 70.0131 2.49
      vertex 65.1342 70.0817 2.4375
    endloop
  endfacet
  facet normal -0.0680168 0.673009 0.736501
    outer loop
      vertex 65.0215 70.0131 2.49
      vertex 65.0428 70.1753 2.34375
      vertex 65.0027 70.0112 2.49
    endloop
  endfacet
  facet normal -0.224782 0.561954 0.796041
    outer loop
      vertex 64.7852 70.9438 1.71875
      vertex 65.3745 70.087 2.49
      vertex 65.375 70.0872 2.49
    endloop
  endfacet
  facet normal -0.281623 0.527682 0.801399
    outer loop
      vertex 65.3745 70.087 2.49
      vertex 64.7852 70.9438 1.71875
      vertex 64.5695 71.1609 1.5
    endloop
  endfacet
  facet normal -0.366891 0.453746 0.812099
    outer loop
      vertex 64.5695 71.1609 1.5
      vertex 64.7852 70.9438 1.71875
      vertex 64.7163 71.2796 1.5
    endloop
  endfacet
  facet normal 0.281781 0.527575 0.801414
    outer loop
      vertex 2.64796 70.1073 2.46875
      vertex 2.70926 70.1695 2.40625
      vertex 3.43054 71.1609 1.5
    endloop
  endfacet
  facet normal 0.183377 0.601536 0.777513
    outer loop
      vertex 2.70926 70.1695 2.40625
      vertex 2.75469 70.0474 2.49
      vertex 2.79471 70.0352 2.49
    endloop
  endfacet
  facet normal 0.182698 0.601443 0.777746
    outer loop
      vertex 2.75469 70.0474 2.49
      vertex 2.70926 70.1695 2.40625
      vertex 2.64796 70.1073 2.46875
    endloop
  endfacet
  facet normal 0.528289 0.282183 0.800802
    outer loop
      vertex 2.16965 70.7084 2.40625
      vertex 2.14894 70.5095 2.49
      vertex 2.16865 70.4726 2.49
    endloop
  endfacet
  facet normal 0.528062 0.282259 0.800925
    outer loop
      vertex 2.14894 70.5095 2.49
      vertex 2.16965 70.7084 2.40625
      vertex 2.1073 70.6477 2.46875
    endloop
  endfacet
  facet normal 0.60062 0.184162 0.778036
    outer loop
      vertex 2.1073 70.6477 2.46875
      vertex 2.16965 70.7084 2.40625
      vertex 3.01861 71.7683 1.5
    endloop
  endfacet
  facet normal 0.600062 0.184813 0.778312
    outer loop
      vertex 3.01861 71.7683 1.5
      vertex 3.04257 71.5589 1.53125
      vertex 3.07374 71.5893 1.5
    endloop
  endfacet
  facet normal 0.527452 0.282745 0.801155
    outer loop
      vertex 3.04257 71.5589 1.53125
      vertex 2.17758 70.4559 2.49
      vertex 3.07374 71.5893 1.5
    endloop
  endfacet
  facet normal 0 0.65603 0.754734
    outer loop
      vertex 2.17758 70.4559 2.49
      vertex 3.04257 71.5589 1.53125
      vertex 2.17755 70.4559 2.49
    endloop
  endfacet
  facet normal -0.520298 -0.284719 0.805124
    outer loop
      vertex 65.8304 113.292 2.40625
      vertex 65.8511 113.491 2.49
      vertex 65.8314 113.527 2.49
    endloop
  endfacet
  facet normal -0.531104 -0.281145 0.799304
    outer loop
      vertex 65.8511 113.491 2.49
      vertex 65.8304 113.292 2.40625
      vertex 65.8927 113.352 2.46875
    endloop
  endfacet
  facet normal -0.608771 -0.174141 0.773998
    outer loop
      vertex 64.9814 112.232 1.5
      vertex 65.8927 113.352 2.46875
      vertex 65.8304 113.292 2.40625
    endloop
  endfacet
  facet normal -0.601855 -0.185264 0.776819
    outer loop
      vertex 64.9263 112.411 1.5
      vertex 64.9814 112.232 1.5
      vertex 64.9574 112.441 1.53125
    endloop
  endfacet
  facet normal -0.543822 -0.265502 0.796094
    outer loop
      vertex 64.9574 112.441 1.53125
      vertex 65.8224 113.544 2.49
      vertex 64.9263 112.411 1.5
    endloop
  endfacet
  facet normal -0.25259 -0.546409 0.798521
    outer loop
      vertex 64.5695 112.839 1.5
      vertex 65.352 113.893 2.46875
      vertex 65.2907 113.83 2.40625
    endloop
  endfacet
  facet normal -0.180976 -0.598289 0.780576
    outer loop
      vertex 65.2453 113.953 2.49
      vertex 65.2907 113.83 2.40625
      vertex 65.352 113.893 2.46875
    endloop
  endfacet
  facet normal -0.179422 -0.598072 0.7811
    outer loop
      vertex 65.2907 113.83 2.40625
      vertex 65.2453 113.953 2.49
      vertex 65.2053 113.965 2.49
    endloop
  endfacet
  facet normal 0 0 1
    outer loop
      vertex 64.0312 113 1.5
      vertex 65 112.045 1.5
      vertex 64.9814 112.232 1.5
    endloop
  endfacet
  facet normal 0 0 1
    outer loop
      vertex 65 112.045 1.5
      vertex 64.0312 113 1.5
      vertex 65 71.9545 1.5
    endloop
  endfacet
  facet normal 0 0 1
    outer loop
      vertex 64.0312 113 1.5
      vertex 64.9814 112.232 1.5
      vertex 64.9263 112.411 1.5
    endloop
  endfacet
  facet normal 0 0 1
    outer loop
      vertex 64.0312 71 1.5
      vertex 65 71.9545 1.5
      vertex 64.0312 113 1.5
    endloop
  endfacet
  facet normal 0 0 1
    outer loop
      vertex 64.0312 113 1.5
      vertex 64.9263 112.411 1.5
      vertex 64.8367 112.576 1.5
    endloop
  endfacet
  facet normal 0 0 1
    outer loop
      vertex 65 71.9545 1.5
      vertex 64.0312 71 1.5
      vertex 64.9814 71.7683 1.5
    endloop
  endfacet
  facet normal 0 0 1
    outer loop
      vertex 64.0312 113 1.5
      vertex 64.8367 112.576 1.5
      vertex 64.7163 112.72 1.5
    endloop
  endfacet
  facet normal 0 0 1
    outer loop
      vertex 64.9814 71.7683 1.5
      vertex 64.0312 71 1.5
      vertex 64.9263 71.5893 1.5
    endloop
  endfacet
  facet normal 0 0 1
    outer loop
      vertex 64.0312 113 1.5
      vertex 64.7163 112.72 1.5
      vertex 64.5695 112.839 1.5
    endloop
  endfacet
  facet normal 0 0 1
    outer loop
      vertex 64.9263 71.5893 1.5
      vertex 64.0312 71 1.5
      vertex 64.8367 71.4242 1.5
    endloop
  endfacet
  facet normal 0 0 1
    outer loop
      vertex 64.0312 113 1.5
      vertex 64.5695 112.839 1.5
      vertex 64.402 112.927 1.5
    endloop
  endfacet
  facet normal 0 0 1
    outer loop
      vertex 64.8367 71.4242 1.5
      vertex 64.0312 71 1.5
      vertex 64.7163 71.2796 1.5
    endloop
  endfacet
  facet normal 0 0 1
    outer loop
      vertex 64.0312 113 1.5
      vertex 64.402 112.927 1.5
      vertex 64.2202 112.982 1.5
    endloop
  endfacet
  facet normal 0 0 1
    outer loop
      vertex 64.7163 71.2796 1.5
      vertex 64.0312 71 1.5
      vertex 64.5695 71.1609 1.5
    endloop
  endfacet
  facet normal 0 0 1
    outer loop
      vertex 64.5695 71.1609 1.5
      vertex 64.0312 71 1.5
      vertex 64.402 71.0727 1.5
    endloop
  endfacet
  facet normal 0 0 1
    outer loop
      vertex 64.402 71.0727 1.5
      vertex 64.0312 71 1.5
      vertex 64.2202 71.0183 1.5
    endloop
  endfacet
  facet normal -0 0 1
    outer loop
      vertex 3.96875 113 1.5
      vertex 64.0312 71 1.5
      vertex 64.0312 113 1.5
    endloop
  endfacet
  facet normal 0 0 1
    outer loop
      vertex 3.96875 113 1.5
      vertex 3.96875 71 1.5
      vertex 64.0312 71 1.5
    endloop
  endfacet
  facet normal 0 0 1
    outer loop
      vertex 3 112.045 1.5
      vertex 3.96875 113 1.5
      vertex 3.77976 112.982 1.5
    endloop
  endfacet
  facet normal 0 0 1
    outer loop
      vertex 3.96875 113 1.5
      vertex 3 112.045 1.5
      vertex 3.96875 71 1.5
    endloop
  endfacet
  facet normal 0 0 1
    outer loop
      vertex 3 112.045 1.5
      vertex 3.77976 112.982 1.5
      vertex 3.59803 112.927 1.5
    endloop
  endfacet
  facet normal -0 0 1
    outer loop
      vertex 3 71.9545 1.5
      vertex 3.96875 71 1.5
      vertex 3 112.045 1.5
    endloop
  endfacet
  facet normal 0 0 1
    outer loop
      vertex 3 112.045 1.5
      vertex 3.59803 112.927 1.5
      vertex 3.43054 112.839 1.5
    endloop
  endfacet
  facet normal 0 0 1
    outer loop
      vertex 3.96875 71 1.5
      vertex 3 71.9545 1.5
      vertex 3.77976 71.0183 1.5
    endloop
  endfacet
  facet normal 0 0 1
    outer loop
      vertex 3 112.045 1.5
      vertex 3.43054 112.839 1.5
      vertex 3.28374 112.72 1.5
    endloop
  endfacet
  facet normal 0 0 1
    outer loop
      vertex 3.77976 71.0183 1.5
      vertex 3 71.9545 1.5
      vertex 3.59803 71.0727 1.5
    endloop
  endfacet
  facet normal 0 0 1
    outer loop
      vertex 3 112.045 1.5
      vertex 3.28374 112.72 1.5
      vertex 3.16326 112.576 1.5
    endloop
  endfacet
  facet normal 0 0 1
    outer loop
      vertex 3.59803 71.0727 1.5
      vertex 3 71.9545 1.5
      vertex 3.43054 71.1609 1.5
    endloop
  endfacet
  facet normal 0 0 1
    outer loop
      vertex 3 112.045 1.5
      vertex 3.16326 112.576 1.5
      vertex 3.07374 112.411 1.5
    endloop
  endfacet
  facet normal 0 0 1
    outer loop
      vertex 3.43054 71.1609 1.5
      vertex 3 71.9545 1.5
      vertex 3.28374 71.2796 1.5
    endloop
  endfacet
  facet normal 0 0 1
    outer loop
      vertex 3 112.045 1.5
      vertex 3.07374 112.411 1.5
      vertex 3.01861 112.232 1.5
    endloop
  endfacet
  facet normal 0 0 1
    outer loop
      vertex 3.28374 71.2796 1.5
      vertex 3 71.9545 1.5
      vertex 3.16326 71.4242 1.5
    endloop
  endfacet
  facet normal 0 0 1
    outer loop
      vertex 3.16326 71.4242 1.5
      vertex 3 71.9545 1.5
      vertex 3.07374 71.5893 1.5
    endloop
  endfacet
  facet normal 0 0 1
    outer loop
      vertex 3.07374 71.5893 1.5
      vertex 3 71.9545 1.5
      vertex 3.01861 71.7683 1.5
    endloop
  endfacet
  facet normal 0.367474 -0.453327 0.81207
    outer loop
      vertex 2.59851 113.676 2.34375
      vertex 3.28374 112.72 1.5
      vertex 3.21483 113.056 1.71875
    endloop
  endfacet
  facet normal 0.471501 -0.346553 0.810918
    outer loop
      vertex 2.45282 113.82 2.49
      vertex 2.59851 113.676 2.34375
      vertex 2.45429 113.822 2.49
    endloop
  endfacet
  facet normal 0.366291 -0.45421 0.812111
    outer loop
      vertex 2.59851 113.676 2.34375
      vertex 2.45282 113.82 2.49
      vertex 3.28374 112.72 1.5
    endloop
  endfacet
  facet normal -0.278797 0.529462 0.801213
    outer loop
      vertex 64.402 71.0727 1.5
      vertex 64.4633 71.0104 1.5625
      vertex 64.5695 71.1609 1.5
    endloop
  endfacet
  facet normal -0.278723 0.529587 0.801156
    outer loop
      vertex 64.5552 70.917 1.65625
      vertex 65.2907 70.1695 2.40625
      vertex 64.5695 71.1609 1.5
    endloop
  endfacet
  facet normal -0.284357 0.527245 0.80072
    outer loop
      vertex 65.4015 70.3236 2.34375
      vertex 65.375 70.0872 2.49
      vertex 65.3839 70.092 2.49
    endloop
  endfacet
  facet normal -0.28199 0.527425 0.801439
    outer loop
      vertex 65.375 70.0872 2.49
      vertex 65.4015 70.3236 2.34375
      vertex 64.7852 70.9438 1.71875
    endloop
  endfacet
  facet normal -0.366953 0.453723 0.812084
    outer loop
      vertex 64.7163 71.2796 1.5
      vertex 64.7852 70.9438 1.71875
      vertex 65.4015 70.3236 2.34375
    endloop
  endfacet
  facet normal 0.182097 0.601367 0.777945
    outer loop
      vertex 2.70926 70.1695 2.40625
      vertex 2.81249 70.0299 2.49
      vertex 3.44479 70.917 1.65625
    endloop
  endfacet
  facet normal 0.178864 0.60004 0.779718
    outer loop
      vertex 2.81249 70.0299 2.49
      vertex 2.70926 70.1695 2.40625
      vertex 2.79471 70.0352 2.49
    endloop
  endfacet
  facet normal 0.278771 0.529542 0.801169
    outer loop
      vertex 2.70926 70.1695 2.40625
      vertex 3.44479 70.917 1.65625
      vertex 3.43054 71.1609 1.5
    endloop
  endfacet
  facet normal 0.182291 0.6009 0.77826
    outer loop
      vertex 2.62712 70.0861 2.49
      vertex 2.75469 70.0474 2.49
      vertex 2.64796 70.1073 2.46875
    endloop
  endfacet
  facet normal 0.278641 0.529655 0.801139
    outer loop
      vertex 2.62545 70.087 2.49
      vertex 2.64796 70.1073 2.46875
      vertex 3.43054 71.1609 1.5
    endloop
  endfacet
  facet normal 0.283265 0.525615 0.802178
    outer loop
      vertex 2.64796 70.1073 2.46875
      vertex 2.62545 70.087 2.49
      vertex 2.62712 70.0861 2.49
    endloop
  endfacet
  facet normal 0.600067 0.184833 0.778303
    outer loop
      vertex 2.16965 70.7084 2.40625
      vertex 2.57493 71.1033 2
      vertex 3.01861 71.7683 1.5
    endloop
  endfacet
  facet normal 0.527925 0.282242 0.801021
    outer loop
      vertex 2.16965 70.7084 2.40625
      vertex 2.17666 70.4576 2.49
      vertex 2.57493 71.1033 2
    endloop
  endfacet
  facet normal 0.528392 0.282162 0.800741
    outer loop
      vertex 2.17666 70.4576 2.49
      vertex 2.16965 70.7084 2.40625
      vertex 2.16865 70.4726 2.49
    endloop
  endfacet
  facet normal -0.599952 -0.18494 0.778367
    outer loop
      vertex 64.9814 112.232 1.5
      vertex 65.8304 113.292 2.40625
      vertex 65.4251 112.897 2
    endloop
  endfacet
  facet normal -0.52531 -0.283668 0.802235
    outer loop
      vertex 65.8233 113.542 2.49
      vertex 65.8304 113.292 2.40625
      vertex 65.8314 113.527 2.49
    endloop
  endfacet
  facet normal -0.526951 -0.283387 0.801258
    outer loop
      vertex 65.8304 113.292 2.40625
      vertex 65.8233 113.542 2.49
      vertex 65.4251 112.897 2
    endloop
  endfacet
  facet normal 0 -0.684897 0.72864
    outer loop
      vertex 65.1873 113.97 2.49
      vertex 64.5552 113.083 1.65625
      vertex 65.1875 113.97 2.49
    endloop
  endfacet
  facet normal -0.192718 -0.59564 0.77979
    outer loop
      vertex 64.5552 113.083 1.65625
      vertex 65.1873 113.97 2.49
      vertex 64.4633 112.99 1.5625
    endloop
  endfacet
  facet normal -0.281214 -0.529146 0.800577
    outer loop
      vertex 64.4633 112.99 1.5625
      vertex 64.5695 112.839 1.5
      vertex 64.5552 113.083 1.65625
    endloop
  endfacet
  facet normal -0.184158 -0.602526 0.776562
    outer loop
      vertex 65.2453 113.953 2.49
      vertex 65.352 113.893 2.46875
      vertex 65.3729 113.914 2.49
    endloop
  endfacet
  facet normal -0.314073 -0.502516 0.805504
    outer loop
      vertex 65.352 113.893 2.46875
      vertex 65.3745 113.913 2.49
      vertex 65.3729 113.914 2.49
    endloop
  endfacet
  facet normal -0.300905 -0.514576 0.802912
    outer loop
      vertex 65.3745 113.913 2.49
      vertex 65.352 113.893 2.46875
      vertex 64.5695 112.839 1.5
    endloop
  endfacet
  facet normal 0.179337 -0.598089 0.781107
    outer loop
      vertex 2.75469 113.953 2.49
      vertex 2.70926 113.83 2.40625
      vertex 2.79471 113.965 2.49
    endloop
  endfacet
  facet normal 0.18094 -0.598313 0.780565
    outer loop
      vertex 2.70926 113.83 2.40625
      vertex 2.75469 113.953 2.49
      vertex 2.64796 113.893 2.46875
    endloop
  endfacet
  facet normal 0.252679 -0.546341 0.798539
    outer loop
      vertex 2.64796 113.893 2.46875
      vertex 3.43054 112.839 1.5
      vertex 2.70926 113.83 2.40625
    endloop
  endfacet
  facet normal 0.286055 -0.520621 0.804442
    outer loop
      vertex 2.81284 113.97 2.49
      vertex 2.86584 113.918 2.4375
      vertex 2.81466 113.971 2.49
    endloop
  endfacet
  facet normal 0.176193 -0.604648 0.77676
    outer loop
      vertex 2.86584 113.918 2.4375
      vertex 2.81284 113.97 2.49
      vertex 3.59803 112.927 1.5
    endloop
  endfacet
  facet normal 0.065381 -0.669665 0.73978
    outer loop
      vertex 2.81466 113.971 2.49
      vertex 2.86584 113.918 2.4375
      vertex 2.97854 113.987 2.49
    endloop
  endfacet
  facet normal -0.178627 0.599915 0.779868
    outer loop
      vertex 65.2907 70.1695 2.40625
      vertex 65.1875 70.0299 2.49
      vertex 65.2053 70.0352 2.49
    endloop
  endfacet
  facet normal -0.182125 0.601351 0.777951
    outer loop
      vertex 65.1875 70.0299 2.49
      vertex 65.2907 70.1695 2.40625
      vertex 64.5552 70.917 1.65625
    endloop
  endfacet
  facet normal -0.182733 0.601418 0.777756
    outer loop
      vertex 65.2907 70.1695 2.40625
      vertex 65.2453 70.0474 2.49
      vertex 65.352 70.1073 2.46875
    endloop
  endfacet
  facet normal -0.183463 0.601519 0.777507
    outer loop
      vertex 65.2453 70.0474 2.49
      vertex 65.2907 70.1695 2.40625
      vertex 65.2053 70.0352 2.49
    endloop
  endfacet
  facet normal -0.180216 0.602407 0.777579
    outer loop
      vertex 64.2507 70.9871 1.53125
      vertex 65.0428 70.1753 2.34375
      vertex 64.402 71.0727 1.5
    endloop
  endfacet
  facet normal -0.0646834 0.672707 0.737076
    outer loop
      vertex 65.0428 70.1753 2.34375
      vertex 64.9923 70.0102 2.49
      vertex 65.0027 70.0112 2.49
    endloop
  endfacet
  facet normal -0.0661326 0.672889 0.736781
    outer loop
      vertex 64.9923 70.0102 2.49
      vertex 65.0428 70.1753 2.34375
      vertex 64.2507 70.9871 1.53125
    endloop
  endfacet
  facet normal -0.161744 0.614627 0.772058
    outer loop
      vertex 65.1872 70.0297 2.49
      vertex 65.1342 70.0817 2.4375
      vertex 65.1853 70.0292 2.49
    endloop
  endfacet
  facet normal -0.1762 0.604643 0.776763
    outer loop
      vertex 65.1342 70.0817 2.4375
      vertex 65.1872 70.0297 2.49
      vertex 64.402 71.0727 1.5
    endloop
  endfacet
  facet normal -0.0661151 0.67265 0.737002
    outer loop
      vertex 65.0215 70.0131 2.49
      vertex 65.1853 70.0292 2.49
      vertex 65.1342 70.0817 2.4375
    endloop
  endfacet
  facet normal 0.183115 0.600804 0.778141
    outer loop
      vertex 3.44479 70.917 1.65625
      vertex 2.81272 70.0298 2.49
      vertex 3.53673 71.0104 1.5625
    endloop
  endfacet
  facet normal 0.245695 0.565099 0.787589
    outer loop
      vertex 2.81272 70.0298 2.49
      vertex 3.44479 70.917 1.65625
      vertex 2.81249 70.0299 2.49
    endloop
  endfacet
  facet normal 0.278961 0.52952 0.801118
    outer loop
      vertex 3.43054 71.1609 1.5
      vertex 3.44479 70.917 1.65625
      vertex 3.53673 71.0104 1.5625
    endloop
  endfacet
  facet normal 0.279304 -0.529327 0.801125
    outer loop
      vertex 2.70926 113.83 2.40625
      vertex 3.43054 112.839 1.5
      vertex 3.44479 113.083 1.65625
    endloop
  endfacet
  facet normal 0.167025 -0.59394 0.78698
    outer loop
      vertex 2.70926 113.83 2.40625
      vertex 2.81249 113.97 2.49
      vertex 2.79471 113.965 2.49
    endloop
  endfacet
  facet normal 0.183376 -0.600714 0.778149
    outer loop
      vertex 2.81249 113.97 2.49
      vertex 2.70926 113.83 2.40625
      vertex 3.44479 113.083 1.65625
    endloop
  endfacet
  facet normal 0.305547 -0.510263 0.803911
    outer loop
      vertex 2.62545 113.913 2.49
      vertex 2.64796 113.893 2.46875
      vertex 2.62712 113.914 2.49
    endloop
  endfacet
  facet normal 0.300568 -0.514792 0.8029
    outer loop
      vertex 2.64796 113.893 2.46875
      vertex 2.62545 113.913 2.49
      vertex 3.43054 112.839 1.5
    endloop
  endfacet
  facet normal 0.184268 -0.602745 0.776366
    outer loop
      vertex 2.62712 113.914 2.49
      vertex 2.64796 113.893 2.46875
      vertex 2.75469 113.953 2.49
    endloop
  endfacet
  facet normal -0.281687 0.527651 0.801397
    outer loop
      vertex 64.5695 71.1609 1.5
      vertex 65.2907 70.1695 2.40625
      vertex 65.352 70.1073 2.46875
    endloop
  endfacet
  facet normal -0.291578 0.518361 0.803918
    outer loop
      vertex 65.3745 70.087 2.49
      vertex 65.352 70.1073 2.46875
      vertex 65.3729 70.0861 2.49
    endloop
  endfacet
  facet normal -0.278965 0.529454 0.80116
    outer loop
      vertex 65.352 70.1073 2.46875
      vertex 65.3745 70.087 2.49
      vertex 64.5695 71.1609 1.5
    endloop
  endfacet
  facet normal -0.279007 0.529555 0.801079
    outer loop
      vertex 64.4633 71.0104 1.5625
      vertex 64.5552 70.917 1.65625
      vertex 64.5695 71.1609 1.5
    endloop
  endfacet
  facet normal -0.273885 0.547769 0.790529
    outer loop
      vertex 64.5552 70.917 1.65625
      vertex 65.1873 70.0298 2.49
      vertex 65.1875 70.0299 2.49
    endloop
  endfacet
  facet normal -0.183442 0.600624 0.778203
    outer loop
      vertex 65.1873 70.0298 2.49
      vertex 64.5552 70.917 1.65625
      vertex 64.4633 71.0104 1.5625
    endloop
  endfacet
  facet normal 0.281167 -0.529111 0.800617
    outer loop
      vertex 3.43054 112.839 1.5
      vertex 3.53673 112.99 1.5625
      vertex 3.44479 113.083 1.65625
    endloop
  endfacet
  facet normal 0.192378 -0.595831 0.779728
    outer loop
      vertex 2.81272 113.97 2.49
      vertex 3.44479 113.083 1.65625
      vertex 3.53673 112.99 1.5625
    endloop
  endfacet
  facet normal 0 -0.684897 0.72864
    outer loop
      vertex 3.44479 113.083 1.65625
      vertex 2.81272 113.97 2.49
      vertex 2.81249 113.97 2.49
    endloop
  endfacet
  facet normal -0 0 1
    outer loop
      vertex 67.1 113.05 16
      vertex 68 113 16
      vertex 67.9424 113.585 16
    endloop
  endfacet
  facet normal 0 0 1
    outer loop
      vertex 68 113 16
      vertex 67.1 113.05 16
      vertex 68 71 16
    endloop
  endfacet
  facet normal 0 0 1
    outer loop
      vertex 67.0606 113.45 16
      vertex 67.9424 113.585 16
      vertex 67.7716 114.148 16
    endloop
  endfacet
  facet normal 0 0 1
    outer loop
      vertex 67.1 70.95 16
      vertex 68 71 16
      vertex 67.1 113.05 16
    endloop
  endfacet
  facet normal 0 0 1
    outer loop
      vertex 66.944 113.835 16
      vertex 67.7716 114.148 16
      vertex 67.4944 114.667 16
    endloop
  endfacet
  facet normal 0 0 1
    outer loop
      vertex 68 71 16
      vertex 67.1 70.95 16
      vertex 67.9424 70.4147 16
    endloop
  endfacet
  facet normal 0 0 1
    outer loop
      vertex 66.7545 114.189 16
      vertex 67.4944 114.667 16
      vertex 67.1213 115.121 16
    endloop
  endfacet
  facet normal -0 0 1
    outer loop
      vertex 67.0606 70.5501 16
      vertex 67.9424 70.4147 16
      vertex 67.1 70.95 16
    endloop
  endfacet
  facet normal 0 0 1
    outer loop
      vertex 67.9424 70.4147 16
      vertex 67.0606 70.5501 16
      vertex 67.7716 69.852 16
    endloop
  endfacet
  facet normal 0 0 1
    outer loop
      vertex 67.9424 113.585 16
      vertex 67.0606 113.45 16
      vertex 67.1 113.05 16
    endloop
  endfacet
  facet normal 0 0 1
    outer loop
      vertex 67.7716 114.148 16
      vertex 66.944 113.835 16
      vertex 67.0606 113.45 16
    endloop
  endfacet
  facet normal 0 0 1
    outer loop
      vertex 67.4944 114.667 16
      vertex 66.7545 114.189 16
      vertex 66.944 113.835 16
    endloop
  endfacet
  facet normal 0 0 1
    outer loop
      vertex 66.1889 114.755 16
      vertex 67.1213 115.121 16
      vertex 66.6667 115.494 16
    endloop
  endfacet
  facet normal 0 0 1
    outer loop
      vertex 67.1213 115.121 16
      vertex 66.4996 114.5 16
      vertex 66.7545 114.189 16
    endloop
  endfacet
  facet normal 0 0 1
    outer loop
      vertex 67.1213 115.121 16
      vertex 66.1889 114.755 16
      vertex 66.4996 114.5 16
    endloop
  endfacet
  facet normal 0 0 1
    outer loop
      vertex 65.8345 114.944 16
      vertex 66.6667 115.494 16
      vertex 66.148 115.772 16
    endloop
  endfacet
  facet normal 0 0 1
    outer loop
      vertex 66.6667 115.494 16
      vertex 65.8345 114.944 16
      vertex 66.1889 114.755 16
    endloop
  endfacet
  facet normal 0 0 1
    outer loop
      vertex 65.4499 115.061 16
      vertex 66.148 115.772 16
      vertex 65.5853 115.942 16
    endloop
  endfacet
  facet normal 0 0 1
    outer loop
      vertex 66.148 115.772 16
      vertex 65.4499 115.061 16
      vertex 65.8345 114.944 16
    endloop
  endfacet
  facet normal 0 0 1
    outer loop
      vertex 65.5853 115.942 16
      vertex 65.05 115.1 16
      vertex 65.4499 115.061 16
    endloop
  endfacet
  facet normal 0 0 1
    outer loop
      vertex 65 116 16
      vertex 65.05 115.1 16
      vertex 65.5853 115.942 16
    endloop
  endfacet
  facet normal -0 0 1
    outer loop
      vertex 3 116 16
      vertex 65.05 115.1 16
      vertex 65 116 16
    endloop
  endfacet
  facet normal 0 0 1
    outer loop
      vertex 3 116 16
      vertex 2.95 115.1 16
      vertex 65.05 115.1 16
    endloop
  endfacet
  facet normal -0 0 1
    outer loop
      vertex 2.41473 115.942 16
      vertex 2.95 115.1 16
      vertex 3 116 16
    endloop
  endfacet
  facet normal 0 0 1
    outer loop
      vertex 2.95 115.1 16
      vertex 2.41473 115.942 16
      vertex 2.55007 115.061 16
    endloop
  endfacet
  facet normal -0 0 1
    outer loop
      vertex 1.85195 115.772 16
      vertex 2.55007 115.061 16
      vertex 2.41473 115.942 16
    endloop
  endfacet
  facet normal 0 0 1
    outer loop
      vertex 2.55007 115.061 16
      vertex 1.85195 115.772 16
      vertex 2.1655 114.944 16
    endloop
  endfacet
  facet normal -0 0 1
    outer loop
      vertex 1.33329 115.494 16
      vertex 2.1655 114.944 16
      vertex 1.85195 115.772 16
    endloop
  endfacet
  facet normal 0 0 1
    outer loop
      vertex 2.1655 114.944 16
      vertex 1.33329 115.494 16
      vertex 1.81108 114.755 16
    endloop
  endfacet
  facet normal -0 0 1
    outer loop
      vertex 0.87868 115.121 16
      vertex 1.81108 114.755 16
      vertex 1.33329 115.494 16
    endloop
  endfacet
  facet normal 0 0 1
    outer loop
      vertex 1.81108 114.755 16
      vertex 0.87868 115.121 16
      vertex 1.50043 114.5 16
    endloop
  endfacet
  facet normal 0 0 1
    outer loop
      vertex 1.50043 114.5 16
      vertex 0.87868 115.121 16
      vertex 1.24549 114.189 16
    endloop
  endfacet
  facet normal -0 0 1
    outer loop
      vertex 0.505591 114.667 16
      vertex 1.24549 114.189 16
      vertex 0.87868 115.121 16
    endloop
  endfacet
  facet normal 0 0 1
    outer loop
      vertex 1.05605 113.835 16
      vertex 0.228362 114.148 16
      vertex 0.93939 113.45 16
    endloop
  endfacet
  facet normal -0 0 1
    outer loop
      vertex 0.228362 114.148 16
      vertex 1.05605 113.835 16
      vertex 0.505591 114.667 16
    endloop
  endfacet
  facet normal 0 0 1
    outer loop
      vertex 1.24549 114.189 16
      vertex 0.505591 114.667 16
      vertex 1.05605 113.835 16
    endloop
  endfacet
  facet normal -0 0 1
    outer loop
      vertex 66.944 70.1655 16
      vertex 67.7716 69.852 16
      vertex 67.0606 70.5501 16
    endloop
  endfacet
  facet normal 0 0 1
    outer loop
      vertex 67.7716 69.852 16
      vertex 66.944 70.1655 16
      vertex 67.4944 69.3333 16
    endloop
  endfacet
  facet normal -0 0 1
    outer loop
      vertex 66.7545 69.8111 16
      vertex 67.4944 69.3333 16
      vertex 66.944 70.1655 16
    endloop
  endfacet
  facet normal 0 0 1
    outer loop
      vertex 67.4944 69.3333 16
      vertex 66.7545 69.8111 16
      vertex 67.1213 68.8787 16
    endloop
  endfacet
  facet normal -0 0 1
    outer loop
      vertex 66.4996 69.5004 16
      vertex 67.1213 68.8787 16
      vertex 66.7545 69.8111 16
    endloop
  endfacet
  facet normal -0 0 1
    outer loop
      vertex 66.1889 69.2455 16
      vertex 67.1213 68.8787 16
      vertex 66.4996 69.5004 16
    endloop
  endfacet
  facet normal 0 0 1
    outer loop
      vertex 67.1213 68.8787 16
      vertex 66.1889 69.2455 16
      vertex 66.6667 68.5056 16
    endloop
  endfacet
  facet normal -0 0 1
    outer loop
      vertex 65.8345 69.056 16
      vertex 66.6667 68.5056 16
      vertex 66.1889 69.2455 16
    endloop
  endfacet
  facet normal 0 0 1
    outer loop
      vertex 66.6667 68.5056 16
      vertex 65.8345 69.056 16
      vertex 66.148 68.2284 16
    endloop
  endfacet
  facet normal -0 0 1
    outer loop
      vertex 65.4499 68.9394 16
      vertex 66.148 68.2284 16
      vertex 65.8345 69.056 16
    endloop
  endfacet
  facet normal 0 0 1
    outer loop
      vertex 66.148 68.2284 16
      vertex 65.4499 68.9394 16
      vertex 65.5853 68.0576 16
    endloop
  endfacet
  facet normal -0 0 1
    outer loop
      vertex 65.05 68.9 16
      vertex 65.5853 68.0576 16
      vertex 65.4499 68.9394 16
    endloop
  endfacet
  facet normal 0 0 1
    outer loop
      vertex 65.05 68.9 16
      vertex 65 68 16
      vertex 65.5853 68.0576 16
    endloop
  endfacet
  facet normal 0 0 1
    outer loop
      vertex 65.05 68.9 16
      vertex 3 68 16
      vertex 65 68 16
    endloop
  endfacet
  facet normal -0 0 1
    outer loop
      vertex 2.95 68.9 16
      vertex 3 68 16
      vertex 65.05 68.9 16
    endloop
  endfacet
  facet normal 0 0 1
    outer loop
      vertex 2.41473 68.0576 16
      vertex 2.95 68.9 16
      vertex 2.55007 68.9394 16
    endloop
  endfacet
  facet normal 0 0 1
    outer loop
      vertex 2.95 68.9 16
      vertex 2.41473 68.0576 16
      vertex 3 68 16
    endloop
  endfacet
  facet normal 0 0 1
    outer loop
      vertex 1.85195 68.2284 16
      vertex 2.55007 68.9394 16
      vertex 2.1655 69.056 16
    endloop
  endfacet
  facet normal 0 0 1
    outer loop
      vertex 2.55007 68.9394 16
      vertex 1.85195 68.2284 16
      vertex 2.41473 68.0576 16
    endloop
  endfacet
  facet normal 0 0 1
    outer loop
      vertex 1.33329 68.5056 16
      vertex 2.1655 69.056 16
      vertex 1.81108 69.2455 16
    endloop
  endfacet
  facet normal 0 0 1
    outer loop
      vertex 0.87868 68.8787 16
      vertex 1.81108 69.2455 16
      vertex 1.50043 69.5004 16
    endloop
  endfacet
  facet normal 0 0 1
    outer loop
      vertex 2.1655 69.056 16
      vertex 1.33329 68.5056 16
      vertex 1.85195 68.2284 16
    endloop
  endfacet
  facet normal 0 0 1
    outer loop
      vertex 0.87868 68.8787 16
      vertex 1.50043 69.5004 16
      vertex 1.24549 69.8111 16
    endloop
  endfacet
  facet normal 0 0 1
    outer loop
      vertex 0.505591 69.3333 16
      vertex 1.24549 69.8111 16
      vertex 1.05605 70.1655 16
    endloop
  endfacet
  facet normal 0 0 1
    outer loop
      vertex 0.228362 69.852 16
      vertex 1.05605 70.1655 16
      vertex 0.93939 70.5501 16
    endloop
  endfacet
  facet normal 0 0 1
    outer loop
      vertex 1.81108 69.2455 16
      vertex 0.87868 68.8787 16
      vertex 1.33329 68.5056 16
    endloop
  endfacet
  facet normal 0 0 1
    outer loop
      vertex 0.0576448 70.4147 16
      vertex 0.93939 70.5501 16
      vertex 0.900001 70.95 16
    endloop
  endfacet
  facet normal 0 0 1
    outer loop
      vertex 0.900001 113.05 16
      vertex 0 113 16
      vertex 0.900001 70.95 16
    endloop
  endfacet
  facet normal -0 0 1
    outer loop
      vertex 0.0576448 113.585 16
      vertex 0.93939 113.45 16
      vertex 0.228362 114.148 16
    endloop
  endfacet
  facet normal -0 0 1
    outer loop
      vertex 0 71 16
      vertex 0.900001 70.95 16
      vertex 0 113 16
    endloop
  endfacet
  facet normal 0 0 1
    outer loop
      vertex 0.93939 113.45 16
      vertex 0.0576448 113.585 16
      vertex 0.900001 113.05 16
    endloop
  endfacet
  facet normal 0 -0 1
    outer loop
      vertex 0.0576448 70.4147 16
      vertex 0.900001 70.95 16
      vertex 0 71 16
    endloop
  endfacet
  facet normal 0 0 1
    outer loop
      vertex 0.900001 113.05 16
      vertex 0.0576448 113.585 16
      vertex 0 113 16
    endloop
  endfacet
  facet normal 0 0 1
    outer loop
      vertex 1.24549 69.8111 16
      vertex 0.505591 69.3333 16
      vertex 0.87868 68.8787 16
    endloop
  endfacet
  facet normal 0 0 1
    outer loop
      vertex 1.05605 70.1655 16
      vertex 0.228362 69.852 16
      vertex 0.505591 69.3333 16
    endloop
  endfacet
  facet normal 0 0 1
    outer loop
      vertex 0.93939 70.5501 16
      vertex 0.0576448 70.4147 16
      vertex 0.228362 69.852 16
    endloop
  endfacet
  facet normal 0.88169 -0.471829 0
    outer loop
      vertex 1.05605 113.835 16
      vertex 1.24549 114.189 11.5
      vertex 1.24549 114.189 16
    endloop
  endfacet
  facet normal 0.88169 -0.471829 0
    outer loop
      vertex 1.24549 114.189 11.5
      vertex 1.05605 113.835 16
      vertex 1.05605 113.835 11.5
    endloop
  endfacet
  facet normal 0 -1 0
    outer loop
      vertex 2.95 115.1 11.5
      vertex 65.05 115.1 16
      vertex 2.95 115.1 16
    endloop
  endfacet
  facet normal 0 -1 -0
    outer loop
      vertex 65.05 115.1 16
      vertex 2.95 115.1 11.5
      vertex 65.05 115.1 11.5
    endloop
  endfacet
  facet normal 0.773365 -0.633961 0
    outer loop
      vertex 1.24549 114.189 16
      vertex 1.50043 114.5 11.5
      vertex 1.50043 114.5 16
    endloop
  endfacet
  facet normal 0.773365 -0.633961 0
    outer loop
      vertex 1.50043 114.5 11.5
      vertex 1.24549 114.189 16
      vertex 1.24549 114.189 11.5
    endloop
  endfacet
  facet normal 0.956945 0.290268 0
    outer loop
      vertex 1.05605 70.1655 16
      vertex 0.93939 70.5501 11.5
      vertex 0.93939 70.5501 16
    endloop
  endfacet
  facet normal 0.956945 0.290268 0
    outer loop
      vertex 0.93939 70.5501 11.5
      vertex 1.05605 70.1655 16
      vertex 1.05605 70.1655 11.5
    endloop
  endfacet
  facet normal -0.88185 0.471531 0
    outer loop
      vertex 66.7545 69.8111 11.5
      vertex 66.944 70.1655 16
      vertex 66.944 70.1655 11.5
    endloop
  endfacet
  facet normal -0.88185 0.471531 0
    outer loop
      vertex 66.944 70.1655 16
      vertex 66.7545 69.8111 11.5
      vertex 66.7545 69.8111 16
    endloop
  endfacet
  facet normal -0.995184 -0.0980256 0
    outer loop
      vertex 67.1 113.05 11.5
      vertex 67.0606 113.45 16
      vertex 67.0606 113.45 11.5
    endloop
  endfacet
  facet normal -0.995184 -0.0980256 0
    outer loop
      vertex 67.0606 113.45 16
      vertex 67.1 113.05 11.5
      vertex 67.1 113.05 16
    endloop
  endfacet
  facet normal 1 -0 0
    outer loop
      vertex 0.900001 70.95 16
      vertex 0.900001 113.05 11.5
      vertex 0.900001 113.05 16
    endloop
  endfacet
  facet normal 1 0 0
    outer loop
      vertex 0.900001 113.05 11.5
      vertex 0.900001 70.95 16
      vertex 0.900001 70.95 11.5
    endloop
  endfacet
  facet normal 0 1 -0
    outer loop
      vertex 65.05 68.9 11.5
      vertex 2.95 68.9 16
      vertex 65.05 68.9 16
    endloop
  endfacet
  facet normal 0 1 0
    outer loop
      vertex 2.95 68.9 16
      vertex 65.05 68.9 11.5
      vertex 2.95 68.9 11.5
    endloop
  endfacet
  facet normal -0.291043 -0.95671 0
    outer loop
      vertex 65.4499 115.061 11.5
      vertex 65.8345 114.944 16
      vertex 65.4499 115.061 16
    endloop
  endfacet
  facet normal -0.291043 -0.95671 -0
    outer loop
      vertex 65.8345 114.944 16
      vertex 65.4499 115.061 11.5
      vertex 65.8345 114.944 11.5
    endloop
  endfacet
  facet normal -0.471531 0.88185 0
    outer loop
      vertex 66.1889 69.2455 11.5
      vertex 65.8345 69.056 16
      vertex 66.1889 69.2455 16
    endloop
  endfacet
  facet normal -0.471531 0.88185 0
    outer loop
      vertex 65.8345 69.056 16
      vertex 66.1889 69.2455 11.5
      vertex 65.8345 69.056 11.5
    endloop
  endfacet
  facet normal 0.995184 0.0980228 0
    outer loop
      vertex 0.93939 70.5501 16
      vertex 0.900001 70.95 11.5
      vertex 0.900001 70.95 16
    endloop
  endfacet
  facet normal 0.995184 0.0980228 0
    outer loop
      vertex 0.900001 70.95 11.5
      vertex 0.93939 70.5501 16
      vertex 0.93939 70.5501 11.5
    endloop
  endfacet
  facet normal -1 0 0
    outer loop
      vertex 67.1 70.95 11.5
      vertex 67.1 113.05 16
      vertex 67.1 113.05 11.5
    endloop
  endfacet
  facet normal -1 -0 0
    outer loop
      vertex 67.1 113.05 16
      vertex 67.1 70.95 11.5
      vertex 67.1 70.95 16
    endloop
  endfacet
  facet normal -0.634267 0.773114 0
    outer loop
      vertex 66.4996 69.5004 11.5
      vertex 66.1889 69.2455 16
      vertex 66.4996 69.5004 16
    endloop
  endfacet
  facet normal -0.634267 0.773114 0
    outer loop
      vertex 66.1889 69.2455 16
      vertex 66.4996 69.5004 11.5
      vertex 66.1889 69.2455 11.5
    endloop
  endfacet
  facet normal -0.0970639 -0.995278 0
    outer loop
      vertex 65.05 115.1 11.5
      vertex 65.4499 115.061 16
      vertex 65.05 115.1 16
    endloop
  endfacet
  facet normal -0.0970639 -0.995278 -0
    outer loop
      vertex 65.4499 115.061 16
      vertex 65.05 115.1 11.5
      vertex 65.4499 115.061 11.5
    endloop
  endfacet
  facet normal -0.773114 0.634267 0
    outer loop
      vertex 66.4996 69.5004 11.5
      vertex 66.7545 69.8111 16
      vertex 66.7545 69.8111 11.5
    endloop
  endfacet
  facet normal -0.773114 0.634267 0
    outer loop
      vertex 66.7545 69.8111 16
      vertex 66.4996 69.5004 11.5
      vertex 66.4996 69.5004 16
    endloop
  endfacet
  facet normal 0.957029 -0.289992 0
    outer loop
      vertex 0.93939 113.45 16
      vertex 1.05605 113.835 11.5
      vertex 1.05605 113.835 16
    endloop
  endfacet
  facet normal 0.957029 -0.289992 0
    outer loop
      vertex 1.05605 113.835 11.5
      vertex 0.93939 113.45 16
      vertex 0.93939 113.45 11.5
    endloop
  endfacet
  facet normal -0.290132 0.956987 0
    outer loop
      vertex 65.8345 69.056 11.5
      vertex 65.4499 68.9394 16
      vertex 65.8345 69.056 16
    endloop
  endfacet
  facet normal -0.290132 0.956987 0
    outer loop
      vertex 65.4499 68.9394 16
      vertex 65.8345 69.056 11.5
      vertex 65.4499 68.9394 11.5
    endloop
  endfacet
  facet normal -0.956987 0.290132 0
    outer loop
      vertex 66.944 70.1655 11.5
      vertex 67.0606 70.5501 16
      vertex 67.0606 70.5501 11.5
    endloop
  endfacet
  facet normal -0.956987 0.290132 0
    outer loop
      vertex 67.0606 70.5501 16
      vertex 66.944 70.1655 11.5
      vertex 66.944 70.1655 16
    endloop
  endfacet
  facet normal 0.773065 0.634327 0
    outer loop
      vertex 1.50043 69.5004 16
      vertex 1.24549 69.8111 11.5
      vertex 1.24549 69.8111 16
    endloop
  endfacet
  facet normal 0.773065 0.634327 0
    outer loop
      vertex 1.24549 69.8111 11.5
      vertex 1.50043 69.5004 16
      vertex 1.50043 69.5004 11.5
    endloop
  endfacet
  facet normal -0.0980499 0.995182 0
    outer loop
      vertex 65.4499 68.9394 11.5
      vertex 65.05 68.9 16
      vertex 65.4499 68.9394 16
    endloop
  endfacet
  facet normal -0.0980499 0.995182 0
    outer loop
      vertex 65.05 68.9 16
      vertex 65.4499 68.9394 11.5
      vertex 65.05 68.9 11.5
    endloop
  endfacet
  facet normal 0.995187 -0.0979985 0
    outer loop
      vertex 0.900001 113.05 16
      vertex 0.93939 113.45 11.5
      vertex 0.93939 113.45 16
    endloop
  endfacet
  facet normal 0.995187 -0.0979985 0
    outer loop
      vertex 0.93939 113.45 11.5
      vertex 0.900001 113.05 16
      vertex 0.900001 113.05 11.5
    endloop
  endfacet
  facet normal 0.0980426 0.995182 -0
    outer loop
      vertex 2.95 68.9 11.5
      vertex 2.55007 68.9394 16
      vertex 2.95 68.9 16
    endloop
  endfacet
  facet normal 0.0980426 0.995182 0
    outer loop
      vertex 2.55007 68.9394 16
      vertex 2.95 68.9 11.5
      vertex 2.55007 68.9394 11.5
    endloop
  endfacet
  facet normal 0.634328 0.773064 -0
    outer loop
      vertex 1.81108 69.2455 11.5
      vertex 1.50043 69.5004 16
      vertex 1.81108 69.2455 16
    endloop
  endfacet
  facet normal 0.634328 0.773064 0
    outer loop
      vertex 1.50043 69.5004 16
      vertex 1.81108 69.2455 11.5
      vertex 1.50043 69.5004 11.5
    endloop
  endfacet
  facet normal -0.95707 -0.289856 0
    outer loop
      vertex 67.0606 113.45 11.5
      vertex 66.944 113.835 16
      vertex 66.944 113.835 11.5
    endloop
  endfacet
  facet normal -0.95707 -0.289856 0
    outer loop
      vertex 66.944 113.835 16
      vertex 67.0606 113.45 11.5
      vertex 67.0606 113.45 16
    endloop
  endfacet
  facet normal 0.0970567 -0.995279 0
    outer loop
      vertex 2.55007 115.061 11.5
      vertex 2.95 115.1 16
      vertex 2.55007 115.061 16
    endloop
  endfacet
  facet normal 0.0970567 -0.995279 0
    outer loop
      vertex 2.95 115.1 16
      vertex 2.55007 115.061 11.5
      vertex 2.95 115.1 11.5
    endloop
  endfacet
  facet normal -0.634416 -0.772992 0
    outer loop
      vertex 66.1889 114.755 11.5
      vertex 66.4996 114.5 16
      vertex 66.1889 114.755 16
    endloop
  endfacet
  facet normal -0.634416 -0.772992 -0
    outer loop
      vertex 66.4996 114.5 16
      vertex 66.1889 114.755 11.5
      vertex 66.4996 114.5 11.5
    endloop
  endfacet
  facet normal 0.634477 -0.772942 0
    outer loop
      vertex 1.50043 114.5 11.5
      vertex 1.81108 114.755 16
      vertex 1.50043 114.5 16
    endloop
  endfacet
  facet normal 0.634477 -0.772942 0
    outer loop
      vertex 1.81108 114.755 16
      vertex 1.50043 114.5 11.5
      vertex 1.81108 114.755 11.5
    endloop
  endfacet
  facet normal 0.47151 0.881861 -0
    outer loop
      vertex 2.1655 69.056 11.5
      vertex 1.81108 69.2455 16
      vertex 2.1655 69.056 16
    endloop
  endfacet
  facet normal 0.47151 0.881861 0
    outer loop
      vertex 1.81108 69.2455 16
      vertex 2.1655 69.056 11.5
      vertex 1.81108 69.2455 11.5
    endloop
  endfacet
  facet normal -0.881628 -0.471945 0
    outer loop
      vertex 66.944 113.835 11.5
      vertex 66.7545 114.189 16
      vertex 66.7545 114.189 11.5
    endloop
  endfacet
  facet normal -0.881628 -0.471945 0
    outer loop
      vertex 66.7545 114.189 16
      vertex 66.944 113.835 11.5
      vertex 66.944 113.835 16
    endloop
  endfacet
  facet normal -0.995182 0.0980499 0
    outer loop
      vertex 67.0606 70.5501 11.5
      vertex 67.1 70.95 16
      vertex 67.1 70.95 11.5
    endloop
  endfacet
  facet normal -0.995182 0.0980499 0
    outer loop
      vertex 67.1 70.95 16
      vertex 67.0606 70.5501 11.5
      vertex 67.0606 70.5501 16
    endloop
  endfacet
  facet normal 0.291064 -0.956704 0
    outer loop
      vertex 2.1655 114.944 11.5
      vertex 2.55007 115.061 16
      vertex 2.1655 114.944 16
    endloop
  endfacet
  facet normal 0.291064 -0.956704 0
    outer loop
      vertex 2.55007 115.061 16
      vertex 2.1655 114.944 11.5
      vertex 2.55007 115.061 11.5
    endloop
  endfacet
  facet normal 0.290152 0.95698 -0
    outer loop
      vertex 2.55007 68.9394 11.5
      vertex 2.1655 69.056 16
      vertex 2.55007 68.9394 16
    endloop
  endfacet
  facet normal 0.290152 0.95698 0
    outer loop
      vertex 2.1655 69.056 16
      vertex 2.55007 68.9394 11.5
      vertex 2.1655 69.056 11.5
    endloop
  endfacet
  facet normal -0.470562 -0.882367 0
    outer loop
      vertex 65.8345 114.944 11.5
      vertex 66.1889 114.755 16
      vertex 65.8345 114.944 16
    endloop
  endfacet
  facet normal -0.470562 -0.882367 -0
    outer loop
      vertex 66.1889 114.755 16
      vertex 65.8345 114.944 11.5
      vertex 66.1889 114.755 11.5
    endloop
  endfacet
  facet normal -0 0 1
    outer loop
      vertex 65.9808 113.195 11.5
      vertex 67.1 113.05 11.5
      vertex 67.0606 113.45 11.5
    endloop
  endfacet
  facet normal 0 0 1
    outer loop
      vertex 67.1 113.05 11.5
      vertex 66 113 11.5
      vertex 67.1 70.95 11.5
    endloop
  endfacet
  facet normal 0 0 1
    outer loop
      vertex 65.9239 113.383 11.5
      vertex 67.0606 113.45 11.5
      vertex 66.944 113.835 11.5
    endloop
  endfacet
  facet normal -0 0 1
    outer loop
      vertex 66 71 11.5
      vertex 67.1 70.95 11.5
      vertex 66 113 11.5
    endloop
  endfacet
  facet normal 0 0 1
    outer loop
      vertex 65.8315 113.556 11.5
      vertex 66.944 113.835 11.5
      vertex 66.7545 114.189 11.5
    endloop
  endfacet
  facet normal 0 0 1
    outer loop
      vertex 65.9808 70.8049 11.5
      vertex 67.1 70.95 11.5
      vertex 66 71 11.5
    endloop
  endfacet
  facet normal 0 0 1
    outer loop
      vertex 65.7071 113.707 11.5
      vertex 66.7545 114.189 11.5
      vertex 66.4996 114.5 11.5
    endloop
  endfacet
  facet normal 0 0 1
    outer loop
      vertex 67.1 70.95 11.5
      vertex 65.9808 70.8049 11.5
      vertex 67.0606 70.5501 11.5
    endloop
  endfacet
  facet normal 0 0 1
    outer loop
      vertex 65.7071 113.707 11.5
      vertex 66.4996 114.5 11.5
      vertex 66.1889 114.755 11.5
    endloop
  endfacet
  facet normal -0 0 1
    outer loop
      vertex 65.9239 70.6173 11.5
      vertex 67.0606 70.5501 11.5
      vertex 65.9808 70.8049 11.5
    endloop
  endfacet
  facet normal 0 0 1
    outer loop
      vertex 67.0606 70.5501 11.5
      vertex 65.9239 70.6173 11.5
      vertex 66.944 70.1655 11.5
    endloop
  endfacet
  facet normal 0 0 1
    outer loop
      vertex 67.1 113.05 11.5
      vertex 65.9808 113.195 11.5
      vertex 66 113 11.5
    endloop
  endfacet
  facet normal 0 0 1
    outer loop
      vertex 67.0606 113.45 11.5
      vertex 65.9239 113.383 11.5
      vertex 65.9808 113.195 11.5
    endloop
  endfacet
  facet normal 0 0 1
    outer loop
      vertex 65.5556 113.831 11.5
      vertex 66.1889 114.755 11.5
      vertex 65.8345 114.944 11.5
    endloop
  endfacet
  facet normal 0 0 1
    outer loop
      vertex 66.944 113.835 11.5
      vertex 65.8315 113.556 11.5
      vertex 65.9239 113.383 11.5
    endloop
  endfacet
  facet normal 0 0 1
    outer loop
      vertex 66.7545 114.189 11.5
      vertex 65.7071 113.707 11.5
      vertex 65.8315 113.556 11.5
    endloop
  endfacet
  facet normal 0 0 1
    outer loop
      vertex 66.1889 114.755 11.5
      vertex 65.5556 113.831 11.5
      vertex 65.7071 113.707 11.5
    endloop
  endfacet
  facet normal 0 0 1
    outer loop
      vertex 65.3827 113.924 11.5
      vertex 65.8345 114.944 11.5
      vertex 65.4499 115.061 11.5
    endloop
  endfacet
  facet normal 0 0 1
    outer loop
      vertex 65.8345 114.944 11.5
      vertex 65.3827 113.924 11.5
      vertex 65.5556 113.831 11.5
    endloop
  endfacet
  facet normal 0 0 1
    outer loop
      vertex 65.4499 115.061 11.5
      vertex 65.1951 113.981 11.5
      vertex 65.3827 113.924 11.5
    endloop
  endfacet
  facet normal 0 0 1
    outer loop
      vertex 65.05 115.1 11.5
      vertex 65.1951 113.981 11.5
      vertex 65.4499 115.061 11.5
    endloop
  endfacet
  facet normal 0 0 1
    outer loop
      vertex 65.05 115.1 11.5
      vertex 65 114 11.5
      vertex 65.1951 113.981 11.5
    endloop
  endfacet
  facet normal 0 0 1
    outer loop
      vertex 65.05 115.1 11.5
      vertex 3 114 11.5
      vertex 65 114 11.5
    endloop
  endfacet
  facet normal -0 0 1
    outer loop
      vertex 2.95 115.1 11.5
      vertex 3 114 11.5
      vertex 65.05 115.1 11.5
    endloop
  endfacet
  facet normal 0 0 1
    outer loop
      vertex 2.95 115.1 11.5
      vertex 2.80491 113.981 11.5
      vertex 3 114 11.5
    endloop
  endfacet
  facet normal -0 0 1
    outer loop
      vertex 2.55007 115.061 11.5
      vertex 2.80491 113.981 11.5
      vertex 2.95 115.1 11.5
    endloop
  endfacet
  facet normal 0 0 1
    outer loop
      vertex 2.80491 113.981 11.5
      vertex 2.55007 115.061 11.5
      vertex 2.61732 113.924 11.5
    endloop
  endfacet
  facet normal -0 0 1
    outer loop
      vertex 2.1655 114.944 11.5
      vertex 2.61732 113.924 11.5
      vertex 2.55007 115.061 11.5
    endloop
  endfacet
  facet normal 0 0 1
    outer loop
      vertex 2.61732 113.924 11.5
      vertex 2.1655 114.944 11.5
      vertex 2.44443 113.831 11.5
    endloop
  endfacet
  facet normal -0 0 1
    outer loop
      vertex 1.81108 114.755 11.5
      vertex 2.44443 113.831 11.5
      vertex 2.1655 114.944 11.5
    endloop
  endfacet
  facet normal 0 0 1
    outer loop
      vertex 2.44443 113.831 11.5
      vertex 1.81108 114.755 11.5
      vertex 2.29289 113.707 11.5
    endloop
  endfacet
  facet normal -0 0 1
    outer loop
      vertex 1.50043 114.5 11.5
      vertex 2.29289 113.707 11.5
      vertex 1.81108 114.755 11.5
    endloop
  endfacet
  facet normal -0 0 1
    outer loop
      vertex 1.24549 114.189 11.5
      vertex 2.29289 113.707 11.5
      vertex 1.50043 114.5 11.5
    endloop
  endfacet
  facet normal 0 0 1
    outer loop
      vertex 2.29289 113.707 11.5
      vertex 1.24549 114.189 11.5
      vertex 2.16853 113.556 11.5
    endloop
  endfacet
  facet normal 0 0 1
    outer loop
      vertex 2.16853 113.556 11.5
      vertex 1.05605 113.835 11.5
      vertex 2.07612 113.383 11.5
    endloop
  endfacet
  facet normal -0 0 1
    outer loop
      vertex 1.05605 113.835 11.5
      vertex 2.16853 113.556 11.5
      vertex 1.24549 114.189 11.5
    endloop
  endfacet
  facet normal -0 0 1
    outer loop
      vertex 65.8315 70.4444 11.5
      vertex 66.944 70.1655 11.5
      vertex 65.9239 70.6173 11.5
    endloop
  endfacet
  facet normal 0 0 1
    outer loop
      vertex 66.944 70.1655 11.5
      vertex 65.8315 70.4444 11.5
      vertex 66.7545 69.8111 11.5
    endloop
  endfacet
  facet normal -0 0 1
    outer loop
      vertex 65.7071 70.2929 11.5
      vertex 66.7545 69.8111 11.5
      vertex 65.8315 70.4444 11.5
    endloop
  endfacet
  facet normal 0 0 1
    outer loop
      vertex 66.7545 69.8111 11.5
      vertex 65.7071 70.2929 11.5
      vertex 66.4996 69.5004 11.5
    endloop
  endfacet
  facet normal 0 0 1
    outer loop
      vertex 66.4996 69.5004 11.5
      vertex 65.7071 70.2929 11.5
      vertex 66.1889 69.2455 11.5
    endloop
  endfacet
  facet normal -0 0 1
    outer loop
      vertex 65.5556 70.1685 11.5
      vertex 66.1889 69.2455 11.5
      vertex 65.7071 70.2929 11.5
    endloop
  endfacet
  facet normal 0 0 1
    outer loop
      vertex 66.1889 69.2455 11.5
      vertex 65.5556 70.1685 11.5
      vertex 65.8345 69.056 11.5
    endloop
  endfacet
  facet normal -0 0 1
    outer loop
      vertex 65.3827 70.0761 11.5
      vertex 65.8345 69.056 11.5
      vertex 65.5556 70.1685 11.5
    endloop
  endfacet
  facet normal 0 0 1
    outer loop
      vertex 65.8345 69.056 11.5
      vertex 65.3827 70.0761 11.5
      vertex 65.4499 68.9394 11.5
    endloop
  endfacet
  facet normal -0 0 1
    outer loop
      vertex 65.1951 70.0192 11.5
      vertex 65.4499 68.9394 11.5
      vertex 65.3827 70.0761 11.5
    endloop
  endfacet
  facet normal 0 0 1
    outer loop
      vertex 65.1951 70.0192 11.5
      vertex 65.05 68.9 11.5
      vertex 65.4499 68.9394 11.5
    endloop
  endfacet
  facet normal -0 0 1
    outer loop
      vertex 65 70 11.5
      vertex 65.05 68.9 11.5
      vertex 65.1951 70.0192 11.5
    endloop
  endfacet
  facet normal -0 0 1
    outer loop
      vertex 3 70 11.5
      vertex 65.05 68.9 11.5
      vertex 65 70 11.5
    endloop
  endfacet
  facet normal 0 0 1
    outer loop
      vertex 3 70 11.5
      vertex 2.95 68.9 11.5
      vertex 65.05 68.9 11.5
    endloop
  endfacet
  facet normal 0 0 1
    outer loop
      vertex 2.80491 70.0192 11.5
      vertex 2.95 68.9 11.5
      vertex 3 70 11.5
    endloop
  endfacet
  facet normal 0 0 1
    outer loop
      vertex 2.55007 68.9394 11.5
      vertex 2.80491 70.0192 11.5
      vertex 2.61732 70.0761 11.5
    endloop
  endfacet
  facet normal 0 0 1
    outer loop
      vertex 2.80491 70.0192 11.5
      vertex 2.55007 68.9394 11.5
      vertex 2.95 68.9 11.5
    endloop
  endfacet
  facet normal 0 0 1
    outer loop
      vertex 2.1655 69.056 11.5
      vertex 2.61732 70.0761 11.5
      vertex 2.44443 70.1685 11.5
    endloop
  endfacet
  facet normal 0 0 1
    outer loop
      vertex 1.81108 69.2455 11.5
      vertex 2.44443 70.1685 11.5
      vertex 2.29289 70.2929 11.5
    endloop
  endfacet
  facet normal 0 0 1
    outer loop
      vertex 1.24549 69.8111 11.5
      vertex 2.29289 70.2929 11.5
      vertex 2.16853 70.4444 11.5
    endloop
  endfacet
  facet normal 0 0 1
    outer loop
      vertex 2.61732 70.0761 11.5
      vertex 2.1655 69.056 11.5
      vertex 2.55007 68.9394 11.5
    endloop
  endfacet
  facet normal 0 0 1
    outer loop
      vertex 1.05605 70.1655 11.5
      vertex 2.16853 70.4444 11.5
      vertex 2.07612 70.6173 11.5
    endloop
  endfacet
  facet normal 0 0 1
    outer loop
      vertex 0.93939 70.5501 11.5
      vertex 2.07612 70.6173 11.5
      vertex 2.01922 70.8049 11.5
    endloop
  endfacet
  facet normal -0 0 1
    outer loop
      vertex 0.900001 70.95 11.5
      vertex 2.01922 70.8049 11.5
      vertex 2 71 11.5
    endloop
  endfacet
  facet normal 0 0 1
    outer loop
      vertex 2.44443 70.1685 11.5
      vertex 1.81108 69.2455 11.5
      vertex 2.1655 69.056 11.5
    endloop
  endfacet
  facet normal 0 0 1
    outer loop
      vertex 2 113 11.5
      vertex 0.900001 113.05 11.5
      vertex 2 71 11.5
    endloop
  endfacet
  facet normal -0 0 1
    outer loop
      vertex 0.93939 113.45 11.5
      vertex 2.07612 113.383 11.5
      vertex 1.05605 113.835 11.5
    endloop
  endfacet
  facet normal 0 0 1
    outer loop
      vertex 0.900001 70.95 11.5
      vertex 2 71 11.5
      vertex 0.900001 113.05 11.5
    endloop
  endfacet
  facet normal 0 0 1
    outer loop
      vertex 2.07612 113.383 11.5
      vertex 0.93939 113.45 11.5
      vertex 2.01922 113.195 11.5
    endloop
  endfacet
  facet normal 0 0 1
    outer loop
      vertex 2.01922 70.8049 11.5
      vertex 0.900001 70.95 11.5
      vertex 0.93939 70.5501 11.5
    endloop
  endfacet
  facet normal 0 0 1
    outer loop
      vertex 0.900001 113.05 11.5
      vertex 2.01922 113.195 11.5
      vertex 0.93939 113.45 11.5
    endloop
  endfacet
  facet normal 0 0 1
    outer loop
      vertex 2.29289 70.2929 11.5
      vertex 1.50043 69.5004 11.5
      vertex 1.81108 69.2455 11.5
    endloop
  endfacet
  facet normal 0 0 1
    outer loop
      vertex 2.01922 113.195 11.5
      vertex 0.900001 113.05 11.5
      vertex 2 113 11.5
    endloop
  endfacet
  facet normal 0 0 1
    outer loop
      vertex 2.29289 70.2929 11.5
      vertex 1.24549 69.8111 11.5
      vertex 1.50043 69.5004 11.5
    endloop
  endfacet
  facet normal 0 0 1
    outer loop
      vertex 2.16853 70.4444 11.5
      vertex 1.05605 70.1655 11.5
      vertex 1.24549 69.8111 11.5
    endloop
  endfacet
  facet normal 0 0 1
    outer loop
      vertex 2.07612 70.6173 11.5
      vertex 0.93939 70.5501 11.5
      vertex 1.05605 70.1655 11.5
    endloop
  endfacet
  facet normal -0.773414 -0.633901 0
    outer loop
      vertex 66.7545 114.189 11.5
      vertex 66.4996 114.5 16
      vertex 66.4996 114.5 11.5
    endloop
  endfacet
  facet normal -0.773414 -0.633901 0
    outer loop
      vertex 66.4996 114.5 16
      vertex 66.7545 114.189 11.5
      vertex 66.7545 114.189 16
    endloop
  endfacet
  facet normal 0.881912 0.471415 0
    outer loop
      vertex 1.24549 69.8111 16
      vertex 1.05605 70.1655 11.5
      vertex 1.05605 70.1655 16
    endloop
  endfacet
  facet normal 0.881912 0.471415 0
    outer loop
      vertex 1.05605 70.1655 11.5
      vertex 1.24549 69.8111 16
      vertex 1.24549 69.8111 11.5
    endloop
  endfacet
  facet normal 0.470542 -0.882378 0
    outer loop
      vertex 1.81108 114.755 11.5
      vertex 2.1655 114.944 16
      vertex 1.81108 114.755 16
    endloop
  endfacet
  facet normal 0.470542 -0.882378 0
    outer loop
      vertex 2.1655 114.944 16
      vertex 1.81108 114.755 11.5
      vertex 2.1655 114.944 11.5
    endloop
  endfacet
  facet normal -0.471329 -0.881957 0
    outer loop
      vertex 12.3333 99.5056 3
      vertex 12.852 99.2284 17.9
      vertex 12.3333 99.5056 17.9
    endloop
  endfacet
  facet normal -0.471329 -0.881957 -0
    outer loop
      vertex 12.852 99.2284 17.9
      vertex 12.3333 99.5056 3
      vertex 12.852 99.2284 3
    endloop
  endfacet
  facet normal 0.471329 -0.881957 0
    outer loop
      vertex 15.148 99.2284 3
      vertex 15.6667 99.5056 17.9
      vertex 15.148 99.2284 17.9
    endloop
  endfacet
  facet normal 0.471329 -0.881957 0
    outer loop
      vertex 15.6667 99.5056 17.9
      vertex 15.148 99.2284 3
      vertex 15.6667 99.5056 3
    endloop
  endfacet
  facet normal 0.956933 -0.290309 0
    outer loop
      vertex 16.7716 100.852 17.9
      vertex 16.9424 101.415 3
      vertex 16.9424 101.415 17.9
    endloop
  endfacet
  facet normal 0.956933 -0.290309 0
    outer loop
      vertex 16.9424 101.415 3
      vertex 16.7716 100.852 17.9
      vertex 16.7716 100.852 3
    endloop
  endfacet
  facet normal 0.995188 -0.0979877 0
    outer loop
      vertex 16.9424 101.415 17.9
      vertex 17 102 3
      vertex 17 102 17.9
    endloop
  endfacet
  facet normal 0.995188 -0.0979877 0
    outer loop
      vertex 17 102 3
      vertex 16.9424 101.415 17.9
      vertex 16.9424 101.415 3
    endloop
  endfacet
  facet normal 0.882071 -0.471117 0
    outer loop
      vertex 16.4944 100.333 17.9
      vertex 16.7716 100.852 3
      vertex 16.7716 100.852 17.9
    endloop
  endfacet
  facet normal 0.882071 -0.471117 0
    outer loop
      vertex 16.7716 100.852 3
      vertex 16.4944 100.333 17.9
      vertex 16.4944 100.333 3
    endloop
  endfacet
  facet normal 0.097938 -0.995193 0
    outer loop
      vertex 14 99 3
      vertex 14.5853 99.0576 17.9
      vertex 14 99 17.9
    endloop
  endfacet
  facet normal 0.097938 -0.995193 0
    outer loop
      vertex 14.5853 99.0576 17.9
      vertex 14 99 3
      vertex 14.5853 99.0576 3
    endloop
  endfacet
  facet normal 0.0986115 0.995126 -0
    outer loop
      vertex 14.5853 104.942 3
      vertex 14 105 17.9
      vertex 14.5853 104.942 17.9
    endloop
  endfacet
  facet normal 0.0986115 0.995126 0
    outer loop
      vertex 14 105 17.9
      vertex 14.5853 104.942 3
      vertex 14 105 3
    endloop
  endfacet
  facet normal 0.290451 -0.95689 0
    outer loop
      vertex 14.5853 99.0576 3
      vertex 15.148 99.2284 17.9
      vertex 14.5853 99.0576 17.9
    endloop
  endfacet
  facet normal 0.290451 -0.95689 0
    outer loop
      vertex 15.148 99.2284 17.9
      vertex 14.5853 99.0576 3
      vertex 15.148 99.2284 3
    endloop
  endfacet
  facet normal 0.634413 -0.772994 0
    outer loop
      vertex 15.6667 99.5056 3
      vertex 16.1213 99.8787 17.9
      vertex 15.6667 99.5056 17.9
    endloop
  endfacet
  facet normal 0.634413 -0.772994 0
    outer loop
      vertex 16.1213 99.8787 17.9
      vertex 15.6667 99.5056 3
      vertex 16.1213 99.8787 3
    endloop
  endfacet
  facet normal 0.772583 0.634914 0
    outer loop
      vertex 16.4944 103.667 17.9
      vertex 16.1213 104.121 3
      vertex 16.1213 104.121 17.9
    endloop
  endfacet
  facet normal 0.772583 0.634914 0
    outer loop
      vertex 16.1213 104.121 3
      vertex 16.4944 103.667 17.9
      vertex 16.4944 103.667 3
    endloop
  endfacet
  facet normal -0.634413 -0.772994 0
    outer loop
      vertex 11.8787 99.8787 3
      vertex 12.3333 99.5056 17.9
      vertex 11.8787 99.8787 17.9
    endloop
  endfacet
  facet normal -0.634413 -0.772994 -0
    outer loop
      vertex 12.3333 99.5056 17.9
      vertex 11.8787 99.8787 3
      vertex 12.3333 99.5056 3
    endloop
  endfacet
  facet normal 0.472386 0.881392 -0
    outer loop
      vertex 15.6667 104.494 3
      vertex 15.148 104.772 17.9
      vertex 15.6667 104.494 17.9
    endloop
  endfacet
  facet normal 0.472386 0.881392 0
    outer loop
      vertex 15.148 104.772 17.9
      vertex 15.6667 104.494 3
      vertex 15.148 104.772 3
    endloop
  endfacet
  facet normal -0.882071 0.471117 0
    outer loop
      vertex 11.2284 103.148 3
      vertex 11.5056 103.667 17.9
      vertex 11.5056 103.667 3
    endloop
  endfacet
  facet normal -0.882071 0.471117 0
    outer loop
      vertex 11.5056 103.667 17.9
      vertex 11.2284 103.148 3
      vertex 11.2284 103.148 17.9
    endloop
  endfacet
  facet normal 0.995188 0.0979877 0
    outer loop
      vertex 17 102 17.9
      vertex 16.9424 102.585 3
      vertex 16.9424 102.585 17.9
    endloop
  endfacet
  facet normal 0.995188 0.0979877 0
    outer loop
      vertex 16.9424 102.585 3
      vertex 17 102 17.9
      vertex 17 102 3
    endloop
  endfacet
  facet normal -0.290451 -0.95689 0
    outer loop
      vertex 12.852 99.2284 3
      vertex 13.4147 99.0576 17.9
      vertex 12.852 99.2284 17.9
    endloop
  endfacet
  facet normal -0.290451 -0.95689 -0
    outer loop
      vertex 13.4147 99.0576 17.9
      vertex 12.852 99.2284 3
      vertex 13.4147 99.0576 3
    endloop
  endfacet
  facet normal -0.0986115 0.995126 0
    outer loop
      vertex 14 105 3
      vertex 13.4147 104.942 17.9
      vertex 14 105 17.9
    endloop
  endfacet
  facet normal -0.0986115 0.995126 0
    outer loop
      vertex 13.4147 104.942 17.9
      vertex 14 105 3
      vertex 13.4147 104.942 3
    endloop
  endfacet
  facet normal 0 0 1
    outer loop
      vertex 15.4 102 17.9
      vertex 17 102 17.9
      vertex 16.9424 102.585 17.9
    endloop
  endfacet
  facet normal 0 0 1
    outer loop
      vertex 15.3731 102.273 17.9
      vertex 16.9424 102.585 17.9
      vertex 16.7716 103.148 17.9
    endloop
  endfacet
  facet normal 0 0 1
    outer loop
      vertex 17 102 17.9
      vertex 15.4 102 17.9
      vertex 16.9424 101.415 17.9
    endloop
  endfacet
  facet normal 0 0 1
    outer loop
      vertex 15.2934 102.536 17.9
      vertex 16.7716 103.148 17.9
      vertex 16.4944 103.667 17.9
    endloop
  endfacet
  facet normal -0 0 1
    outer loop
      vertex 15.3731 101.727 17.9
      vertex 16.9424 101.415 17.9
      vertex 15.4 102 17.9
    endloop
  endfacet
  facet normal 0 0 1
    outer loop
      vertex 15.1641 102.778 17.9
      vertex 16.4944 103.667 17.9
      vertex 16.1213 104.121 17.9
    endloop
  endfacet
  facet normal 0 0 1
    outer loop
      vertex 16.9424 101.415 17.9
      vertex 15.3731 101.727 17.9
      vertex 16.7716 100.852 17.9
    endloop
  endfacet
  facet normal 0 0 1
    outer loop
      vertex 14.9899 102.99 17.9
      vertex 16.1213 104.121 17.9
      vertex 15.6667 104.494 17.9
    endloop
  endfacet
  facet normal -0 0 1
    outer loop
      vertex 15.2934 101.464 17.9
      vertex 16.7716 100.852 17.9
      vertex 15.3731 101.727 17.9
    endloop
  endfacet
  facet normal 0 0 1
    outer loop
      vertex 16.7716 100.852 17.9
      vertex 15.2934 101.464 17.9
      vertex 16.4944 100.333 17.9
    endloop
  endfacet
  facet normal 0 0 1
    outer loop
      vertex 16.9424 102.585 17.9
      vertex 15.3731 102.273 17.9
      vertex 15.4 102 17.9
    endloop
  endfacet
  facet normal 0 0 1
    outer loop
      vertex 16.7716 103.148 17.9
      vertex 15.2934 102.536 17.9
      vertex 15.3731 102.273 17.9
    endloop
  endfacet
  facet normal 0 0 1
    outer loop
      vertex 16.4944 103.667 17.9
      vertex 15.1641 102.778 17.9
      vertex 15.2934 102.536 17.9
    endloop
  endfacet
  facet normal 0 0 1
    outer loop
      vertex 14.7778 103.164 17.9
      vertex 15.6667 104.494 17.9
      vertex 15.148 104.772 17.9
    endloop
  endfacet
  facet normal 0 0 1
    outer loop
      vertex 16.1213 104.121 17.9
      vertex 14.9899 102.99 17.9
      vertex 15.1641 102.778 17.9
    endloop
  endfacet
  facet normal 0 0 1
    outer loop
      vertex 15.6667 104.494 17.9
      vertex 14.7778 103.164 17.9
      vertex 14.9899 102.99 17.9
    endloop
  endfacet
  facet normal 0 0 1
    outer loop
      vertex 14.5358 103.293 17.9
      vertex 15.148 104.772 17.9
      vertex 14.5853 104.942 17.9
    endloop
  endfacet
  facet normal 0 0 1
    outer loop
      vertex 15.148 104.772 17.9
      vertex 14.5358 103.293 17.9
      vertex 14.7778 103.164 17.9
    endloop
  endfacet
  facet normal 0 0 1
    outer loop
      vertex 14.5853 104.942 17.9
      vertex 14.2731 103.373 17.9
      vertex 14.5358 103.293 17.9
    endloop
  endfacet
  facet normal 0 0 1
    outer loop
      vertex 14 105 17.9
      vertex 14.2731 103.373 17.9
      vertex 14.5853 104.942 17.9
    endloop
  endfacet
  facet normal 0 0 1
    outer loop
      vertex 14 105 17.9
      vertex 14 103.4 17.9
      vertex 14.2731 103.373 17.9
    endloop
  endfacet
  facet normal 0 0 1
    outer loop
      vertex 14 105 17.9
      vertex 13.7269 103.373 17.9
      vertex 14 103.4 17.9
    endloop
  endfacet
  facet normal -0 0 1
    outer loop
      vertex 13.4147 104.942 17.9
      vertex 13.7269 103.373 17.9
      vertex 14 105 17.9
    endloop
  endfacet
  facet normal 0 0 1
    outer loop
      vertex 13.7269 103.373 17.9
      vertex 13.4147 104.942 17.9
      vertex 13.4642 103.293 17.9
    endloop
  endfacet
  facet normal -0 0 1
    outer loop
      vertex 12.852 104.772 17.9
      vertex 13.4642 103.293 17.9
      vertex 13.4147 104.942 17.9
    endloop
  endfacet
  facet normal 0 0 1
    outer loop
      vertex 13.4642 103.293 17.9
      vertex 12.852 104.772 17.9
      vertex 13.2222 103.164 17.9
    endloop
  endfacet
  facet normal -0 0 1
    outer loop
      vertex 12.3333 104.494 17.9
      vertex 13.2222 103.164 17.9
      vertex 12.852 104.772 17.9
    endloop
  endfacet
  facet normal 0 0 1
    outer loop
      vertex 13.2222 103.164 17.9
      vertex 12.3333 104.494 17.9
      vertex 13.0101 102.99 17.9
    endloop
  endfacet
  facet normal -0 0 1
    outer loop
      vertex 11.8787 104.121 17.9
      vertex 13.0101 102.99 17.9
      vertex 12.3333 104.494 17.9
    endloop
  endfacet
  facet normal 0 0 1
    outer loop
      vertex 13.0101 102.99 17.9
      vertex 11.8787 104.121 17.9
      vertex 12.8359 102.778 17.9
    endloop
  endfacet
  facet normal -0 0 1
    outer loop
      vertex 11.5056 103.667 17.9
      vertex 12.8359 102.778 17.9
      vertex 11.8787 104.121 17.9
    endloop
  endfacet
  facet normal 0 0 1
    outer loop
      vertex 12.8359 102.778 17.9
      vertex 11.5056 103.667 17.9
      vertex 12.7066 102.536 17.9
    endloop
  endfacet
  facet normal -0 0 1
    outer loop
      vertex 15.1641 101.222 17.9
      vertex 16.4944 100.333 17.9
      vertex 15.2934 101.464 17.9
    endloop
  endfacet
  facet normal 0 0 1
    outer loop
      vertex 16.4944 100.333 17.9
      vertex 15.1641 101.222 17.9
      vertex 16.1213 99.8787 17.9
    endloop
  endfacet
  facet normal -0 0 1
    outer loop
      vertex 14.9899 101.01 17.9
      vertex 16.1213 99.8787 17.9
      vertex 15.1641 101.222 17.9
    endloop
  endfacet
  facet normal 0 0 1
    outer loop
      vertex 16.1213 99.8787 17.9
      vertex 14.9899 101.01 17.9
      vertex 15.6667 99.5056 17.9
    endloop
  endfacet
  facet normal -0 0 1
    outer loop
      vertex 14.7778 100.836 17.9
      vertex 15.6667 99.5056 17.9
      vertex 14.9899 101.01 17.9
    endloop
  endfacet
  facet normal 0 0 1
    outer loop
      vertex 15.6667 99.5056 17.9
      vertex 14.7778 100.836 17.9
      vertex 15.148 99.2284 17.9
    endloop
  endfacet
  facet normal -0 0 1
    outer loop
      vertex 14.5358 100.707 17.9
      vertex 15.148 99.2284 17.9
      vertex 14.7778 100.836 17.9
    endloop
  endfacet
  facet normal 0 0 1
    outer loop
      vertex 15.148 99.2284 17.9
      vertex 14.5358 100.707 17.9
      vertex 14.5853 99.0576 17.9
    endloop
  endfacet
  facet normal -0 0 1
    outer loop
      vertex 14.2731 100.627 17.9
      vertex 14.5853 99.0576 17.9
      vertex 14.5358 100.707 17.9
    endloop
  endfacet
  facet normal -0 0 1
    outer loop
      vertex 14 100.6 17.9
      vertex 14.5853 99.0576 17.9
      vertex 14.2731 100.627 17.9
    endloop
  endfacet
  facet normal 0 0 1
    outer loop
      vertex 14 100.6 17.9
      vertex 14 99 17.9
      vertex 14.5853 99.0576 17.9
    endloop
  endfacet
  facet normal 0 0 1
    outer loop
      vertex 13.7269 100.627 17.9
      vertex 14 99 17.9
      vertex 14 100.6 17.9
    endloop
  endfacet
  facet normal 0 0 1
    outer loop
      vertex 13.4147 99.0576 17.9
      vertex 13.7269 100.627 17.9
      vertex 13.4642 100.707 17.9
    endloop
  endfacet
  facet normal 0 0 1
    outer loop
      vertex 13.7269 100.627 17.9
      vertex 13.4147 99.0576 17.9
      vertex 14 99 17.9
    endloop
  endfacet
  facet normal 0 0 1
    outer loop
      vertex 12.852 99.2284 17.9
      vertex 13.4642 100.707 17.9
      vertex 13.2222 100.836 17.9
    endloop
  endfacet
  facet normal 0 0 1
    outer loop
      vertex 12.3333 99.5056 17.9
      vertex 13.2222 100.836 17.9
      vertex 13.0101 101.01 17.9
    endloop
  endfacet
  facet normal 0 0 1
    outer loop
      vertex 13.4642 100.707 17.9
      vertex 12.852 99.2284 17.9
      vertex 13.4147 99.0576 17.9
    endloop
  endfacet
  facet normal 0 0 1
    outer loop
      vertex 11.8787 99.8787 17.9
      vertex 13.0101 101.01 17.9
      vertex 12.8359 101.222 17.9
    endloop
  endfacet
  facet normal 0 0 1
    outer loop
      vertex 11.5056 100.333 17.9
      vertex 12.8359 101.222 17.9
      vertex 12.7066 101.464 17.9
    endloop
  endfacet
  facet normal 0 0 1
    outer loop
      vertex 11.2284 100.852 17.9
      vertex 12.7066 101.464 17.9
      vertex 12.6269 101.727 17.9
    endloop
  endfacet
  facet normal 0 0 1
    outer loop
      vertex 11.0576 101.415 17.9
      vertex 12.6269 101.727 17.9
      vertex 12.6 102 17.9
    endloop
  endfacet
  facet normal -0 0 1
    outer loop
      vertex 11.2284 103.148 17.9
      vertex 12.7066 102.536 17.9
      vertex 11.5056 103.667 17.9
    endloop
  endfacet
  facet normal 0 0 1
    outer loop
      vertex 13.2222 100.836 17.9
      vertex 12.3333 99.5056 17.9
      vertex 12.852 99.2284 17.9
    endloop
  endfacet
  facet normal 0 0 1
    outer loop
      vertex 12.7066 102.536 17.9
      vertex 11.2284 103.148 17.9
      vertex 12.6269 102.273 17.9
    endloop
  endfacet
  facet normal 0 0 1
    outer loop
      vertex 13.0101 101.01 17.9
      vertex 11.8787 99.8787 17.9
      vertex 12.3333 99.5056 17.9
    endloop
  endfacet
  facet normal -0 0 1
    outer loop
      vertex 11.0576 102.585 17.9
      vertex 12.6269 102.273 17.9
      vertex 11.2284 103.148 17.9
    endloop
  endfacet
  facet normal 0 0 1
    outer loop
      vertex 12.8359 101.222 17.9
      vertex 11.5056 100.333 17.9
      vertex 11.8787 99.8787 17.9
    endloop
  endfacet
  facet normal 0 0 1
    outer loop
      vertex 12.6269 102.273 17.9
      vertex 11.0576 102.585 17.9
      vertex 12.6 102 17.9
    endloop
  endfacet
  facet normal 0 0 1
    outer loop
      vertex 12.7066 101.464 17.9
      vertex 11.2284 100.852 17.9
      vertex 11.5056 100.333 17.9
    endloop
  endfacet
  facet normal 0 0 1
    outer loop
      vertex 11 102 17.9
      vertex 12.6 102 17.9
      vertex 11.0576 102.585 17.9
    endloop
  endfacet
  facet normal 0 0 1
    outer loop
      vertex 12.6269 101.727 17.9
      vertex 11.0576 101.415 17.9
      vertex 11.2284 100.852 17.9
    endloop
  endfacet
  facet normal 0 0 1
    outer loop
      vertex 12.6 102 17.9
      vertex 11 102 17.9
      vertex 11.0576 101.415 17.9
    endloop
  endfacet
  facet normal -0.882071 -0.471117 0
    outer loop
      vertex 11.5056 100.333 3
      vertex 11.2284 100.852 17.9
      vertex 11.2284 100.852 3
    endloop
  endfacet
  facet normal -0.882071 -0.471117 0
    outer loop
      vertex 11.2284 100.852 17.9
      vertex 11.5056 100.333 3
      vertex 11.5056 100.333 17.9
    endloop
  endfacet
  facet normal 0.289205 0.957267 -0
    outer loop
      vertex 15.148 104.772 3
      vertex 14.5853 104.942 17.9
      vertex 15.148 104.772 17.9
    endloop
  endfacet
  facet normal 0.289205 0.957267 0
    outer loop
      vertex 14.5853 104.942 17.9
      vertex 15.148 104.772 3
      vertex 14.5853 104.942 3
    endloop
  endfacet
  facet normal 0 0 -1
    outer loop
      vertex 15.4 102 1.5
      vertex 18.5 102 1.5
      vertex 18.4135 101.122 1.5
    endloop
  endfacet
  facet normal 0 0 -1
    outer loop
      vertex 15.3731 101.727 1.5
      vertex 18.4135 101.122 1.5
      vertex 18.1575 100.278 1.5
    endloop
  endfacet
  facet normal 0 0 -1
    outer loop
      vertex 18.5 102 1.5
      vertex 15.4 102 1.5
      vertex 18.4135 102.878 1.5
    endloop
  endfacet
  facet normal 0 0 -1
    outer loop
      vertex 15.2934 101.464 1.5
      vertex 18.1575 100.278 1.5
      vertex 17.7416 99.4999 1.5
    endloop
  endfacet
  facet normal 0 0 -1
    outer loop
      vertex 15.3731 102.273 1.5
      vertex 18.4135 102.878 1.5
      vertex 15.4 102 1.5
    endloop
  endfacet
  facet normal 0 0 -1
    outer loop
      vertex 15.1641 101.222 1.5
      vertex 17.7416 99.4999 1.5
      vertex 17.182 98.818 1.5
    endloop
  endfacet
  facet normal -0 0 -1
    outer loop
      vertex 18.4135 102.878 1.5
      vertex 15.3731 102.273 1.5
      vertex 18.1575 103.722 1.5
    endloop
  endfacet
  facet normal 0 0 -1
    outer loop
      vertex 14.9899 101.01 1.5
      vertex 17.182 98.818 1.5
      vertex 16.5001 98.2584 1.5
    endloop
  endfacet
  facet normal 0 0 -1
    outer loop
      vertex 15.2934 102.536 1.5
      vertex 18.1575 103.722 1.5
      vertex 15.3731 102.273 1.5
    endloop
  endfacet
  facet normal 0 0 -1
    outer loop
      vertex 14.7778 100.836 1.5
      vertex 16.5001 98.2584 1.5
      vertex 15.7221 97.8425 1.5
    endloop
  endfacet
  facet normal -0 0 -1
    outer loop
      vertex 18.1575 103.722 1.5
      vertex 15.2934 102.536 1.5
      vertex 17.7416 104.5 1.5
    endloop
  endfacet
  facet normal 0 0 -1
    outer loop
      vertex 15.1641 102.778 1.5
      vertex 17.7416 104.5 1.5
      vertex 15.2934 102.536 1.5
    endloop
  endfacet
  facet normal 0 0 -1
    outer loop
      vertex 18.4135 101.122 1.5
      vertex 15.3731 101.727 1.5
      vertex 15.4 102 1.5
    endloop
  endfacet
  facet normal 0 0 -1
    outer loop
      vertex 18.1575 100.278 1.5
      vertex 15.2934 101.464 1.5
      vertex 15.3731 101.727 1.5
    endloop
  endfacet
  facet normal 0 0 -1
    outer loop
      vertex 17.7416 99.4999 1.5
      vertex 15.1641 101.222 1.5
      vertex 15.2934 101.464 1.5
    endloop
  endfacet
  facet normal 0 0 -1
    outer loop
      vertex 17.182 98.818 1.5
      vertex 14.9899 101.01 1.5
      vertex 15.1641 101.222 1.5
    endloop
  endfacet
  facet normal 0 0 -1
    outer loop
      vertex 14.5358 100.707 1.5
      vertex 15.7221 97.8425 1.5
      vertex 14.8779 97.5865 1.5
    endloop
  endfacet
  facet normal 0 0 -1
    outer loop
      vertex 16.5001 98.2584 1.5
      vertex 14.7778 100.836 1.5
      vertex 14.9899 101.01 1.5
    endloop
  endfacet
  facet normal 0 0 -1
    outer loop
      vertex 15.7221 97.8425 1.5
      vertex 14.5358 100.707 1.5
      vertex 14.7778 100.836 1.5
    endloop
  endfacet
  facet normal 0 0 -1
    outer loop
      vertex 14.8779 97.5865 1.5
      vertex 14.2731 100.627 1.5
      vertex 14.5358 100.707 1.5
    endloop
  endfacet
  facet normal 0 0 -1
    outer loop
      vertex 14 97.5 1.5
      vertex 14.2731 100.627 1.5
      vertex 14.8779 97.5865 1.5
    endloop
  endfacet
  facet normal 0 0 -1
    outer loop
      vertex 14 97.5 1.5
      vertex 14 100.6 1.5
      vertex 14.2731 100.627 1.5
    endloop
  endfacet
  facet normal 0 0 -1
    outer loop
      vertex 14 97.5 1.5
      vertex 13.7269 100.627 1.5
      vertex 14 100.6 1.5
    endloop
  endfacet
  facet normal 0 0 -1
    outer loop
      vertex 13.1221 97.5865 1.5
      vertex 13.7269 100.627 1.5
      vertex 14 97.5 1.5
    endloop
  endfacet
  facet normal -0 0 -1
    outer loop
      vertex 13.7269 100.627 1.5
      vertex 13.1221 97.5865 1.5
      vertex 13.4642 100.707 1.5
    endloop
  endfacet
  facet normal 0 0 -1
    outer loop
      vertex 12.2779 97.8425 1.5
      vertex 13.4642 100.707 1.5
      vertex 13.1221 97.5865 1.5
    endloop
  endfacet
  facet normal -0 0 -1
    outer loop
      vertex 13.4642 100.707 1.5
      vertex 12.2779 97.8425 1.5
      vertex 13.2222 100.836 1.5
    endloop
  endfacet
  facet normal 0 0 -1
    outer loop
      vertex 11.4999 98.2584 1.5
      vertex 13.2222 100.836 1.5
      vertex 12.2779 97.8425 1.5
    endloop
  endfacet
  facet normal -0 0 -1
    outer loop
      vertex 13.2222 100.836 1.5
      vertex 11.4999 98.2584 1.5
      vertex 13.0101 101.01 1.5
    endloop
  endfacet
  facet normal 0 0 -1
    outer loop
      vertex 10.818 98.818 1.5
      vertex 13.0101 101.01 1.5
      vertex 11.4999 98.2584 1.5
    endloop
  endfacet
  facet normal 0 0 -1
    outer loop
      vertex 10.2584 99.4999 1.5
      vertex 12.8359 101.222 1.5
      vertex 10.818 98.818 1.5
    endloop
  endfacet
  facet normal -0 0 -1
    outer loop
      vertex 13.0101 101.01 1.5
      vertex 10.818 98.818 1.5
      vertex 12.8359 101.222 1.5
    endloop
  endfacet
  facet normal -0 0 -1
    outer loop
      vertex 17.7416 104.5 1.5
      vertex 15.1641 102.778 1.5
      vertex 17.182 105.182 1.5
    endloop
  endfacet
  facet normal 0 0 -1
    outer loop
      vertex 14.9899 102.99 1.5
      vertex 17.182 105.182 1.5
      vertex 15.1641 102.778 1.5
    endloop
  endfacet
  facet normal -0 0 -1
    outer loop
      vertex 17.182 105.182 1.5
      vertex 14.9899 102.99 1.5
      vertex 16.5001 105.742 1.5
    endloop
  endfacet
  facet normal 0 0 -1
    outer loop
      vertex 14.7778 103.164 1.5
      vertex 16.5001 105.742 1.5
      vertex 14.9899 102.99 1.5
    endloop
  endfacet
  facet normal -0 0 -1
    outer loop
      vertex 16.5001 105.742 1.5
      vertex 14.7778 103.164 1.5
      vertex 15.7221 106.157 1.5
    endloop
  endfacet
  facet normal 0 0 -1
    outer loop
      vertex 14.5358 103.293 1.5
      vertex 15.7221 106.157 1.5
      vertex 14.7778 103.164 1.5
    endloop
  endfacet
  facet normal -0 0 -1
    outer loop
      vertex 15.7221 106.157 1.5
      vertex 14.5358 103.293 1.5
      vertex 14.8779 106.414 1.5
    endloop
  endfacet
  facet normal 0 0 -1
    outer loop
      vertex 14.2731 103.373 1.5
      vertex 14.8779 106.414 1.5
      vertex 14.5358 103.293 1.5
    endloop
  endfacet
  facet normal 0 0 -1
    outer loop
      vertex 14 103.4 1.5
      vertex 14.8779 106.414 1.5
      vertex 14.2731 103.373 1.5
    endloop
  endfacet
  facet normal 0 0 -1
    outer loop
      vertex 14 103.4 1.5
      vertex 14 106.5 1.5
      vertex 14.8779 106.414 1.5
    endloop
  endfacet
  facet normal 0 0 -1
    outer loop
      vertex 13.7269 103.373 1.5
      vertex 14 106.5 1.5
      vertex 14 103.4 1.5
    endloop
  endfacet
  facet normal 0 0 -1
    outer loop
      vertex 13.1221 106.414 1.5
      vertex 13.7269 103.373 1.5
      vertex 13.4642 103.293 1.5
    endloop
  endfacet
  facet normal 0 0 -1
    outer loop
      vertex 12.2779 106.157 1.5
      vertex 13.4642 103.293 1.5
      vertex 13.2222 103.164 1.5
    endloop
  endfacet
  facet normal 0 0 -1
    outer loop
      vertex 13.7269 103.373 1.5
      vertex 13.1221 106.414 1.5
      vertex 14 106.5 1.5
    endloop
  endfacet
  facet normal 0 0 -1
    outer loop
      vertex 11.4999 105.742 1.5
      vertex 13.2222 103.164 1.5
      vertex 13.0101 102.99 1.5
    endloop
  endfacet
  facet normal 0 0 -1
    outer loop
      vertex 10.818 105.182 1.5
      vertex 13.0101 102.99 1.5
      vertex 12.8359 102.778 1.5
    endloop
  endfacet
  facet normal 0 0 -1
    outer loop
      vertex 10.2584 104.5 1.5
      vertex 12.8359 102.778 1.5
      vertex 12.7066 102.536 1.5
    endloop
  endfacet
  facet normal 0 0 -1
    outer loop
      vertex 9.84254 103.722 1.5
      vertex 12.7066 102.536 1.5
      vertex 12.6269 102.273 1.5
    endloop
  endfacet
  facet normal 0 0 -1
    outer loop
      vertex 13.4642 103.293 1.5
      vertex 12.2779 106.157 1.5
      vertex 13.1221 106.414 1.5
    endloop
  endfacet
  facet normal 0 0 -1
    outer loop
      vertex 9.58647 102.878 1.5
      vertex 12.6269 102.273 1.5
      vertex 12.6 102 1.5
    endloop
  endfacet
  facet normal -0 0 -1
    outer loop
      vertex 12.8359 101.222 1.5
      vertex 10.2584 99.4999 1.5
      vertex 12.7066 101.464 1.5
    endloop
  endfacet
  facet normal 0 0 -1
    outer loop
      vertex 9.84254 100.278 1.5
      vertex 12.7066 101.464 1.5
      vertex 10.2584 99.4999 1.5
    endloop
  endfacet
  facet normal 0 0 -1
    outer loop
      vertex 13.2222 103.164 1.5
      vertex 11.4999 105.742 1.5
      vertex 12.2779 106.157 1.5
    endloop
  endfacet
  facet normal -0 0 -1
    outer loop
      vertex 12.7066 101.464 1.5
      vertex 9.84254 100.278 1.5
      vertex 12.6269 101.727 1.5
    endloop
  endfacet
  facet normal 0 0 -1
    outer loop
      vertex 13.0101 102.99 1.5
      vertex 10.818 105.182 1.5
      vertex 11.4999 105.742 1.5
    endloop
  endfacet
  facet normal 0 0 -1
    outer loop
      vertex 9.58647 101.122 1.5
      vertex 12.6269 101.727 1.5
      vertex 9.84254 100.278 1.5
    endloop
  endfacet
  facet normal 0 0 -1
    outer loop
      vertex 12.8359 102.778 1.5
      vertex 10.2584 104.5 1.5
      vertex 10.818 105.182 1.5
    endloop
  endfacet
  facet normal -0 0 -1
    outer loop
      vertex 12.6269 101.727 1.5
      vertex 9.58647 101.122 1.5
      vertex 12.6 102 1.5
    endloop
  endfacet
  facet normal 0 0 -1
    outer loop
      vertex 12.7066 102.536 1.5
      vertex 9.84254 103.722 1.5
      vertex 10.2584 104.5 1.5
    endloop
  endfacet
  facet normal 0 0 -1
    outer loop
      vertex 9.5 102 1.5
      vertex 12.6 102 1.5
      vertex 9.58647 101.122 1.5
    endloop
  endfacet
  facet normal 0 0 -1
    outer loop
      vertex 12.6269 102.273 1.5
      vertex 9.58647 102.878 1.5
      vertex 9.84254 103.722 1.5
    endloop
  endfacet
  facet normal 0 0 -1
    outer loop
      vertex 12.6 102 1.5
      vertex 9.5 102 1.5
      vertex 9.58647 102.878 1.5
    endloop
  endfacet
  facet normal -0.289205 0.957267 0
    outer loop
      vertex 13.4147 104.942 3
      vertex 12.852 104.772 17.9
      vertex 13.4147 104.942 17.9
    endloop
  endfacet
  facet normal -0.289205 0.957267 0
    outer loop
      vertex 12.852 104.772 17.9
      vertex 13.4147 104.942 3
      vertex 12.852 104.772 3
    endloop
  endfacet
  facet normal 0.956933 0.290309 0
    outer loop
      vertex 16.9424 102.585 17.9
      vertex 16.7716 103.148 3
      vertex 16.7716 103.148 17.9
    endloop
  endfacet
  facet normal 0.956933 0.290309 0
    outer loop
      vertex 16.7716 103.148 3
      vertex 16.9424 102.585 17.9
      vertex 16.9424 102.585 3
    endloop
  endfacet
  facet normal 0.772789 -0.634663 0
    outer loop
      vertex 16.1213 99.8787 17.9
      vertex 16.4944 100.333 3
      vertex 16.4944 100.333 17.9
    endloop
  endfacet
  facet normal 0.772789 -0.634663 0
    outer loop
      vertex 16.4944 100.333 3
      vertex 16.1213 99.8787 17.9
      vertex 16.1213 99.8787 3
    endloop
  endfacet
  facet normal -0.995188 -0.0979877 0
    outer loop
      vertex 11.0576 101.415 3
      vertex 11 102 17.9
      vertex 11 102 3
    endloop
  endfacet
  facet normal -0.995188 -0.0979877 0
    outer loop
      vertex 11 102 17.9
      vertex 11.0576 101.415 3
      vertex 11.0576 101.415 17.9
    endloop
  endfacet
  facet normal 0.634311 0.773078 -0
    outer loop
      vertex 16.1213 104.121 3
      vertex 15.6667 104.494 17.9
      vertex 16.1213 104.121 17.9
    endloop
  endfacet
  facet normal 0.634311 0.773078 0
    outer loop
      vertex 15.6667 104.494 17.9
      vertex 16.1213 104.121 3
      vertex 15.6667 104.494 3
    endloop
  endfacet
  facet normal -0.634311 0.773078 0
    outer loop
      vertex 12.3333 104.494 3
      vertex 11.8787 104.121 17.9
      vertex 12.3333 104.494 17.9
    endloop
  endfacet
  facet normal -0.634311 0.773078 0
    outer loop
      vertex 11.8787 104.121 17.9
      vertex 12.3333 104.494 3
      vertex 11.8787 104.121 3
    endloop
  endfacet
  facet normal -0.097938 -0.995193 0
    outer loop
      vertex 13.4147 99.0576 3
      vertex 14 99 17.9
      vertex 13.4147 99.0576 17.9
    endloop
  endfacet
  facet normal -0.097938 -0.995193 -0
    outer loop
      vertex 14 99 17.9
      vertex 13.4147 99.0576 3
      vertex 14 99 3
    endloop
  endfacet
  facet normal 0.882071 0.471117 0
    outer loop
      vertex 16.7716 103.148 17.9
      vertex 16.4944 103.667 3
      vertex 16.4944 103.667 17.9
    endloop
  endfacet
  facet normal 0.882071 0.471117 0
    outer loop
      vertex 16.4944 103.667 3
      vertex 16.7716 103.148 17.9
      vertex 16.7716 103.148 3
    endloop
  endfacet
  facet normal -0.956933 0.290309 0
    outer loop
      vertex 11.0576 102.585 3
      vertex 11.2284 103.148 17.9
      vertex 11.2284 103.148 3
    endloop
  endfacet
  facet normal -0.956933 0.290309 0
    outer loop
      vertex 11.2284 103.148 17.9
      vertex 11.0576 102.585 3
      vertex 11.0576 102.585 17.9
    endloop
  endfacet
  facet normal -0.995188 0.0979877 0
    outer loop
      vertex 11 102 3
      vertex 11.0576 102.585 17.9
      vertex 11.0576 102.585 3
    endloop
  endfacet
  facet normal -0.995188 0.0979877 0
    outer loop
      vertex 11.0576 102.585 17.9
      vertex 11 102 3
      vertex 11 102 17.9
    endloop
  endfacet
  facet normal -0.772583 0.634914 0
    outer loop
      vertex 11.5056 103.667 3
      vertex 11.8787 104.121 17.9
      vertex 11.8787 104.121 3
    endloop
  endfacet
  facet normal -0.772583 0.634914 0
    outer loop
      vertex 11.8787 104.121 17.9
      vertex 11.5056 103.667 3
      vertex 11.5056 103.667 17.9
    endloop
  endfacet
  facet normal -0.772789 -0.634663 0
    outer loop
      vertex 11.8787 99.8787 3
      vertex 11.5056 100.333 17.9
      vertex 11.5056 100.333 3
    endloop
  endfacet
  facet normal -0.772789 -0.634663 0
    outer loop
      vertex 11.5056 100.333 17.9
      vertex 11.8787 99.8787 3
      vertex 11.8787 99.8787 17.9
    endloop
  endfacet
  facet normal -0.956933 -0.290309 0
    outer loop
      vertex 11.2284 100.852 3
      vertex 11.0576 101.415 17.9
      vertex 11.0576 101.415 3
    endloop
  endfacet
  facet normal -0.956933 -0.290309 0
    outer loop
      vertex 11.0576 101.415 17.9
      vertex 11.2284 100.852 3
      vertex 11.2284 100.852 17.9
    endloop
  endfacet
  facet normal -0.472386 0.881392 0
    outer loop
      vertex 12.852 104.772 3
      vertex 12.3333 104.494 17.9
      vertex 12.852 104.772 17.9
    endloop
  endfacet
  facet normal -0.472386 0.881392 0
    outer loop
      vertex 12.3333 104.494 17.9
      vertex 12.852 104.772 3
      vertex 12.3333 104.494 3
    endloop
  endfacet
  facet normal 0.990447 0.0975364 0.0974776
    outer loop
      vertex 16.9706 102.591 2.70737
      vertex 17 102 3
      vertex 17.0288 102 2.70737
    endloop
  endfacet
  facet normal 0.990451 0.0975214 0.0974468
    outer loop
      vertex 16.9424 102.585 3
      vertex 17 102 3
      vertex 16.9706 102.591 2.70737
    endloop
  endfacet
  facet normal 0.952677 0.0938575 0.289131
    outer loop
      vertex 17.0288 102 2.70737
      vertex 17.1142 102 2.42598
      vertex 17.0543 102.608 2.42598
    endloop
  endfacet
  facet normal 0.952705 0.0938197 0.289052
    outer loop
      vertex 16.9706 102.591 2.70737
      vertex 17.0288 102 2.70737
      vertex 17.0543 102.608 2.42598
    endloop
  endfacet
  facet normal 0.878631 0.0864794 0.469606
    outer loop
      vertex 17.1142 102 2.42598
      vertex 17.2528 102 2.16666
      vertex 17.1903 102.635 2.16666
    endloop
  endfacet
  facet normal 0.87854 0.0865536 0.469761
    outer loop
      vertex 17.0543 102.608 2.42598
      vertex 17.1142 102 2.42598
      vertex 17.1903 102.635 2.16666
    endloop
  endfacet
  facet normal 0.770866 0.0758229 0.632469
    outer loop
      vertex 17.2528 102 2.16666
      vertex 17.4393 102 1.93935
      vertex 17.3733 102.671 1.93935
    endloop
  endfacet
  facet normal 0.770791 0.0758653 0.632554
    outer loop
      vertex 17.1903 102.635 2.16666
      vertex 17.2528 102 2.16666
      vertex 17.3733 102.671 1.93935
    endloop
  endfacet
  facet normal 0.632989 0.0624136 0.77164
    outer loop
      vertex 17.4393 102 1.93935
      vertex 17.6667 102 1.75281
      vertex 17.5962 102.715 1.75281
    endloop
  endfacet
  facet normal 0.633281 0.0622899 0.771411
    outer loop
      vertex 17.3733 102.671 1.93935
      vertex 17.4393 102 1.93935
      vertex 17.5962 102.715 1.75281
    endloop
  endfacet
  facet normal 0.470971 0.0464208 0.880926
    outer loop
      vertex 17.6667 102 1.75281
      vertex 17.926 102 1.61418
      vertex 17.8505 102.766 1.61418
    endloop
  endfacet
  facet normal 0.47093 0.0464344 0.880947
    outer loop
      vertex 17.5962 102.715 1.75281
      vertex 17.6667 102 1.75281
      vertex 17.8505 102.766 1.61418
    endloop
  endfacet
  facet normal 0.290161 0.0285919 0.956551
    outer loop
      vertex 17.926 102 1.61418
      vertex 18.2074 102 1.52882
      vertex 18.1265 102.821 1.52882
    endloop
  endfacet
  facet normal 0.290141 0.0285974 0.956557
    outer loop
      vertex 17.8505 102.766 1.61418
      vertex 17.926 102 1.61418
      vertex 18.1265 102.821 1.52882
    endloop
  endfacet
  facet normal 0.0980173 0.00965661 0.995138
    outer loop
      vertex 18.2074 102 1.52882
      vertex 18.5 102 1.5
      vertex 18.4135 102.878 1.5
    endloop
  endfacet
  facet normal 0.0980118 0.00965792 0.995138
    outer loop
      vertex 18.1265 102.821 1.52882
      vertex 18.2074 102 1.52882
      vertex 18.4135 102.878 1.5
    endloop
  endfacet
  facet normal 0.952363 0.288895 0.0977001
    outer loop
      vertex 16.7983 103.159 2.70737
      vertex 16.9424 102.585 3
      vertex 16.9706 102.591 2.70737
    endloop
  endfacet
  facet normal 0.95235 0.288919 0.0977543
    outer loop
      vertex 16.7716 103.148 3
      vertex 16.9424 102.585 3
      vertex 16.7983 103.159 2.70737
    endloop
  endfacet
  facet normal 0.916012 0.27794 0.289261
    outer loop
      vertex 16.8771 103.192 2.42598
      vertex 16.9706 102.591 2.70737
      vertex 17.0543 102.608 2.42598
    endloop
  endfacet
  facet normal 0.916071 0.277886 0.289124
    outer loop
      vertex 16.7983 103.159 2.70737
      vertex 16.9706 102.591 2.70737
      vertex 16.8771 103.192 2.42598
    endloop
  endfacet
  facet normal 0.844774 0.25634 0.46973
    outer loop
      vertex 17.0052 103.245 2.16666
      vertex 17.0543 102.608 2.42598
      vertex 17.1903 102.635 2.16666
    endloop
  endfacet
  facet normal 0.844792 0.256331 0.469703
    outer loop
      vertex 16.8771 103.192 2.42598
      vertex 17.0543 102.608 2.42598
      vertex 17.0052 103.245 2.16666
    endloop
  endfacet
  facet normal 0.741248 0.225017 0.632392
    outer loop
      vertex 17.1775 103.316 1.93935
      vertex 17.1903 102.635 2.16666
      vertex 17.3733 102.671 1.93935
    endloop
  endfacet
  facet normal 0.741391 0.22497 0.63224
    outer loop
      vertex 17.0052 103.245 2.16666
      vertex 17.1903 102.635 2.16666
      vertex 17.1775 103.316 1.93935
    endloop
  endfacet
  facet normal 0.609036 0.184747 0.771326
    outer loop
      vertex 17.3733 102.671 1.93935
      vertex 17.5962 102.715 1.75281
      vertex 17.3875 103.403 1.75281
    endloop
  endfacet
  facet normal 0.608771 0.184802 0.771522
    outer loop
      vertex 17.1775 103.316 1.93935
      vertex 17.3733 102.671 1.93935
      vertex 17.3875 103.403 1.75281
    endloop
  endfacet
  facet normal 0.452715 0.137414 0.881003
    outer loop
      vertex 17.5962 102.715 1.75281
      vertex 17.8505 102.766 1.61418
      vertex 17.6271 103.502 1.61418
    endloop
  endfacet
  facet normal 0.452915 0.137388 0.880905
    outer loop
      vertex 17.3875 103.403 1.75281
      vertex 17.5962 102.715 1.75281
      vertex 17.6271 103.502 1.61418
    endloop
  endfacet
  facet normal 0.278973 0.0846465 0.956561
    outer loop
      vertex 17.8505 102.766 1.61418
      vertex 18.1265 102.821 1.52882
      vertex 17.8871 103.61 1.52882
    endloop
  endfacet
  facet normal 0.278891 0.0846524 0.956585
    outer loop
      vertex 17.6271 103.502 1.61418
      vertex 17.8505 102.766 1.61418
      vertex 17.8871 103.61 1.52882
    endloop
  endfacet
  facet normal 0.0942521 0.0285883 0.995138
    outer loop
      vertex 18.1265 102.821 1.52882
      vertex 18.4135 102.878 1.5
      vertex 18.1575 103.722 1.5
    endloop
  endfacet
  facet normal 0.0942231 0.0285894 0.995141
    outer loop
      vertex 17.8871 103.61 1.52882
      vertex 18.1265 102.821 1.52882
      vertex 18.1575 103.722 1.5
    endloop
  endfacet
  facet normal 0.877828 0.468901 0.0977204
    outer loop
      vertex 16.5184 103.683 2.70737
      vertex 16.7716 103.148 3
      vertex 16.7983 103.159 2.70737
    endloop
  endfacet
  facet normal 0.877856 0.468867 0.0976333
    outer loop
      vertex 16.4944 103.667 3
      vertex 16.7716 103.148 3
      vertex 16.5184 103.683 2.70737
    endloop
  endfacet
  facet normal 0.844052 0.451521 0.289319
    outer loop
      vertex 16.5893 103.73 2.42598
      vertex 16.7983 103.159 2.70737
      vertex 16.8771 103.192 2.42598
    endloop
  endfacet
  facet normal 0.844632 0.451169 0.288174
    outer loop
      vertex 16.5184 103.683 2.70737
      vertex 16.7983 103.159 2.70737
      vertex 16.5893 103.73 2.42598
    endloop
  endfacet
  facet normal 0.778483 0.416392 0.469661
    outer loop
      vertex 16.7046 103.807 2.16666
      vertex 16.8771 103.192 2.42598
      vertex 17.0052 103.245 2.16666
    endloop
  endfacet
  facet normal 0.77842 0.416411 0.46975
    outer loop
      vertex 16.5893 103.73 2.42598
      vertex 16.8771 103.192 2.42598
      vertex 16.7046 103.807 2.16666
    endloop
  endfacet
  facet normal 0.683492 0.365065 0.632112
    outer loop
      vertex 16.8597 103.911 1.93935
      vertex 17.0052 103.245 2.16666
      vertex 17.1775 103.316 1.93935
    endloop
  endfacet
  facet normal 0.682708 0.365164 0.632902
    outer loop
      vertex 16.7046 103.807 2.16666
      vertex 17.0052 103.245 2.16666
      vertex 16.8597 103.911 1.93935
    endloop
  endfacet
  facet normal 0.56111 0.299848 0.771523
    outer loop
      vertex 17.0487 104.037 1.75281
      vertex 17.1775 103.316 1.93935
      vertex 17.3875 103.403 1.75281
    endloop
  endfacet
  facet normal 0.561386 0.299846 0.771323
    outer loop
      vertex 16.8597 103.911 1.93935
      vertex 17.1775 103.316 1.93935
      vertex 17.0487 104.037 1.75281
    endloop
  endfacet
  facet normal 0.417493 0.223073 0.880874
    outer loop
      vertex 17.2643 104.181 1.61418
      vertex 17.3875 103.403 1.75281
      vertex 17.6271 103.502 1.61418
    endloop
  endfacet
  facet normal 0.41743 0.223068 0.880904
    outer loop
      vertex 17.0487 104.037 1.75281
      vertex 17.3875 103.403 1.75281
      vertex 17.2643 104.181 1.61418
    endloop
  endfacet
  facet normal 0.256972 0.137429 0.956597
    outer loop
      vertex 17.4983 104.337 1.52882
      vertex 17.6271 103.502 1.61418
      vertex 17.8871 103.61 1.52882
    endloop
  endfacet
  facet normal 0.257277 0.137467 0.95651
    outer loop
      vertex 17.2643 104.181 1.61418
      vertex 17.6271 103.502 1.61418
      vertex 17.4983 104.337 1.52882
    endloop
  endfacet
  facet normal 0.0868372 0.0464211 0.99514
    outer loop
      vertex 17.7416 104.5 1.5
      vertex 17.8871 103.61 1.52882
      vertex 18.1575 103.722 1.5
    endloop
  endfacet
  facet normal 0.0867851 0.0464127 0.995145
    outer loop
      vertex 17.4983 104.337 1.52882
      vertex 17.8871 103.61 1.52882
      vertex 17.7416 104.5 1.5
    endloop
  endfacet
  facet normal 0.769312 0.631372 0.0976162
    outer loop
      vertex 16.1417 104.142 2.70737
      vertex 16.4944 103.667 3
      vertex 16.5184 103.683 2.70737
    endloop
  endfacet
  facet normal 0.768793 0.631799 0.0989343
    outer loop
      vertex 16.1213 104.121 3
      vertex 16.4944 103.667 3
      vertex 16.1417 104.142 2.70737
    endloop
  endfacet
  facet normal 0.740383 0.607365 0.287996
    outer loop
      vertex 16.2021 104.202 2.42598
      vertex 16.5184 103.683 2.70737
      vertex 16.5893 103.73 2.42598
    endloop
  endfacet
  facet normal 0.740159 0.607446 0.288398
    outer loop
      vertex 16.1417 104.142 2.70737
      vertex 16.5184 103.683 2.70737
      vertex 16.2021 104.202 2.42598
    endloop
  endfacet
  facet normal 0.682488 0.559973 0.469724
    outer loop
      vertex 16.3001 104.3 2.16666
      vertex 16.5893 103.73 2.42598
      vertex 16.7046 103.807 2.16666
    endloop
  endfacet
  facet normal 0.682598 0.559962 0.469578
    outer loop
      vertex 16.2021 104.202 2.42598
      vertex 16.5893 103.73 2.42598
      vertex 16.3001 104.3 2.16666
    endloop
  endfacet
  facet normal 0.598351 0.491199 0.633008
    outer loop
      vertex 16.432 104.432 1.93935
      vertex 16.7046 103.807 2.16666
      vertex 16.8597 103.911 1.93935
    endloop
  endfacet
  facet normal 0.598699 0.491224 0.63266
    outer loop
      vertex 16.3001 104.3 2.16666
      vertex 16.7046 103.807 2.16666
      vertex 16.432 104.432 1.93935
    endloop
  endfacet
  facet normal 0.49215 0.403633 0.771277
    outer loop
      vertex 16.5927 104.593 1.75281
      vertex 16.8597 103.911 1.93935
      vertex 17.0487 104.037 1.75281
    endloop
  endfacet
  facet normal 0.491543 0.403518 0.771724
    outer loop
      vertex 16.432 104.432 1.93935
      vertex 16.8597 103.911 1.93935
      vertex 16.5927 104.593 1.75281
    endloop
  endfacet
  facet normal 0.365898 0.300221 0.880901
    outer loop
      vertex 16.7761 104.776 1.61418
      vertex 17.0487 104.037 1.75281
      vertex 17.2643 104.181 1.61418
    endloop
  endfacet
  facet normal 0.366139 0.300287 0.880778
    outer loop
      vertex 16.5927 104.593 1.75281
      vertex 17.0487 104.037 1.75281
      vertex 16.7761 104.776 1.61418
    endloop
  endfacet
  facet normal 0.225587 0.184995 0.956497
    outer loop
      vertex 16.9751 104.975 1.52882
      vertex 17.2643 104.181 1.61418
      vertex 17.4983 104.337 1.52882
    endloop
  endfacet
  facet normal 0.225383 0.184928 0.956559
    outer loop
      vertex 16.7761 104.776 1.61418
      vertex 17.2643 104.181 1.61418
      vertex 16.9751 104.975 1.52882
    endloop
  endfacet
  facet normal 0.0760654 0.0624138 0.995148
    outer loop
      vertex 17.182 105.182 1.5
      vertex 17.4983 104.337 1.52882
      vertex 17.7416 104.5 1.5
    endloop
  endfacet
  facet normal 0.0761442 0.062443 0.99514
    outer loop
      vertex 16.9751 104.975 1.52882
      vertex 17.4983 104.337 1.52882
      vertex 17.182 105.182 1.5
    endloop
  endfacet
  facet normal 0.630571 0.769766 0.0991994
    outer loop
      vertex 15.6827 104.518 2.70737
      vertex 16.1213 104.121 3
      vertex 16.1417 104.142 2.70737
    endloop
  endfacet
  facet normal 0.631282 0.769385 0.0976173
    outer loop
      vertex 15.6667 104.494 3
      vertex 16.1213 104.121 3
      vertex 15.6827 104.518 2.70737
    endloop
  endfacet
  facet normal 0.607136 0.740486 0.288213
    outer loop
      vertex 15.7301 104.589 2.42598
      vertex 16.1417 104.142 2.70737
      vertex 16.2021 104.202 2.42598
    endloop
  endfacet
  facet normal 0.606647 0.740561 0.289047
    outer loop
      vertex 15.6827 104.518 2.70737
      vertex 16.1417 104.142 2.70737
      vertex 15.7301 104.589 2.42598
    endloop
  endfacet
  facet normal 0.560494 0.682142 0.469606
    outer loop
      vertex 15.8072 104.705 2.16666
      vertex 16.2021 104.202 2.42598
      vertex 16.3001 104.3 2.16666
    endloop
  endfacet
  facet normal 0.559194 0.682014 0.471338
    outer loop
      vertex 15.7301 104.589 2.42598
      vertex 16.2021 104.202 2.42598
      vertex 15.8072 104.705 2.16666
    endloop
  endfacet
  facet normal 0.49145 0.598467 0.632704
    outer loop
      vertex 15.9108 104.86 1.93935
      vertex 16.3001 104.3 2.16666
      vertex 16.432 104.432 1.93935
    endloop
  endfacet
  facet normal 0.491825 0.59857 0.632315
    outer loop
      vertex 15.8072 104.705 2.16666
      vertex 16.3001 104.3 2.16666
      vertex 15.9108 104.86 1.93935
    endloop
  endfacet
  facet normal 0.403422 0.491538 0.771778
    outer loop
      vertex 16.0371 105.049 1.75281
      vertex 16.432 104.432 1.93935
      vertex 16.5927 104.593 1.75281
    endloop
  endfacet
  facet normal 0.403751 0.491671 0.771521
    outer loop
      vertex 15.9108 104.86 1.93935
      vertex 16.432 104.432 1.93935
      vertex 16.0371 105.049 1.75281
    endloop
  endfacet
  facet normal 0.30037 0.366168 0.880738
    outer loop
      vertex 16.1812 105.264 1.61418
      vertex 16.5927 104.593 1.75281
      vertex 16.7761 104.776 1.61418
    endloop
  endfacet
  facet normal 0.300636 0.366301 0.880592
    outer loop
      vertex 16.0371 105.049 1.75281
      vertex 16.5927 104.593 1.75281
      vertex 16.1812 105.264 1.61418
    endloop
  endfacet
  facet normal 0.184898 0.225413 0.956557
    outer loop
      vertex 16.3375 105.498 1.52882
      vertex 16.7761 104.776 1.61418
      vertex 16.9751 104.975 1.52882
    endloop
  endfacet
  facet normal 0.184916 0.225423 0.956552
    outer loop
      vertex 16.1812 105.264 1.61418
      vertex 16.7761 104.776 1.61418
      vertex 16.3375 105.498 1.52882
    endloop
  endfacet
  facet normal 0.0624891 0.0760916 0.995141
    outer loop
      vertex 16.5001 105.742 1.5
      vertex 16.9751 104.975 1.52882
      vertex 17.182 105.182 1.5
    endloop
  endfacet
  facet normal 0.0623399 0.0759998 0.995157
    outer loop
      vertex 16.3375 105.498 1.52882
      vertex 16.9751 104.975 1.52882
      vertex 16.5001 105.742 1.5
    endloop
  endfacet
  facet normal 0.469314 0.877617 0.0976381
    outer loop
      vertex 15.1591 104.798 2.70737
      vertex 15.6667 104.494 3
      vertex 15.6827 104.518 2.70737
    endloop
  endfacet
  facet normal 0.470214 0.877339 0.0957871
    outer loop
      vertex 15.148 104.772 3
      vertex 15.6667 104.494 3
      vertex 15.1591 104.798 2.70737
    endloop
  endfacet
  facet normal 0.451542 0.844132 0.289052
    outer loop
      vertex 15.1917 104.877 2.42598
      vertex 15.6827 104.518 2.70737
      vertex 15.7301 104.589 2.42598
    endloop
  endfacet
  facet normal 0.451404 0.844126 0.289284
    outer loop
      vertex 15.1591 104.798 2.70737
      vertex 15.6827 104.518 2.70737
      vertex 15.1917 104.877 2.42598
    endloop
  endfacet
  facet normal 0.415061 0.778102 0.471468
    outer loop
      vertex 15.2448 105.005 2.16666
      vertex 15.7301 104.589 2.42598
      vertex 15.8072 104.705 2.16666
    endloop
  endfacet
  facet normal 0.416445 0.778521 0.469551
    outer loop
      vertex 15.1917 104.877 2.42598
      vertex 15.7301 104.589 2.42598
      vertex 15.2448 105.005 2.16666
    endloop
  endfacet
  facet normal 0.365349 0.683134 0.632335
    outer loop
      vertex 15.3162 105.178 1.93935
      vertex 15.8072 104.705 2.16666
      vertex 15.9108 104.86 1.93935
    endloop
  endfacet
  facet normal 0.364058 0.682487 0.633777
    outer loop
      vertex 15.2448 105.005 2.16666
      vertex 15.8072 104.705 2.16666
      vertex 15.3162 105.178 1.93935
    endloop
  endfacet
  facet normal 0.300017 0.561004 0.771534
    outer loop
      vertex 15.4032 105.388 1.75281
      vertex 15.9108 104.86 1.93935
      vertex 16.0371 105.049 1.75281
    endloop
  endfacet
  facet normal 0.300041 0.561021 0.771512
    outer loop
      vertex 15.3162 105.178 1.93935
      vertex 15.9108 104.86 1.93935
      vertex 15.4032 105.388 1.75281
    endloop
  endfacet
  facet normal 0.223511 0.41796 0.880541
    outer loop
      vertex 15.5024 105.627 1.61418
      vertex 16.0371 105.049 1.75281
      vertex 16.1812 105.264 1.61418
    endloop
  endfacet
  facet normal 0.223524 0.41797 0.880533
    outer loop
      vertex 15.4032 105.388 1.75281
      vertex 16.0371 105.049 1.75281
      vertex 15.5024 105.627 1.61418
    endloop
  endfacet
  facet normal 0.137492 0.2571 0.956554
    outer loop
      vertex 15.6101 105.887 1.52882
      vertex 16.1812 105.264 1.61418
      vertex 16.3375 105.498 1.52882
    endloop
  endfacet
  facet normal 0.137486 0.257094 0.956557
    outer loop
      vertex 15.5024 105.627 1.61418
      vertex 16.1812 105.264 1.61418
      vertex 15.6101 105.887 1.52882
    endloop
  endfacet
  facet normal 0.0462568 0.0867176 0.995158
    outer loop
      vertex 15.7221 106.157 1.5
      vertex 16.3375 105.498 1.52882
      vertex 16.5001 105.742 1.5
    endloop
  endfacet
  facet normal 0.0464914 0.0869354 0.995129
    outer loop
      vertex 15.6101 105.887 1.52882
      vertex 16.3375 105.498 1.52882
      vertex 15.7221 106.157 1.5
    endloop
  endfacet
  facet normal 0.289935 0.952259 0.0956054
    outer loop
      vertex 14.5909 104.971 2.70737
      vertex 15.148 104.772 3
      vertex 15.1591 104.798 2.70737
    endloop
  endfacet
  facet normal 0.287758 0.952479 0.0998986
    outer loop
      vertex 14.5853 104.942 3
      vertex 15.148 104.772 3
      vertex 14.5909 104.971 2.70737
    endloop
  endfacet
  facet normal 0.277558 0.916099 0.28935
    outer loop
      vertex 14.6075 105.054 2.42598
      vertex 15.1591 104.798 2.70737
      vertex 15.1917 104.877 2.42598
    endloop
  endfacet
  facet normal 0.279034 0.916458 0.286783
    outer loop
      vertex 14.5909 104.971 2.70737
      vertex 15.1591 104.798 2.70737
      vertex 14.6075 105.054 2.42598
    endloop
  endfacet
  facet normal 0.256169 0.844944 0.469518
    outer loop
      vertex 14.6346 105.19 2.16666
      vertex 15.1917 104.877 2.42598
      vertex 15.2448 105.005 2.16666
    endloop
  endfacet
  facet normal 0.255967 0.844836 0.469823
    outer loop
      vertex 14.6075 105.054 2.42598
      vertex 15.1917 104.877 2.42598
      vertex 14.6346 105.19 2.16666
    endloop
  endfacet
  facet normal 0.223778 0.740417 0.633803
    outer loop
      vertex 14.671 105.373 1.93935
      vertex 15.2448 105.005 2.16666
      vertex 15.3162 105.178 1.93935
    endloop
  endfacet
  facet normal 0.224696 0.741131 0.632642
    outer loop
      vertex 14.6346 105.19 2.16666
      vertex 15.2448 105.005 2.16666
      vertex 14.671 105.373 1.93935
    endloop
  endfacet
  facet normal 0.184147 0.609012 0.771488
    outer loop
      vertex 14.7153 105.596 1.75281
      vertex 15.3162 105.178 1.93935
      vertex 15.4032 105.388 1.75281
    endloop
  endfacet
  facet normal 0.184027 0.608895 0.771609
    outer loop
      vertex 14.671 105.373 1.93935
      vertex 15.3162 105.178 1.93935
      vertex 14.7153 105.596 1.75281
    endloop
  endfacet
  facet normal 0.137926 0.453492 0.880523
    outer loop
      vertex 14.7659 105.851 1.61418
      vertex 15.4032 105.388 1.75281
      vertex 15.5024 105.627 1.61418
    endloop
  endfacet
  facet normal 0.136693 0.452071 0.881446
    outer loop
      vertex 14.7153 105.596 1.75281
      vertex 15.4032 105.388 1.75281
      vertex 14.7659 105.851 1.61418
    endloop
  endfacet
  facet normal 0.0848093 0.278916 0.956563
    outer loop
      vertex 14.8208 106.127 1.52882
      vertex 15.5024 105.627 1.61418
      vertex 15.6101 105.887 1.52882
    endloop
  endfacet
  facet normal 0.0848433 0.27896 0.956547
    outer loop
      vertex 14.7659 105.851 1.61418
      vertex 15.5024 105.627 1.61418
      vertex 14.8208 106.127 1.52882
    endloop
  endfacet
  facet normal 0.0287111 0.094311 0.995129
    outer loop
      vertex 14.8779 106.414 1.5
      vertex 15.6101 105.887 1.52882
      vertex 15.7221 106.157 1.5
    endloop
  endfacet
  facet normal 0.0286521 0.0942294 0.995138
    outer loop
      vertex 14.8208 106.127 1.52882
      vertex 15.6101 105.887 1.52882
      vertex 14.8779 106.414 1.5
    endloop
  endfacet
  facet normal 0.0971963 0.990229 0.099993
    outer loop
      vertex 14 105.029 2.70737
      vertex 14.5853 104.942 3
      vertex 14.5909 104.971 2.70737
    endloop
  endfacet
  facet normal 0.0981354 0.990322 0.0981421
    outer loop
      vertex 14 105 3
      vertex 14.5853 104.942 3
      vertex 14 105.029 2.70737
    endloop
  endfacet
  facet normal 0.0941593 0.953363 0.286763
    outer loop
      vertex 14 105.114 2.42598
      vertex 14.5909 104.971 2.70737
      vertex 14.6075 105.054 2.42598
    endloop
  endfacet
  facet normal 0.09355 0.953081 0.287899
    outer loop
      vertex 14 105.029 2.70737
      vertex 14.5909 104.971 2.70737
      vertex 14 105.114 2.42598
    endloop
  endfacet
  facet normal 0.087208 0.878447 0.469814
    outer loop
      vertex 14 105.253 2.16666
      vertex 14.6075 105.054 2.42598
      vertex 14.6346 105.19 2.16666
    endloop
  endfacet
  facet normal 0.0867208 0.878048 0.470649
    outer loop
      vertex 14 105.114 2.42598
      vertex 14.6075 105.054 2.42598
      vertex 14 105.253 2.16666
    endloop
  endfacet
  facet normal 0.0758098 0.770733 0.632632
    outer loop
      vertex 14 105.439 1.93935
      vertex 14.6346 105.19 2.16666
      vertex 14.671 105.373 1.93935
    endloop
  endfacet
  facet normal 0.0766058 0.771651 0.631416
    outer loop
      vertex 14 105.253 2.16666
      vertex 14.6346 105.19 2.16666
      vertex 14 105.439 1.93935
    endloop
  endfacet
  facet normal 0.0628288 0.632978 0.771616
    outer loop
      vertex 14 105.667 1.75281
      vertex 14.671 105.373 1.93935
      vertex 14.7153 105.596 1.75281
    endloop
  endfacet
  facet normal 0.0621641 0.632002 0.772469
    outer loop
      vertex 14 105.439 1.93935
      vertex 14.671 105.373 1.93935
      vertex 14 105.667 1.75281
    endloop
  endfacet
  facet normal 0.0460298 0.470056 0.881436
    outer loop
      vertex 14 105.926 1.61418
      vertex 14.7153 105.596 1.75281
      vertex 14.7659 105.851 1.61418
    endloop
  endfacet
  facet normal 0.0467894 0.471387 0.880684
    outer loop
      vertex 14 105.667 1.75281
      vertex 14.7153 105.596 1.75281
      vertex 14 105.926 1.61418
    endloop
  endfacet
  facet normal 0.0282855 0.290209 0.956545
    outer loop
      vertex 14 106.207 1.52882
      vertex 14.7659 105.851 1.61418
      vertex 14.8208 106.127 1.52882
    endloop
  endfacet
  facet normal 0.0284508 0.29054 0.95644
    outer loop
      vertex 14 105.926 1.61418
      vertex 14.7659 105.851 1.61418
      vertex 14 106.207 1.52882
    endloop
  endfacet
  facet normal 0.00960209 0.0980195 0.995138
    outer loop
      vertex 14 106.5 1.5
      vertex 14.8208 106.127 1.52882
      vertex 14.8779 106.414 1.5
    endloop
  endfacet
  facet normal 0.00954044 0.0978849 0.995152
    outer loop
      vertex 14 106.207 1.52882
      vertex 14.8208 106.127 1.52882
      vertex 14 106.5 1.5
    endloop
  endfacet
  facet normal -0.0972142 0.990412 0.0981511
    outer loop
      vertex 13.4091 104.971 2.70737
      vertex 14 105 3
      vertex 14 105.029 2.70737
    endloop
  endfacet
  facet normal -0.0981172 0.990138 0.100002
    outer loop
      vertex 13.4091 104.971 2.70737
      vertex 13.4147 104.942 3
      vertex 14 105 3
    endloop
  endfacet
  facet normal -0.0941263 0.953029 0.287883
    outer loop
      vertex 13.3925 105.054 2.42598
      vertex 14 105.029 2.70737
      vertex 14 105.114 2.42598
    endloop
  endfacet
  facet normal -0.0935837 0.953424 0.286747
    outer loop
      vertex 13.3925 105.054 2.42598
      vertex 13.4091 104.971 2.70737
      vertex 14 105.029 2.70737
    endloop
  endfacet
  facet normal -0.087165 0.878014 0.470631
    outer loop
      vertex 13.3654 105.19 2.16666
      vertex 14 105.114 2.42598
      vertex 14 105.253 2.16666
    endloop
  endfacet
  facet normal -0.0867655 0.878501 0.469796
    outer loop
      vertex 13.3654 105.19 2.16666
      vertex 13.3925 105.054 2.42598
      vertex 14 105.114 2.42598
    endloop
  endfacet
  facet normal -0.0759042 0.771693 0.63145
    outer loop
      vertex 13.329 105.373 1.93935
      vertex 14 105.253 2.16666
      vertex 14 105.439 1.93935
    endloop
  endfacet
  facet normal -0.0765051 0.770637 0.632666
    outer loop
      vertex 13.329 105.373 1.93935
      vertex 13.3654 105.19 2.16666
      vertex 14 105.253 2.16666
    endloop
  endfacet
  facet normal -0.0627297 0.63198 0.772442
    outer loop
      vertex 13.2847 105.596 1.75281
      vertex 14 105.439 1.93935
      vertex 14 105.667 1.75281
    endloop
  endfacet
  facet normal -0.0622688 0.633066 0.771589
    outer loop
      vertex 13.2847 105.596 1.75281
      vertex 13.329 105.373 1.93935
      vertex 14 105.439 1.93935
    endloop
  endfacet
  facet normal -0.0461615 0.471401 0.88071
    outer loop
      vertex 13.2341 105.851 1.61418
      vertex 14 105.667 1.75281
      vertex 14 105.926 1.61418
    endloop
  endfacet
  facet normal -0.0466465 0.469948 0.881461
    outer loop
      vertex 13.2341 105.851 1.61418
      vertex 13.2847 105.596 1.75281
      vertex 14 105.667 1.75281
    endloop
  endfacet
  facet normal -0.0283178 0.290541 0.956443
    outer loop
      vertex 13.1792 106.127 1.52882
      vertex 14 105.926 1.61418
      vertex 14 106.207 1.52882
    endloop
  endfacet
  facet normal -0.028416 0.290185 0.956549
    outer loop
      vertex 13.1792 106.127 1.52882
      vertex 13.2341 105.851 1.61418
      vertex 14 105.926 1.61418
    endloop
  endfacet
  facet normal -0.0095889 0.0978849 0.995152
    outer loop
      vertex 13.1221 106.414 1.5
      vertex 14 106.207 1.52882
      vertex 14 106.5 1.5
    endloop
  endfacet
  facet normal -0.00955448 0.0980289 0.995138
    outer loop
      vertex 13.1221 106.414 1.5
      vertex 13.1792 106.127 1.52882
      vertex 14 106.207 1.52882
    endloop
  endfacet
  facet normal -0.289812 0.951858 0.0998764
    outer loop
      vertex 12.8409 104.798 2.70737
      vertex 13.4147 104.942 3
      vertex 13.4091 104.971 2.70737
    endloop
  endfacet
  facet normal -0.28788 0.952884 0.0955831
    outer loop
      vertex 12.8409 104.798 2.70737
      vertex 12.852 104.772 3
      vertex 13.4147 104.942 3
    endloop
  endfacet
  facet normal -0.277779 0.916828 0.286819
    outer loop
      vertex 12.8083 104.877 2.42598
      vertex 13.4091 104.971 2.70737
      vertex 13.3925 105.054 2.42598
    endloop
  endfacet
  facet normal -0.278806 0.915709 0.289385
    outer loop
      vertex 12.8083 104.877 2.42598
      vertex 12.8409 104.798 2.70737
      vertex 13.4091 104.971 2.70737
    endloop
  endfacet
  facet normal -0.256123 0.844792 0.469816
    outer loop
      vertex 12.7552 105.005 2.16666
      vertex 13.3925 105.054 2.42598
      vertex 13.3654 105.19 2.16666
    endloop
  endfacet
  facet normal -0.256015 0.844994 0.469511
    outer loop
      vertex 12.7552 105.005 2.16666
      vertex 12.8083 104.877 2.42598
      vertex 13.3925 105.054 2.42598
    endloop
  endfacet
  facet normal -0.224045 0.741301 0.632675
    outer loop
      vertex 12.6838 105.178 1.93935
      vertex 13.3654 105.19 2.16666
      vertex 13.329 105.373 1.93935
    endloop
  endfacet
  facet normal -0.224412 0.740197 0.633835
    outer loop
      vertex 12.6838 105.178 1.93935
      vertex 12.7552 105.005 2.16666
      vertex 13.3654 105.19 2.16666
    endloop
  endfacet
  facet normal -0.184106 0.608876 0.771605
    outer loop
      vertex 12.5968 105.388 1.75281
      vertex 13.329 105.373 1.93935
      vertex 13.2847 105.596 1.75281
    endloop
  endfacet
  facet normal -0.184071 0.60904 0.771484
    outer loop
      vertex 12.5968 105.388 1.75281
      vertex 12.6838 105.178 1.93935
      vertex 13.329 105.373 1.93935
    endloop
  endfacet
  facet normal -0.137443 0.451905 0.881414
    outer loop
      vertex 12.4976 105.627 1.61418
      vertex 13.2847 105.596 1.75281
      vertex 13.2341 105.851 1.61418
    endloop
  endfacet
  facet normal -0.137207 0.453772 0.880491
    outer loop
      vertex 12.4976 105.627 1.61418
      vertex 12.5968 105.388 1.75281
      vertex 13.2847 105.596 1.75281
    endloop
  endfacet
  facet normal -0.0848238 0.278964 0.956548
    outer loop
      vertex 12.3899 105.887 1.52882
      vertex 13.2341 105.851 1.61418
      vertex 13.1792 106.127 1.52882
    endloop
  endfacet
  facet normal -0.0848277 0.278909 0.956564
    outer loop
      vertex 12.3899 105.887 1.52882
      vertex 12.4976 105.627 1.61418
      vertex 13.2341 105.851 1.61418
    endloop
  endfacet
  facet normal -0.0286843 0.094223 0.995138
    outer loop
      vertex 12.2779 106.157 1.5
      vertex 13.1792 106.127 1.52882
      vertex 13.1221 106.414 1.5
    endloop
  endfacet
  facet normal -0.0286807 0.0943236 0.995128
    outer loop
      vertex 12.2779 106.157 1.5
      vertex 12.3899 105.887 1.52882
      vertex 13.1792 106.127 1.52882
    endloop
  endfacet
  facet normal -0.469398 0.877775 0.0957949
    outer loop
      vertex 12.3173 104.518 2.70737
      vertex 12.852 104.772 3
      vertex 12.8409 104.798 2.70737
    endloop
  endfacet
  facet normal -0.470129 0.877179 0.0976468
    outer loop
      vertex 12.3173 104.518 2.70737
      vertex 12.3333 104.494 3
      vertex 12.852 104.772 3
    endloop
  endfacet
  facet normal -0.451509 0.844071 0.289281
    outer loop
      vertex 12.2699 104.589 2.42598
      vertex 12.8409 104.798 2.70737
      vertex 12.8083 104.877 2.42598
    endloop
  endfacet
  facet normal -0.451438 0.844189 0.289049
    outer loop
      vertex 12.2699 104.589 2.42598
      vertex 12.3173 104.518 2.70737
      vertex 12.8409 104.798 2.70737
    endloop
  endfacet
  facet normal -0.415532 0.778984 0.469592
    outer loop
      vertex 12.1928 104.705 2.16666
      vertex 12.8083 104.877 2.42598
      vertex 12.7552 105.005 2.16666
    endloop
  endfacet
  facet normal -0.415953 0.777601 0.471509
    outer loop
      vertex 12.1928 104.705 2.16666
      vertex 12.2699 104.589 2.42598
      vertex 12.8083 104.877 2.42598
    endloop
  endfacet
  facet normal -0.364809 0.682123 0.633737
    outer loop
      vertex 12.0892 104.86 1.93935
      vertex 12.7552 105.005 2.16666
      vertex 12.6838 105.178 1.93935
    endloop
  endfacet
  facet normal -0.364628 0.683557 0.632294
    outer loop
      vertex 12.0892 104.86 1.93935
      vertex 12.1928 104.705 2.16666
      vertex 12.7552 105.005 2.16666
    endloop
  endfacet
  facet normal -0.300028 0.561026 0.771513
    outer loop
      vertex 11.9629 105.049 1.75281
      vertex 12.6838 105.178 1.93935
      vertex 12.5968 105.388 1.75281
    endloop
  endfacet
  facet normal -0.300029 0.560997 0.771534
    outer loop
      vertex 11.9629 105.049 1.75281
      vertex 12.0892 104.86 1.93935
      vertex 12.6838 105.178 1.93935
    endloop
  endfacet
  facet normal -0.223518 0.417972 0.880533
    outer loop
      vertex 11.8188 105.264 1.61418
      vertex 12.5968 105.388 1.75281
      vertex 12.4976 105.627 1.61418
    endloop
  endfacet
  facet normal -0.223517 0.417957 0.880541
    outer loop
      vertex 11.8188 105.264 1.61418
      vertex 11.9629 105.049 1.75281
      vertex 12.5968 105.388 1.75281
    endloop
  endfacet
  facet normal -0.137488 0.257093 0.956556
    outer loop
      vertex 11.6625 105.498 1.52882
      vertex 12.4976 105.627 1.61418
      vertex 12.3899 105.887 1.52882
    endloop
  endfacet
  facet normal -0.13749 0.257102 0.956554
    outer loop
      vertex 11.6625 105.498 1.52882
      vertex 11.8188 105.264 1.61418
      vertex 12.4976 105.627 1.61418
    endloop
  endfacet
  facet normal -0.0463945 0.0869757 0.99513
    outer loop
      vertex 11.4999 105.742 1.5
      vertex 12.3899 105.887 1.52882
      vertex 12.2779 106.157 1.5
    endloop
  endfacet
  facet normal -0.046344 0.0866597 0.995159
    outer loop
      vertex 11.4999 105.742 1.5
      vertex 11.6625 105.498 1.52882
      vertex 12.3899 105.887 1.52882
    endloop
  endfacet
  facet normal -0.63067 0.769887 0.097625
    outer loop
      vertex 11.8583 104.142 2.70737
      vertex 12.3333 104.494 3
      vertex 12.3173 104.518 2.70737
    endloop
  endfacet
  facet normal -0.631182 0.769264 0.099206
    outer loop
      vertex 11.8583 104.142 2.70737
      vertex 11.8787 104.121 3
      vertex 12.3333 104.494 3
    endloop
  endfacet
  facet normal -0.606979 0.740294 0.289035
    outer loop
      vertex 11.7979 104.202 2.42598
      vertex 12.3173 104.518 2.70737
      vertex 12.2699 104.589 2.42598
    endloop
  endfacet
  facet normal -0.606809 0.740759 0.288201
    outer loop
      vertex 11.7979 104.202 2.42598
      vertex 11.8583 104.142 2.70737
      vertex 12.3173 104.518 2.70737
    endloop
  endfacet
  facet normal -0.55992 0.681444 0.471299
    outer loop
      vertex 11.6999 104.3 2.16666
      vertex 12.2699 104.589 2.42598
      vertex 12.1928 104.705 2.16666
    endloop
  endfacet
  facet normal -0.559792 0.682744 0.469568
    outer loop
      vertex 11.6999 104.3 2.16666
      vertex 11.7979 104.202 2.42598
      vertex 12.2699 104.589 2.42598
    endloop
  endfacet
  facet normal -0.491646 0.598706 0.632326
    outer loop
      vertex 11.568 104.432 1.93935
      vertex 12.1928 104.705 2.16666
      vertex 12.0892 104.86 1.93935
    endloop
  endfacet
  facet normal -0.491618 0.598318 0.632715
    outer loop
      vertex 11.568 104.432 1.93935
      vertex 11.6999 104.3 2.16666
      vertex 12.1928 104.705 2.16666
    endloop
  endfacet
  facet normal -0.403613 0.491771 0.771529
    outer loop
      vertex 11.4073 104.593 1.75281
      vertex 12.0892 104.86 1.93935
      vertex 11.9629 105.049 1.75281
    endloop
  endfacet
  facet normal -0.403547 0.491422 0.771786
    outer loop
      vertex 11.4073 104.593 1.75281
      vertex 11.568 104.432 1.93935
      vertex 12.0892 104.86 1.93935
    endloop
  endfacet
  facet normal -0.300536 0.366371 0.880596
    outer loop
      vertex 11.2239 104.776 1.61418
      vertex 11.9629 105.049 1.75281
      vertex 11.8188 105.264 1.61418
    endloop
  endfacet
  facet normal -0.300458 0.366084 0.880743
    outer loop
      vertex 11.2239 104.776 1.61418
      vertex 11.4073 104.593 1.75281
      vertex 11.9629 105.049 1.75281
    endloop
  endfacet
  facet normal -0.184909 0.225427 0.956552
    outer loop
      vertex 11.0249 104.975 1.52882
      vertex 11.8188 105.264 1.61418
      vertex 11.6625 105.498 1.52882
    endloop
  endfacet
  facet normal -0.184903 0.225407 0.956558
    outer loop
      vertex 11.0249 104.975 1.52882
      vertex 11.2239 104.776 1.61418
      vertex 11.8188 105.264 1.61418
    endloop
  endfacet
  facet normal -0.0623876 0.075968 0.995157
    outer loop
      vertex 10.818 105.182 1.5
      vertex 11.6625 105.498 1.52882
      vertex 11.4999 105.742 1.5
    endloop
  endfacet
  facet normal -0.0624484 0.0761322 0.99514
    outer loop
      vertex 10.818 105.182 1.5
      vertex 11.0249 104.975 1.52882
      vertex 11.6625 105.498 1.52882
    endloop
  endfacet
  facet normal -0.769212 0.63129 0.098927
    outer loop
      vertex 11.4816 103.683 2.70737
      vertex 11.8787 104.121 3
      vertex 11.8583 104.142 2.70737
    endloop
  endfacet
  facet normal -0.768894 0.631882 0.0976098
    outer loop
      vertex 11.4816 103.683 2.70737
      vertex 11.5056 103.667 3
      vertex 11.8787 104.121 3
    endloop
  endfacet
  facet normal -0.74029 0.607289 0.288393
    outer loop
      vertex 11.4107 103.73 2.42598
      vertex 11.8583 104.142 2.70737
      vertex 11.7979 104.202 2.42598
    endloop
  endfacet
  facet normal -0.740254 0.607524 0.28799
    outer loop
      vertex 11.4107 103.73 2.42598
      vertex 11.4816 103.683 2.70737
      vertex 11.8583 104.142 2.70737
    endloop
  endfacet
  facet normal -0.682547 0.560021 0.469581
    outer loop
      vertex 11.2954 103.807 2.16666
      vertex 11.7979 104.202 2.42598
      vertex 11.6999 104.3 2.16666
    endloop
  endfacet
  facet normal -0.682536 0.559911 0.469727
    outer loop
      vertex 11.2954 103.807 2.16666
      vertex 11.4107 103.73 2.42598
      vertex 11.7979 104.202 2.42598
    endloop
  endfacet
  facet normal -0.598565 0.491375 0.63267
    outer loop
      vertex 11.1403 103.911 1.93935
      vertex 11.6999 104.3 2.16666
      vertex 11.568 104.432 1.93935
    endloop
  endfacet
  facet normal -0.598473 0.491039 0.633017
    outer loop
      vertex 11.1403 103.911 1.93935
      vertex 11.2954 103.807 2.16666
      vertex 11.6999 104.3 2.16666
    endloop
  endfacet
  facet normal -0.491744 0.403301 0.77171
    outer loop
      vertex 10.9513 104.037 1.75281
      vertex 11.568 104.432 1.93935
      vertex 11.4073 104.593 1.75281
    endloop
  endfacet
  facet normal -0.491976 0.403873 0.771263
    outer loop
      vertex 10.9513 104.037 1.75281
      vertex 11.1403 103.911 1.93935
      vertex 11.568 104.432 1.93935
    endloop
  endfacet
  facet normal -0.366068 0.30036 0.880782
    outer loop
      vertex 10.7357 104.181 1.61418
      vertex 11.4073 104.593 1.75281
      vertex 11.2239 104.776 1.61418
    endloop
  endfacet
  facet normal -0.365956 0.300137 0.880905
    outer loop
      vertex 10.7357 104.181 1.61418
      vertex 10.9513 104.037 1.75281
      vertex 11.4073 104.593 1.75281
    endloop
  endfacet
  facet normal -0.225437 0.184873 0.956556
    outer loop
      vertex 10.5017 104.337 1.52882
      vertex 11.2239 104.776 1.61418
      vertex 11.0249 104.975 1.52882
    endloop
  endfacet
  facet normal -0.225543 0.185059 0.956495
    outer loop
      vertex 10.5017 104.337 1.52882
      vertex 10.7357 104.181 1.61418
      vertex 11.2239 104.776 1.61418
    endloop
  endfacet
  facet normal -0.0761247 0.0624625 0.99514
    outer loop
      vertex 10.2584 104.5 1.5
      vertex 11.0249 104.975 1.52882
      vertex 10.818 105.182 1.5
    endloop
  endfacet
  facet normal -0.0760807 0.0623909 0.995148
    outer loop
      vertex 10.2584 104.5 1.5
      vertex 10.5017 104.337 1.52882
      vertex 11.0249 104.975 1.52882
    endloop
  endfacet
  facet normal -0.877836 0.468905 0.0976337
    outer loop
      vertex 11.2017 103.159 2.70737
      vertex 11.5056 103.667 3
      vertex 11.4816 103.683 2.70737
    endloop
  endfacet
  facet normal -0.877849 0.468863 0.0977208
    outer loop
      vertex 11.2017 103.159 2.70737
      vertex 11.2284 103.148 3
      vertex 11.5056 103.667 3
    endloop
  endfacet
  facet normal -0.844352 0.451681 0.288189
    outer loop
      vertex 11.1229 103.192 2.42598
      vertex 11.4816 103.683 2.70737
      vertex 11.4107 103.73 2.42598
    endloop
  endfacet
  facet normal -0.844323 0.451004 0.289334
    outer loop
      vertex 11.1229 103.192 2.42598
      vertex 11.2017 103.159 2.70737
      vertex 11.4816 103.683 2.70737
    endloop
  endfacet
  facet normal -0.778443 0.41637 0.469748
    outer loop
      vertex 10.9948 103.245 2.16666
      vertex 11.4107 103.73 2.42598
      vertex 11.2954 103.807 2.16666
    endloop
  endfacet
  facet normal -0.778462 0.416434 0.469659
    outer loop
      vertex 10.9948 103.245 2.16666
      vertex 11.1229 103.192 2.42598
      vertex 11.4107 103.73 2.42598
    endloop
  endfacet
  facet normal -0.682939 0.36477 0.63288
    outer loop
      vertex 10.8225 103.316 1.93935
      vertex 11.2954 103.807 2.16666
      vertex 11.1403 103.911 1.93935
    endloop
  endfacet
  facet normal -0.683293 0.365477 0.63209
    outer loop
      vertex 10.8225 103.316 1.93935
      vertex 10.9948 103.245 2.16666
      vertex 11.2954 103.807 2.16666
    endloop
  endfacet
  facet normal -0.561317 0.299959 0.771329
    outer loop
      vertex 10.6125 103.403 1.75281
      vertex 11.1403 103.911 1.93935
      vertex 10.9513 104.037 1.75281
    endloop
  endfacet
  facet normal -0.561165 0.299728 0.771529
    outer loop
      vertex 10.6125 103.403 1.75281
      vertex 10.8225 103.316 1.93935
      vertex 11.1403 103.911 1.93935
    endloop
  endfacet
  facet normal -0.417444 0.223047 0.880903
    outer loop
      vertex 10.3729 103.502 1.61418
      vertex 10.9513 104.037 1.75281
      vertex 10.7357 104.181 1.61418
    endloop
  endfacet
  facet normal -0.417483 0.223096 0.880872
    outer loop
      vertex 10.3729 103.502 1.61418
      vertex 10.6125 103.403 1.75281
      vertex 10.9513 104.037 1.75281
    endloop
  endfacet
  facet normal -0.257216 0.13756 0.956513
    outer loop
      vertex 10.1129 103.61 1.52882
      vertex 10.7357 104.181 1.61418
      vertex 10.5017 104.337 1.52882
    endloop
  endfacet
  facet normal -0.257016 0.137327 0.9566
    outer loop
      vertex 10.1129 103.61 1.52882
      vertex 10.3729 103.502 1.61418
      vertex 10.7357 104.181 1.61418
    endloop
  endfacet
  facet normal -0.0867969 0.0463951 0.995145
    outer loop
      vertex 9.84254 103.722 1.5
      vertex 10.5017 104.337 1.52882
      vertex 10.2584 104.5 1.5
    endloop
  endfacet
  facet normal -0.086841 0.0464426 0.995139
    outer loop
      vertex 9.84254 103.722 1.5
      vertex 10.1129 103.61 1.52882
      vertex 10.5017 104.337 1.52882
    endloop
  endfacet
  facet normal -0.952358 0.288893 0.0977541
    outer loop
      vertex 11.0294 102.591 2.70737
      vertex 11.2284 103.148 3
      vertex 11.2017 103.159 2.70737
    endloop
  endfacet
  facet normal -0.952355 0.28892 0.0976999
    outer loop
      vertex 11.0294 102.591 2.70737
      vertex 11.0576 102.585 3
      vertex 11.2284 103.148 3
    endloop
  endfacet
  facet normal -0.916051 0.277952 0.289126
    outer loop
      vertex 10.9457 102.608 2.42598
      vertex 11.2017 103.159 2.70737
      vertex 11.1229 103.192 2.42598
    endloop
  endfacet
  facet normal -0.916031 0.277874 0.289263
    outer loop
      vertex 10.9457 102.608 2.42598
      vertex 11.0294 102.591 2.70737
      vertex 11.2017 103.159 2.70737
    endloop
  endfacet
  facet normal -0.844788 0.256345 0.469704
    outer loop
      vertex 10.8097 102.635 2.16666
      vertex 11.1229 103.192 2.42598
      vertex 10.9948 103.245 2.16666
    endloop
  endfacet
  facet normal -0.844778 0.256326 0.469731
    outer loop
      vertex 10.8097 102.635 2.16666
      vertex 10.9457 102.608 2.42598
      vertex 11.1229 103.192 2.42598
    endloop
  endfacet
  facet normal -0.741363 0.225052 0.632244
    outer loop
      vertex 10.6267 102.671 1.93935
      vertex 10.9948 103.245 2.16666
      vertex 10.8225 103.316 1.93935
    endloop
  endfacet
  facet normal -0.74127 0.224933 0.632396
    outer loop
      vertex 10.6267 102.671 1.93935
      vertex 10.8097 102.635 2.16666
      vertex 10.9948 103.245 2.16666
    endloop
  endfacet
  facet normal -0.608816 0.18468 0.771516
    outer loop
      vertex 10.4038 102.715 1.75281
      vertex 10.8225 103.316 1.93935
      vertex 10.6125 103.403 1.75281
    endloop
  endfacet
  facet normal -0.609006 0.184873 0.771319
    outer loop
      vertex 10.4038 102.715 1.75281
      vertex 10.6267 102.671 1.93935
      vertex 10.8225 103.316 1.93935
    endloop
  endfacet
  facet normal -0.452885 0.137465 0.880908
    outer loop
      vertex 10.1495 102.766 1.61418
      vertex 10.6125 103.403 1.75281
      vertex 10.3729 103.502 1.61418
    endloop
  endfacet
  facet normal -0.452733 0.137333 0.881007
    outer loop
      vertex 10.1495 102.766 1.61418
      vertex 10.4038 102.715 1.75281
      vertex 10.6125 103.403 1.75281
    endloop
  endfacet
  facet normal -0.278899 0.0846313 0.956584
    outer loop
      vertex 9.87348 102.821 1.52882
      vertex 10.3729 103.502 1.61418
      vertex 10.1129 103.61 1.52882
    endloop
  endfacet
  facet normal -0.278949 0.0846702 0.956566
    outer loop
      vertex 9.87348 102.821 1.52882
      vertex 10.1495 102.766 1.61418
      vertex 10.3729 103.502 1.61418
    endloop
  endfacet
  facet normal -0.0942362 0.0285913 0.995139
    outer loop
      vertex 9.58647 102.878 1.5
      vertex 10.1129 103.61 1.52882
      vertex 9.84254 103.722 1.5
    endloop
  endfacet
  facet normal -0.0942467 0.0285989 0.995138
    outer loop
      vertex 9.58647 102.878 1.5
      vertex 9.87348 102.821 1.52882
      vertex 10.1129 103.61 1.52882
    endloop
  endfacet
  facet normal -0.99045 0.0975367 0.097447
    outer loop
      vertex 10.9712 102 2.70737
      vertex 11.0576 102.585 3
      vertex 11.0294 102.591 2.70737
    endloop
  endfacet
  facet normal -0.990448 0.0975211 0.0974777
    outer loop
      vertex 10.9712 102 2.70737
      vertex 11 102 3
      vertex 11.0576 102.585 3
    endloop
  endfacet
  facet normal -0.952701 0.0938598 0.289053
    outer loop
      vertex 10.8858 102 2.42598
      vertex 11.0294 102.591 2.70737
      vertex 10.9457 102.608 2.42598
    endloop
  endfacet
  facet normal -0.952681 0.0938173 0.289132
    outer loop
      vertex 10.8858 102 2.42598
      vertex 10.9712 102 2.70737
      vertex 11.0294 102.591 2.70737
    endloop
  endfacet
  facet normal -0.87855 0.0864715 0.469758
    outer loop
      vertex 10.7472 102 2.16666
      vertex 10.9457 102.608 2.42598
      vertex 10.8097 102.635 2.16666
    endloop
  endfacet
  facet normal -0.878624 0.0865618 0.469602
    outer loop
      vertex 10.7472 102 2.16666
      vertex 10.8858 102 2.42598
      vertex 10.9457 102.608 2.42598
    endloop
  endfacet
  facet normal -0.770798 0.0758162 0.632552
    outer loop
      vertex 10.5607 102 1.93935
      vertex 10.8097 102.635 2.16666
      vertex 10.6267 102.671 1.93935
    endloop
  endfacet
  facet normal -0.770863 0.0758723 0.632466
    outer loop
      vertex 10.5607 102 1.93935
      vertex 10.7472 102 2.16666
      vertex 10.8097 102.635 2.16666
    endloop
  endfacet
  facet normal -0.633257 0.0624401 0.771418
    outer loop
      vertex 10.3333 102 1.75281
      vertex 10.6267 102.671 1.93935
      vertex 10.4038 102.715 1.75281
    endloop
  endfacet
  facet normal -0.632995 0.0622618 0.771648
    outer loop
      vertex 10.3333 102 1.75281
      vertex 10.5607 102 1.93935
      vertex 10.6267 102.671 1.93935
    endloop
  endfacet
  facet normal -0.470933 0.0464171 0.880947
    outer loop
      vertex 10.074 102 1.61418
      vertex 10.4038 102.715 1.75281
      vertex 10.1495 102.766 1.61418
    endloop
  endfacet
  facet normal -0.470971 0.0464384 0.880926
    outer loop
      vertex 10.074 102 1.61418
      vertex 10.3333 102 1.75281
      vertex 10.4038 102.715 1.75281
    endloop
  endfacet
  facet normal -0.290126 0.0285709 0.956562
    outer loop
      vertex 9.79263 102 1.52882
      vertex 10.1495 102.766 1.61418
      vertex 9.87348 102.821 1.52882
    endloop
  endfacet
  facet normal -0.290189 0.0286022 0.956542
    outer loop
      vertex 9.79263 102 1.52882
      vertex 10.074 102 1.61418
      vertex 10.1495 102.766 1.61418
    endloop
  endfacet
  facet normal -0.0980095 0.00965248 0.995139
    outer loop
      vertex 9.5 102 1.5
      vertex 9.87348 102.821 1.52882
      vertex 9.58647 102.878 1.5
    endloop
  endfacet
  facet normal -0.0980074 0.00965152 0.995139
    outer loop
      vertex 9.5 102 1.5
      vertex 9.79263 102 1.52882
      vertex 9.87348 102.821 1.52882
    endloop
  endfacet
  facet normal -0.990447 -0.0975364 0.0974776
    outer loop
      vertex 10.9712 102 2.70737
      vertex 11.0294 101.409 2.70737
      vertex 11 102 3
    endloop
  endfacet
  facet normal -0.990451 -0.0975214 0.0974468
    outer loop
      vertex 11 102 3
      vertex 11.0294 101.409 2.70737
      vertex 11.0576 101.415 3
    endloop
  endfacet
  facet normal -0.952677 -0.0938575 0.289131
    outer loop
      vertex 10.8858 102 2.42598
      vertex 10.9457 101.392 2.42598
      vertex 10.9712 102 2.70737
    endloop
  endfacet
  facet normal -0.952705 -0.0938197 0.289052
    outer loop
      vertex 10.9457 101.392 2.42598
      vertex 11.0294 101.409 2.70737
      vertex 10.9712 102 2.70737
    endloop
  endfacet
  facet normal -0.878631 -0.0864794 0.469606
    outer loop
      vertex 10.7472 102 2.16666
      vertex 10.8097 101.365 2.16666
      vertex 10.8858 102 2.42598
    endloop
  endfacet
  facet normal -0.87854 -0.0865536 0.469761
    outer loop
      vertex 10.8097 101.365 2.16666
      vertex 10.9457 101.392 2.42598
      vertex 10.8858 102 2.42598
    endloop
  endfacet
  facet normal -0.770866 -0.0758229 0.632469
    outer loop
      vertex 10.5607 102 1.93935
      vertex 10.6267 101.329 1.93935
      vertex 10.7472 102 2.16666
    endloop
  endfacet
  facet normal -0.770791 -0.0758653 0.632554
    outer loop
      vertex 10.6267 101.329 1.93935
      vertex 10.8097 101.365 2.16666
      vertex 10.7472 102 2.16666
    endloop
  endfacet
  facet normal -0.632989 -0.0624136 0.77164
    outer loop
      vertex 10.3333 102 1.75281
      vertex 10.4038 101.285 1.75281
      vertex 10.5607 102 1.93935
    endloop
  endfacet
  facet normal -0.633281 -0.0622899 0.771411
    outer loop
      vertex 10.4038 101.285 1.75281
      vertex 10.6267 101.329 1.93935
      vertex 10.5607 102 1.93935
    endloop
  endfacet
  facet normal -0.470971 -0.0464208 0.880926
    outer loop
      vertex 10.074 102 1.61418
      vertex 10.1495 101.234 1.61418
      vertex 10.3333 102 1.75281
    endloop
  endfacet
  facet normal -0.47093 -0.0464344 0.880947
    outer loop
      vertex 10.1495 101.234 1.61418
      vertex 10.4038 101.285 1.75281
      vertex 10.3333 102 1.75281
    endloop
  endfacet
  facet normal -0.290189 -0.0285771 0.956543
    outer loop
      vertex 9.79263 102 1.52882
      vertex 9.87348 101.179 1.52882
      vertex 10.074 102 1.61418
    endloop
  endfacet
  facet normal -0.290122 -0.0285956 0.956562
    outer loop
      vertex 9.87348 101.179 1.52882
      vertex 10.1495 101.234 1.61418
      vertex 10.074 102 1.61418
    endloop
  endfacet
  facet normal -0.0980074 -0.00965228 0.995139
    outer loop
      vertex 9.5 102 1.5
      vertex 9.58647 101.122 1.5
      vertex 9.79263 102 1.52882
    endloop
  endfacet
  facet normal -0.0980096 -0.00965174 0.995139
    outer loop
      vertex 9.58647 101.122 1.5
      vertex 9.87348 101.179 1.52882
      vertex 9.79263 102 1.52882
    endloop
  endfacet
  facet normal -0.952363 -0.288895 0.0977001
    outer loop
      vertex 11.0294 101.409 2.70737
      vertex 11.2017 100.841 2.70737
      vertex 11.0576 101.415 3
    endloop
  endfacet
  facet normal -0.95235 -0.288919 0.0977543
    outer loop
      vertex 11.0576 101.415 3
      vertex 11.2017 100.841 2.70737
      vertex 11.2284 100.852 3
    endloop
  endfacet
  facet normal -0.916012 -0.27794 0.289261
    outer loop
      vertex 10.9457 101.392 2.42598
      vertex 11.1229 100.808 2.42598
      vertex 11.0294 101.409 2.70737
    endloop
  endfacet
  facet normal -0.916071 -0.277886 0.289124
    outer loop
      vertex 11.0294 101.409 2.70737
      vertex 11.1229 100.808 2.42598
      vertex 11.2017 100.841 2.70737
    endloop
  endfacet
  facet normal -0.844774 -0.25634 0.46973
    outer loop
      vertex 10.8097 101.365 2.16666
      vertex 10.9948 100.755 2.16666
      vertex 10.9457 101.392 2.42598
    endloop
  endfacet
  facet normal -0.844792 -0.256331 0.469703
    outer loop
      vertex 10.9457 101.392 2.42598
      vertex 10.9948 100.755 2.16666
      vertex 11.1229 100.808 2.42598
    endloop
  endfacet
  facet normal -0.741248 -0.225017 0.632392
    outer loop
      vertex 10.6267 101.329 1.93935
      vertex 10.8225 100.684 1.93935
      vertex 10.8097 101.365 2.16666
    endloop
  endfacet
  facet normal -0.741391 -0.22497 0.63224
    outer loop
      vertex 10.8097 101.365 2.16666
      vertex 10.8225 100.684 1.93935
      vertex 10.9948 100.755 2.16666
    endloop
  endfacet
  facet normal -0.609036 -0.184747 0.771326
    outer loop
      vertex 10.4038 101.285 1.75281
      vertex 10.6125 100.597 1.75281
      vertex 10.6267 101.329 1.93935
    endloop
  endfacet
  facet normal -0.608771 -0.184802 0.771522
    outer loop
      vertex 10.6125 100.597 1.75281
      vertex 10.8225 100.684 1.93935
      vertex 10.6267 101.329 1.93935
    endloop
  endfacet
  facet normal -0.452715 -0.137414 0.881003
    outer loop
      vertex 10.1495 101.234 1.61418
      vertex 10.3729 100.498 1.61418
      vertex 10.4038 101.285 1.75281
    endloop
  endfacet
  facet normal -0.452915 -0.137388 0.880905
    outer loop
      vertex 10.3729 100.498 1.61418
      vertex 10.6125 100.597 1.75281
      vertex 10.4038 101.285 1.75281
    endloop
  endfacet
  facet normal -0.278954 -0.0846479 0.956566
    outer loop
      vertex 9.87348 101.179 1.52882
      vertex 10.1129 100.39 1.52882
      vertex 10.1495 101.234 1.61418
    endloop
  endfacet
  facet normal -0.278891 -0.0846524 0.956585
    outer loop
      vertex 10.1129 100.39 1.52882
      vertex 10.3729 100.498 1.61418
      vertex 10.1495 101.234 1.61418
    endloop
  endfacet
  facet normal -0.0942475 -0.0285947 0.995138
    outer loop
      vertex 9.58647 101.122 1.5
      vertex 9.84254 100.278 1.5
      vertex 9.87348 101.179 1.52882
    endloop
  endfacet
  facet normal -0.0942345 -0.0285952 0.995139
    outer loop
      vertex 9.84254 100.278 1.5
      vertex 10.1129 100.39 1.52882
      vertex 9.87348 101.179 1.52882
    endloop
  endfacet
  facet normal -0.877828 -0.468901 0.0977204
    outer loop
      vertex 11.2017 100.841 2.70737
      vertex 11.4816 100.317 2.70737
      vertex 11.2284 100.852 3
    endloop
  endfacet
  facet normal -0.877856 -0.468867 0.0976333
    outer loop
      vertex 11.2284 100.852 3
      vertex 11.4816 100.317 2.70737
      vertex 11.5056 100.333 3
    endloop
  endfacet
  facet normal -0.844052 -0.451521 0.289319
    outer loop
      vertex 11.1229 100.808 2.42598
      vertex 11.4107 100.27 2.42598
      vertex 11.2017 100.841 2.70737
    endloop
  endfacet
  facet normal -0.844632 -0.451169 0.288174
    outer loop
      vertex 11.2017 100.841 2.70737
      vertex 11.4107 100.27 2.42598
      vertex 11.4816 100.317 2.70737
    endloop
  endfacet
  facet normal -0.778483 -0.416392 0.469661
    outer loop
      vertex 10.9948 100.755 2.16666
      vertex 11.2954 100.193 2.16666
      vertex 11.1229 100.808 2.42598
    endloop
  endfacet
  facet normal -0.77842 -0.416411 0.46975
    outer loop
      vertex 11.1229 100.808 2.42598
      vertex 11.2954 100.193 2.16666
      vertex 11.4107 100.27 2.42598
    endloop
  endfacet
  facet normal -0.683492 -0.365065 0.632112
    outer loop
      vertex 10.8225 100.684 1.93935
      vertex 11.1403 100.089 1.93935
      vertex 10.9948 100.755 2.16666
    endloop
  endfacet
  facet normal -0.682708 -0.365164 0.632902
    outer loop
      vertex 10.9948 100.755 2.16666
      vertex 11.1403 100.089 1.93935
      vertex 11.2954 100.193 2.16666
    endloop
  endfacet
  facet normal -0.561127 -0.29981 0.771525
    outer loop
      vertex 10.6125 100.597 1.75281
      vertex 10.9513 99.9629 1.75281
      vertex 10.8225 100.684 1.93935
    endloop
  endfacet
  facet normal -0.561316 -0.299809 0.771388
    outer loop
      vertex 10.8225 100.684 1.93935
      vertex 10.9513 99.9629 1.75281
      vertex 11.1403 100.089 1.93935
    endloop
  endfacet
  facet normal -0.417516 -0.22302 0.880876
    outer loop
      vertex 10.3729 100.498 1.61418
      vertex 10.7357 99.8188 1.61418
      vertex 10.6125 100.597 1.75281
    endloop
  endfacet
  facet normal -0.417388 -0.22301 0.880939
    outer loop
      vertex 10.6125 100.597 1.75281
      vertex 10.7357 99.8188 1.61418
      vertex 10.9513 99.9629 1.75281
    endloop
  endfacet
  facet normal -0.257005 -0.137352 0.9566
    outer loop
      vertex 10.1129 100.39 1.52882
      vertex 10.5017 99.6625 1.52882
      vertex 10.3729 100.498 1.61418
    endloop
  endfacet
  facet normal -0.257178 -0.137374 0.95655
    outer loop
      vertex 10.3729 100.498 1.61418
      vertex 10.5017 99.6625 1.52882
      vertex 10.7357 99.8188 1.61418
    endloop
  endfacet
  facet normal -0.0868512 -0.0464181 0.995139
    outer loop
      vertex 9.84254 100.278 1.5
      vertex 10.2584 99.4999 1.5
      vertex 10.1129 100.39 1.52882
    endloop
  endfacet
  facet normal -0.0868565 -0.046419 0.995139
    outer loop
      vertex 10.1129 100.39 1.52882
      vertex 10.2584 99.4999 1.5
      vertex 10.5017 99.6625 1.52882
    endloop
  endfacet
  facet normal -0.769109 -0.631619 0.0976131
    outer loop
      vertex 11.4816 100.317 2.70737
      vertex 11.8583 99.8583 2.70737
      vertex 11.5056 100.333 3
    endloop
  endfacet
  facet normal -0.769096 -0.63163 0.0976482
    outer loop
      vertex 11.5056 100.333 3
      vertex 11.8583 99.8583 2.70737
      vertex 11.8787 99.8787 3
    endloop
  endfacet
  facet normal -0.740445 -0.607287 0.287999
    outer loop
      vertex 11.4107 100.27 2.42598
      vertex 11.7979 99.7979 2.42598
      vertex 11.4816 100.317 2.70737
    endloop
  endfacet
  facet normal -0.739778 -0.607531 0.289198
    outer loop
      vertex 11.4816 100.317 2.70737
      vertex 11.7979 99.7979 2.42598
      vertex 11.8583 99.8583 2.70737
    endloop
  endfacet
  facet normal -0.682542 -0.559904 0.469727
    outer loop
      vertex 11.2954 100.193 2.16666
      vertex 11.6999 99.6999 2.16666
      vertex 11.4107 100.27 2.42598
    endloop
  endfacet
  facet normal -0.682658 -0.559892 0.469574
    outer loop
      vertex 11.4107 100.27 2.42598
      vertex 11.6999 99.6999 2.16666
      vertex 11.7979 99.7979 2.42598
    endloop
  endfacet
  facet normal -0.598351 -0.491199 0.633008
    outer loop
      vertex 11.1403 100.089 1.93935
      vertex 11.568 99.568 1.93935
      vertex 11.2954 100.193 2.16666
    endloop
  endfacet
  facet normal -0.598832 -0.491234 0.632527
    outer loop
      vertex 11.2954 100.193 2.16666
      vertex 11.568 99.568 1.93935
      vertex 11.6999 99.6999 2.16666
    endloop
  endfacet
  facet normal -0.491935 -0.403748 0.771354
    outer loop
      vertex 10.9513 99.9629 1.75281
      vertex 11.4073 99.4073 1.75281
      vertex 11.1403 100.089 1.93935
    endloop
  endfacet
  facet normal -0.491789 -0.40372 0.771462
    outer loop
      vertex 11.1403 100.089 1.93935
      vertex 11.4073 99.4073 1.75281
      vertex 11.568 99.568 1.93935
    endloop
  endfacet
  facet normal -0.365805 -0.300195 0.880948
    outer loop
      vertex 10.7357 99.8188 1.61418
      vertex 11.2239 99.2239 1.61418
      vertex 10.9513 99.9629 1.75281
    endloop
  endfacet
  facet normal -0.365744 -0.300178 0.880979
    outer loop
      vertex 10.9513 99.9629 1.75281
      vertex 11.2239 99.2239 1.61418
      vertex 11.4073 99.4073 1.75281
    endloop
  endfacet
  facet normal -0.225396 -0.184955 0.95655
    outer loop
      vertex 10.5017 99.6625 1.52882
      vertex 11.0249 99.0249 1.52882
      vertex 10.7357 99.8188 1.61418
    endloop
  endfacet
  facet normal -0.225366 -0.184945 0.956559
    outer loop
      vertex 10.7357 99.8188 1.61418
      vertex 11.0249 99.0249 1.52882
      vertex 11.2239 99.2239 1.61418
    endloop
  endfacet
  facet normal -0.0761271 -0.0624735 0.995139
    outer loop
      vertex 10.2584 99.4999 1.5
      vertex 10.818 98.818 1.5
      vertex 10.5017 99.6625 1.52882
    endloop
  endfacet
  facet normal -0.0761391 -0.062478 0.995138
    outer loop
      vertex 10.5017 99.6625 1.52882
      vertex 10.818 98.818 1.5
      vertex 11.0249 99.0249 1.52882
    endloop
  endfacet
  facet normal -0.63137 -0.76931 0.097645
    outer loop
      vertex 11.8583 99.8583 2.70737
      vertex 12.3173 99.4816 2.70737
      vertex 11.8787 99.8787 3
    endloop
  endfacet
  facet normal -0.631383 -0.769303 0.0976161
    outer loop
      vertex 11.8787 99.8787 3
      vertex 12.3173 99.4816 2.70737
      vertex 12.3333 99.5056 3
    endloop
  endfacet
  facet normal -0.607138 -0.740106 0.289184
    outer loop
      vertex 11.7979 99.7979 2.42598
      vertex 12.2699 99.4107 2.42598
      vertex 11.8583 99.8583 2.70737
    endloop
  endfacet
  facet normal -0.607373 -0.74007 0.288782
    outer loop
      vertex 11.8583 99.8583 2.70737
      vertex 12.2699 99.4107 2.42598
      vertex 12.3173 99.4816 2.70737
    endloop
  endfacet
  facet normal -0.560088 -0.68249 0.469584
    outer loop
      vertex 11.6999 99.6999 2.16666
      vertex 12.1928 99.2954 2.16666
      vertex 11.7979 99.7979 2.42598
    endloop
  endfacet
  facet normal -0.559854 -0.682467 0.469895
    outer loop
      vertex 11.7979 99.7979 2.42598
      vertex 12.1928 99.2954 2.16666
      vertex 12.2699 99.4107 2.42598
    endloop
  endfacet
  facet normal -0.491333 -0.598744 0.632533
    outer loop
      vertex 11.568 99.568 1.93935
      vertex 12.0892 99.1403 1.93935
      vertex 11.6999 99.6999 2.16666
    endloop
  endfacet
  facet normal -0.491369 -0.598754 0.632495
    outer loop
      vertex 11.6999 99.6999 2.16666
      vertex 12.0892 99.1403 1.93935
      vertex 12.1928 99.2954 2.16666
    endloop
  endfacet
  facet normal -0.403668 -0.491838 0.771458
    outer loop
      vertex 11.4073 99.4073 1.75281
      vertex 11.9629 98.9513 1.75281
      vertex 11.568 99.568 1.93935
    endloop
  endfacet
  facet normal -0.403574 -0.4918 0.771532
    outer loop
      vertex 11.568 99.568 1.93935
      vertex 11.9629 98.9513 1.75281
      vertex 12.0892 99.1403 1.93935
    endloop
  endfacet
  facet normal -0.30016 -0.365762 0.880978
    outer loop
      vertex 11.2239 99.2239 1.61418
      vertex 11.8188 98.7357 1.61418
      vertex 11.4073 99.4073 1.75281
    endloop
  endfacet
  facet normal -0.300217 -0.36579 0.880947
    outer loop
      vertex 11.4073 99.4073 1.75281
      vertex 11.8188 98.7357 1.61418
      vertex 11.9629 98.9513 1.75281
    endloop
  endfacet
  facet normal -0.184937 -0.225374 0.956559
    outer loop
      vertex 11.0249 99.0249 1.52882
      vertex 11.6625 98.5017 1.52882
      vertex 11.2239 99.2239 1.61418
    endloop
  endfacet
  facet normal -0.184964 -0.22539 0.95655
    outer loop
      vertex 11.2239 99.2239 1.61418
      vertex 11.6625 98.5017 1.52882
      vertex 11.8188 98.7357 1.61418
    endloop
  endfacet
  facet normal -0.062481 -0.0761361 0.995138
    outer loop
      vertex 10.818 98.818 1.5
      vertex 11.4999 98.2584 1.5
      vertex 11.0249 99.0249 1.52882
    endloop
  endfacet
  facet normal -0.06247 -0.0761294 0.995139
    outer loop
      vertex 11.0249 99.0249 1.52882
      vertex 11.4999 98.2584 1.5
      vertex 11.6625 98.5017 1.52882
    endloop
  endfacet
  facet normal -0.469184 -0.877687 0.0976367
    outer loop
      vertex 12.3173 99.4816 2.70737
      vertex 12.8409 99.2017 2.70737
      vertex 12.3333 99.5056 3
    endloop
  endfacet
  facet normal -0.469066 -0.877723 0.0978773
    outer loop
      vertex 12.3333 99.5056 3
      vertex 12.8409 99.2017 2.70737
      vertex 12.852 99.2284 3
    endloop
  endfacet
  facet normal -0.451338 -0.844338 0.28877
    outer loop
      vertex 12.2699 99.4107 2.42598
      vertex 12.8083 99.1229 2.42598
      vertex 12.3173 99.4816 2.70737
    endloop
  endfacet
  facet normal -0.451357 -0.844338 0.288738
    outer loop
      vertex 12.3173 99.4816 2.70737
      vertex 12.8083 99.1229 2.42598
      vertex 12.8409 99.2017 2.70737
    endloop
  endfacet
  facet normal -0.416111 -0.778512 0.469862
    outer loop
      vertex 12.1928 99.2954 2.16666
      vertex 12.7552 98.9948 2.16666
      vertex 12.2699 99.4107 2.42598
    endloop
  endfacet
  facet normal -0.416159 -0.778527 0.469795
    outer loop
      vertex 12.2699 99.4107 2.42598
      vertex 12.7552 98.9948 2.16666
      vertex 12.8083 99.1229 2.42598
    endloop
  endfacet
  facet normal -0.365105 -0.683107 0.632505
    outer loop
      vertex 12.0892 99.1403 1.93935
      vertex 12.6838 98.8225 1.93935
      vertex 12.1928 99.2954 2.16666
    endloop
  endfacet
  facet normal -0.365122 -0.683116 0.632487
    outer loop
      vertex 12.1928 99.2954 2.16666
      vertex 12.6838 98.8225 1.93935
      vertex 12.7552 98.9948 2.16666
    endloop
  endfacet
  facet normal -0.29995 -0.561045 0.77153
    outer loop
      vertex 11.9629 98.9513 1.75281
      vertex 12.5968 98.6124 1.75281
      vertex 12.0892 99.1403 1.93935
    endloop
  endfacet
  facet normal -0.29982 -0.56096 0.771642
    outer loop
      vertex 12.0892 99.1403 1.93935
      vertex 12.5968 98.6124 1.75281
      vertex 12.6838 98.8225 1.93935
    endloop
  endfacet
  facet normal -0.223064 -0.417354 0.880942
    outer loop
      vertex 11.8188 98.7357 1.61418
      vertex 12.4976 98.3729 1.61418
      vertex 11.9629 98.9513 1.75281
    endloop
  endfacet
  facet normal -0.223174 -0.417439 0.880873
    outer loop
      vertex 11.9629 98.9513 1.75281
      vertex 12.4976 98.3729 1.61418
      vertex 12.5968 98.6124 1.75281
    endloop
  endfacet
  facet normal -0.13744 -0.257134 0.956552
    outer loop
      vertex 11.6625 98.5017 1.52882
      vertex 12.3899 98.1129 1.52882
      vertex 11.8188 98.7357 1.61418
    endloop
  endfacet
  facet normal -0.137424 -0.25712 0.956558
    outer loop
      vertex 11.8188 98.7357 1.61418
      vertex 12.3899 98.1129 1.52882
      vertex 12.4976 98.3729 1.61418
    endloop
  endfacet
  facet normal -0.0464281 -0.0868504 0.995139
    outer loop
      vertex 11.4999 98.2584 1.5
      vertex 12.2779 97.8425 1.5
      vertex 11.6625 98.5017 1.52882
    endloop
  endfacet
  facet normal -0.0464162 -0.0868393 0.99514
    outer loop
      vertex 11.6625 98.5017 1.52882
      vertex 12.2779 97.8425 1.5
      vertex 12.3899 98.1129 1.52882
    endloop
  endfacet
  facet normal -0.288797 -0.952377 0.0978509
    outer loop
      vertex 12.8409 99.2017 2.70737
      vertex 13.4091 99.0294 2.70737
      vertex 12.852 99.2284 3
    endloop
  endfacet
  facet normal -0.289073 -0.952349 0.0973073
    outer loop
      vertex 12.852 99.2284 3
      vertex 13.4091 99.0294 2.70737
      vertex 13.4147 99.0576 3
    endloop
  endfacet
  facet normal -0.277897 -0.916182 0.288762
    outer loop
      vertex 12.8083 99.1229 2.42598
      vertex 13.3925 98.9457 2.42598
      vertex 12.8409 99.2017 2.70737
    endloop
  endfacet
  facet normal -0.277815 -0.916162 0.288903
    outer loop
      vertex 12.8409 99.2017 2.70737
      vertex 13.3925 98.9457 2.42598
      vertex 13.4091 99.0294 2.70737
    endloop
  endfacet
  facet normal -0.256256 -0.844773 0.469777
    outer loop
      vertex 12.7552 98.9948 2.16666
      vertex 13.3654 98.8097 2.16666
      vertex 12.8083 99.1229 2.42598
    endloop
  endfacet
  facet normal -0.256234 -0.844761 0.469811
    outer loop
      vertex 12.8083 99.1229 2.42598
      vertex 13.3654 98.8097 2.16666
      vertex 13.3925 98.9457 2.42598
    endloop
  endfacet
  facet normal -0.224933 -0.741199 0.632479
    outer loop
      vertex 12.6838 98.8225 1.93935
      vertex 13.329 98.6267 1.93935
      vertex 12.7552 98.9948 2.16666
    endloop
  endfacet
  facet normal -0.224808 -0.741102 0.632637
    outer loop
      vertex 12.7552 98.9948 2.16666
      vertex 13.329 98.6267 1.93935
      vertex 13.3654 98.8097 2.16666
    endloop
  endfacet
  facet normal -0.184578 -0.608683 0.771645
    outer loop
      vertex 12.5968 98.6124 1.75281
      vertex 13.2847 98.4038 1.75281
      vertex 12.6838 98.8225 1.93935
    endloop
  endfacet
  facet normal -0.184778 -0.608879 0.771442
    outer loop
      vertex 12.6838 98.8225 1.93935
      vertex 13.2847 98.4038 1.75281
      vertex 13.329 98.6267 1.93935
    endloop
  endfacet
  facet normal -0.137397 -0.452968 0.880875
    outer loop
      vertex 12.4976 98.3729 1.61418
      vertex 13.2341 98.1495 1.61418
      vertex 12.5968 98.6124 1.75281
    endloop
  endfacet
  facet normal -0.137338 -0.4529 0.88092
    outer loop
      vertex 12.5968 98.6124 1.75281
      vertex 13.2341 98.1495 1.61418
      vertex 13.2847 98.4038 1.75281
    endloop
  endfacet
  facet normal -0.0846204 -0.278993 0.956558
    outer loop
      vertex 12.3899 98.1129 1.52882
      vertex 13.1792 97.8735 1.52882
      vertex 12.4976 98.3729 1.61418
    endloop
  endfacet
  facet normal -0.0846295 -0.279004 0.956553
    outer loop
      vertex 12.4976 98.3729 1.61418
      vertex 13.1792 97.8735 1.52882
      vertex 13.2341 98.1495 1.61418
    endloop
  endfacet
  facet normal -0.0285746 -0.0942292 0.99514
    outer loop
      vertex 12.2779 97.8425 1.5
      vertex 13.1221 97.5865 1.5
      vertex 12.3899 98.1129 1.52882
    endloop
  endfacet
  facet normal -0.0285845 -0.0942429 0.995139
    outer loop
      vertex 12.3899 98.1129 1.52882
      vertex 13.1221 97.5865 1.5
      vertex 13.1792 97.8735 1.52882
    endloop
  endfacet
  facet normal -0.0975543 -0.990461 0.0973151
    outer loop
      vertex 13.4091 99.0294 2.70737
      vertex 14 98.9712 2.70737
      vertex 13.4147 99.0576 3
    endloop
  endfacet
  facet normal -0.0974715 -0.990453 0.0974782
    outer loop
      vertex 13.4147 99.0576 3
      vertex 14 98.9712 2.70737
      vertex 14 99 3
    endloop
  endfacet
  facet normal -0.0939399 -0.952729 0.288933
    outer loop
      vertex 13.3925 98.9457 2.42598
      vertex 14 98.8858 2.42598
      vertex 13.4091 99.0294 2.70737
    endloop
  endfacet
  facet normal -0.093833 -0.952679 0.289132
    outer loop
      vertex 13.4091 99.0294 2.70737
      vertex 14 98.8858 2.42598
      vertex 14 98.9712 2.70737
    endloop
  endfacet
  facet normal -0.086524 -0.87853 0.469786
    outer loop
      vertex 13.3654 98.8097 2.16666
      vertex 14 98.7472 2.16666
      vertex 13.3925 98.9457 2.42598
    endloop
  endfacet
  facet normal -0.0866325 -0.878619 0.4696
    outer loop
      vertex 13.3925 98.9457 2.42598
      vertex 14 98.7472 2.16666
      vertex 14 98.8858 2.42598
    endloop
  endfacet
  facet normal -0.0758098 -0.770733 0.632632
    outer loop
      vertex 13.329 98.6267 1.93935
      vertex 14 98.5607 1.93935
      vertex 13.3654 98.8097 2.16666
    endloop
  endfacet
  facet normal -0.0759199 -0.77086 0.632464
    outer loop
      vertex 13.3654 98.8097 2.16666
      vertex 14 98.5607 1.93935
      vertex 14 98.7472 2.16666
    endloop
  endfacet
  facet normal -0.0624094 -0.633212 0.771458
    outer loop
      vertex 13.2847 98.4038 1.75281
      vertex 14 98.3333 1.75281
      vertex 13.329 98.6267 1.93935
    endloop
  endfacet
  facet normal -0.0622618 -0.632995 0.771648
    outer loop
      vertex 13.329 98.6267 1.93935
      vertex 14 98.3333 1.75281
      vertex 14 98.5607 1.93935
    endloop
  endfacet
  facet normal -0.0464285 -0.470988 0.880917
    outer loop
      vertex 13.2341 98.1495 1.61418
      vertex 14 98.074 1.61418
      vertex 13.2847 98.4038 1.75281
    endloop
  endfacet
  facet normal -0.0464189 -0.470971 0.880926
    outer loop
      vertex 13.2847 98.4038 1.75281
      vertex 14 98.074 1.61418
      vertex 14 98.3333 1.75281
    endloop
  endfacet
  facet normal -0.0285979 -0.29015 0.956554
    outer loop
      vertex 13.1792 97.8735 1.52882
      vertex 14 97.7926 1.52882
      vertex 13.2341 98.1495 1.61418
    endloop
  endfacet
  facet normal -0.0286031 -0.29016 0.95655
    outer loop
      vertex 13.2341 98.1495 1.61418
      vertex 14 97.7926 1.52882
      vertex 14 98.074 1.61418
    endloop
  endfacet
  facet normal -0.00965685 -0.0980087 0.995139
    outer loop
      vertex 13.1221 97.5865 1.5
      vertex 14 97.5 1.5
      vertex 13.1792 97.8735 1.52882
    endloop
  endfacet
  facet normal -0.00966082 -0.0980173 0.995138
    outer loop
      vertex 13.1792 97.8735 1.52882
      vertex 14 97.5 1.5
      vertex 14 97.7926 1.52882
    endloop
  endfacet
  facet normal 0.0975527 -0.990445 0.0974774
    outer loop
      vertex 14 98.9712 2.70737
      vertex 14.5909 99.0294 2.70737
      vertex 14 99 3
    endloop
  endfacet
  facet normal 0.0974731 -0.990469 0.0973143
    outer loop
      vertex 14 99 3
      vertex 14.5909 99.0294 2.70737
      vertex 14.5853 99.0576 3
    endloop
  endfacet
  facet normal 0.0939341 -0.95267 0.289129
    outer loop
      vertex 14 98.8858 2.42598
      vertex 14.6075 98.9457 2.42598
      vertex 14 98.9712 2.70737
    endloop
  endfacet
  facet normal 0.093839 -0.95274 0.28893
    outer loop
      vertex 14 98.9712 2.70737
      vertex 14.6075 98.9457 2.42598
      vertex 14.5909 99.0294 2.70737
    endloop
  endfacet
  facet normal 0.0865335 -0.878626 0.469604
    outer loop
      vertex 14 98.7472 2.16666
      vertex 14.6346 98.8097 2.16666
      vertex 14 98.8858 2.42598
    endloop
  endfacet
  facet normal 0.0866226 -0.878518 0.46979
    outer loop
      vertex 14 98.8858 2.42598
      vertex 14.6346 98.8097 2.16666
      vertex 14.6075 98.9457 2.42598
    endloop
  endfacet
  facet normal 0.0758229 -0.770866 0.632469
    outer loop
      vertex 14 98.5607 1.93935
      vertex 14.671 98.6267 1.93935
      vertex 14 98.7472 2.16666
    endloop
  endfacet
  facet normal 0.0759061 -0.77072 0.632637
    outer loop
      vertex 14 98.7472 2.16666
      vertex 14.671 98.6267 1.93935
      vertex 14.6346 98.8097 2.16666
    endloop
  endfacet
  facet normal 0.0623876 -0.63299 0.771642
    outer loop
      vertex 14 98.3333 1.75281
      vertex 14.7153 98.4038 1.75281
      vertex 14 98.5607 1.93935
    endloop
  endfacet
  facet normal 0.0622851 -0.633232 0.771452
    outer loop
      vertex 14 98.5607 1.93935
      vertex 14.7153 98.4038 1.75281
      vertex 14.671 98.6267 1.93935
    endloop
  endfacet
  facet normal 0.0464268 -0.470971 0.880926
    outer loop
      vertex 14 98.074 1.61418
      vertex 14.7659 98.1495 1.61418
      vertex 14 98.3333 1.75281
    endloop
  endfacet
  facet normal 0.0464207 -0.470989 0.880917
    outer loop
      vertex 14 98.3333 1.75281
      vertex 14.7659 98.1495 1.61418
      vertex 14.7153 98.4038 1.75281
    endloop
  endfacet
  facet normal 0.0285989 -0.29016 0.956551
    outer loop
      vertex 14 97.7926 1.52882
      vertex 14.8208 97.8735 1.52882
      vertex 14 98.074 1.61418
    endloop
  endfacet
  facet normal 0.028602 -0.290149 0.956554
    outer loop
      vertex 14 98.074 1.61418
      vertex 14.8208 97.8735 1.52882
      vertex 14.7659 98.1495 1.61418
    endloop
  endfacet
  facet normal 0.00965771 -0.0980173 0.995138
    outer loop
      vertex 14 97.5 1.5
      vertex 14.8779 97.5865 1.5
      vertex 14 97.7926 1.52882
    endloop
  endfacet
  facet normal 0.00965991 -0.0980081 0.995139
    outer loop
      vertex 14 97.7926 1.52882
      vertex 14.8779 97.5865 1.5
      vertex 14.8208 97.8735 1.52882
    endloop
  endfacet
  facet normal 0.288812 -0.952427 0.0973099
    outer loop
      vertex 14.5853 99.0576 3
      vertex 14.5909 99.0294 2.70737
      vertex 15.1591 99.2017 2.70737
    endloop
  endfacet
  facet normal 0.289057 -0.952298 0.0978535
    outer loop
      vertex 14.5853 99.0576 3
      vertex 15.1591 99.2017 2.70737
      vertex 15.148 99.2284 3
    endloop
  endfacet
  facet normal 0.277885 -0.916142 0.288901
    outer loop
      vertex 14.5909 99.0294 2.70737
      vertex 14.6075 98.9457 2.42598
      vertex 15.1917 99.1229 2.42598
    endloop
  endfacet
  facet normal 0.277828 -0.916204 0.28876
    outer loop
      vertex 14.5909 99.0294 2.70737
      vertex 15.1917 99.1229 2.42598
      vertex 15.1591 99.2017 2.70737
    endloop
  endfacet
  facet normal 0.256251 -0.844756 0.469811
    outer loop
      vertex 14.6075 98.9457 2.42598
      vertex 14.6346 98.8097 2.16666
      vertex 15.2448 98.9948 2.16666
    endloop
  endfacet
  facet normal 0.256239 -0.844779 0.469777
    outer loop
      vertex 14.6075 98.9457 2.42598
      vertex 15.2448 98.9948 2.16666
      vertex 15.1917 99.1229 2.42598
    endloop
  endfacet
  facet normal 0.224897 -0.741079 0.632632
    outer loop
      vertex 14.6346 98.8097 2.16666
      vertex 14.671 98.6267 1.93935
      vertex 15.3162 98.8225 1.93935
    endloop
  endfacet
  facet normal 0.224847 -0.741229 0.632474
    outer loop
      vertex 14.6346 98.8097 2.16666
      vertex 15.3162 98.8225 1.93935
      vertex 15.2448 98.9948 2.16666
    endloop
  endfacet
  facet normal 0.184647 -0.608911 0.771449
    outer loop
      vertex 14.671 98.6267 1.93935
      vertex 14.7153 98.4038 1.75281
      vertex 15.4032 98.6124 1.75281
    endloop
  endfacet
  facet normal 0.184704 -0.608637 0.771651
    outer loop
      vertex 14.671 98.6267 1.93935
      vertex 15.4032 98.6124 1.75281
      vertex 15.3162 98.8225 1.93935
    endloop
  endfacet
  facet normal 0.137374 -0.452892 0.880918
    outer loop
      vertex 14.7153 98.4038 1.75281
      vertex 14.7659 98.1495 1.61418
      vertex 15.5024 98.3729 1.61418
    endloop
  endfacet
  facet normal 0.137363 -0.452982 0.880874
    outer loop
      vertex 14.7153 98.4038 1.75281
      vertex 15.5024 98.3729 1.61418
      vertex 15.4032 98.6124 1.75281
    endloop
  endfacet
  facet normal 0.0846243 -0.279006 0.956554
    outer loop
      vertex 14.7659 98.1495 1.61418
      vertex 14.8208 97.8735 1.52882
      vertex 15.6101 98.1129 1.52882
    endloop
  endfacet
  facet normal 0.0846253 -0.278991 0.956558
    outer loop
      vertex 14.7659 98.1495 1.61418
      vertex 15.6101 98.1129 1.52882
      vertex 15.5024 98.3729 1.61418
    endloop
  endfacet
  facet normal 0.0285791 -0.094244 0.995139
    outer loop
      vertex 14.8208 97.8735 1.52882
      vertex 14.8779 97.5865 1.5
      vertex 15.7221 97.8425 1.5
    endloop
  endfacet
  facet normal 0.0285797 -0.0942271 0.99514
    outer loop
      vertex 14.8208 97.8735 1.52882
      vertex 15.7221 97.8425 1.5
      vertex 15.6101 98.1129 1.52882
    endloop
  endfacet
  facet normal 0.469172 -0.877666 0.0978761
    outer loop
      vertex 15.148 99.2284 3
      vertex 15.1591 99.2017 2.70737
      vertex 15.6827 99.4816 2.70737
    endloop
  endfacet
  facet normal 0.469077 -0.877743 0.0976355
    outer loop
      vertex 15.148 99.2284 3
      vertex 15.6827 99.4816 2.70737
      vertex 15.6667 99.5056 3
    endloop
  endfacet
  facet normal 0.451342 -0.844346 0.288739
    outer loop
      vertex 15.1591 99.2017 2.70737
      vertex 15.1917 99.1229 2.42598
      vertex 15.7301 99.4107 2.42598
    endloop
  endfacet
  facet normal 0.451352 -0.84433 0.28877
    outer loop
      vertex 15.1591 99.2017 2.70737
      vertex 15.7301 99.4107 2.42598
      vertex 15.6827 99.4816 2.70737
    endloop
  endfacet
  facet normal 0.416127 -0.778543 0.469797
    outer loop
      vertex 15.1917 99.1229 2.42598
      vertex 15.2448 98.9948 2.16666
      vertex 15.8072 99.2954 2.16666
    endloop
  endfacet
  facet normal 0.416142 -0.778495 0.469863
    outer loop
      vertex 15.1917 99.1229 2.42598
      vertex 15.8072 99.2954 2.16666
      vertex 15.7301 99.4107 2.42598
    endloop
  endfacet
  facet normal 0.365112 -0.68312 0.632487
    outer loop
      vertex 15.2448 98.9948 2.16666
      vertex 15.3162 98.8225 1.93935
      vertex 15.9108 99.1403 1.93935
    endloop
  endfacet
  facet normal 0.365114 -0.683102 0.632506
    outer loop
      vertex 15.2448 98.9948 2.16666
      vertex 15.9108 99.1403 1.93935
      vertex 15.8072 99.2954 2.16666
    endloop
  endfacet
  facet normal 0.299888 -0.560929 0.771638
    outer loop
      vertex 15.3162 98.8225 1.93935
      vertex 15.4032 98.6124 1.75281
      vertex 16.0371 98.9513 1.75281
    endloop
  endfacet
  facet normal 0.299886 -0.561084 0.771526
    outer loop
      vertex 15.3162 98.8225 1.93935
      vertex 16.0371 98.9513 1.75281
      vertex 15.9108 99.1403 1.93935
    endloop
  endfacet
  facet normal 0.223122 -0.417462 0.880876
    outer loop
      vertex 15.4032 98.6124 1.75281
      vertex 15.5024 98.3729 1.61418
      vertex 16.1812 98.7357 1.61418
    endloop
  endfacet
  facet normal 0.223112 -0.417323 0.880944
    outer loop
      vertex 15.4032 98.6124 1.75281
      vertex 16.1812 98.7357 1.61418
      vertex 16.0371 98.9513 1.75281
    endloop
  endfacet
  facet normal 0.137431 -0.257117 0.956558
    outer loop
      vertex 15.5024 98.3729 1.61418
      vertex 15.6101 98.1129 1.52882
      vertex 16.3375 98.5017 1.52882
    endloop
  endfacet
  facet normal 0.137434 -0.257139 0.956552
    outer loop
      vertex 15.5024 98.3729 1.61418
      vertex 16.3375 98.5017 1.52882
      vertex 16.1812 98.7357 1.61418
    endloop
  endfacet
  facet normal 0.0464211 -0.0868372 0.99514
    outer loop
      vertex 15.6101 98.1129 1.52882
      vertex 15.7221 97.8425 1.5
      vertex 16.5001 98.2584 1.5
    endloop
  endfacet
  facet normal 0.0464237 -0.0868533 0.995139
    outer loop
      vertex 15.6101 98.1129 1.52882
      vertex 16.5001 98.2584 1.5
      vertex 16.3375 98.5017 1.52882
    endloop
  endfacet
  facet normal 0.631372 -0.769312 0.0976162
    outer loop
      vertex 15.6667 99.5056 3
      vertex 15.6827 99.4816 2.70737
      vertex 16.1417 99.8583 2.70737
    endloop
  endfacet
  facet normal 0.631381 -0.7693 0.0976452
    outer loop
      vertex 15.6667 99.5056 3
      vertex 16.1417 99.8583 2.70737
      vertex 16.1213 99.8787 3
    endloop
  endfacet
  facet normal 0.607213 -0.740198 0.288788
    outer loop
      vertex 15.6827 99.4816 2.70737
      vertex 15.7301 99.4107 2.42598
      vertex 16.2021 99.7979 2.42598
    endloop
  endfacet
  facet normal 0.607295 -0.739974 0.28919
    outer loop
      vertex 15.6827 99.4816 2.70737
      vertex 16.2021 99.7979 2.42598
      vertex 16.1417 99.8583 2.70737
    endloop
  endfacet
  facet normal 0.559985 -0.682365 0.469889
    outer loop
      vertex 15.7301 99.4107 2.42598
      vertex 15.8072 99.2954 2.16666
      vertex 16.3001 99.6999 2.16666
    endloop
  endfacet
  facet normal 0.559962 -0.682598 0.469578
    outer loop
      vertex 15.7301 99.4107 2.42598
      vertex 16.3001 99.6999 2.16666
      vertex 16.2021 99.7979 2.42598
    endloop
  endfacet
  facet normal 0.491352 -0.598767 0.632496
    outer loop
      vertex 15.8072 99.2954 2.16666
      vertex 15.9108 99.1403 1.93935
      vertex 16.432 99.568 1.93935
    endloop
  endfacet
  facet normal 0.491349 -0.598729 0.632534
    outer loop
      vertex 15.8072 99.2954 2.16666
      vertex 16.432 99.568 1.93935
      vertex 16.3001 99.6999 2.16666
    endloop
  endfacet
  facet normal 0.403613 -0.491771 0.771529
    outer loop
      vertex 15.9108 99.1403 1.93935
      vertex 16.0371 98.9513 1.75281
      vertex 16.5927 99.4073 1.75281
    endloop
  endfacet
  facet normal 0.403632 -0.491871 0.771456
    outer loop
      vertex 15.9108 99.1403 1.93935
      vertex 16.5927 99.4073 1.75281
      vertex 16.432 99.568 1.93935
    endloop
  endfacet
  facet normal 0.300195 -0.365805 0.880948
    outer loop
      vertex 16.0371 98.9513 1.75281
      vertex 16.1812 98.7357 1.61418
      vertex 16.7761 99.2239 1.61418
    endloop
  endfacet
  facet normal 0.300178 -0.365744 0.880979
    outer loop
      vertex 16.0371 98.9513 1.75281
      vertex 16.7761 99.2239 1.61418
      vertex 16.5927 99.4073 1.75281
    endloop
  endfacet
  facet normal 0.184955 -0.225396 0.95655
    outer loop
      vertex 16.1812 98.7357 1.61418
      vertex 16.3375 98.5017 1.52882
      vertex 16.9751 99.0249 1.52882
    endloop
  endfacet
  facet normal 0.184945 -0.225366 0.956559
    outer loop
      vertex 16.1812 98.7357 1.61418
      vertex 16.9751 99.0249 1.52882
      vertex 16.7761 99.2239 1.61418
    endloop
  endfacet
  facet normal 0.0624735 -0.0761271 0.995139
    outer loop
      vertex 16.3375 98.5017 1.52882
      vertex 16.5001 98.2584 1.5
      vertex 17.182 98.818 1.5
    endloop
  endfacet
  facet normal 0.062478 -0.0761391 0.995138
    outer loop
      vertex 16.3375 98.5017 1.52882
      vertex 17.182 98.818 1.5
      vertex 16.9751 99.0249 1.52882
    endloop
  endfacet
  facet normal 0.769107 -0.631617 0.0976481
    outer loop
      vertex 16.1213 99.8787 3
      vertex 16.1417 99.8583 2.70737
      vertex 16.5184 100.317 2.70737
    endloop
  endfacet
  facet normal 0.769098 -0.631632 0.097613
    outer loop
      vertex 16.1213 99.8787 3
      vertex 16.5184 100.317 2.70737
      vertex 16.4944 100.333 3
    endloop
  endfacet
  facet normal 0.740169 -0.607061 0.289181
    outer loop
      vertex 16.1417 99.8583 2.70737
      vertex 16.2021 99.7979 2.42598
      vertex 16.5893 100.27 2.42598
    endloop
  endfacet
  facet normal 0.740061 -0.607763 0.287982
    outer loop
      vertex 16.1417 99.8583 2.70737
      vertex 16.5893 100.27 2.42598
      vertex 16.5184 100.317 2.70737
    endloop
  endfacet
  facet normal 0.682604 -0.559954 0.469577
    outer loop
      vertex 16.2021 99.7979 2.42598
      vertex 16.3001 99.6999 2.16666
      vertex 16.7046 100.193 2.16666
    endloop
  endfacet
  facet normal 0.682593 -0.559839 0.469731
    outer loop
      vertex 16.2021 99.7979 2.42598
      vertex 16.7046 100.193 2.16666
      vertex 16.5893 100.27 2.42598
    endloop
  endfacet
  facet normal 0.598647 -0.491442 0.63254
    outer loop
      vertex 16.3001 99.6999 2.16666
      vertex 16.432 99.568 1.93935
      vertex 16.8597 100.089 1.93935
    endloop
  endfacet
  facet normal 0.598519 -0.490978 0.633021
    outer loop
      vertex 16.3001 99.6999 2.16666
      vertex 16.8597 100.089 1.93935
      vertex 16.7046 100.193 2.16666
    endloop
  endfacet
  facet normal 0.491838 -0.403668 0.771458
    outer loop
      vertex 16.432 99.568 1.93935
      vertex 16.5927 99.4073 1.75281
      vertex 17.0487 99.9629 1.75281
    endloop
  endfacet
  facet normal 0.491893 -0.403806 0.771351
    outer loop
      vertex 16.432 99.568 1.93935
      vertex 17.0487 99.9629 1.75281
      vertex 16.8597 100.089 1.93935
    endloop
  endfacet
  facet normal 0.365762 -0.30016 0.880978
    outer loop
      vertex 16.5927 99.4073 1.75281
      vertex 16.7761 99.2239 1.61418
      vertex 17.2643 99.8188 1.61418
    endloop
  endfacet
  facet normal 0.36579 -0.300217 0.880947
    outer loop
      vertex 16.5927 99.4073 1.75281
      vertex 17.2643 99.8188 1.61418
      vertex 17.0487 99.9629 1.75281
    endloop
  endfacet
  facet normal 0.225374 -0.184937 0.956559
    outer loop
      vertex 16.7761 99.2239 1.61418
      vertex 16.9751 99.0249 1.52882
      vertex 17.4983 99.6625 1.52882
    endloop
  endfacet
  facet normal 0.22539 -0.184964 0.95655
    outer loop
      vertex 16.7761 99.2239 1.61418
      vertex 17.4983 99.6625 1.52882
      vertex 17.2643 99.8188 1.61418
    endloop
  endfacet
  facet normal 0.0761361 -0.062481 0.995138
    outer loop
      vertex 16.9751 99.0249 1.52882
      vertex 17.182 98.818 1.5
      vertex 17.7416 99.4999 1.5
    endloop
  endfacet
  facet normal 0.0761294 -0.06247 0.995139
    outer loop
      vertex 16.9751 99.0249 1.52882
      vertex 17.7416 99.4999 1.5
      vertex 17.4983 99.6625 1.52882
    endloop
  endfacet
  facet normal 0.877836 -0.468905 0.0976337
    outer loop
      vertex 16.4944 100.333 3
      vertex 16.5184 100.317 2.70737
      vertex 16.7983 100.841 2.70737
    endloop
  endfacet
  facet normal 0.877849 -0.468863 0.0977208
    outer loop
      vertex 16.4944 100.333 3
      vertex 16.7983 100.841 2.70737
      vertex 16.7716 100.852 3
    endloop
  endfacet
  facet normal 0.844352 -0.451681 0.288189
    outer loop
      vertex 16.5184 100.317 2.70737
      vertex 16.5893 100.27 2.42598
      vertex 16.8771 100.808 2.42598
    endloop
  endfacet
  facet normal 0.844323 -0.451004 0.289334
    outer loop
      vertex 16.5184 100.317 2.70737
      vertex 16.8771 100.808 2.42598
      vertex 16.7983 100.841 2.70737
    endloop
  endfacet
  facet normal 0.778443 -0.41637 0.469748
    outer loop
      vertex 16.5893 100.27 2.42598
      vertex 16.7046 100.193 2.16666
      vertex 17.0052 100.755 2.16666
    endloop
  endfacet
  facet normal 0.778462 -0.416434 0.469659
    outer loop
      vertex 16.5893 100.27 2.42598
      vertex 17.0052 100.755 2.16666
      vertex 16.8771 100.808 2.42598
    endloop
  endfacet
  facet normal 0.682939 -0.36477 0.63288
    outer loop
      vertex 16.7046 100.193 2.16666
      vertex 16.8597 100.089 1.93935
      vertex 17.1775 100.684 1.93935
    endloop
  endfacet
  facet normal 0.683293 -0.365477 0.63209
    outer loop
      vertex 16.7046 100.193 2.16666
      vertex 17.1775 100.684 1.93935
      vertex 17.0052 100.755 2.16666
    endloop
  endfacet
  facet normal 0.561269 -0.299886 0.771392
    outer loop
      vertex 16.8597 100.089 1.93935
      vertex 17.0487 99.9629 1.75281
      vertex 17.3875 100.597 1.75281
    endloop
  endfacet
  facet normal 0.561165 -0.299728 0.771529
    outer loop
      vertex 16.8597 100.089 1.93935
      vertex 17.3875 100.597 1.75281
      vertex 17.1775 100.684 1.93935
    endloop
  endfacet
  facet normal 0.417416 -0.222966 0.880937
    outer loop
      vertex 17.0487 99.9629 1.75281
      vertex 17.2643 99.8188 1.61418
      vertex 17.6271 100.498 1.61418
    endloop
  endfacet
  facet normal 0.417495 -0.223068 0.880874
    outer loop
      vertex 17.0487 99.9629 1.75281
      vertex 17.6271 100.498 1.61418
      vertex 17.3875 100.597 1.75281
    endloop
  endfacet
  facet normal 0.257144 -0.137426 0.956552
    outer loop
      vertex 17.2643 99.8188 1.61418
      vertex 17.4983 99.6625 1.52882
      vertex 17.8871 100.39 1.52882
    endloop
  endfacet
  facet normal 0.25703 -0.137294 0.956601
    outer loop
      vertex 17.2643 99.8188 1.61418
      vertex 17.8871 100.39 1.52882
      vertex 17.6271 100.498 1.61418
    endloop
  endfacet
  facet normal 0.0868533 -0.0464237 0.995139
    outer loop
      vertex 17.4983 99.6625 1.52882
      vertex 17.7416 99.4999 1.5
      vertex 18.1575 100.278 1.5
    endloop
  endfacet
  facet normal 0.0868414 -0.0464109 0.99514
    outer loop
      vertex 17.4983 99.6625 1.52882
      vertex 18.1575 100.278 1.5
      vertex 17.8871 100.39 1.52882
    endloop
  endfacet
  facet normal 0.952358 -0.288893 0.0977541
    outer loop
      vertex 16.7716 100.852 3
      vertex 16.7983 100.841 2.70737
      vertex 16.9706 101.409 2.70737
    endloop
  endfacet
  facet normal 0.952355 -0.28892 0.0976999
    outer loop
      vertex 16.7716 100.852 3
      vertex 16.9706 101.409 2.70737
      vertex 16.9424 101.415 3
    endloop
  endfacet
  facet normal 0.916051 -0.277952 0.289126
    outer loop
      vertex 16.7983 100.841 2.70737
      vertex 16.8771 100.808 2.42598
      vertex 17.0543 101.392 2.42598
    endloop
  endfacet
  facet normal 0.916031 -0.277874 0.289263
    outer loop
      vertex 16.7983 100.841 2.70737
      vertex 17.0543 101.392 2.42598
      vertex 16.9706 101.409 2.70737
    endloop
  endfacet
  facet normal 0.844788 -0.256345 0.469704
    outer loop
      vertex 16.8771 100.808 2.42598
      vertex 17.0052 100.755 2.16666
      vertex 17.1903 101.365 2.16666
    endloop
  endfacet
  facet normal 0.844778 -0.256326 0.469731
    outer loop
      vertex 16.8771 100.808 2.42598
      vertex 17.1903 101.365 2.16666
      vertex 17.0543 101.392 2.42598
    endloop
  endfacet
  facet normal 0.741363 -0.225052 0.632244
    outer loop
      vertex 17.0052 100.755 2.16666
      vertex 17.1775 100.684 1.93935
      vertex 17.3733 101.329 1.93935
    endloop
  endfacet
  facet normal 0.74127 -0.224933 0.632396
    outer loop
      vertex 17.0052 100.755 2.16666
      vertex 17.3733 101.329 1.93935
      vertex 17.1903 101.365 2.16666
    endloop
  endfacet
  facet normal 0.608816 -0.18468 0.771516
    outer loop
      vertex 17.1775 100.684 1.93935
      vertex 17.3875 100.597 1.75281
      vertex 17.5962 101.285 1.75281
    endloop
  endfacet
  facet normal 0.609006 -0.184873 0.771319
    outer loop
      vertex 17.1775 100.684 1.93935
      vertex 17.5962 101.285 1.75281
      vertex 17.3733 101.329 1.93935
    endloop
  endfacet
  facet normal 0.452885 -0.137465 0.880908
    outer loop
      vertex 17.3875 100.597 1.75281
      vertex 17.6271 100.498 1.61418
      vertex 17.8505 101.234 1.61418
    endloop
  endfacet
  facet normal 0.452733 -0.137333 0.881007
    outer loop
      vertex 17.3875 100.597 1.75281
      vertex 17.8505 101.234 1.61418
      vertex 17.5962 101.285 1.75281
    endloop
  endfacet
  facet normal 0.278902 -0.084625 0.956584
    outer loop
      vertex 17.6271 100.498 1.61418
      vertex 17.8871 100.39 1.52882
      vertex 18.1265 101.179 1.52882
    endloop
  endfacet
  facet normal 0.278967 -0.0846755 0.95656
    outer loop
      vertex 17.6271 100.498 1.61418
      vertex 18.1265 101.179 1.52882
      vertex 17.8505 101.234 1.61418
    endloop
  endfacet
  facet normal 0.0942268 -0.0285806 0.99514
    outer loop
      vertex 17.8871 100.39 1.52882
      vertex 18.1575 100.278 1.5
      vertex 18.4135 101.122 1.5
    endloop
  endfacet
  facet normal 0.0942502 -0.0285976 0.995138
    outer loop
      vertex 17.8871 100.39 1.52882
      vertex 18.4135 101.122 1.5
      vertex 18.1265 101.179 1.52882
    endloop
  endfacet
  facet normal 0.99045 -0.0975367 0.097447
    outer loop
      vertex 16.9424 101.415 3
      vertex 16.9706 101.409 2.70737
      vertex 17.0288 102 2.70737
    endloop
  endfacet
  facet normal 0.990448 -0.0975211 0.0974777
    outer loop
      vertex 16.9424 101.415 3
      vertex 17.0288 102 2.70737
      vertex 17 102 3
    endloop
  endfacet
  facet normal 0.952701 -0.0938598 0.289053
    outer loop
      vertex 16.9706 101.409 2.70737
      vertex 17.0543 101.392 2.42598
      vertex 17.1142 102 2.42598
    endloop
  endfacet
  facet normal 0.952681 -0.0938173 0.289132
    outer loop
      vertex 16.9706 101.409 2.70737
      vertex 17.1142 102 2.42598
      vertex 17.0288 102 2.70737
    endloop
  endfacet
  facet normal 0.87855 -0.0864715 0.469758
    outer loop
      vertex 17.0543 101.392 2.42598
      vertex 17.1903 101.365 2.16666
      vertex 17.2528 102 2.16666
    endloop
  endfacet
  facet normal 0.878624 -0.0865618 0.469602
    outer loop
      vertex 17.0543 101.392 2.42598
      vertex 17.2528 102 2.16666
      vertex 17.1142 102 2.42598
    endloop
  endfacet
  facet normal 0.770798 -0.0758162 0.632552
    outer loop
      vertex 17.1903 101.365 2.16666
      vertex 17.3733 101.329 1.93935
      vertex 17.4393 102 1.93935
    endloop
  endfacet
  facet normal 0.770863 -0.0758723 0.632466
    outer loop
      vertex 17.1903 101.365 2.16666
      vertex 17.4393 102 1.93935
      vertex 17.2528 102 2.16666
    endloop
  endfacet
  facet normal 0.633257 -0.0624401 0.771418
    outer loop
      vertex 17.3733 101.329 1.93935
      vertex 17.5962 101.285 1.75281
      vertex 17.6667 102 1.75281
    endloop
  endfacet
  facet normal 0.632995 -0.0622618 0.771648
    outer loop
      vertex 17.3733 101.329 1.93935
      vertex 17.6667 102 1.75281
      vertex 17.4393 102 1.93935
    endloop
  endfacet
  facet normal 0.470933 -0.0464171 0.880947
    outer loop
      vertex 17.5962 101.285 1.75281
      vertex 17.8505 101.234 1.61418
      vertex 17.926 102 1.61418
    endloop
  endfacet
  facet normal 0.470971 -0.0464384 0.880926
    outer loop
      vertex 17.5962 101.285 1.75281
      vertex 17.926 102 1.61418
      vertex 17.6667 102 1.75281
    endloop
  endfacet
  facet normal 0.290142 -0.0285901 0.956556
    outer loop
      vertex 17.8505 101.234 1.61418
      vertex 18.1265 101.179 1.52882
      vertex 18.2074 102 1.52882
    endloop
  endfacet
  facet normal 0.29016 -0.0285994 0.956551
    outer loop
      vertex 17.8505 101.234 1.61418
      vertex 18.2074 102 1.52882
      vertex 17.926 102 1.61418
    endloop
  endfacet
  facet normal 0.0980122 -0.0096561 0.995138
    outer loop
      vertex 18.1265 101.179 1.52882
      vertex 18.4135 101.122 1.5
      vertex 18.5 102 1.5
    endloop
  endfacet
  facet normal 0.0980173 -0.00965847 0.995138
    outer loop
      vertex 18.1265 101.179 1.52882
      vertex 18.5 102 1.5
      vertex 18.2074 102 1.52882
    endloop
  endfacet
  facet normal -0.957021 0.290017 0
    outer loop
      vertex 15.2934 101.464 1.5
      vertex 15.3731 101.727 17.9
      vertex 15.3731 101.727 1.5
    endloop
  endfacet
  facet normal -0.957021 0.290017 0
    outer loop
      vertex 15.3731 101.727 17.9
      vertex 15.2934 101.464 1.5
      vertex 15.2934 101.464 17.9
    endloop
  endfacet
  facet normal -0.995181 0.0980599 0
    outer loop
      vertex 15.3731 101.727 1.5
      vertex 15.4 102 17.9
      vertex 15.4 102 1.5
    endloop
  endfacet
  facet normal -0.995181 0.0980599 0
    outer loop
      vertex 15.4 102 17.9
      vertex 15.3731 101.727 1.5
      vertex 15.3731 101.727 17.9
    endloop
  endfacet
  facet normal -0.882 0.47125 0
    outer loop
      vertex 15.1641 101.222 1.5
      vertex 15.2934 101.464 17.9
      vertex 15.2934 101.464 1.5
    endloop
  endfacet
  facet normal -0.882 0.47125 0
    outer loop
      vertex 15.2934 101.464 17.9
      vertex 15.1641 101.222 1.5
      vertex 15.1641 101.222 17.9
    endloop
  endfacet
  facet normal 0.0983852 0.995148 -0
    outer loop
      vertex 14 100.6 1.5
      vertex 13.7269 100.627 17.9
      vertex 14 100.6 17.9
    endloop
  endfacet
  facet normal 0.0983852 0.995148 0
    outer loop
      vertex 13.7269 100.627 17.9
      vertex 14 100.6 1.5
      vertex 13.7269 100.627 1.5
    endloop
  endfacet
  facet normal -0.995181 -0.0980599 0
    outer loop
      vertex 15.4 102 1.5
      vertex 15.3731 102.273 17.9
      vertex 15.3731 102.273 1.5
    endloop
  endfacet
  facet normal -0.995181 -0.0980599 0
    outer loop
      vertex 15.3731 102.273 17.9
      vertex 15.4 102 1.5
      vertex 15.4 102 17.9
    endloop
  endfacet
  facet normal 0.470399 -0.882454 0
    outer loop
      vertex 13.2222 103.164 1.5
      vertex 13.4642 103.293 17.9
      vertex 13.2222 103.164 17.9
    endloop
  endfacet
  facet normal 0.470399 -0.882454 0
    outer loop
      vertex 13.4642 103.293 17.9
      vertex 13.2222 103.164 1.5
      vertex 13.4642 103.293 1.5
    endloop
  endfacet
  facet normal -0.63425 -0.773128 0
    outer loop
      vertex 14.7778 103.164 1.5
      vertex 14.9899 102.99 17.9
      vertex 14.7778 103.164 17.9
    endloop
  endfacet
  facet normal -0.63425 -0.773128 -0
    outer loop
      vertex 14.9899 102.99 17.9
      vertex 14.7778 103.164 1.5
      vertex 14.9899 102.99 1.5
    endloop
  endfacet
  facet normal -0.772624 0.634864 0
    outer loop
      vertex 14.9899 101.01 1.5
      vertex 15.1641 101.222 17.9
      vertex 15.1641 101.222 1.5
    endloop
  endfacet
  facet normal -0.772624 0.634864 0
    outer loop
      vertex 15.1641 101.222 17.9
      vertex 14.9899 101.01 1.5
      vertex 14.9899 101.01 17.9
    endloop
  endfacet
  facet normal -0.957021 -0.290017 0
    outer loop
      vertex 15.3731 102.273 1.5
      vertex 15.2934 102.536 17.9
      vertex 15.2934 102.536 1.5
    endloop
  endfacet
  facet normal -0.957021 -0.290017 0
    outer loop
      vertex 15.2934 102.536 17.9
      vertex 15.3731 102.273 1.5
      vertex 15.3731 102.273 17.9
    endloop
  endfacet
  facet normal 0.63425 0.773128 -0
    outer loop
      vertex 13.2222 100.836 1.5
      vertex 13.0101 101.01 17.9
      vertex 13.2222 100.836 17.9
    endloop
  endfacet
  facet normal 0.63425 0.773128 0
    outer loop
      vertex 13.0101 101.01 17.9
      vertex 13.2222 100.836 1.5
      vertex 13.0101 101.01 1.5
    endloop
  endfacet
  facet normal 0.470399 0.882454 -0
    outer loop
      vertex 13.4642 100.707 1.5
      vertex 13.2222 100.836 17.9
      vertex 13.4642 100.707 17.9
    endloop
  endfacet
  facet normal 0.470399 0.882454 0
    outer loop
      vertex 13.2222 100.836 17.9
      vertex 13.4642 100.707 1.5
      vertex 13.2222 100.836 1.5
    endloop
  endfacet
  facet normal 0.291321 0.956625 -0
    outer loop
      vertex 13.7269 100.627 1.5
      vertex 13.4642 100.707 17.9
      vertex 13.7269 100.627 17.9
    endloop
  endfacet
  facet normal 0.291321 0.956625 0
    outer loop
      vertex 13.4642 100.707 17.9
      vertex 13.7269 100.627 1.5
      vertex 13.4642 100.707 1.5
    endloop
  endfacet
  facet normal 0.882 -0.47125 0
    outer loop
      vertex 12.7066 102.536 17.9
      vertex 12.8359 102.778 1.5
      vertex 12.8359 102.778 17.9
    endloop
  endfacet
  facet normal 0.882 -0.47125 0
    outer loop
      vertex 12.8359 102.778 1.5
      vertex 12.7066 102.536 17.9
      vertex 12.7066 102.536 1.5
    endloop
  endfacet
  facet normal 0.63425 -0.773128 0
    outer loop
      vertex 13.0101 102.99 1.5
      vertex 13.2222 103.164 17.9
      vertex 13.0101 102.99 17.9
    endloop
  endfacet
  facet normal 0.63425 -0.773128 0
    outer loop
      vertex 13.2222 103.164 17.9
      vertex 13.0101 102.99 1.5
      vertex 13.2222 103.164 1.5
    endloop
  endfacet
  facet normal -0.772624 -0.634864 0
    outer loop
      vertex 15.1641 102.778 1.5
      vertex 14.9899 102.99 17.9
      vertex 14.9899 102.99 1.5
    endloop
  endfacet
  facet normal -0.772624 -0.634864 0
    outer loop
      vertex 14.9899 102.99 17.9
      vertex 15.1641 102.778 1.5
      vertex 15.1641 102.778 17.9
    endloop
  endfacet
  facet normal -0.291321 0.956625 0
    outer loop
      vertex 14.5358 100.707 1.5
      vertex 14.2731 100.627 17.9
      vertex 14.5358 100.707 17.9
    endloop
  endfacet
  facet normal -0.291321 0.956625 0
    outer loop
      vertex 14.2731 100.627 17.9
      vertex 14.5358 100.707 1.5
      vertex 14.2731 100.627 1.5
    endloop
  endfacet
  facet normal -0.0983852 0.995148 0
    outer loop
      vertex 14.2731 100.627 1.5
      vertex 14 100.6 17.9
      vertex 14.2731 100.627 17.9
    endloop
  endfacet
  facet normal -0.0983852 0.995148 0
    outer loop
      vertex 14 100.6 17.9
      vertex 14.2731 100.627 1.5
      vertex 14 100.6 1.5
    endloop
  endfacet
  facet normal -0.291321 -0.956625 0
    outer loop
      vertex 14.2731 103.373 1.5
      vertex 14.5358 103.293 17.9
      vertex 14.2731 103.373 17.9
    endloop
  endfacet
  facet normal -0.291321 -0.956625 -0
    outer loop
      vertex 14.5358 103.293 17.9
      vertex 14.2731 103.373 1.5
      vertex 14.5358 103.293 1.5
    endloop
  endfacet
  facet normal 0.957021 0.290017 0
    outer loop
      vertex 12.7066 101.464 17.9
      vertex 12.6269 101.727 1.5
      vertex 12.6269 101.727 17.9
    endloop
  endfacet
  facet normal 0.957021 0.290017 0
    outer loop
      vertex 12.6269 101.727 1.5
      vertex 12.7066 101.464 17.9
      vertex 12.7066 101.464 1.5
    endloop
  endfacet
  facet normal -0.470399 -0.882454 0
    outer loop
      vertex 14.5358 103.293 1.5
      vertex 14.7778 103.164 17.9
      vertex 14.5358 103.293 17.9
    endloop
  endfacet
  facet normal -0.470399 -0.882454 -0
    outer loop
      vertex 14.7778 103.164 17.9
      vertex 14.5358 103.293 1.5
      vertex 14.7778 103.164 1.5
    endloop
  endfacet
  facet normal 0.882 0.47125 0
    outer loop
      vertex 12.8359 101.222 17.9
      vertex 12.7066 101.464 1.5
      vertex 12.7066 101.464 17.9
    endloop
  endfacet
  facet normal 0.882 0.47125 0
    outer loop
      vertex 12.7066 101.464 1.5
      vertex 12.8359 101.222 17.9
      vertex 12.8359 101.222 1.5
    endloop
  endfacet
  facet normal -0.882 -0.47125 0
    outer loop
      vertex 15.2934 102.536 1.5
      vertex 15.1641 102.778 17.9
      vertex 15.1641 102.778 1.5
    endloop
  endfacet
  facet normal -0.882 -0.47125 0
    outer loop
      vertex 15.1641 102.778 17.9
      vertex 15.2934 102.536 1.5
      vertex 15.2934 102.536 17.9
    endloop
  endfacet
  facet normal -0.63425 0.773128 0
    outer loop
      vertex 14.9899 101.01 1.5
      vertex 14.7778 100.836 17.9
      vertex 14.9899 101.01 17.9
    endloop
  endfacet
  facet normal -0.63425 0.773128 0
    outer loop
      vertex 14.7778 100.836 17.9
      vertex 14.9899 101.01 1.5
      vertex 14.7778 100.836 1.5
    endloop
  endfacet
  facet normal -0.470399 0.882454 0
    outer loop
      vertex 14.7778 100.836 1.5
      vertex 14.5358 100.707 17.9
      vertex 14.7778 100.836 17.9
    endloop
  endfacet
  facet normal -0.470399 0.882454 0
    outer loop
      vertex 14.5358 100.707 17.9
      vertex 14.7778 100.836 1.5
      vertex 14.5358 100.707 1.5
    endloop
  endfacet
  facet normal 0.995181 0.0980599 0
    outer loop
      vertex 12.6269 101.727 17.9
      vertex 12.6 102 1.5
      vertex 12.6 102 17.9
    endloop
  endfacet
  facet normal 0.995181 0.0980599 0
    outer loop
      vertex 12.6 102 1.5
      vertex 12.6269 101.727 17.9
      vertex 12.6269 101.727 1.5
    endloop
  endfacet
  facet normal -0.0983852 -0.995148 0
    outer loop
      vertex 14 103.4 1.5
      vertex 14.2731 103.373 17.9
      vertex 14 103.4 17.9
    endloop
  endfacet
  facet normal -0.0983852 -0.995148 -0
    outer loop
      vertex 14.2731 103.373 17.9
      vertex 14 103.4 1.5
      vertex 14.2731 103.373 1.5
    endloop
  endfacet
  facet normal 0.957021 -0.290017 0
    outer loop
      vertex 12.6269 102.273 17.9
      vertex 12.7066 102.536 1.5
      vertex 12.7066 102.536 17.9
    endloop
  endfacet
  facet normal 0.957021 -0.290017 0
    outer loop
      vertex 12.7066 102.536 1.5
      vertex 12.6269 102.273 17.9
      vertex 12.6269 102.273 1.5
    endloop
  endfacet
  facet normal 0.772624 -0.634864 0
    outer loop
      vertex 12.8359 102.778 17.9
      vertex 13.0101 102.99 1.5
      vertex 13.0101 102.99 17.9
    endloop
  endfacet
  facet normal 0.772624 -0.634864 0
    outer loop
      vertex 13.0101 102.99 1.5
      vertex 12.8359 102.778 17.9
      vertex 12.8359 102.778 1.5
    endloop
  endfacet
  facet normal 0.995181 -0.0980599 0
    outer loop
      vertex 12.6 102 17.9
      vertex 12.6269 102.273 1.5
      vertex 12.6269 102.273 17.9
    endloop
  endfacet
  facet normal 0.995181 -0.0980599 0
    outer loop
      vertex 12.6269 102.273 1.5
      vertex 12.6 102 17.9
      vertex 12.6 102 1.5
    endloop
  endfacet
  facet normal 0.0983852 -0.995148 0
    outer loop
      vertex 13.7269 103.373 1.5
      vertex 14 103.4 17.9
      vertex 13.7269 103.373 17.9
    endloop
  endfacet
  facet normal 0.0983852 -0.995148 0
    outer loop
      vertex 14 103.4 17.9
      vertex 13.7269 103.373 1.5
      vertex 14 103.4 1.5
    endloop
  endfacet
  facet normal 0.291321 -0.956625 0
    outer loop
      vertex 13.4642 103.293 1.5
      vertex 13.7269 103.373 17.9
      vertex 13.4642 103.293 17.9
    endloop
  endfacet
  facet normal 0.291321 -0.956625 0
    outer loop
      vertex 13.7269 103.373 17.9
      vertex 13.4642 103.293 1.5
      vertex 13.7269 103.373 1.5
    endloop
  endfacet
  facet normal 0.772624 0.634864 0
    outer loop
      vertex 13.0101 101.01 17.9
      vertex 12.8359 101.222 1.5
      vertex 12.8359 101.222 17.9
    endloop
  endfacet
  facet normal 0.772624 0.634864 0
    outer loop
      vertex 12.8359 101.222 1.5
      vertex 13.0101 101.01 17.9
      vertex 13.0101 101.01 1.5
    endloop
  endfacet
  facet normal 0.995181 0.0980599 0
    outer loop
      vertex 15.4 102 2.899
      vertex 15.3731 102.273 1.50001
      vertex 15.3731 102.273 2.899
    endloop
  endfacet
  facet normal 0.995181 0.0980599 0
    outer loop
      vertex 15.3731 102.273 1.50001
      vertex 15.4 102 2.899
      vertex 15.4 102 1.50001
    endloop
  endfacet
  facet normal -0.0979826 -0.00961339 0.995142
    outer loop
      vertex 14.001 102 1.50001
      vertex 14.2739 102 1.52688
      vertex 14.2687 102.053 1.52688
    endloop
  endfacet
  facet normal -0.290139 -0.0284612 0.956561
    outer loop
      vertex 14.2739 102 1.52688
      vertex 14.5364 102 1.6065
      vertex 14.5261 102.105 1.6065
    endloop
  endfacet
  facet normal -0.290137 -0.0284662 0.956562
    outer loop
      vertex 14.2687 102.053 1.52688
      vertex 14.2739 102 1.52688
      vertex 14.5261 102.105 1.6065
    endloop
  endfacet
  facet normal -0.470994 -0.0461698 0.880927
    outer loop
      vertex 14.5364 102 1.6065
      vertex 14.7782 102 1.73578
      vertex 14.7633 102.152 1.73578
    endloop
  endfacet
  facet normal -0.470977 -0.0462006 0.880935
    outer loop
      vertex 14.5261 102.105 1.6065
      vertex 14.5364 102 1.6065
      vertex 14.7633 102.152 1.73578
    endloop
  endfacet
  facet normal -0.633173 -0.0623331 0.771496
    outer loop
      vertex 14.7782 102 1.73578
      vertex 14.9902 102 1.90977
      vertex 14.9712 102.193 1.90977
    endloop
  endfacet
  facet normal -0.633327 -0.0620827 0.77139
    outer loop
      vertex 14.7633 102.152 1.73578
      vertex 14.7782 102 1.73578
      vertex 14.9712 102.193 1.90977
    endloop
  endfacet
  facet normal -0.770748 -0.0757167 0.632625
    outer loop
      vertex 14.9902 102 1.90977
      vertex 15.1642 102 2.12176
      vertex 15.1419 102.227 2.12176
    endloop
  endfacet
  facet normal -0.770655 -0.0758676 0.63272
    outer loop
      vertex 14.9712 102.193 1.90977
      vertex 14.9902 102 1.90977
      vertex 15.1419 102.227 2.12176
    endloop
  endfacet
  facet normal -0.878565 -0.0868106 0.469667
    outer loop
      vertex 15.1642 102 2.12176
      vertex 15.2935 102 2.36363
      vertex 15.2686 102.252 2.36363
    endloop
  endfacet
  facet normal -0.878819 -0.0863333 0.46928
    outer loop
      vertex 15.1419 102.227 2.12176
      vertex 15.1642 102 2.12176
      vertex 15.2686 102.252 2.36363
    endloop
  endfacet
  facet normal -0.95273 -0.093851 0.288959
    outer loop
      vertex 15.2935 102 2.36363
      vertex 15.3731 102 2.62608
      vertex 15.3467 102.268 2.62608
    endloop
  endfacet
  facet normal -0.952623 -0.0941283 0.289221
    outer loop
      vertex 15.2686 102.252 2.36363
      vertex 15.2935 102 2.36363
      vertex 15.3467 102.268 2.62608
    endloop
  endfacet
  facet normal -0.990427 -0.0975916 0.0976202
    outer loop
      vertex 15.3731 102.273 2.899
      vertex 15.3731 102 2.62608
      vertex 15.4 102 2.899
    endloop
  endfacet
  facet normal -0.990433 -0.097565 0.0975936
    outer loop
      vertex 15.3467 102.268 2.62608
      vertex 15.3731 102 2.62608
      vertex 15.3731 102.273 2.899
    endloop
  endfacet
  facet normal 0.957021 0.290017 0
    outer loop
      vertex 15.3731 102.273 2.899
      vertex 15.2934 102.536 1.50001
      vertex 15.2934 102.536 2.899
    endloop
  endfacet
  facet normal 0.957021 0.290017 0
    outer loop
      vertex 15.2934 102.536 1.50001
      vertex 15.3731 102.273 2.899
      vertex 15.3731 102.273 1.50001
    endloop
  endfacet
  facet normal -0.094286 -0.0282858 0.995143
    outer loop
      vertex 14.001 102 1.50001
      vertex 14.2687 102.053 1.52688
      vertex 14.2531 102.105 1.52688
    endloop
  endfacet
  facet normal 0 -0.247916 0.968782
    outer loop
      vertex 14.0009 102 1.50001
      vertex 14.001 102 1.50001
      vertex 14.2531 102.105 1.52688
    endloop
  endfacet
  facet normal -0.27867 -0.0852732 0.956594
    outer loop
      vertex 14.2687 102.053 1.52688
      vertex 14.5261 102.105 1.6065
      vertex 14.4955 102.205 1.6065
    endloop
  endfacet
  facet normal -0.279564 -0.0838691 0.956457
    outer loop
      vertex 14.2531 102.105 1.52688
      vertex 14.2687 102.053 1.52688
      vertex 14.4955 102.205 1.6065
    endloop
  endfacet
  facet normal -0.452891 -0.137418 0.880912
    outer loop
      vertex 14.5261 102.105 1.6065
      vertex 14.7633 102.152 1.73578
      vertex 14.719 102.298 1.73578
    endloop
  endfacet
  facet normal -0.452124 -0.13835 0.88116
    outer loop
      vertex 14.4955 102.205 1.6065
      vertex 14.5261 102.105 1.6065
      vertex 14.719 102.298 1.73578
    endloop
  endfacet
  facet normal -0.609151 -0.184383 0.771322
    outer loop
      vertex 14.7633 102.152 1.73578
      vertex 14.9712 102.193 1.90977
      vertex 14.9149 102.379 1.90977
    endloop
  endfacet
  facet normal -0.608826 -0.184733 0.771495
    outer loop
      vertex 14.719 102.298 1.73578
      vertex 14.7633 102.152 1.73578
      vertex 14.9149 102.379 1.90977
    endloop
  endfacet
  facet normal -0.741128 -0.224369 0.632762
    outer loop
      vertex 14.9712 102.193 1.90977
      vertex 15.1419 102.227 2.12176
      vertex 15.0756 102.446 2.12176
    endloop
  endfacet
  facet normal -0.741156 -0.224339 0.63274
    outer loop
      vertex 14.9149 102.379 1.90977
      vertex 14.9712 102.193 1.90977
      vertex 15.0756 102.446 2.12176
    endloop
  endfacet
  facet normal -0.845179 -0.255988 0.469194
    outer loop
      vertex 15.1419 102.227 2.12176
      vertex 15.2686 102.252 2.36363
      vertex 15.195 102.495 2.36363
    endloop
  endfacet
  facet normal -0.845257 -0.255893 0.469105
    outer loop
      vertex 15.0756 102.446 2.12176
      vertex 15.1419 102.227 2.12176
      vertex 15.195 102.495 2.36363
    endloop
  endfacet
  facet normal -0.915824 -0.278311 0.289498
    outer loop
      vertex 15.2686 102.525 2.62608
      vertex 15.2686 102.252 2.36363
      vertex 15.3467 102.268 2.62608
    endloop
  endfacet
  facet normal -0.916315 -0.277534 0.28869
    outer loop
      vertex 15.195 102.495 2.36363
      vertex 15.2686 102.252 2.36363
      vertex 15.2686 102.525 2.62608
    endloop
  endfacet
  facet normal -0.952469 -0.288638 0.0974218
    outer loop
      vertex 15.2934 102.536 2.899
      vertex 15.3467 102.268 2.62608
      vertex 15.3731 102.273 2.899
    endloop
  endfacet
  facet normal -0.952172 -0.289357 0.0981855
    outer loop
      vertex 15.2686 102.525 2.62608
      vertex 15.3467 102.268 2.62608
      vertex 15.2934 102.536 2.899
    endloop
  endfacet
  facet normal 0.881848 0.471534 0
    outer loop
      vertex 15.2934 102.536 2.899
      vertex 15.164 102.778 1.50001
      vertex 15.164 102.778 2.899
    endloop
  endfacet
  facet normal 0.881848 0.471534 0
    outer loop
      vertex 15.164 102.778 1.50001
      vertex 15.2934 102.536 2.899
      vertex 15.2934 102.536 1.50001
    endloop
  endfacet
  facet normal -0.0866143 -0.0466243 0.99515
    outer loop
      vertex 14.0009 102 1.50001
      vertex 14.2531 102.105 1.52688
      vertex 14.2278 102.152 1.52688
    endloop
  endfacet
  facet normal -0.110303 -0.0110303 0.993837
    outer loop
      vertex 14.0008 102.001 1.50001
      vertex 14.0009 102 1.50001
      vertex 14.2278 102.152 1.52688
    endloop
  endfacet
  facet normal -0.257604 -0.137112 0.956473
    outer loop
      vertex 14.2531 102.105 1.52688
      vertex 14.4955 102.205 1.6065
      vertex 14.446 102.298 1.6065
    endloop
  endfacet
  facet normal -0.256623 -0.13814 0.956589
    outer loop
      vertex 14.2278 102.152 1.52688
      vertex 14.2531 102.105 1.52688
      vertex 14.446 102.298 1.6065
    endloop
  endfacet
  facet normal -0.416657 -0.223565 0.881145
    outer loop
      vertex 14.4955 102.205 1.6065
      vertex 14.719 102.298 1.73578
      vertex 14.6471 102.432 1.73578
    endloop
  endfacet
  facet normal -0.417985 -0.222476 0.880791
    outer loop
      vertex 14.446 102.298 1.6065
      vertex 14.4955 102.205 1.6065
      vertex 14.6471 102.432 1.73578
    endloop
  endfacet
  facet normal -0.560912 -0.300465 0.771426
    outer loop
      vertex 14.719 102.298 1.73578
      vertex 14.9149 102.379 1.90977
      vertex 14.8233 102.55 1.90977
    endloop
  endfacet
  facet normal -0.560513 -0.300753 0.771604
    outer loop
      vertex 14.6471 102.432 1.73578
      vertex 14.719 102.298 1.73578
      vertex 14.8233 102.55 1.90977
    endloop
  endfacet
  facet normal -0.682573 -0.365397 0.632913
    outer loop
      vertex 14.9149 102.379 1.90977
      vertex 15.0756 102.446 2.12176
      vertex 14.968 102.647 2.12176
    endloop
  endfacet
  facet normal -0.682384 -0.365534 0.633038
    outer loop
      vertex 14.8233 102.55 1.90977
      vertex 14.9149 102.379 1.90977
      vertex 14.968 102.647 2.12176
    endloop
  endfacet
  facet normal -0.779283 -0.415733 0.468918
    outer loop
      vertex 15.0755 102.719 2.36363
      vertex 15.0756 102.446 2.12176
      vertex 15.195 102.495 2.36363
    endloop
  endfacet
  facet normal -0.778226 -0.416603 0.4699
    outer loop
      vertex 14.968 102.647 2.12176
      vertex 15.0756 102.446 2.12176
      vertex 15.0755 102.719 2.36363
    endloop
  endfacet
  facet normal -0.844902 -0.450496 0.288435
    outer loop
      vertex 15.1417 102.763 2.62608
      vertex 15.195 102.495 2.36363
      vertex 15.2686 102.525 2.62608
    endloop
  endfacet
  facet normal -0.844748 -0.450658 0.288631
    outer loop
      vertex 15.0755 102.719 2.36363
      vertex 15.195 102.495 2.36363
      vertex 15.1417 102.763 2.62608
    endloop
  endfacet
  facet normal -0.877546 -0.469233 0.0986542
    outer loop
      vertex 15.164 102.778 2.899
      vertex 15.2686 102.525 2.62608
      vertex 15.2934 102.536 2.899
    endloop
  endfacet
  facet normal -0.878201 -0.468251 0.0974924
    outer loop
      vertex 15.1417 102.763 2.62608
      vertex 15.2686 102.525 2.62608
      vertex 15.164 102.778 2.899
    endloop
  endfacet
  facet normal 0.772803 0.634646 0
    outer loop
      vertex 15.164 102.778 2.899
      vertex 14.9899 102.99 1.50001
      vertex 14.9899 102.99 2.899
    endloop
  endfacet
  facet normal 0.772803 0.634646 0
    outer loop
      vertex 14.9899 102.99 1.50001
      vertex 15.164 102.778 2.899
      vertex 15.164 102.778 1.50001
    endloop
  endfacet
  facet normal -0.0764859 -0.0620992 0.995135
    outer loop
      vertex 14.0008 102.001 1.50001
      vertex 14.2278 102.152 1.52688
      vertex 14.1937 102.194 1.52688
    endloop
  endfacet
  facet normal 0 -0.137893 0.990447
    outer loop
      vertex 14.0007 102.001 1.50001
      vertex 14.0008 102.001 1.50001
      vertex 14.1937 102.194 1.52688
    endloop
  endfacet
  facet normal -0.225047 -0.185317 0.956562
    outer loop
      vertex 14.2278 102.152 1.52688
      vertex 14.446 102.298 1.6065
      vertex 14.3793 102.379 1.6065
    endloop
  endfacet
  facet normal -0.226764 -0.18411 0.95639
    outer loop
      vertex 14.1937 102.194 1.52688
      vertex 14.2278 102.152 1.52688
      vertex 14.3793 102.379 1.6065
    endloop
  endfacet
  facet normal -0.366102 -0.300328 0.880779
    outer loop
      vertex 14.446 102.298 1.6065
      vertex 14.6471 102.432 1.73578
      vertex 14.5503 102.55 1.73578
    endloop
  endfacet
  facet normal -0.365261 -0.300777 0.880975
    outer loop
      vertex 14.3793 102.379 1.6065
      vertex 14.446 102.298 1.6065
      vertex 14.5503 102.55 1.73578
    endloop
  endfacet
  facet normal -0.491703 -0.403524 0.771619
    outer loop
      vertex 14.6471 102.432 1.73578
      vertex 14.8233 102.55 1.90977
      vertex 14.7002 102.7 1.90977
    endloop
  endfacet
  facet normal -0.491829 -0.403467 0.771569
    outer loop
      vertex 14.5503 102.55 1.73578
      vertex 14.6471 102.432 1.73578
      vertex 14.7002 102.7 1.90977
    endloop
  endfacet
  facet normal -0.597782 -0.491811 0.633071
    outer loop
      vertex 14.8232 102.823 2.12176
      vertex 14.8233 102.55 1.90977
      vertex 14.968 102.647 2.12176
    endloop
  endfacet
  facet normal -0.598745 -0.49137 0.632503
    outer loop
      vertex 14.7002 102.7 1.90977
      vertex 14.8233 102.55 1.90977
      vertex 14.8232 102.823 2.12176
    endloop
  endfacet
  facet normal -0.68225 -0.560072 0.469951
    outer loop
      vertex 14.9146 102.915 2.36363
      vertex 14.968 102.647 2.12176
      vertex 15.0755 102.719 2.36363
    endloop
  endfacet
  facet normal -0.681341 -0.560558 0.47069
    outer loop
      vertex 14.8232 102.823 2.12176
      vertex 14.968 102.647 2.12176
      vertex 14.9146 102.915 2.36363
    endloop
  endfacet
  facet normal -0.739966 -0.607626 0.288517
    outer loop
      vertex 14.9709 102.971 2.62608
      vertex 15.0755 102.719 2.36363
      vertex 15.1417 102.763 2.62608
    endloop
  endfacet
  facet normal -0.74008 -0.607545 0.288394
    outer loop
      vertex 14.9146 102.915 2.36363
      vertex 15.0755 102.719 2.36363
      vertex 14.9709 102.971 2.62608
    endloop
  endfacet
  facet normal -0.769116 -0.631619 0.0975582
    outer loop
      vertex 14.9899 102.99 2.899
      vertex 15.1417 102.763 2.62608
      vertex 15.164 102.778 2.899
    endloop
  endfacet
  facet normal -0.769147 -0.631588 0.0975156
    outer loop
      vertex 14.9709 102.971 2.62608
      vertex 15.1417 102.763 2.62608
      vertex 14.9899 102.99 2.899
    endloop
  endfacet
  facet normal 0.63425 0.773128 -0
    outer loop
      vertex 14.9899 102.99 1.50001
      vertex 14.7778 103.164 2.899
      vertex 14.9899 102.99 2.899
    endloop
  endfacet
  facet normal 0.63425 0.773128 0
    outer loop
      vertex 14.7778 103.164 2.899
      vertex 14.9899 102.99 1.50001
      vertex 14.7778 103.164 1.50001
    endloop
  endfacet
  facet normal -0.0623918 -0.0761547 0.995142
    outer loop
      vertex 14.0007 102.001 1.50001
      vertex 14.1937 102.194 1.52688
      vertex 14.1522 102.228 1.52688
    endloop
  endfacet
  facet normal 0 -0.117549 0.993067
    outer loop
      vertex 14.0006 102.001 1.50001
      vertex 14.0007 102.001 1.50001
      vertex 14.1522 102.228 1.52688
    endloop
  endfacet
  facet normal -0.185694 -0.225327 0.956423
    outer loop
      vertex 14.1937 102.194 1.52688
      vertex 14.3793 102.379 1.6065
      vertex 14.298 102.446 1.6065
    endloop
  endfacet
  facet normal -0.184895 -0.225681 0.956495
    outer loop
      vertex 14.1522 102.228 1.52688
      vertex 14.1937 102.194 1.52688
      vertex 14.298 102.446 1.6065
    endloop
  endfacet
  facet normal -0.300629 -0.365403 0.880967
    outer loop
      vertex 14.3793 102.379 1.6065
      vertex 14.5503 102.55 1.73578
      vertex 14.4324 102.647 1.73578
    endloop
  endfacet
  facet normal -0.301031 -0.365281 0.88088
    outer loop
      vertex 14.298 102.446 1.6065
      vertex 14.3793 102.379 1.6065
      vertex 14.4324 102.647 1.73578
    endloop
  endfacet
  facet normal -0.403203 -0.492039 0.771573
    outer loop
      vertex 14.5501 102.823 1.90977
      vertex 14.5503 102.55 1.73578
      vertex 14.7002 102.7 1.90977
    endloop
  endfacet
  facet normal -0.404553 -0.491719 0.77107
    outer loop
      vertex 14.4324 102.647 1.73578
      vertex 14.5503 102.55 1.73578
      vertex 14.5501 102.823 1.90977
    endloop
  endfacet
  facet normal -0.49183 -0.598337 0.632532
    outer loop
      vertex 14.6468 102.968 2.12176
      vertex 14.7002 102.7 1.90977
      vertex 14.8232 102.823 2.12176
    endloop
  endfacet
  facet normal -0.490557 -0.598639 0.633235
    outer loop
      vertex 14.5501 102.823 1.90977
      vertex 14.7002 102.7 1.90977
      vertex 14.6468 102.968 2.12176
    endloop
  endfacet
  facet normal -0.55996 -0.68169 0.470897
    outer loop
      vertex 14.7186 103.076 2.36363
      vertex 14.8232 102.823 2.12176
      vertex 14.9146 102.915 2.36363
    endloop
  endfacet
  facet normal -0.560269 -0.681596 0.470665
    outer loop
      vertex 14.6468 102.968 2.12176
      vertex 14.8232 102.823 2.12176
      vertex 14.7186 103.076 2.36363
    endloop
  endfacet
  facet normal -0.608097 -0.739673 0.288274
    outer loop
      vertex 14.7629 103.142 2.62608
      vertex 14.9146 102.915 2.36363
      vertex 14.9709 102.971 2.62608
    endloop
  endfacet
  facet normal -0.607725 -0.739839 0.288632
    outer loop
      vertex 14.7186 103.076 2.36363
      vertex 14.9146 102.915 2.36363
      vertex 14.7629 103.142 2.62608
    endloop
  endfacet
  facet normal -0.631227 -0.769444 0.0975112
    outer loop
      vertex 14.7778 103.164 2.899
      vertex 14.9709 102.971 2.62608
      vertex 14.9899 102.99 2.899
    endloop
  endfacet
  facet normal -0.632093 -0.768862 0.0964867
    outer loop
      vertex 14.7629 103.142 2.62608
      vertex 14.9709 102.971 2.62608
      vertex 14.7778 103.164 2.899
    endloop
  endfacet
  facet normal 0.470399 0.882454 -0
    outer loop
      vertex 14.7778 103.164 1.50001
      vertex 14.5358 103.293 2.899
      vertex 14.7778 103.164 2.899
    endloop
  endfacet
  facet normal 0.470399 0.882454 0
    outer loop
      vertex 14.5358 103.293 2.899
      vertex 14.7778 103.164 1.50001
      vertex 14.5358 103.293 1.50001
    endloop
  endfacet
  facet normal -0.0459446 -0.0871109 0.995139
    outer loop
      vertex 14.0006 102.001 1.50001
      vertex 14.1522 102.228 1.52688
      vertex 14.1048 102.253 1.52688
    endloop
  endfacet
  facet normal 0 -0.106026 0.994363
    outer loop
      vertex 14.0004 102.001 1.50001
      vertex 14.0006 102.001 1.50001
      vertex 14.1048 102.253 1.52688
    endloop
  endfacet
  facet normal -0.138475 -0.256733 0.956511
    outer loop
      vertex 14.1522 102.228 1.52688
      vertex 14.298 102.446 1.6065
      vertex 14.2053 102.496 1.6065
    endloop
  endfacet
  facet normal -0.13573 -0.257345 0.95674
    outer loop
      vertex 14.1048 102.253 1.52688
      vertex 14.1522 102.228 1.52688
      vertex 14.2053 102.496 1.6065
    endloop
  endfacet
  facet normal -0.223234 -0.417323 0.880913
    outer loop
      vertex 14.2978 102.719 1.73578
      vertex 14.298 102.446 1.6065
      vertex 14.4324 102.647 1.73578
    endloop
  endfacet
  facet normal -0.225 -0.41715 0.880546
    outer loop
      vertex 14.2053 102.496 1.6065
      vertex 14.298 102.446 1.6065
      vertex 14.2978 102.719 1.73578
    endloop
  endfacet
  facet normal -0.301367 -0.560805 0.771152
    outer loop
      vertex 14.3789 102.915 1.90977
      vertex 14.4324 102.647 1.73578
      vertex 14.5501 102.823 1.90977
    endloop
  endfacet
  facet normal -0.300011 -0.560855 0.771645
    outer loop
      vertex 14.2978 102.719 1.73578
      vertex 14.4324 102.647 1.73578
      vertex 14.3789 102.915 1.90977
    endloop
  endfacet
  facet normal -0.365866 -0.681934 0.633331
    outer loop
      vertex 14.4455 103.076 2.12176
      vertex 14.5501 102.823 1.90977
      vertex 14.6468 102.968 2.12176
    endloop
  endfacet
  facet normal -0.366448 -0.681912 0.633017
    outer loop
      vertex 14.3789 102.915 1.90977
      vertex 14.5501 102.823 1.90977
      vertex 14.4455 103.076 2.12176
    endloop
  endfacet
  facet normal -0.414485 -0.778814 0.470798
    outer loop
      vertex 14.495 103.195 2.36363
      vertex 14.6468 102.968 2.12176
      vertex 14.7186 103.076 2.36363
    endloop
  endfacet
  facet normal -0.417673 -0.778497 0.468499
    outer loop
      vertex 14.4455 103.076 2.12176
      vertex 14.6468 102.968 2.12176
      vertex 14.495 103.195 2.36363
    endloop
  endfacet
  facet normal -0.451643 -0.844252 0.288544
    outer loop
      vertex 14.5255 103.269 2.62608
      vertex 14.7186 103.076 2.36363
      vertex 14.7629 103.142 2.62608
    endloop
  endfacet
  facet normal -0.44956 -0.84472 0.29042
    outer loop
      vertex 14.495 103.195 2.36363
      vertex 14.7186 103.076 2.36363
      vertex 14.5255 103.269 2.62608
    endloop
  endfacet
  facet normal -0.46821 -0.878347 0.0963651
    outer loop
      vertex 14.5358 103.293 2.899
      vertex 14.7629 103.142 2.62608
      vertex 14.7778 103.164 2.899
    endloop
  endfacet
  facet normal -0.469577 -0.877775 0.0949115
    outer loop
      vertex 14.5255 103.269 2.62608
      vertex 14.7629 103.142 2.62608
      vertex 14.5358 103.293 2.899
    endloop
  endfacet
  facet normal 0.291321 0.956625 -0
    outer loop
      vertex 14.5358 103.293 1.50001
      vertex 14.2731 103.373 2.899
      vertex 14.5358 103.293 2.899
    endloop
  endfacet
  facet normal 0.291321 0.956625 0
    outer loop
      vertex 14.2731 103.373 2.899
      vertex 14.5358 103.293 1.50001
      vertex 14.2731 103.373 1.50001
    endloop
  endfacet
  facet normal -0.0292571 -0.0939883 0.995143
    outer loop
      vertex 14.0004 102.001 1.50001
      vertex 14.1048 102.253 1.52688
      vertex 14.0534 102.269 1.52688
    endloop
  endfacet
  facet normal 0 -0.099761 0.995011
    outer loop
      vertex 14.0002 102.001 1.50001
      vertex 14.0004 102.001 1.50001
      vertex 14.0534 102.269 1.52688
    endloop
  endfacet
  facet normal -0.0831392 -0.279071 0.956665
    outer loop
      vertex 14.1046 102.526 1.6065
      vertex 14.1048 102.253 1.52688
      vertex 14.2053 102.496 1.6065
    endloop
  endfacet
  facet normal -0.0868435 -0.278985 0.956361
    outer loop
      vertex 14.0534 102.269 1.52688
      vertex 14.1048 102.253 1.52688
      vertex 14.1046 102.526 1.6065
    endloop
  endfacet
  facet normal -0.136752 -0.453767 0.880565
    outer loop
      vertex 14.1518 102.763 1.73578
      vertex 14.2053 102.496 1.6065
      vertex 14.2978 102.719 1.73578
    endloop
  endfacet
  facet normal -0.135135 -0.453604 0.880898
    outer loop
      vertex 14.1046 102.526 1.6065
      vertex 14.2053 102.496 1.6065
      vertex 14.1518 102.763 1.73578
    endloop
  endfacet
  facet normal -0.183647 -0.608988 0.771627
    outer loop
      vertex 14.1932 102.971 1.90977
      vertex 14.2978 102.719 1.73578
      vertex 14.3789 102.915 1.90977
    endloop
  endfacet
  facet normal -0.183524 -0.608968 0.771672
    outer loop
      vertex 14.1518 102.763 1.73578
      vertex 14.2978 102.719 1.73578
      vertex 14.1932 102.971 1.90977
    endloop
  endfacet
  facet normal -0.223922 -0.740977 0.633098
    outer loop
      vertex 14.2271 103.142 2.12176
      vertex 14.3789 102.915 1.90977
      vertex 14.4455 103.076 2.12176
    endloop
  endfacet
  facet normal -0.223426 -0.740896 0.633367
    outer loop
      vertex 14.1932 102.971 1.90977
      vertex 14.3789 102.915 1.90977
      vertex 14.2271 103.142 2.12176
    endloop
  endfacet
  facet normal -0.25766 -0.845056 0.468499
    outer loop
      vertex 14.2523 103.269 2.36363
      vertex 14.4455 103.076 2.12176
      vertex 14.495 103.195 2.36363
    endloop
  endfacet
  facet normal -0.255305 -0.844827 0.470198
    outer loop
      vertex 14.2271 103.142 2.12176
      vertex 14.4455 103.076 2.12176
      vertex 14.2523 103.269 2.36363
    endloop
  endfacet
  facet normal -0.277308 -0.915827 0.290452
    outer loop
      vertex 14.2679 103.347 2.62608
      vertex 14.495 103.195 2.36363
      vertex 14.5255 103.269 2.62608
    endloop
  endfacet
  facet normal -0.279224 -0.915778 0.288766
    outer loop
      vertex 14.2523 103.269 2.36363
      vertex 14.495 103.195 2.36363
      vertex 14.2679 103.347 2.62608
    endloop
  endfacet
  facet normal -0.290012 -0.952327 0.0946906
    outer loop
      vertex 14.2731 103.373 2.899
      vertex 14.5255 103.269 2.62608
      vertex 14.5358 103.293 2.899
    endloop
  endfacet
  facet normal -0.288456 -0.952643 0.0962505
    outer loop
      vertex 14.2679 103.347 2.62608
      vertex 14.5255 103.269 2.62608
      vertex 14.2731 103.373 2.899
    endloop
  endfacet
  facet normal 0.0983852 0.995148 -0
    outer loop
      vertex 14.2731 103.373 1.50001
      vertex 14 103.4 2.899
      vertex 14.2731 103.373 2.899
    endloop
  endfacet
  facet normal 0.0983852 0.995148 0
    outer loop
      vertex 14 103.4 2.899
      vertex 14.2731 103.373 1.50001
      vertex 14 103.4 1.50001
    endloop
  endfacet
  facet normal -0.00917174 -0.0979541 0.995149
    outer loop
      vertex 14 102.274 1.52688
      vertex 14.0002 102.001 1.50001
      vertex 14.0534 102.269 1.52688
    endloop
  endfacet
  facet normal 0 -0.0979516 0.995191
    outer loop
      vertex 14 102.001 1.50001
      vertex 14.0002 102.001 1.50001
      vertex 14 102.274 1.52688
    endloop
  endfacet
  facet normal -0.0277971 -0.290758 0.956393
    outer loop
      vertex 14 102.536 1.6065
      vertex 14.0534 102.269 1.52688
      vertex 14.1046 102.526 1.6065
    endloop
  endfacet
  facet normal -0.027215 -0.290656 0.956441
    outer loop
      vertex 14 102.274 1.52688
      vertex 14.0534 102.269 1.52688
      vertex 14 102.536 1.6065
    endloop
  endfacet
  facet normal -0.0465604 -0.471191 0.880801
    outer loop
      vertex 14 102.778 1.73578
      vertex 14.1046 102.526 1.6065
      vertex 14.1518 102.763 1.73578
    endloop
  endfacet
  facet normal -0.0450015 -0.470716 0.881136
    outer loop
      vertex 14 102.536 1.6065
      vertex 14.1046 102.526 1.6065
      vertex 14 102.778 1.73578
    endloop
  endfacet
  facet normal -0.0622563 -0.633048 0.771605
    outer loop
      vertex 14 102.99 1.90977
      vertex 14.1518 102.763 1.73578
      vertex 14.1932 102.971 1.90977
    endloop
  endfacet
  facet normal -0.0625656 -0.633164 0.771485
    outer loop
      vertex 14 102.778 1.73578
      vertex 14.1518 102.763 1.73578
      vertex 14 102.99 1.90977
    endloop
  endfacet
  facet normal -0.0746223 -0.770306 0.633294
    outer loop
      vertex 14 103.164 2.12176
      vertex 14.1932 102.971 1.90977
      vertex 14.2271 103.142 2.12176
    endloop
  endfacet
  facet normal -0.0757977 -0.770743 0.632621
    outer loop
      vertex 14 102.99 1.90977
      vertex 14.1932 102.971 1.90977
      vertex 14 103.164 2.12176
    endloop
  endfacet
  facet normal -0.0835826 -0.878662 0.470072
    outer loop
      vertex 14 103.293 2.36363
      vertex 14.2271 103.142 2.12176
      vertex 14.2523 103.269 2.36363
    endloop
  endfacet
  facet normal -0.0851658 -0.879143 0.468886
    outer loop
      vertex 14 103.164 2.12176
      vertex 14.2271 103.142 2.12176
      vertex 14 103.293 2.36363
    endloop
  endfacet
  facet normal -0.0924838 -0.952939 0.28871
    outer loop
      vertex 14 103.373 2.62608
      vertex 14.2523 103.269 2.36363
      vertex 14.2679 103.347 2.62608
    endloop
  endfacet
  facet normal -0.0906171 -0.952613 0.290375
    outer loop
      vertex 14 103.293 2.36363
      vertex 14.2523 103.269 2.36363
      vertex 14 103.373 2.62608
    endloop
  endfacet
  facet normal -0.0979286 -0.99053 0.0962297
    outer loop
      vertex 14 103.4 2.899
      vertex 14.2679 103.347 2.62608
      vertex 14.2731 103.373 2.899
    endloop
  endfacet
  facet normal -0.0961324 -0.990533 0.0979935
    outer loop
      vertex 14 103.373 2.62608
      vertex 14.2679 103.347 2.62608
      vertex 14 103.4 2.899
    endloop
  endfacet
  facet normal -0.0983852 0.995148 0
    outer loop
      vertex 14 103.4 1.50001
      vertex 13.7269 103.373 2.899
      vertex 14 103.4 2.899
    endloop
  endfacet
  facet normal -0.0983852 0.995148 0
    outer loop
      vertex 13.7269 103.373 2.899
      vertex 14 103.4 1.50001
      vertex 13.7269 103.373 1.50001
    endloop
  endfacet
  facet normal 0.00917111 -0.0979475 0.995149
    outer loop
      vertex 13.9466 102.269 1.52688
      vertex 14 102.001 1.50001
      vertex 14 102.274 1.52688
    endloop
  endfacet
  facet normal 0 -0.099761 0.995011
    outer loop
      vertex 13.9466 102.269 1.52688
      vertex 13.9998 102.001 1.50001
      vertex 14 102.001 1.50001
    endloop
  endfacet
  facet normal 0.0277869 -0.290651 0.956426
    outer loop
      vertex 13.8954 102.526 1.6065
      vertex 14 102.274 1.52688
      vertex 14 102.536 1.6065
    endloop
  endfacet
  facet normal 0.0272345 -0.290865 0.956376
    outer loop
      vertex 13.8954 102.526 1.6065
      vertex 13.9466 102.269 1.52688
      vertex 14 102.274 1.52688
    endloop
  endfacet
  facet normal 0.0465102 -0.470684 0.881075
    outer loop
      vertex 13.8482 102.763 1.73578
      vertex 14 102.536 1.6065
      vertex 14 102.778 1.73578
    endloop
  endfacet
  facet normal 0.045072 -0.471453 0.880738
    outer loop
      vertex 13.8482 102.763 1.73578
      vertex 13.8954 102.526 1.6065
      vertex 14 102.536 1.6065
    endloop
  endfacet
  facet normal 0.0622688 -0.633175 0.771499
    outer loop
      vertex 13.8068 102.971 1.90977
      vertex 14 102.778 1.73578
      vertex 14 102.99 1.90977
    endloop
  endfacet
  facet normal 0.0625496 -0.633002 0.771619
    outer loop
      vertex 13.8068 102.971 1.90977
      vertex 13.8482 102.763 1.73578
      vertex 14 102.778 1.73578
    endloop
  endfacet
  facet normal 0.0746711 -0.770809 0.632675
    outer loop
      vertex 13.7729 103.142 2.12176
      vertex 14 102.99 1.90977
      vertex 14 103.164 2.12176
    endloop
  endfacet
  facet normal 0.0757395 -0.770152 0.633348
    outer loop
      vertex 13.7729 103.142 2.12176
      vertex 13.8068 102.971 1.90977
      vertex 14 102.99 1.90977
    endloop
  endfacet
  facet normal 0.0836392 -0.879257 0.468947
    outer loop
      vertex 13.7477 103.269 2.36363
      vertex 14 103.164 2.12176
      vertex 14 103.293 2.36363
    endloop
  endfacet
  facet normal 0.0851017 -0.878482 0.470136
    outer loop
      vertex 13.7477 103.269 2.36363
      vertex 13.7729 103.142 2.12176
      vertex 14 103.164 2.12176
    endloop
  endfacet
  facet normal 0.0924366 -0.952453 0.290327
    outer loop
      vertex 13.7321 103.347 2.62608
      vertex 14 103.293 2.36363
      vertex 14 103.373 2.62608
    endloop
  endfacet
  facet normal 0.0906663 -0.953129 0.288659
    outer loop
      vertex 13.7321 103.347 2.62608
      vertex 13.7477 103.269 2.36363
      vertex 14 103.293 2.36363
    endloop
  endfacet
  facet normal 0.0979119 -0.99036 0.0979765
    outer loop
      vertex 13.7269 103.373 2.899
      vertex 14 103.373 2.62608
      vertex 14 103.4 2.899
    endloop
  endfacet
  facet normal 0.0961492 -0.990706 0.0962126
    outer loop
      vertex 13.7269 103.373 2.899
      vertex 13.7321 103.347 2.62608
      vertex 14 103.373 2.62608
    endloop
  endfacet
  facet normal -0.291321 0.956625 0
    outer loop
      vertex 13.7269 103.373 1.50001
      vertex 13.4642 103.293 2.899
      vertex 13.7269 103.373 2.899
    endloop
  endfacet
  facet normal -0.291321 0.956625 0
    outer loop
      vertex 13.4642 103.293 2.899
      vertex 13.7269 103.373 1.50001
      vertex 13.4642 103.293 1.50001
    endloop
  endfacet
  facet normal 0.0292507 -0.093968 0.995145
    outer loop
      vertex 13.8952 102.253 1.52688
      vertex 13.9998 102.001 1.50001
      vertex 13.9466 102.269 1.52688
    endloop
  endfacet
  facet normal 0 -0.106026 0.994363
    outer loop
      vertex 13.8952 102.253 1.52688
      vertex 13.9996 102.001 1.50001
      vertex 13.9998 102.001 1.50001
    endloop
  endfacet
  facet normal 0.0833312 -0.279715 0.95646
    outer loop
      vertex 13.7947 102.496 1.6065
      vertex 13.9466 102.269 1.52688
      vertex 13.8954 102.526 1.6065
    endloop
  endfacet
  facet normal 0.0864534 -0.277731 0.956761
    outer loop
      vertex 13.7947 102.496 1.6065
      vertex 13.8952 102.253 1.52688
      vertex 13.9466 102.269 1.52688
    endloop
  endfacet
  facet normal 0.136605 -0.453279 0.880839
    outer loop
      vertex 13.7022 102.719 1.73578
      vertex 13.8954 102.526 1.6065
      vertex 13.8482 102.763 1.73578
    endloop
  endfacet
  facet normal 0.135346 -0.454312 0.880501
    outer loop
      vertex 13.7022 102.719 1.73578
      vertex 13.7947 102.496 1.6065
      vertex 13.8954 102.526 1.6065
    endloop
  endfacet
  facet normal 0.183633 -0.608941 0.771666
    outer loop
      vertex 13.6211 102.915 1.90977
      vertex 13.8482 102.763 1.73578
      vertex 13.8068 102.971 1.90977
    endloop
  endfacet
  facet normal 0.183542 -0.609026 0.771621
    outer loop
      vertex 13.6211 102.915 1.90977
      vertex 13.7022 102.719 1.73578
      vertex 13.8482 102.763 1.73578
    endloop
  endfacet
  facet normal 0.223863 -0.740783 0.633345
    outer loop
      vertex 13.5545 103.076 2.12176
      vertex 13.8068 102.971 1.90977
      vertex 13.7729 103.142 2.12176
    endloop
  endfacet
  facet normal 0.223495 -0.741124 0.633076
    outer loop
      vertex 13.5545 103.076 2.12176
      vertex 13.6211 102.915 1.90977
      vertex 13.8068 102.971 1.90977
    endloop
  endfacet
  facet normal 0.257411 -0.844238 0.470108
    outer loop
      vertex 13.505 103.195 2.36363
      vertex 13.7729 103.142 2.12176
      vertex 13.7477 103.269 2.36363
    endloop
  endfacet
  facet normal 0.25558 -0.845738 0.468409
    outer loop
      vertex 13.505 103.195 2.36363
      vertex 13.5545 103.076 2.12176
      vertex 13.7729 103.142 2.12176
    endloop
  endfacet
  facet normal 0.277451 -0.9163 0.288816
    outer loop
      vertex 13.4745 103.269 2.62608
      vertex 13.7477 103.269 2.36363
      vertex 13.7321 103.347 2.62608
    endloop
  endfacet
  facet normal 0.27907 -0.915275 0.290501
    outer loop
      vertex 13.4745 103.269 2.62608
      vertex 13.505 103.195 2.36363
      vertex 13.7477 103.269 2.36363
    endloop
  endfacet
  facet normal 0.289969 -0.952185 0.0962357
    outer loop
      vertex 13.4642 103.293 2.899
      vertex 13.7321 103.347 2.62608
      vertex 13.7269 103.373 2.899
    endloop
  endfacet
  facet normal 0.288499 -0.952788 0.0946741
    outer loop
      vertex 13.4642 103.293 2.899
      vertex 13.4745 103.269 2.62608
      vertex 13.7321 103.347 2.62608
    endloop
  endfacet
  facet normal -0.470399 0.882454 0
    outer loop
      vertex 13.4642 103.293 1.50001
      vertex 13.2222 103.164 2.899
      vertex 13.4642 103.293 2.899
    endloop
  endfacet
  facet normal -0.470399 0.882454 0
    outer loop
      vertex 13.2222 103.164 2.899
      vertex 13.4642 103.293 1.50001
      vertex 13.2222 103.164 1.50001
    endloop
  endfacet
  facet normal 0.0459289 -0.0870813 0.995142
    outer loop
      vertex 13.8478 102.228 1.52688
      vertex 13.9996 102.001 1.50001
      vertex 13.8952 102.253 1.52688
    endloop
  endfacet
  facet normal 0 -0.117549 0.993067
    outer loop
      vertex 13.8478 102.228 1.52688
      vertex 13.9994 102.001 1.50001
      vertex 13.9996 102.001 1.50001
    endloop
  endfacet
  facet normal 0.138234 -0.256285 0.956666
    outer loop
      vertex 13.702 102.446 1.6065
      vertex 13.8952 102.253 1.52688
      vertex 13.7947 102.496 1.6065
    endloop
  endfacet
  facet normal 0.136197 -0.258229 0.956435
    outer loop
      vertex 13.702 102.446 1.6065
      vertex 13.8478 102.228 1.52688
      vertex 13.8952 102.253 1.52688
    endloop
  endfacet
  facet normal 0.223496 -0.417814 0.880614
    outer loop
      vertex 13.5676 102.647 1.73578
      vertex 13.7947 102.496 1.6065
      vertex 13.7022 102.719 1.73578
    endloop
  endfacet
  facet normal 0.224617 -0.41644 0.880979
    outer loop
      vertex 13.5676 102.647 1.73578
      vertex 13.702 102.446 1.6065
      vertex 13.7947 102.496 1.6065
    endloop
  endfacet
  facet normal 0.301119 -0.560343 0.771585
    outer loop
      vertex 13.4499 102.823 1.90977
      vertex 13.7022 102.719 1.73578
      vertex 13.6211 102.915 1.90977
    endloop
  endfacet
  facet normal 0.300327 -0.561444 0.771093
    outer loop
      vertex 13.4499 102.823 1.90977
      vertex 13.5676 102.647 1.73578
      vertex 13.7022 102.719 1.73578
    endloop
  endfacet
  facet normal 0.365977 -0.682141 0.633043
    outer loop
      vertex 13.3532 102.968 2.12176
      vertex 13.6211 102.915 1.90977
      vertex 13.5545 103.076 2.12176
    endloop
  endfacet
  facet normal 0.366318 -0.681669 0.633355
    outer loop
      vertex 13.3532 102.968 2.12176
      vertex 13.4499 102.823 1.90977
      vertex 13.6211 102.915 1.90977
    endloop
  endfacet
  facet normal 0.41503 -0.779838 0.468618
    outer loop
      vertex 13.2814 103.076 2.36363
      vertex 13.5545 103.076 2.12176
      vertex 13.505 103.195 2.36363
    endloop
  endfacet
  facet normal 0.417065 -0.777364 0.470916
    outer loop
      vertex 13.2814 103.076 2.36363
      vertex 13.3532 102.968 2.12176
      vertex 13.5545 103.076 2.12176
    endloop
  endfacet
  facet normal 0.451383 -0.843767 0.290364
    outer loop
      vertex 13.2371 103.142 2.62608
      vertex 13.505 103.195 2.36363
      vertex 13.4745 103.269 2.62608
    endloop
  endfacet
  facet normal 0.449835 -0.845236 0.288486
    outer loop
      vertex 13.2371 103.142 2.62608
      vertex 13.2814 103.076 2.36363
      vertex 13.505 103.195 2.36363
    endloop
  endfacet
  facet normal 0.468275 -0.878469 0.0949234
    outer loop
      vertex 13.2222 103.164 2.899
      vertex 13.4745 103.269 2.62608
      vertex 13.4642 103.293 2.899
    endloop
  endfacet
  facet normal 0.46951 -0.877651 0.09638
    outer loop
      vertex 13.2222 103.164 2.899
      vertex 13.2371 103.142 2.62608
      vertex 13.4745 103.269 2.62608
    endloop
  endfacet
  facet normal -0.63425 0.773128 0
    outer loop
      vertex 13.2222 103.164 1.50001
      vertex 13.0101 102.99 2.899
      vertex 13.2222 103.164 2.899
    endloop
  endfacet
  facet normal -0.63425 0.773128 0
    outer loop
      vertex 13.0101 102.99 2.899
      vertex 13.2222 103.164 1.50001
      vertex 13.0101 102.99 1.50001
    endloop
  endfacet
  facet normal 0.0623774 -0.0761371 0.995144
    outer loop
      vertex 13.8063 102.194 1.52688
      vertex 13.9994 102.001 1.50001
      vertex 13.8478 102.228 1.52688
    endloop
  endfacet
  facet normal 0 -0.137893 0.990447
    outer loop
      vertex 13.8063 102.194 1.52688
      vertex 13.9993 102.001 1.50001
      vertex 13.9994 102.001 1.50001
    endloop
  endfacet
  facet normal 0.185593 -0.225205 0.956471
    outer loop
      vertex 13.6207 102.379 1.6065
      vertex 13.8478 102.228 1.52688
      vertex 13.702 102.446 1.6065
    endloop
  endfacet
  facet normal 0.185092 -0.225921 0.9564
    outer loop
      vertex 13.6207 102.379 1.6065
      vertex 13.8063 102.194 1.52688
      vertex 13.8478 102.228 1.52688
    endloop
  endfacet
  facet normal 0.300712 -0.365505 0.880896
    outer loop
      vertex 13.4497 102.55 1.73578
      vertex 13.702 102.446 1.6065
      vertex 13.5676 102.647 1.73578
    endloop
  endfacet
  facet normal 0.30091 -0.365134 0.880983
    outer loop
      vertex 13.4497 102.55 1.73578
      vertex 13.6207 102.379 1.6065
      vertex 13.702 102.446 1.6065
    endloop
  endfacet
  facet normal 0.403543 -0.492454 0.77113
    outer loop
      vertex 13.2998 102.7 1.90977
      vertex 13.5676 102.647 1.73578
      vertex 13.4499 102.823 1.90977
    endloop
  endfacet
  facet normal 0.404119 -0.491193 0.771633
    outer loop
      vertex 13.2998 102.7 1.90977
      vertex 13.4497 102.55 1.73578
      vertex 13.5676 102.647 1.73578
    endloop
  endfacet
  facet normal 0.491495 -0.597929 0.633177
    outer loop
      vertex 13.1768 102.823 2.12176
      vertex 13.4499 102.823 1.90977
      vertex 13.3532 102.968 2.12176
    endloop
  endfacet
  facet normal 0.49095 -0.599119 0.632475
    outer loop
      vertex 13.1768 102.823 2.12176
      vertex 13.2998 102.7 1.90977
      vertex 13.4499 102.823 1.90977
    endloop
  endfacet
  facet normal 0.560034 -0.681781 0.470677
    outer loop
      vertex 13.0854 102.915 2.36363
      vertex 13.3532 102.968 2.12176
      vertex 13.2814 103.076 2.36363
    endloop
  endfacet
  facet normal 0.560186 -0.681496 0.470909
    outer loop
      vertex 13.0854 102.915 2.36363
      vertex 13.1768 102.823 2.12176
      vertex 13.3532 102.968 2.12176
    endloop
  endfacet
  facet normal 0.60803 -0.739592 0.288622
    outer loop
      vertex 13.0291 102.971 2.62608
      vertex 13.2814 103.076 2.36363
      vertex 13.2371 103.142 2.62608
    endloop
  endfacet
  facet normal 0.607796 -0.739925 0.288263
    outer loop
      vertex 13.0291 102.971 2.62608
      vertex 13.0854 102.915 2.36363
      vertex 13.2814 103.076 2.36363
    endloop
  endfacet
  facet normal 0.63129 -0.76952 0.0964959
    outer loop
      vertex 13.0101 102.99 2.899
      vertex 13.2371 103.142 2.62608
      vertex 13.2222 103.164 2.899
    endloop
  endfacet
  facet normal 0.632029 -0.768784 0.0975211
    outer loop
      vertex 13.0101 102.99 2.899
      vertex 13.0291 102.971 2.62608
      vertex 13.2371 103.142 2.62608
    endloop
  endfacet
  facet normal -0.772803 0.634646 0
    outer loop
      vertex 12.836 102.778 1.50001
      vertex 13.0101 102.99 2.899
      vertex 13.0101 102.99 1.50001
    endloop
  endfacet
  facet normal -0.772803 0.634646 0
    outer loop
      vertex 13.0101 102.99 2.899
      vertex 12.836 102.778 1.50001
      vertex 12.836 102.778 2.899
    endloop
  endfacet
  facet normal 0.0764642 -0.0620817 0.995138
    outer loop
      vertex 13.7722 102.152 1.52688
      vertex 13.9993 102.001 1.50001
      vertex 13.8063 102.194 1.52688
    endloop
  endfacet
  facet normal 0 -0.175195 0.984534
    outer loop
      vertex 13.7722 102.152 1.52688
      vertex 13.9992 102.001 1.50001
      vertex 13.9993 102.001 1.50001
    endloop
  endfacet
  facet normal 0.225343 -0.18556 0.956446
    outer loop
      vertex 13.554 102.298 1.6065
      vertex 13.8063 102.194 1.52688
      vertex 13.6207 102.379 1.6065
    endloop
  endfacet
  facet normal 0.226187 -0.183642 0.956616
    outer loop
      vertex 13.554 102.298 1.6065
      vertex 13.7722 102.152 1.52688
      vertex 13.8063 102.194 1.52688
    endloop
  endfacet
  facet normal 0.365872 -0.300139 0.880939
    outer loop
      vertex 13.3529 102.432 1.73578
      vertex 13.6207 102.379 1.6065
      vertex 13.4497 102.55 1.73578
    endloop
  endfacet
  facet normal 0.365596 -0.301052 0.880742
    outer loop
      vertex 13.3529 102.432 1.73578
      vertex 13.554 102.298 1.6065
      vertex 13.6207 102.379 1.6065
    endloop
  endfacet
  facet normal 0.491745 -0.403558 0.771575
    outer loop
      vertex 13.1767 102.55 1.90977
      vertex 13.4497 102.55 1.73578
      vertex 13.2998 102.7 1.90977
    endloop
  endfacet
  facet normal 0.491777 -0.403424 0.771625
    outer loop
      vertex 13.1767 102.55 1.90977
      vertex 13.3529 102.432 1.73578
      vertex 13.4497 102.55 1.73578
    endloop
  endfacet
  facet normal 0.598112 -0.492083 0.632548
    outer loop
      vertex 13.032 102.647 2.12176
      vertex 13.2998 102.7 1.90977
      vertex 13.1768 102.823 2.12176
    endloop
  endfacet
  facet normal 0.598357 -0.491052 0.633116
    outer loop
      vertex 13.032 102.647 2.12176
      vertex 13.1767 102.55 1.90977
      vertex 13.2998 102.7 1.90977
    endloop
  endfacet
  facet normal 0.681962 -0.559835 0.47065
    outer loop
      vertex 12.9245 102.719 2.36363
      vertex 13.1768 102.823 2.12176
      vertex 13.0854 102.915 2.36363
    endloop
  endfacet
  facet normal 0.681661 -0.560821 0.469912
    outer loop
      vertex 12.9245 102.719 2.36363
      vertex 13.032 102.647 2.12176
      vertex 13.1768 102.823 2.12176
    endloop
  endfacet
  facet normal 0.739993 -0.607648 0.288398
    outer loop
      vertex 12.8583 102.763 2.62608
      vertex 13.0854 102.915 2.36363
      vertex 13.0291 102.971 2.62608
    endloop
  endfacet
  facet normal 0.74005 -0.607521 0.288521
    outer loop
      vertex 12.8583 102.763 2.62608
      vertex 12.9245 102.719 2.36363
      vertex 13.0854 102.915 2.36363
    endloop
  endfacet
  facet normal 0.76912 -0.631621 0.097516
    outer loop
      vertex 12.836 102.778 2.899
      vertex 13.0291 102.971 2.62608
      vertex 13.0101 102.99 2.899
    endloop
  endfacet
  facet normal 0.769144 -0.631585 0.0975586
    outer loop
      vertex 12.836 102.778 2.899
      vertex 12.8583 102.763 2.62608
      vertex 13.0291 102.971 2.62608
    endloop
  endfacet
  facet normal -0.881848 0.471534 0
    outer loop
      vertex 12.7066 102.536 1.50001
      vertex 12.836 102.778 2.899
      vertex 12.836 102.778 1.50001
    endloop
  endfacet
  facet normal -0.881848 0.471534 0
    outer loop
      vertex 12.836 102.778 2.899
      vertex 12.7066 102.536 1.50001
      vertex 12.7066 102.536 2.899
    endloop
  endfacet
  facet normal 0.0867363 -0.04669 0.995137
    outer loop
      vertex 13.7469 102.105 1.52688
      vertex 13.9992 102.001 1.50001
      vertex 13.7722 102.152 1.52688
    endloop
  endfacet
  facet normal 0.101748 -0.0101748 0.994758
    outer loop
      vertex 13.7469 102.105 1.52688
      vertex 13.9991 102 1.50001
      vertex 13.9992 102.001 1.50001
    endloop
  endfacet
  facet normal 0.257378 -0.136991 0.956551
    outer loop
      vertex 13.5045 102.205 1.6065
      vertex 13.7722 102.152 1.52688
      vertex 13.554 102.298 1.6065
    endloop
  endfacet
  facet normal 0.257068 -0.138379 0.956435
    outer loop
      vertex 13.5045 102.205 1.6065
      vertex 13.7469 102.105 1.52688
      vertex 13.7722 102.152 1.52688
    endloop
  endfacet
  facet normal 0.417132 -0.223819 0.880855
    outer loop
      vertex 13.281 102.298 1.73578
      vertex 13.554 102.298 1.6065
      vertex 13.3529 102.432 1.73578
    endloop
  endfacet
  facet normal 0.417299 -0.222111 0.881208
    outer loop
      vertex 13.281 102.298 1.73578
      vertex 13.5045 102.205 1.6065
      vertex 13.554 102.298 1.6065
    endloop
  endfacet
  facet normal 0.560745 -0.300376 0.771582
    outer loop
      vertex 13.0851 102.379 1.90977
      vertex 13.3529 102.432 1.73578
      vertex 13.1767 102.55 1.90977
    endloop
  endfacet
  facet normal 0.560727 -0.300867 0.771404
    outer loop
      vertex 13.0851 102.379 1.90977
      vertex 13.281 102.298 1.73578
      vertex 13.3529 102.432 1.73578
    endloop
  endfacet
  facet normal 0.68249 -0.365353 0.633028
    outer loop
      vertex 12.9244 102.446 2.12176
      vertex 13.1767 102.55 1.90977
      vertex 13.032 102.647 2.12176
    endloop
  endfacet
  facet normal 0.682481 -0.365586 0.632903
    outer loop
      vertex 12.9244 102.446 2.12176
      vertex 13.0851 102.379 1.90977
      vertex 13.1767 102.55 1.90977
    endloop
  endfacet
  facet normal 0.778847 -0.415501 0.469848
    outer loop
      vertex 12.805 102.495 2.36363
      vertex 13.032 102.647 2.12176
      vertex 12.9245 102.719 2.36363
    endloop
  endfacet
  facet normal 0.778711 -0.416862 0.468865
    outer loop
      vertex 12.805 102.495 2.36363
      vertex 12.9244 102.446 2.12176
      vertex 13.032 102.647 2.12176
    endloop
  endfacet
  facet normal 0.844851 -0.450469 0.288626
    outer loop
      vertex 12.7314 102.525 2.62608
      vertex 12.9245 102.719 2.36363
      vertex 12.8583 102.763 2.62608
    endloop
  endfacet
  facet normal 0.844802 -0.450687 0.288428
    outer loop
      vertex 12.7314 102.525 2.62608
      vertex 12.805 102.495 2.36363
      vertex 12.9245 102.719 2.36363
    endloop
  endfacet
  facet normal 0.877646 -0.469287 0.0975041
    outer loop
      vertex 12.7066 102.536 2.899
      vertex 12.8583 102.763 2.62608
      vertex 12.836 102.778 2.899
    endloop
  endfacet
  facet normal 0.878099 -0.468196 0.0986627
    outer loop
      vertex 12.7066 102.536 2.899
      vertex 12.7314 102.525 2.62608
      vertex 12.8583 102.763 2.62608
    endloop
  endfacet
  facet normal -0.957021 0.290017 0
    outer loop
      vertex 12.6269 102.273 1.50001
      vertex 12.7066 102.536 2.899
      vertex 12.7066 102.536 1.50001
    endloop
  endfacet
  facet normal -0.957021 0.290017 0
    outer loop
      vertex 12.7066 102.536 2.899
      vertex 12.6269 102.273 1.50001
      vertex 12.6269 102.273 2.899
    endloop
  endfacet
  facet normal 0.094253 -0.0282759 0.995147
    outer loop
      vertex 13.7313 102.053 1.52688
      vertex 13.9991 102 1.50001
      vertex 13.7469 102.105 1.52688
    endloop
  endfacet
  facet normal 0 -0.452188 0.891923
    outer loop
      vertex 13.7313 102.053 1.52688
      vertex 13.999 102 1.50001
      vertex 13.9991 102 1.50001
    endloop
  endfacet
  facet normal 0.278962 -0.0853623 0.956501
    outer loop
      vertex 13.4739 102.105 1.6065
      vertex 13.7469 102.105 1.52688
      vertex 13.5045 102.205 1.6065
    endloop
  endfacet
  facet normal 0.279001 -0.0837004 0.956636
    outer loop
      vertex 13.4739 102.105 1.6065
      vertex 13.7313 102.053 1.52688
      vertex 13.7469 102.105 1.52688
    endloop
  endfacet
  facet normal 0.452531 -0.137309 0.881114
    outer loop
      vertex 13.2367 102.152 1.73578
      vertex 13.5045 102.205 1.6065
      vertex 13.281 102.298 1.73578
    endloop
  endfacet
  facet normal 0.452649 -0.138511 0.880865
    outer loop
      vertex 13.2367 102.152 1.73578
      vertex 13.4739 102.105 1.6065
      vertex 13.5045 102.205 1.6065
    endloop
  endfacet
  facet normal 0.608975 -0.184329 0.771474
    outer loop
      vertex 13.0288 102.193 1.90977
      vertex 13.281 102.298 1.73578
      vertex 13.0851 102.379 1.90977
    endloop
  endfacet
  facet normal 0.609051 -0.184801 0.771301
    outer loop
      vertex 13.0288 102.193 1.90977
      vertex 13.2367 102.152 1.73578
      vertex 13.281 102.298 1.73578
    endloop
  endfacet
  facet normal 0.741144 -0.224374 0.632742
    outer loop
      vertex 12.8581 102.227 2.12176
      vertex 13.0851 102.379 1.90977
      vertex 12.9244 102.446 2.12176
    endloop
  endfacet
  facet normal 0.741138 -0.224334 0.632763
    outer loop
      vertex 12.8581 102.227 2.12176
      vertex 13.0288 102.193 1.90977
      vertex 13.0851 102.379 1.90977
    endloop
  endfacet
  facet normal 0.845222 -0.256001 0.46911
    outer loop
      vertex 12.7314 102.252 2.36363
      vertex 12.9244 102.446 2.12176
      vertex 12.805 102.495 2.36363
    endloop
  endfacet
  facet normal 0.84521 -0.255878 0.469198
    outer loop
      vertex 12.7314 102.252 2.36363
      vertex 12.8581 102.227 2.12176
      vertex 12.9244 102.446 2.12176
    endloop
  endfacet
  facet normal 0.916051 -0.27838 0.288713
    outer loop
      vertex 12.6533 102.268 2.62608
      vertex 12.805 102.495 2.36363
      vertex 12.7314 102.525 2.62608
    endloop
  endfacet
  facet normal 0.916075 -0.277461 0.289521
    outer loop
      vertex 12.6533 102.268 2.62608
      vertex 12.7314 102.252 2.36363
      vertex 12.805 102.495 2.36363
    endloop
  endfacet
  facet normal 0.952398 -0.288616 0.0981762
    outer loop
      vertex 12.6269 102.273 2.899
      vertex 12.7314 102.525 2.62608
      vertex 12.7066 102.536 2.899
    endloop
  endfacet
  facet normal 0.952245 -0.289379 0.0974138
    outer loop
      vertex 12.6269 102.273 2.899
      vertex 12.6533 102.268 2.62608
      vertex 12.7314 102.525 2.62608
    endloop
  endfacet
  facet normal -0.995181 0.0980599 0
    outer loop
      vertex 12.6 102 1.50001
      vertex 12.6269 102.273 2.899
      vertex 12.6269 102.273 1.50001
    endloop
  endfacet
  facet normal -0.995181 0.0980599 0
    outer loop
      vertex 12.6269 102.273 2.899
      vertex 12.6 102 1.50001
      vertex 12.6 102 2.899
    endloop
  endfacet
  facet normal 0 0 -1
    outer loop
      vertex 14.001 102 1.50001
      vertex 15.4 102 1.50001
      vertex 15.3731 101.727 1.50001
    endloop
  endfacet
  facet normal 0 0 -1
    outer loop
      vertex 14.001 102 1.50001
      vertex 15.3731 101.727 1.50001
      vertex 15.2934 101.464 1.50001
    endloop
  endfacet
  facet normal 0 0 -1
    outer loop
      vertex 15.4 102 1.50001
      vertex 14.001 102 1.50001
      vertex 15.3731 102.273 1.50001
    endloop
  endfacet
  facet normal 0 0 -1
    outer loop
      vertex 14.0009 102 1.50001
      vertex 15.2934 101.464 1.50001
      vertex 15.164 101.222 1.50001
    endloop
  endfacet
  facet normal 0 0 -1
    outer loop
      vertex 14.0008 101.999 1.50001
      vertex 15.164 101.222 1.50001
      vertex 14.9899 101.01 1.50001
    endloop
  endfacet
  facet normal -0 0 -1
    outer loop
      vertex 15.3731 102.273 1.50001
      vertex 14.001 102 1.50001
      vertex 15.2934 102.536 1.50001
    endloop
  endfacet
  facet normal 0 0 -1
    outer loop
      vertex 14.0007 101.999 1.50001
      vertex 14.9899 101.01 1.50001
      vertex 14.7778 100.836 1.50001
    endloop
  endfacet
  facet normal 0 0 -1
    outer loop
      vertex 14.0009 102 1.50001
      vertex 15.2934 102.536 1.50001
      vertex 14.001 102 1.50001
    endloop
  endfacet
  facet normal 0 0 -1
    outer loop
      vertex 14.0006 101.999 1.50001
      vertex 14.7778 100.836 1.50001
      vertex 14.5358 100.707 1.50001
    endloop
  endfacet
  facet normal -0 0 -1
    outer loop
      vertex 15.2934 102.536 1.50001
      vertex 14.0009 102 1.50001
      vertex 15.164 102.778 1.50001
    endloop
  endfacet
  facet normal 0 0 -1
    outer loop
      vertex 14.0004 101.999 1.50001
      vertex 14.5358 100.707 1.50001
      vertex 14.2731 100.627 1.50001
    endloop
  endfacet
  facet normal 0 0 -1
    outer loop
      vertex 14.0008 102.001 1.50001
      vertex 15.164 102.778 1.50001
      vertex 14.0009 102 1.50001
    endloop
  endfacet
  facet normal -0 0 -1
    outer loop
      vertex 15.164 102.778 1.50001
      vertex 14.0008 102.001 1.50001
      vertex 14.9899 102.99 1.50001
    endloop
  endfacet
  facet normal 0 0 -1
    outer loop
      vertex 15.2934 101.464 1.50001
      vertex 14.0009 102 1.50001
      vertex 14.001 102 1.50001
    endloop
  endfacet
  facet normal 0 0 -1
    outer loop
      vertex 15.164 101.222 1.50001
      vertex 14.0008 101.999 1.50001
      vertex 14.0009 102 1.50001
    endloop
  endfacet
  facet normal 0 0 -1
    outer loop
      vertex 14.9899 101.01 1.50001
      vertex 14.0007 101.999 1.50001
      vertex 14.0008 101.999 1.50001
    endloop
  endfacet
  facet normal 0 0 -1
    outer loop
      vertex 14.7778 100.836 1.50001
      vertex 14.0006 101.999 1.50001
      vertex 14.0007 101.999 1.50001
    endloop
  endfacet
  facet normal 0 0 -1
    outer loop
      vertex 14.5358 100.707 1.50001
      vertex 14.0004 101.999 1.50001
      vertex 14.0006 101.999 1.50001
    endloop
  endfacet
  facet normal 0 0 -1
    outer loop
      vertex 14.2731 100.627 1.50001
      vertex 14.0002 101.999 1.50001
      vertex 14.0004 101.999 1.50001
    endloop
  endfacet
  facet normal 0 0 -1
    outer loop
      vertex 14 101.999 1.50001
      vertex 14.2731 100.627 1.50001
      vertex 14 100.6 1.50001
    endloop
  endfacet
  facet normal 0 0 -1
    outer loop
      vertex 14.2731 100.627 1.50001
      vertex 14 101.999 1.50001
      vertex 14.0002 101.999 1.50001
    endloop
  endfacet
  facet normal 0 0 -1
    outer loop
      vertex 13.7269 100.627 1.50001
      vertex 14 101.999 1.50001
      vertex 14 100.6 1.50001
    endloop
  endfacet
  facet normal -0 0 -1
    outer loop
      vertex 14 101.999 1.50001
      vertex 13.7269 100.627 1.50001
      vertex 13.9998 101.999 1.50001
    endloop
  endfacet
  facet normal -0 0 -1
    outer loop
      vertex 13.9998 101.999 1.50001
      vertex 13.7269 100.627 1.50001
      vertex 13.9996 101.999 1.50001
    endloop
  endfacet
  facet normal 0 0 -1
    outer loop
      vertex 13.4642 100.707 1.50001
      vertex 13.9996 101.999 1.50001
      vertex 13.7269 100.627 1.50001
    endloop
  endfacet
  facet normal -0 0 -1
    outer loop
      vertex 13.9996 101.999 1.50001
      vertex 13.4642 100.707 1.50001
      vertex 13.9994 101.999 1.50001
    endloop
  endfacet
  facet normal 0 0 -1
    outer loop
      vertex 13.2222 100.836 1.50001
      vertex 13.9994 101.999 1.50001
      vertex 13.4642 100.707 1.50001
    endloop
  endfacet
  facet normal -0 0 -1
    outer loop
      vertex 13.9994 101.999 1.50001
      vertex 13.2222 100.836 1.50001
      vertex 13.9993 101.999 1.50001
    endloop
  endfacet
  facet normal 0 0 -1
    outer loop
      vertex 13.0101 101.01 1.50001
      vertex 13.9993 101.999 1.50001
      vertex 13.2222 100.836 1.50001
    endloop
  endfacet
  facet normal -0 0 -1
    outer loop
      vertex 13.9993 101.999 1.50001
      vertex 13.0101 101.01 1.50001
      vertex 13.9992 101.999 1.50001
    endloop
  endfacet
  facet normal 0 0 -1
    outer loop
      vertex 14.0007 102.001 1.50001
      vertex 14.9899 102.99 1.50001
      vertex 14.0008 102.001 1.50001
    endloop
  endfacet
  facet normal -0 0 -1
    outer loop
      vertex 14.9899 102.99 1.50001
      vertex 14.0007 102.001 1.50001
      vertex 14.7778 103.164 1.50001
    endloop
  endfacet
  facet normal 0 0 -1
    outer loop
      vertex 14.0006 102.001 1.50001
      vertex 14.7778 103.164 1.50001
      vertex 14.0007 102.001 1.50001
    endloop
  endfacet
  facet normal -0 0 -1
    outer loop
      vertex 14.7778 103.164 1.50001
      vertex 14.0006 102.001 1.50001
      vertex 14.5358 103.293 1.50001
    endloop
  endfacet
  facet normal 0 0 -1
    outer loop
      vertex 14.0004 102.001 1.50001
      vertex 14.5358 103.293 1.50001
      vertex 14.0006 102.001 1.50001
    endloop
  endfacet
  facet normal -0 0 -1
    outer loop
      vertex 14.5358 103.293 1.50001
      vertex 14.0004 102.001 1.50001
      vertex 14.2731 103.373 1.50001
    endloop
  endfacet
  facet normal 0 0 -1
    outer loop
      vertex 14.0002 102.001 1.50001
      vertex 14.2731 103.373 1.50001
      vertex 14.0004 102.001 1.50001
    endloop
  endfacet
  facet normal 0 0 -1
    outer loop
      vertex 14 102.001 1.50001
      vertex 14.2731 103.373 1.50001
      vertex 14.0002 102.001 1.50001
    endloop
  endfacet
  facet normal 0 0 -1
    outer loop
      vertex 14 102.001 1.50001
      vertex 14 103.4 1.50001
      vertex 14.2731 103.373 1.50001
    endloop
  endfacet
  facet normal 0 0 -1
    outer loop
      vertex 13.7269 103.373 1.50001
      vertex 14 102.001 1.50001
      vertex 13.9998 102.001 1.50001
    endloop
  endfacet
  facet normal 0 0 -1
    outer loop
      vertex 13.7269 103.373 1.50001
      vertex 13.9998 102.001 1.50001
      vertex 13.9996 102.001 1.50001
    endloop
  endfacet
  facet normal 0 0 -1
    outer loop
      vertex 13.4642 103.293 1.50001
      vertex 13.9996 102.001 1.50001
      vertex 13.9994 102.001 1.50001
    endloop
  endfacet
  facet normal 0 0 -1
    outer loop
      vertex 13.2222 103.164 1.50001
      vertex 13.9994 102.001 1.50001
      vertex 13.9993 102.001 1.50001
    endloop
  endfacet
  facet normal 0 0 -1
    outer loop
      vertex 13.0101 102.99 1.50001
      vertex 13.9993 102.001 1.50001
      vertex 13.9992 102.001 1.50001
    endloop
  endfacet
  facet normal 0 0 -1
    outer loop
      vertex 12.836 102.778 1.50001
      vertex 13.9992 102.001 1.50001
      vertex 13.9991 102 1.50001
    endloop
  endfacet
  facet normal 0 0 -1
    outer loop
      vertex 12.7066 102.536 1.50001
      vertex 13.9991 102 1.50001
      vertex 13.999 102 1.50001
    endloop
  endfacet
  facet normal 0 0 -1
    outer loop
      vertex 12.836 101.222 1.50001
      vertex 13.9992 101.999 1.50001
      vertex 13.0101 101.01 1.50001
    endloop
  endfacet
  facet normal 0 0 -1
    outer loop
      vertex 14 102.001 1.50001
      vertex 13.7269 103.373 1.50001
      vertex 14 103.4 1.50001
    endloop
  endfacet
  facet normal -0 0 -1
    outer loop
      vertex 13.9992 101.999 1.50001
      vertex 12.836 101.222 1.50001
      vertex 13.9991 102 1.50001
    endloop
  endfacet
  facet normal 0 0 -1
    outer loop
      vertex 13.9996 102.001 1.50001
      vertex 13.4642 103.293 1.50001
      vertex 13.7269 103.373 1.50001
    endloop
  endfacet
  facet normal 0 0 -1
    outer loop
      vertex 12.7066 101.464 1.50001
      vertex 13.9991 102 1.50001
      vertex 12.836 101.222 1.50001
    endloop
  endfacet
  facet normal 0 0 -1
    outer loop
      vertex 13.9994 102.001 1.50001
      vertex 13.2222 103.164 1.50001
      vertex 13.4642 103.293 1.50001
    endloop
  endfacet
  facet normal -0 0 -1
    outer loop
      vertex 13.9991 102 1.50001
      vertex 12.7066 101.464 1.50001
      vertex 13.999 102 1.50001
    endloop
  endfacet
  facet normal 0 0 -1
    outer loop
      vertex 13.9993 102.001 1.50001
      vertex 13.0101 102.99 1.50001
      vertex 13.2222 103.164 1.50001
    endloop
  endfacet
  facet normal 0 0 -1
    outer loop
      vertex 12.6269 101.727 1.50001
      vertex 13.999 102 1.50001
      vertex 12.7066 101.464 1.50001
    endloop
  endfacet
  facet normal 0 0 -1
    outer loop
      vertex 13.9992 102.001 1.50001
      vertex 12.836 102.778 1.50001
      vertex 13.0101 102.99 1.50001
    endloop
  endfacet
  facet normal 0 0 -1
    outer loop
      vertex 13.9991 102 1.50001
      vertex 12.7066 102.536 1.50001
      vertex 12.836 102.778 1.50001
    endloop
  endfacet
  facet normal 0 0 -1
    outer loop
      vertex 12.6 102 1.50001
      vertex 13.999 102 1.50001
      vertex 12.6269 101.727 1.50001
    endloop
  endfacet
  facet normal 0 0 -1
    outer loop
      vertex 13.999 102 1.50001
      vertex 12.6269 102.273 1.50001
      vertex 12.7066 102.536 1.50001
    endloop
  endfacet
  facet normal 0 0 -1
    outer loop
      vertex 13.999 102 1.50001
      vertex 12.6 102 1.50001
      vertex 12.6269 102.273 1.50001
    endloop
  endfacet
  facet normal 0.0979826 -0.00961339 0.995142
    outer loop
      vertex 13.7261 102 1.52688
      vertex 13.999 102 1.50001
      vertex 13.7313 102.053 1.52688
    endloop
  endfacet
  facet normal 0.290138 -0.0284611 0.956562
    outer loop
      vertex 13.4636 102 1.6065
      vertex 13.7313 102.053 1.52688
      vertex 13.4739 102.105 1.6065
    endloop
  endfacet
  facet normal 0.290139 -0.0284664 0.956561
    outer loop
      vertex 13.4636 102 1.6065
      vertex 13.7261 102 1.52688
      vertex 13.7313 102.053 1.52688
    endloop
  endfacet
  facet normal 0.470983 -0.0461687 0.880933
    outer loop
      vertex 13.2218 102 1.73578
      vertex 13.4739 102.105 1.6065
      vertex 13.2367 102.152 1.73578
    endloop
  endfacet
  facet normal 0.470993 -0.0462022 0.880926
    outer loop
      vertex 13.2218 102 1.73578
      vertex 13.4636 102 1.6065
      vertex 13.4739 102.105 1.6065
    endloop
  endfacet
  facet normal 0.633286 -0.0623442 0.771402
    outer loop
      vertex 13.0098 102 1.90977
      vertex 13.2367 102.152 1.73578
      vertex 13.0288 102.193 1.90977
    endloop
  endfacet
  facet normal 0.633183 -0.0620686 0.771509
    outer loop
      vertex 13.0098 102 1.90977
      vertex 13.2218 102 1.73578
      vertex 13.2367 102.152 1.73578
    endloop
  endfacet
  facet normal 0.770677 -0.0757097 0.632712
    outer loop
      vertex 12.8358 102 2.12176
      vertex 13.0288 102.193 1.90977
      vertex 12.8581 102.227 2.12176
    endloop
  endfacet
  facet normal 0.770739 -0.0758758 0.632617
    outer loop
      vertex 12.8358 102 2.12176
      vertex 13.0098 102 1.90977
      vertex 13.0288 102.193 1.90977
    endloop
  endfacet
  facet normal 0.878759 -0.0868298 0.4693
    outer loop
      vertex 12.7065 102 2.36363
      vertex 12.8581 102.227 2.12176
      vertex 12.7314 102.252 2.36363
    endloop
  endfacet
  facet normal 0.878603 -0.0863121 0.469688
    outer loop
      vertex 12.7065 102 2.36363
      vertex 12.8358 102 2.12176
      vertex 12.8581 102.227 2.12176
    endloop
  endfacet
  facet normal 0.952654 -0.0938435 0.289212
    outer loop
      vertex 12.6269 102 2.62608
      vertex 12.7314 102.252 2.36363
      vertex 12.6533 102.268 2.62608
    endloop
  endfacet
  facet normal 0.952704 -0.0941363 0.288951
    outer loop
      vertex 12.6269 102 2.62608
      vertex 12.7065 102 2.36363
      vertex 12.7314 102.252 2.36363
    endloop
  endfacet
  facet normal 0.99043 -0.0975918 0.0975938
    outer loop
      vertex 12.6 102 2.899
      vertex 12.6533 102.268 2.62608
      vertex 12.6269 102.273 2.899
    endloop
  endfacet
  facet normal 0.99043 -0.0975647 0.0976204
    outer loop
      vertex 12.6 102 2.899
      vertex 12.6269 102 2.62608
      vertex 12.6533 102.268 2.62608
    endloop
  endfacet
  facet normal -0.995181 -0.0980599 0
    outer loop
      vertex 12.6269 101.727 1.50001
      vertex 12.6 102 2.899
      vertex 12.6 102 1.50001
    endloop
  endfacet
  facet normal -0.995181 -0.0980599 0
    outer loop
      vertex 12.6 102 2.899
      vertex 12.6269 101.727 1.50001
      vertex 12.6269 101.727 2.899
    endloop
  endfacet
  facet normal 0.0979826 0.00961339 0.995142
    outer loop
      vertex 13.7261 102 1.52688
      vertex 13.7313 101.947 1.52688
      vertex 13.999 102 1.50001
    endloop
  endfacet
  facet normal 0.290139 0.0284612 0.956561
    outer loop
      vertex 13.4636 102 1.6065
      vertex 13.4739 101.895 1.6065
      vertex 13.7261 102 1.52688
    endloop
  endfacet
  facet normal 0.290137 0.0284662 0.956562
    outer loop
      vertex 13.4739 101.895 1.6065
      vertex 13.7313 101.947 1.52688
      vertex 13.7261 102 1.52688
    endloop
  endfacet
  facet normal 0.470994 0.0461698 0.880927
    outer loop
      vertex 13.2218 102 1.73578
      vertex 13.2367 101.848 1.73578
      vertex 13.4636 102 1.6065
    endloop
  endfacet
  facet normal 0.470977 0.0462006 0.880935
    outer loop
      vertex 13.2367 101.848 1.73578
      vertex 13.4739 101.895 1.6065
      vertex 13.4636 102 1.6065
    endloop
  endfacet
  facet normal 0.633173 0.0623331 0.771496
    outer loop
      vertex 13.0098 102 1.90977
      vertex 13.0288 101.807 1.90977
      vertex 13.2218 102 1.73578
    endloop
  endfacet
  facet normal 0.633327 0.0620827 0.77139
    outer loop
      vertex 13.0288 101.807 1.90977
      vertex 13.2367 101.848 1.73578
      vertex 13.2218 102 1.73578
    endloop
  endfacet
  facet normal 0.770748 0.0757167 0.632625
    outer loop
      vertex 12.8358 102 2.12176
      vertex 12.8581 101.773 2.12176
      vertex 13.0098 102 1.90977
    endloop
  endfacet
  facet normal 0.770655 0.0758676 0.63272
    outer loop
      vertex 12.8581 101.773 2.12176
      vertex 13.0288 101.807 1.90977
      vertex 13.0098 102 1.90977
    endloop
  endfacet
  facet normal 0.878565 0.0868106 0.469667
    outer loop
      vertex 12.7065 102 2.36363
      vertex 12.7314 101.748 2.36363
      vertex 12.8358 102 2.12176
    endloop
  endfacet
  facet normal 0.878819 0.0863333 0.46928
    outer loop
      vertex 12.7314 101.748 2.36363
      vertex 12.8581 101.773 2.12176
      vertex 12.8358 102 2.12176
    endloop
  endfacet
  facet normal 0.95273 0.093851 0.288959
    outer loop
      vertex 12.6269 102 2.62608
      vertex 12.6533 101.732 2.62608
      vertex 12.7065 102 2.36363
    endloop
  endfacet
  facet normal 0.952623 0.0941283 0.289221
    outer loop
      vertex 12.6533 101.732 2.62608
      vertex 12.7314 101.748 2.36363
      vertex 12.7065 102 2.36363
    endloop
  endfacet
  facet normal 0.990427 0.0975916 0.0976202
    outer loop
      vertex 12.6 102 2.899
      vertex 12.6269 101.727 2.899
      vertex 12.6269 102 2.62608
    endloop
  endfacet
  facet normal 0.990433 0.097565 0.0975936
    outer loop
      vertex 12.6269 102 2.62608
      vertex 12.6269 101.727 2.899
      vertex 12.6533 101.732 2.62608
    endloop
  endfacet
  facet normal -0.957021 -0.290017 0
    outer loop
      vertex 12.7066 101.464 1.50001
      vertex 12.6269 101.727 2.899
      vertex 12.6269 101.727 1.50001
    endloop
  endfacet
  facet normal -0.957021 -0.290017 0
    outer loop
      vertex 12.6269 101.727 2.899
      vertex 12.7066 101.464 1.50001
      vertex 12.7066 101.464 2.899
    endloop
  endfacet
  facet normal 0.094286 0.0282858 0.995143
    outer loop
      vertex 13.7313 101.947 1.52688
      vertex 13.7469 101.895 1.52688
      vertex 13.999 102 1.50001
    endloop
  endfacet
  facet normal 0 0.247916 0.968782
    outer loop
      vertex 13.7469 101.895 1.52688
      vertex 13.9991 102 1.50001
      vertex 13.999 102 1.50001
    endloop
  endfacet
  facet normal 0.27867 0.0852732 0.956594
    outer loop
      vertex 13.4739 101.895 1.6065
      vertex 13.5045 101.795 1.6065
      vertex 13.7313 101.947 1.52688
    endloop
  endfacet
  facet normal 0.279564 0.0838691 0.956457
    outer loop
      vertex 13.5045 101.795 1.6065
      vertex 13.7469 101.895 1.52688
      vertex 13.7313 101.947 1.52688
    endloop
  endfacet
  facet normal 0.452891 0.137418 0.880912
    outer loop
      vertex 13.2367 101.848 1.73578
      vertex 13.281 101.702 1.73578
      vertex 13.4739 101.895 1.6065
    endloop
  endfacet
  facet normal 0.452124 0.13835 0.88116
    outer loop
      vertex 13.281 101.702 1.73578
      vertex 13.5045 101.795 1.6065
      vertex 13.4739 101.895 1.6065
    endloop
  endfacet
  facet normal 0.609151 0.184383 0.771322
    outer loop
      vertex 13.0288 101.807 1.90977
      vertex 13.0851 101.621 1.90977
      vertex 13.2367 101.848 1.73578
    endloop
  endfacet
  facet normal 0.608826 0.184733 0.771495
    outer loop
      vertex 13.0851 101.621 1.90977
      vertex 13.281 101.702 1.73578
      vertex 13.2367 101.848 1.73578
    endloop
  endfacet
  facet normal 0.741128 0.224369 0.632762
    outer loop
      vertex 12.8581 101.773 2.12176
      vertex 12.9244 101.554 2.12176
      vertex 13.0288 101.807 1.90977
    endloop
  endfacet
  facet normal 0.741156 0.224339 0.63274
    outer loop
      vertex 12.9244 101.554 2.12176
      vertex 13.0851 101.621 1.90977
      vertex 13.0288 101.807 1.90977
    endloop
  endfacet
  facet normal 0.845179 0.255988 0.469194
    outer loop
      vertex 12.7314 101.748 2.36363
      vertex 12.805 101.505 2.36363
      vertex 12.8581 101.773 2.12176
    endloop
  endfacet
  facet normal 0.845257 0.255893 0.469105
    outer loop
      vertex 12.805 101.505 2.36363
      vertex 12.9244 101.554 2.12176
      vertex 12.8581 101.773 2.12176
    endloop
  endfacet
  facet normal 0.915824 0.278311 0.289498
    outer loop
      vertex 12.6533 101.732 2.62608
      vertex 12.7314 101.475 2.62608
      vertex 12.7314 101.748 2.36363
    endloop
  endfacet
  facet normal 0.916315 0.277534 0.28869
    outer loop
      vertex 12.7314 101.748 2.36363
      vertex 12.7314 101.475 2.62608
      vertex 12.805 101.505 2.36363
    endloop
  endfacet
  facet normal 0.952469 0.288638 0.0974218
    outer loop
      vertex 12.6269 101.727 2.899
      vertex 12.7066 101.464 2.899
      vertex 12.6533 101.732 2.62608
    endloop
  endfacet
  facet normal 0.952172 0.289357 0.0981855
    outer loop
      vertex 12.6533 101.732 2.62608
      vertex 12.7066 101.464 2.899
      vertex 12.7314 101.475 2.62608
    endloop
  endfacet
  facet normal -0.881848 -0.471534 0
    outer loop
      vertex 12.836 101.222 1.50001
      vertex 12.7066 101.464 2.899
      vertex 12.7066 101.464 1.50001
    endloop
  endfacet
  facet normal -0.881848 -0.471534 0
    outer loop
      vertex 12.7066 101.464 2.899
      vertex 12.836 101.222 1.50001
      vertex 12.836 101.222 2.899
    endloop
  endfacet
  facet normal 0.0866143 0.0466243 0.99515
    outer loop
      vertex 13.7469 101.895 1.52688
      vertex 13.7722 101.848 1.52688
      vertex 13.9991 102 1.50001
    endloop
  endfacet
  facet normal 0.110303 0.0110303 0.993837
    outer loop
      vertex 13.7722 101.848 1.52688
      vertex 13.9992 101.999 1.50001
      vertex 13.9991 102 1.50001
    endloop
  endfacet
  facet normal 0.257604 0.137112 0.956473
    outer loop
      vertex 13.5045 101.795 1.6065
      vertex 13.554 101.702 1.6065
      vertex 13.7469 101.895 1.52688
    endloop
  endfacet
  facet normal 0.256623 0.13814 0.956589
    outer loop
      vertex 13.554 101.702 1.6065
      vertex 13.7722 101.848 1.52688
      vertex 13.7469 101.895 1.52688
    endloop
  endfacet
  facet normal 0.416657 0.223565 0.881145
    outer loop
      vertex 13.281 101.702 1.73578
      vertex 13.3529 101.568 1.73578
      vertex 13.5045 101.795 1.6065
    endloop
  endfacet
  facet normal 0.417985 0.222476 0.880791
    outer loop
      vertex 13.3529 101.568 1.73578
      vertex 13.554 101.702 1.6065
      vertex 13.5045 101.795 1.6065
    endloop
  endfacet
  facet normal 0.560912 0.300465 0.771426
    outer loop
      vertex 13.0851 101.621 1.90977
      vertex 13.1767 101.45 1.90977
      vertex 13.281 101.702 1.73578
    endloop
  endfacet
  facet normal 0.560513 0.300753 0.771604
    outer loop
      vertex 13.1767 101.45 1.90977
      vertex 13.3529 101.568 1.73578
      vertex 13.281 101.702 1.73578
    endloop
  endfacet
  facet normal 0.682573 0.365397 0.632913
    outer loop
      vertex 12.9244 101.554 2.12176
      vertex 13.032 101.353 2.12176
      vertex 13.0851 101.621 1.90977
    endloop
  endfacet
  facet normal 0.682384 0.365534 0.633038
    outer loop
      vertex 13.032 101.353 2.12176
      vertex 13.1767 101.45 1.90977
      vertex 13.0851 101.621 1.90977
    endloop
  endfacet
  facet normal 0.779283 0.415733 0.468918
    outer loop
      vertex 12.805 101.505 2.36363
      vertex 12.9245 101.281 2.36363
      vertex 12.9244 101.554 2.12176
    endloop
  endfacet
  facet normal 0.778226 0.416603 0.4699
    outer loop
      vertex 12.9244 101.554 2.12176
      vertex 12.9245 101.281 2.36363
      vertex 13.032 101.353 2.12176
    endloop
  endfacet
  facet normal 0.844902 0.450496 0.288435
    outer loop
      vertex 12.7314 101.475 2.62608
      vertex 12.8583 101.237 2.62608
      vertex 12.805 101.505 2.36363
    endloop
  endfacet
  facet normal 0.844748 0.450658 0.288631
    outer loop
      vertex 12.805 101.505 2.36363
      vertex 12.8583 101.237 2.62608
      vertex 12.9245 101.281 2.36363
    endloop
  endfacet
  facet normal 0.877546 0.469233 0.0986542
    outer loop
      vertex 12.7066 101.464 2.899
      vertex 12.836 101.222 2.899
      vertex 12.7314 101.475 2.62608
    endloop
  endfacet
  facet normal 0.878201 0.468251 0.0974924
    outer loop
      vertex 12.7314 101.475 2.62608
      vertex 12.836 101.222 2.899
      vertex 12.8583 101.237 2.62608
    endloop
  endfacet
  facet normal -0.772803 -0.634646 0
    outer loop
      vertex 13.0101 101.01 1.50001
      vertex 12.836 101.222 2.899
      vertex 12.836 101.222 1.50001
    endloop
  endfacet
  facet normal -0.772803 -0.634646 0
    outer loop
      vertex 12.836 101.222 2.899
      vertex 13.0101 101.01 1.50001
      vertex 13.0101 101.01 2.899
    endloop
  endfacet
  facet normal 0.0764859 0.0620992 0.995135
    outer loop
      vertex 13.7722 101.848 1.52688
      vertex 13.8063 101.806 1.52688
      vertex 13.9992 101.999 1.50001
    endloop
  endfacet
  facet normal 0 0.137893 0.990447
    outer loop
      vertex 13.8063 101.806 1.52688
      vertex 13.9993 101.999 1.50001
      vertex 13.9992 101.999 1.50001
    endloop
  endfacet
  facet normal 0.225047 0.185317 0.956562
    outer loop
      vertex 13.554 101.702 1.6065
      vertex 13.6207 101.621 1.6065
      vertex 13.7722 101.848 1.52688
    endloop
  endfacet
  facet normal 0.226764 0.18411 0.95639
    outer loop
      vertex 13.6207 101.621 1.6065
      vertex 13.8063 101.806 1.52688
      vertex 13.7722 101.848 1.52688
    endloop
  endfacet
  facet normal 0.366102 0.300328 0.880779
    outer loop
      vertex 13.3529 101.568 1.73578
      vertex 13.4497 101.45 1.73578
      vertex 13.554 101.702 1.6065
    endloop
  endfacet
  facet normal 0.365261 0.300777 0.880975
    outer loop
      vertex 13.4497 101.45 1.73578
      vertex 13.6207 101.621 1.6065
      vertex 13.554 101.702 1.6065
    endloop
  endfacet
  facet normal 0.491703 0.403524 0.771619
    outer loop
      vertex 13.1767 101.45 1.90977
      vertex 13.2998 101.3 1.90977
      vertex 13.3529 101.568 1.73578
    endloop
  endfacet
  facet normal 0.491829 0.403467 0.771569
    outer loop
      vertex 13.2998 101.3 1.90977
      vertex 13.4497 101.45 1.73578
      vertex 13.3529 101.568 1.73578
    endloop
  endfacet
  facet normal 0.597782 0.491811 0.633071
    outer loop
      vertex 13.032 101.353 2.12176
      vertex 13.1768 101.177 2.12176
      vertex 13.1767 101.45 1.90977
    endloop
  endfacet
  facet normal 0.598745 0.49137 0.632503
    outer loop
      vertex 13.1767 101.45 1.90977
      vertex 13.1768 101.177 2.12176
      vertex 13.2998 101.3 1.90977
    endloop
  endfacet
  facet normal 0.68225 0.560072 0.469951
    outer loop
      vertex 12.9245 101.281 2.36363
      vertex 13.0854 101.085 2.36363
      vertex 13.032 101.353 2.12176
    endloop
  endfacet
  facet normal 0.681341 0.560558 0.47069
    outer loop
      vertex 13.032 101.353 2.12176
      vertex 13.0854 101.085 2.36363
      vertex 13.1768 101.177 2.12176
    endloop
  endfacet
  facet normal 0.739966 0.607626 0.288517
    outer loop
      vertex 12.8583 101.237 2.62608
      vertex 13.0291 101.029 2.62608
      vertex 12.9245 101.281 2.36363
    endloop
  endfacet
  facet normal 0.74008 0.607545 0.288394
    outer loop
      vertex 12.9245 101.281 2.36363
      vertex 13.0291 101.029 2.62608
      vertex 13.0854 101.085 2.36363
    endloop
  endfacet
  facet normal 0.769116 0.631619 0.0975582
    outer loop
      vertex 12.836 101.222 2.899
      vertex 13.0101 101.01 2.899
      vertex 12.8583 101.237 2.62608
    endloop
  endfacet
  facet normal 0.769147 0.631588 0.0975156
    outer loop
      vertex 12.8583 101.237 2.62608
      vertex 13.0101 101.01 2.899
      vertex 13.0291 101.029 2.62608
    endloop
  endfacet
  facet normal -0.63425 -0.773128 0
    outer loop
      vertex 13.0101 101.01 1.50001
      vertex 13.2222 100.836 2.899
      vertex 13.0101 101.01 2.899
    endloop
  endfacet
  facet normal -0.63425 -0.773128 -0
    outer loop
      vertex 13.2222 100.836 2.899
      vertex 13.0101 101.01 1.50001
      vertex 13.2222 100.836 1.50001
    endloop
  endfacet
  facet normal 0.0623918 0.0761547 0.995142
    outer loop
      vertex 13.8063 101.806 1.52688
      vertex 13.8478 101.772 1.52688
      vertex 13.9993 101.999 1.50001
    endloop
  endfacet
  facet normal 0 0.117549 0.993067
    outer loop
      vertex 13.8478 101.772 1.52688
      vertex 13.9994 101.999 1.50001
      vertex 13.9993 101.999 1.50001
    endloop
  endfacet
  facet normal 0.185694 0.225327 0.956423
    outer loop
      vertex 13.6207 101.621 1.6065
      vertex 13.702 101.554 1.6065
      vertex 13.8063 101.806 1.52688
    endloop
  endfacet
  facet normal 0.184895 0.225681 0.956495
    outer loop
      vertex 13.702 101.554 1.6065
      vertex 13.8478 101.772 1.52688
      vertex 13.8063 101.806 1.52688
    endloop
  endfacet
  facet normal 0.300629 0.365403 0.880967
    outer loop
      vertex 13.4497 101.45 1.73578
      vertex 13.5676 101.353 1.73578
      vertex 13.6207 101.621 1.6065
    endloop
  endfacet
  facet normal 0.301031 0.365281 0.88088
    outer loop
      vertex 13.5676 101.353 1.73578
      vertex 13.702 101.554 1.6065
      vertex 13.6207 101.621 1.6065
    endloop
  endfacet
  facet normal 0.403203 0.492039 0.771573
    outer loop
      vertex 13.2998 101.3 1.90977
      vertex 13.4499 101.177 1.90977
      vertex 13.4497 101.45 1.73578
    endloop
  endfacet
  facet normal 0.404553 0.491719 0.77107
    outer loop
      vertex 13.4497 101.45 1.73578
      vertex 13.4499 101.177 1.90977
      vertex 13.5676 101.353 1.73578
    endloop
  endfacet
  facet normal 0.49183 0.598337 0.632532
    outer loop
      vertex 13.1768 101.177 2.12176
      vertex 13.3532 101.032 2.12176
      vertex 13.2998 101.3 1.90977
    endloop
  endfacet
  facet normal 0.490557 0.598639 0.633235
    outer loop
      vertex 13.2998 101.3 1.90977
      vertex 13.3532 101.032 2.12176
      vertex 13.4499 101.177 1.90977
    endloop
  endfacet
  facet normal 0.55996 0.68169 0.470897
    outer loop
      vertex 13.0854 101.085 2.36363
      vertex 13.2814 100.924 2.36363
      vertex 13.1768 101.177 2.12176
    endloop
  endfacet
  facet normal 0.560269 0.681596 0.470665
    outer loop
      vertex 13.1768 101.177 2.12176
      vertex 13.2814 100.924 2.36363
      vertex 13.3532 101.032 2.12176
    endloop
  endfacet
  facet normal 0.608097 0.739673 0.288274
    outer loop
      vertex 13.0291 101.029 2.62608
      vertex 13.2371 100.858 2.62608
      vertex 13.0854 101.085 2.36363
    endloop
  endfacet
  facet normal 0.607725 0.739839 0.288632
    outer loop
      vertex 13.0854 101.085 2.36363
      vertex 13.2371 100.858 2.62608
      vertex 13.2814 100.924 2.36363
    endloop
  endfacet
  facet normal 0.631227 0.769444 0.0975112
    outer loop
      vertex 13.0101 101.01 2.899
      vertex 13.2222 100.836 2.899
      vertex 13.0291 101.029 2.62608
    endloop
  endfacet
  facet normal 0.632093 0.768862 0.0964867
    outer loop
      vertex 13.0291 101.029 2.62608
      vertex 13.2222 100.836 2.899
      vertex 13.2371 100.858 2.62608
    endloop
  endfacet
  facet normal -0.470399 -0.882454 0
    outer loop
      vertex 13.2222 100.836 1.50001
      vertex 13.4642 100.707 2.899
      vertex 13.2222 100.836 2.899
    endloop
  endfacet
  facet normal -0.470399 -0.882454 -0
    outer loop
      vertex 13.4642 100.707 2.899
      vertex 13.2222 100.836 1.50001
      vertex 13.4642 100.707 1.50001
    endloop
  endfacet
  facet normal 0.0459446 0.0871109 0.995139
    outer loop
      vertex 13.8478 101.772 1.52688
      vertex 13.8952 101.747 1.52688
      vertex 13.9994 101.999 1.50001
    endloop
  endfacet
  facet normal 0 0.106026 0.994363
    outer loop
      vertex 13.8952 101.747 1.52688
      vertex 13.9996 101.999 1.50001
      vertex 13.9994 101.999 1.50001
    endloop
  endfacet
  facet normal 0.138475 0.256733 0.956511
    outer loop
      vertex 13.702 101.554 1.6065
      vertex 13.7947 101.504 1.6065
      vertex 13.8478 101.772 1.52688
    endloop
  endfacet
  facet normal 0.13573 0.257345 0.95674
    outer loop
      vertex 13.7947 101.504 1.6065
      vertex 13.8952 101.747 1.52688
      vertex 13.8478 101.772 1.52688
    endloop
  endfacet
  facet normal 0.223234 0.417323 0.880913
    outer loop
      vertex 13.5676 101.353 1.73578
      vertex 13.7022 101.281 1.73578
      vertex 13.702 101.554 1.6065
    endloop
  endfacet
  facet normal 0.225 0.41715 0.880546
    outer loop
      vertex 13.702 101.554 1.6065
      vertex 13.7022 101.281 1.73578
      vertex 13.7947 101.504 1.6065
    endloop
  endfacet
  facet normal 0.301367 0.560805 0.771152
    outer loop
      vertex 13.4499 101.177 1.90977
      vertex 13.6211 101.085 1.90977
      vertex 13.5676 101.353 1.73578
    endloop
  endfacet
  facet normal 0.300011 0.560855 0.771645
    outer loop
      vertex 13.5676 101.353 1.73578
      vertex 13.6211 101.085 1.90977
      vertex 13.7022 101.281 1.73578
    endloop
  endfacet
  facet normal 0.365866 0.681934 0.633331
    outer loop
      vertex 13.3532 101.032 2.12176
      vertex 13.5545 100.924 2.12176
      vertex 13.4499 101.177 1.90977
    endloop
  endfacet
  facet normal 0.366448 0.681912 0.633017
    outer loop
      vertex 13.4499 101.177 1.90977
      vertex 13.5545 100.924 2.12176
      vertex 13.6211 101.085 1.90977
    endloop
  endfacet
  facet normal 0.414485 0.778814 0.470798
    outer loop
      vertex 13.2814 100.924 2.36363
      vertex 13.505 100.805 2.36363
      vertex 13.3532 101.032 2.12176
    endloop
  endfacet
  facet normal 0.417673 0.778497 0.468499
    outer loop
      vertex 13.3532 101.032 2.12176
      vertex 13.505 100.805 2.36363
      vertex 13.5545 100.924 2.12176
    endloop
  endfacet
  facet normal 0.451643 0.844252 0.288544
    outer loop
      vertex 13.2371 100.858 2.62608
      vertex 13.4745 100.731 2.62608
      vertex 13.2814 100.924 2.36363
    endloop
  endfacet
  facet normal 0.44956 0.84472 0.29042
    outer loop
      vertex 13.2814 100.924 2.36363
      vertex 13.4745 100.731 2.62608
      vertex 13.505 100.805 2.36363
    endloop
  endfacet
  facet normal 0.46821 0.878347 0.0963651
    outer loop
      vertex 13.2222 100.836 2.899
      vertex 13.4642 100.707 2.899
      vertex 13.2371 100.858 2.62608
    endloop
  endfacet
  facet normal 0.469577 0.877775 0.0949115
    outer loop
      vertex 13.2371 100.858 2.62608
      vertex 13.4642 100.707 2.899
      vertex 13.4745 100.731 2.62608
    endloop
  endfacet
  facet normal -0.291321 -0.956625 0
    outer loop
      vertex 13.4642 100.707 1.50001
      vertex 13.7269 100.627 2.899
      vertex 13.4642 100.707 2.899
    endloop
  endfacet
  facet normal -0.291321 -0.956625 -0
    outer loop
      vertex 13.7269 100.627 2.899
      vertex 13.4642 100.707 1.50001
      vertex 13.7269 100.627 1.50001
    endloop
  endfacet
  facet normal 0.0292571 0.0939883 0.995143
    outer loop
      vertex 13.8952 101.747 1.52688
      vertex 13.9466 101.731 1.52688
      vertex 13.9996 101.999 1.50001
    endloop
  endfacet
  facet normal 0 0.099761 0.995011
    outer loop
      vertex 13.9466 101.731 1.52688
      vertex 13.9998 101.999 1.50001
      vertex 13.9996 101.999 1.50001
    endloop
  endfacet
  facet normal 0.0831392 0.279071 0.956665
    outer loop
      vertex 13.7947 101.504 1.6065
      vertex 13.8954 101.474 1.6065
      vertex 13.8952 101.747 1.52688
    endloop
  endfacet
  facet normal 0.0868435 0.278985 0.956361
    outer loop
      vertex 13.8952 101.747 1.52688
      vertex 13.8954 101.474 1.6065
      vertex 13.9466 101.731 1.52688
    endloop
  endfacet
  facet normal 0.136752 0.453767 0.880565
    outer loop
      vertex 13.7022 101.281 1.73578
      vertex 13.8482 101.237 1.73578
      vertex 13.7947 101.504 1.6065
    endloop
  endfacet
  facet normal 0.135135 0.453604 0.880898
    outer loop
      vertex 13.7947 101.504 1.6065
      vertex 13.8482 101.237 1.73578
      vertex 13.8954 101.474 1.6065
    endloop
  endfacet
  facet normal 0.183647 0.608988 0.771627
    outer loop
      vertex 13.6211 101.085 1.90977
      vertex 13.8068 101.029 1.90977
      vertex 13.7022 101.281 1.73578
    endloop
  endfacet
  facet normal 0.183524 0.608968 0.771672
    outer loop
      vertex 13.7022 101.281 1.73578
      vertex 13.8068 101.029 1.90977
      vertex 13.8482 101.237 1.73578
    endloop
  endfacet
  facet normal 0.223922 0.740977 0.633098
    outer loop
      vertex 13.5545 100.924 2.12176
      vertex 13.7729 100.858 2.12176
      vertex 13.6211 101.085 1.90977
    endloop
  endfacet
  facet normal 0.223426 0.740896 0.633367
    outer loop
      vertex 13.6211 101.085 1.90977
      vertex 13.7729 100.858 2.12176
      vertex 13.8068 101.029 1.90977
    endloop
  endfacet
  facet normal 0.25766 0.845056 0.468499
    outer loop
      vertex 13.505 100.805 2.36363
      vertex 13.7477 100.731 2.36363
      vertex 13.5545 100.924 2.12176
    endloop
  endfacet
  facet normal 0.255305 0.844827 0.470198
    outer loop
      vertex 13.5545 100.924 2.12176
      vertex 13.7477 100.731 2.36363
      vertex 13.7729 100.858 2.12176
    endloop
  endfacet
  facet normal 0.277308 0.915827 0.290452
    outer loop
      vertex 13.4745 100.731 2.62608
      vertex 13.7321 100.653 2.62608
      vertex 13.505 100.805 2.36363
    endloop
  endfacet
  facet normal 0.279224 0.915778 0.288766
    outer loop
      vertex 13.505 100.805 2.36363
      vertex 13.7321 100.653 2.62608
      vertex 13.7477 100.731 2.36363
    endloop
  endfacet
  facet normal 0.290012 0.952327 0.0946906
    outer loop
      vertex 13.4642 100.707 2.899
      vertex 13.7269 100.627 2.899
      vertex 13.4745 100.731 2.62608
    endloop
  endfacet
  facet normal 0.288456 0.952643 0.0962505
    outer loop
      vertex 13.4745 100.731 2.62608
      vertex 13.7269 100.627 2.899
      vertex 13.7321 100.653 2.62608
    endloop
  endfacet
  facet normal -0.0983852 -0.995148 0
    outer loop
      vertex 13.7269 100.627 1.50001
      vertex 14 100.6 2.899
      vertex 13.7269 100.627 2.899
    endloop
  endfacet
  facet normal -0.0983852 -0.995148 -0
    outer loop
      vertex 14 100.6 2.899
      vertex 13.7269 100.627 1.50001
      vertex 14 100.6 1.50001
    endloop
  endfacet
  facet normal 0.00917174 0.0979541 0.995149
    outer loop
      vertex 13.9466 101.731 1.52688
      vertex 14 101.726 1.52688
      vertex 13.9998 101.999 1.50001
    endloop
  endfacet
  facet normal -0 0.0979516 0.995191
    outer loop
      vertex 13.9998 101.999 1.50001
      vertex 14 101.726 1.52688
      vertex 14 101.999 1.50001
    endloop
  endfacet
  facet normal 0.0277971 0.290758 0.956393
    outer loop
      vertex 13.8954 101.474 1.6065
      vertex 14 101.464 1.6065
      vertex 13.9466 101.731 1.52688
    endloop
  endfacet
  facet normal 0.027215 0.290656 0.956441
    outer loop
      vertex 13.9466 101.731 1.52688
      vertex 14 101.464 1.6065
      vertex 14 101.726 1.52688
    endloop
  endfacet
  facet normal 0.0465604 0.471191 0.880801
    outer loop
      vertex 13.8482 101.237 1.73578
      vertex 14 101.222 1.73578
      vertex 13.8954 101.474 1.6065
    endloop
  endfacet
  facet normal 0.0450015 0.470716 0.881136
    outer loop
      vertex 13.8954 101.474 1.6065
      vertex 14 101.222 1.73578
      vertex 14 101.464 1.6065
    endloop
  endfacet
  facet normal 0.0622563 0.633048 0.771605
    outer loop
      vertex 13.8068 101.029 1.90977
      vertex 14 101.01 1.90977
      vertex 13.8482 101.237 1.73578
    endloop
  endfacet
  facet normal 0.0625656 0.633164 0.771485
    outer loop
      vertex 13.8482 101.237 1.73578
      vertex 14 101.01 1.90977
      vertex 14 101.222 1.73578
    endloop
  endfacet
  facet normal 0.0746223 0.770306 0.633294
    outer loop
      vertex 13.7729 100.858 2.12176
      vertex 14 100.836 2.12176
      vertex 13.8068 101.029 1.90977
    endloop
  endfacet
  facet normal 0.0757977 0.770743 0.632621
    outer loop
      vertex 13.8068 101.029 1.90977
      vertex 14 100.836 2.12176
      vertex 14 101.01 1.90977
    endloop
  endfacet
  facet normal 0.0835826 0.878662 0.470072
    outer loop
      vertex 13.7477 100.731 2.36363
      vertex 14 100.707 2.36363
      vertex 13.7729 100.858 2.12176
    endloop
  endfacet
  facet normal 0.0851658 0.879143 0.468886
    outer loop
      vertex 13.7729 100.858 2.12176
      vertex 14 100.707 2.36363
      vertex 14 100.836 2.12176
    endloop
  endfacet
  facet normal 0.0924838 0.952939 0.28871
    outer loop
      vertex 13.7321 100.653 2.62608
      vertex 14 100.627 2.62608
      vertex 13.7477 100.731 2.36363
    endloop
  endfacet
  facet normal 0.0906171 0.952613 0.290375
    outer loop
      vertex 13.7477 100.731 2.36363
      vertex 14 100.627 2.62608
      vertex 14 100.707 2.36363
    endloop
  endfacet
  facet normal 0.0979286 0.99053 0.0962297
    outer loop
      vertex 13.7269 100.627 2.899
      vertex 14 100.6 2.899
      vertex 13.7321 100.653 2.62608
    endloop
  endfacet
  facet normal 0.0961324 0.990533 0.0979935
    outer loop
      vertex 13.7321 100.653 2.62608
      vertex 14 100.6 2.899
      vertex 14 100.627 2.62608
    endloop
  endfacet
  facet normal 0.0983852 -0.995148 0
    outer loop
      vertex 14 100.6 1.50001
      vertex 14.2731 100.627 2.899
      vertex 14 100.6 2.899
    endloop
  endfacet
  facet normal 0.0983852 -0.995148 0
    outer loop
      vertex 14.2731 100.627 2.899
      vertex 14 100.6 1.50001
      vertex 14.2731 100.627 1.50001
    endloop
  endfacet
  facet normal -0.00917111 0.0979475 0.995149
    outer loop
      vertex 14 101.726 1.52688
      vertex 14.0534 101.731 1.52688
      vertex 14 101.999 1.50001
    endloop
  endfacet
  facet normal -0 0.099761 0.995011
    outer loop
      vertex 14 101.999 1.50001
      vertex 14.0534 101.731 1.52688
      vertex 14.0002 101.999 1.50001
    endloop
  endfacet
  facet normal -0.0277869 0.290651 0.956426
    outer loop
      vertex 14 101.464 1.6065
      vertex 14.1046 101.474 1.6065
      vertex 14 101.726 1.52688
    endloop
  endfacet
  facet normal -0.0272345 0.290865 0.956376
    outer loop
      vertex 14 101.726 1.52688
      vertex 14.1046 101.474 1.6065
      vertex 14.0534 101.731 1.52688
    endloop
  endfacet
  facet normal -0.0465102 0.470684 0.881075
    outer loop
      vertex 14 101.222 1.73578
      vertex 14.1518 101.237 1.73578
      vertex 14 101.464 1.6065
    endloop
  endfacet
  facet normal -0.045072 0.471453 0.880738
    outer loop
      vertex 14 101.464 1.6065
      vertex 14.1518 101.237 1.73578
      vertex 14.1046 101.474 1.6065
    endloop
  endfacet
  facet normal -0.0622688 0.633175 0.771499
    outer loop
      vertex 14 101.01 1.90977
      vertex 14.1932 101.029 1.90977
      vertex 14 101.222 1.73578
    endloop
  endfacet
  facet normal -0.0625496 0.633002 0.771619
    outer loop
      vertex 14 101.222 1.73578
      vertex 14.1932 101.029 1.90977
      vertex 14.1518 101.237 1.73578
    endloop
  endfacet
  facet normal -0.0746711 0.770809 0.632675
    outer loop
      vertex 14 100.836 2.12176
      vertex 14.2271 100.858 2.12176
      vertex 14 101.01 1.90977
    endloop
  endfacet
  facet normal -0.0757395 0.770152 0.633348
    outer loop
      vertex 14 101.01 1.90977
      vertex 14.2271 100.858 2.12176
      vertex 14.1932 101.029 1.90977
    endloop
  endfacet
  facet normal -0.0836392 0.879257 0.468947
    outer loop
      vertex 14 100.707 2.36363
      vertex 14.2523 100.731 2.36363
      vertex 14 100.836 2.12176
    endloop
  endfacet
  facet normal -0.0851017 0.878482 0.470136
    outer loop
      vertex 14 100.836 2.12176
      vertex 14.2523 100.731 2.36363
      vertex 14.2271 100.858 2.12176
    endloop
  endfacet
  facet normal -0.0924366 0.952453 0.290327
    outer loop
      vertex 14 100.627 2.62608
      vertex 14.2679 100.653 2.62608
      vertex 14 100.707 2.36363
    endloop
  endfacet
  facet normal -0.0906663 0.953129 0.288659
    outer loop
      vertex 14 100.707 2.36363
      vertex 14.2679 100.653 2.62608
      vertex 14.2523 100.731 2.36363
    endloop
  endfacet
  facet normal -0.0979119 0.99036 0.0979765
    outer loop
      vertex 14 100.6 2.899
      vertex 14.2731 100.627 2.899
      vertex 14 100.627 2.62608
    endloop
  endfacet
  facet normal -0.0961492 0.990706 0.0962126
    outer loop
      vertex 14 100.627 2.62608
      vertex 14.2731 100.627 2.899
      vertex 14.2679 100.653 2.62608
    endloop
  endfacet
  facet normal 0.291321 -0.956625 0
    outer loop
      vertex 14.2731 100.627 1.50001
      vertex 14.5358 100.707 2.899
      vertex 14.2731 100.627 2.899
    endloop
  endfacet
  facet normal 0.291321 -0.956625 0
    outer loop
      vertex 14.5358 100.707 2.899
      vertex 14.2731 100.627 1.50001
      vertex 14.5358 100.707 1.50001
    endloop
  endfacet
  facet normal -0.0292507 0.093968 0.995145
    outer loop
      vertex 14.0002 101.999 1.50001
      vertex 14.0534 101.731 1.52688
      vertex 14.1048 101.747 1.52688
    endloop
  endfacet
  facet normal -0 0.106026 0.994363
    outer loop
      vertex 14.0002 101.999 1.50001
      vertex 14.1048 101.747 1.52688
      vertex 14.0004 101.999 1.50001
    endloop
  endfacet
  facet normal -0.0833312 0.279715 0.95646
    outer loop
      vertex 14.0534 101.731 1.52688
      vertex 14.1046 101.474 1.6065
      vertex 14.2053 101.504 1.6065
    endloop
  endfacet
  facet normal -0.0864534 0.277731 0.956761
    outer loop
      vertex 14.0534 101.731 1.52688
      vertex 14.2053 101.504 1.6065
      vertex 14.1048 101.747 1.52688
    endloop
  endfacet
  facet normal -0.136605 0.453279 0.880839
    outer loop
      vertex 14.1046 101.474 1.6065
      vertex 14.1518 101.237 1.73578
      vertex 14.2978 101.281 1.73578
    endloop
  endfacet
  facet normal -0.135346 0.454312 0.880501
    outer loop
      vertex 14.1046 101.474 1.6065
      vertex 14.2978 101.281 1.73578
      vertex 14.2053 101.504 1.6065
    endloop
  endfacet
  facet normal -0.183633 0.608941 0.771666
    outer loop
      vertex 14.1518 101.237 1.73578
      vertex 14.1932 101.029 1.90977
      vertex 14.3789 101.085 1.90977
    endloop
  endfacet
  facet normal -0.183542 0.609026 0.771621
    outer loop
      vertex 14.1518 101.237 1.73578
      vertex 14.3789 101.085 1.90977
      vertex 14.2978 101.281 1.73578
    endloop
  endfacet
  facet normal -0.223863 0.740783 0.633345
    outer loop
      vertex 14.1932 101.029 1.90977
      vertex 14.2271 100.858 2.12176
      vertex 14.4455 100.924 2.12176
    endloop
  endfacet
  facet normal -0.223495 0.741124 0.633076
    outer loop
      vertex 14.1932 101.029 1.90977
      vertex 14.4455 100.924 2.12176
      vertex 14.3789 101.085 1.90977
    endloop
  endfacet
  facet normal -0.257411 0.844238 0.470108
    outer loop
      vertex 14.2271 100.858 2.12176
      vertex 14.2523 100.731 2.36363
      vertex 14.495 100.805 2.36363
    endloop
  endfacet
  facet normal -0.25558 0.845738 0.468409
    outer loop
      vertex 14.2271 100.858 2.12176
      vertex 14.495 100.805 2.36363
      vertex 14.4455 100.924 2.12176
    endloop
  endfacet
  facet normal -0.277451 0.9163 0.288816
    outer loop
      vertex 14.2523 100.731 2.36363
      vertex 14.2679 100.653 2.62608
      vertex 14.5255 100.731 2.62608
    endloop
  endfacet
  facet normal -0.27907 0.915275 0.290501
    outer loop
      vertex 14.2523 100.731 2.36363
      vertex 14.5255 100.731 2.62608
      vertex 14.495 100.805 2.36363
    endloop
  endfacet
  facet normal -0.289969 0.952185 0.0962357
    outer loop
      vertex 14.2679 100.653 2.62608
      vertex 14.2731 100.627 2.899
      vertex 14.5358 100.707 2.899
    endloop
  endfacet
  facet normal -0.288499 0.952788 0.0946741
    outer loop
      vertex 14.2679 100.653 2.62608
      vertex 14.5358 100.707 2.899
      vertex 14.5255 100.731 2.62608
    endloop
  endfacet
  facet normal 0.470399 -0.882454 0
    outer loop
      vertex 14.5358 100.707 1.50001
      vertex 14.7778 100.836 2.899
      vertex 14.5358 100.707 2.899
    endloop
  endfacet
  facet normal 0.470399 -0.882454 0
    outer loop
      vertex 14.7778 100.836 2.899
      vertex 14.5358 100.707 1.50001
      vertex 14.7778 100.836 1.50001
    endloop
  endfacet
  facet normal -0.0459289 0.0870813 0.995142
    outer loop
      vertex 14.0004 101.999 1.50001
      vertex 14.1048 101.747 1.52688
      vertex 14.1522 101.772 1.52688
    endloop
  endfacet
  facet normal -0 0.117549 0.993067
    outer loop
      vertex 14.0004 101.999 1.50001
      vertex 14.1522 101.772 1.52688
      vertex 14.0006 101.999 1.50001
    endloop
  endfacet
  facet normal -0.138234 0.256285 0.956666
    outer loop
      vertex 14.1048 101.747 1.52688
      vertex 14.2053 101.504 1.6065
      vertex 14.298 101.554 1.6065
    endloop
  endfacet
  facet normal -0.136197 0.258229 0.956435
    outer loop
      vertex 14.1048 101.747 1.52688
      vertex 14.298 101.554 1.6065
      vertex 14.1522 101.772 1.52688
    endloop
  endfacet
  facet normal -0.223496 0.417814 0.880614
    outer loop
      vertex 14.2053 101.504 1.6065
      vertex 14.2978 101.281 1.73578
      vertex 14.4324 101.353 1.73578
    endloop
  endfacet
  facet normal -0.224617 0.41644 0.880979
    outer loop
      vertex 14.2053 101.504 1.6065
      vertex 14.4324 101.353 1.73578
      vertex 14.298 101.554 1.6065
    endloop
  endfacet
  facet normal -0.301119 0.560343 0.771585
    outer loop
      vertex 14.2978 101.281 1.73578
      vertex 14.3789 101.085 1.90977
      vertex 14.5501 101.177 1.90977
    endloop
  endfacet
  facet normal -0.300327 0.561444 0.771093
    outer loop
      vertex 14.2978 101.281 1.73578
      vertex 14.5501 101.177 1.90977
      vertex 14.4324 101.353 1.73578
    endloop
  endfacet
  facet normal -0.365977 0.682141 0.633043
    outer loop
      vertex 14.3789 101.085 1.90977
      vertex 14.4455 100.924 2.12176
      vertex 14.6468 101.032 2.12176
    endloop
  endfacet
  facet normal -0.366318 0.681669 0.633355
    outer loop
      vertex 14.3789 101.085 1.90977
      vertex 14.6468 101.032 2.12176
      vertex 14.5501 101.177 1.90977
    endloop
  endfacet
  facet normal -0.41503 0.779838 0.468618
    outer loop
      vertex 14.4455 100.924 2.12176
      vertex 14.495 100.805 2.36363
      vertex 14.7186 100.924 2.36363
    endloop
  endfacet
  facet normal -0.417065 0.777364 0.470916
    outer loop
      vertex 14.4455 100.924 2.12176
      vertex 14.7186 100.924 2.36363
      vertex 14.6468 101.032 2.12176
    endloop
  endfacet
  facet normal -0.451383 0.843767 0.290364
    outer loop
      vertex 14.495 100.805 2.36363
      vertex 14.5255 100.731 2.62608
      vertex 14.7629 100.858 2.62608
    endloop
  endfacet
  facet normal -0.449835 0.845236 0.288486
    outer loop
      vertex 14.495 100.805 2.36363
      vertex 14.7629 100.858 2.62608
      vertex 14.7186 100.924 2.36363
    endloop
  endfacet
  facet normal -0.468275 0.878469 0.0949234
    outer loop
      vertex 14.5255 100.731 2.62608
      vertex 14.5358 100.707 2.899
      vertex 14.7778 100.836 2.899
    endloop
  endfacet
  facet normal -0.46951 0.877651 0.09638
    outer loop
      vertex 14.5255 100.731 2.62608
      vertex 14.7778 100.836 2.899
      vertex 14.7629 100.858 2.62608
    endloop
  endfacet
  facet normal 0.63425 -0.773128 0
    outer loop
      vertex 14.7778 100.836 1.50001
      vertex 14.9899 101.01 2.899
      vertex 14.7778 100.836 2.899
    endloop
  endfacet
  facet normal 0.63425 -0.773128 0
    outer loop
      vertex 14.9899 101.01 2.899
      vertex 14.7778 100.836 1.50001
      vertex 14.9899 101.01 1.50001
    endloop
  endfacet
  facet normal -0.0623774 0.0761371 0.995144
    outer loop
      vertex 14.0006 101.999 1.50001
      vertex 14.1522 101.772 1.52688
      vertex 14.1937 101.806 1.52688
    endloop
  endfacet
  facet normal -0 0.137893 0.990447
    outer loop
      vertex 14.0006 101.999 1.50001
      vertex 14.1937 101.806 1.52688
      vertex 14.0007 101.999 1.50001
    endloop
  endfacet
  facet normal -0.185593 0.225205 0.956471
    outer loop
      vertex 14.1522 101.772 1.52688
      vertex 14.298 101.554 1.6065
      vertex 14.3793 101.621 1.6065
    endloop
  endfacet
  facet normal -0.185092 0.225921 0.9564
    outer loop
      vertex 14.1522 101.772 1.52688
      vertex 14.3793 101.621 1.6065
      vertex 14.1937 101.806 1.52688
    endloop
  endfacet
  facet normal -0.300712 0.365505 0.880896
    outer loop
      vertex 14.298 101.554 1.6065
      vertex 14.4324 101.353 1.73578
      vertex 14.5503 101.45 1.73578
    endloop
  endfacet
  facet normal -0.30091 0.365134 0.880983
    outer loop
      vertex 14.298 101.554 1.6065
      vertex 14.5503 101.45 1.73578
      vertex 14.3793 101.621 1.6065
    endloop
  endfacet
  facet normal -0.403543 0.492454 0.77113
    outer loop
      vertex 14.4324 101.353 1.73578
      vertex 14.5501 101.177 1.90977
      vertex 14.7002 101.3 1.90977
    endloop
  endfacet
  facet normal -0.404119 0.491193 0.771633
    outer loop
      vertex 14.4324 101.353 1.73578
      vertex 14.7002 101.3 1.90977
      vertex 14.5503 101.45 1.73578
    endloop
  endfacet
  facet normal -0.491495 0.597929 0.633177
    outer loop
      vertex 14.5501 101.177 1.90977
      vertex 14.6468 101.032 2.12176
      vertex 14.8232 101.177 2.12176
    endloop
  endfacet
  facet normal -0.49095 0.599119 0.632475
    outer loop
      vertex 14.5501 101.177 1.90977
      vertex 14.8232 101.177 2.12176
      vertex 14.7002 101.3 1.90977
    endloop
  endfacet
  facet normal -0.560034 0.681781 0.470677
    outer loop
      vertex 14.6468 101.032 2.12176
      vertex 14.7186 100.924 2.36363
      vertex 14.9146 101.085 2.36363
    endloop
  endfacet
  facet normal -0.560186 0.681496 0.470909
    outer loop
      vertex 14.6468 101.032 2.12176
      vertex 14.9146 101.085 2.36363
      vertex 14.8232 101.177 2.12176
    endloop
  endfacet
  facet normal -0.60803 0.739592 0.288622
    outer loop
      vertex 14.7186 100.924 2.36363
      vertex 14.7629 100.858 2.62608
      vertex 14.9709 101.029 2.62608
    endloop
  endfacet
  facet normal -0.607796 0.739925 0.288263
    outer loop
      vertex 14.7186 100.924 2.36363
      vertex 14.9709 101.029 2.62608
      vertex 14.9146 101.085 2.36363
    endloop
  endfacet
  facet normal -0.63129 0.76952 0.0964959
    outer loop
      vertex 14.7629 100.858 2.62608
      vertex 14.7778 100.836 2.899
      vertex 14.9899 101.01 2.899
    endloop
  endfacet
  facet normal -0.632029 0.768784 0.0975211
    outer loop
      vertex 14.7629 100.858 2.62608
      vertex 14.9899 101.01 2.899
      vertex 14.9709 101.029 2.62608
    endloop
  endfacet
  facet normal 0.772803 -0.634646 0
    outer loop
      vertex 14.9899 101.01 2.899
      vertex 15.164 101.222 1.50001
      vertex 15.164 101.222 2.899
    endloop
  endfacet
  facet normal 0.772803 -0.634646 0
    outer loop
      vertex 15.164 101.222 1.50001
      vertex 14.9899 101.01 2.899
      vertex 14.9899 101.01 1.50001
    endloop
  endfacet
  facet normal -0.0764642 0.0620817 0.995138
    outer loop
      vertex 14.0007 101.999 1.50001
      vertex 14.1937 101.806 1.52688
      vertex 14.2278 101.848 1.52688
    endloop
  endfacet
  facet normal -0 0.175195 0.984534
    outer loop
      vertex 14.0007 101.999 1.50001
      vertex 14.2278 101.848 1.52688
      vertex 14.0008 101.999 1.50001
    endloop
  endfacet
  facet normal -0.225343 0.18556 0.956446
    outer loop
      vertex 14.1937 101.806 1.52688
      vertex 14.3793 101.621 1.6065
      vertex 14.446 101.702 1.6065
    endloop
  endfacet
  facet normal -0.226187 0.183642 0.956616
    outer loop
      vertex 14.1937 101.806 1.52688
      vertex 14.446 101.702 1.6065
      vertex 14.2278 101.848 1.52688
    endloop
  endfacet
  facet normal -0.365872 0.300139 0.880939
    outer loop
      vertex 14.3793 101.621 1.6065
      vertex 14.5503 101.45 1.73578
      vertex 14.6471 101.568 1.73578
    endloop
  endfacet
  facet normal -0.365596 0.301052 0.880742
    outer loop
      vertex 14.3793 101.621 1.6065
      vertex 14.6471 101.568 1.73578
      vertex 14.446 101.702 1.6065
    endloop
  endfacet
  facet normal -0.491745 0.403558 0.771575
    outer loop
      vertex 14.5503 101.45 1.73578
      vertex 14.7002 101.3 1.90977
      vertex 14.8233 101.45 1.90977
    endloop
  endfacet
  facet normal -0.491777 0.403424 0.771625
    outer loop
      vertex 14.5503 101.45 1.73578
      vertex 14.8233 101.45 1.90977
      vertex 14.6471 101.568 1.73578
    endloop
  endfacet
  facet normal -0.598112 0.492083 0.632548
    outer loop
      vertex 14.7002 101.3 1.90977
      vertex 14.8232 101.177 2.12176
      vertex 14.968 101.353 2.12176
    endloop
  endfacet
  facet normal -0.598357 0.491052 0.633116
    outer loop
      vertex 14.7002 101.3 1.90977
      vertex 14.968 101.353 2.12176
      vertex 14.8233 101.45 1.90977
    endloop
  endfacet
  facet normal -0.681962 0.559835 0.47065
    outer loop
      vertex 14.8232 101.177 2.12176
      vertex 14.9146 101.085 2.36363
      vertex 15.0755 101.281 2.36363
    endloop
  endfacet
  facet normal -0.681661 0.560821 0.469912
    outer loop
      vertex 14.8232 101.177 2.12176
      vertex 15.0755 101.281 2.36363
      vertex 14.968 101.353 2.12176
    endloop
  endfacet
  facet normal -0.739993 0.607648 0.288398
    outer loop
      vertex 14.9146 101.085 2.36363
      vertex 14.9709 101.029 2.62608
      vertex 15.1417 101.237 2.62608
    endloop
  endfacet
  facet normal -0.74005 0.607521 0.288521
    outer loop
      vertex 14.9146 101.085 2.36363
      vertex 15.1417 101.237 2.62608
      vertex 15.0755 101.281 2.36363
    endloop
  endfacet
  facet normal -0.76912 0.631621 0.097516
    outer loop
      vertex 14.9709 101.029 2.62608
      vertex 14.9899 101.01 2.899
      vertex 15.164 101.222 2.899
    endloop
  endfacet
  facet normal -0.769144 0.631585 0.0975586
    outer loop
      vertex 14.9709 101.029 2.62608
      vertex 15.164 101.222 2.899
      vertex 15.1417 101.237 2.62608
    endloop
  endfacet
  facet normal 0.881848 -0.471534 0
    outer loop
      vertex 15.164 101.222 2.899
      vertex 15.2934 101.464 1.50001
      vertex 15.2934 101.464 2.899
    endloop
  endfacet
  facet normal 0.881848 -0.471534 0
    outer loop
      vertex 15.2934 101.464 1.50001
      vertex 15.164 101.222 2.899
      vertex 15.164 101.222 1.50001
    endloop
  endfacet
  facet normal -0.0867363 0.04669 0.995137
    outer loop
      vertex 14.0008 101.999 1.50001
      vertex 14.2278 101.848 1.52688
      vertex 14.2531 101.895 1.52688
    endloop
  endfacet
  facet normal -0.101748 0.0101748 0.994758
    outer loop
      vertex 14.0008 101.999 1.50001
      vertex 14.2531 101.895 1.52688
      vertex 14.0009 102 1.50001
    endloop
  endfacet
  facet normal -0.257378 0.136991 0.956551
    outer loop
      vertex 14.2278 101.848 1.52688
      vertex 14.446 101.702 1.6065
      vertex 14.4955 101.795 1.6065
    endloop
  endfacet
  facet normal -0.257068 0.138379 0.956435
    outer loop
      vertex 14.2278 101.848 1.52688
      vertex 14.4955 101.795 1.6065
      vertex 14.2531 101.895 1.52688
    endloop
  endfacet
  facet normal -0.417132 0.223819 0.880855
    outer loop
      vertex 14.446 101.702 1.6065
      vertex 14.6471 101.568 1.73578
      vertex 14.719 101.702 1.73578
    endloop
  endfacet
  facet normal -0.417299 0.222111 0.881208
    outer loop
      vertex 14.446 101.702 1.6065
      vertex 14.719 101.702 1.73578
      vertex 14.4955 101.795 1.6065
    endloop
  endfacet
  facet normal -0.560745 0.300376 0.771582
    outer loop
      vertex 14.6471 101.568 1.73578
      vertex 14.8233 101.45 1.90977
      vertex 14.9149 101.621 1.90977
    endloop
  endfacet
  facet normal -0.560727 0.300867 0.771404
    outer loop
      vertex 14.6471 101.568 1.73578
      vertex 14.9149 101.621 1.90977
      vertex 14.719 101.702 1.73578
    endloop
  endfacet
  facet normal -0.68249 0.365353 0.633028
    outer loop
      vertex 14.8233 101.45 1.90977
      vertex 14.968 101.353 2.12176
      vertex 15.0756 101.554 2.12176
    endloop
  endfacet
  facet normal -0.682481 0.365586 0.632903
    outer loop
      vertex 14.8233 101.45 1.90977
      vertex 15.0756 101.554 2.12176
      vertex 14.9149 101.621 1.90977
    endloop
  endfacet
  facet normal -0.778847 0.415501 0.469848
    outer loop
      vertex 14.968 101.353 2.12176
      vertex 15.0755 101.281 2.36363
      vertex 15.195 101.505 2.36363
    endloop
  endfacet
  facet normal -0.778711 0.416862 0.468865
    outer loop
      vertex 14.968 101.353 2.12176
      vertex 15.195 101.505 2.36363
      vertex 15.0756 101.554 2.12176
    endloop
  endfacet
  facet normal -0.844851 0.450469 0.288626
    outer loop
      vertex 15.0755 101.281 2.36363
      vertex 15.1417 101.237 2.62608
      vertex 15.2686 101.475 2.62608
    endloop
  endfacet
  facet normal -0.844802 0.450687 0.288428
    outer loop
      vertex 15.0755 101.281 2.36363
      vertex 15.2686 101.475 2.62608
      vertex 15.195 101.505 2.36363
    endloop
  endfacet
  facet normal -0.877646 0.469287 0.0975041
    outer loop
      vertex 15.1417 101.237 2.62608
      vertex 15.164 101.222 2.899
      vertex 15.2934 101.464 2.899
    endloop
  endfacet
  facet normal -0.878099 0.468196 0.0986627
    outer loop
      vertex 15.1417 101.237 2.62608
      vertex 15.2934 101.464 2.899
      vertex 15.2686 101.475 2.62608
    endloop
  endfacet
  facet normal 0.957021 -0.290017 0
    outer loop
      vertex 15.2934 101.464 2.899
      vertex 15.3731 101.727 1.50001
      vertex 15.3731 101.727 2.899
    endloop
  endfacet
  facet normal 0.957021 -0.290017 0
    outer loop
      vertex 15.3731 101.727 1.50001
      vertex 15.2934 101.464 2.899
      vertex 15.2934 101.464 1.50001
    endloop
  endfacet
  facet normal -0.094253 0.0282759 0.995147
    outer loop
      vertex 14.0009 102 1.50001
      vertex 14.2531 101.895 1.52688
      vertex 14.2687 101.947 1.52688
    endloop
  endfacet
  facet normal -0 0.452188 0.891923
    outer loop
      vertex 14.0009 102 1.50001
      vertex 14.2687 101.947 1.52688
      vertex 14.001 102 1.50001
    endloop
  endfacet
  facet normal -0.278962 0.0853623 0.956501
    outer loop
      vertex 14.2531 101.895 1.52688
      vertex 14.4955 101.795 1.6065
      vertex 14.5261 101.895 1.6065
    endloop
  endfacet
  facet normal -0.279001 0.0837004 0.956636
    outer loop
      vertex 14.2531 101.895 1.52688
      vertex 14.5261 101.895 1.6065
      vertex 14.2687 101.947 1.52688
    endloop
  endfacet
  facet normal -0.452531 0.137309 0.881114
    outer loop
      vertex 14.4955 101.795 1.6065
      vertex 14.719 101.702 1.73578
      vertex 14.7633 101.848 1.73578
    endloop
  endfacet
  facet normal -0.452649 0.138511 0.880865
    outer loop
      vertex 14.4955 101.795 1.6065
      vertex 14.7633 101.848 1.73578
      vertex 14.5261 101.895 1.6065
    endloop
  endfacet
  facet normal -0.608975 0.184329 0.771474
    outer loop
      vertex 14.719 101.702 1.73578
      vertex 14.9149 101.621 1.90977
      vertex 14.9712 101.807 1.90977
    endloop
  endfacet
  facet normal -0.609051 0.184801 0.771301
    outer loop
      vertex 14.719 101.702 1.73578
      vertex 14.9712 101.807 1.90977
      vertex 14.7633 101.848 1.73578
    endloop
  endfacet
  facet normal -0.741144 0.224374 0.632742
    outer loop
      vertex 14.9149 101.621 1.90977
      vertex 15.0756 101.554 2.12176
      vertex 15.1419 101.773 2.12176
    endloop
  endfacet
  facet normal -0.741138 0.224334 0.632763
    outer loop
      vertex 14.9149 101.621 1.90977
      vertex 15.1419 101.773 2.12176
      vertex 14.9712 101.807 1.90977
    endloop
  endfacet
  facet normal -0.845222 0.256001 0.46911
    outer loop
      vertex 15.0756 101.554 2.12176
      vertex 15.195 101.505 2.36363
      vertex 15.2686 101.748 2.36363
    endloop
  endfacet
  facet normal -0.84521 0.255878 0.469198
    outer loop
      vertex 15.0756 101.554 2.12176
      vertex 15.2686 101.748 2.36363
      vertex 15.1419 101.773 2.12176
    endloop
  endfacet
  facet normal -0.916051 0.27838 0.288713
    outer loop
      vertex 15.195 101.505 2.36363
      vertex 15.2686 101.475 2.62608
      vertex 15.3467 101.732 2.62608
    endloop
  endfacet
  facet normal -0.916075 0.277461 0.289521
    outer loop
      vertex 15.195 101.505 2.36363
      vertex 15.3467 101.732 2.62608
      vertex 15.2686 101.748 2.36363
    endloop
  endfacet
  facet normal -0.952398 0.288616 0.0981762
    outer loop
      vertex 15.2686 101.475 2.62608
      vertex 15.2934 101.464 2.899
      vertex 15.3731 101.727 2.899
    endloop
  endfacet
  facet normal -0.952245 0.289379 0.0974138
    outer loop
      vertex 15.2686 101.475 2.62608
      vertex 15.3731 101.727 2.899
      vertex 15.3467 101.732 2.62608
    endloop
  endfacet
  facet normal 0.995181 -0.0980599 0
    outer loop
      vertex 15.3731 101.727 2.899
      vertex 15.4 102 1.50001
      vertex 15.4 102 2.899
    endloop
  endfacet
  facet normal 0.995181 -0.0980599 0
    outer loop
      vertex 15.4 102 1.50001
      vertex 15.3731 101.727 2.899
      vertex 15.3731 101.727 1.50001
    endloop
  endfacet
  facet normal -0.0979826 0.00961339 0.995142
    outer loop
      vertex 14.001 102 1.50001
      vertex 14.2687 101.947 1.52688
      vertex 14.2739 102 1.52688
    endloop
  endfacet
  facet normal -0.290138 0.0284611 0.956562
    outer loop
      vertex 14.2687 101.947 1.52688
      vertex 14.5261 101.895 1.6065
      vertex 14.5364 102 1.6065
    endloop
  endfacet
  facet normal -0.290139 0.0284664 0.956561
    outer loop
      vertex 14.2687 101.947 1.52688
      vertex 14.5364 102 1.6065
      vertex 14.2739 102 1.52688
    endloop
  endfacet
  facet normal -0.470983 0.0461687 0.880933
    outer loop
      vertex 14.5261 101.895 1.6065
      vertex 14.7633 101.848 1.73578
      vertex 14.7782 102 1.73578
    endloop
  endfacet
  facet normal -0.470993 0.0462022 0.880926
    outer loop
      vertex 14.5261 101.895 1.6065
      vertex 14.7782 102 1.73578
      vertex 14.5364 102 1.6065
    endloop
  endfacet
  facet normal -0.633286 0.0623442 0.771402
    outer loop
      vertex 14.7633 101.848 1.73578
      vertex 14.9712 101.807 1.90977
      vertex 14.9902 102 1.90977
    endloop
  endfacet
  facet normal -0.633183 0.0620686 0.771509
    outer loop
      vertex 14.7633 101.848 1.73578
      vertex 14.9902 102 1.90977
      vertex 14.7782 102 1.73578
    endloop
  endfacet
  facet normal -0.770677 0.0757097 0.632712
    outer loop
      vertex 14.9712 101.807 1.90977
      vertex 15.1419 101.773 2.12176
      vertex 15.1642 102 2.12176
    endloop
  endfacet
  facet normal -0.770739 0.0758758 0.632617
    outer loop
      vertex 14.9712 101.807 1.90977
      vertex 15.1642 102 2.12176
      vertex 14.9902 102 1.90977
    endloop
  endfacet
  facet normal -0.878759 0.0868298 0.4693
    outer loop
      vertex 15.1419 101.773 2.12176
      vertex 15.2686 101.748 2.36363
      vertex 15.2935 102 2.36363
    endloop
  endfacet
  facet normal -0.878603 0.0863121 0.469688
    outer loop
      vertex 15.1419 101.773 2.12176
      vertex 15.2935 102 2.36363
      vertex 15.1642 102 2.12176
    endloop
  endfacet
  facet normal -0.952654 0.0938435 0.289212
    outer loop
      vertex 15.2686 101.748 2.36363
      vertex 15.3467 101.732 2.62608
      vertex 15.3731 102 2.62608
    endloop
  endfacet
  facet normal -0.952704 0.0941363 0.288951
    outer loop
      vertex 15.2686 101.748 2.36363
      vertex 15.3731 102 2.62608
      vertex 15.2935 102 2.36363
    endloop
  endfacet
  facet normal -0.99043 0.0975918 0.0975938
    outer loop
      vertex 15.3467 101.732 2.62608
      vertex 15.3731 101.727 2.899
      vertex 15.4 102 2.899
    endloop
  endfacet
  facet normal -0.99043 0.0975647 0.0976204
    outer loop
      vertex 15.3467 101.732 2.62608
      vertex 15.4 102 2.899
      vertex 15.3731 102 2.62608
    endloop
  endfacet
  facet normal -0.88188 -0.471473 0
    outer loop
      vertex 51.0899 80.0555 3
      vertex 50.7664 80.6606 16.9
      vertex 50.7664 80.6606 3
    endloop
  endfacet
  facet normal -0.88188 -0.471473 0
    outer loop
      vertex 50.7664 80.6606 16.9
      vertex 51.0899 80.0555 3
      vertex 51.0899 80.0555 16.9
    endloop
  endfacet
  facet normal 0.0980894 0.995178 -0
    outer loop
      vertex 54.6828 85.4327 3
      vertex 54 85.5 16.9
      vertex 54.6828 85.4327 16.9
    endloop
  endfacet
  facet normal 0.0980894 0.995178 0
    outer loop
      vertex 54 85.5 16.9
      vertex 54.6828 85.4327 3
      vertex 54 85.5 3
    endloop
  endfacet
  facet normal 0.956972 -0.290181 0
    outer loop
      vertex 57.2336 80.6606 16.9
      vertex 57.4327 81.3172 3
      vertex 57.4327 81.3172 16.9
    endloop
  endfacet
  facet normal 0.956972 -0.290181 0
    outer loop
      vertex 57.4327 81.3172 3
      vertex 57.2336 80.6606 16.9
      vertex 57.2336 80.6606 3
    endloop
  endfacet
  facet normal 0.995178 -0.0980894 0
    outer loop
      vertex 57.4327 81.3172 16.9
      vertex 57.5 82 3
      vertex 57.5 82 16.9
    endloop
  endfacet
  facet normal 0.995178 -0.0980894 0
    outer loop
      vertex 57.5 82 3
      vertex 57.4327 81.3172 16.9
      vertex 57.4327 81.3172 3
    endloop
  endfacet
  facet normal 0.290181 0.956972 -0
    outer loop
      vertex 55.3394 85.2336 3
      vertex 54.6828 85.4327 16.9
      vertex 55.3394 85.2336 16.9
    endloop
  endfacet
  facet normal 0.290181 0.956972 0
    outer loop
      vertex 54.6828 85.4327 16.9
      vertex 55.3394 85.2336 3
      vertex 54.6828 85.4327 3
    endloop
  endfacet
  facet normal -0.956972 0.290181 0
    outer loop
      vertex 50.5673 82.6828 3
      vertex 50.7664 83.3394 16.9
      vertex 50.7664 83.3394 3
    endloop
  endfacet
  facet normal -0.956972 0.290181 0
    outer loop
      vertex 50.7664 83.3394 16.9
      vertex 50.5673 82.6828 3
      vertex 50.5673 82.6828 16.9
    endloop
  endfacet
  facet normal 0.773073 0.634317 0
    outer loop
      vertex 56.9101 83.9445 16.9
      vertex 56.4749 84.4749 3
      vertex 56.4749 84.4749 16.9
    endloop
  endfacet
  facet normal 0.773073 0.634317 0
    outer loop
      vertex 56.4749 84.4749 3
      vertex 56.9101 83.9445 16.9
      vertex 56.9101 83.9445 3
    endloop
  endfacet
  facet normal 0.88188 -0.471473 0
    outer loop
      vertex 56.9101 80.0555 16.9
      vertex 57.2336 80.6606 3
      vertex 57.2336 80.6606 16.9
    endloop
  endfacet
  facet normal 0.88188 -0.471473 0
    outer loop
      vertex 57.2336 80.6606 3
      vertex 56.9101 80.0555 16.9
      vertex 56.9101 80.0555 3
    endloop
  endfacet
  facet normal 0.634317 -0.773073 0
    outer loop
      vertex 55.9445 79.0899 3
      vertex 56.4749 79.5251 16.9
      vertex 55.9445 79.0899 16.9
    endloop
  endfacet
  facet normal 0.634317 -0.773073 0
    outer loop
      vertex 56.4749 79.5251 16.9
      vertex 55.9445 79.0899 3
      vertex 56.4749 79.5251 3
    endloop
  endfacet
  facet normal 0.290181 -0.956972 0
    outer loop
      vertex 54.6828 78.5673 3
      vertex 55.3394 78.7664 16.9
      vertex 54.6828 78.5673 16.9
    endloop
  endfacet
  facet normal 0.290181 -0.956972 0
    outer loop
      vertex 55.3394 78.7664 16.9
      vertex 54.6828 78.5673 3
      vertex 55.3394 78.7664 3
    endloop
  endfacet
  facet normal -0.88188 0.471473 0
    outer loop
      vertex 50.7664 83.3394 3
      vertex 51.0899 83.9445 16.9
      vertex 51.0899 83.9445 3
    endloop
  endfacet
  facet normal -0.88188 0.471473 0
    outer loop
      vertex 51.0899 83.9445 16.9
      vertex 50.7664 83.3394 3
      vertex 50.7664 83.3394 16.9
    endloop
  endfacet
  facet normal 0.773073 -0.634317 0
    outer loop
      vertex 56.4749 79.5251 16.9
      vertex 56.9101 80.0555 3
      vertex 56.9101 80.0555 16.9
    endloop
  endfacet
  facet normal 0.773073 -0.634317 0
    outer loop
      vertex 56.9101 80.0555 3
      vertex 56.4749 79.5251 16.9
      vertex 56.4749 79.5251 3
    endloop
  endfacet
  facet normal 0.0980894 -0.995178 0
    outer loop
      vertex 54 78.5 3
      vertex 54.6828 78.5673 16.9
      vertex 54 78.5 16.9
    endloop
  endfacet
  facet normal 0.0980894 -0.995178 0
    outer loop
      vertex 54.6828 78.5673 16.9
      vertex 54 78.5 3
      vertex 54.6828 78.5673 3
    endloop
  endfacet
  facet normal -0.290181 -0.956972 0
    outer loop
      vertex 52.6606 78.7664 3
      vertex 53.3172 78.5673 16.9
      vertex 52.6606 78.7664 16.9
    endloop
  endfacet
  facet normal -0.290181 -0.956972 -0
    outer loop
      vertex 53.3172 78.5673 16.9
      vertex 52.6606 78.7664 3
      vertex 53.3172 78.5673 3
    endloop
  endfacet
  facet normal 0 0 -1
    outer loop
      vertex 55.4 82 1.5
      vertex 59 82 1.5
      vertex 58.9039 81.0246 1.5
    endloop
  endfacet
  facet normal 0 0 -1
    outer loop
      vertex 55.3731 81.7269 1.5
      vertex 58.9039 81.0246 1.5
      vertex 58.6194 80.0866 1.5
    endloop
  endfacet
  facet normal 0 0 -1
    outer loop
      vertex 59 82 1.5
      vertex 55.4 82 1.5
      vertex 58.9039 82.9754 1.5
    endloop
  endfacet
  facet normal 0 0 -1
    outer loop
      vertex 55.2934 81.4642 1.5
      vertex 58.6194 80.0866 1.5
      vertex 58.1573 79.2222 1.5
    endloop
  endfacet
  facet normal 0 0 -1
    outer loop
      vertex 55.3731 82.2731 1.5
      vertex 58.9039 82.9754 1.5
      vertex 55.4 82 1.5
    endloop
  endfacet
  facet normal 0 0 -1
    outer loop
      vertex 55.1641 81.2222 1.5
      vertex 58.1573 79.2222 1.5
      vertex 57.5355 78.4645 1.5
    endloop
  endfacet
  facet normal -0 0 -1
    outer loop
      vertex 58.9039 82.9754 1.5
      vertex 55.3731 82.2731 1.5
      vertex 58.6194 83.9134 1.5
    endloop
  endfacet
  facet normal 0 0 -1
    outer loop
      vertex 54.9899 81.01 1.5
      vertex 57.5355 78.4645 1.5
      vertex 56.7779 77.8427 1.5
    endloop
  endfacet
  facet normal 0 0 -1
    outer loop
      vertex 55.2934 82.5358 1.5
      vertex 58.6194 83.9134 1.5
      vertex 55.3731 82.2731 1.5
    endloop
  endfacet
  facet normal 0 0 -1
    outer loop
      vertex 54.7778 80.8359 1.5
      vertex 56.7779 77.8427 1.5
      vertex 55.9134 77.3806 1.5
    endloop
  endfacet
  facet normal -0 0 -1
    outer loop
      vertex 58.6194 83.9134 1.5
      vertex 55.2934 82.5358 1.5
      vertex 58.1573 84.7778 1.5
    endloop
  endfacet
  facet normal 0 0 -1
    outer loop
      vertex 55.1641 82.7778 1.5
      vertex 58.1573 84.7778 1.5
      vertex 55.2934 82.5358 1.5
    endloop
  endfacet
  facet normal 0 0 -1
    outer loop
      vertex 58.9039 81.0246 1.5
      vertex 55.3731 81.7269 1.5
      vertex 55.4 82 1.5
    endloop
  endfacet
  facet normal 0 0 -1
    outer loop
      vertex 58.6194 80.0866 1.5
      vertex 55.2934 81.4642 1.5
      vertex 55.3731 81.7269 1.5
    endloop
  endfacet
  facet normal 0 0 -1
    outer loop
      vertex 58.1573 79.2222 1.5
      vertex 55.1641 81.2222 1.5
      vertex 55.2934 81.4642 1.5
    endloop
  endfacet
  facet normal 0 0 -1
    outer loop
      vertex 57.5355 78.4645 1.5
      vertex 54.9899 81.01 1.5
      vertex 55.1641 81.2222 1.5
    endloop
  endfacet
  facet normal 0 0 -1
    outer loop
      vertex 54.5358 80.7066 1.5
      vertex 55.9134 77.3806 1.5
      vertex 54.9755 77.0961 1.5
    endloop
  endfacet
  facet normal 0 0 -1
    outer loop
      vertex 56.7779 77.8427 1.5
      vertex 54.7778 80.8359 1.5
      vertex 54.9899 81.01 1.5
    endloop
  endfacet
  facet normal 0 0 -1
    outer loop
      vertex 55.9134 77.3806 1.5
      vertex 54.5358 80.7066 1.5
      vertex 54.7778 80.8359 1.5
    endloop
  endfacet
  facet normal 0 0 -1
    outer loop
      vertex 54.9755 77.0961 1.5
      vertex 54.2731 80.6269 1.5
      vertex 54.5358 80.7066 1.5
    endloop
  endfacet
  facet normal 0 0 -1
    outer loop
      vertex 54 77 1.5
      vertex 54.2731 80.6269 1.5
      vertex 54.9755 77.0961 1.5
    endloop
  endfacet
  facet normal 0 0 -1
    outer loop
      vertex 54 77 1.5
      vertex 54 80.6 1.5
      vertex 54.2731 80.6269 1.5
    endloop
  endfacet
  facet normal 0 0 -1
    outer loop
      vertex 54 77 1.5
      vertex 53.7269 80.6269 1.5
      vertex 54 80.6 1.5
    endloop
  endfacet
  facet normal 0 0 -1
    outer loop
      vertex 53.0245 77.0961 1.5
      vertex 53.7269 80.6269 1.5
      vertex 54 77 1.5
    endloop
  endfacet
  facet normal -0 0 -1
    outer loop
      vertex 53.7269 80.6269 1.5
      vertex 53.0245 77.0961 1.5
      vertex 53.4642 80.7066 1.5
    endloop
  endfacet
  facet normal 0 0 -1
    outer loop
      vertex 52.0866 77.3806 1.5
      vertex 53.4642 80.7066 1.5
      vertex 53.0245 77.0961 1.5
    endloop
  endfacet
  facet normal -0 0 -1
    outer loop
      vertex 53.4642 80.7066 1.5
      vertex 52.0866 77.3806 1.5
      vertex 53.2222 80.8359 1.5
    endloop
  endfacet
  facet normal 0 0 -1
    outer loop
      vertex 51.2221 77.8427 1.5
      vertex 53.2222 80.8359 1.5
      vertex 52.0866 77.3806 1.5
    endloop
  endfacet
  facet normal -0 0 -1
    outer loop
      vertex 53.2222 80.8359 1.5
      vertex 51.2221 77.8427 1.5
      vertex 53.0101 81.01 1.5
    endloop
  endfacet
  facet normal 0 0 -1
    outer loop
      vertex 50.4645 78.4645 1.5
      vertex 53.0101 81.01 1.5
      vertex 51.2221 77.8427 1.5
    endloop
  endfacet
  facet normal -0 0 -1
    outer loop
      vertex 53.0101 81.01 1.5
      vertex 50.4645 78.4645 1.5
      vertex 52.8359 81.2222 1.5
    endloop
  endfacet
  facet normal 0 0 -1
    outer loop
      vertex 49.8427 79.2222 1.5
      vertex 52.8359 81.2222 1.5
      vertex 50.4645 78.4645 1.5
    endloop
  endfacet
  facet normal -0 0 -1
    outer loop
      vertex 58.1573 84.7778 1.5
      vertex 55.1641 82.7778 1.5
      vertex 57.5355 85.5355 1.5
    endloop
  endfacet
  facet normal 0 0 -1
    outer loop
      vertex 54.9899 82.99 1.5
      vertex 57.5355 85.5355 1.5
      vertex 55.1641 82.7778 1.5
    endloop
  endfacet
  facet normal -0 0 -1
    outer loop
      vertex 57.5355 85.5355 1.5
      vertex 54.9899 82.99 1.5
      vertex 56.7779 86.1573 1.5
    endloop
  endfacet
  facet normal 0 0 -1
    outer loop
      vertex 54.7778 83.1641 1.5
      vertex 56.7779 86.1573 1.5
      vertex 54.9899 82.99 1.5
    endloop
  endfacet
  facet normal -0 0 -1
    outer loop
      vertex 56.7779 86.1573 1.5
      vertex 54.7778 83.1641 1.5
      vertex 55.9134 86.6194 1.5
    endloop
  endfacet
  facet normal 0 0 -1
    outer loop
      vertex 54.5358 83.2934 1.5
      vertex 55.9134 86.6194 1.5
      vertex 54.7778 83.1641 1.5
    endloop
  endfacet
  facet normal -0 0 -1
    outer loop
      vertex 55.9134 86.6194 1.5
      vertex 54.5358 83.2934 1.5
      vertex 54.9755 86.9039 1.5
    endloop
  endfacet
  facet normal 0 0 -1
    outer loop
      vertex 54.2731 83.3731 1.5
      vertex 54.9755 86.9039 1.5
      vertex 54.5358 83.2934 1.5
    endloop
  endfacet
  facet normal 0 0 -1
    outer loop
      vertex 54 83.4 1.5
      vertex 54.9755 86.9039 1.5
      vertex 54.2731 83.3731 1.5
    endloop
  endfacet
  facet normal 0 0 -1
    outer loop
      vertex 54 83.4 1.5
      vertex 54 87 1.5
      vertex 54.9755 86.9039 1.5
    endloop
  endfacet
  facet normal 0 0 -1
    outer loop
      vertex 53.7269 83.3731 1.5
      vertex 54 87 1.5
      vertex 54 83.4 1.5
    endloop
  endfacet
  facet normal 0 0 -1
    outer loop
      vertex 53.0245 86.9039 1.5
      vertex 53.7269 83.3731 1.5
      vertex 53.4642 83.2934 1.5
    endloop
  endfacet
  facet normal 0 0 -1
    outer loop
      vertex 52.0866 86.6194 1.5
      vertex 53.4642 83.2934 1.5
      vertex 53.2222 83.1641 1.5
    endloop
  endfacet
  facet normal 0 0 -1
    outer loop
      vertex 53.7269 83.3731 1.5
      vertex 53.0245 86.9039 1.5
      vertex 54 87 1.5
    endloop
  endfacet
  facet normal 0 0 -1
    outer loop
      vertex 51.2221 86.1573 1.5
      vertex 53.2222 83.1641 1.5
      vertex 53.0101 82.99 1.5
    endloop
  endfacet
  facet normal 0 0 -1
    outer loop
      vertex 50.4645 85.5355 1.5
      vertex 53.0101 82.99 1.5
      vertex 52.8359 82.7778 1.5
    endloop
  endfacet
  facet normal 0 0 -1
    outer loop
      vertex 49.8427 84.7778 1.5
      vertex 52.8359 82.7778 1.5
      vertex 52.7066 82.5358 1.5
    endloop
  endfacet
  facet normal 0 0 -1
    outer loop
      vertex 49.3806 83.9134 1.5
      vertex 52.7066 82.5358 1.5
      vertex 52.6269 82.2731 1.5
    endloop
  endfacet
  facet normal 0 0 -1
    outer loop
      vertex 49.0961 82.9754 1.5
      vertex 52.6269 82.2731 1.5
      vertex 52.6 82 1.5
    endloop
  endfacet
  facet normal -0 0 -1
    outer loop
      vertex 52.8359 81.2222 1.5
      vertex 49.8427 79.2222 1.5
      vertex 52.7066 81.4642 1.5
    endloop
  endfacet
  facet normal 0 0 -1
    outer loop
      vertex 53.4642 83.2934 1.5
      vertex 52.0866 86.6194 1.5
      vertex 53.0245 86.9039 1.5
    endloop
  endfacet
  facet normal 0 0 -1
    outer loop
      vertex 49.3806 80.0866 1.5
      vertex 52.7066 81.4642 1.5
      vertex 49.8427 79.2222 1.5
    endloop
  endfacet
  facet normal 0 0 -1
    outer loop
      vertex 53.2222 83.1641 1.5
      vertex 51.2221 86.1573 1.5
      vertex 52.0866 86.6194 1.5
    endloop
  endfacet
  facet normal -0 0 -1
    outer loop
      vertex 52.7066 81.4642 1.5
      vertex 49.3806 80.0866 1.5
      vertex 52.6269 81.7269 1.5
    endloop
  endfacet
  facet normal 0 0 -1
    outer loop
      vertex 53.0101 82.99 1.5
      vertex 50.4645 85.5355 1.5
      vertex 51.2221 86.1573 1.5
    endloop
  endfacet
  facet normal 0 0 -1
    outer loop
      vertex 49.0961 81.0246 1.5
      vertex 52.6269 81.7269 1.5
      vertex 49.3806 80.0866 1.5
    endloop
  endfacet
  facet normal 0 0 -1
    outer loop
      vertex 52.8359 82.7778 1.5
      vertex 49.8427 84.7778 1.5
      vertex 50.4645 85.5355 1.5
    endloop
  endfacet
  facet normal -0 0 -1
    outer loop
      vertex 52.6269 81.7269 1.5
      vertex 49.0961 81.0246 1.5
      vertex 52.6 82 1.5
    endloop
  endfacet
  facet normal 0 0 -1
    outer loop
      vertex 52.7066 82.5358 1.5
      vertex 49.3806 83.9134 1.5
      vertex 49.8427 84.7778 1.5
    endloop
  endfacet
  facet normal 0 0 -1
    outer loop
      vertex 49 82 1.5
      vertex 52.6 82 1.5
      vertex 49.0961 81.0246 1.5
    endloop
  endfacet
  facet normal 0 0 -1
    outer loop
      vertex 52.6269 82.2731 1.5
      vertex 49.0961 82.9754 1.5
      vertex 49.3806 83.9134 1.5
    endloop
  endfacet
  facet normal 0 0 -1
    outer loop
      vertex 52.6 82 1.5
      vertex 49 82 1.5
      vertex 49.0961 82.9754 1.5
    endloop
  endfacet
  facet normal -0.634317 0.773073 0
    outer loop
      vertex 52.0555 84.9101 3
      vertex 51.5251 84.4749 16.9
      vertex 52.0555 84.9101 16.9
    endloop
  endfacet
  facet normal -0.634317 0.773073 0
    outer loop
      vertex 51.5251 84.4749 16.9
      vertex 52.0555 84.9101 3
      vertex 51.5251 84.4749 3
    endloop
  endfacet
  facet normal 0.471473 -0.88188 0
    outer loop
      vertex 55.3394 78.7664 3
      vertex 55.9445 79.0899 16.9
      vertex 55.3394 78.7664 16.9
    endloop
  endfacet
  facet normal 0.471473 -0.88188 0
    outer loop
      vertex 55.9445 79.0899 16.9
      vertex 55.3394 78.7664 3
      vertex 55.9445 79.0899 3
    endloop
  endfacet
  facet normal -0.995178 -0.0980894 0
    outer loop
      vertex 50.5673 81.3172 3
      vertex 50.5 82 16.9
      vertex 50.5 82 3
    endloop
  endfacet
  facet normal -0.995178 -0.0980894 0
    outer loop
      vertex 50.5 82 16.9
      vertex 50.5673 81.3172 3
      vertex 50.5673 81.3172 16.9
    endloop
  endfacet
  facet normal 0.88188 0.471473 0
    outer loop
      vertex 57.2336 83.3394 16.9
      vertex 56.9101 83.9445 3
      vertex 56.9101 83.9445 16.9
    endloop
  endfacet
  facet normal 0.88188 0.471473 0
    outer loop
      vertex 56.9101 83.9445 3
      vertex 57.2336 83.3394 16.9
      vertex 57.2336 83.3394 3
    endloop
  endfacet
  facet normal 0.471473 0.88188 -0
    outer loop
      vertex 55.9445 84.9101 3
      vertex 55.3394 85.2336 16.9
      vertex 55.9445 84.9101 16.9
    endloop
  endfacet
  facet normal 0.471473 0.88188 0
    outer loop
      vertex 55.3394 85.2336 16.9
      vertex 55.9445 84.9101 3
      vertex 55.3394 85.2336 3
    endloop
  endfacet
  facet normal 0 0 1
    outer loop
      vertex 55.4 82 16.9
      vertex 57.5 82 16.9
      vertex 57.4327 82.6828 16.9
    endloop
  endfacet
  facet normal 0 0 1
    outer loop
      vertex 55.3731 82.2731 16.9
      vertex 57.4327 82.6828 16.9
      vertex 57.2336 83.3394 16.9
    endloop
  endfacet
  facet normal 0 0 1
    outer loop
      vertex 57.5 82 16.9
      vertex 55.4 82 16.9
      vertex 57.4327 81.3172 16.9
    endloop
  endfacet
  facet normal 0 0 1
    outer loop
      vertex 55.2934 82.5358 16.9
      vertex 57.2336 83.3394 16.9
      vertex 56.9101 83.9445 16.9
    endloop
  endfacet
  facet normal -0 0 1
    outer loop
      vertex 55.3731 81.7269 16.9
      vertex 57.4327 81.3172 16.9
      vertex 55.4 82 16.9
    endloop
  endfacet
  facet normal 0 0 1
    outer loop
      vertex 55.1641 82.7778 16.9
      vertex 56.9101 83.9445 16.9
      vertex 56.4749 84.4749 16.9
    endloop
  endfacet
  facet normal 0 0 1
    outer loop
      vertex 57.4327 81.3172 16.9
      vertex 55.3731 81.7269 16.9
      vertex 57.2336 80.6606 16.9
    endloop
  endfacet
  facet normal 0 0 1
    outer loop
      vertex 54.9899 82.99 16.9
      vertex 56.4749 84.4749 16.9
      vertex 55.9445 84.9101 16.9
    endloop
  endfacet
  facet normal -0 0 1
    outer loop
      vertex 55.2934 81.4642 16.9
      vertex 57.2336 80.6606 16.9
      vertex 55.3731 81.7269 16.9
    endloop
  endfacet
  facet normal 0 0 1
    outer loop
      vertex 57.2336 80.6606 16.9
      vertex 55.2934 81.4642 16.9
      vertex 56.9101 80.0555 16.9
    endloop
  endfacet
  facet normal 0 0 1
    outer loop
      vertex 57.4327 82.6828 16.9
      vertex 55.3731 82.2731 16.9
      vertex 55.4 82 16.9
    endloop
  endfacet
  facet normal 0 0 1
    outer loop
      vertex 54.7778 83.1641 16.9
      vertex 55.9445 84.9101 16.9
      vertex 55.3394 85.2336 16.9
    endloop
  endfacet
  facet normal 0 0 1
    outer loop
      vertex 57.2336 83.3394 16.9
      vertex 55.2934 82.5358 16.9
      vertex 55.3731 82.2731 16.9
    endloop
  endfacet
  facet normal 0 0 1
    outer loop
      vertex 56.9101 83.9445 16.9
      vertex 55.1641 82.7778 16.9
      vertex 55.2934 82.5358 16.9
    endloop
  endfacet
  facet normal 0 0 1
    outer loop
      vertex 56.4749 84.4749 16.9
      vertex 54.9899 82.99 16.9
      vertex 55.1641 82.7778 16.9
    endloop
  endfacet
  facet normal 0 0 1
    outer loop
      vertex 55.9445 84.9101 16.9
      vertex 54.7778 83.1641 16.9
      vertex 54.9899 82.99 16.9
    endloop
  endfacet
  facet normal 0 0 1
    outer loop
      vertex 54.5358 83.2934 16.9
      vertex 55.3394 85.2336 16.9
      vertex 54.6828 85.4327 16.9
    endloop
  endfacet
  facet normal 0 0 1
    outer loop
      vertex 55.3394 85.2336 16.9
      vertex 54.5358 83.2934 16.9
      vertex 54.7778 83.1641 16.9
    endloop
  endfacet
  facet normal 0 0 1
    outer loop
      vertex 54.6828 85.4327 16.9
      vertex 54.2731 83.3731 16.9
      vertex 54.5358 83.2934 16.9
    endloop
  endfacet
  facet normal 0 0 1
    outer loop
      vertex 54 85.5 16.9
      vertex 54.2731 83.3731 16.9
      vertex 54.6828 85.4327 16.9
    endloop
  endfacet
  facet normal 0 0 1
    outer loop
      vertex 54 85.5 16.9
      vertex 54 83.4 16.9
      vertex 54.2731 83.3731 16.9
    endloop
  endfacet
  facet normal 0 0 1
    outer loop
      vertex 54 85.5 16.9
      vertex 53.7269 83.3731 16.9
      vertex 54 83.4 16.9
    endloop
  endfacet
  facet normal -0 0 1
    outer loop
      vertex 53.3172 85.4327 16.9
      vertex 53.7269 83.3731 16.9
      vertex 54 85.5 16.9
    endloop
  endfacet
  facet normal 0 0 1
    outer loop
      vertex 53.7269 83.3731 16.9
      vertex 53.3172 85.4327 16.9
      vertex 53.4642 83.2934 16.9
    endloop
  endfacet
  facet normal -0 0 1
    outer loop
      vertex 52.6606 85.2336 16.9
      vertex 53.4642 83.2934 16.9
      vertex 53.3172 85.4327 16.9
    endloop
  endfacet
  facet normal 0 0 1
    outer loop
      vertex 53.4642 83.2934 16.9
      vertex 52.6606 85.2336 16.9
      vertex 53.2222 83.1641 16.9
    endloop
  endfacet
  facet normal -0 0 1
    outer loop
      vertex 52.0555 84.9101 16.9
      vertex 53.2222 83.1641 16.9
      vertex 52.6606 85.2336 16.9
    endloop
  endfacet
  facet normal 0 0 1
    outer loop
      vertex 53.2222 83.1641 16.9
      vertex 52.0555 84.9101 16.9
      vertex 53.0101 82.99 16.9
    endloop
  endfacet
  facet normal -0 0 1
    outer loop
      vertex 51.5251 84.4749 16.9
      vertex 53.0101 82.99 16.9
      vertex 52.0555 84.9101 16.9
    endloop
  endfacet
  facet normal 0 0 1
    outer loop
      vertex 53.0101 82.99 16.9
      vertex 51.5251 84.4749 16.9
      vertex 52.8359 82.7778 16.9
    endloop
  endfacet
  facet normal -0 0 1
    outer loop
      vertex 51.0899 83.9445 16.9
      vertex 52.8359 82.7778 16.9
      vertex 51.5251 84.4749 16.9
    endloop
  endfacet
  facet normal 0 0 1
    outer loop
      vertex 52.8359 82.7778 16.9
      vertex 51.0899 83.9445 16.9
      vertex 52.7066 82.5358 16.9
    endloop
  endfacet
  facet normal -0 0 1
    outer loop
      vertex 55.1641 81.2222 16.9
      vertex 56.9101 80.0555 16.9
      vertex 55.2934 81.4642 16.9
    endloop
  endfacet
  facet normal 0 0 1
    outer loop
      vertex 56.9101 80.0555 16.9
      vertex 55.1641 81.2222 16.9
      vertex 56.4749 79.5251 16.9
    endloop
  endfacet
  facet normal -0 0 1
    outer loop
      vertex 54.9899 81.01 16.9
      vertex 56.4749 79.5251 16.9
      vertex 55.1641 81.2222 16.9
    endloop
  endfacet
  facet normal 0 0 1
    outer loop
      vertex 56.4749 79.5251 16.9
      vertex 54.9899 81.01 16.9
      vertex 55.9445 79.0899 16.9
    endloop
  endfacet
  facet normal -0 0 1
    outer loop
      vertex 54.7778 80.8359 16.9
      vertex 55.9445 79.0899 16.9
      vertex 54.9899 81.01 16.9
    endloop
  endfacet
  facet normal 0 0 1
    outer loop
      vertex 55.9445 79.0899 16.9
      vertex 54.7778 80.8359 16.9
      vertex 55.3394 78.7664 16.9
    endloop
  endfacet
  facet normal -0 0 1
    outer loop
      vertex 54.5358 80.7066 16.9
      vertex 55.3394 78.7664 16.9
      vertex 54.7778 80.8359 16.9
    endloop
  endfacet
  facet normal 0 0 1
    outer loop
      vertex 55.3394 78.7664 16.9
      vertex 54.5358 80.7066 16.9
      vertex 54.6828 78.5673 16.9
    endloop
  endfacet
  facet normal -0 0 1
    outer loop
      vertex 54.2731 80.6269 16.9
      vertex 54.6828 78.5673 16.9
      vertex 54.5358 80.7066 16.9
    endloop
  endfacet
  facet normal -0 0 1
    outer loop
      vertex 54 80.6 16.9
      vertex 54.6828 78.5673 16.9
      vertex 54.2731 80.6269 16.9
    endloop
  endfacet
  facet normal 0 0 1
    outer loop
      vertex 54 80.6 16.9
      vertex 54 78.5 16.9
      vertex 54.6828 78.5673 16.9
    endloop
  endfacet
  facet normal 0 0 1
    outer loop
      vertex 53.7269 80.6269 16.9
      vertex 54 78.5 16.9
      vertex 54 80.6 16.9
    endloop
  endfacet
  facet normal 0 0 1
    outer loop
      vertex 53.3172 78.5673 16.9
      vertex 53.7269 80.6269 16.9
      vertex 53.4642 80.7066 16.9
    endloop
  endfacet
  facet normal 0 0 1
    outer loop
      vertex 53.7269 80.6269 16.9
      vertex 53.3172 78.5673 16.9
      vertex 54 78.5 16.9
    endloop
  endfacet
  facet normal 0 0 1
    outer loop
      vertex 52.6606 78.7664 16.9
      vertex 53.4642 80.7066 16.9
      vertex 53.2222 80.8359 16.9
    endloop
  endfacet
  facet normal 0 0 1
    outer loop
      vertex 52.0555 79.0899 16.9
      vertex 53.2222 80.8359 16.9
      vertex 53.0101 81.01 16.9
    endloop
  endfacet
  facet normal 0 0 1
    outer loop
      vertex 51.5251 79.5251 16.9
      vertex 53.0101 81.01 16.9
      vertex 52.8359 81.2222 16.9
    endloop
  endfacet
  facet normal 0 0 1
    outer loop
      vertex 51.0899 80.0555 16.9
      vertex 52.8359 81.2222 16.9
      vertex 52.7066 81.4642 16.9
    endloop
  endfacet
  facet normal 0 0 1
    outer loop
      vertex 53.4642 80.7066 16.9
      vertex 52.6606 78.7664 16.9
      vertex 53.3172 78.5673 16.9
    endloop
  endfacet
  facet normal 0 0 1
    outer loop
      vertex 50.7664 80.6606 16.9
      vertex 52.7066 81.4642 16.9
      vertex 52.6269 81.7269 16.9
    endloop
  endfacet
  facet normal 0 0 1
    outer loop
      vertex 50.5673 81.3172 16.9
      vertex 52.6269 81.7269 16.9
      vertex 52.6 82 16.9
    endloop
  endfacet
  facet normal -0 0 1
    outer loop
      vertex 50.7664 83.3394 16.9
      vertex 52.7066 82.5358 16.9
      vertex 51.0899 83.9445 16.9
    endloop
  endfacet
  facet normal 0 0 1
    outer loop
      vertex 53.2222 80.8359 16.9
      vertex 52.0555 79.0899 16.9
      vertex 52.6606 78.7664 16.9
    endloop
  endfacet
  facet normal 0 0 1
    outer loop
      vertex 52.7066 82.5358 16.9
      vertex 50.7664 83.3394 16.9
      vertex 52.6269 82.2731 16.9
    endloop
  endfacet
  facet normal 0 0 1
    outer loop
      vertex 53.0101 81.01 16.9
      vertex 51.5251 79.5251 16.9
      vertex 52.0555 79.0899 16.9
    endloop
  endfacet
  facet normal -0 0 1
    outer loop
      vertex 50.5673 82.6828 16.9
      vertex 52.6269 82.2731 16.9
      vertex 50.7664 83.3394 16.9
    endloop
  endfacet
  facet normal 0 0 1
    outer loop
      vertex 52.8359 81.2222 16.9
      vertex 51.0899 80.0555 16.9
      vertex 51.5251 79.5251 16.9
    endloop
  endfacet
  facet normal 0 0 1
    outer loop
      vertex 52.6269 82.2731 16.9
      vertex 50.5673 82.6828 16.9
      vertex 52.6 82 16.9
    endloop
  endfacet
  facet normal 0 0 1
    outer loop
      vertex 52.7066 81.4642 16.9
      vertex 50.7664 80.6606 16.9
      vertex 51.0899 80.0555 16.9
    endloop
  endfacet
  facet normal 0 0 1
    outer loop
      vertex 50.5 82 16.9
      vertex 52.6 82 16.9
      vertex 50.5673 82.6828 16.9
    endloop
  endfacet
  facet normal 0 0 1
    outer loop
      vertex 52.6269 81.7269 16.9
      vertex 50.5673 81.3172 16.9
      vertex 50.7664 80.6606 16.9
    endloop
  endfacet
  facet normal 0 0 1
    outer loop
      vertex 52.6 82 16.9
      vertex 50.5 82 16.9
      vertex 50.5673 81.3172 16.9
    endloop
  endfacet
  facet normal -0.634317 -0.773073 0
    outer loop
      vertex 51.5251 79.5251 3
      vertex 52.0555 79.0899 16.9
      vertex 51.5251 79.5251 16.9
    endloop
  endfacet
  facet normal -0.634317 -0.773073 -0
    outer loop
      vertex 52.0555 79.0899 16.9
      vertex 51.5251 79.5251 3
      vertex 52.0555 79.0899 3
    endloop
  endfacet
  facet normal -0.471473 -0.88188 0
    outer loop
      vertex 52.0555 79.0899 3
      vertex 52.6606 78.7664 16.9
      vertex 52.0555 79.0899 16.9
    endloop
  endfacet
  facet normal -0.471473 -0.88188 -0
    outer loop
      vertex 52.6606 78.7664 16.9
      vertex 52.0555 79.0899 3
      vertex 52.6606 78.7664 3
    endloop
  endfacet
  facet normal -0.471473 0.88188 0
    outer loop
      vertex 52.6606 85.2336 3
      vertex 52.0555 84.9101 16.9
      vertex 52.6606 85.2336 16.9
    endloop
  endfacet
  facet normal -0.471473 0.88188 0
    outer loop
      vertex 52.0555 84.9101 16.9
      vertex 52.6606 85.2336 3
      vertex 52.0555 84.9101 3
    endloop
  endfacet
  facet normal -0.956972 -0.290181 0
    outer loop
      vertex 50.7664 80.6606 3
      vertex 50.5673 81.3172 16.9
      vertex 50.5673 81.3172 3
    endloop
  endfacet
  facet normal -0.956972 -0.290181 0
    outer loop
      vertex 50.5673 81.3172 16.9
      vertex 50.7664 80.6606 3
      vertex 50.7664 80.6606 16.9
    endloop
  endfacet
  facet normal 0.956972 0.290181 0
    outer loop
      vertex 57.4327 82.6828 16.9
      vertex 57.2336 83.3394 3
      vertex 57.2336 83.3394 16.9
    endloop
  endfacet
  facet normal 0.956972 0.290181 0
    outer loop
      vertex 57.2336 83.3394 3
      vertex 57.4327 82.6828 16.9
      vertex 57.4327 82.6828 3
    endloop
  endfacet
  facet normal -0.0980894 -0.995178 0
    outer loop
      vertex 53.3172 78.5673 3
      vertex 54 78.5 16.9
      vertex 53.3172 78.5673 16.9
    endloop
  endfacet
  facet normal -0.0980894 -0.995178 -0
    outer loop
      vertex 54 78.5 16.9
      vertex 53.3172 78.5673 3
      vertex 54 78.5 3
    endloop
  endfacet
  facet normal -0.773073 -0.634317 0
    outer loop
      vertex 51.5251 79.5251 3
      vertex 51.0899 80.0555 16.9
      vertex 51.0899 80.0555 3
    endloop
  endfacet
  facet normal -0.773073 -0.634317 0
    outer loop
      vertex 51.0899 80.0555 16.9
      vertex 51.5251 79.5251 3
      vertex 51.5251 79.5251 16.9
    endloop
  endfacet
  facet normal 0.995178 0.0980894 0
    outer loop
      vertex 57.5 82 16.9
      vertex 57.4327 82.6828 3
      vertex 57.4327 82.6828 16.9
    endloop
  endfacet
  facet normal 0.995178 0.0980894 0
    outer loop
      vertex 57.4327 82.6828 3
      vertex 57.5 82 16.9
      vertex 57.5 82 3
    endloop
  endfacet
  facet normal -0.773073 0.634317 0
    outer loop
      vertex 51.0899 83.9445 3
      vertex 51.5251 84.4749 16.9
      vertex 51.5251 84.4749 3
    endloop
  endfacet
  facet normal -0.773073 0.634317 0
    outer loop
      vertex 51.5251 84.4749 16.9
      vertex 51.0899 83.9445 3
      vertex 51.0899 83.9445 16.9
    endloop
  endfacet
  facet normal 0.634317 0.773073 -0
    outer loop
      vertex 56.4749 84.4749 3
      vertex 55.9445 84.9101 16.9
      vertex 56.4749 84.4749 16.9
    endloop
  endfacet
  facet normal 0.634317 0.773073 0
    outer loop
      vertex 55.9445 84.9101 16.9
      vertex 56.4749 84.4749 3
      vertex 55.9445 84.9101 3
    endloop
  endfacet
  facet normal -0.995178 0.0980894 0
    outer loop
      vertex 50.5 82 3
      vertex 50.5673 82.6828 16.9
      vertex 50.5673 82.6828 3
    endloop
  endfacet
  facet normal -0.995178 0.0980894 0
    outer loop
      vertex 50.5673 82.6828 16.9
      vertex 50.5 82 3
      vertex 50.5 82 16.9
    endloop
  endfacet
  facet normal -0.0980894 0.995178 0
    outer loop
      vertex 54 85.5 3
      vertex 53.3172 85.4327 16.9
      vertex 54 85.5 16.9
    endloop
  endfacet
  facet normal -0.0980894 0.995178 0
    outer loop
      vertex 53.3172 85.4327 16.9
      vertex 54 85.5 3
      vertex 53.3172 85.4327 3
    endloop
  endfacet
  facet normal -0.290181 0.956972 0
    outer loop
      vertex 53.3172 85.4327 3
      vertex 52.6606 85.2336 16.9
      vertex 53.3172 85.4327 16.9
    endloop
  endfacet
  facet normal -0.290181 0.956972 0
    outer loop
      vertex 52.6606 85.2336 16.9
      vertex 53.3172 85.4327 3
      vertex 52.6606 85.2336 3
    endloop
  endfacet
  facet normal 0.990446 0.0975482 0.0974775
    outer loop
      vertex 57.461 82.6884 2.70737
      vertex 57.5 82 3
      vertex 57.5288 82 2.70737
    endloop
  endfacet
  facet normal 0.990421 0.0976206 0.097651
    outer loop
      vertex 57.4327 82.6828 3
      vertex 57.5 82 3
      vertex 57.461 82.6884 2.70737
    endloop
  endfacet
  facet normal 0.952673 0.0939027 0.28913
    outer loop
      vertex 57.5288 82 2.70737
      vertex 57.6142 82 2.42598
      vertex 57.5447 82.7051 2.42598
    endloop
  endfacet
  facet normal 0.952731 0.0938338 0.288961
    outer loop
      vertex 57.461 82.6884 2.70737
      vertex 57.5288 82 2.70737
      vertex 57.5447 82.7051 2.42598
    endloop
  endfacet
  facet normal 0.878627 0.0865305 0.469604
    outer loop
      vertex 57.6142 82 2.42598
      vertex 57.7528 82 2.16666
      vertex 57.6807 82.7321 2.16666
    endloop
  endfacet
  facet normal 0.878535 0.0865951 0.469763
    outer loop
      vertex 57.5447 82.7051 2.42598
      vertex 57.6142 82 2.42598
      vertex 57.6807 82.7321 2.16666
    endloop
  endfacet
  facet normal 0.770865 0.0758327 0.632468
    outer loop
      vertex 57.7528 82 2.16666
      vertex 57.9393 82 1.93935
      vertex 57.8637 82.7685 1.93935
    endloop
  endfacet
  facet normal 0.77072 0.0759035 0.632637
    outer loop
      vertex 57.6807 82.7321 2.16666
      vertex 57.7528 82 2.16666
      vertex 57.8637 82.7685 1.93935
    endloop
  endfacet
  facet normal 0.632991 0.0623725 0.771642
    outer loop
      vertex 57.9393 82 1.93935
      vertex 58.1667 82 1.75281
      vertex 58.0866 82.8129 1.75281
    endloop
  endfacet
  facet normal 0.633214 0.0622915 0.771466
    outer loop
      vertex 57.8637 82.7685 1.93935
      vertex 57.9393 82 1.93935
      vertex 58.0866 82.8129 1.75281
    endloop
  endfacet
  facet normal 0.470971 0.0464154 0.880927
    outer loop
      vertex 58.1667 82 1.75281
      vertex 58.426 82 1.61418
      vertex 58.3409 82.8635 1.61418
    endloop
  endfacet
  facet normal 0.470991 0.0464096 0.880916
    outer loop
      vertex 58.0866 82.8129 1.75281
      vertex 58.1667 82 1.75281
      vertex 58.3409 82.8635 1.61418
    endloop
  endfacet
  facet normal 0.290161 0.0285927 0.956551
    outer loop
      vertex 58.426 82 1.61418
      vertex 58.7074 82 1.52882
      vertex 58.6169 82.9184 1.52882
    endloop
  endfacet
  facet normal 0.290151 0.028595 0.956554
    outer loop
      vertex 58.3409 82.8635 1.61418
      vertex 58.426 82 1.61418
      vertex 58.6169 82.9184 1.52882
    endloop
  endfacet
  facet normal 0.0980173 0.00965703 0.995138
    outer loop
      vertex 58.7074 82 1.52882
      vertex 59 82 1.5
      vertex 58.9039 82.9754 1.5
    endloop
  endfacet
  facet normal 0.0980118 0.00965817 0.995138
    outer loop
      vertex 58.6169 82.9184 1.52882
      vertex 58.7074 82 1.52882
      vertex 58.9039 82.9754 1.5
    endloop
  endfacet
  facet normal 0.952375 0.288877 0.0976316
    outer loop
      vertex 57.2602 83.3504 2.70737
      vertex 57.4327 82.6828 3
      vertex 57.461 82.6884 2.70737
    endloop
  endfacet
  facet normal 0.952419 0.288801 0.0974307
    outer loop
      vertex 57.2336 83.3394 3
      vertex 57.4327 82.6828 3
      vertex 57.2602 83.3504 2.70737
    endloop
  endfacet
  facet normal 0.916135 0.277813 0.288994
    outer loop
      vertex 57.3391 83.3831 2.42598
      vertex 57.461 82.6884 2.70737
      vertex 57.5447 82.7051 2.42598
    endloop
  endfacet
  facet normal 0.916069 0.277865 0.28915
    outer loop
      vertex 57.2602 83.3504 2.70737
      vertex 57.461 82.6884 2.70737
      vertex 57.3391 83.3831 2.42598
    endloop
  endfacet
  facet normal 0.844781 0.256314 0.469731
    outer loop
      vertex 57.4671 83.4361 2.16666
      vertex 57.5447 82.7051 2.42598
      vertex 57.6807 82.7321 2.16666
    endloop
  endfacet
  facet normal 0.844967 0.256232 0.469443
    outer loop
      vertex 57.3391 83.3831 2.42598
      vertex 57.5447 82.7051 2.42598
      vertex 57.4671 83.4361 2.16666
    endloop
  endfacet
  facet normal 0.741095 0.224836 0.632635
    outer loop
      vertex 57.6395 83.5075 1.93935
      vertex 57.6807 82.7321 2.16666
      vertex 57.8637 82.7685 1.93935
    endloop
  endfacet
  facet normal 0.741061 0.224845 0.632672
    outer loop
      vertex 57.4671 83.4361 2.16666
      vertex 57.6807 82.7321 2.16666
      vertex 57.6395 83.5075 1.93935
    endloop
  endfacet
  facet normal 0.608849 0.184696 0.771486
    outer loop
      vertex 57.8495 83.5945 1.75281
      vertex 57.8637 82.7685 1.93935
      vertex 58.0866 82.8129 1.75281
    endloop
  endfacet
  facet normal 0.608808 0.184702 0.771517
    outer loop
      vertex 57.6395 83.5075 1.93935
      vertex 57.8637 82.7685 1.93935
      vertex 57.8495 83.5945 1.75281
    endloop
  endfacet
  facet normal 0.452895 0.137363 0.880919
    outer loop
      vertex 58.0866 82.8129 1.75281
      vertex 58.3409 82.8635 1.61418
      vertex 58.0891 83.6937 1.61418
    endloop
  endfacet
  facet normal 0.452834 0.137368 0.880949
    outer loop
      vertex 57.8495 83.5945 1.75281
      vertex 58.0866 82.8129 1.75281
      vertex 58.0891 83.6937 1.61418
    endloop
  endfacet
  facet normal 0.279001 0.0846481 0.956553
    outer loop
      vertex 58.3409 82.8635 1.61418
      vertex 58.6169 82.9184 1.52882
      vertex 58.349 83.8014 1.52882
    endloop
  endfacet
  facet normal 0.279081 0.0846453 0.95653
    outer loop
      vertex 58.0891 83.6937 1.61418
      vertex 58.3409 82.8635 1.61418
      vertex 58.349 83.8014 1.52882
    endloop
  endfacet
  facet normal 0.0942523 0.0285872 0.995138
    outer loop
      vertex 58.6169 82.9184 1.52882
      vertex 58.9039 82.9754 1.5
      vertex 58.6194 83.9134 1.5
    endloop
  endfacet
  facet normal 0.094224 0.0285873 0.99514
    outer loop
      vertex 58.349 83.8014 1.52882
      vertex 58.6169 82.9184 1.52882
      vertex 58.6194 83.9134 1.5
    endloop
  endfacet
  facet normal 0.877729 0.469149 0.0974208
    outer loop
      vertex 56.9341 83.9605 2.70737
      vertex 57.2336 83.3394 3
      vertex 57.2602 83.3504 2.70737
    endloop
  endfacet
  facet normal 0.877667 0.46922 0.0976371
    outer loop
      vertex 56.9101 83.9445 3
      vertex 57.2336 83.3394 3
      vertex 56.9341 83.9605 2.70737
    endloop
  endfacet
  facet normal 0.844225 0.451298 0.28916
    outer loop
      vertex 57.0051 84.0079 2.42598
      vertex 57.2602 83.3504 2.70737
      vertex 57.3391 83.3831 2.42598
    endloop
  endfacet
  facet normal 0.84428 0.45127 0.289044
    outer loop
      vertex 56.9341 83.9605 2.70737
      vertex 57.2602 83.3504 2.70737
      vertex 57.0051 84.0079 2.42598
    endloop
  endfacet
  facet normal 0.778702 0.416236 0.469437
    outer loop
      vertex 57.1203 84.0849 2.16666
      vertex 57.3391 83.3831 2.42598
      vertex 57.4671 83.4361 2.16666
    endloop
  endfacet
  facet normal 0.778655 0.416247 0.469505
    outer loop
      vertex 57.0051 84.0079 2.42598
      vertex 57.3391 83.3831 2.42598
      vertex 57.1203 84.0849 2.16666
    endloop
  endfacet
  facet normal 0.682964 0.365097 0.632664
    outer loop
      vertex 57.2754 84.1886 1.93935
      vertex 57.4671 83.4361 2.16666
      vertex 57.6395 83.5075 1.93935
    endloop
  endfacet
  facet normal 0.683023 0.365093 0.632603
    outer loop
      vertex 57.1203 84.0849 2.16666
      vertex 57.4671 83.4361 2.16666
      vertex 57.2754 84.1886 1.93935
    endloop
  endfacet
  facet normal 0.561072 0.299929 0.771518
    outer loop
      vertex 57.4644 84.3149 1.75281
      vertex 57.6395 83.5075 1.93935
      vertex 57.8495 83.5945 1.75281
    endloop
  endfacet
  facet normal 0.561058 0.299928 0.771529
    outer loop
      vertex 57.2754 84.1886 1.93935
      vertex 57.6395 83.5075 1.93935
      vertex 57.4644 84.3149 1.75281
    endloop
  endfacet
  facet normal 0.417347 0.223072 0.880943
    outer loop
      vertex 57.6801 84.4589 1.61418
      vertex 57.8495 83.5945 1.75281
      vertex 58.0891 83.6937 1.61418
    endloop
  endfacet
  facet normal 0.417284 0.223065 0.880975
    outer loop
      vertex 57.4644 84.3149 1.75281
      vertex 57.8495 83.5945 1.75281
      vertex 57.6801 84.4589 1.61418
    endloop
  endfacet
  facet normal 0.257195 0.137462 0.956533
    outer loop
      vertex 57.914 84.6153 1.52882
      vertex 58.0891 83.6937 1.61418
      vertex 58.349 83.8014 1.52882
    endloop
  endfacet
  facet normal 0.25717 0.137457 0.95654
    outer loop
      vertex 57.6801 84.4589 1.61418
      vertex 58.0891 83.6937 1.61418
      vertex 57.914 84.6153 1.52882
    endloop
  endfacet
  facet normal 0.0868368 0.0464221 0.99514
    outer loop
      vertex 58.1573 84.7778 1.5
      vertex 58.349 83.8014 1.52882
      vertex 58.6194 83.9134 1.5
    endloop
  endfacet
  facet normal 0.0868691 0.0464284 0.995137
    outer loop
      vertex 57.914 84.6153 1.52882
      vertex 58.349 83.8014 1.52882
      vertex 58.1573 84.7778 1.5
    endloop
  endfacet
  facet normal 0.769388 0.631278 0.0976174
    outer loop
      vertex 56.4953 84.4953 2.70737
      vertex 56.9101 83.9445 3
      vertex 56.9341 83.9605 2.70737
    endloop
  endfacet
  facet normal 0.769379 0.631285 0.097644
    outer loop
      vertex 56.4749 84.4749 3
      vertex 56.9101 83.9445 3
      vertex 56.4953 84.4953 2.70737
    endloop
  endfacet
  facet normal 0.740011 0.60733 0.289023
    outer loop
      vertex 56.5556 84.5556 2.42598
      vertex 56.9341 83.9605 2.70737
      vertex 57.0051 84.0079 2.42598
    endloop
  endfacet
  facet normal 0.740151 0.60729 0.288748
    outer loop
      vertex 56.4953 84.4953 2.70737
      vertex 56.9341 83.9605 2.70737
      vertex 56.5556 84.5556 2.42598
    endloop
  endfacet
  facet normal 0.682522 0.560107 0.469515
    outer loop
      vertex 56.6536 84.6536 2.16666
      vertex 57.0051 84.0079 2.42598
      vertex 57.1203 84.0849 2.16666
    endloop
  endfacet
  facet normal 0.682472 0.560108 0.469585
    outer loop
      vertex 56.5556 84.5556 2.42598
      vertex 57.0051 84.0079 2.42598
      vertex 56.6536 84.6536 2.16666
    endloop
  endfacet
  facet normal 0.598647 0.491334 0.632623
    outer loop
      vertex 56.7855 84.7855 1.93935
      vertex 57.1203 84.0849 2.16666
      vertex 57.2754 84.1886 1.93935
    endloop
  endfacet
  facet normal 0.598732 0.491346 0.632534
    outer loop
      vertex 56.6536 84.6536 2.16666
      vertex 57.1203 84.0849 2.16666
      vertex 56.7855 84.7855 1.93935
    endloop
  endfacet
  facet normal 0.491811 0.403559 0.771533
    outer loop
      vertex 56.9463 84.9463 1.75281
      vertex 57.2754 84.1886 1.93935
      vertex 57.4644 84.3149 1.75281
    endloop
  endfacet
  facet normal 0.491654 0.40352 0.771652
    outer loop
      vertex 56.7855 84.7855 1.93935
      vertex 57.2754 84.1886 1.93935
      vertex 56.9463 84.9463 1.75281
    endloop
  endfacet
  facet normal 0.365767 0.300216 0.880957
    outer loop
      vertex 57.1296 85.1296 1.61418
      vertex 57.4644 84.3149 1.75281
      vertex 57.6801 84.4589 1.61418
    endloop
  endfacet
  facet normal 0.365933 0.300269 0.88087
    outer loop
      vertex 56.9463 84.9463 1.75281
      vertex 57.4644 84.3149 1.75281
      vertex 57.1296 85.1296 1.61418
    endloop
  endfacet
  facet normal 0.225395 0.18498 0.956546
    outer loop
      vertex 57.3286 85.3286 1.52882
      vertex 57.6801 84.4589 1.61418
      vertex 57.914 84.6153 1.52882
    endloop
  endfacet
  facet normal 0.225349 0.184963 0.95656
    outer loop
      vertex 57.1296 85.1296 1.61418
      vertex 57.6801 84.4589 1.61418
      vertex 57.3286 85.3286 1.52882
    endloop
  endfacet
  facet normal 0.0761437 0.0624867 0.995137
    outer loop
      vertex 57.5355 85.5355 1.5
      vertex 57.914 84.6153 1.52882
      vertex 58.1573 84.7778 1.5
    endloop
  endfacet
  facet normal 0.0761343 0.0624828 0.995138
    outer loop
      vertex 57.3286 85.3286 1.52882
      vertex 57.914 84.6153 1.52882
      vertex 57.5355 85.5355 1.5
    endloop
  endfacet
  facet normal 0.631277 0.769386 0.0976439
    outer loop
      vertex 55.9605 84.9341 2.70737
      vertex 56.4749 84.4749 3
      vertex 56.4953 84.4953 2.70737
    endloop
  endfacet
  facet normal 0.631287 0.769381 0.0976173
    outer loop
      vertex 55.9445 84.9101 3
      vertex 56.4749 84.4749 3
      vertex 55.9605 84.9341 2.70737
    endloop
  endfacet
  facet normal 0.607382 0.740074 0.288751
    outer loop
      vertex 56.0079 85.0051 2.42598
      vertex 56.4953 84.4953 2.70737
      vertex 56.5556 84.5556 2.42598
    endloop
  endfacet
  facet normal 0.607236 0.740086 0.289026
    outer loop
      vertex 55.9605 84.9341 2.70737
      vertex 56.4953 84.4953 2.70737
      vertex 56.0079 85.0051 2.42598
    endloop
  endfacet
  facet normal 0.560084 0.682493 0.469584
    outer loop
      vertex 56.0849 85.1203 2.16666
      vertex 56.5556 84.5556 2.42598
      vertex 56.6536 84.6536 2.16666
    endloop
  endfacet
  facet normal 0.560132 0.682502 0.469514
    outer loop
      vertex 56.0079 85.0051 2.42598
      vertex 56.5556 84.5556 2.42598
      vertex 56.0849 85.1203 2.16666
    endloop
  endfacet
  facet normal 0.491379 0.598702 0.632536
    outer loop
      vertex 56.1886 85.2754 1.93935
      vertex 56.6536 84.6536 2.16666
      vertex 56.7855 84.7855 1.93935
    endloop
  endfacet
  facet normal 0.491298 0.598674 0.632625
    outer loop
      vertex 56.0849 85.1203 2.16666
      vertex 56.6536 84.6536 2.16666
      vertex 56.1886 85.2754 1.93935
    endloop
  endfacet
  facet normal 0.403469 0.491701 0.771649
    outer loop
      vertex 56.3149 85.4644 1.75281
      vertex 56.7855 84.7855 1.93935
      vertex 56.9463 84.9463 1.75281
    endloop
  endfacet
  facet normal 0.403615 0.49177 0.771529
    outer loop
      vertex 56.1886 85.2754 1.93935
      vertex 56.7855 84.7855 1.93935
      vertex 56.3149 85.4644 1.75281
    endloop
  endfacet
  facet normal 0.300316 0.365889 0.880872
    outer loop
      vertex 56.4589 85.6801 1.61418
      vertex 56.9463 84.9463 1.75281
      vertex 57.1296 85.1296 1.61418
    endloop
  endfacet
  facet normal 0.300163 0.365804 0.880959
    outer loop
      vertex 56.3149 85.4644 1.75281
      vertex 56.9463 84.9463 1.75281
      vertex 56.4589 85.6801 1.61418
    endloop
  endfacet
  facet normal 0.184951 0.22536 0.956559
    outer loop
      vertex 56.6153 85.914 1.52882
      vertex 57.1296 85.1296 1.61418
      vertex 57.3286 85.3286 1.52882
    endloop
  endfacet
  facet normal 0.184993 0.225386 0.956545
    outer loop
      vertex 56.4589 85.6801 1.61418
      vertex 57.1296 85.1296 1.61418
      vertex 56.6153 85.914 1.52882
    endloop
  endfacet
  facet normal 0.0624852 0.0761319 0.995138
    outer loop
      vertex 56.7779 86.1573 1.5
      vertex 57.3286 85.3286 1.52882
      vertex 57.5355 85.5355 1.5
    endloop
  endfacet
  facet normal 0.0624757 0.0761256 0.995139
    outer loop
      vertex 56.6153 85.914 1.52882
      vertex 57.3286 85.3286 1.52882
      vertex 56.7779 86.1573 1.5
    endloop
  endfacet
  facet normal 0.469139 0.877711 0.0976362
    outer loop
      vertex 55.3504 85.2602 2.70737
      vertex 55.9445 84.9101 3
      vertex 55.9605 84.9341 2.70737
    endloop
  endfacet
  facet normal 0.46923 0.877686 0.0974199
    outer loop
      vertex 55.3394 85.2336 3
      vertex 55.9445 84.9101 3
      vertex 55.3504 85.2602 2.70737
    endloop
  endfacet
  facet normal 0.451315 0.844256 0.289045
    outer loop
      vertex 55.3831 85.3391 2.42598
      vertex 55.9605 84.9341 2.70737
      vertex 56.0079 85.0051 2.42598
    endloop
  endfacet
  facet normal 0.451253 0.844249 0.289162
    outer loop
      vertex 55.3504 85.2602 2.70737
      vertex 55.9605 84.9341 2.70737
      vertex 55.3831 85.3391 2.42598
    endloop
  endfacet
  facet normal 0.416219 0.778671 0.469504
    outer loop
      vertex 55.4361 85.4671 2.16666
      vertex 56.0079 85.0051 2.42598
      vertex 56.0849 85.1203 2.16666
    endloop
  endfacet
  facet normal 0.416264 0.778688 0.469436
    outer loop
      vertex 55.3831 85.3391 2.42598
      vertex 56.0079 85.0051 2.42598
      vertex 55.4361 85.4671 2.16666
    endloop
  endfacet
  facet normal 0.36512 0.683007 0.632605
    outer loop
      vertex 55.5075 85.6395 1.93935
      vertex 56.0849 85.1203 2.16666
      vertex 56.1886 85.2754 1.93935
    endloop
  endfacet
  facet normal 0.365069 0.682978 0.632666
    outer loop
      vertex 55.4361 85.4671 2.16666
      vertex 56.0849 85.1203 2.16666
      vertex 55.5075 85.6395 1.93935
    endloop
  endfacet
  facet normal 0.299923 0.561061 0.771528
    outer loop
      vertex 55.5945 85.8495 1.75281
      vertex 56.1886 85.2754 1.93935
      vertex 56.3149 85.4644 1.75281
    endloop
  endfacet
  facet normal 0.299935 0.56107 0.771518
    outer loop
      vertex 55.5075 85.6395 1.93935
      vertex 56.1886 85.2754 1.93935
      vertex 55.5945 85.8495 1.75281
    endloop
  endfacet
  facet normal 0.223045 0.417296 0.880974
    outer loop
      vertex 55.6937 86.0891 1.61418
      vertex 56.3149 85.4644 1.75281
      vertex 56.4589 85.6801 1.61418
    endloop
  endfacet
  facet normal 0.223094 0.417338 0.880942
    outer loop
      vertex 55.5945 85.8495 1.75281
      vertex 56.3149 85.4644 1.75281
      vertex 55.6937 86.0891 1.61418
    endloop
  endfacet
  facet normal 0.13745 0.257174 0.95654
    outer loop
      vertex 55.8014 86.349 1.52882
      vertex 56.4589 85.6801 1.61418
      vertex 56.6153 85.914 1.52882
    endloop
  endfacet
  facet normal 0.137469 0.257192 0.956533
    outer loop
      vertex 55.6937 86.0891 1.61418
      vertex 56.4589 85.6801 1.61418
      vertex 55.8014 86.349 1.52882
    endloop
  endfacet
  facet normal 0.0464251 0.0868524 0.995139
    outer loop
      vertex 55.9134 86.6194 1.5
      vertex 56.6153 85.914 1.52882
      vertex 56.7779 86.1573 1.5
    endloop
  endfacet
  facet normal 0.0464131 0.0868405 0.99514
    outer loop
      vertex 55.8014 86.349 1.52882
      vertex 56.6153 85.914 1.52882
      vertex 55.9134 86.6194 1.5
    endloop
  endfacet
  facet normal 0.288883 0.952394 0.0974315
    outer loop
      vertex 54.6884 85.461 2.70737
      vertex 55.3394 85.2336 3
      vertex 55.3504 85.2602 2.70737
    endloop
  endfacet
  facet normal 0.288795 0.9524 0.0976324
    outer loop
      vertex 54.6828 85.4327 3
      vertex 55.3394 85.2336 3
      vertex 54.6884 85.461 2.70737
    endloop
  endfacet
  facet normal 0.2778 0.91609 0.289149
    outer loop
      vertex 54.7051 85.5447 2.42598
      vertex 55.3504 85.2602 2.70737
      vertex 55.3831 85.3391 2.42598
    endloop
  endfacet
  facet normal 0.277879 0.916115 0.288992
    outer loop
      vertex 54.6884 85.461 2.70737
      vertex 55.3504 85.2602 2.70737
      vertex 54.7051 85.5447 2.42598
    endloop
  endfacet
  facet normal 0.256358 0.844925 0.469449
    outer loop
      vertex 54.7321 85.6807 2.16666
      vertex 55.3831 85.3391 2.42598
      vertex 55.4361 85.4671 2.16666
    endloop
  endfacet
  facet normal 0.256186 0.844817 0.469737
    outer loop
      vertex 54.7051 85.5447 2.42598
      vertex 55.3831 85.3391 2.42598
      vertex 54.7321 85.6807 2.16666
    endloop
  endfacet
  facet normal 0.224827 0.741067 0.632671
    outer loop
      vertex 54.7685 85.8637 1.93935
      vertex 55.4361 85.4671 2.16666
      vertex 55.5075 85.6395 1.93935
    endloop
  endfacet
  facet normal 0.224853 0.74109 0.632635
    outer loop
      vertex 54.7321 85.6807 2.16666
      vertex 55.4361 85.4671 2.16666
      vertex 54.7685 85.8637 1.93935
    endloop
  endfacet
  facet normal 0.184685 0.608814 0.771516
    outer loop
      vertex 54.8129 86.0866 1.75281
      vertex 55.5075 85.6395 1.93935
      vertex 55.5945 85.8495 1.75281
    endloop
  endfacet
  facet normal 0.184713 0.608845 0.771485
    outer loop
      vertex 54.7685 85.8637 1.93935
      vertex 55.5075 85.6395 1.93935
      vertex 54.8129 86.0866 1.75281
    endloop
  endfacet
  facet normal 0.137347 0.452842 0.880948
    outer loop
      vertex 54.8635 86.3409 1.61418
      vertex 55.5945 85.8495 1.75281
      vertex 55.6937 86.0891 1.61418
    endloop
  endfacet
  facet normal 0.137385 0.45289 0.880918
    outer loop
      vertex 54.8129 86.0866 1.75281
      vertex 55.5945 85.8495 1.75281
      vertex 54.8635 86.3409 1.61418
    endloop
  endfacet
  facet normal 0.0846694 0.279071 0.95653
    outer loop
      vertex 54.9184 86.6169 1.52882
      vertex 55.6937 86.0891 1.61418
      vertex 55.8014 86.349 1.52882
    endloop
  endfacet
  facet normal 0.0846226 0.279006 0.956554
    outer loop
      vertex 54.8635 86.3409 1.61418
      vertex 55.6937 86.0891 1.61418
      vertex 54.9184 86.6169 1.52882
    endloop
  endfacet
  facet normal 0.0285823 0.0942261 0.99514
    outer loop
      vertex 54.9755 86.9039 1.5
      vertex 55.8014 86.349 1.52882
      vertex 55.9134 86.6194 1.5
    endloop
  endfacet
  facet normal 0.0285926 0.0942413 0.995139
    outer loop
      vertex 54.9184 86.6169 1.52882
      vertex 55.8014 86.349 1.52882
      vertex 54.9755 86.9039 1.5
    endloop
  endfacet
  facet normal 0.0975466 0.990429 0.0976503
    outer loop
      vertex 54 85.5288 2.70737
      vertex 54.6828 85.4327 3
      vertex 54.6884 85.461 2.70737
    endloop
  endfacet
  facet normal 0.0976223 0.990438 0.0974768
    outer loop
      vertex 54 85.5 3
      vertex 54.6828 85.4327 3
      vertex 54 85.5288 2.70737
    endloop
  endfacet
  facet normal 0.0939076 0.952723 0.288963
    outer loop
      vertex 54 85.6142 2.42598
      vertex 54.6884 85.461 2.70737
      vertex 54.7051 85.5447 2.42598
    endloop
  endfacet
  facet normal 0.0938287 0.95268 0.289132
    outer loop
      vertex 54 85.5288 2.70737
      vertex 54.6884 85.461 2.70737
      vertex 54 85.6142 2.42598
    endloop
  endfacet
  facet normal 0.0865224 0.878544 0.46976
    outer loop
      vertex 54 85.7528 2.16666
      vertex 54.7051 85.5447 2.42598
      vertex 54.7321 85.6807 2.16666
    endloop
  endfacet
  facet normal 0.0866035 0.878621 0.469601
    outer loop
      vertex 54 85.6142 2.42598
      vertex 54.7051 85.5447 2.42598
      vertex 54 85.7528 2.16666
    endloop
  endfacet
  facet normal 0.0758195 0.770732 0.632633
    outer loop
      vertex 54 85.9393 1.93935
      vertex 54.7321 85.6807 2.16666
      vertex 54.7685 85.8637 1.93935
    endloop
  endfacet
  facet normal 0.0759173 0.77086 0.632464
    outer loop
      vertex 54 85.7528 2.16666
      vertex 54.7321 85.6807 2.16666
      vertex 54 85.9393 1.93935
    endloop
  endfacet
  facet normal 0.0623929 0.633198 0.771471
    outer loop
      vertex 54 86.1667 1.75281
      vertex 54.7685 85.8637 1.93935
      vertex 54.8129 86.0866 1.75281
    endloop
  endfacet
  facet normal 0.0622699 0.632995 0.771647
    outer loop
      vertex 54 85.9393 1.93935
      vertex 54.7685 85.8637 1.93935
      vertex 54 86.1667 1.75281
    endloop
  endfacet
  facet normal 0.0464172 0.47099 0.880917
    outer loop
      vertex 54 86.426 1.61418
      vertex 54.8129 86.0866 1.75281
      vertex 54.8635 86.3409 1.61418
    endloop
  endfacet
  facet normal 0.0464077 0.470971 0.880927
    outer loop
      vertex 54 86.1667 1.75281
      vertex 54.8129 86.0866 1.75281
      vertex 54 86.426 1.61418
    endloop
  endfacet
  facet normal 0.0285918 0.290151 0.956554
    outer loop
      vertex 54 86.7074 1.52882
      vertex 54.8635 86.3409 1.61418
      vertex 54.9184 86.6169 1.52882
    endloop
  endfacet
  facet normal 0.028596 0.29016 0.956551
    outer loop
      vertex 54 86.426 1.61418
      vertex 54.8635 86.3409 1.61418
      vertex 54 86.7074 1.52882
    endloop
  endfacet
  facet normal 0.00965522 0.098009 0.995139
    outer loop
      vertex 54 87 1.5
      vertex 54.9184 86.6169 1.52882
      vertex 54.9755 86.9039 1.5
    endloop
  endfacet
  facet normal 0.00965872 0.0980173 0.995138
    outer loop
      vertex 54 86.7074 1.52882
      vertex 54.9184 86.6169 1.52882
      vertex 54 87 1.5
    endloop
  endfacet
  facet normal -0.0975482 0.990446 0.0974775
    outer loop
      vertex 53.3116 85.461 2.70737
      vertex 54 85.5 3
      vertex 54 85.5288 2.70737
    endloop
  endfacet
  facet normal -0.0976206 0.990421 0.097651
    outer loop
      vertex 53.3116 85.461 2.70737
      vertex 53.3172 85.4327 3
      vertex 54 85.5 3
    endloop
  endfacet
  facet normal -0.0939027 0.952673 0.28913
    outer loop
      vertex 53.2949 85.5447 2.42598
      vertex 54 85.5288 2.70737
      vertex 54 85.6142 2.42598
    endloop
  endfacet
  facet normal -0.0938338 0.952731 0.288961
    outer loop
      vertex 53.2949 85.5447 2.42598
      vertex 53.3116 85.461 2.70737
      vertex 54 85.5288 2.70737
    endloop
  endfacet
  facet normal -0.0865305 0.878627 0.469604
    outer loop
      vertex 53.2679 85.6807 2.16666
      vertex 54 85.6142 2.42598
      vertex 54 85.7528 2.16666
    endloop
  endfacet
  facet normal -0.0865951 0.878535 0.469763
    outer loop
      vertex 53.2679 85.6807 2.16666
      vertex 53.2949 85.5447 2.42598
      vertex 54 85.6142 2.42598
    endloop
  endfacet
  facet normal -0.0758327 0.770865 0.632468
    outer loop
      vertex 53.2315 85.8637 1.93935
      vertex 54 85.7528 2.16666
      vertex 54 85.9393 1.93935
    endloop
  endfacet
  facet normal -0.0759035 0.77072 0.632637
    outer loop
      vertex 53.2315 85.8637 1.93935
      vertex 53.2679 85.6807 2.16666
      vertex 54 85.7528 2.16666
    endloop
  endfacet
  facet normal -0.0623725 0.632991 0.771642
    outer loop
      vertex 53.1871 86.0866 1.75281
      vertex 54 85.9393 1.93935
      vertex 54 86.1667 1.75281
    endloop
  endfacet
  facet normal -0.0622915 0.633214 0.771466
    outer loop
      vertex 53.1871 86.0866 1.75281
      vertex 53.2315 85.8637 1.93935
      vertex 54 85.9393 1.93935
    endloop
  endfacet
  facet normal -0.0464154 0.470971 0.880927
    outer loop
      vertex 53.1365 86.3409 1.61418
      vertex 54 86.1667 1.75281
      vertex 54 86.426 1.61418
    endloop
  endfacet
  facet normal -0.0464096 0.470991 0.880916
    outer loop
      vertex 53.1365 86.3409 1.61418
      vertex 53.1871 86.0866 1.75281
      vertex 54 86.1667 1.75281
    endloop
  endfacet
  facet normal -0.0285927 0.290161 0.956551
    outer loop
      vertex 53.0816 86.6169 1.52882
      vertex 54 86.426 1.61418
      vertex 54 86.7074 1.52882
    endloop
  endfacet
  facet normal -0.028595 0.290151 0.956554
    outer loop
      vertex 53.0816 86.6169 1.52882
      vertex 53.1365 86.3409 1.61418
      vertex 54 86.426 1.61418
    endloop
  endfacet
  facet normal -0.00965604 0.0980173 0.995138
    outer loop
      vertex 53.0245 86.9039 1.5
      vertex 54 86.7074 1.52882
      vertex 54 87 1.5
    endloop
  endfacet
  facet normal -0.00965785 0.0980085 0.995139
    outer loop
      vertex 53.0245 86.9039 1.5
      vertex 53.0816 86.6169 1.52882
      vertex 54 86.7074 1.52882
    endloop
  endfacet
  facet normal -0.288877 0.952375 0.0976316
    outer loop
      vertex 52.6496 85.2602 2.70737
      vertex 53.3172 85.4327 3
      vertex 53.3116 85.461 2.70737
    endloop
  endfacet
  facet normal -0.288801 0.952419 0.0974307
    outer loop
      vertex 52.6496 85.2602 2.70737
      vertex 52.6606 85.2336 3
      vertex 53.3172 85.4327 3
    endloop
  endfacet
  facet normal -0.277813 0.916135 0.288994
    outer loop
      vertex 52.6169 85.3391 2.42598
      vertex 53.3116 85.461 2.70737
      vertex 53.2949 85.5447 2.42598
    endloop
  endfacet
  facet normal -0.277865 0.916069 0.28915
    outer loop
      vertex 52.6169 85.3391 2.42598
      vertex 52.6496 85.2602 2.70737
      vertex 53.3116 85.461 2.70737
    endloop
  endfacet
  facet normal -0.256314 0.844781 0.469731
    outer loop
      vertex 52.5639 85.4671 2.16666
      vertex 53.2949 85.5447 2.42598
      vertex 53.2679 85.6807 2.16666
    endloop
  endfacet
  facet normal -0.256232 0.844967 0.469443
    outer loop
      vertex 52.5639 85.4671 2.16666
      vertex 52.6169 85.3391 2.42598
      vertex 53.2949 85.5447 2.42598
    endloop
  endfacet
  facet normal -0.224836 0.741095 0.632635
    outer loop
      vertex 52.4925 85.6395 1.93935
      vertex 53.2679 85.6807 2.16666
      vertex 53.2315 85.8637 1.93935
    endloop
  endfacet
  facet normal -0.224845 0.741061 0.632672
    outer loop
      vertex 52.4925 85.6395 1.93935
      vertex 52.5639 85.4671 2.16666
      vertex 53.2679 85.6807 2.16666
    endloop
  endfacet
  facet normal -0.184696 0.608849 0.771486
    outer loop
      vertex 52.4055 85.8495 1.75281
      vertex 53.2315 85.8637 1.93935
      vertex 53.1871 86.0866 1.75281
    endloop
  endfacet
  facet normal -0.184702 0.608808 0.771517
    outer loop
      vertex 52.4055 85.8495 1.75281
      vertex 52.4925 85.6395 1.93935
      vertex 53.2315 85.8637 1.93935
    endloop
  endfacet
  facet normal -0.137363 0.452895 0.880919
    outer loop
      vertex 52.3063 86.0891 1.61418
      vertex 53.1871 86.0866 1.75281
      vertex 53.1365 86.3409 1.61418
    endloop
  endfacet
  facet normal -0.137368 0.452834 0.880949
    outer loop
      vertex 52.3063 86.0891 1.61418
      vertex 52.4055 85.8495 1.75281
      vertex 53.1871 86.0866 1.75281
    endloop
  endfacet
  facet normal -0.0846481 0.279001 0.956553
    outer loop
      vertex 52.1986 86.349 1.52882
      vertex 53.1365 86.3409 1.61418
      vertex 53.0816 86.6169 1.52882
    endloop
  endfacet
  facet normal -0.0846453 0.279081 0.95653
    outer loop
      vertex 52.1986 86.349 1.52882
      vertex 52.3063 86.0891 1.61418
      vertex 53.1365 86.3409 1.61418
    endloop
  endfacet
  facet normal -0.0285872 0.0942424 0.995139
    outer loop
      vertex 52.0866 86.6194 1.5
      vertex 53.0816 86.6169 1.52882
      vertex 53.0245 86.9039 1.5
    endloop
  endfacet
  facet normal -0.0285873 0.094224 0.99514
    outer loop
      vertex 52.0866 86.6194 1.5
      vertex 52.1986 86.349 1.52882
      vertex 53.0816 86.6169 1.52882
    endloop
  endfacet
  facet normal -0.469149 0.877729 0.0974208
    outer loop
      vertex 52.0395 84.9341 2.70737
      vertex 52.6606 85.2336 3
      vertex 52.6496 85.2602 2.70737
    endloop
  endfacet
  facet normal -0.46922 0.877667 0.0976371
    outer loop
      vertex 52.0395 84.9341 2.70737
      vertex 52.0555 84.9101 3
      vertex 52.6606 85.2336 3
    endloop
  endfacet
  facet normal -0.451298 0.844225 0.28916
    outer loop
      vertex 51.9921 85.0051 2.42598
      vertex 52.6496 85.2602 2.70737
      vertex 52.6169 85.3391 2.42598
    endloop
  endfacet
  facet normal -0.45127 0.84428 0.289044
    outer loop
      vertex 51.9921 85.0051 2.42598
      vertex 52.0395 84.9341 2.70737
      vertex 52.6496 85.2602 2.70737
    endloop
  endfacet
  facet normal -0.416236 0.778702 0.469437
    outer loop
      vertex 51.9151 85.1203 2.16666
      vertex 52.6169 85.3391 2.42598
      vertex 52.5639 85.4671 2.16666
    endloop
  endfacet
  facet normal -0.416247 0.778655 0.469505
    outer loop
      vertex 51.9151 85.1203 2.16666
      vertex 51.9921 85.0051 2.42598
      vertex 52.6169 85.3391 2.42598
    endloop
  endfacet
  facet normal -0.365097 0.682964 0.632664
    outer loop
      vertex 51.8114 85.2754 1.93935
      vertex 52.5639 85.4671 2.16666
      vertex 52.4925 85.6395 1.93935
    endloop
  endfacet
  facet normal -0.365093 0.683023 0.632603
    outer loop
      vertex 51.8114 85.2754 1.93935
      vertex 51.9151 85.1203 2.16666
      vertex 52.5639 85.4671 2.16666
    endloop
  endfacet
  facet normal -0.299929 0.561072 0.771518
    outer loop
      vertex 51.6851 85.4644 1.75281
      vertex 52.4925 85.6395 1.93935
      vertex 52.4055 85.8495 1.75281
    endloop
  endfacet
  facet normal -0.299928 0.561058 0.771529
    outer loop
      vertex 51.6851 85.4644 1.75281
      vertex 51.8114 85.2754 1.93935
      vertex 52.4925 85.6395 1.93935
    endloop
  endfacet
  facet normal -0.223072 0.417347 0.880943
    outer loop
      vertex 51.5411 85.6801 1.61418
      vertex 52.4055 85.8495 1.75281
      vertex 52.3063 86.0891 1.61418
    endloop
  endfacet
  facet normal -0.223065 0.417284 0.880975
    outer loop
      vertex 51.5411 85.6801 1.61418
      vertex 51.6851 85.4644 1.75281
      vertex 52.4055 85.8495 1.75281
    endloop
  endfacet
  facet normal -0.137462 0.257195 0.956533
    outer loop
      vertex 51.3847 85.914 1.52882
      vertex 52.3063 86.0891 1.61418
      vertex 52.1986 86.349 1.52882
    endloop
  endfacet
  facet normal -0.137457 0.25717 0.95654
    outer loop
      vertex 51.3847 85.914 1.52882
      vertex 51.5411 85.6801 1.61418
      vertex 52.3063 86.0891 1.61418
    endloop
  endfacet
  facet normal -0.0464177 0.0868386 0.99514
    outer loop
      vertex 51.2221 86.1573 1.5
      vertex 52.1986 86.349 1.52882
      vertex 52.0866 86.6194 1.5
    endloop
  endfacet
  facet normal -0.0464209 0.0868552 0.995139
    outer loop
      vertex 51.2221 86.1573 1.5
      vertex 51.3847 85.914 1.52882
      vertex 52.1986 86.349 1.52882
    endloop
  endfacet
  facet normal -0.631278 0.769388 0.0976174
    outer loop
      vertex 51.5047 84.4953 2.70737
      vertex 52.0555 84.9101 3
      vertex 52.0395 84.9341 2.70737
    endloop
  endfacet
  facet normal -0.631285 0.769379 0.097644
    outer loop
      vertex 51.5047 84.4953 2.70737
      vertex 51.5251 84.4749 3
      vertex 52.0555 84.9101 3
    endloop
  endfacet
  facet normal -0.60733 0.740011 0.289023
    outer loop
      vertex 51.4444 84.5556 2.42598
      vertex 52.0395 84.9341 2.70737
      vertex 51.9921 85.0051 2.42598
    endloop
  endfacet
  facet normal -0.60729 0.740151 0.288748
    outer loop
      vertex 51.4444 84.5556 2.42598
      vertex 51.5047 84.4953 2.70737
      vertex 52.0395 84.9341 2.70737
    endloop
  endfacet
  facet normal -0.560107 0.682522 0.469515
    outer loop
      vertex 51.3464 84.6536 2.16666
      vertex 51.9921 85.0051 2.42598
      vertex 51.9151 85.1203 2.16666
    endloop
  endfacet
  facet normal -0.560108 0.682472 0.469585
    outer loop
      vertex 51.3464 84.6536 2.16666
      vertex 51.4444 84.5556 2.42598
      vertex 51.9921 85.0051 2.42598
    endloop
  endfacet
  facet normal -0.491334 0.598647 0.632623
    outer loop
      vertex 51.2145 84.7855 1.93935
      vertex 51.9151 85.1203 2.16666
      vertex 51.8114 85.2754 1.93935
    endloop
  endfacet
  facet normal -0.491346 0.598732 0.632534
    outer loop
      vertex 51.2145 84.7855 1.93935
      vertex 51.3464 84.6536 2.16666
      vertex 51.9151 85.1203 2.16666
    endloop
  endfacet
  facet normal -0.403559 0.491811 0.771533
    outer loop
      vertex 51.0537 84.9463 1.75281
      vertex 51.8114 85.2754 1.93935
      vertex 51.6851 85.4644 1.75281
    endloop
  endfacet
  facet normal -0.40352 0.491654 0.771652
    outer loop
      vertex 51.0537 84.9463 1.75281
      vertex 51.2145 84.7855 1.93935
      vertex 51.8114 85.2754 1.93935
    endloop
  endfacet
  facet normal -0.300216 0.365767 0.880957
    outer loop
      vertex 50.8704 85.1296 1.61418
      vertex 51.6851 85.4644 1.75281
      vertex 51.5411 85.6801 1.61418
    endloop
  endfacet
  facet normal -0.300269 0.365933 0.88087
    outer loop
      vertex 50.8704 85.1296 1.61418
      vertex 51.0537 84.9463 1.75281
      vertex 51.6851 85.4644 1.75281
    endloop
  endfacet
  facet normal -0.18498 0.225395 0.956546
    outer loop
      vertex 50.6714 85.3286 1.52882
      vertex 51.5411 85.6801 1.61418
      vertex 51.3847 85.914 1.52882
    endloop
  endfacet
  facet normal -0.184963 0.225349 0.95656
    outer loop
      vertex 50.6714 85.3286 1.52882
      vertex 50.8704 85.1296 1.61418
      vertex 51.5411 85.6801 1.61418
    endloop
  endfacet
  facet normal -0.0624785 0.0761237 0.995139
    outer loop
      vertex 50.4645 85.5355 1.5
      vertex 51.3847 85.914 1.52882
      vertex 51.2221 86.1573 1.5
    endloop
  endfacet
  facet normal -0.0624828 0.0761343 0.995138
    outer loop
      vertex 50.4645 85.5355 1.5
      vertex 50.6714 85.3286 1.52882
      vertex 51.3847 85.914 1.52882
    endloop
  endfacet
  facet normal -0.769386 0.631277 0.0976439
    outer loop
      vertex 51.0659 83.9605 2.70737
      vertex 51.5251 84.4749 3
      vertex 51.5047 84.4953 2.70737
    endloop
  endfacet
  facet normal -0.769381 0.631287 0.0976173
    outer loop
      vertex 51.0659 83.9605 2.70737
      vertex 51.0899 83.9445 3
      vertex 51.5251 84.4749 3
    endloop
  endfacet
  facet normal -0.740074 0.607382 0.288751
    outer loop
      vertex 50.9949 84.0079 2.42598
      vertex 51.5047 84.4953 2.70737
      vertex 51.4444 84.5556 2.42598
    endloop
  endfacet
  facet normal -0.740086 0.607236 0.289026
    outer loop
      vertex 50.9949 84.0079 2.42598
      vertex 51.0659 83.9605 2.70737
      vertex 51.5047 84.4953 2.70737
    endloop
  endfacet
  facet normal -0.682493 0.560084 0.469584
    outer loop
      vertex 50.8797 84.0849 2.16666
      vertex 51.4444 84.5556 2.42598
      vertex 51.3464 84.6536 2.16666
    endloop
  endfacet
  facet normal -0.682502 0.560132 0.469514
    outer loop
      vertex 50.8797 84.0849 2.16666
      vertex 50.9949 84.0079 2.42598
      vertex 51.4444 84.5556 2.42598
    endloop
  endfacet
  facet normal -0.598702 0.491379 0.632536
    outer loop
      vertex 50.7246 84.1886 1.93935
      vertex 51.3464 84.6536 2.16666
      vertex 51.2145 84.7855 1.93935
    endloop
  endfacet
  facet normal -0.598674 0.491298 0.632625
    outer loop
      vertex 50.7246 84.1886 1.93935
      vertex 50.8797 84.0849 2.16666
      vertex 51.3464 84.6536 2.16666
    endloop
  endfacet
  facet normal -0.491701 0.403469 0.771649
    outer loop
      vertex 50.5356 84.3149 1.75281
      vertex 51.2145 84.7855 1.93935
      vertex 51.0537 84.9463 1.75281
    endloop
  endfacet
  facet normal -0.49177 0.403615 0.771529
    outer loop
      vertex 50.5356 84.3149 1.75281
      vertex 50.7246 84.1886 1.93935
      vertex 51.2145 84.7855 1.93935
    endloop
  endfacet
  facet normal -0.365889 0.300316 0.880872
    outer loop
      vertex 50.3199 84.4589 1.61418
      vertex 51.0537 84.9463 1.75281
      vertex 50.8704 85.1296 1.61418
    endloop
  endfacet
  facet normal -0.365804 0.300163 0.880959
    outer loop
      vertex 50.3199 84.4589 1.61418
      vertex 50.5356 84.3149 1.75281
      vertex 51.0537 84.9463 1.75281
    endloop
  endfacet
  facet normal -0.22536 0.184951 0.956559
    outer loop
      vertex 50.086 84.6153 1.52882
      vertex 50.8704 85.1296 1.61418
      vertex 50.6714 85.3286 1.52882
    endloop
  endfacet
  facet normal -0.225386 0.184993 0.956545
    outer loop
      vertex 50.086 84.6153 1.52882
      vertex 50.3199 84.4589 1.61418
      vertex 50.8704 85.1296 1.61418
    endloop
  endfacet
  facet normal -0.0761364 0.0624807 0.995138
    outer loop
      vertex 49.8427 84.7778 1.5
      vertex 50.6714 85.3286 1.52882
      vertex 50.4645 85.5355 1.5
    endloop
  endfacet
  facet normal -0.076142 0.0624892 0.995137
    outer loop
      vertex 49.8427 84.7778 1.5
      vertex 50.086 84.6153 1.52882
      vertex 50.6714 85.3286 1.52882
    endloop
  endfacet
  facet normal -0.877711 0.469139 0.0976362
    outer loop
      vertex 50.7398 83.3504 2.70737
      vertex 51.0899 83.9445 3
      vertex 51.0659 83.9605 2.70737
    endloop
  endfacet
  facet normal -0.877686 0.46923 0.0974199
    outer loop
      vertex 50.7398 83.3504 2.70737
      vertex 50.7664 83.3394 3
      vertex 51.0899 83.9445 3
    endloop
  endfacet
  facet normal -0.844256 0.451315 0.289045
    outer loop
      vertex 50.6609 83.3831 2.42598
      vertex 51.0659 83.9605 2.70737
      vertex 50.9949 84.0079 2.42598
    endloop
  endfacet
  facet normal -0.844249 0.451253 0.289162
    outer loop
      vertex 50.6609 83.3831 2.42598
      vertex 50.7398 83.3504 2.70737
      vertex 51.0659 83.9605 2.70737
    endloop
  endfacet
  facet normal -0.778671 0.416219 0.469504
    outer loop
      vertex 50.5329 83.4361 2.16666
      vertex 50.9949 84.0079 2.42598
      vertex 50.8797 84.0849 2.16666
    endloop
  endfacet
  facet normal -0.778688 0.416264 0.469436
    outer loop
      vertex 50.5329 83.4361 2.16666
      vertex 50.6609 83.3831 2.42598
      vertex 50.9949 84.0079 2.42598
    endloop
  endfacet
  facet normal -0.683007 0.36512 0.632605
    outer loop
      vertex 50.3605 83.5075 1.93935
      vertex 50.8797 84.0849 2.16666
      vertex 50.7246 84.1886 1.93935
    endloop
  endfacet
  facet normal -0.682978 0.365069 0.632666
    outer loop
      vertex 50.3605 83.5075 1.93935
      vertex 50.5329 83.4361 2.16666
      vertex 50.8797 84.0849 2.16666
    endloop
  endfacet
  facet normal -0.561061 0.299923 0.771528
    outer loop
      vertex 50.1505 83.5945 1.75281
      vertex 50.7246 84.1886 1.93935
      vertex 50.5356 84.3149 1.75281
    endloop
  endfacet
  facet normal -0.56107 0.299935 0.771518
    outer loop
      vertex 50.1505 83.5945 1.75281
      vertex 50.3605 83.5075 1.93935
      vertex 50.7246 84.1886 1.93935
    endloop
  endfacet
  facet normal -0.417296 0.223045 0.880974
    outer loop
      vertex 49.9109 83.6937 1.61418
      vertex 50.5356 84.3149 1.75281
      vertex 50.3199 84.4589 1.61418
    endloop
  endfacet
  facet normal -0.417338 0.223094 0.880942
    outer loop
      vertex 49.9109 83.6937 1.61418
      vertex 50.1505 83.5945 1.75281
      vertex 50.5356 84.3149 1.75281
    endloop
  endfacet
  facet normal -0.257174 0.13745 0.95654
    outer loop
      vertex 49.651 83.8014 1.52882
      vertex 50.3199 84.4589 1.61418
      vertex 50.086 84.6153 1.52882
    endloop
  endfacet
  facet normal -0.257192 0.137469 0.956533
    outer loop
      vertex 49.651 83.8014 1.52882
      vertex 49.9109 83.6937 1.61418
      vertex 50.3199 84.4589 1.61418
    endloop
  endfacet
  facet normal -0.0868637 0.0464365 0.995137
    outer loop
      vertex 49.3806 83.9134 1.5
      vertex 50.086 84.6153 1.52882
      vertex 49.8427 84.7778 1.5
    endloop
  endfacet
  facet normal -0.0868405 0.0464131 0.99514
    outer loop
      vertex 49.3806 83.9134 1.5
      vertex 49.651 83.8014 1.52882
      vertex 50.086 84.6153 1.52882
    endloop
  endfacet
  facet normal -0.952394 0.288883 0.0974315
    outer loop
      vertex 50.539 82.6884 2.70737
      vertex 50.7664 83.3394 3
      vertex 50.7398 83.3504 2.70737
    endloop
  endfacet
  facet normal -0.9524 0.288795 0.0976324
    outer loop
      vertex 50.539 82.6884 2.70737
      vertex 50.5673 82.6828 3
      vertex 50.7664 83.3394 3
    endloop
  endfacet
  facet normal -0.91609 0.2778 0.289149
    outer loop
      vertex 50.4553 82.7051 2.42598
      vertex 50.7398 83.3504 2.70737
      vertex 50.6609 83.3831 2.42598
    endloop
  endfacet
  facet normal -0.916115 0.277879 0.288992
    outer loop
      vertex 50.4553 82.7051 2.42598
      vertex 50.539 82.6884 2.70737
      vertex 50.7398 83.3504 2.70737
    endloop
  endfacet
  facet normal -0.844925 0.256358 0.469449
    outer loop
      vertex 50.3193 82.7321 2.16666
      vertex 50.6609 83.3831 2.42598
      vertex 50.5329 83.4361 2.16666
    endloop
  endfacet
  facet normal -0.844817 0.256186 0.469737
    outer loop
      vertex 50.3193 82.7321 2.16666
      vertex 50.4553 82.7051 2.42598
      vertex 50.6609 83.3831 2.42598
    endloop
  endfacet
  facet normal -0.741067 0.224827 0.632671
    outer loop
      vertex 50.1363 82.7685 1.93935
      vertex 50.5329 83.4361 2.16666
      vertex 50.3605 83.5075 1.93935
    endloop
  endfacet
  facet normal -0.74109 0.224853 0.632635
    outer loop
      vertex 50.1363 82.7685 1.93935
      vertex 50.3193 82.7321 2.16666
      vertex 50.5329 83.4361 2.16666
    endloop
  endfacet
  facet normal -0.608814 0.184685 0.771516
    outer loop
      vertex 49.9134 82.8129 1.75281
      vertex 50.3605 83.5075 1.93935
      vertex 50.1505 83.5945 1.75281
    endloop
  endfacet
  facet normal -0.608845 0.184713 0.771485
    outer loop
      vertex 49.9134 82.8129 1.75281
      vertex 50.1363 82.7685 1.93935
      vertex 50.3605 83.5075 1.93935
    endloop
  endfacet
  facet normal -0.452842 0.137347 0.880948
    outer loop
      vertex 49.6591 82.8635 1.61418
      vertex 50.1505 83.5945 1.75281
      vertex 49.9109 83.6937 1.61418
    endloop
  endfacet
  facet normal -0.45289 0.137385 0.880918
    outer loop
      vertex 49.6591 82.8635 1.61418
      vertex 49.9134 82.8129 1.75281
      vertex 50.1505 83.5945 1.75281
    endloop
  endfacet
  facet normal -0.279071 0.0846694 0.95653
    outer loop
      vertex 49.3831 82.9184 1.52882
      vertex 49.9109 83.6937 1.61418
      vertex 49.651 83.8014 1.52882
    endloop
  endfacet
  facet normal -0.279006 0.0846226 0.956554
    outer loop
      vertex 49.3831 82.9184 1.52882
      vertex 49.6591 82.8635 1.61418
      vertex 49.9109 83.6937 1.61418
    endloop
  endfacet
  facet normal -0.0942272 0.0285796 0.99514
    outer loop
      vertex 49.0961 82.9754 1.5
      vertex 49.651 83.8014 1.52882
      vertex 49.3806 83.9134 1.5
    endloop
  endfacet
  facet normal -0.0942506 0.0285954 0.995138
    outer loop
      vertex 49.0961 82.9754 1.5
      vertex 49.3831 82.9184 1.52882
      vertex 49.651 83.8014 1.52882
    endloop
  endfacet
  facet normal -0.990429 0.0975466 0.0976503
    outer loop
      vertex 50.4712 82 2.70737
      vertex 50.5673 82.6828 3
      vertex 50.539 82.6884 2.70737
    endloop
  endfacet
  facet normal -0.990438 0.0976223 0.0974768
    outer loop
      vertex 50.4712 82 2.70737
      vertex 50.5 82 3
      vertex 50.5673 82.6828 3
    endloop
  endfacet
  facet normal -0.952723 0.0939076 0.288963
    outer loop
      vertex 50.3858 82 2.42598
      vertex 50.539 82.6884 2.70737
      vertex 50.4553 82.7051 2.42598
    endloop
  endfacet
  facet normal -0.95268 0.0938287 0.289132
    outer loop
      vertex 50.3858 82 2.42598
      vertex 50.4712 82 2.70737
      vertex 50.539 82.6884 2.70737
    endloop
  endfacet
  facet normal -0.878544 0.0865224 0.46976
    outer loop
      vertex 50.2472 82 2.16666
      vertex 50.4553 82.7051 2.42598
      vertex 50.3193 82.7321 2.16666
    endloop
  endfacet
  facet normal -0.878621 0.0866035 0.469601
    outer loop
      vertex 50.2472 82 2.16666
      vertex 50.3858 82 2.42598
      vertex 50.4553 82.7051 2.42598
    endloop
  endfacet
  facet normal -0.770732 0.0758195 0.632633
    outer loop
      vertex 50.0607 82 1.93935
      vertex 50.3193 82.7321 2.16666
      vertex 50.1363 82.7685 1.93935
    endloop
  endfacet
  facet normal -0.77086 0.0759173 0.632464
    outer loop
      vertex 50.0607 82 1.93935
      vertex 50.2472 82 2.16666
      vertex 50.3193 82.7321 2.16666
    endloop
  endfacet
  facet normal -0.633198 0.0623929 0.771471
    outer loop
      vertex 49.8333 82 1.75281
      vertex 50.1363 82.7685 1.93935
      vertex 49.9134 82.8129 1.75281
    endloop
  endfacet
  facet normal -0.632995 0.0622699 0.771647
    outer loop
      vertex 49.8333 82 1.75281
      vertex 50.0607 82 1.93935
      vertex 50.1363 82.7685 1.93935
    endloop
  endfacet
  facet normal -0.47099 0.0464172 0.880917
    outer loop
      vertex 49.574 82 1.61418
      vertex 49.9134 82.8129 1.75281
      vertex 49.6591 82.8635 1.61418
    endloop
  endfacet
  facet normal -0.470971 0.0464077 0.880927
    outer loop
      vertex 49.574 82 1.61418
      vertex 49.8333 82 1.75281
      vertex 49.9134 82.8129 1.75281
    endloop
  endfacet
  facet normal -0.290151 0.0285918 0.956554
    outer loop
      vertex 49.2926 82 1.52882
      vertex 49.6591 82.8635 1.61418
      vertex 49.3831 82.9184 1.52882
    endloop
  endfacet
  facet normal -0.29016 0.028596 0.956551
    outer loop
      vertex 49.2926 82 1.52882
      vertex 49.574 82 1.61418
      vertex 49.6591 82.8635 1.61418
    endloop
  endfacet
  facet normal -0.0980121 0.00965651 0.995138
    outer loop
      vertex 49 82 1.5
      vertex 49.3831 82.9184 1.52882
      vertex 49.0961 82.9754 1.5
    endloop
  endfacet
  facet normal -0.0980173 0.00965872 0.995138
    outer loop
      vertex 49 82 1.5
      vertex 49.2926 82 1.52882
      vertex 49.3831 82.9184 1.52882
    endloop
  endfacet
  facet normal -0.990446 -0.0975482 0.0974775
    outer loop
      vertex 50.4712 82 2.70737
      vertex 50.539 81.3116 2.70737
      vertex 50.5 82 3
    endloop
  endfacet
  facet normal -0.990421 -0.0976206 0.097651
    outer loop
      vertex 50.5 82 3
      vertex 50.539 81.3116 2.70737
      vertex 50.5673 81.3172 3
    endloop
  endfacet
  facet normal -0.952673 -0.0939027 0.28913
    outer loop
      vertex 50.3858 82 2.42598
      vertex 50.4553 81.2949 2.42598
      vertex 50.4712 82 2.70737
    endloop
  endfacet
  facet normal -0.952731 -0.0938338 0.288961
    outer loop
      vertex 50.4553 81.2949 2.42598
      vertex 50.539 81.3116 2.70737
      vertex 50.4712 82 2.70737
    endloop
  endfacet
  facet normal -0.878627 -0.0865305 0.469604
    outer loop
      vertex 50.2472 82 2.16666
      vertex 50.3193 81.2679 2.16666
      vertex 50.3858 82 2.42598
    endloop
  endfacet
  facet normal -0.878535 -0.0865951 0.469763
    outer loop
      vertex 50.3193 81.2679 2.16666
      vertex 50.4553 81.2949 2.42598
      vertex 50.3858 82 2.42598
    endloop
  endfacet
  facet normal -0.770865 -0.0758327 0.632468
    outer loop
      vertex 50.0607 82 1.93935
      vertex 50.1363 81.2315 1.93935
      vertex 50.2472 82 2.16666
    endloop
  endfacet
  facet normal -0.77072 -0.0759035 0.632637
    outer loop
      vertex 50.1363 81.2315 1.93935
      vertex 50.3193 81.2679 2.16666
      vertex 50.2472 82 2.16666
    endloop
  endfacet
  facet normal -0.632991 -0.0623725 0.771642
    outer loop
      vertex 49.8333 82 1.75281
      vertex 49.9134 81.1871 1.75281
      vertex 50.0607 82 1.93935
    endloop
  endfacet
  facet normal -0.633214 -0.0622915 0.771466
    outer loop
      vertex 49.9134 81.1871 1.75281
      vertex 50.1363 81.2315 1.93935
      vertex 50.0607 82 1.93935
    endloop
  endfacet
  facet normal -0.470971 -0.0464154 0.880927
    outer loop
      vertex 49.574 82 1.61418
      vertex 49.6591 81.1365 1.61418
      vertex 49.8333 82 1.75281
    endloop
  endfacet
  facet normal -0.470991 -0.0464096 0.880916
    outer loop
      vertex 49.6591 81.1365 1.61418
      vertex 49.9134 81.1871 1.75281
      vertex 49.8333 82 1.75281
    endloop
  endfacet
  facet normal -0.290161 -0.0285927 0.956551
    outer loop
      vertex 49.2926 82 1.52882
      vertex 49.3831 81.0816 1.52882
      vertex 49.574 82 1.61418
    endloop
  endfacet
  facet normal -0.290151 -0.028595 0.956554
    outer loop
      vertex 49.3831 81.0816 1.52882
      vertex 49.6591 81.1365 1.61418
      vertex 49.574 82 1.61418
    endloop
  endfacet
  facet normal -0.0980173 -0.00965703 0.995138
    outer loop
      vertex 49 82 1.5
      vertex 49.0961 81.0246 1.5
      vertex 49.2926 82 1.52882
    endloop
  endfacet
  facet normal -0.0980118 -0.00965817 0.995138
    outer loop
      vertex 49.0961 81.0246 1.5
      vertex 49.3831 81.0816 1.52882
      vertex 49.2926 82 1.52882
    endloop
  endfacet
  facet normal -0.952375 -0.288877 0.0976316
    outer loop
      vertex 50.539 81.3116 2.70737
      vertex 50.7398 80.6496 2.70737
      vertex 50.5673 81.3172 3
    endloop
  endfacet
  facet normal -0.952419 -0.288801 0.0974307
    outer loop
      vertex 50.5673 81.3172 3
      vertex 50.7398 80.6496 2.70737
      vertex 50.7664 80.6606 3
    endloop
  endfacet
  facet normal -0.916135 -0.277813 0.288994
    outer loop
      vertex 50.4553 81.2949 2.42598
      vertex 50.6609 80.6169 2.42598
      vertex 50.539 81.3116 2.70737
    endloop
  endfacet
  facet normal -0.916069 -0.277865 0.28915
    outer loop
      vertex 50.539 81.3116 2.70737
      vertex 50.6609 80.6169 2.42598
      vertex 50.7398 80.6496 2.70737
    endloop
  endfacet
  facet normal -0.844781 -0.256314 0.469731
    outer loop
      vertex 50.3193 81.2679 2.16666
      vertex 50.5329 80.5639 2.16666
      vertex 50.4553 81.2949 2.42598
    endloop
  endfacet
  facet normal -0.844967 -0.256232 0.469443
    outer loop
      vertex 50.4553 81.2949 2.42598
      vertex 50.5329 80.5639 2.16666
      vertex 50.6609 80.6169 2.42598
    endloop
  endfacet
  facet normal -0.741095 -0.224836 0.632635
    outer loop
      vertex 50.1363 81.2315 1.93935
      vertex 50.3605 80.4925 1.93935
      vertex 50.3193 81.2679 2.16666
    endloop
  endfacet
  facet normal -0.741061 -0.224845 0.632672
    outer loop
      vertex 50.3193 81.2679 2.16666
      vertex 50.3605 80.4925 1.93935
      vertex 50.5329 80.5639 2.16666
    endloop
  endfacet
  facet normal -0.608849 -0.184696 0.771486
    outer loop
      vertex 49.9134 81.1871 1.75281
      vertex 50.1505 80.4055 1.75281
      vertex 50.1363 81.2315 1.93935
    endloop
  endfacet
  facet normal -0.608808 -0.184702 0.771517
    outer loop
      vertex 50.1363 81.2315 1.93935
      vertex 50.1505 80.4055 1.75281
      vertex 50.3605 80.4925 1.93935
    endloop
  endfacet
  facet normal -0.452895 -0.137363 0.880919
    outer loop
      vertex 49.6591 81.1365 1.61418
      vertex 49.9109 80.3063 1.61418
      vertex 49.9134 81.1871 1.75281
    endloop
  endfacet
  facet normal -0.452834 -0.137368 0.880949
    outer loop
      vertex 49.9109 80.3063 1.61418
      vertex 50.1505 80.4055 1.75281
      vertex 49.9134 81.1871 1.75281
    endloop
  endfacet
  facet normal -0.279001 -0.0846481 0.956553
    outer loop
      vertex 49.3831 81.0816 1.52882
      vertex 49.651 80.1986 1.52882
      vertex 49.6591 81.1365 1.61418
    endloop
  endfacet
  facet normal -0.279081 -0.0846453 0.95653
    outer loop
      vertex 49.651 80.1986 1.52882
      vertex 49.9109 80.3063 1.61418
      vertex 49.6591 81.1365 1.61418
    endloop
  endfacet
  facet normal -0.0942523 -0.0285872 0.995138
    outer loop
      vertex 49.0961 81.0246 1.5
      vertex 49.3806 80.0866 1.5
      vertex 49.3831 81.0816 1.52882
    endloop
  endfacet
  facet normal -0.094224 -0.0285873 0.99514
    outer loop
      vertex 49.3806 80.0866 1.5
      vertex 49.651 80.1986 1.52882
      vertex 49.3831 81.0816 1.52882
    endloop
  endfacet
  facet normal -0.877729 -0.469149 0.0974208
    outer loop
      vertex 50.7398 80.6496 2.70737
      vertex 51.0659 80.0395 2.70737
      vertex 50.7664 80.6606 3
    endloop
  endfacet
  facet normal -0.877667 -0.46922 0.0976371
    outer loop
      vertex 50.7664 80.6606 3
      vertex 51.0659 80.0395 2.70737
      vertex 51.0899 80.0555 3
    endloop
  endfacet
  facet normal -0.844225 -0.451298 0.28916
    outer loop
      vertex 50.6609 80.6169 2.42598
      vertex 50.9949 79.9921 2.42598
      vertex 50.7398 80.6496 2.70737
    endloop
  endfacet
  facet normal -0.84428 -0.45127 0.289044
    outer loop
      vertex 50.7398 80.6496 2.70737
      vertex 50.9949 79.9921 2.42598
      vertex 51.0659 80.0395 2.70737
    endloop
  endfacet
  facet normal -0.778702 -0.416236 0.469437
    outer loop
      vertex 50.5329 80.5639 2.16666
      vertex 50.8797 79.9151 2.16666
      vertex 50.6609 80.6169 2.42598
    endloop
  endfacet
  facet normal -0.778655 -0.416247 0.469505
    outer loop
      vertex 50.6609 80.6169 2.42598
      vertex 50.8797 79.9151 2.16666
      vertex 50.9949 79.9921 2.42598
    endloop
  endfacet
  facet normal -0.682964 -0.365097 0.632664
    outer loop
      vertex 50.3605 80.4925 1.93935
      vertex 50.7246 79.8114 1.93935
      vertex 50.5329 80.5639 2.16666
    endloop
  endfacet
  facet normal -0.683023 -0.365093 0.632603
    outer loop
      vertex 50.5329 80.5639 2.16666
      vertex 50.7246 79.8114 1.93935
      vertex 50.8797 79.9151 2.16666
    endloop
  endfacet
  facet normal -0.561072 -0.299929 0.771518
    outer loop
      vertex 50.1505 80.4055 1.75281
      vertex 50.5356 79.6851 1.75281
      vertex 50.3605 80.4925 1.93935
    endloop
  endfacet
  facet normal -0.561058 -0.299928 0.771529
    outer loop
      vertex 50.3605 80.4925 1.93935
      vertex 50.5356 79.6851 1.75281
      vertex 50.7246 79.8114 1.93935
    endloop
  endfacet
  facet normal -0.417347 -0.223072 0.880943
    outer loop
      vertex 49.9109 80.3063 1.61418
      vertex 50.3199 79.5411 1.61418
      vertex 50.1505 80.4055 1.75281
    endloop
  endfacet
  facet normal -0.417284 -0.223065 0.880975
    outer loop
      vertex 50.1505 80.4055 1.75281
      vertex 50.3199 79.5411 1.61418
      vertex 50.5356 79.6851 1.75281
    endloop
  endfacet
  facet normal -0.257195 -0.137462 0.956533
    outer loop
      vertex 49.651 80.1986 1.52882
      vertex 50.086 79.3847 1.52882
      vertex 49.9109 80.3063 1.61418
    endloop
  endfacet
  facet normal -0.25717 -0.137457 0.95654
    outer loop
      vertex 49.9109 80.3063 1.61418
      vertex 50.086 79.3847 1.52882
      vertex 50.3199 79.5411 1.61418
    endloop
  endfacet
  facet normal -0.0868368 -0.0464221 0.99514
    outer loop
      vertex 49.3806 80.0866 1.5
      vertex 49.8427 79.2222 1.5
      vertex 49.651 80.1986 1.52882
    endloop
  endfacet
  facet normal -0.0868691 -0.0464284 0.995137
    outer loop
      vertex 49.651 80.1986 1.52882
      vertex 49.8427 79.2222 1.5
      vertex 50.086 79.3847 1.52882
    endloop
  endfacet
  facet normal -0.769388 -0.631278 0.0976174
    outer loop
      vertex 51.0659 80.0395 2.70737
      vertex 51.5047 79.5047 2.70737
      vertex 51.0899 80.0555 3
    endloop
  endfacet
  facet normal -0.769379 -0.631285 0.097644
    outer loop
      vertex 51.0899 80.0555 3
      vertex 51.5047 79.5047 2.70737
      vertex 51.5251 79.5251 3
    endloop
  endfacet
  facet normal -0.740011 -0.60733 0.289023
    outer loop
      vertex 50.9949 79.9921 2.42598
      vertex 51.4444 79.4444 2.42598
      vertex 51.0659 80.0395 2.70737
    endloop
  endfacet
  facet normal -0.740151 -0.60729 0.288748
    outer loop
      vertex 51.0659 80.0395 2.70737
      vertex 51.4444 79.4444 2.42598
      vertex 51.5047 79.5047 2.70737
    endloop
  endfacet
  facet normal -0.682522 -0.560107 0.469515
    outer loop
      vertex 50.8797 79.9151 2.16666
      vertex 51.3464 79.3464 2.16666
      vertex 50.9949 79.9921 2.42598
    endloop
  endfacet
  facet normal -0.682472 -0.560108 0.469585
    outer loop
      vertex 50.9949 79.9921 2.42598
      vertex 51.3464 79.3464 2.16666
      vertex 51.4444 79.4444 2.42598
    endloop
  endfacet
  facet normal -0.598647 -0.491334 0.632623
    outer loop
      vertex 50.7246 79.8114 1.93935
      vertex 51.2145 79.2145 1.93935
      vertex 50.8797 79.9151 2.16666
    endloop
  endfacet
  facet normal -0.598732 -0.491346 0.632534
    outer loop
      vertex 50.8797 79.9151 2.16666
      vertex 51.2145 79.2145 1.93935
      vertex 51.3464 79.3464 2.16666
    endloop
  endfacet
  facet normal -0.491811 -0.403559 0.771533
    outer loop
      vertex 50.5356 79.6851 1.75281
      vertex 51.0537 79.0537 1.75281
      vertex 50.7246 79.8114 1.93935
    endloop
  endfacet
  facet normal -0.491654 -0.40352 0.771652
    outer loop
      vertex 50.7246 79.8114 1.93935
      vertex 51.0537 79.0537 1.75281
      vertex 51.2145 79.2145 1.93935
    endloop
  endfacet
  facet normal -0.365767 -0.300216 0.880957
    outer loop
      vertex 50.3199 79.5411 1.61418
      vertex 50.8704 78.8704 1.61418
      vertex 50.5356 79.6851 1.75281
    endloop
  endfacet
  facet normal -0.365933 -0.300269 0.88087
    outer loop
      vertex 50.5356 79.6851 1.75281
      vertex 50.8704 78.8704 1.61418
      vertex 51.0537 79.0537 1.75281
    endloop
  endfacet
  facet normal -0.225395 -0.18498 0.956546
    outer loop
      vertex 50.086 79.3847 1.52882
      vertex 50.6714 78.6714 1.52882
      vertex 50.3199 79.5411 1.61418
    endloop
  endfacet
  facet normal -0.225349 -0.184963 0.95656
    outer loop
      vertex 50.3199 79.5411 1.61418
      vertex 50.6714 78.6714 1.52882
      vertex 50.8704 78.8704 1.61418
    endloop
  endfacet
  facet normal -0.0761437 -0.0624867 0.995137
    outer loop
      vertex 49.8427 79.2222 1.5
      vertex 50.4645 78.4645 1.5
      vertex 50.086 79.3847 1.52882
    endloop
  endfacet
  facet normal -0.0761343 -0.0624828 0.995138
    outer loop
      vertex 50.086 79.3847 1.52882
      vertex 50.4645 78.4645 1.5
      vertex 50.6714 78.6714 1.52882
    endloop
  endfacet
  facet normal -0.631277 -0.769386 0.0976439
    outer loop
      vertex 51.5047 79.5047 2.70737
      vertex 52.0395 79.0659 2.70737
      vertex 51.5251 79.5251 3
    endloop
  endfacet
  facet normal -0.631287 -0.769381 0.0976173
    outer loop
      vertex 51.5251 79.5251 3
      vertex 52.0395 79.0659 2.70737
      vertex 52.0555 79.0899 3
    endloop
  endfacet
  facet normal -0.607382 -0.740074 0.288751
    outer loop
      vertex 51.4444 79.4444 2.42598
      vertex 51.9921 78.9949 2.42598
      vertex 51.5047 79.5047 2.70737
    endloop
  endfacet
  facet normal -0.607236 -0.740086 0.289026
    outer loop
      vertex 51.5047 79.5047 2.70737
      vertex 51.9921 78.9949 2.42598
      vertex 52.0395 79.0659 2.70737
    endloop
  endfacet
  facet normal -0.560084 -0.682493 0.469584
    outer loop
      vertex 51.3464 79.3464 2.16666
      vertex 51.9151 78.8797 2.16666
      vertex 51.4444 79.4444 2.42598
    endloop
  endfacet
  facet normal -0.560132 -0.682502 0.469514
    outer loop
      vertex 51.4444 79.4444 2.42598
      vertex 51.9151 78.8797 2.16666
      vertex 51.9921 78.9949 2.42598
    endloop
  endfacet
  facet normal -0.491379 -0.598702 0.632536
    outer loop
      vertex 51.2145 79.2145 1.93935
      vertex 51.8114 78.7246 1.93935
      vertex 51.3464 79.3464 2.16666
    endloop
  endfacet
  facet normal -0.491298 -0.598674 0.632625
    outer loop
      vertex 51.3464 79.3464 2.16666
      vertex 51.8114 78.7246 1.93935
      vertex 51.9151 78.8797 2.16666
    endloop
  endfacet
  facet normal -0.403469 -0.491701 0.771649
    outer loop
      vertex 51.0537 79.0537 1.75281
      vertex 51.6851 78.5356 1.75281
      vertex 51.2145 79.2145 1.93935
    endloop
  endfacet
  facet normal -0.403615 -0.49177 0.771529
    outer loop
      vertex 51.2145 79.2145 1.93935
      vertex 51.6851 78.5356 1.75281
      vertex 51.8114 78.7246 1.93935
    endloop
  endfacet
  facet normal -0.300316 -0.365889 0.880872
    outer loop
      vertex 50.8704 78.8704 1.61418
      vertex 51.5411 78.3199 1.61418
      vertex 51.0537 79.0537 1.75281
    endloop
  endfacet
  facet normal -0.300163 -0.365804 0.880959
    outer loop
      vertex 51.0537 79.0537 1.75281
      vertex 51.5411 78.3199 1.61418
      vertex 51.6851 78.5356 1.75281
    endloop
  endfacet
  facet normal -0.184951 -0.22536 0.956559
    outer loop
      vertex 50.6714 78.6714 1.52882
      vertex 51.3847 78.086 1.52882
      vertex 50.8704 78.8704 1.61418
    endloop
  endfacet
  facet normal -0.184993 -0.225386 0.956545
    outer loop
      vertex 50.8704 78.8704 1.61418
      vertex 51.3847 78.086 1.52882
      vertex 51.5411 78.3199 1.61418
    endloop
  endfacet
  facet normal -0.0624852 -0.0761319 0.995138
    outer loop
      vertex 50.4645 78.4645 1.5
      vertex 51.2221 77.8427 1.5
      vertex 50.6714 78.6714 1.52882
    endloop
  endfacet
  facet normal -0.0624757 -0.0761256 0.995139
    outer loop
      vertex 50.6714 78.6714 1.52882
      vertex 51.2221 77.8427 1.5
      vertex 51.3847 78.086 1.52882
    endloop
  endfacet
  facet normal -0.469139 -0.877711 0.0976362
    outer loop
      vertex 52.0395 79.0659 2.70737
      vertex 52.6496 78.7398 2.70737
      vertex 52.0555 79.0899 3
    endloop
  endfacet
  facet normal -0.46923 -0.877686 0.0974199
    outer loop
      vertex 52.0555 79.0899 3
      vertex 52.6496 78.7398 2.70737
      vertex 52.6606 78.7664 3
    endloop
  endfacet
  facet normal -0.451315 -0.844256 0.289045
    outer loop
      vertex 51.9921 78.9949 2.42598
      vertex 52.6169 78.6609 2.42598
      vertex 52.0395 79.0659 2.70737
    endloop
  endfacet
  facet normal -0.451253 -0.844249 0.289162
    outer loop
      vertex 52.0395 79.0659 2.70737
      vertex 52.6169 78.6609 2.42598
      vertex 52.6496 78.7398 2.70737
    endloop
  endfacet
  facet normal -0.416219 -0.778671 0.469504
    outer loop
      vertex 51.9151 78.8797 2.16666
      vertex 52.5639 78.5329 2.16666
      vertex 51.9921 78.9949 2.42598
    endloop
  endfacet
  facet normal -0.416264 -0.778688 0.469436
    outer loop
      vertex 51.9921 78.9949 2.42598
      vertex 52.5639 78.5329 2.16666
      vertex 52.6169 78.6609 2.42598
    endloop
  endfacet
  facet normal -0.36512 -0.683007 0.632605
    outer loop
      vertex 51.8114 78.7246 1.93935
      vertex 52.4925 78.3605 1.93935
      vertex 51.9151 78.8797 2.16666
    endloop
  endfacet
  facet normal -0.365069 -0.682978 0.632666
    outer loop
      vertex 51.9151 78.8797 2.16666
      vertex 52.4925 78.3605 1.93935
      vertex 52.5639 78.5329 2.16666
    endloop
  endfacet
  facet normal -0.299923 -0.561061 0.771528
    outer loop
      vertex 51.6851 78.5356 1.75281
      vertex 52.4055 78.1505 1.75281
      vertex 51.8114 78.7246 1.93935
    endloop
  endfacet
  facet normal -0.299935 -0.56107 0.771518
    outer loop
      vertex 51.8114 78.7246 1.93935
      vertex 52.4055 78.1505 1.75281
      vertex 52.4925 78.3605 1.93935
    endloop
  endfacet
  facet normal -0.223045 -0.417296 0.880974
    outer loop
      vertex 51.5411 78.3199 1.61418
      vertex 52.3063 77.9109 1.61418
      vertex 51.6851 78.5356 1.75281
    endloop
  endfacet
  facet normal -0.223094 -0.417338 0.880942
    outer loop
      vertex 51.6851 78.5356 1.75281
      vertex 52.3063 77.9109 1.61418
      vertex 52.4055 78.1505 1.75281
    endloop
  endfacet
  facet normal -0.13745 -0.257174 0.95654
    outer loop
      vertex 51.3847 78.086 1.52882
      vertex 52.1986 77.651 1.52882
      vertex 51.5411 78.3199 1.61418
    endloop
  endfacet
  facet normal -0.137469 -0.257192 0.956533
    outer loop
      vertex 51.5411 78.3199 1.61418
      vertex 52.1986 77.651 1.52882
      vertex 52.3063 77.9109 1.61418
    endloop
  endfacet
  facet normal -0.0464251 -0.0868524 0.995139
    outer loop
      vertex 51.2221 77.8427 1.5
      vertex 52.0866 77.3806 1.5
      vertex 51.3847 78.086 1.52882
    endloop
  endfacet
  facet normal -0.0464131 -0.0868405 0.99514
    outer loop
      vertex 51.3847 78.086 1.52882
      vertex 52.0866 77.3806 1.5
      vertex 52.1986 77.651 1.52882
    endloop
  endfacet
  facet normal -0.288883 -0.952394 0.0974315
    outer loop
      vertex 52.6496 78.7398 2.70737
      vertex 53.3116 78.539 2.70737
      vertex 52.6606 78.7664 3
    endloop
  endfacet
  facet normal -0.288795 -0.9524 0.0976324
    outer loop
      vertex 52.6606 78.7664 3
      vertex 53.3116 78.539 2.70737
      vertex 53.3172 78.5673 3
    endloop
  endfacet
  facet normal -0.2778 -0.91609 0.289149
    outer loop
      vertex 52.6169 78.6609 2.42598
      vertex 53.2949 78.4553 2.42598
      vertex 52.6496 78.7398 2.70737
    endloop
  endfacet
  facet normal -0.277879 -0.916115 0.288992
    outer loop
      vertex 52.6496 78.7398 2.70737
      vertex 53.2949 78.4553 2.42598
      vertex 53.3116 78.539 2.70737
    endloop
  endfacet
  facet normal -0.256358 -0.844925 0.469449
    outer loop
      vertex 52.5639 78.5329 2.16666
      vertex 53.2679 78.3193 2.16666
      vertex 52.6169 78.6609 2.42598
    endloop
  endfacet
  facet normal -0.256186 -0.844817 0.469737
    outer loop
      vertex 52.6169 78.6609 2.42598
      vertex 53.2679 78.3193 2.16666
      vertex 53.2949 78.4553 2.42598
    endloop
  endfacet
  facet normal -0.224827 -0.741067 0.632671
    outer loop
      vertex 52.4925 78.3605 1.93935
      vertex 53.2315 78.1363 1.93935
      vertex 52.5639 78.5329 2.16666
    endloop
  endfacet
  facet normal -0.224853 -0.74109 0.632635
    outer loop
      vertex 52.5639 78.5329 2.16666
      vertex 53.2315 78.1363 1.93935
      vertex 53.2679 78.3193 2.16666
    endloop
  endfacet
  facet normal -0.184685 -0.608814 0.771516
    outer loop
      vertex 52.4055 78.1505 1.75281
      vertex 53.1871 77.9134 1.75281
      vertex 52.4925 78.3605 1.93935
    endloop
  endfacet
  facet normal -0.184713 -0.608845 0.771485
    outer loop
      vertex 52.4925 78.3605 1.93935
      vertex 53.1871 77.9134 1.75281
      vertex 53.2315 78.1363 1.93935
    endloop
  endfacet
  facet normal -0.137347 -0.452842 0.880948
    outer loop
      vertex 52.3063 77.9109 1.61418
      vertex 53.1365 77.6591 1.61418
      vertex 52.4055 78.1505 1.75281
    endloop
  endfacet
  facet normal -0.137385 -0.45289 0.880918
    outer loop
      vertex 52.4055 78.1505 1.75281
      vertex 53.1365 77.6591 1.61418
      vertex 53.1871 77.9134 1.75281
    endloop
  endfacet
  facet normal -0.0846694 -0.279071 0.95653
    outer loop
      vertex 52.1986 77.651 1.52882
      vertex 53.0816 77.3831 1.52882
      vertex 52.3063 77.9109 1.61418
    endloop
  endfacet
  facet normal -0.0846226 -0.279006 0.956554
    outer loop
      vertex 52.3063 77.9109 1.61418
      vertex 53.0816 77.3831 1.52882
      vertex 53.1365 77.6591 1.61418
    endloop
  endfacet
  facet normal -0.0285823 -0.0942261 0.99514
    outer loop
      vertex 52.0866 77.3806 1.5
      vertex 53.0245 77.0961 1.5
      vertex 52.1986 77.651 1.52882
    endloop
  endfacet
  facet normal -0.0285926 -0.0942413 0.995139
    outer loop
      vertex 52.1986 77.651 1.52882
      vertex 53.0245 77.0961 1.5
      vertex 53.0816 77.3831 1.52882
    endloop
  endfacet
  facet normal -0.0975466 -0.990429 0.0976503
    outer loop
      vertex 53.3116 78.539 2.70737
      vertex 54 78.4712 2.70737
      vertex 53.3172 78.5673 3
    endloop
  endfacet
  facet normal -0.0976223 -0.990438 0.0974768
    outer loop
      vertex 53.3172 78.5673 3
      vertex 54 78.4712 2.70737
      vertex 54 78.5 3
    endloop
  endfacet
  facet normal -0.0939076 -0.952723 0.288963
    outer loop
      vertex 53.2949 78.4553 2.42598
      vertex 54 78.3858 2.42598
      vertex 53.3116 78.539 2.70737
    endloop
  endfacet
  facet normal -0.0938287 -0.95268 0.289132
    outer loop
      vertex 53.3116 78.539 2.70737
      vertex 54 78.3858 2.42598
      vertex 54 78.4712 2.70737
    endloop
  endfacet
  facet normal -0.0865224 -0.878544 0.46976
    outer loop
      vertex 53.2679 78.3193 2.16666
      vertex 54 78.2472 2.16666
      vertex 53.2949 78.4553 2.42598
    endloop
  endfacet
  facet normal -0.0866035 -0.878621 0.469601
    outer loop
      vertex 53.2949 78.4553 2.42598
      vertex 54 78.2472 2.16666
      vertex 54 78.3858 2.42598
    endloop
  endfacet
  facet normal -0.0758195 -0.770732 0.632633
    outer loop
      vertex 53.2315 78.1363 1.93935
      vertex 54 78.0607 1.93935
      vertex 53.2679 78.3193 2.16666
    endloop
  endfacet
  facet normal -0.0759173 -0.77086 0.632464
    outer loop
      vertex 53.2679 78.3193 2.16666
      vertex 54 78.0607 1.93935
      vertex 54 78.2472 2.16666
    endloop
  endfacet
  facet normal -0.0623929 -0.633198 0.771471
    outer loop
      vertex 53.1871 77.9134 1.75281
      vertex 54 77.8333 1.75281
      vertex 53.2315 78.1363 1.93935
    endloop
  endfacet
  facet normal -0.0622699 -0.632995 0.771647
    outer loop
      vertex 53.2315 78.1363 1.93935
      vertex 54 77.8333 1.75281
      vertex 54 78.0607 1.93935
    endloop
  endfacet
  facet normal -0.0464172 -0.47099 0.880917
    outer loop
      vertex 53.1365 77.6591 1.61418
      vertex 54 77.574 1.61418
      vertex 53.1871 77.9134 1.75281
    endloop
  endfacet
  facet normal -0.0464077 -0.470971 0.880927
    outer loop
      vertex 53.1871 77.9134 1.75281
      vertex 54 77.574 1.61418
      vertex 54 77.8333 1.75281
    endloop
  endfacet
  facet normal -0.0285918 -0.290151 0.956554
    outer loop
      vertex 53.0816 77.3831 1.52882
      vertex 54 77.2926 1.52882
      vertex 53.1365 77.6591 1.61418
    endloop
  endfacet
  facet normal -0.028596 -0.29016 0.956551
    outer loop
      vertex 53.1365 77.6591 1.61418
      vertex 54 77.2926 1.52882
      vertex 54 77.574 1.61418
    endloop
  endfacet
  facet normal -0.00965522 -0.098009 0.995139
    outer loop
      vertex 53.0245 77.0961 1.5
      vertex 54 77 1.5
      vertex 53.0816 77.3831 1.52882
    endloop
  endfacet
  facet normal -0.00965872 -0.0980173 0.995138
    outer loop
      vertex 53.0816 77.3831 1.52882
      vertex 54 77 1.5
      vertex 54 77.2926 1.52882
    endloop
  endfacet
  facet normal 0.0975482 -0.990446 0.0974775
    outer loop
      vertex 54 78.4712 2.70737
      vertex 54.6884 78.539 2.70737
      vertex 54 78.5 3
    endloop
  endfacet
  facet normal 0.0976206 -0.990421 0.097651
    outer loop
      vertex 54 78.5 3
      vertex 54.6884 78.539 2.70737
      vertex 54.6828 78.5673 3
    endloop
  endfacet
  facet normal 0.0939027 -0.952673 0.28913
    outer loop
      vertex 54 78.3858 2.42598
      vertex 54.7051 78.4553 2.42598
      vertex 54 78.4712 2.70737
    endloop
  endfacet
  facet normal 0.0938338 -0.952731 0.288961
    outer loop
      vertex 54 78.4712 2.70737
      vertex 54.7051 78.4553 2.42598
      vertex 54.6884 78.539 2.70737
    endloop
  endfacet
  facet normal 0.0865305 -0.878627 0.469604
    outer loop
      vertex 54 78.2472 2.16666
      vertex 54.7321 78.3193 2.16666
      vertex 54 78.3858 2.42598
    endloop
  endfacet
  facet normal 0.0865951 -0.878535 0.469763
    outer loop
      vertex 54 78.3858 2.42598
      vertex 54.7321 78.3193 2.16666
      vertex 54.7051 78.4553 2.42598
    endloop
  endfacet
  facet normal 0.0758327 -0.770865 0.632468
    outer loop
      vertex 54 78.0607 1.93935
      vertex 54.7685 78.1363 1.93935
      vertex 54 78.2472 2.16666
    endloop
  endfacet
  facet normal 0.0759035 -0.77072 0.632637
    outer loop
      vertex 54 78.2472 2.16666
      vertex 54.7685 78.1363 1.93935
      vertex 54.7321 78.3193 2.16666
    endloop
  endfacet
  facet normal 0.0623725 -0.632991 0.771642
    outer loop
      vertex 54 77.8333 1.75281
      vertex 54.8129 77.9134 1.75281
      vertex 54 78.0607 1.93935
    endloop
  endfacet
  facet normal 0.0622915 -0.633214 0.771466
    outer loop
      vertex 54 78.0607 1.93935
      vertex 54.8129 77.9134 1.75281
      vertex 54.7685 78.1363 1.93935
    endloop
  endfacet
  facet normal 0.0464154 -0.470971 0.880927
    outer loop
      vertex 54 77.574 1.61418
      vertex 54.8635 77.6591 1.61418
      vertex 54 77.8333 1.75281
    endloop
  endfacet
  facet normal 0.0464096 -0.470991 0.880916
    outer loop
      vertex 54 77.8333 1.75281
      vertex 54.8635 77.6591 1.61418
      vertex 54.8129 77.9134 1.75281
    endloop
  endfacet
  facet normal 0.0285927 -0.290161 0.956551
    outer loop
      vertex 54 77.2926 1.52882
      vertex 54.9184 77.3831 1.52882
      vertex 54 77.574 1.61418
    endloop
  endfacet
  facet normal 0.028595 -0.290151 0.956554
    outer loop
      vertex 54 77.574 1.61418
      vertex 54.9184 77.3831 1.52882
      vertex 54.8635 77.6591 1.61418
    endloop
  endfacet
  facet normal 0.00965604 -0.0980173 0.995138
    outer loop
      vertex 54 77 1.5
      vertex 54.9755 77.0961 1.5
      vertex 54 77.2926 1.52882
    endloop
  endfacet
  facet normal 0.00965785 -0.0980085 0.995139
    outer loop
      vertex 54 77.2926 1.52882
      vertex 54.9755 77.0961 1.5
      vertex 54.9184 77.3831 1.52882
    endloop
  endfacet
  facet normal 0.288877 -0.952375 0.0976316
    outer loop
      vertex 54.6828 78.5673 3
      vertex 54.6884 78.539 2.70737
      vertex 55.3504 78.7398 2.70737
    endloop
  endfacet
  facet normal 0.288801 -0.952419 0.0974307
    outer loop
      vertex 54.6828 78.5673 3
      vertex 55.3504 78.7398 2.70737
      vertex 55.3394 78.7664 3
    endloop
  endfacet
  facet normal 0.277813 -0.916135 0.288994
    outer loop
      vertex 54.6884 78.539 2.70737
      vertex 54.7051 78.4553 2.42598
      vertex 55.3831 78.6609 2.42598
    endloop
  endfacet
  facet normal 0.277865 -0.916069 0.28915
    outer loop
      vertex 54.6884 78.539 2.70737
      vertex 55.3831 78.6609 2.42598
      vertex 55.3504 78.7398 2.70737
    endloop
  endfacet
  facet normal 0.256314 -0.844781 0.469731
    outer loop
      vertex 54.7051 78.4553 2.42598
      vertex 54.7321 78.3193 2.16666
      vertex 55.4361 78.5329 2.16666
    endloop
  endfacet
  facet normal 0.256232 -0.844967 0.469443
    outer loop
      vertex 54.7051 78.4553 2.42598
      vertex 55.4361 78.5329 2.16666
      vertex 55.3831 78.6609 2.42598
    endloop
  endfacet
  facet normal 0.224836 -0.741095 0.632635
    outer loop
      vertex 54.7321 78.3193 2.16666
      vertex 54.7685 78.1363 1.93935
      vertex 55.5075 78.3605 1.93935
    endloop
  endfacet
  facet normal 0.224845 -0.741061 0.632672
    outer loop
      vertex 54.7321 78.3193 2.16666
      vertex 55.5075 78.3605 1.93935
      vertex 55.4361 78.5329 2.16666
    endloop
  endfacet
  facet normal 0.184696 -0.608849 0.771486
    outer loop
      vertex 54.7685 78.1363 1.93935
      vertex 54.8129 77.9134 1.75281
      vertex 55.5945 78.1505 1.75281
    endloop
  endfacet
  facet normal 0.184702 -0.608808 0.771517
    outer loop
      vertex 54.7685 78.1363 1.93935
      vertex 55.5945 78.1505 1.75281
      vertex 55.5075 78.3605 1.93935
    endloop
  endfacet
  facet normal 0.137363 -0.452895 0.880919
    outer loop
      vertex 54.8129 77.9134 1.75281
      vertex 54.8635 77.6591 1.61418
      vertex 55.6937 77.9109 1.61418
    endloop
  endfacet
  facet normal 0.137368 -0.452834 0.880949
    outer loop
      vertex 54.8129 77.9134 1.75281
      vertex 55.6937 77.9109 1.61418
      vertex 55.5945 78.1505 1.75281
    endloop
  endfacet
  facet normal 0.0846481 -0.279001 0.956553
    outer loop
      vertex 54.8635 77.6591 1.61418
      vertex 54.9184 77.3831 1.52882
      vertex 55.8014 77.651 1.52882
    endloop
  endfacet
  facet normal 0.0846453 -0.279081 0.95653
    outer loop
      vertex 54.8635 77.6591 1.61418
      vertex 55.8014 77.651 1.52882
      vertex 55.6937 77.9109 1.61418
    endloop
  endfacet
  facet normal 0.0285872 -0.0942424 0.995139
    outer loop
      vertex 54.9184 77.3831 1.52882
      vertex 54.9755 77.0961 1.5
      vertex 55.9134 77.3806 1.5
    endloop
  endfacet
  facet normal 0.0285873 -0.094224 0.99514
    outer loop
      vertex 54.9184 77.3831 1.52882
      vertex 55.9134 77.3806 1.5
      vertex 55.8014 77.651 1.52882
    endloop
  endfacet
  facet normal 0.469149 -0.877729 0.0974208
    outer loop
      vertex 55.3394 78.7664 3
      vertex 55.3504 78.7398 2.70737
      vertex 55.9605 79.0659 2.70737
    endloop
  endfacet
  facet normal 0.46922 -0.877667 0.0976371
    outer loop
      vertex 55.3394 78.7664 3
      vertex 55.9605 79.0659 2.70737
      vertex 55.9445 79.0899 3
    endloop
  endfacet
  facet normal 0.451298 -0.844225 0.28916
    outer loop
      vertex 55.3504 78.7398 2.70737
      vertex 55.3831 78.6609 2.42598
      vertex 56.0079 78.9949 2.42598
    endloop
  endfacet
  facet normal 0.45127 -0.84428 0.289044
    outer loop
      vertex 55.3504 78.7398 2.70737
      vertex 56.0079 78.9949 2.42598
      vertex 55.9605 79.0659 2.70737
    endloop
  endfacet
  facet normal 0.416236 -0.778702 0.469437
    outer loop
      vertex 55.3831 78.6609 2.42598
      vertex 55.4361 78.5329 2.16666
      vertex 56.0849 78.8797 2.16666
    endloop
  endfacet
  facet normal 0.416247 -0.778655 0.469505
    outer loop
      vertex 55.3831 78.6609 2.42598
      vertex 56.0849 78.8797 2.16666
      vertex 56.0079 78.9949 2.42598
    endloop
  endfacet
  facet normal 0.365097 -0.682964 0.632664
    outer loop
      vertex 55.4361 78.5329 2.16666
      vertex 55.5075 78.3605 1.93935
      vertex 56.1886 78.7246 1.93935
    endloop
  endfacet
  facet normal 0.365093 -0.683023 0.632603
    outer loop
      vertex 55.4361 78.5329 2.16666
      vertex 56.1886 78.7246 1.93935
      vertex 56.0849 78.8797 2.16666
    endloop
  endfacet
  facet normal 0.299929 -0.561072 0.771518
    outer loop
      vertex 55.5075 78.3605 1.93935
      vertex 55.5945 78.1505 1.75281
      vertex 56.3149 78.5356 1.75281
    endloop
  endfacet
  facet normal 0.299928 -0.561058 0.771529
    outer loop
      vertex 55.5075 78.3605 1.93935
      vertex 56.3149 78.5356 1.75281
      vertex 56.1886 78.7246 1.93935
    endloop
  endfacet
  facet normal 0.223072 -0.417347 0.880943
    outer loop
      vertex 55.5945 78.1505 1.75281
      vertex 55.6937 77.9109 1.61418
      vertex 56.4589 78.3199 1.61418
    endloop
  endfacet
  facet normal 0.223065 -0.417284 0.880975
    outer loop
      vertex 55.5945 78.1505 1.75281
      vertex 56.4589 78.3199 1.61418
      vertex 56.3149 78.5356 1.75281
    endloop
  endfacet
  facet normal 0.137462 -0.257195 0.956533
    outer loop
      vertex 55.6937 77.9109 1.61418
      vertex 55.8014 77.651 1.52882
      vertex 56.6153 78.086 1.52882
    endloop
  endfacet
  facet normal 0.137457 -0.25717 0.95654
    outer loop
      vertex 55.6937 77.9109 1.61418
      vertex 56.6153 78.086 1.52882
      vertex 56.4589 78.3199 1.61418
    endloop
  endfacet
  facet normal 0.0464177 -0.0868386 0.99514
    outer loop
      vertex 55.8014 77.651 1.52882
      vertex 55.9134 77.3806 1.5
      vertex 56.7779 77.8427 1.5
    endloop
  endfacet
  facet normal 0.0464209 -0.0868552 0.995139
    outer loop
      vertex 55.8014 77.651 1.52882
      vertex 56.7779 77.8427 1.5
      vertex 56.6153 78.086 1.52882
    endloop
  endfacet
  facet normal 0.631278 -0.769388 0.0976174
    outer loop
      vertex 55.9445 79.0899 3
      vertex 55.9605 79.0659 2.70737
      vertex 56.4953 79.5047 2.70737
    endloop
  endfacet
  facet normal 0.631285 -0.769379 0.097644
    outer loop
      vertex 55.9445 79.0899 3
      vertex 56.4953 79.5047 2.70737
      vertex 56.4749 79.5251 3
    endloop
  endfacet
  facet normal 0.60733 -0.740011 0.289023
    outer loop
      vertex 55.9605 79.0659 2.70737
      vertex 56.0079 78.9949 2.42598
      vertex 56.5556 79.4444 2.42598
    endloop
  endfacet
  facet normal 0.60729 -0.740151 0.288748
    outer loop
      vertex 55.9605 79.0659 2.70737
      vertex 56.5556 79.4444 2.42598
      vertex 56.4953 79.5047 2.70737
    endloop
  endfacet
  facet normal 0.560107 -0.682522 0.469515
    outer loop
      vertex 56.0079 78.9949 2.42598
      vertex 56.0849 78.8797 2.16666
      vertex 56.6536 79.3464 2.16666
    endloop
  endfacet
  facet normal 0.560108 -0.682472 0.469585
    outer loop
      vertex 56.0079 78.9949 2.42598
      vertex 56.6536 79.3464 2.16666
      vertex 56.5556 79.4444 2.42598
    endloop
  endfacet
  facet normal 0.491334 -0.598647 0.632623
    outer loop
      vertex 56.0849 78.8797 2.16666
      vertex 56.1886 78.7246 1.93935
      vertex 56.7855 79.2145 1.93935
    endloop
  endfacet
  facet normal 0.491346 -0.598732 0.632534
    outer loop
      vertex 56.0849 78.8797 2.16666
      vertex 56.7855 79.2145 1.93935
      vertex 56.6536 79.3464 2.16666
    endloop
  endfacet
  facet normal 0.403559 -0.491811 0.771533
    outer loop
      vertex 56.1886 78.7246 1.93935
      vertex 56.3149 78.5356 1.75281
      vertex 56.9463 79.0537 1.75281
    endloop
  endfacet
  facet normal 0.40352 -0.491654 0.771652
    outer loop
      vertex 56.1886 78.7246 1.93935
      vertex 56.9463 79.0537 1.75281
      vertex 56.7855 79.2145 1.93935
    endloop
  endfacet
  facet normal 0.300216 -0.365767 0.880957
    outer loop
      vertex 56.3149 78.5356 1.75281
      vertex 56.4589 78.3199 1.61418
      vertex 57.1296 78.8704 1.61418
    endloop
  endfacet
  facet normal 0.300269 -0.365933 0.88087
    outer loop
      vertex 56.3149 78.5356 1.75281
      vertex 57.1296 78.8704 1.61418
      vertex 56.9463 79.0537 1.75281
    endloop
  endfacet
  facet normal 0.18498 -0.225395 0.956546
    outer loop
      vertex 56.4589 78.3199 1.61418
      vertex 56.6153 78.086 1.52882
      vertex 57.3286 78.6714 1.52882
    endloop
  endfacet
  facet normal 0.184963 -0.225349 0.95656
    outer loop
      vertex 56.4589 78.3199 1.61418
      vertex 57.3286 78.6714 1.52882
      vertex 57.1296 78.8704 1.61418
    endloop
  endfacet
  facet normal 0.0624785 -0.0761237 0.995139
    outer loop
      vertex 56.6153 78.086 1.52882
      vertex 56.7779 77.8427 1.5
      vertex 57.5355 78.4645 1.5
    endloop
  endfacet
  facet normal 0.0624828 -0.0761343 0.995138
    outer loop
      vertex 56.6153 78.086 1.52882
      vertex 57.5355 78.4645 1.5
      vertex 57.3286 78.6714 1.52882
    endloop
  endfacet
  facet normal 0.769386 -0.631277 0.0976439
    outer loop
      vertex 56.4749 79.5251 3
      vertex 56.4953 79.5047 2.70737
      vertex 56.9341 80.0395 2.70737
    endloop
  endfacet
  facet normal 0.769381 -0.631287 0.0976173
    outer loop
      vertex 56.4749 79.5251 3
      vertex 56.9341 80.0395 2.70737
      vertex 56.9101 80.0555 3
    endloop
  endfacet
  facet normal 0.740074 -0.607382 0.288751
    outer loop
      vertex 56.4953 79.5047 2.70737
      vertex 56.5556 79.4444 2.42598
      vertex 57.0051 79.9921 2.42598
    endloop
  endfacet
  facet normal 0.740086 -0.607236 0.289026
    outer loop
      vertex 56.4953 79.5047 2.70737
      vertex 57.0051 79.9921 2.42598
      vertex 56.9341 80.0395 2.70737
    endloop
  endfacet
  facet normal 0.682493 -0.560084 0.469584
    outer loop
      vertex 56.5556 79.4444 2.42598
      vertex 56.6536 79.3464 2.16666
      vertex 57.1203 79.9151 2.16666
    endloop
  endfacet
  facet normal 0.682502 -0.560132 0.469514
    outer loop
      vertex 56.5556 79.4444 2.42598
      vertex 57.1203 79.9151 2.16666
      vertex 57.0051 79.9921 2.42598
    endloop
  endfacet
  facet normal 0.598702 -0.491379 0.632536
    outer loop
      vertex 56.6536 79.3464 2.16666
      vertex 56.7855 79.2145 1.93935
      vertex 57.2754 79.8114 1.93935
    endloop
  endfacet
  facet normal 0.598674 -0.491298 0.632625
    outer loop
      vertex 56.6536 79.3464 2.16666
      vertex 57.2754 79.8114 1.93935
      vertex 57.1203 79.9151 2.16666
    endloop
  endfacet
  facet normal 0.491701 -0.403469 0.771649
    outer loop
      vertex 56.7855 79.2145 1.93935
      vertex 56.9463 79.0537 1.75281
      vertex 57.4644 79.6851 1.75281
    endloop
  endfacet
  facet normal 0.49177 -0.403615 0.771529
    outer loop
      vertex 56.7855 79.2145 1.93935
      vertex 57.4644 79.6851 1.75281
      vertex 57.2754 79.8114 1.93935
    endloop
  endfacet
  facet normal 0.365889 -0.300316 0.880872
    outer loop
      vertex 56.9463 79.0537 1.75281
      vertex 57.1296 78.8704 1.61418
      vertex 57.6801 79.5411 1.61418
    endloop
  endfacet
  facet normal 0.365804 -0.300163 0.880959
    outer loop
      vertex 56.9463 79.0537 1.75281
      vertex 57.6801 79.5411 1.61418
      vertex 57.4644 79.6851 1.75281
    endloop
  endfacet
  facet normal 0.22536 -0.184951 0.956559
    outer loop
      vertex 57.1296 78.8704 1.61418
      vertex 57.3286 78.6714 1.52882
      vertex 57.914 79.3847 1.52882
    endloop
  endfacet
  facet normal 0.225386 -0.184993 0.956545
    outer loop
      vertex 57.1296 78.8704 1.61418
      vertex 57.914 79.3847 1.52882
      vertex 57.6801 79.5411 1.61418
    endloop
  endfacet
  facet normal 0.0761364 -0.0624807 0.995138
    outer loop
      vertex 57.3286 78.6714 1.52882
      vertex 57.5355 78.4645 1.5
      vertex 58.1573 79.2222 1.5
    endloop
  endfacet
  facet normal 0.076142 -0.0624892 0.995137
    outer loop
      vertex 57.3286 78.6714 1.52882
      vertex 58.1573 79.2222 1.5
      vertex 57.914 79.3847 1.52882
    endloop
  endfacet
  facet normal 0.877711 -0.469139 0.0976362
    outer loop
      vertex 56.9101 80.0555 3
      vertex 56.9341 80.0395 2.70737
      vertex 57.2602 80.6496 2.70737
    endloop
  endfacet
  facet normal 0.877686 -0.46923 0.0974199
    outer loop
      vertex 56.9101 80.0555 3
      vertex 57.2602 80.6496 2.70737
      vertex 57.2336 80.6606 3
    endloop
  endfacet
  facet normal 0.844256 -0.451315 0.289045
    outer loop
      vertex 56.9341 80.0395 2.70737
      vertex 57.0051 79.9921 2.42598
      vertex 57.3391 80.6169 2.42598
    endloop
  endfacet
  facet normal 0.844249 -0.451253 0.289162
    outer loop
      vertex 56.9341 80.0395 2.70737
      vertex 57.3391 80.6169 2.42598
      vertex 57.2602 80.6496 2.70737
    endloop
  endfacet
  facet normal 0.778671 -0.416219 0.469504
    outer loop
      vertex 57.0051 79.9921 2.42598
      vertex 57.1203 79.9151 2.16666
      vertex 57.4671 80.5639 2.16666
    endloop
  endfacet
  facet normal 0.778688 -0.416264 0.469436
    outer loop
      vertex 57.0051 79.9921 2.42598
      vertex 57.4671 80.5639 2.16666
      vertex 57.3391 80.6169 2.42598
    endloop
  endfacet
  facet normal 0.683007 -0.36512 0.632605
    outer loop
      vertex 57.1203 79.9151 2.16666
      vertex 57.2754 79.8114 1.93935
      vertex 57.6395 80.4925 1.93935
    endloop
  endfacet
  facet normal 0.682978 -0.365069 0.632666
    outer loop
      vertex 57.1203 79.9151 2.16666
      vertex 57.6395 80.4925 1.93935
      vertex 57.4671 80.5639 2.16666
    endloop
  endfacet
  facet normal 0.561061 -0.299923 0.771528
    outer loop
      vertex 57.2754 79.8114 1.93935
      vertex 57.4644 79.6851 1.75281
      vertex 57.8495 80.4055 1.75281
    endloop
  endfacet
  facet normal 0.56107 -0.299935 0.771518
    outer loop
      vertex 57.2754 79.8114 1.93935
      vertex 57.8495 80.4055 1.75281
      vertex 57.6395 80.4925 1.93935
    endloop
  endfacet
  facet normal 0.417296 -0.223045 0.880974
    outer loop
      vertex 57.4644 79.6851 1.75281
      vertex 57.6801 79.5411 1.61418
      vertex 58.0891 80.3063 1.61418
    endloop
  endfacet
  facet normal 0.417338 -0.223094 0.880942
    outer loop
      vertex 57.4644 79.6851 1.75281
      vertex 58.0891 80.3063 1.61418
      vertex 57.8495 80.4055 1.75281
    endloop
  endfacet
  facet normal 0.257174 -0.13745 0.95654
    outer loop
      vertex 57.6801 79.5411 1.61418
      vertex 57.914 79.3847 1.52882
      vertex 58.349 80.1986 1.52882
    endloop
  endfacet
  facet normal 0.257192 -0.137469 0.956533
    outer loop
      vertex 57.6801 79.5411 1.61418
      vertex 58.349 80.1986 1.52882
      vertex 58.0891 80.3063 1.61418
    endloop
  endfacet
  facet normal 0.0868637 -0.0464365 0.995137
    outer loop
      vertex 57.914 79.3847 1.52882
      vertex 58.1573 79.2222 1.5
      vertex 58.6194 80.0866 1.5
    endloop
  endfacet
  facet normal 0.0868405 -0.0464131 0.99514
    outer loop
      vertex 57.914 79.3847 1.52882
      vertex 58.6194 80.0866 1.5
      vertex 58.349 80.1986 1.52882
    endloop
  endfacet
  facet normal 0.952394 -0.288883 0.0974315
    outer loop
      vertex 57.2336 80.6606 3
      vertex 57.2602 80.6496 2.70737
      vertex 57.461 81.3116 2.70737
    endloop
  endfacet
  facet normal 0.9524 -0.288795 0.0976324
    outer loop
      vertex 57.2336 80.6606 3
      vertex 57.461 81.3116 2.70737
      vertex 57.4327 81.3172 3
    endloop
  endfacet
  facet normal 0.91609 -0.2778 0.289149
    outer loop
      vertex 57.2602 80.6496 2.70737
      vertex 57.3391 80.6169 2.42598
      vertex 57.5447 81.2949 2.42598
    endloop
  endfacet
  facet normal 0.916115 -0.277879 0.288992
    outer loop
      vertex 57.2602 80.6496 2.70737
      vertex 57.5447 81.2949 2.42598
      vertex 57.461 81.3116 2.70737
    endloop
  endfacet
  facet normal 0.844925 -0.256358 0.469449
    outer loop
      vertex 57.3391 80.6169 2.42598
      vertex 57.4671 80.5639 2.16666
      vertex 57.6807 81.2679 2.16666
    endloop
  endfacet
  facet normal 0.844817 -0.256186 0.469737
    outer loop
      vertex 57.3391 80.6169 2.42598
      vertex 57.6807 81.2679 2.16666
      vertex 57.5447 81.2949 2.42598
    endloop
  endfacet
  facet normal 0.741067 -0.224827 0.632671
    outer loop
      vertex 57.4671 80.5639 2.16666
      vertex 57.6395 80.4925 1.93935
      vertex 57.8637 81.2315 1.93935
    endloop
  endfacet
  facet normal 0.74109 -0.224853 0.632635
    outer loop
      vertex 57.4671 80.5639 2.16666
      vertex 57.8637 81.2315 1.93935
      vertex 57.6807 81.2679 2.16666
    endloop
  endfacet
  facet normal 0.608814 -0.184685 0.771516
    outer loop
      vertex 57.6395 80.4925 1.93935
      vertex 57.8495 80.4055 1.75281
      vertex 58.0866 81.1871 1.75281
    endloop
  endfacet
  facet normal 0.608845 -0.184713 0.771485
    outer loop
      vertex 57.6395 80.4925 1.93935
      vertex 58.0866 81.1871 1.75281
      vertex 57.8637 81.2315 1.93935
    endloop
  endfacet
  facet normal 0.452842 -0.137347 0.880948
    outer loop
      vertex 57.8495 80.4055 1.75281
      vertex 58.0891 80.3063 1.61418
      vertex 58.3409 81.1365 1.61418
    endloop
  endfacet
  facet normal 0.45289 -0.137385 0.880918
    outer loop
      vertex 57.8495 80.4055 1.75281
      vertex 58.3409 81.1365 1.61418
      vertex 58.0866 81.1871 1.75281
    endloop
  endfacet
  facet normal 0.279071 -0.0846694 0.95653
    outer loop
      vertex 58.0891 80.3063 1.61418
      vertex 58.349 80.1986 1.52882
      vertex 58.6169 81.0816 1.52882
    endloop
  endfacet
  facet normal 0.279006 -0.0846226 0.956554
    outer loop
      vertex 58.0891 80.3063 1.61418
      vertex 58.6169 81.0816 1.52882
      vertex 58.3409 81.1365 1.61418
    endloop
  endfacet
  facet normal 0.0942272 -0.0285796 0.99514
    outer loop
      vertex 58.349 80.1986 1.52882
      vertex 58.6194 80.0866 1.5
      vertex 58.9039 81.0246 1.5
    endloop
  endfacet
  facet normal 0.0942506 -0.0285954 0.995138
    outer loop
      vertex 58.349 80.1986 1.52882
      vertex 58.9039 81.0246 1.5
      vertex 58.6169 81.0816 1.52882
    endloop
  endfacet
  facet normal 0.990429 -0.0975466 0.0976503
    outer loop
      vertex 57.4327 81.3172 3
      vertex 57.461 81.3116 2.70737
      vertex 57.5288 82 2.70737
    endloop
  endfacet
  facet normal 0.990438 -0.0976223 0.0974768
    outer loop
      vertex 57.4327 81.3172 3
      vertex 57.5288 82 2.70737
      vertex 57.5 82 3
    endloop
  endfacet
  facet normal 0.952723 -0.0939076 0.288963
    outer loop
      vertex 57.461 81.3116 2.70737
      vertex 57.5447 81.2949 2.42598
      vertex 57.6142 82 2.42598
    endloop
  endfacet
  facet normal 0.95268 -0.0938287 0.289132
    outer loop
      vertex 57.461 81.3116 2.70737
      vertex 57.6142 82 2.42598
      vertex 57.5288 82 2.70737
    endloop
  endfacet
  facet normal 0.878544 -0.0865224 0.46976
    outer loop
      vertex 57.5447 81.2949 2.42598
      vertex 57.6807 81.2679 2.16666
      vertex 57.7528 82 2.16666
    endloop
  endfacet
  facet normal 0.878621 -0.0866035 0.469601
    outer loop
      vertex 57.5447 81.2949 2.42598
      vertex 57.7528 82 2.16666
      vertex 57.6142 82 2.42598
    endloop
  endfacet
  facet normal 0.770732 -0.0758195 0.632633
    outer loop
      vertex 57.6807 81.2679 2.16666
      vertex 57.8637 81.2315 1.93935
      vertex 57.9393 82 1.93935
    endloop
  endfacet
  facet normal 0.77086 -0.0759173 0.632464
    outer loop
      vertex 57.6807 81.2679 2.16666
      vertex 57.9393 82 1.93935
      vertex 57.7528 82 2.16666
    endloop
  endfacet
  facet normal 0.633198 -0.0623929 0.771471
    outer loop
      vertex 57.8637 81.2315 1.93935
      vertex 58.0866 81.1871 1.75281
      vertex 58.1667 82 1.75281
    endloop
  endfacet
  facet normal 0.632995 -0.0622699 0.771647
    outer loop
      vertex 57.8637 81.2315 1.93935
      vertex 58.1667 82 1.75281
      vertex 57.9393 82 1.93935
    endloop
  endfacet
  facet normal 0.47099 -0.0464172 0.880917
    outer loop
      vertex 58.0866 81.1871 1.75281
      vertex 58.3409 81.1365 1.61418
      vertex 58.426 82 1.61418
    endloop
  endfacet
  facet normal 0.470971 -0.0464077 0.880927
    outer loop
      vertex 58.0866 81.1871 1.75281
      vertex 58.426 82 1.61418
      vertex 58.1667 82 1.75281
    endloop
  endfacet
  facet normal 0.290151 -0.0285918 0.956554
    outer loop
      vertex 58.3409 81.1365 1.61418
      vertex 58.6169 81.0816 1.52882
      vertex 58.7074 82 1.52882
    endloop
  endfacet
  facet normal 0.29016 -0.028596 0.956551
    outer loop
      vertex 58.3409 81.1365 1.61418
      vertex 58.7074 82 1.52882
      vertex 58.426 82 1.61418
    endloop
  endfacet
  facet normal 0.0980121 -0.00965651 0.995138
    outer loop
      vertex 58.6169 81.0816 1.52882
      vertex 58.9039 81.0246 1.5
      vertex 59 82 1.5
    endloop
  endfacet
  facet normal 0.0980173 -0.00965872 0.995138
    outer loop
      vertex 58.6169 81.0816 1.52882
      vertex 59 82 1.5
      vertex 58.7074 82 1.52882
    endloop
  endfacet
  facet normal -0.956929 0.290321 0
    outer loop
      vertex 55.2934 81.4642 1.5
      vertex 55.3731 81.7269 16.9
      vertex 55.3731 81.7269 1.5
    endloop
  endfacet
  facet normal -0.956929 0.290321 0
    outer loop
      vertex 55.3731 81.7269 16.9
      vertex 55.2934 81.4642 1.5
      vertex 55.2934 81.4642 16.9
    endloop
  endfacet
  facet normal -0.995184 0.0980244 0
    outer loop
      vertex 55.3731 81.7269 1.5
      vertex 55.4 82 16.9
      vertex 55.4 82 1.5
    endloop
  endfacet
  facet normal -0.995184 0.0980244 0
    outer loop
      vertex 55.4 82 16.9
      vertex 55.3731 81.7269 1.5
      vertex 55.3731 81.7269 16.9
    endloop
  endfacet
  facet normal -0.882 0.47125 0
    outer loop
      vertex 55.1641 81.2222 1.5
      vertex 55.2934 81.4642 16.9
      vertex 55.2934 81.4642 1.5
    endloop
  endfacet
  facet normal -0.882 0.47125 0
    outer loop
      vertex 55.2934 81.4642 16.9
      vertex 55.1641 81.2222 1.5
      vertex 55.1641 81.2222 16.9
    endloop
  endfacet
  facet normal 0.0980244 0.995184 -0
    outer loop
      vertex 54 80.6 1.5
      vertex 53.7269 80.6269 16.9
      vertex 54 80.6 16.9
    endloop
  endfacet
  facet normal 0.0980244 0.995184 0
    outer loop
      vertex 53.7269 80.6269 16.9
      vertex 54 80.6 1.5
      vertex 53.7269 80.6269 1.5
    endloop
  endfacet
  facet normal -0.995184 -0.0980244 0
    outer loop
      vertex 55.4 82 1.5
      vertex 55.3731 82.2731 16.9
      vertex 55.3731 82.2731 1.5
    endloop
  endfacet
  facet normal -0.995184 -0.0980244 0
    outer loop
      vertex 55.3731 82.2731 16.9
      vertex 55.4 82 1.5
      vertex 55.4 82 16.9
    endloop
  endfacet
  facet normal 0.47125 -0.882 0
    outer loop
      vertex 53.2222 83.1641 1.5
      vertex 53.4642 83.2934 16.9
      vertex 53.2222 83.1641 16.9
    endloop
  endfacet
  facet normal 0.47125 -0.882 0
    outer loop
      vertex 53.4642 83.2934 16.9
      vertex 53.2222 83.1641 1.5
      vertex 53.4642 83.2934 1.5
    endloop
  endfacet
  facet normal -0.634467 -0.77295 0
    outer loop
      vertex 54.7778 83.1641 1.5
      vertex 54.9899 82.99 16.9
      vertex 54.7778 83.1641 16.9
    endloop
  endfacet
  facet normal -0.634467 -0.77295 -0
    outer loop
      vertex 54.9899 82.99 16.9
      vertex 54.7778 83.1641 1.5
      vertex 54.9899 82.99 1.5
    endloop
  endfacet
  facet normal -0.772918 0.634506 0
    outer loop
      vertex 54.9899 81.01 1.5
      vertex 55.1641 81.2222 16.9
      vertex 55.1641 81.2222 1.5
    endloop
  endfacet
  facet normal -0.772918 0.634506 0
    outer loop
      vertex 55.1641 81.2222 16.9
      vertex 54.9899 81.01 1.5
      vertex 54.9899 81.01 16.9
    endloop
  endfacet
  facet normal -0.956929 -0.290321 0
    outer loop
      vertex 55.3731 82.2731 1.5
      vertex 55.2934 82.5358 16.9
      vertex 55.2934 82.5358 1.5
    endloop
  endfacet
  facet normal -0.956929 -0.290321 0
    outer loop
      vertex 55.2934 82.5358 16.9
      vertex 55.3731 82.2731 1.5
      vertex 55.3731 82.2731 16.9
    endloop
  endfacet
  facet normal 0.634467 0.77295 -0
    outer loop
      vertex 53.2222 80.8359 1.5
      vertex 53.0101 81.01 16.9
      vertex 53.2222 80.8359 16.9
    endloop
  endfacet
  facet normal 0.634467 0.77295 0
    outer loop
      vertex 53.0101 81.01 16.9
      vertex 53.2222 80.8359 1.5
      vertex 53.0101 81.01 1.5
    endloop
  endfacet
  facet normal 0.47125 0.882 -0
    outer loop
      vertex 53.4642 80.7066 1.5
      vertex 53.2222 80.8359 16.9
      vertex 53.4642 80.7066 16.9
    endloop
  endfacet
  facet normal 0.47125 0.882 0
    outer loop
      vertex 53.2222 80.8359 16.9
      vertex 53.4642 80.7066 1.5
      vertex 53.2222 80.8359 1.5
    endloop
  endfacet
  facet normal -0.47125 0.882 0
    outer loop
      vertex 54.7778 80.8359 1.5
      vertex 54.5358 80.7066 16.9
      vertex 54.7778 80.8359 16.9
    endloop
  endfacet
  facet normal -0.47125 0.882 0
    outer loop
      vertex 54.5358 80.7066 16.9
      vertex 54.7778 80.8359 1.5
      vertex 54.5358 80.7066 1.5
    endloop
  endfacet
  facet normal 0.290321 0.956929 -0
    outer loop
      vertex 53.7269 80.6269 1.5
      vertex 53.4642 80.7066 16.9
      vertex 53.7269 80.6269 16.9
    endloop
  endfacet
  facet normal 0.290321 0.956929 0
    outer loop
      vertex 53.4642 80.7066 16.9
      vertex 53.7269 80.6269 1.5
      vertex 53.4642 80.7066 1.5
    endloop
  endfacet
  facet normal 0.882 -0.47125 0
    outer loop
      vertex 52.7066 82.5358 16.9
      vertex 52.8359 82.7778 1.5
      vertex 52.8359 82.7778 16.9
    endloop
  endfacet
  facet normal 0.882 -0.47125 0
    outer loop
      vertex 52.8359 82.7778 1.5
      vertex 52.7066 82.5358 16.9
      vertex 52.7066 82.5358 1.5
    endloop
  endfacet
  facet normal 0.634467 -0.77295 0
    outer loop
      vertex 53.0101 82.99 1.5
      vertex 53.2222 83.1641 16.9
      vertex 53.0101 82.99 16.9
    endloop
  endfacet
  facet normal 0.634467 -0.77295 0
    outer loop
      vertex 53.2222 83.1641 16.9
      vertex 53.0101 82.99 1.5
      vertex 53.2222 83.1641 1.5
    endloop
  endfacet
  facet normal -0.772918 -0.634506 0
    outer loop
      vertex 55.1641 82.7778 1.5
      vertex 54.9899 82.99 16.9
      vertex 54.9899 82.99 1.5
    endloop
  endfacet
  facet normal -0.772918 -0.634506 0
    outer loop
      vertex 54.9899 82.99 16.9
      vertex 55.1641 82.7778 1.5
      vertex 55.1641 82.7778 16.9
    endloop
  endfacet
  facet normal -0.290321 0.956929 0
    outer loop
      vertex 54.5358 80.7066 1.5
      vertex 54.2731 80.6269 16.9
      vertex 54.5358 80.7066 16.9
    endloop
  endfacet
  facet normal -0.290321 0.956929 0
    outer loop
      vertex 54.2731 80.6269 16.9
      vertex 54.5358 80.7066 1.5
      vertex 54.2731 80.6269 1.5
    endloop
  endfacet
  facet normal -0.0980244 0.995184 0
    outer loop
      vertex 54.2731 80.6269 1.5
      vertex 54 80.6 16.9
      vertex 54.2731 80.6269 16.9
    endloop
  endfacet
  facet normal -0.0980244 0.995184 0
    outer loop
      vertex 54 80.6 16.9
      vertex 54.2731 80.6269 1.5
      vertex 54 80.6 1.5
    endloop
  endfacet
  facet normal -0.290321 -0.956929 0
    outer loop
      vertex 54.2731 83.3731 1.5
      vertex 54.5358 83.2934 16.9
      vertex 54.2731 83.3731 16.9
    endloop
  endfacet
  facet normal -0.290321 -0.956929 -0
    outer loop
      vertex 54.5358 83.2934 16.9
      vertex 54.2731 83.3731 1.5
      vertex 54.5358 83.2934 1.5
    endloop
  endfacet
  facet normal 0.956929 0.290321 0
    outer loop
      vertex 52.7066 81.4642 16.9
      vertex 52.6269 81.7269 1.5
      vertex 52.6269 81.7269 16.9
    endloop
  endfacet
  facet normal 0.956929 0.290321 0
    outer loop
      vertex 52.6269 81.7269 1.5
      vertex 52.7066 81.4642 16.9
      vertex 52.7066 81.4642 1.5
    endloop
  endfacet
  facet normal -0.47125 -0.882 0
    outer loop
      vertex 54.5358 83.2934 1.5
      vertex 54.7778 83.1641 16.9
      vertex 54.5358 83.2934 16.9
    endloop
  endfacet
  facet normal -0.47125 -0.882 -0
    outer loop
      vertex 54.7778 83.1641 16.9
      vertex 54.5358 83.2934 1.5
      vertex 54.7778 83.1641 1.5
    endloop
  endfacet
  facet normal 0.882 0.47125 0
    outer loop
      vertex 52.8359 81.2222 16.9
      vertex 52.7066 81.4642 1.5
      vertex 52.7066 81.4642 16.9
    endloop
  endfacet
  facet normal 0.882 0.47125 0
    outer loop
      vertex 52.7066 81.4642 1.5
      vertex 52.8359 81.2222 16.9
      vertex 52.8359 81.2222 1.5
    endloop
  endfacet
  facet normal -0.882 -0.47125 0
    outer loop
      vertex 55.2934 82.5358 1.5
      vertex 55.1641 82.7778 16.9
      vertex 55.1641 82.7778 1.5
    endloop
  endfacet
  facet normal -0.882 -0.47125 0
    outer loop
      vertex 55.1641 82.7778 16.9
      vertex 55.2934 82.5358 1.5
      vertex 55.2934 82.5358 16.9
    endloop
  endfacet
  facet normal -0.634467 0.77295 0
    outer loop
      vertex 54.9899 81.01 1.5
      vertex 54.7778 80.8359 16.9
      vertex 54.9899 81.01 16.9
    endloop
  endfacet
  facet normal -0.634467 0.77295 0
    outer loop
      vertex 54.7778 80.8359 16.9
      vertex 54.9899 81.01 1.5
      vertex 54.7778 80.8359 1.5
    endloop
  endfacet
  facet normal 0.995184 0.0980244 0
    outer loop
      vertex 52.6269 81.7269 16.9
      vertex 52.6 82 1.5
      vertex 52.6 82 16.9
    endloop
  endfacet
  facet normal 0.995184 0.0980244 0
    outer loop
      vertex 52.6 82 1.5
      vertex 52.6269 81.7269 16.9
      vertex 52.6269 81.7269 1.5
    endloop
  endfacet
  facet normal -0.0980244 -0.995184 0
    outer loop
      vertex 54 83.4 1.5
      vertex 54.2731 83.3731 16.9
      vertex 54 83.4 16.9
    endloop
  endfacet
  facet normal -0.0980244 -0.995184 -0
    outer loop
      vertex 54.2731 83.3731 16.9
      vertex 54 83.4 1.5
      vertex 54.2731 83.3731 1.5
    endloop
  endfacet
  facet normal 0.956929 -0.290321 0
    outer loop
      vertex 52.6269 82.2731 16.9
      vertex 52.7066 82.5358 1.5
      vertex 52.7066 82.5358 16.9
    endloop
  endfacet
  facet normal 0.956929 -0.290321 0
    outer loop
      vertex 52.7066 82.5358 1.5
      vertex 52.6269 82.2731 16.9
      vertex 52.6269 82.2731 1.5
    endloop
  endfacet
  facet normal 0.772918 -0.634506 0
    outer loop
      vertex 52.8359 82.7778 16.9
      vertex 53.0101 82.99 1.5
      vertex 53.0101 82.99 16.9
    endloop
  endfacet
  facet normal 0.772918 -0.634506 0
    outer loop
      vertex 53.0101 82.99 1.5
      vertex 52.8359 82.7778 16.9
      vertex 52.8359 82.7778 1.5
    endloop
  endfacet
  facet normal 0.995184 -0.0980244 0
    outer loop
      vertex 52.6 82 16.9
      vertex 52.6269 82.2731 1.5
      vertex 52.6269 82.2731 16.9
    endloop
  endfacet
  facet normal 0.995184 -0.0980244 0
    outer loop
      vertex 52.6269 82.2731 1.5
      vertex 52.6 82 16.9
      vertex 52.6 82 1.5
    endloop
  endfacet
  facet normal 0.0980244 -0.995184 0
    outer loop
      vertex 53.7269 83.3731 1.5
      vertex 54 83.4 16.9
      vertex 53.7269 83.3731 16.9
    endloop
  endfacet
  facet normal 0.0980244 -0.995184 0
    outer loop
      vertex 54 83.4 16.9
      vertex 53.7269 83.3731 1.5
      vertex 54 83.4 1.5
    endloop
  endfacet
  facet normal 0.290321 -0.956929 0
    outer loop
      vertex 53.4642 83.2934 1.5
      vertex 53.7269 83.3731 16.9
      vertex 53.4642 83.2934 16.9
    endloop
  endfacet
  facet normal 0.290321 -0.956929 0
    outer loop
      vertex 53.7269 83.3731 16.9
      vertex 53.4642 83.2934 1.5
      vertex 53.7269 83.3731 1.5
    endloop
  endfacet
  facet normal 0.772918 0.634506 0
    outer loop
      vertex 53.0101 81.01 16.9
      vertex 52.8359 81.2222 1.5
      vertex 52.8359 81.2222 16.9
    endloop
  endfacet
  facet normal 0.772918 0.634506 0
    outer loop
      vertex 52.8359 81.2222 1.5
      vertex 53.0101 81.01 16.9
      vertex 53.0101 81.01 1.5
    endloop
  endfacet
  facet normal 0.995184 0.0980244 0
    outer loop
      vertex 55.4 82 2.899
      vertex 55.3731 82.2731 1.50001
      vertex 55.3731 82.2731 2.899
    endloop
  endfacet
  facet normal 0.995184 0.0980244 0
    outer loop
      vertex 55.3731 82.2731 1.50001
      vertex 55.4 82 2.899
      vertex 55.4 82 1.50001
    endloop
  endfacet
  facet normal -0.0979827 -0.00954139 0.995142
    outer loop
      vertex 54.001 82 1.50001
      vertex 54.2739 82 1.52688
      vertex 54.2687 82.0534 1.52688
    endloop
  endfacet
  facet normal -0.0998717 0 0.995
    outer loop
      vertex 54.001 82.0002 1.50001
      vertex 54.001 82 1.50001
      vertex 54.2687 82.0534 1.52688
    endloop
  endfacet
  facet normal -0.290138 -0.02857 0.956558
    outer loop
      vertex 54.2739 82 1.52688
      vertex 54.5364 82 1.6065
      vertex 54.5261 82.1046 1.6065
    endloop
  endfacet
  facet normal -0.290256 -0.0282646 0.956532
    outer loop
      vertex 54.2687 82.0534 1.52688
      vertex 54.2739 82 1.52688
      vertex 54.5261 82.1046 1.6065
    endloop
  endfacet
  facet normal -0.470992 -0.0462305 0.880925
    outer loop
      vertex 54.5364 82 1.6065
      vertex 54.7782 82 1.73578
      vertex 54.7633 82.1518 1.73578
    endloop
  endfacet
  facet normal -0.470917 -0.0463714 0.880958
    outer loop
      vertex 54.5261 82.1046 1.6065
      vertex 54.5364 82 1.6065
      vertex 54.7633 82.1518 1.73578
    endloop
  endfacet
  facet normal -0.633175 -0.0622688 0.771499
    outer loop
      vertex 54.7782 82 1.73578
      vertex 54.9902 82 1.90977
      vertex 54.9712 82.1932 1.90977
    endloop
  endfacet
  facet normal -0.633245 -0.0621564 0.771452
    outer loop
      vertex 54.7633 82.1518 1.73578
      vertex 54.7782 82 1.73578
      vertex 54.9712 82.1932 1.90977
    endloop
  endfacet
  facet normal -0.77075 -0.0756835 0.632627
    outer loop
      vertex 54.9902 82 1.90977
      vertex 55.1642 82 2.12176
      vertex 55.1419 82.2271 2.12176
    endloop
  endfacet
  facet normal -0.770683 -0.0757918 0.632695
    outer loop
      vertex 54.9712 82.1932 1.90977
      vertex 54.9902 82 1.90977
      vertex 55.1419 82.2271 2.12176
    endloop
  endfacet
  facet normal -0.878573 -0.0867081 0.469672
    outer loop
      vertex 55.1642 82 2.12176
      vertex 55.2935 82 2.36363
      vertex 55.2686 82.2523 2.36363
    endloop
  endfacet
  facet normal -0.878794 -0.0862929 0.469334
    outer loop
      vertex 55.1419 82.2271 2.12176
      vertex 55.1642 82 2.12176
      vertex 55.2686 82.2523 2.36363
    endloop
  endfacet
  facet normal -0.952727 -0.0938857 0.288958
    outer loop
      vertex 55.2935 82 2.36363
      vertex 55.3731 82 2.62608
      vertex 55.3467 82.2679 2.62608
    endloop
  endfacet
  facet normal -0.952675 -0.0940214 0.289086
    outer loop
      vertex 55.2686 82.2523 2.36363
      vertex 55.2935 82 2.36363
      vertex 55.3467 82.2679 2.62608
    endloop
  endfacet
  facet normal -0.990431 -0.0975562 0.0976205
    outer loop
      vertex 55.3731 82.2731 2.899
      vertex 55.3731 82 2.62608
      vertex 55.4 82 2.899
    endloop
  endfacet
  facet normal -0.990422 -0.0976004 0.0976647
    outer loop
      vertex 55.3467 82.2679 2.62608
      vertex 55.3731 82 2.62608
      vertex 55.3731 82.2731 2.899
    endloop
  endfacet
  facet normal 0.956929 0.290321 0
    outer loop
      vertex 55.3731 82.2731 2.899
      vertex 55.2934 82.5358 1.50001
      vertex 55.2934 82.5358 2.899
    endloop
  endfacet
  facet normal 0.956929 0.290321 0
    outer loop
      vertex 55.2934 82.5358 1.50001
      vertex 55.3731 82.2731 2.899
      vertex 55.3731 82.2731 1.50001
    endloop
  endfacet
  facet normal -0.0942041 -0.0285911 0.995142
    outer loop
      vertex 54.001 82.0002 1.50001
      vertex 54.2687 82.0534 1.52688
      vertex 54.2531 82.1048 1.52688
    endloop
  endfacet
  facet normal -0.0878452 -0.0439226 0.995165
    outer loop
      vertex 54.0009 82.0004 1.50001
      vertex 54.001 82.0002 1.50001
      vertex 54.2531 82.1048 1.52688
    endloop
  endfacet
  facet normal -0.279015 -0.0847851 0.956537
    outer loop
      vertex 54.2687 82.0534 1.52688
      vertex 54.5261 82.1046 1.6065
      vertex 54.4955 82.2053 1.6065
    endloop
  endfacet
  facet normal -0.27907 -0.0846983 0.956528
    outer loop
      vertex 54.2531 82.1048 1.52688
      vertex 54.2687 82.0534 1.52688
      vertex 54.4955 82.2053 1.6065
    endloop
  endfacet
  facet normal -0.452806 -0.137392 0.88096
    outer loop
      vertex 54.5261 82.1046 1.6065
      vertex 54.7633 82.1518 1.73578
      vertex 54.719 82.2978 1.73578
    endloop
  endfacet
  facet normal -0.452672 -0.137555 0.881003
    outer loop
      vertex 54.4955 82.2053 1.6065
      vertex 54.5261 82.1046 1.6065
      vertex 54.719 82.2978 1.73578
    endloop
  endfacet
  facet normal -0.608812 -0.184906 0.771465
    outer loop
      vertex 54.7633 82.1518 1.73578
      vertex 54.9712 82.1932 1.90977
      vertex 54.9148 82.3789 1.90977
    endloop
  endfacet
  facet normal -0.608941 -0.184768 0.771396
    outer loop
      vertex 54.719 82.2978 1.73578
      vertex 54.7633 82.1518 1.73578
      vertex 54.9148 82.3789 1.90977
    endloop
  endfacet
  facet normal -0.741029 -0.224955 0.63267
    outer loop
      vertex 54.9712 82.1932 1.90977
      vertex 55.1419 82.2271 2.12176
      vertex 55.0756 82.4455 2.12176
    endloop
  endfacet
  facet normal -0.740952 -0.225039 0.632731
    outer loop
      vertex 54.9148 82.3789 1.90977
      vertex 54.9712 82.1932 1.90977
      vertex 55.0756 82.4455 2.12176
    endloop
  endfacet
  facet normal -0.845013 -0.256255 0.469346
    outer loop
      vertex 55.1419 82.2271 2.12176
      vertex 55.2686 82.2523 2.36363
      vertex 55.195 82.495 2.36363
    endloop
  endfacet
  facet normal -0.844838 -0.256469 0.469545
    outer loop
      vertex 55.0756 82.4455 2.12176
      vertex 55.1419 82.2271 2.12176
      vertex 55.195 82.495 2.36363
    endloop
  endfacet
  facet normal -0.916112 -0.27775 0.289126
    outer loop
      vertex 55.2686 82.5255 2.62608
      vertex 55.2686 82.2523 2.36363
      vertex 55.3467 82.2679 2.62608
    endloop
  endfacet
  facet normal -0.916077 -0.277805 0.289184
    outer loop
      vertex 55.195 82.495 2.36363
      vertex 55.2686 82.2523 2.36363
      vertex 55.2686 82.5255 2.62608
    endloop
  endfacet
  facet normal -0.952358 -0.288934 0.0976283
    outer loop
      vertex 55.2934 82.5358 2.899
      vertex 55.3467 82.2679 2.62608
      vertex 55.3731 82.2731 2.899
    endloop
  endfacet
  facet normal -0.952429 -0.288761 0.0974443
    outer loop
      vertex 55.2686 82.5255 2.62608
      vertex 55.3467 82.2679 2.62608
      vertex 55.2934 82.5358 2.899
    endloop
  endfacet
  facet normal 0.881848 0.471534 0
    outer loop
      vertex 55.2934 82.5358 2.899
      vertex 55.164 82.7778 1.50001
      vertex 55.164 82.7778 2.899
    endloop
  endfacet
  facet normal 0.881848 0.471534 0
    outer loop
      vertex 55.164 82.7778 1.50001
      vertex 55.2934 82.5358 2.899
      vertex 55.2934 82.5358 1.50001
    endloop
  endfacet
  facet normal -0.086838 -0.0463502 0.995144
    outer loop
      vertex 54.0009 82.0004 1.50001
      vertex 54.2531 82.1048 1.52688
      vertex 54.2278 82.1522 1.52688
    endloop
  endfacet
  facet normal -0.0883049 -0.0441525 0.995114
    outer loop
      vertex 54.0008 82.0006 1.50001
      vertex 54.0009 82.0004 1.50001
      vertex 54.2278 82.1522 1.52688
    endloop
  endfacet
  facet normal -0.257239 -0.13736 0.956536
    outer loop
      vertex 54.2531 82.1048 1.52688
      vertex 54.4955 82.2053 1.6065
      vertex 54.446 82.298 1.6065
    endloop
  endfacet
  facet normal -0.257275 -0.137322 0.956531
    outer loop
      vertex 54.2278 82.1522 1.52688
      vertex 54.2531 82.1048 1.52688
      vertex 54.446 82.298 1.6065
    endloop
  endfacet
  facet normal -0.41733 -0.222927 0.880987
    outer loop
      vertex 54.4955 82.2053 1.6065
      vertex 54.719 82.2978 1.73578
      vertex 54.6471 82.4324 1.73578
    endloop
  endfacet
  facet normal -0.41739 -0.222878 0.880971
    outer loop
      vertex 54.446 82.298 1.6065
      vertex 54.4955 82.2053 1.6065
      vertex 54.6471 82.4324 1.73578
    endloop
  endfacet
  facet normal -0.561228 -0.299956 0.771394
    outer loop
      vertex 54.719 82.2978 1.73578
      vertex 54.9148 82.3789 1.90977
      vertex 54.8233 82.5501 1.90977
    endloop
  endfacet
  facet normal -0.561357 -0.299863 0.771337
    outer loop
      vertex 54.6471 82.4324 1.73578
      vertex 54.719 82.2978 1.73578
      vertex 54.8233 82.5501 1.90977
    endloop
  endfacet
  facet normal -0.682942 -0.36505 0.632716
    outer loop
      vertex 54.9148 82.3789 1.90977
      vertex 55.0756 82.4455 2.12176
      vertex 54.968 82.6468 2.12176
    endloop
  endfacet
  facet normal -0.682976 -0.365025 0.632693
    outer loop
      vertex 54.8233 82.5501 1.90977
      vertex 54.9148 82.3789 1.90977
      vertex 54.968 82.6468 2.12176
    endloop
  endfacet
  facet normal -0.778672 -0.416151 0.469562
    outer loop
      vertex 55.0755 82.7186 2.36363
      vertex 55.0756 82.4455 2.12176
      vertex 55.195 82.495 2.36363
    endloop
  endfacet
  facet normal -0.778621 -0.416193 0.469609
    outer loop
      vertex 54.968 82.6468 2.12176
      vertex 55.0756 82.4455 2.12176
      vertex 55.0755 82.7186 2.36363
    endloop
  endfacet
  facet normal -0.844227 -0.451274 0.289194
    outer loop
      vertex 55.1417 82.7629 2.62608
      vertex 55.195 82.495 2.36363
      vertex 55.2686 82.5255 2.62608
    endloop
  endfacet
  facet normal -0.844282 -0.451215 0.289123
    outer loop
      vertex 55.0755 82.7186 2.36363
      vertex 55.195 82.495 2.36363
      vertex 55.1417 82.7629 2.62608
    endloop
  endfacet
  facet normal -0.87765 -0.469289 0.0974622
    outer loop
      vertex 55.164 82.7778 2.899
      vertex 55.2686 82.5255 2.62608
      vertex 55.2934 82.5358 2.899
    endloop
  endfacet
  facet normal -0.877723 -0.469179 0.0973325
    outer loop
      vertex 55.1417 82.7629 2.62608
      vertex 55.2686 82.5255 2.62608
      vertex 55.164 82.7778 2.899
    endloop
  endfacet
  facet normal 0.77295 0.634467 0
    outer loop
      vertex 55.164 82.7778 2.899
      vertex 54.9899 82.9899 1.50001
      vertex 54.9899 82.9899 2.899
    endloop
  endfacet
  facet normal 0.77295 0.634467 0
    outer loop
      vertex 54.9899 82.9899 1.50001
      vertex 55.164 82.7778 2.899
      vertex 55.164 82.7778 1.50001
    endloop
  endfacet
  facet normal -0.0760579 -0.0624957 0.995143
    outer loop
      vertex 54.0008 82.0006 1.50001
      vertex 54.2278 82.1522 1.52688
      vertex 54.1937 82.1937 1.52688
    endloop
  endfacet
  facet normal -0.0692765 -0.0692765 0.995189
    outer loop
      vertex 54.0007 82.0007 1.50001
      vertex 54.0008 82.0006 1.50001
      vertex 54.1937 82.1937 1.52688
    endloop
  endfacet
  facet normal -0.225446 -0.18496 0.956537
    outer loop
      vertex 54.2278 82.1522 1.52688
      vertex 54.446 82.298 1.6065
      vertex 54.3793 82.3793 1.6065
    endloop
  endfacet
  facet normal -0.225258 -0.185092 0.956556
    outer loop
      vertex 54.1937 82.1937 1.52688
      vertex 54.2278 82.1522 1.52688
      vertex 54.3793 82.3793 1.6065
    endloop
  endfacet
  facet normal -0.36569 -0.300244 0.880979
    outer loop
      vertex 54.446 82.298 1.6065
      vertex 54.6471 82.4324 1.73578
      vertex 54.5503 82.5503 1.73578
    endloop
  endfacet
  facet normal -0.365856 -0.300155 0.88094
    outer loop
      vertex 54.3793 82.3793 1.6065
      vertex 54.446 82.298 1.6065
      vertex 54.5503 82.5503 1.73578
    endloop
  endfacet
  facet normal -0.49209 -0.403573 0.771347
    outer loop
      vertex 54.6471 82.4324 1.73578
      vertex 54.8233 82.5501 1.90977
      vertex 54.7002 82.7002 1.90977
    endloop
  endfacet
  facet normal -0.491738 -0.403734 0.771488
    outer loop
      vertex 54.5503 82.5503 1.73578
      vertex 54.6471 82.4324 1.73578
      vertex 54.7002 82.7002 1.90977
    endloop
  endfacet
  facet normal -0.598566 -0.49134 0.632695
    outer loop
      vertex 54.8232 82.8232 2.12176
      vertex 54.8233 82.5501 1.90977
      vertex 54.968 82.6468 2.12176
    endloop
  endfacet
  facet normal -0.598914 -0.491181 0.63249
    outer loop
      vertex 54.7002 82.7002 1.90977
      vertex 54.8233 82.5501 1.90977
      vertex 54.8232 82.8232 2.12176
    endloop
  endfacet
  facet normal -0.682399 -0.560194 0.46959
    outer loop
      vertex 54.9146 82.9146 2.36363
      vertex 54.968 82.6468 2.12176
      vertex 55.0755 82.7186 2.36363
    endloop
  endfacet
  facet normal -0.682427 -0.560178 0.469567
    outer loop
      vertex 54.8232 82.8232 2.12176
      vertex 54.968 82.6468 2.12176
      vertex 54.9146 82.9146 2.36363
    endloop
  endfacet
  facet normal -0.739817 -0.607504 0.289153
    outer loop
      vertex 54.9709 82.9709 2.62608
      vertex 55.0755 82.7186 2.36363
      vertex 55.1417 82.7629 2.62608
    endloop
  endfacet
  facet normal -0.739931 -0.607423 0.289031
    outer loop
      vertex 54.9146 82.9146 2.36363
      vertex 55.0755 82.7186 2.36363
      vertex 54.9709 82.9709 2.62608
    endloop
  endfacet
  facet normal -0.76928 -0.631455 0.0973311
    outer loop
      vertex 54.9899 82.9899 2.899
      vertex 55.1417 82.7629 2.62608
      vertex 55.164 82.7778 2.899
    endloop
  endfacet
  facet normal -0.769147 -0.631588 0.0975156
    outer loop
      vertex 54.9709 82.9709 2.62608
      vertex 55.1417 82.7629 2.62608
      vertex 54.9899 82.9899 2.899
    endloop
  endfacet
  facet normal 0.634467 0.77295 -0
    outer loop
      vertex 54.9899 82.9899 1.50001
      vertex 54.7778 83.164 2.899
      vertex 54.9899 82.9899 2.899
    endloop
  endfacet
  facet normal 0.634467 0.77295 0
    outer loop
      vertex 54.7778 83.164 2.899
      vertex 54.9899 82.9899 1.50001
      vertex 54.7778 83.164 1.50001
    endloop
  endfacet
  facet normal -0.0624926 -0.076054 0.995143
    outer loop
      vertex 54.0007 82.0007 1.50001
      vertex 54.1937 82.1937 1.52688
      vertex 54.1522 82.2278 1.52688
    endloop
  endfacet
  facet normal -0.0706172 -0.0706172 0.995001
    outer loop
      vertex 54.0006 82.0008 1.50001
      vertex 54.0007 82.0007 1.50001
      vertex 54.1522 82.2278 1.52688
    endloop
  endfacet
  facet normal -0.184934 -0.225414 0.95655
    outer loop
      vertex 54.1937 82.1937 1.52688
      vertex 54.3793 82.3793 1.6065
      vertex 54.298 82.446 1.6065
    endloop
  endfacet
  facet normal -0.185144 -0.225321 0.956531
    outer loop
      vertex 54.1522 82.2278 1.52688
      vertex 54.1937 82.1937 1.52688
      vertex 54.298 82.446 1.6065
    endloop
  endfacet
  facet normal -0.300282 -0.365735 0.880948
    outer loop
      vertex 54.3793 82.3793 1.6065
      vertex 54.5503 82.5503 1.73578
      vertex 54.4324 82.6471 1.73578
    endloop
  endfacet
  facet normal -0.300101 -0.36579 0.880986
    outer loop
      vertex 54.298 82.446 1.6065
      vertex 54.3793 82.3793 1.6065
      vertex 54.4324 82.6471 1.73578
    endloop
  endfacet
  facet normal -0.403478 -0.491974 0.771471
    outer loop
      vertex 54.5501 82.8233 1.90977
      vertex 54.5503 82.5503 1.73578
      vertex 54.7002 82.7002 1.90977
    endloop
  endfacet
  facet normal -0.403855 -0.491885 0.771331
    outer loop
      vertex 54.4324 82.6471 1.73578
      vertex 54.5503 82.5503 1.73578
      vertex 54.5501 82.8233 1.90977
    endloop
  endfacet
  facet normal -0.491438 -0.598685 0.632507
    outer loop
      vertex 54.6468 82.968 2.12176
      vertex 54.7002 82.7002 1.90977
      vertex 54.8232 82.8232 2.12176
    endloop
  endfacet
  facet normal -0.491066 -0.598773 0.632712
    outer loop
      vertex 54.5501 82.8233 1.90977
      vertex 54.7002 82.7002 1.90977
      vertex 54.6468 82.968 2.12176
    endloop
  endfacet
  facet normal -0.560201 -0.682408 0.469568
    outer loop
      vertex 54.7186 83.0755 2.36363
      vertex 54.8232 82.8232 2.12176
      vertex 54.9146 82.9146 2.36363
    endloop
  endfacet
  facet normal -0.56017 -0.682417 0.469591
    outer loop
      vertex 54.6468 82.968 2.12176
      vertex 54.8232 82.8232 2.12176
      vertex 54.7186 83.0755 2.36363
    endloop
  endfacet
  facet normal -0.607527 -0.739845 0.289034
    outer loop
      vertex 54.7629 83.1417 2.62608
      vertex 54.9146 82.9146 2.36363
      vertex 54.9709 82.9709 2.62608
    endloop
  endfacet
  facet normal -0.607399 -0.739902 0.289157
    outer loop
      vertex 54.7186 83.0755 2.36363
      vertex 54.9146 82.9146 2.36363
      vertex 54.7629 83.1417 2.62608
    endloop
  endfacet
  facet normal -0.631444 -0.769266 0.0975139
    outer loop
      vertex 54.7778 83.164 2.899
      vertex 54.9709 82.9709 2.62608
      vertex 54.9899 82.9899 2.899
    endloop
  endfacet
  facet normal -0.6316 -0.769161 0.0973294
    outer loop
      vertex 54.7629 83.1417 2.62608
      vertex 54.9709 82.9709 2.62608
      vertex 54.7778 83.164 2.899
    endloop
  endfacet
  facet normal 0.471534 0.881848 -0
    outer loop
      vertex 54.7778 83.164 1.50001
      vertex 54.5358 83.2934 2.899
      vertex 54.7778 83.164 2.899
    endloop
  endfacet
  facet normal 0.471534 0.881848 0
    outer loop
      vertex 54.5358 83.2934 2.899
      vertex 54.7778 83.164 1.50001
      vertex 54.5358 83.2934 1.50001
    endloop
  endfacet
  facet normal -0.0463512 -0.0868399 0.995143
    outer loop
      vertex 54.0006 82.0008 1.50001
      vertex 54.1522 82.2278 1.52688
      vertex 54.1048 82.2531 1.52688
    endloop
  endfacet
  facet normal -0.0439226 -0.0878452 0.995165
    outer loop
      vertex 54.0004 82.0009 1.50001
      vertex 54.0006 82.0008 1.50001
      vertex 54.1048 82.2531 1.52688
    endloop
  endfacet
  facet normal -0.137365 -0.257247 0.956533
    outer loop
      vertex 54.1522 82.2278 1.52688
      vertex 54.298 82.446 1.6065
      vertex 54.2053 82.4955 1.6065
    endloop
  endfacet
  facet normal -0.137313 -0.257259 0.956537
    outer loop
      vertex 54.1048 82.2531 1.52688
      vertex 54.1522 82.2278 1.52688
      vertex 54.2053 82.4955 1.6065
    endloop
  endfacet
  facet normal -0.222939 -0.417352 0.880974
    outer loop
      vertex 54.2978 82.719 1.73578
      vertex 54.298 82.446 1.6065
      vertex 54.4324 82.6471 1.73578
    endloop
  endfacet
  facet normal -0.222862 -0.417359 0.88099
    outer loop
      vertex 54.2053 82.4955 1.6065
      vertex 54.298 82.446 1.6065
      vertex 54.2978 82.719 1.73578
    endloop
  endfacet
  facet normal -0.299984 -0.561282 0.771344
    outer loop
      vertex 54.3789 82.9148 1.90977
      vertex 54.4324 82.6471 1.73578
      vertex 54.5501 82.8233 1.90977
    endloop
  endfacet
  facet normal -0.299826 -0.561288 0.771401
    outer loop
      vertex 54.2978 82.719 1.73578
      vertex 54.4324 82.6471 1.73578
      vertex 54.3789 82.9148 1.90977
    endloop
  endfacet
  facet normal -0.365058 -0.682957 0.632695
    outer loop
      vertex 54.4455 83.0756 2.12176
      vertex 54.5501 82.8233 1.90977
      vertex 54.6468 82.968 2.12176
    endloop
  endfacet
  facet normal -0.365016 -0.682958 0.632717
    outer loop
      vertex 54.3789 82.9148 1.90977
      vertex 54.5501 82.8233 1.90977
      vertex 54.4455 83.0756 2.12176
    endloop
  endfacet
  facet normal -0.41614 -0.778651 0.469607
    outer loop
      vertex 54.495 83.195 2.36363
      vertex 54.6468 82.968 2.12176
      vertex 54.7186 83.0755 2.36363
    endloop
  endfacet
  facet normal -0.416205 -0.778644 0.469559
    outer loop
      vertex 54.4455 83.0756 2.12176
      vertex 54.6468 82.968 2.12176
      vertex 54.495 83.195 2.36363
    endloop
  endfacet
  facet normal -0.451284 -0.844245 0.289125
    outer loop
      vertex 54.5255 83.2686 2.62608
      vertex 54.7186 83.0755 2.36363
      vertex 54.7629 83.1417 2.62608
    endloop
  endfacet
  facet normal -0.451205 -0.844263 0.289196
    outer loop
      vertex 54.495 83.195 2.36363
      vertex 54.7186 83.0755 2.36363
      vertex 54.5255 83.2686 2.62608
    endloop
  endfacet
  facet normal -0.469295 -0.877661 0.0973338
    outer loop
      vertex 54.5358 83.2934 2.899
      vertex 54.7629 83.1417 2.62608
      vertex 54.7778 83.164 2.899
    endloop
  endfacet
  facet normal -0.469173 -0.877712 0.0974635
    outer loop
      vertex 54.5255 83.2686 2.62608
      vertex 54.7629 83.1417 2.62608
      vertex 54.5358 83.2934 2.899
    endloop
  endfacet
  facet normal 0.290321 0.956929 -0
    outer loop
      vertex 54.5358 83.2934 1.50001
      vertex 54.2731 83.3731 2.899
      vertex 54.5358 83.2934 2.899
    endloop
  endfacet
  facet normal 0.290321 0.956929 0
    outer loop
      vertex 54.2731 83.3731 2.899
      vertex 54.5358 83.2934 1.50001
      vertex 54.2731 83.3731 1.50001
    endloop
  endfacet
  facet normal -0.0285872 -0.0941911 0.995144
    outer loop
      vertex 54.0004 82.0009 1.50001
      vertex 54.1048 82.2531 1.52688
      vertex 54.0534 82.2687 1.52688
    endloop
  endfacet
  facet normal -0.0454147 -0.0908294 0.99483
    outer loop
      vertex 54.0002 82.001 1.50001
      vertex 54.0004 82.0009 1.50001
      vertex 54.0534 82.2687 1.52688
    endloop
  endfacet
  facet normal -0.0847905 -0.279033 0.956531
    outer loop
      vertex 54.1046 82.5261 1.6065
      vertex 54.1048 82.2531 1.52688
      vertex 54.2053 82.4955 1.6065
    endloop
  endfacet
  facet normal -0.0846877 -0.279035 0.956539
    outer loop
      vertex 54.0534 82.2687 1.52688
      vertex 54.1048 82.2531 1.52688
      vertex 54.1046 82.5261 1.6065
    endloop
  endfacet
  facet normal -0.137373 -0.452743 0.880995
    outer loop
      vertex 54.1518 82.7633 1.73578
      vertex 54.2053 82.4955 1.6065
      vertex 54.2978 82.719 1.73578
    endloop
  endfacet
  facet normal -0.137583 -0.452764 0.880952
    outer loop
      vertex 54.1046 82.5261 1.6065
      vertex 54.2053 82.4955 1.6065
      vertex 54.1518 82.7633 1.73578
    endloop
  endfacet
  facet normal -0.184927 -0.608882 0.771404
    outer loop
      vertex 54.1932 82.9712 1.90977
      vertex 54.2978 82.719 1.73578
      vertex 54.3789 82.9148 1.90977
    endloop
  endfacet
  facet normal -0.184741 -0.608852 0.771473
    outer loop
      vertex 54.1518 82.7633 1.73578
      vertex 54.2978 82.719 1.73578
      vertex 54.1932 82.9712 1.90977
    endloop
  endfacet
  facet normal -0.224942 -0.740985 0.632726
    outer loop
      vertex 54.2271 83.1419 2.12176
      vertex 54.3789 82.9148 1.90977
      vertex 54.4455 83.0756 2.12176
    endloop
  endfacet
  facet normal -0.225054 -0.741003 0.632665
    outer loop
      vertex 54.1932 82.9712 1.90977
      vertex 54.3789 82.9148 1.90977
      vertex 54.2271 83.1419 2.12176
    endloop
  endfacet
  facet normal -0.256226 -0.844918 0.469535
    outer loop
      vertex 54.2523 83.2686 2.36363
      vertex 54.4455 83.0756 2.12176
      vertex 54.495 83.195 2.36363
    endloop
  endfacet
  facet normal -0.256501 -0.844944 0.469336
    outer loop
      vertex 54.2271 83.1419 2.12176
      vertex 54.4455 83.0756 2.12176
      vertex 54.2523 83.2686 2.36363
    endloop
  endfacet
  facet normal -0.277745 -0.916096 0.289182
    outer loop
      vertex 54.2679 83.3467 2.62608
      vertex 54.495 83.195 2.36363
      vertex 54.5255 83.2686 2.62608
    endloop
  endfacet
  facet normal -0.27781 -0.916094 0.289125
    outer loop
      vertex 54.2523 83.2686 2.36363
      vertex 54.495 83.195 2.36363
      vertex 54.2679 83.3467 2.62608
    endloop
  endfacet
  facet normal -0.288939 -0.952375 0.0974461
    outer loop
      vertex 54.2731 83.3731 2.899
      vertex 54.5255 83.2686 2.62608
      vertex 54.5358 83.2934 2.899
    endloop
  endfacet
  facet normal -0.288755 -0.952412 0.0976301
    outer loop
      vertex 54.2679 83.3467 2.62608
      vertex 54.5255 83.2686 2.62608
      vertex 54.2731 83.3731 2.899
    endloop
  endfacet
  facet normal 0.0980244 0.995184 -0
    outer loop
      vertex 54.2731 83.3731 1.50001
      vertex 54 83.4 2.899
      vertex 54.2731 83.3731 2.899
    endloop
  endfacet
  facet normal 0.0980244 0.995184 0
    outer loop
      vertex 54 83.4 2.899
      vertex 54.2731 83.3731 1.50001
      vertex 54 83.4 1.50001
    endloop
  endfacet
  facet normal -0.00954206 -0.0979896 0.995142
    outer loop
      vertex 54 82.2739 1.52688
      vertex 54.0002 82.001 1.50001
      vertex 54.0534 82.2687 1.52688
    endloop
  endfacet
  facet normal 0 -0.0979871 0.995188
    outer loop
      vertex 54 82.001 1.50001
      vertex 54.0002 82.001 1.50001
      vertex 54 82.2739 1.52688
    endloop
  endfacet
  facet normal -0.0285758 -0.290197 0.95654
    outer loop
      vertex 54 82.5364 1.6065
      vertex 54.0534 82.2687 1.52688
      vertex 54.1046 82.5261 1.6065
    endloop
  endfacet
  facet normal -0.0282534 -0.29014 0.956567
    outer loop
      vertex 54 82.2739 1.52688
      vertex 54.0534 82.2687 1.52688
      vertex 54 82.5364 1.6065
    endloop
  endfacet
  facet normal -0.0462256 -0.470943 0.880952
    outer loop
      vertex 54 82.7782 1.73578
      vertex 54.1046 82.5261 1.6065
      vertex 54.1518 82.7633 1.73578
    endloop
  endfacet
  facet normal -0.0463785 -0.470989 0.880919
    outer loop
      vertex 54 82.5364 1.6065
      vertex 54.1046 82.5261 1.6065
      vertex 54 82.7782 1.73578
    endloop
  endfacet
  facet normal -0.0622738 -0.633226 0.771457
    outer loop
      vertex 54 82.9902 1.90977
      vertex 54.1518 82.7633 1.73578
      vertex 54.1932 82.9712 1.90977
    endloop
  endfacet
  facet normal -0.0621501 -0.63318 0.771505
    outer loop
      vertex 54 82.7782 1.73578
      vertex 54.1518 82.7633 1.73578
      vertex 54 82.9902 1.90977
    endloop
  endfacet
  facet normal -0.0756785 -0.770699 0.632689
    outer loop
      vertex 54 83.1642 2.12176
      vertex 54.1932 82.9712 1.90977
      vertex 54.2271 83.1419 2.12176
    endloop
  endfacet
  facet normal -0.0757977 -0.770743 0.632621
    outer loop
      vertex 54 82.9902 1.90977
      vertex 54.1932 82.9712 1.90977
      vertex 54 83.1642 2.12176
    endloop
  endfacet
  facet normal -0.0867249 -0.878742 0.469352
    outer loop
      vertex 54 83.2935 2.36363
      vertex 54.2271 83.1419 2.12176
      vertex 54.2523 83.2686 2.36363
    endloop
  endfacet
  facet normal -0.0862744 -0.878606 0.469689
    outer loop
      vertex 54 83.1642 2.12176
      vertex 54.2271 83.1419 2.12176
      vertex 54 83.2935 2.36363
    endloop
  endfacet
  facet normal -0.0938821 -0.95269 0.289082
    outer loop
      vertex 54 83.3731 2.62608
      vertex 54.2523 83.2686 2.36363
      vertex 54.2679 83.3467 2.62608
    endloop
  endfacet
  facet normal -0.0940253 -0.952714 0.288954
    outer loop
      vertex 54 83.2935 2.36363
      vertex 54.2523 83.2686 2.36363
      vertex 54 83.3731 2.62608
    endloop
  endfacet
  facet normal -0.0975557 -0.990426 0.0976643
    outer loop
      vertex 54 83.4 2.899
      vertex 54.2679 83.3467 2.62608
      vertex 54.2731 83.3731 2.899
    endloop
  endfacet
  facet normal -0.0976008 -0.990426 0.0976201
    outer loop
      vertex 54 83.3731 2.62608
      vertex 54.2679 83.3467 2.62608
      vertex 54 83.4 2.899
    endloop
  endfacet
  facet normal -0.0980244 0.995184 0
    outer loop
      vertex 54 83.4 1.50001
      vertex 53.7269 83.3731 2.899
      vertex 54 83.4 2.899
    endloop
  endfacet
  facet normal -0.0980244 0.995184 0
    outer loop
      vertex 53.7269 83.3731 2.899
      vertex 54 83.4 1.50001
      vertex 53.7269 83.3731 1.50001
    endloop
  endfacet
  facet normal 0.00954139 -0.0979827 0.995142
    outer loop
      vertex 53.9466 82.2687 1.52688
      vertex 54 82.001 1.50001
      vertex 54 82.2739 1.52688
    endloop
  endfacet
  facet normal 0 -0.0998717 0.995
    outer loop
      vertex 53.9466 82.2687 1.52688
      vertex 53.9998 82.001 1.50001
      vertex 54 82.001 1.50001
    endloop
  endfacet
  facet normal 0.02857 -0.290138 0.956558
    outer loop
      vertex 53.8954 82.5261 1.6065
      vertex 54 82.2739 1.52688
      vertex 54 82.5364 1.6065
    endloop
  endfacet
  facet normal 0.0282646 -0.290256 0.956532
    outer loop
      vertex 53.8954 82.5261 1.6065
      vertex 53.9466 82.2687 1.52688
      vertex 54 82.2739 1.52688
    endloop
  endfacet
  facet normal 0.0462305 -0.470992 0.880925
    outer loop
      vertex 53.8482 82.7633 1.73578
      vertex 54 82.5364 1.6065
      vertex 54 82.7782 1.73578
    endloop
  endfacet
  facet normal 0.0463714 -0.470917 0.880958
    outer loop
      vertex 53.8482 82.7633 1.73578
      vertex 53.8954 82.5261 1.6065
      vertex 54 82.5364 1.6065
    endloop
  endfacet
  facet normal 0.0622688 -0.633175 0.771499
    outer loop
      vertex 53.8068 82.9712 1.90977
      vertex 54 82.7782 1.73578
      vertex 54 82.9902 1.90977
    endloop
  endfacet
  facet normal 0.0621564 -0.633245 0.771452
    outer loop
      vertex 53.8068 82.9712 1.90977
      vertex 53.8482 82.7633 1.73578
      vertex 54 82.7782 1.73578
    endloop
  endfacet
  facet normal 0.0756835 -0.77075 0.632627
    outer loop
      vertex 53.7729 83.1419 2.12176
      vertex 54 82.9902 1.90977
      vertex 54 83.1642 2.12176
    endloop
  endfacet
  facet normal 0.0757918 -0.770683 0.632695
    outer loop
      vertex 53.7729 83.1419 2.12176
      vertex 53.8068 82.9712 1.90977
      vertex 54 82.9902 1.90977
    endloop
  endfacet
  facet normal 0.0867081 -0.878573 0.469672
    outer loop
      vertex 53.7477 83.2686 2.36363
      vertex 54 83.1642 2.12176
      vertex 54 83.2935 2.36363
    endloop
  endfacet
  facet normal 0.0862929 -0.878794 0.469334
    outer loop
      vertex 53.7477 83.2686 2.36363
      vertex 53.7729 83.1419 2.12176
      vertex 54 83.1642 2.12176
    endloop
  endfacet
  facet normal 0.0938857 -0.952727 0.288958
    outer loop
      vertex 53.7321 83.3467 2.62608
      vertex 54 83.2935 2.36363
      vertex 54 83.3731 2.62608
    endloop
  endfacet
  facet normal 0.0940214 -0.952675 0.289086
    outer loop
      vertex 53.7321 83.3467 2.62608
      vertex 53.7477 83.2686 2.36363
      vertex 54 83.2935 2.36363
    endloop
  endfacet
  facet normal 0.0975562 -0.990431 0.0976205
    outer loop
      vertex 53.7269 83.3731 2.899
      vertex 54 83.3731 2.62608
      vertex 54 83.4 2.899
    endloop
  endfacet
  facet normal 0.0976004 -0.990422 0.0976647
    outer loop
      vertex 53.7269 83.3731 2.899
      vertex 53.7321 83.3467 2.62608
      vertex 54 83.3731 2.62608
    endloop
  endfacet
  facet normal -0.290321 0.956929 0
    outer loop
      vertex 53.7269 83.3731 1.50001
      vertex 53.4642 83.2934 2.899
      vertex 53.7269 83.3731 2.899
    endloop
  endfacet
  facet normal -0.290321 0.956929 0
    outer loop
      vertex 53.4642 83.2934 2.899
      vertex 53.7269 83.3731 1.50001
      vertex 53.4642 83.2934 1.50001
    endloop
  endfacet
  facet normal 0.0285911 -0.0942041 0.995142
    outer loop
      vertex 53.8952 82.2531 1.52688
      vertex 53.9998 82.001 1.50001
      vertex 53.9466 82.2687 1.52688
    endloop
  endfacet
  facet normal 0.0439226 -0.0878452 0.995165
    outer loop
      vertex 53.8952 82.2531 1.52688
      vertex 53.9996 82.0009 1.50001
      vertex 53.9998 82.001 1.50001
    endloop
  endfacet
  facet normal 0.0847851 -0.279015 0.956537
    outer loop
      vertex 53.7947 82.4955 1.6065
      vertex 53.9466 82.2687 1.52688
      vertex 53.8954 82.5261 1.6065
    endloop
  endfacet
  facet normal 0.0846983 -0.27907 0.956528
    outer loop
      vertex 53.7947 82.4955 1.6065
      vertex 53.8952 82.2531 1.52688
      vertex 53.9466 82.2687 1.52688
    endloop
  endfacet
  facet normal 0.137392 -0.452806 0.88096
    outer loop
      vertex 53.7022 82.719 1.73578
      vertex 53.8954 82.5261 1.6065
      vertex 53.8482 82.7633 1.73578
    endloop
  endfacet
  facet normal 0.137555 -0.452672 0.881003
    outer loop
      vertex 53.7022 82.719 1.73578
      vertex 53.7947 82.4955 1.6065
      vertex 53.8954 82.5261 1.6065
    endloop
  endfacet
  facet normal 0.184906 -0.608812 0.771465
    outer loop
      vertex 53.6211 82.9148 1.90977
      vertex 53.8482 82.7633 1.73578
      vertex 53.8068 82.9712 1.90977
    endloop
  endfacet
  facet normal 0.184768 -0.608941 0.771396
    outer loop
      vertex 53.6211 82.9148 1.90977
      vertex 53.7022 82.719 1.73578
      vertex 53.8482 82.7633 1.73578
    endloop
  endfacet
  facet normal 0.224955 -0.741029 0.63267
    outer loop
      vertex 53.5545 83.0756 2.12176
      vertex 53.8068 82.9712 1.90977
      vertex 53.7729 83.1419 2.12176
    endloop
  endfacet
  facet normal 0.225039 -0.740952 0.632731
    outer loop
      vertex 53.5545 83.0756 2.12176
      vertex 53.6211 82.9148 1.90977
      vertex 53.8068 82.9712 1.90977
    endloop
  endfacet
  facet normal 0.256255 -0.845013 0.469346
    outer loop
      vertex 53.505 83.195 2.36363
      vertex 53.7729 83.1419 2.12176
      vertex 53.7477 83.2686 2.36363
    endloop
  endfacet
  facet normal 0.256469 -0.844838 0.469545
    outer loop
      vertex 53.505 83.195 2.36363
      vertex 53.5545 83.0756 2.12176
      vertex 53.7729 83.1419 2.12176
    endloop
  endfacet
  facet normal 0.27775 -0.916112 0.289126
    outer loop
      vertex 53.4745 83.2686 2.62608
      vertex 53.7477 83.2686 2.36363
      vertex 53.7321 83.3467 2.62608
    endloop
  endfacet
  facet normal 0.277805 -0.916077 0.289184
    outer loop
      vertex 53.4745 83.2686 2.62608
      vertex 53.505 83.195 2.36363
      vertex 53.7477 83.2686 2.36363
    endloop
  endfacet
  facet normal 0.288934 -0.952358 0.0976283
    outer loop
      vertex 53.4642 83.2934 2.899
      vertex 53.7321 83.3467 2.62608
      vertex 53.7269 83.3731 2.899
    endloop
  endfacet
  facet normal 0.288761 -0.952429 0.0974443
    outer loop
      vertex 53.4642 83.2934 2.899
      vertex 53.4745 83.2686 2.62608
      vertex 53.7321 83.3467 2.62608
    endloop
  endfacet
  facet normal -0.471534 0.881848 0
    outer loop
      vertex 53.4642 83.2934 1.50001
      vertex 53.2222 83.164 2.899
      vertex 53.4642 83.2934 2.899
    endloop
  endfacet
  facet normal -0.471534 0.881848 0
    outer loop
      vertex 53.2222 83.164 2.899
      vertex 53.4642 83.2934 1.50001
      vertex 53.2222 83.164 1.50001
    endloop
  endfacet
  facet normal 0.0463502 -0.086838 0.995144
    outer loop
      vertex 53.8478 82.2278 1.52688
      vertex 53.9996 82.0009 1.50001
      vertex 53.8952 82.2531 1.52688
    endloop
  endfacet
  facet normal 0.0441525 -0.0883049 0.995114
    outer loop
      vertex 53.8478 82.2278 1.52688
      vertex 53.9994 82.0008 1.50001
      vertex 53.9996 82.0009 1.50001
    endloop
  endfacet
  facet normal 0.13736 -0.257239 0.956536
    outer loop
      vertex 53.702 82.446 1.6065
      vertex 53.8952 82.2531 1.52688
      vertex 53.7947 82.4955 1.6065
    endloop
  endfacet
  facet normal 0.137322 -0.257275 0.956531
    outer loop
      vertex 53.702 82.446 1.6065
      vertex 53.8478 82.2278 1.52688
      vertex 53.8952 82.2531 1.52688
    endloop
  endfacet
  facet normal 0.222927 -0.41733 0.880987
    outer loop
      vertex 53.5676 82.6471 1.73578
      vertex 53.7947 82.4955 1.6065
      vertex 53.7022 82.719 1.73578
    endloop
  endfacet
  facet normal 0.222878 -0.41739 0.880971
    outer loop
      vertex 53.5676 82.6471 1.73578
      vertex 53.702 82.446 1.6065
      vertex 53.7947 82.4955 1.6065
    endloop
  endfacet
  facet normal 0.299956 -0.561228 0.771394
    outer loop
      vertex 53.4499 82.8233 1.90977
      vertex 53.7022 82.719 1.73578
      vertex 53.6211 82.9148 1.90977
    endloop
  endfacet
  facet normal 0.299863 -0.561357 0.771337
    outer loop
      vertex 53.4499 82.8233 1.90977
      vertex 53.5676 82.6471 1.73578
      vertex 53.7022 82.719 1.73578
    endloop
  endfacet
  facet normal 0.36505 -0.682942 0.632716
    outer loop
      vertex 53.3532 82.968 2.12176
      vertex 53.6211 82.9148 1.90977
      vertex 53.5545 83.0756 2.12176
    endloop
  endfacet
  facet normal 0.365025 -0.682976 0.632693
    outer loop
      vertex 53.3532 82.968 2.12176
      vertex 53.4499 82.8233 1.90977
      vertex 53.6211 82.9148 1.90977
    endloop
  endfacet
  facet normal 0.416151 -0.778672 0.469562
    outer loop
      vertex 53.2814 83.0755 2.36363
      vertex 53.5545 83.0756 2.12176
      vertex 53.505 83.195 2.36363
    endloop
  endfacet
  facet normal 0.416193 -0.778621 0.469609
    outer loop
      vertex 53.2814 83.0755 2.36363
      vertex 53.3532 82.968 2.12176
      vertex 53.5545 83.0756 2.12176
    endloop
  endfacet
  facet normal 0.451274 -0.844227 0.289194
    outer loop
      vertex 53.2371 83.1417 2.62608
      vertex 53.505 83.195 2.36363
      vertex 53.4745 83.2686 2.62608
    endloop
  endfacet
  facet normal 0.451215 -0.844282 0.289123
    outer loop
      vertex 53.2371 83.1417 2.62608
      vertex 53.2814 83.0755 2.36363
      vertex 53.505 83.195 2.36363
    endloop
  endfacet
  facet normal 0.469289 -0.87765 0.0974622
    outer loop
      vertex 53.2222 83.164 2.899
      vertex 53.4745 83.2686 2.62608
      vertex 53.4642 83.2934 2.899
    endloop
  endfacet
  facet normal 0.469179 -0.877723 0.0973325
    outer loop
      vertex 53.2222 83.164 2.899
      vertex 53.2371 83.1417 2.62608
      vertex 53.4745 83.2686 2.62608
    endloop
  endfacet
  facet normal -0.634467 0.77295 0
    outer loop
      vertex 53.2222 83.164 1.50001
      vertex 53.0101 82.9899 2.899
      vertex 53.2222 83.164 2.899
    endloop
  endfacet
  facet normal -0.634467 0.77295 0
    outer loop
      vertex 53.0101 82.9899 2.899
      vertex 53.2222 83.164 1.50001
      vertex 53.0101 82.9899 1.50001
    endloop
  endfacet
  facet normal 0.0624957 -0.0760579 0.995143
    outer loop
      vertex 53.8063 82.1937 1.52688
      vertex 53.9994 82.0008 1.50001
      vertex 53.8478 82.2278 1.52688
    endloop
  endfacet
  facet normal 0.0692765 -0.0692765 0.995189
    outer loop
      vertex 53.8063 82.1937 1.52688
      vertex 53.9993 82.0007 1.50001
      vertex 53.9994 82.0008 1.50001
    endloop
  endfacet
  facet normal 0.18496 -0.225446 0.956537
    outer loop
      vertex 53.6207 82.3793 1.6065
      vertex 53.8478 82.2278 1.52688
      vertex 53.702 82.446 1.6065
    endloop
  endfacet
  facet normal 0.185092 -0.225258 0.956556
    outer loop
      vertex 53.6207 82.3793 1.6065
      vertex 53.8063 82.1937 1.52688
      vertex 53.8478 82.2278 1.52688
    endloop
  endfacet
  facet normal 0.300244 -0.36569 0.880979
    outer loop
      vertex 53.4497 82.5503 1.73578
      vertex 53.702 82.446 1.6065
      vertex 53.5676 82.6471 1.73578
    endloop
  endfacet
  facet normal 0.300155 -0.365856 0.88094
    outer loop
      vertex 53.4497 82.5503 1.73578
      vertex 53.6207 82.3793 1.6065
      vertex 53.702 82.446 1.6065
    endloop
  endfacet
  facet normal 0.403573 -0.49209 0.771347
    outer loop
      vertex 53.2998 82.7002 1.90977
      vertex 53.5676 82.6471 1.73578
      vertex 53.4499 82.8233 1.90977
    endloop
  endfacet
  facet normal 0.403734 -0.491738 0.771488
    outer loop
      vertex 53.2998 82.7002 1.90977
      vertex 53.4497 82.5503 1.73578
      vertex 53.5676 82.6471 1.73578
    endloop
  endfacet
  facet normal 0.49134 -0.598566 0.632695
    outer loop
      vertex 53.1768 82.8232 2.12176
      vertex 53.4499 82.8233 1.90977
      vertex 53.3532 82.968 2.12176
    endloop
  endfacet
  facet normal 0.491181 -0.598914 0.63249
    outer loop
      vertex 53.1768 82.8232 2.12176
      vertex 53.2998 82.7002 1.90977
      vertex 53.4499 82.8233 1.90977
    endloop
  endfacet
  facet normal 0.560194 -0.682399 0.46959
    outer loop
      vertex 53.0854 82.9146 2.36363
      vertex 53.3532 82.968 2.12176
      vertex 53.2814 83.0755 2.36363
    endloop
  endfacet
  facet normal 0.560178 -0.682427 0.469567
    outer loop
      vertex 53.0854 82.9146 2.36363
      vertex 53.1768 82.8232 2.12176
      vertex 53.3532 82.968 2.12176
    endloop
  endfacet
  facet normal 0.607504 -0.739817 0.289153
    outer loop
      vertex 53.0291 82.9709 2.62608
      vertex 53.2814 83.0755 2.36363
      vertex 53.2371 83.1417 2.62608
    endloop
  endfacet
  facet normal 0.607423 -0.739931 0.289031
    outer loop
      vertex 53.0291 82.9709 2.62608
      vertex 53.0854 82.9146 2.36363
      vertex 53.2814 83.0755 2.36363
    endloop
  endfacet
  facet normal 0.631455 -0.76928 0.0973311
    outer loop
      vertex 53.0101 82.9899 2.899
      vertex 53.2371 83.1417 2.62608
      vertex 53.2222 83.164 2.899
    endloop
  endfacet
  facet normal 0.631588 -0.769147 0.0975156
    outer loop
      vertex 53.0101 82.9899 2.899
      vertex 53.0291 82.9709 2.62608
      vertex 53.2371 83.1417 2.62608
    endloop
  endfacet
  facet normal -0.77295 0.634467 0
    outer loop
      vertex 52.836 82.7778 1.50001
      vertex 53.0101 82.9899 2.899
      vertex 53.0101 82.9899 1.50001
    endloop
  endfacet
  facet normal -0.77295 0.634467 0
    outer loop
      vertex 53.0101 82.9899 2.899
      vertex 52.836 82.7778 1.50001
      vertex 52.836 82.7778 2.899
    endloop
  endfacet
  facet normal 0.076054 -0.0624926 0.995143
    outer loop
      vertex 53.7722 82.1522 1.52688
      vertex 53.9993 82.0007 1.50001
      vertex 53.8063 82.1937 1.52688
    endloop
  endfacet
  facet normal 0.0706172 -0.0706172 0.995001
    outer loop
      vertex 53.7722 82.1522 1.52688
      vertex 53.9992 82.0006 1.50001
      vertex 53.9993 82.0007 1.50001
    endloop
  endfacet
  facet normal 0.225414 -0.184934 0.95655
    outer loop
      vertex 53.554 82.298 1.6065
      vertex 53.8063 82.1937 1.52688
      vertex 53.6207 82.3793 1.6065
    endloop
  endfacet
  facet normal 0.225321 -0.185144 0.956531
    outer loop
      vertex 53.554 82.298 1.6065
      vertex 53.7722 82.1522 1.52688
      vertex 53.8063 82.1937 1.52688
    endloop
  endfacet
  facet normal 0.365735 -0.300282 0.880948
    outer loop
      vertex 53.3529 82.4324 1.73578
      vertex 53.6207 82.3793 1.6065
      vertex 53.4497 82.5503 1.73578
    endloop
  endfacet
  facet normal 0.36579 -0.300101 0.880986
    outer loop
      vertex 53.3529 82.4324 1.73578
      vertex 53.554 82.298 1.6065
      vertex 53.6207 82.3793 1.6065
    endloop
  endfacet
  facet normal 0.491974 -0.403478 0.771471
    outer loop
      vertex 53.1767 82.5501 1.90977
      vertex 53.4497 82.5503 1.73578
      vertex 53.2998 82.7002 1.90977
    endloop
  endfacet
  facet normal 0.491885 -0.403855 0.771331
    outer loop
      vertex 53.1767 82.5501 1.90977
      vertex 53.3529 82.4324 1.73578
      vertex 53.4497 82.5503 1.73578
    endloop
  endfacet
  facet normal 0.598685 -0.491438 0.632507
    outer loop
      vertex 53.032 82.6468 2.12176
      vertex 53.2998 82.7002 1.90977
      vertex 53.1768 82.8232 2.12176
    endloop
  endfacet
  facet normal 0.598773 -0.491066 0.632712
    outer loop
      vertex 53.032 82.6468 2.12176
      vertex 53.1767 82.5501 1.90977
      vertex 53.2998 82.7002 1.90977
    endloop
  endfacet
  facet normal 0.682408 -0.560201 0.469568
    outer loop
      vertex 52.9245 82.7186 2.36363
      vertex 53.1768 82.8232 2.12176
      vertex 53.0854 82.9146 2.36363
    endloop
  endfacet
  facet normal 0.682417 -0.56017 0.469591
    outer loop
      vertex 52.9245 82.7186 2.36363
      vertex 53.032 82.6468 2.12176
      vertex 53.1768 82.8232 2.12176
    endloop
  endfacet
  facet normal 0.739845 -0.607527 0.289034
    outer loop
      vertex 52.8583 82.7629 2.62608
      vertex 53.0854 82.9146 2.36363
      vertex 53.0291 82.9709 2.62608
    endloop
  endfacet
  facet normal 0.739902 -0.607399 0.289157
    outer loop
      vertex 52.8583 82.7629 2.62608
      vertex 52.9245 82.7186 2.36363
      vertex 53.0854 82.9146 2.36363
    endloop
  endfacet
  facet normal 0.769266 -0.631444 0.0975139
    outer loop
      vertex 52.836 82.7778 2.899
      vertex 53.0291 82.9709 2.62608
      vertex 53.0101 82.9899 2.899
    endloop
  endfacet
  facet normal 0.769161 -0.6316 0.0973294
    outer loop
      vertex 52.836 82.7778 2.899
      vertex 52.8583 82.7629 2.62608
      vertex 53.0291 82.9709 2.62608
    endloop
  endfacet
  facet normal -0.881848 0.471534 0
    outer loop
      vertex 52.7066 82.5358 1.50001
      vertex 52.836 82.7778 2.899
      vertex 52.836 82.7778 1.50001
    endloop
  endfacet
  facet normal -0.881848 0.471534 0
    outer loop
      vertex 52.836 82.7778 2.899
      vertex 52.7066 82.5358 1.50001
      vertex 52.7066 82.5358 2.899
    endloop
  endfacet
  facet normal 0.0868399 -0.0463512 0.995143
    outer loop
      vertex 53.7469 82.1048 1.52688
      vertex 53.9992 82.0006 1.50001
      vertex 53.7722 82.1522 1.52688
    endloop
  endfacet
  facet normal 0.0878452 -0.0439226 0.995165
    outer loop
      vertex 53.7469 82.1048 1.52688
      vertex 53.9991 82.0004 1.50001
      vertex 53.9992 82.0006 1.50001
    endloop
  endfacet
  facet normal 0.257247 -0.137365 0.956533
    outer loop
      vertex 53.5045 82.2053 1.6065
      vertex 53.7722 82.1522 1.52688
      vertex 53.554 82.298 1.6065
    endloop
  endfacet
  facet normal 0.257259 -0.137313 0.956537
    outer loop
      vertex 53.5045 82.2053 1.6065
      vertex 53.7469 82.1048 1.52688
      vertex 53.7722 82.1522 1.52688
    endloop
  endfacet
  facet normal 0.417352 -0.222939 0.880974
    outer loop
      vertex 53.281 82.2978 1.73578
      vertex 53.554 82.298 1.6065
      vertex 53.3529 82.4324 1.73578
    endloop
  endfacet
  facet normal 0.417359 -0.222862 0.88099
    outer loop
      vertex 53.281 82.2978 1.73578
      vertex 53.5045 82.2053 1.6065
      vertex 53.554 82.298 1.6065
    endloop
  endfacet
  facet normal 0.561282 -0.299984 0.771344
    outer loop
      vertex 53.0852 82.3789 1.90977
      vertex 53.3529 82.4324 1.73578
      vertex 53.1767 82.5501 1.90977
    endloop
  endfacet
  facet normal 0.561288 -0.299826 0.771401
    outer loop
      vertex 53.0852 82.3789 1.90977
      vertex 53.281 82.2978 1.73578
      vertex 53.3529 82.4324 1.73578
    endloop
  endfacet
  facet normal 0.682957 -0.365058 0.632695
    outer loop
      vertex 52.9244 82.4455 2.12176
      vertex 53.1767 82.5501 1.90977
      vertex 53.032 82.6468 2.12176
    endloop
  endfacet
  facet normal 0.682958 -0.365016 0.632717
    outer loop
      vertex 52.9244 82.4455 2.12176
      vertex 53.0852 82.3789 1.90977
      vertex 53.1767 82.5501 1.90977
    endloop
  endfacet
  facet normal 0.778651 -0.41614 0.469607
    outer loop
      vertex 52.805 82.495 2.36363
      vertex 53.032 82.6468 2.12176
      vertex 52.9245 82.7186 2.36363
    endloop
  endfacet
  facet normal 0.778644 -0.416205 0.469559
    outer loop
      vertex 52.805 82.495 2.36363
      vertex 52.9244 82.4455 2.12176
      vertex 53.032 82.6468 2.12176
    endloop
  endfacet
  facet normal 0.844245 -0.451284 0.289125
    outer loop
      vertex 52.7314 82.5255 2.62608
      vertex 52.9245 82.7186 2.36363
      vertex 52.8583 82.7629 2.62608
    endloop
  endfacet
  facet normal 0.844263 -0.451205 0.289196
    outer loop
      vertex 52.7314 82.5255 2.62608
      vertex 52.805 82.495 2.36363
      vertex 52.9245 82.7186 2.36363
    endloop
  endfacet
  facet normal 0.877661 -0.469295 0.0973338
    outer loop
      vertex 52.7066 82.5358 2.899
      vertex 52.8583 82.7629 2.62608
      vertex 52.836 82.7778 2.899
    endloop
  endfacet
  facet normal 0.877712 -0.469173 0.0974635
    outer loop
      vertex 52.7066 82.5358 2.899
      vertex 52.7314 82.5255 2.62608
      vertex 52.8583 82.7629 2.62608
    endloop
  endfacet
  facet normal -0.956929 0.290321 0
    outer loop
      vertex 52.6269 82.2731 1.50001
      vertex 52.7066 82.5358 2.899
      vertex 52.7066 82.5358 1.50001
    endloop
  endfacet
  facet normal -0.956929 0.290321 0
    outer loop
      vertex 52.7066 82.5358 2.899
      vertex 52.6269 82.2731 1.50001
      vertex 52.6269 82.2731 2.899
    endloop
  endfacet
  facet normal 0.0941911 -0.0285872 0.995144
    outer loop
      vertex 53.7313 82.0534 1.52688
      vertex 53.9991 82.0004 1.50001
      vertex 53.7469 82.1048 1.52688
    endloop
  endfacet
  facet normal 0.0908294 -0.0454147 0.99483
    outer loop
      vertex 53.7313 82.0534 1.52688
      vertex 53.999 82.0002 1.50001
      vertex 53.9991 82.0004 1.50001
    endloop
  endfacet
  facet normal 0.279033 -0.0847905 0.956531
    outer loop
      vertex 53.4739 82.1046 1.6065
      vertex 53.7469 82.1048 1.52688
      vertex 53.5045 82.2053 1.6065
    endloop
  endfacet
  facet normal 0.279035 -0.0846877 0.956539
    outer loop
      vertex 53.4739 82.1046 1.6065
      vertex 53.7313 82.0534 1.52688
      vertex 53.7469 82.1048 1.52688
    endloop
  endfacet
  facet normal 0.452743 -0.137373 0.880995
    outer loop
      vertex 53.2367 82.1518 1.73578
      vertex 53.5045 82.2053 1.6065
      vertex 53.281 82.2978 1.73578
    endloop
  endfacet
  facet normal 0.452764 -0.137583 0.880952
    outer loop
      vertex 53.2367 82.1518 1.73578
      vertex 53.4739 82.1046 1.6065
      vertex 53.5045 82.2053 1.6065
    endloop
  endfacet
  facet normal 0.608882 -0.184927 0.771404
    outer loop
      vertex 53.0288 82.1932 1.90977
      vertex 53.281 82.2978 1.73578
      vertex 53.0852 82.3789 1.90977
    endloop
  endfacet
  facet normal 0.608852 -0.184741 0.771473
    outer loop
      vertex 53.0288 82.1932 1.90977
      vertex 53.2367 82.1518 1.73578
      vertex 53.281 82.2978 1.73578
    endloop
  endfacet
  facet normal 0.740985 -0.224942 0.632726
    outer loop
      vertex 52.8581 82.2271 2.12176
      vertex 53.0852 82.3789 1.90977
      vertex 52.9244 82.4455 2.12176
    endloop
  endfacet
  facet normal 0.741003 -0.225054 0.632665
    outer loop
      vertex 52.8581 82.2271 2.12176
      vertex 53.0288 82.1932 1.90977
      vertex 53.0852 82.3789 1.90977
    endloop
  endfacet
  facet normal 0.844918 -0.256226 0.469535
    outer loop
      vertex 52.7314 82.2523 2.36363
      vertex 52.9244 82.4455 2.12176
      vertex 52.805 82.495 2.36363
    endloop
  endfacet
  facet normal 0.844944 -0.256501 0.469336
    outer loop
      vertex 52.7314 82.2523 2.36363
      vertex 52.8581 82.2271 2.12176
      vertex 52.9244 82.4455 2.12176
    endloop
  endfacet
  facet normal 0.916096 -0.277745 0.289182
    outer loop
      vertex 52.6533 82.2679 2.62608
      vertex 52.805 82.495 2.36363
      vertex 52.7314 82.5255 2.62608
    endloop
  endfacet
  facet normal 0.916094 -0.27781 0.289125
    outer loop
      vertex 52.6533 82.2679 2.62608
      vertex 52.7314 82.2523 2.36363
      vertex 52.805 82.495 2.36363
    endloop
  endfacet
  facet normal 0.952375 -0.288939 0.0974461
    outer loop
      vertex 52.6269 82.2731 2.899
      vertex 52.7314 82.5255 2.62608
      vertex 52.7066 82.5358 2.899
    endloop
  endfacet
  facet normal 0.952412 -0.288755 0.0976301
    outer loop
      vertex 52.6269 82.2731 2.899
      vertex 52.6533 82.2679 2.62608
      vertex 52.7314 82.5255 2.62608
    endloop
  endfacet
  facet normal -0.995184 0.0980244 0
    outer loop
      vertex 52.6 82 1.50001
      vertex 52.6269 82.2731 2.899
      vertex 52.6269 82.2731 1.50001
    endloop
  endfacet
  facet normal -0.995184 0.0980244 0
    outer loop
      vertex 52.6269 82.2731 2.899
      vertex 52.6 82 1.50001
      vertex 52.6 82 2.899
    endloop
  endfacet
  facet normal 0 0 -1
    outer loop
      vertex 54.001 82 1.50001
      vertex 55.4 82 1.50001
      vertex 55.3731 81.7269 1.50001
    endloop
  endfacet
  facet normal 0 0 -1
    outer loop
      vertex 54.001 81.9998 1.50001
      vertex 55.3731 81.7269 1.50001
      vertex 55.2934 81.4642 1.50001
    endloop
  endfacet
  facet normal 0 0 -1
    outer loop
      vertex 55.4 82 1.50001
      vertex 54.001 82 1.50001
      vertex 55.3731 82.2731 1.50001
    endloop
  endfacet
  facet normal 0 0 -1
    outer loop
      vertex 54.0009 81.9996 1.50001
      vertex 55.2934 81.4642 1.50001
      vertex 55.164 81.2222 1.50001
    endloop
  endfacet
  facet normal 0 0 -1
    outer loop
      vertex 54.001 82.0002 1.50001
      vertex 55.3731 82.2731 1.50001
      vertex 54.001 82 1.50001
    endloop
  endfacet
  facet normal 0 0 -1
    outer loop
      vertex 54.0008 81.9994 1.50001
      vertex 55.164 81.2222 1.50001
      vertex 54.9899 81.0101 1.50001
    endloop
  endfacet
  facet normal -0 0 -1
    outer loop
      vertex 55.3731 82.2731 1.50001
      vertex 54.001 82.0002 1.50001
      vertex 55.2934 82.5358 1.50001
    endloop
  endfacet
  facet normal 0 0 -1
    outer loop
      vertex 54.0007 81.9993 1.50001
      vertex 54.9899 81.0101 1.50001
      vertex 54.7778 80.836 1.50001
    endloop
  endfacet
  facet normal 0 0 -1
    outer loop
      vertex 54.0009 82.0004 1.50001
      vertex 55.2934 82.5358 1.50001
      vertex 54.001 82.0002 1.50001
    endloop
  endfacet
  facet normal 0 0 -1
    outer loop
      vertex 54.0006 81.9992 1.50001
      vertex 54.7778 80.836 1.50001
      vertex 54.5358 80.7066 1.50001
    endloop
  endfacet
  facet normal -0 0 -1
    outer loop
      vertex 55.2934 82.5358 1.50001
      vertex 54.0009 82.0004 1.50001
      vertex 55.164 82.7778 1.50001
    endloop
  endfacet
  facet normal 0 0 -1
    outer loop
      vertex 54.0004 81.9991 1.50001
      vertex 54.5358 80.7066 1.50001
      vertex 54.2731 80.6269 1.50001
    endloop
  endfacet
  facet normal 0 0 -1
    outer loop
      vertex 54.0008 82.0006 1.50001
      vertex 55.164 82.7778 1.50001
      vertex 54.0009 82.0004 1.50001
    endloop
  endfacet
  facet normal -0 0 -1
    outer loop
      vertex 55.164 82.7778 1.50001
      vertex 54.0008 82.0006 1.50001
      vertex 54.9899 82.9899 1.50001
    endloop
  endfacet
  facet normal 0 0 -1
    outer loop
      vertex 55.3731 81.7269 1.50001
      vertex 54.001 81.9998 1.50001
      vertex 54.001 82 1.50001
    endloop
  endfacet
  facet normal 0 0 -1
    outer loop
      vertex 55.2934 81.4642 1.50001
      vertex 54.0009 81.9996 1.50001
      vertex 54.001 81.9998 1.50001
    endloop
  endfacet
  facet normal 0 0 -1
    outer loop
      vertex 55.164 81.2222 1.50001
      vertex 54.0008 81.9994 1.50001
      vertex 54.0009 81.9996 1.50001
    endloop
  endfacet
  facet normal 0 0 -1
    outer loop
      vertex 54.9899 81.0101 1.50001
      vertex 54.0007 81.9993 1.50001
      vertex 54.0008 81.9994 1.50001
    endloop
  endfacet
  facet normal 0 0 -1
    outer loop
      vertex 54.7778 80.836 1.50001
      vertex 54.0006 81.9992 1.50001
      vertex 54.0007 81.9993 1.50001
    endloop
  endfacet
  facet normal 0 0 -1
    outer loop
      vertex 54.5358 80.7066 1.50001
      vertex 54.0004 81.9991 1.50001
      vertex 54.0006 81.9992 1.50001
    endloop
  endfacet
  facet normal 0 0 -1
    outer loop
      vertex 54.2731 80.6269 1.50001
      vertex 54.0002 81.999 1.50001
      vertex 54.0004 81.9991 1.50001
    endloop
  endfacet
  facet normal 0 0 -1
    outer loop
      vertex 54 81.999 1.50001
      vertex 54.2731 80.6269 1.50001
      vertex 54 80.6 1.50001
    endloop
  endfacet
  facet normal 0 0 -1
    outer loop
      vertex 54.2731 80.6269 1.50001
      vertex 54 81.999 1.50001
      vertex 54.0002 81.999 1.50001
    endloop
  endfacet
  facet normal 0 0 -1
    outer loop
      vertex 53.7269 80.6269 1.50001
      vertex 54 81.999 1.50001
      vertex 54 80.6 1.50001
    endloop
  endfacet
  facet normal -0 0 -1
    outer loop
      vertex 54 81.999 1.50001
      vertex 53.7269 80.6269 1.50001
      vertex 53.9998 81.999 1.50001
    endloop
  endfacet
  facet normal -0 0 -1
    outer loop
      vertex 53.9998 81.999 1.50001
      vertex 53.7269 80.6269 1.50001
      vertex 53.9996 81.9991 1.50001
    endloop
  endfacet
  facet normal 0 0 -1
    outer loop
      vertex 53.4642 80.7066 1.50001
      vertex 53.9996 81.9991 1.50001
      vertex 53.7269 80.6269 1.50001
    endloop
  endfacet
  facet normal -0 0 -1
    outer loop
      vertex 53.9996 81.9991 1.50001
      vertex 53.4642 80.7066 1.50001
      vertex 53.9994 81.9992 1.50001
    endloop
  endfacet
  facet normal 0 0 -1
    outer loop
      vertex 53.2222 80.836 1.50001
      vertex 53.9994 81.9992 1.50001
      vertex 53.4642 80.7066 1.50001
    endloop
  endfacet
  facet normal -0 0 -1
    outer loop
      vertex 53.9994 81.9992 1.50001
      vertex 53.2222 80.836 1.50001
      vertex 53.9993 81.9993 1.50001
    endloop
  endfacet
  facet normal 0 0 -1
    outer loop
      vertex 53.0101 81.0101 1.50001
      vertex 53.9993 81.9993 1.50001
      vertex 53.2222 80.836 1.50001
    endloop
  endfacet
  facet normal -0 0 -1
    outer loop
      vertex 53.9993 81.9993 1.50001
      vertex 53.0101 81.0101 1.50001
      vertex 53.9992 81.9994 1.50001
    endloop
  endfacet
  facet normal 0 0 -1
    outer loop
      vertex 54.0007 82.0007 1.50001
      vertex 54.9899 82.9899 1.50001
      vertex 54.0008 82.0006 1.50001
    endloop
  endfacet
  facet normal -0 0 -1
    outer loop
      vertex 54.9899 82.9899 1.50001
      vertex 54.0007 82.0007 1.50001
      vertex 54.7778 83.164 1.50001
    endloop
  endfacet
  facet normal 0 0 -1
    outer loop
      vertex 54.0006 82.0008 1.50001
      vertex 54.7778 83.164 1.50001
      vertex 54.0007 82.0007 1.50001
    endloop
  endfacet
  facet normal -0 0 -1
    outer loop
      vertex 54.7778 83.164 1.50001
      vertex 54.0006 82.0008 1.50001
      vertex 54.5358 83.2934 1.50001
    endloop
  endfacet
  facet normal 0 0 -1
    outer loop
      vertex 54.0004 82.0009 1.50001
      vertex 54.5358 83.2934 1.50001
      vertex 54.0006 82.0008 1.50001
    endloop
  endfacet
  facet normal -0 0 -1
    outer loop
      vertex 54.5358 83.2934 1.50001
      vertex 54.0004 82.0009 1.50001
      vertex 54.2731 83.3731 1.50001
    endloop
  endfacet
  facet normal 0 0 -1
    outer loop
      vertex 54.0002 82.001 1.50001
      vertex 54.2731 83.3731 1.50001
      vertex 54.0004 82.0009 1.50001
    endloop
  endfacet
  facet normal 0 0 -1
    outer loop
      vertex 54 82.001 1.50001
      vertex 54.2731 83.3731 1.50001
      vertex 54.0002 82.001 1.50001
    endloop
  endfacet
  facet normal 0 0 -1
    outer loop
      vertex 54 82.001 1.50001
      vertex 54 83.4 1.50001
      vertex 54.2731 83.3731 1.50001
    endloop
  endfacet
  facet normal 0 0 -1
    outer loop
      vertex 53.7269 83.3731 1.50001
      vertex 54 82.001 1.50001
      vertex 53.9998 82.001 1.50001
    endloop
  endfacet
  facet normal 0 0 -1
    outer loop
      vertex 53.7269 83.3731 1.50001
      vertex 53.9998 82.001 1.50001
      vertex 53.9996 82.0009 1.50001
    endloop
  endfacet
  facet normal 0 0 -1
    outer loop
      vertex 53.4642 83.2934 1.50001
      vertex 53.9996 82.0009 1.50001
      vertex 53.9994 82.0008 1.50001
    endloop
  endfacet
  facet normal 0 0 -1
    outer loop
      vertex 53.2222 83.164 1.50001
      vertex 53.9994 82.0008 1.50001
      vertex 53.9993 82.0007 1.50001
    endloop
  endfacet
  facet normal 0 0 -1
    outer loop
      vertex 53.0101 82.9899 1.50001
      vertex 53.9993 82.0007 1.50001
      vertex 53.9992 82.0006 1.50001
    endloop
  endfacet
  facet normal 0 0 -1
    outer loop
      vertex 52.836 82.7778 1.50001
      vertex 53.9992 82.0006 1.50001
      vertex 53.9991 82.0004 1.50001
    endloop
  endfacet
  facet normal 0 0 -1
    outer loop
      vertex 52.7066 82.5358 1.50001
      vertex 53.9991 82.0004 1.50001
      vertex 53.999 82.0002 1.50001
    endloop
  endfacet
  facet normal 0 0 -1
    outer loop
      vertex 52.6269 82.2731 1.50001
      vertex 53.999 82.0002 1.50001
      vertex 53.999 82 1.50001
    endloop
  endfacet
  facet normal 0 0 -1
    outer loop
      vertex 52.836 81.2222 1.50001
      vertex 53.9992 81.9994 1.50001
      vertex 53.0101 81.0101 1.50001
    endloop
  endfacet
  facet normal 0 0 -1
    outer loop
      vertex 54 82.001 1.50001
      vertex 53.7269 83.3731 1.50001
      vertex 54 83.4 1.50001
    endloop
  endfacet
  facet normal -0 0 -1
    outer loop
      vertex 53.9992 81.9994 1.50001
      vertex 52.836 81.2222 1.50001
      vertex 53.9991 81.9996 1.50001
    endloop
  endfacet
  facet normal 0 0 -1
    outer loop
      vertex 53.9996 82.0009 1.50001
      vertex 53.4642 83.2934 1.50001
      vertex 53.7269 83.3731 1.50001
    endloop
  endfacet
  facet normal 0 0 -1
    outer loop
      vertex 52.7066 81.4642 1.50001
      vertex 53.9991 81.9996 1.50001
      vertex 52.836 81.2222 1.50001
    endloop
  endfacet
  facet normal 0 0 -1
    outer loop
      vertex 53.9994 82.0008 1.50001
      vertex 53.2222 83.164 1.50001
      vertex 53.4642 83.2934 1.50001
    endloop
  endfacet
  facet normal -0 0 -1
    outer loop
      vertex 53.9991 81.9996 1.50001
      vertex 52.7066 81.4642 1.50001
      vertex 53.999 81.9998 1.50001
    endloop
  endfacet
  facet normal 0 0 -1
    outer loop
      vertex 53.9993 82.0007 1.50001
      vertex 53.0101 82.9899 1.50001
      vertex 53.2222 83.164 1.50001
    endloop
  endfacet
  facet normal 0 0 -1
    outer loop
      vertex 52.6269 81.7269 1.50001
      vertex 53.999 81.9998 1.50001
      vertex 52.7066 81.4642 1.50001
    endloop
  endfacet
  facet normal 0 0 -1
    outer loop
      vertex 53.9992 82.0006 1.50001
      vertex 52.836 82.7778 1.50001
      vertex 53.0101 82.9899 1.50001
    endloop
  endfacet
  facet normal -0 0 -1
    outer loop
      vertex 53.999 81.9998 1.50001
      vertex 52.6269 81.7269 1.50001
      vertex 53.999 82 1.50001
    endloop
  endfacet
  facet normal 0 0 -1
    outer loop
      vertex 53.9991 82.0004 1.50001
      vertex 52.7066 82.5358 1.50001
      vertex 52.836 82.7778 1.50001
    endloop
  endfacet
  facet normal 0 0 -1
    outer loop
      vertex 52.6 82 1.50001
      vertex 53.999 82 1.50001
      vertex 52.6269 81.7269 1.50001
    endloop
  endfacet
  facet normal 0 0 -1
    outer loop
      vertex 53.999 82.0002 1.50001
      vertex 52.6269 82.2731 1.50001
      vertex 52.7066 82.5358 1.50001
    endloop
  endfacet
  facet normal 0 0 -1
    outer loop
      vertex 53.999 82 1.50001
      vertex 52.6 82 1.50001
      vertex 52.6269 82.2731 1.50001
    endloop
  endfacet
  facet normal 0.0979896 -0.00954206 0.995142
    outer loop
      vertex 53.7261 82 1.52688
      vertex 53.999 82.0002 1.50001
      vertex 53.7313 82.0534 1.52688
    endloop
  endfacet
  facet normal 0.0979871 0 0.995188
    outer loop
      vertex 53.7261 82 1.52688
      vertex 53.999 82 1.50001
      vertex 53.999 82.0002 1.50001
    endloop
  endfacet
  facet normal 0.290197 -0.0285758 0.95654
    outer loop
      vertex 53.4636 82 1.6065
      vertex 53.7313 82.0534 1.52688
      vertex 53.4739 82.1046 1.6065
    endloop
  endfacet
  facet normal 0.29014 -0.0282534 0.956567
    outer loop
      vertex 53.4636 82 1.6065
      vertex 53.7261 82 1.52688
      vertex 53.7313 82.0534 1.52688
    endloop
  endfacet
  facet normal 0.470943 -0.0462256 0.880952
    outer loop
      vertex 53.2218 82 1.73578
      vertex 53.4739 82.1046 1.6065
      vertex 53.2367 82.1518 1.73578
    endloop
  endfacet
  facet normal 0.470989 -0.0463785 0.880919
    outer loop
      vertex 53.2218 82 1.73578
      vertex 53.4636 82 1.6065
      vertex 53.4739 82.1046 1.6065
    endloop
  endfacet
  facet normal 0.633226 -0.0622738 0.771457
    outer loop
      vertex 53.0098 82 1.90977
      vertex 53.2367 82.1518 1.73578
      vertex 53.0288 82.1932 1.90977
    endloop
  endfacet
  facet normal 0.63318 -0.0621501 0.771505
    outer loop
      vertex 53.0098 82 1.90977
      vertex 53.2218 82 1.73578
      vertex 53.2367 82.1518 1.73578
    endloop
  endfacet
  facet normal 0.770699 -0.0756785 0.632689
    outer loop
      vertex 52.8358 82 2.12176
      vertex 53.0288 82.1932 1.90977
      vertex 52.8581 82.2271 2.12176
    endloop
  endfacet
  facet normal 0.770743 -0.0757977 0.632621
    outer loop
      vertex 52.8358 82 2.12176
      vertex 53.0098 82 1.90977
      vertex 53.0288 82.1932 1.90977
    endloop
  endfacet
  facet normal 0.878742 -0.0867249 0.469352
    outer loop
      vertex 52.7065 82 2.36363
      vertex 52.8581 82.2271 2.12176
      vertex 52.7314 82.2523 2.36363
    endloop
  endfacet
  facet normal 0.878606 -0.0862744 0.469689
    outer loop
      vertex 52.7065 82 2.36363
      vertex 52.8358 82 2.12176
      vertex 52.8581 82.2271 2.12176
    endloop
  endfacet
  facet normal 0.95269 -0.0938821 0.289082
    outer loop
      vertex 52.6269 82 2.62608
      vertex 52.7314 82.2523 2.36363
      vertex 52.6533 82.2679 2.62608
    endloop
  endfacet
  facet normal 0.952714 -0.0940253 0.288954
    outer loop
      vertex 52.6269 82 2.62608
      vertex 52.7065 82 2.36363
      vertex 52.7314 82.2523 2.36363
    endloop
  endfacet
  facet normal 0.990426 -0.0975557 0.0976643
    outer loop
      vertex 52.6 82 2.899
      vertex 52.6533 82.2679 2.62608
      vertex 52.6269 82.2731 2.899
    endloop
  endfacet
  facet normal 0.990426 -0.0976008 0.0976201
    outer loop
      vertex 52.6 82 2.899
      vertex 52.6269 82 2.62608
      vertex 52.6533 82.2679 2.62608
    endloop
  endfacet
  facet normal -0.995184 -0.0980244 0
    outer loop
      vertex 52.6269 81.7269 1.50001
      vertex 52.6 82 2.899
      vertex 52.6 82 1.50001
    endloop
  endfacet
  facet normal -0.995184 -0.0980244 0
    outer loop
      vertex 52.6 82 2.899
      vertex 52.6269 81.7269 1.50001
      vertex 52.6269 81.7269 2.899
    endloop
  endfacet
  facet normal 0.0979827 0.00954139 0.995142
    outer loop
      vertex 53.7261 82 1.52688
      vertex 53.7313 81.9466 1.52688
      vertex 53.999 82 1.50001
    endloop
  endfacet
  facet normal 0.0998717 0 0.995
    outer loop
      vertex 53.7313 81.9466 1.52688
      vertex 53.999 81.9998 1.50001
      vertex 53.999 82 1.50001
    endloop
  endfacet
  facet normal 0.290138 0.02857 0.956558
    outer loop
      vertex 53.4636 82 1.6065
      vertex 53.4739 81.8954 1.6065
      vertex 53.7261 82 1.52688
    endloop
  endfacet
  facet normal 0.290256 0.0282646 0.956532
    outer loop
      vertex 53.4739 81.8954 1.6065
      vertex 53.7313 81.9466 1.52688
      vertex 53.7261 82 1.52688
    endloop
  endfacet
  facet normal 0.470992 0.0462305 0.880925
    outer loop
      vertex 53.2218 82 1.73578
      vertex 53.2367 81.8482 1.73578
      vertex 53.4636 82 1.6065
    endloop
  endfacet
  facet normal 0.470917 0.0463714 0.880958
    outer loop
      vertex 53.2367 81.8482 1.73578
      vertex 53.4739 81.8954 1.6065
      vertex 53.4636 82 1.6065
    endloop
  endfacet
  facet normal 0.633175 0.0622688 0.771499
    outer loop
      vertex 53.0098 82 1.90977
      vertex 53.0288 81.8068 1.90977
      vertex 53.2218 82 1.73578
    endloop
  endfacet
  facet normal 0.633245 0.0621564 0.771452
    outer loop
      vertex 53.0288 81.8068 1.90977
      vertex 53.2367 81.8482 1.73578
      vertex 53.2218 82 1.73578
    endloop
  endfacet
  facet normal 0.77075 0.0756835 0.632627
    outer loop
      vertex 52.8358 82 2.12176
      vertex 52.8581 81.7729 2.12176
      vertex 53.0098 82 1.90977
    endloop
  endfacet
  facet normal 0.770683 0.0757918 0.632695
    outer loop
      vertex 52.8581 81.7729 2.12176
      vertex 53.0288 81.8068 1.90977
      vertex 53.0098 82 1.90977
    endloop
  endfacet
  facet normal 0.878573 0.0867081 0.469672
    outer loop
      vertex 52.7065 82 2.36363
      vertex 52.7314 81.7477 2.36363
      vertex 52.8358 82 2.12176
    endloop
  endfacet
  facet normal 0.878794 0.0862929 0.469334
    outer loop
      vertex 52.7314 81.7477 2.36363
      vertex 52.8581 81.7729 2.12176
      vertex 52.8358 82 2.12176
    endloop
  endfacet
  facet normal 0.952727 0.0938857 0.288958
    outer loop
      vertex 52.6269 82 2.62608
      vertex 52.6533 81.7321 2.62608
      vertex 52.7065 82 2.36363
    endloop
  endfacet
  facet normal 0.952675 0.0940214 0.289086
    outer loop
      vertex 52.6533 81.7321 2.62608
      vertex 52.7314 81.7477 2.36363
      vertex 52.7065 82 2.36363
    endloop
  endfacet
  facet normal 0.990431 0.0975562 0.0976205
    outer loop
      vertex 52.6 82 2.899
      vertex 52.6269 81.7269 2.899
      vertex 52.6269 82 2.62608
    endloop
  endfacet
  facet normal 0.990422 0.0976004 0.0976647
    outer loop
      vertex 52.6269 82 2.62608
      vertex 52.6269 81.7269 2.899
      vertex 52.6533 81.7321 2.62608
    endloop
  endfacet
  facet normal -0.956929 -0.290321 0
    outer loop
      vertex 52.7066 81.4642 1.50001
      vertex 52.6269 81.7269 2.899
      vertex 52.6269 81.7269 1.50001
    endloop
  endfacet
  facet normal -0.956929 -0.290321 0
    outer loop
      vertex 52.6269 81.7269 2.899
      vertex 52.7066 81.4642 1.50001
      vertex 52.7066 81.4642 2.899
    endloop
  endfacet
  facet normal 0.0942041 0.0285911 0.995142
    outer loop
      vertex 53.7313 81.9466 1.52688
      vertex 53.7469 81.8952 1.52688
      vertex 53.999 81.9998 1.50001
    endloop
  endfacet
  facet normal 0.0878452 0.0439226 0.995165
    outer loop
      vertex 53.7469 81.8952 1.52688
      vertex 53.9991 81.9996 1.50001
      vertex 53.999 81.9998 1.50001
    endloop
  endfacet
  facet normal 0.279015 0.0847851 0.956537
    outer loop
      vertex 53.4739 81.8954 1.6065
      vertex 53.5045 81.7947 1.6065
      vertex 53.7313 81.9466 1.52688
    endloop
  endfacet
  facet normal 0.27907 0.0846983 0.956528
    outer loop
      vertex 53.5045 81.7947 1.6065
      vertex 53.7469 81.8952 1.52688
      vertex 53.7313 81.9466 1.52688
    endloop
  endfacet
  facet normal 0.452806 0.137392 0.88096
    outer loop
      vertex 53.2367 81.8482 1.73578
      vertex 53.281 81.7022 1.73578
      vertex 53.4739 81.8954 1.6065
    endloop
  endfacet
  facet normal 0.452672 0.137555 0.881003
    outer loop
      vertex 53.281 81.7022 1.73578
      vertex 53.5045 81.7947 1.6065
      vertex 53.4739 81.8954 1.6065
    endloop
  endfacet
  facet normal 0.608812 0.184906 0.771465
    outer loop
      vertex 53.0288 81.8068 1.90977
      vertex 53.0852 81.6211 1.90977
      vertex 53.2367 81.8482 1.73578
    endloop
  endfacet
  facet normal 0.608941 0.184768 0.771396
    outer loop
      vertex 53.0852 81.6211 1.90977
      vertex 53.281 81.7022 1.73578
      vertex 53.2367 81.8482 1.73578
    endloop
  endfacet
  facet normal 0.741029 0.224955 0.63267
    outer loop
      vertex 52.8581 81.7729 2.12176
      vertex 52.9244 81.5545 2.12176
      vertex 53.0288 81.8068 1.90977
    endloop
  endfacet
  facet normal 0.740952 0.225039 0.632731
    outer loop
      vertex 52.9244 81.5545 2.12176
      vertex 53.0852 81.6211 1.90977
      vertex 53.0288 81.8068 1.90977
    endloop
  endfacet
  facet normal 0.845013 0.256255 0.469346
    outer loop
      vertex 52.7314 81.7477 2.36363
      vertex 52.805 81.505 2.36363
      vertex 52.8581 81.7729 2.12176
    endloop
  endfacet
  facet normal 0.844838 0.256469 0.469545
    outer loop
      vertex 52.805 81.505 2.36363
      vertex 52.9244 81.5545 2.12176
      vertex 52.8581 81.7729 2.12176
    endloop
  endfacet
  facet normal 0.916112 0.27775 0.289126
    outer loop
      vertex 52.6533 81.7321 2.62608
      vertex 52.7314 81.4745 2.62608
      vertex 52.7314 81.7477 2.36363
    endloop
  endfacet
  facet normal 0.916077 0.277805 0.289184
    outer loop
      vertex 52.7314 81.7477 2.36363
      vertex 52.7314 81.4745 2.62608
      vertex 52.805 81.505 2.36363
    endloop
  endfacet
  facet normal 0.952358 0.288934 0.0976283
    outer loop
      vertex 52.6269 81.7269 2.899
      vertex 52.7066 81.4642 2.899
      vertex 52.6533 81.7321 2.62608
    endloop
  endfacet
  facet normal 0.952429 0.288761 0.0974443
    outer loop
      vertex 52.6533 81.7321 2.62608
      vertex 52.7066 81.4642 2.899
      vertex 52.7314 81.4745 2.62608
    endloop
  endfacet
  facet normal -0.881848 -0.471534 0
    outer loop
      vertex 52.836 81.2222 1.50001
      vertex 52.7066 81.4642 2.899
      vertex 52.7066 81.4642 1.50001
    endloop
  endfacet
  facet normal -0.881848 -0.471534 0
    outer loop
      vertex 52.7066 81.4642 2.899
      vertex 52.836 81.2222 1.50001
      vertex 52.836 81.2222 2.899
    endloop
  endfacet
  facet normal 0.086838 0.0463502 0.995144
    outer loop
      vertex 53.7469 81.8952 1.52688
      vertex 53.7722 81.8478 1.52688
      vertex 53.9991 81.9996 1.50001
    endloop
  endfacet
  facet normal 0.0883049 0.0441525 0.995114
    outer loop
      vertex 53.7722 81.8478 1.52688
      vertex 53.9992 81.9994 1.50001
      vertex 53.9991 81.9996 1.50001
    endloop
  endfacet
  facet normal 0.257239 0.13736 0.956536
    outer loop
      vertex 53.5045 81.7947 1.6065
      vertex 53.554 81.702 1.6065
      vertex 53.7469 81.8952 1.52688
    endloop
  endfacet
  facet normal 0.257275 0.137322 0.956531
    outer loop
      vertex 53.554 81.702 1.6065
      vertex 53.7722 81.8478 1.52688
      vertex 53.7469 81.8952 1.52688
    endloop
  endfacet
  facet normal 0.41733 0.222927 0.880987
    outer loop
      vertex 53.281 81.7022 1.73578
      vertex 53.3529 81.5676 1.73578
      vertex 53.5045 81.7947 1.6065
    endloop
  endfacet
  facet normal 0.41739 0.222878 0.880971
    outer loop
      vertex 53.3529 81.5676 1.73578
      vertex 53.554 81.702 1.6065
      vertex 53.5045 81.7947 1.6065
    endloop
  endfacet
  facet normal 0.561228 0.299956 0.771394
    outer loop
      vertex 53.0852 81.6211 1.90977
      vertex 53.1767 81.4499 1.90977
      vertex 53.281 81.7022 1.73578
    endloop
  endfacet
  facet normal 0.561357 0.299863 0.771337
    outer loop
      vertex 53.1767 81.4499 1.90977
      vertex 53.3529 81.5676 1.73578
      vertex 53.281 81.7022 1.73578
    endloop
  endfacet
  facet normal 0.682942 0.36505 0.632716
    outer loop
      vertex 52.9244 81.5545 2.12176
      vertex 53.032 81.3532 2.12176
      vertex 53.0852 81.6211 1.90977
    endloop
  endfacet
  facet normal 0.682976 0.365025 0.632693
    outer loop
      vertex 53.032 81.3532 2.12176
      vertex 53.1767 81.4499 1.90977
      vertex 53.0852 81.6211 1.90977
    endloop
  endfacet
  facet normal 0.778672 0.416151 0.469562
    outer loop
      vertex 52.805 81.505 2.36363
      vertex 52.9245 81.2814 2.36363
      vertex 52.9244 81.5545 2.12176
    endloop
  endfacet
  facet normal 0.778621 0.416193 0.469609
    outer loop
      vertex 52.9244 81.5545 2.12176
      vertex 52.9245 81.2814 2.36363
      vertex 53.032 81.3532 2.12176
    endloop
  endfacet
  facet normal 0.844227 0.451274 0.289194
    outer loop
      vertex 52.7314 81.4745 2.62608
      vertex 52.8583 81.2371 2.62608
      vertex 52.805 81.505 2.36363
    endloop
  endfacet
  facet normal 0.844282 0.451215 0.289123
    outer loop
      vertex 52.805 81.505 2.36363
      vertex 52.8583 81.2371 2.62608
      vertex 52.9245 81.2814 2.36363
    endloop
  endfacet
  facet normal 0.87765 0.469289 0.0974622
    outer loop
      vertex 52.7066 81.4642 2.899
      vertex 52.836 81.2222 2.899
      vertex 52.7314 81.4745 2.62608
    endloop
  endfacet
  facet normal 0.877723 0.469179 0.0973325
    outer loop
      vertex 52.7314 81.4745 2.62608
      vertex 52.836 81.2222 2.899
      vertex 52.8583 81.2371 2.62608
    endloop
  endfacet
  facet normal -0.77295 -0.634467 0
    outer loop
      vertex 53.0101 81.0101 1.50001
      vertex 52.836 81.2222 2.899
      vertex 52.836 81.2222 1.50001
    endloop
  endfacet
  facet normal -0.77295 -0.634467 0
    outer loop
      vertex 52.836 81.2222 2.899
      vertex 53.0101 81.0101 1.50001
      vertex 53.0101 81.0101 2.899
    endloop
  endfacet
  facet normal 0.0760579 0.0624957 0.995143
    outer loop
      vertex 53.7722 81.8478 1.52688
      vertex 53.8063 81.8063 1.52688
      vertex 53.9992 81.9994 1.50001
    endloop
  endfacet
  facet normal 0.0692765 0.0692765 0.995189
    outer loop
      vertex 53.8063 81.8063 1.52688
      vertex 53.9993 81.9993 1.50001
      vertex 53.9992 81.9994 1.50001
    endloop
  endfacet
  facet normal 0.225446 0.18496 0.956537
    outer loop
      vertex 53.554 81.702 1.6065
      vertex 53.6207 81.6207 1.6065
      vertex 53.7722 81.8478 1.52688
    endloop
  endfacet
  facet normal 0.225258 0.185092 0.956556
    outer loop
      vertex 53.6207 81.6207 1.6065
      vertex 53.8063 81.8063 1.52688
      vertex 53.7722 81.8478 1.52688
    endloop
  endfacet
  facet normal 0.36569 0.300244 0.880979
    outer loop
      vertex 53.3529 81.5676 1.73578
      vertex 53.4497 81.4497 1.73578
      vertex 53.554 81.702 1.6065
    endloop
  endfacet
  facet normal 0.365856 0.300155 0.88094
    outer loop
      vertex 53.4497 81.4497 1.73578
      vertex 53.6207 81.6207 1.6065
      vertex 53.554 81.702 1.6065
    endloop
  endfacet
  facet normal 0.49209 0.403573 0.771347
    outer loop
      vertex 53.1767 81.4499 1.90977
      vertex 53.2998 81.2998 1.90977
      vertex 53.3529 81.5676 1.73578
    endloop
  endfacet
  facet normal 0.491738 0.403734 0.771488
    outer loop
      vertex 53.2998 81.2998 1.90977
      vertex 53.4497 81.4497 1.73578
      vertex 53.3529 81.5676 1.73578
    endloop
  endfacet
  facet normal 0.598566 0.49134 0.632695
    outer loop
      vertex 53.032 81.3532 2.12176
      vertex 53.1768 81.1768 2.12176
      vertex 53.1767 81.4499 1.90977
    endloop
  endfacet
  facet normal 0.598914 0.491181 0.63249
    outer loop
      vertex 53.1767 81.4499 1.90977
      vertex 53.1768 81.1768 2.12176
      vertex 53.2998 81.2998 1.90977
    endloop
  endfacet
  facet normal 0.682399 0.560194 0.46959
    outer loop
      vertex 52.9245 81.2814 2.36363
      vertex 53.0854 81.0854 2.36363
      vertex 53.032 81.3532 2.12176
    endloop
  endfacet
  facet normal 0.682427 0.560178 0.469567
    outer loop
      vertex 53.032 81.3532 2.12176
      vertex 53.0854 81.0854 2.36363
      vertex 53.1768 81.1768 2.12176
    endloop
  endfacet
  facet normal 0.739817 0.607504 0.289153
    outer loop
      vertex 52.8583 81.2371 2.62608
      vertex 53.0291 81.0291 2.62608
      vertex 52.9245 81.2814 2.36363
    endloop
  endfacet
  facet normal 0.739931 0.607423 0.289031
    outer loop
      vertex 52.9245 81.2814 2.36363
      vertex 53.0291 81.0291 2.62608
      vertex 53.0854 81.0854 2.36363
    endloop
  endfacet
  facet normal 0.76928 0.631455 0.0973311
    outer loop
      vertex 52.836 81.2222 2.899
      vertex 53.0101 81.0101 2.899
      vertex 52.8583 81.2371 2.62608
    endloop
  endfacet
  facet normal 0.769147 0.631588 0.0975156
    outer loop
      vertex 52.8583 81.2371 2.62608
      vertex 53.0101 81.0101 2.899
      vertex 53.0291 81.0291 2.62608
    endloop
  endfacet
  facet normal -0.634467 -0.77295 0
    outer loop
      vertex 53.0101 81.0101 1.50001
      vertex 53.2222 80.836 2.899
      vertex 53.0101 81.0101 2.899
    endloop
  endfacet
  facet normal -0.634467 -0.77295 -0
    outer loop
      vertex 53.2222 80.836 2.899
      vertex 53.0101 81.0101 1.50001
      vertex 53.2222 80.836 1.50001
    endloop
  endfacet
  facet normal 0.0624926 0.076054 0.995143
    outer loop
      vertex 53.8063 81.8063 1.52688
      vertex 53.8478 81.7722 1.52688
      vertex 53.9993 81.9993 1.50001
    endloop
  endfacet
  facet normal 0.0706172 0.0706172 0.995001
    outer loop
      vertex 53.8478 81.7722 1.52688
      vertex 53.9994 81.9992 1.50001
      vertex 53.9993 81.9993 1.50001
    endloop
  endfacet
  facet normal 0.184934 0.225414 0.95655
    outer loop
      vertex 53.6207 81.6207 1.6065
      vertex 53.702 81.554 1.6065
      vertex 53.8063 81.8063 1.52688
    endloop
  endfacet
  facet normal 0.185144 0.225321 0.956531
    outer loop
      vertex 53.702 81.554 1.6065
      vertex 53.8478 81.7722 1.52688
      vertex 53.8063 81.8063 1.52688
    endloop
  endfacet
  facet normal 0.300282 0.365735 0.880948
    outer loop
      vertex 53.4497 81.4497 1.73578
      vertex 53.5676 81.3529 1.73578
      vertex 53.6207 81.6207 1.6065
    endloop
  endfacet
  facet normal 0.300101 0.36579 0.880986
    outer loop
      vertex 53.5676 81.3529 1.73578
      vertex 53.702 81.554 1.6065
      vertex 53.6207 81.6207 1.6065
    endloop
  endfacet
  facet normal 0.403478 0.491974 0.771471
    outer loop
      vertex 53.2998 81.2998 1.90977
      vertex 53.4499 81.1767 1.90977
      vertex 53.4497 81.4497 1.73578
    endloop
  endfacet
  facet normal 0.403855 0.491885 0.771331
    outer loop
      vertex 53.4497 81.4497 1.73578
      vertex 53.4499 81.1767 1.90977
      vertex 53.5676 81.3529 1.73578
    endloop
  endfacet
  facet normal 0.491438 0.598685 0.632507
    outer loop
      vertex 53.1768 81.1768 2.12176
      vertex 53.3532 81.032 2.12176
      vertex 53.2998 81.2998 1.90977
    endloop
  endfacet
  facet normal 0.491066 0.598773 0.632712
    outer loop
      vertex 53.2998 81.2998 1.90977
      vertex 53.3532 81.032 2.12176
      vertex 53.4499 81.1767 1.90977
    endloop
  endfacet
  facet normal 0.560201 0.682408 0.469568
    outer loop
      vertex 53.0854 81.0854 2.36363
      vertex 53.2814 80.9245 2.36363
      vertex 53.1768 81.1768 2.12176
    endloop
  endfacet
  facet normal 0.56017 0.682417 0.469591
    outer loop
      vertex 53.1768 81.1768 2.12176
      vertex 53.2814 80.9245 2.36363
      vertex 53.3532 81.032 2.12176
    endloop
  endfacet
  facet normal 0.607527 0.739845 0.289034
    outer loop
      vertex 53.0291 81.0291 2.62608
      vertex 53.2371 80.8583 2.62608
      vertex 53.0854 81.0854 2.36363
    endloop
  endfacet
  facet normal 0.607399 0.739902 0.289157
    outer loop
      vertex 53.0854 81.0854 2.36363
      vertex 53.2371 80.8583 2.62608
      vertex 53.2814 80.9245 2.36363
    endloop
  endfacet
  facet normal 0.631444 0.769266 0.0975139
    outer loop
      vertex 53.0101 81.0101 2.899
      vertex 53.2222 80.836 2.899
      vertex 53.0291 81.0291 2.62608
    endloop
  endfacet
  facet normal 0.6316 0.769161 0.0973294
    outer loop
      vertex 53.0291 81.0291 2.62608
      vertex 53.2222 80.836 2.899
      vertex 53.2371 80.8583 2.62608
    endloop
  endfacet
  facet normal -0.471534 -0.881848 0
    outer loop
      vertex 53.2222 80.836 1.50001
      vertex 53.4642 80.7066 2.899
      vertex 53.2222 80.836 2.899
    endloop
  endfacet
  facet normal -0.471534 -0.881848 -0
    outer loop
      vertex 53.4642 80.7066 2.899
      vertex 53.2222 80.836 1.50001
      vertex 53.4642 80.7066 1.50001
    endloop
  endfacet
  facet normal 0.0463512 0.0868399 0.995143
    outer loop
      vertex 53.8478 81.7722 1.52688
      vertex 53.8952 81.7469 1.52688
      vertex 53.9994 81.9992 1.50001
    endloop
  endfacet
  facet normal 0.0439226 0.0878452 0.995165
    outer loop
      vertex 53.8952 81.7469 1.52688
      vertex 53.9996 81.9991 1.50001
      vertex 53.9994 81.9992 1.50001
    endloop
  endfacet
  facet normal 0.137365 0.257247 0.956533
    outer loop
      vertex 53.702 81.554 1.6065
      vertex 53.7947 81.5045 1.6065
      vertex 53.8478 81.7722 1.52688
    endloop
  endfacet
  facet normal 0.137313 0.257259 0.956537
    outer loop
      vertex 53.7947 81.5045 1.6065
      vertex 53.8952 81.7469 1.52688
      vertex 53.8478 81.7722 1.52688
    endloop
  endfacet
  facet normal 0.222939 0.417352 0.880974
    outer loop
      vertex 53.5676 81.3529 1.73578
      vertex 53.7022 81.281 1.73578
      vertex 53.702 81.554 1.6065
    endloop
  endfacet
  facet normal 0.222862 0.417359 0.88099
    outer loop
      vertex 53.702 81.554 1.6065
      vertex 53.7022 81.281 1.73578
      vertex 53.7947 81.5045 1.6065
    endloop
  endfacet
  facet normal 0.299984 0.561282 0.771344
    outer loop
      vertex 53.4499 81.1767 1.90977
      vertex 53.6211 81.0852 1.90977
      vertex 53.5676 81.3529 1.73578
    endloop
  endfacet
  facet normal 0.299826 0.561288 0.771401
    outer loop
      vertex 53.5676 81.3529 1.73578
      vertex 53.6211 81.0852 1.90977
      vertex 53.7022 81.281 1.73578
    endloop
  endfacet
  facet normal 0.365058 0.682957 0.632695
    outer loop
      vertex 53.3532 81.032 2.12176
      vertex 53.5545 80.9244 2.12176
      vertex 53.4499 81.1767 1.90977
    endloop
  endfacet
  facet normal 0.365016 0.682958 0.632717
    outer loop
      vertex 53.4499 81.1767 1.90977
      vertex 53.5545 80.9244 2.12176
      vertex 53.6211 81.0852 1.90977
    endloop
  endfacet
  facet normal 0.41614 0.778651 0.469607
    outer loop
      vertex 53.2814 80.9245 2.36363
      vertex 53.505 80.805 2.36363
      vertex 53.3532 81.032 2.12176
    endloop
  endfacet
  facet normal 0.416205 0.778644 0.469559
    outer loop
      vertex 53.3532 81.032 2.12176
      vertex 53.505 80.805 2.36363
      vertex 53.5545 80.9244 2.12176
    endloop
  endfacet
  facet normal 0.451284 0.844245 0.289125
    outer loop
      vertex 53.2371 80.8583 2.62608
      vertex 53.4745 80.7314 2.62608
      vertex 53.2814 80.9245 2.36363
    endloop
  endfacet
  facet normal 0.451205 0.844263 0.289196
    outer loop
      vertex 53.2814 80.9245 2.36363
      vertex 53.4745 80.7314 2.62608
      vertex 53.505 80.805 2.36363
    endloop
  endfacet
  facet normal 0.469295 0.877661 0.0973338
    outer loop
      vertex 53.2222 80.836 2.899
      vertex 53.4642 80.7066 2.899
      vertex 53.2371 80.8583 2.62608
    endloop
  endfacet
  facet normal 0.469173 0.877712 0.0974635
    outer loop
      vertex 53.2371 80.8583 2.62608
      vertex 53.4642 80.7066 2.899
      vertex 53.4745 80.7314 2.62608
    endloop
  endfacet
  facet normal -0.290321 -0.956929 0
    outer loop
      vertex 53.4642 80.7066 1.50001
      vertex 53.7269 80.6269 2.899
      vertex 53.4642 80.7066 2.899
    endloop
  endfacet
  facet normal -0.290321 -0.956929 -0
    outer loop
      vertex 53.7269 80.6269 2.899
      vertex 53.4642 80.7066 1.50001
      vertex 53.7269 80.6269 1.50001
    endloop
  endfacet
  facet normal 0.0285872 0.0941911 0.995144
    outer loop
      vertex 53.8952 81.7469 1.52688
      vertex 53.9466 81.7313 1.52688
      vertex 53.9996 81.9991 1.50001
    endloop
  endfacet
  facet normal 0.0454147 0.0908294 0.99483
    outer loop
      vertex 53.9466 81.7313 1.52688
      vertex 53.9998 81.999 1.50001
      vertex 53.9996 81.9991 1.50001
    endloop
  endfacet
  facet normal 0.0847905 0.279033 0.956531
    outer loop
      vertex 53.7947 81.5045 1.6065
      vertex 53.8954 81.4739 1.6065
      vertex 53.8952 81.7469 1.52688
    endloop
  endfacet
  facet normal 0.0846877 0.279035 0.956539
    outer loop
      vertex 53.8952 81.7469 1.52688
      vertex 53.8954 81.4739 1.6065
      vertex 53.9466 81.7313 1.52688
    endloop
  endfacet
  facet normal 0.137373 0.452743 0.880995
    outer loop
      vertex 53.7022 81.281 1.73578
      vertex 53.8482 81.2367 1.73578
      vertex 53.7947 81.5045 1.6065
    endloop
  endfacet
  facet normal 0.137583 0.452764 0.880952
    outer loop
      vertex 53.7947 81.5045 1.6065
      vertex 53.8482 81.2367 1.73578
      vertex 53.8954 81.4739 1.6065
    endloop
  endfacet
  facet normal 0.184927 0.608882 0.771404
    outer loop
      vertex 53.6211 81.0852 1.90977
      vertex 53.8068 81.0288 1.90977
      vertex 53.7022 81.281 1.73578
    endloop
  endfacet
  facet normal 0.184741 0.608852 0.771473
    outer loop
      vertex 53.7022 81.281 1.73578
      vertex 53.8068 81.0288 1.90977
      vertex 53.8482 81.2367 1.73578
    endloop
  endfacet
  facet normal 0.224942 0.740985 0.632726
    outer loop
      vertex 53.5545 80.9244 2.12176
      vertex 53.7729 80.8581 2.12176
      vertex 53.6211 81.0852 1.90977
    endloop
  endfacet
  facet normal 0.225054 0.741003 0.632665
    outer loop
      vertex 53.6211 81.0852 1.90977
      vertex 53.7729 80.8581 2.12176
      vertex 53.8068 81.0288 1.90977
    endloop
  endfacet
  facet normal 0.256226 0.844918 0.469535
    outer loop
      vertex 53.505 80.805 2.36363
      vertex 53.7477 80.7314 2.36363
      vertex 53.5545 80.9244 2.12176
    endloop
  endfacet
  facet normal 0.256501 0.844944 0.469336
    outer loop
      vertex 53.5545 80.9244 2.12176
      vertex 53.7477 80.7314 2.36363
      vertex 53.7729 80.8581 2.12176
    endloop
  endfacet
  facet normal 0.277745 0.916096 0.289182
    outer loop
      vertex 53.4745 80.7314 2.62608
      vertex 53.7321 80.6533 2.62608
      vertex 53.505 80.805 2.36363
    endloop
  endfacet
  facet normal 0.27781 0.916094 0.289125
    outer loop
      vertex 53.505 80.805 2.36363
      vertex 53.7321 80.6533 2.62608
      vertex 53.7477 80.7314 2.36363
    endloop
  endfacet
  facet normal 0.288939 0.952375 0.0974461
    outer loop
      vertex 53.4642 80.7066 2.899
      vertex 53.7269 80.6269 2.899
      vertex 53.4745 80.7314 2.62608
    endloop
  endfacet
  facet normal 0.288755 0.952412 0.0976301
    outer loop
      vertex 53.4745 80.7314 2.62608
      vertex 53.7269 80.6269 2.899
      vertex 53.7321 80.6533 2.62608
    endloop
  endfacet
  facet normal -0.0980244 -0.995184 0
    outer loop
      vertex 53.7269 80.6269 1.50001
      vertex 54 80.6 2.899
      vertex 53.7269 80.6269 2.899
    endloop
  endfacet
  facet normal -0.0980244 -0.995184 -0
    outer loop
      vertex 54 80.6 2.899
      vertex 53.7269 80.6269 1.50001
      vertex 54 80.6 1.50001
    endloop
  endfacet
  facet normal 0.00954206 0.0979896 0.995142
    outer loop
      vertex 53.9466 81.7313 1.52688
      vertex 54 81.7261 1.52688
      vertex 53.9998 81.999 1.50001
    endloop
  endfacet
  facet normal -0 0.0979871 0.995188
    outer loop
      vertex 53.9998 81.999 1.50001
      vertex 54 81.7261 1.52688
      vertex 54 81.999 1.50001
    endloop
  endfacet
  facet normal 0.0285758 0.290197 0.95654
    outer loop
      vertex 53.8954 81.4739 1.6065
      vertex 54 81.4636 1.6065
      vertex 53.9466 81.7313 1.52688
    endloop
  endfacet
  facet normal 0.0282534 0.29014 0.956567
    outer loop
      vertex 53.9466 81.7313 1.52688
      vertex 54 81.4636 1.6065
      vertex 54 81.7261 1.52688
    endloop
  endfacet
  facet normal 0.0462256 0.470943 0.880952
    outer loop
      vertex 53.8482 81.2367 1.73578
      vertex 54 81.2218 1.73578
      vertex 53.8954 81.4739 1.6065
    endloop
  endfacet
  facet normal 0.0463785 0.470989 0.880919
    outer loop
      vertex 53.8954 81.4739 1.6065
      vertex 54 81.2218 1.73578
      vertex 54 81.4636 1.6065
    endloop
  endfacet
  facet normal 0.0622738 0.633226 0.771457
    outer loop
      vertex 53.8068 81.0288 1.90977
      vertex 54 81.0098 1.90977
      vertex 53.8482 81.2367 1.73578
    endloop
  endfacet
  facet normal 0.0621501 0.63318 0.771505
    outer loop
      vertex 53.8482 81.2367 1.73578
      vertex 54 81.0098 1.90977
      vertex 54 81.2218 1.73578
    endloop
  endfacet
  facet normal 0.0756785 0.770699 0.632689
    outer loop
      vertex 53.7729 80.8581 2.12176
      vertex 54 80.8358 2.12176
      vertex 53.8068 81.0288 1.90977
    endloop
  endfacet
  facet normal 0.0757977 0.770743 0.632621
    outer loop
      vertex 53.8068 81.0288 1.90977
      vertex 54 80.8358 2.12176
      vertex 54 81.0098 1.90977
    endloop
  endfacet
  facet normal 0.0867249 0.878742 0.469352
    outer loop
      vertex 53.7477 80.7314 2.36363
      vertex 54 80.7065 2.36363
      vertex 53.7729 80.8581 2.12176
    endloop
  endfacet
  facet normal 0.0862744 0.878606 0.469689
    outer loop
      vertex 53.7729 80.8581 2.12176
      vertex 54 80.7065 2.36363
      vertex 54 80.8358 2.12176
    endloop
  endfacet
  facet normal 0.0938821 0.95269 0.289082
    outer loop
      vertex 53.7321 80.6533 2.62608
      vertex 54 80.6269 2.62608
      vertex 53.7477 80.7314 2.36363
    endloop
  endfacet
  facet normal 0.0940253 0.952714 0.288954
    outer loop
      vertex 53.7477 80.7314 2.36363
      vertex 54 80.6269 2.62608
      vertex 54 80.7065 2.36363
    endloop
  endfacet
  facet normal 0.0975557 0.990426 0.0976643
    outer loop
      vertex 53.7269 80.6269 2.899
      vertex 54 80.6 2.899
      vertex 53.7321 80.6533 2.62608
    endloop
  endfacet
  facet normal 0.0976008 0.990426 0.0976201
    outer loop
      vertex 53.7321 80.6533 2.62608
      vertex 54 80.6 2.899
      vertex 54 80.6269 2.62608
    endloop
  endfacet
  facet normal 0.0980244 -0.995184 0
    outer loop
      vertex 54 80.6 1.50001
      vertex 54.2731 80.6269 2.899
      vertex 54 80.6 2.899
    endloop
  endfacet
  facet normal 0.0980244 -0.995184 0
    outer loop
      vertex 54.2731 80.6269 2.899
      vertex 54 80.6 1.50001
      vertex 54.2731 80.6269 1.50001
    endloop
  endfacet
  facet normal -0.00954139 0.0979827 0.995142
    outer loop
      vertex 54 81.7261 1.52688
      vertex 54.0534 81.7313 1.52688
      vertex 54 81.999 1.50001
    endloop
  endfacet
  facet normal -0 0.0998717 0.995
    outer loop
      vertex 54 81.999 1.50001
      vertex 54.0534 81.7313 1.52688
      vertex 54.0002 81.999 1.50001
    endloop
  endfacet
  facet normal -0.02857 0.290138 0.956558
    outer loop
      vertex 54 81.4636 1.6065
      vertex 54.1046 81.4739 1.6065
      vertex 54 81.7261 1.52688
    endloop
  endfacet
  facet normal -0.0282646 0.290256 0.956532
    outer loop
      vertex 54 81.7261 1.52688
      vertex 54.1046 81.4739 1.6065
      vertex 54.0534 81.7313 1.52688
    endloop
  endfacet
  facet normal -0.0462305 0.470992 0.880925
    outer loop
      vertex 54 81.2218 1.73578
      vertex 54.1518 81.2367 1.73578
      vertex 54 81.4636 1.6065
    endloop
  endfacet
  facet normal -0.0463714 0.470917 0.880958
    outer loop
      vertex 54 81.4636 1.6065
      vertex 54.1518 81.2367 1.73578
      vertex 54.1046 81.4739 1.6065
    endloop
  endfacet
  facet normal -0.0622688 0.633175 0.771499
    outer loop
      vertex 54 81.0098 1.90977
      vertex 54.1932 81.0288 1.90977
      vertex 54 81.2218 1.73578
    endloop
  endfacet
  facet normal -0.0621564 0.633245 0.771452
    outer loop
      vertex 54 81.2218 1.73578
      vertex 54.1932 81.0288 1.90977
      vertex 54.1518 81.2367 1.73578
    endloop
  endfacet
  facet normal -0.0756835 0.77075 0.632627
    outer loop
      vertex 54 80.8358 2.12176
      vertex 54.2271 80.8581 2.12176
      vertex 54 81.0098 1.90977
    endloop
  endfacet
  facet normal -0.0757918 0.770683 0.632695
    outer loop
      vertex 54 81.0098 1.90977
      vertex 54.2271 80.8581 2.12176
      vertex 54.1932 81.0288 1.90977
    endloop
  endfacet
  facet normal -0.0867081 0.878573 0.469672
    outer loop
      vertex 54 80.7065 2.36363
      vertex 54.2523 80.7314 2.36363
      vertex 54 80.8358 2.12176
    endloop
  endfacet
  facet normal -0.0862929 0.878794 0.469334
    outer loop
      vertex 54 80.8358 2.12176
      vertex 54.2523 80.7314 2.36363
      vertex 54.2271 80.8581 2.12176
    endloop
  endfacet
  facet normal -0.0938857 0.952727 0.288958
    outer loop
      vertex 54 80.6269 2.62608
      vertex 54.2679 80.6533 2.62608
      vertex 54 80.7065 2.36363
    endloop
  endfacet
  facet normal -0.0940214 0.952675 0.289086
    outer loop
      vertex 54 80.7065 2.36363
      vertex 54.2679 80.6533 2.62608
      vertex 54.2523 80.7314 2.36363
    endloop
  endfacet
  facet normal -0.0975562 0.990431 0.0976205
    outer loop
      vertex 54 80.6 2.899
      vertex 54.2731 80.6269 2.899
      vertex 54 80.6269 2.62608
    endloop
  endfacet
  facet normal -0.0976004 0.990422 0.0976647
    outer loop
      vertex 54 80.6269 2.62608
      vertex 54.2731 80.6269 2.899
      vertex 54.2679 80.6533 2.62608
    endloop
  endfacet
  facet normal 0.290321 -0.956929 0
    outer loop
      vertex 54.2731 80.6269 1.50001
      vertex 54.5358 80.7066 2.899
      vertex 54.2731 80.6269 2.899
    endloop
  endfacet
  facet normal 0.290321 -0.956929 0
    outer loop
      vertex 54.5358 80.7066 2.899
      vertex 54.2731 80.6269 1.50001
      vertex 54.5358 80.7066 1.50001
    endloop
  endfacet
  facet normal -0.0285911 0.0942041 0.995142
    outer loop
      vertex 54.0002 81.999 1.50001
      vertex 54.0534 81.7313 1.52688
      vertex 54.1048 81.7469 1.52688
    endloop
  endfacet
  facet normal -0.0439226 0.0878452 0.995165
    outer loop
      vertex 54.0002 81.999 1.50001
      vertex 54.1048 81.7469 1.52688
      vertex 54.0004 81.9991 1.50001
    endloop
  endfacet
  facet normal -0.0847851 0.279015 0.956537
    outer loop
      vertex 54.0534 81.7313 1.52688
      vertex 54.1046 81.4739 1.6065
      vertex 54.2053 81.5045 1.6065
    endloop
  endfacet
  facet normal -0.0846983 0.27907 0.956528
    outer loop
      vertex 54.0534 81.7313 1.52688
      vertex 54.2053 81.5045 1.6065
      vertex 54.1048 81.7469 1.52688
    endloop
  endfacet
  facet normal -0.137392 0.452806 0.88096
    outer loop
      vertex 54.1046 81.4739 1.6065
      vertex 54.1518 81.2367 1.73578
      vertex 54.2978 81.281 1.73578
    endloop
  endfacet
  facet normal -0.137555 0.452672 0.881003
    outer loop
      vertex 54.1046 81.4739 1.6065
      vertex 54.2978 81.281 1.73578
      vertex 54.2053 81.5045 1.6065
    endloop
  endfacet
  facet normal -0.184906 0.608812 0.771465
    outer loop
      vertex 54.1518 81.2367 1.73578
      vertex 54.1932 81.0288 1.90977
      vertex 54.3789 81.0852 1.90977
    endloop
  endfacet
  facet normal -0.184768 0.608941 0.771396
    outer loop
      vertex 54.1518 81.2367 1.73578
      vertex 54.3789 81.0852 1.90977
      vertex 54.2978 81.281 1.73578
    endloop
  endfacet
  facet normal -0.224955 0.741029 0.63267
    outer loop
      vertex 54.1932 81.0288 1.90977
      vertex 54.2271 80.8581 2.12176
      vertex 54.4455 80.9244 2.12176
    endloop
  endfacet
  facet normal -0.225039 0.740952 0.632731
    outer loop
      vertex 54.1932 81.0288 1.90977
      vertex 54.4455 80.9244 2.12176
      vertex 54.3789 81.0852 1.90977
    endloop
  endfacet
  facet normal -0.256255 0.845013 0.469346
    outer loop
      vertex 54.2271 80.8581 2.12176
      vertex 54.2523 80.7314 2.36363
      vertex 54.495 80.805 2.36363
    endloop
  endfacet
  facet normal -0.256469 0.844838 0.469545
    outer loop
      vertex 54.2271 80.8581 2.12176
      vertex 54.495 80.805 2.36363
      vertex 54.4455 80.9244 2.12176
    endloop
  endfacet
  facet normal -0.27775 0.916112 0.289126
    outer loop
      vertex 54.2523 80.7314 2.36363
      vertex 54.2679 80.6533 2.62608
      vertex 54.5255 80.7314 2.62608
    endloop
  endfacet
  facet normal -0.277805 0.916077 0.289184
    outer loop
      vertex 54.2523 80.7314 2.36363
      vertex 54.5255 80.7314 2.62608
      vertex 54.495 80.805 2.36363
    endloop
  endfacet
  facet normal -0.288934 0.952358 0.0976283
    outer loop
      vertex 54.2679 80.6533 2.62608
      vertex 54.2731 80.6269 2.899
      vertex 54.5358 80.7066 2.899
    endloop
  endfacet
  facet normal -0.288761 0.952429 0.0974443
    outer loop
      vertex 54.2679 80.6533 2.62608
      vertex 54.5358 80.7066 2.899
      vertex 54.5255 80.7314 2.62608
    endloop
  endfacet
  facet normal 0.471534 -0.881848 0
    outer loop
      vertex 54.5358 80.7066 1.50001
      vertex 54.7778 80.836 2.899
      vertex 54.5358 80.7066 2.899
    endloop
  endfacet
  facet normal 0.471534 -0.881848 0
    outer loop
      vertex 54.7778 80.836 2.899
      vertex 54.5358 80.7066 1.50001
      vertex 54.7778 80.836 1.50001
    endloop
  endfacet
  facet normal -0.0463502 0.086838 0.995144
    outer loop
      vertex 54.0004 81.9991 1.50001
      vertex 54.1048 81.7469 1.52688
      vertex 54.1522 81.7722 1.52688
    endloop
  endfacet
  facet normal -0.0441525 0.0883049 0.995114
    outer loop
      vertex 54.0004 81.9991 1.50001
      vertex 54.1522 81.7722 1.52688
      vertex 54.0006 81.9992 1.50001
    endloop
  endfacet
  facet normal -0.13736 0.257239 0.956536
    outer loop
      vertex 54.1048 81.7469 1.52688
      vertex 54.2053 81.5045 1.6065
      vertex 54.298 81.554 1.6065
    endloop
  endfacet
  facet normal -0.137322 0.257275 0.956531
    outer loop
      vertex 54.1048 81.7469 1.52688
      vertex 54.298 81.554 1.6065
      vertex 54.1522 81.7722 1.52688
    endloop
  endfacet
  facet normal -0.222927 0.41733 0.880987
    outer loop
      vertex 54.2053 81.5045 1.6065
      vertex 54.2978 81.281 1.73578
      vertex 54.4324 81.3529 1.73578
    endloop
  endfacet
  facet normal -0.222878 0.41739 0.880971
    outer loop
      vertex 54.2053 81.5045 1.6065
      vertex 54.4324 81.3529 1.73578
      vertex 54.298 81.554 1.6065
    endloop
  endfacet
  facet normal -0.299956 0.561228 0.771394
    outer loop
      vertex 54.2978 81.281 1.73578
      vertex 54.3789 81.0852 1.90977
      vertex 54.5501 81.1767 1.90977
    endloop
  endfacet
  facet normal -0.299863 0.561357 0.771337
    outer loop
      vertex 54.2978 81.281 1.73578
      vertex 54.5501 81.1767 1.90977
      vertex 54.4324 81.3529 1.73578
    endloop
  endfacet
  facet normal -0.36505 0.682942 0.632716
    outer loop
      vertex 54.3789 81.0852 1.90977
      vertex 54.4455 80.9244 2.12176
      vertex 54.6468 81.032 2.12176
    endloop
  endfacet
  facet normal -0.365025 0.682976 0.632693
    outer loop
      vertex 54.3789 81.0852 1.90977
      vertex 54.6468 81.032 2.12176
      vertex 54.5501 81.1767 1.90977
    endloop
  endfacet
  facet normal -0.416151 0.778672 0.469562
    outer loop
      vertex 54.4455 80.9244 2.12176
      vertex 54.495 80.805 2.36363
      vertex 54.7186 80.9245 2.36363
    endloop
  endfacet
  facet normal -0.416193 0.778621 0.469609
    outer loop
      vertex 54.4455 80.9244 2.12176
      vertex 54.7186 80.9245 2.36363
      vertex 54.6468 81.032 2.12176
    endloop
  endfacet
  facet normal -0.451274 0.844227 0.289194
    outer loop
      vertex 54.495 80.805 2.36363
      vertex 54.5255 80.7314 2.62608
      vertex 54.7629 80.8583 2.62608
    endloop
  endfacet
  facet normal -0.451215 0.844282 0.289123
    outer loop
      vertex 54.495 80.805 2.36363
      vertex 54.7629 80.8583 2.62608
      vertex 54.7186 80.9245 2.36363
    endloop
  endfacet
  facet normal -0.469289 0.87765 0.0974622
    outer loop
      vertex 54.5255 80.7314 2.62608
      vertex 54.5358 80.7066 2.899
      vertex 54.7778 80.836 2.899
    endloop
  endfacet
  facet normal -0.469179 0.877723 0.0973325
    outer loop
      vertex 54.5255 80.7314 2.62608
      vertex 54.7778 80.836 2.899
      vertex 54.7629 80.8583 2.62608
    endloop
  endfacet
  facet normal 0.634467 -0.77295 0
    outer loop
      vertex 54.7778 80.836 1.50001
      vertex 54.9899 81.0101 2.899
      vertex 54.7778 80.836 2.899
    endloop
  endfacet
  facet normal 0.634467 -0.77295 0
    outer loop
      vertex 54.9899 81.0101 2.899
      vertex 54.7778 80.836 1.50001
      vertex 54.9899 81.0101 1.50001
    endloop
  endfacet
  facet normal -0.0624957 0.0760579 0.995143
    outer loop
      vertex 54.0006 81.9992 1.50001
      vertex 54.1522 81.7722 1.52688
      vertex 54.1937 81.8063 1.52688
    endloop
  endfacet
  facet normal -0.0692765 0.0692765 0.995189
    outer loop
      vertex 54.0006 81.9992 1.50001
      vertex 54.1937 81.8063 1.52688
      vertex 54.0007 81.9993 1.50001
    endloop
  endfacet
  facet normal -0.18496 0.225446 0.956537
    outer loop
      vertex 54.1522 81.7722 1.52688
      vertex 54.298 81.554 1.6065
      vertex 54.3793 81.6207 1.6065
    endloop
  endfacet
  facet normal -0.185092 0.225258 0.956556
    outer loop
      vertex 54.1522 81.7722 1.52688
      vertex 54.3793 81.6207 1.6065
      vertex 54.1937 81.8063 1.52688
    endloop
  endfacet
  facet normal -0.300244 0.36569 0.880979
    outer loop
      vertex 54.298 81.554 1.6065
      vertex 54.4324 81.3529 1.73578
      vertex 54.5503 81.4497 1.73578
    endloop
  endfacet
  facet normal -0.300155 0.365856 0.88094
    outer loop
      vertex 54.298 81.554 1.6065
      vertex 54.5503 81.4497 1.73578
      vertex 54.3793 81.6207 1.6065
    endloop
  endfacet
  facet normal -0.403573 0.49209 0.771347
    outer loop
      vertex 54.4324 81.3529 1.73578
      vertex 54.5501 81.1767 1.90977
      vertex 54.7002 81.2998 1.90977
    endloop
  endfacet
  facet normal -0.403734 0.491738 0.771488
    outer loop
      vertex 54.4324 81.3529 1.73578
      vertex 54.7002 81.2998 1.90977
      vertex 54.5503 81.4497 1.73578
    endloop
  endfacet
  facet normal -0.49134 0.598566 0.632695
    outer loop
      vertex 54.5501 81.1767 1.90977
      vertex 54.6468 81.032 2.12176
      vertex 54.8232 81.1768 2.12176
    endloop
  endfacet
  facet normal -0.491181 0.598914 0.63249
    outer loop
      vertex 54.5501 81.1767 1.90977
      vertex 54.8232 81.1768 2.12176
      vertex 54.7002 81.2998 1.90977
    endloop
  endfacet
  facet normal -0.560194 0.682399 0.46959
    outer loop
      vertex 54.6468 81.032 2.12176
      vertex 54.7186 80.9245 2.36363
      vertex 54.9146 81.0854 2.36363
    endloop
  endfacet
  facet normal -0.560178 0.682427 0.469567
    outer loop
      vertex 54.6468 81.032 2.12176
      vertex 54.9146 81.0854 2.36363
      vertex 54.8232 81.1768 2.12176
    endloop
  endfacet
  facet normal -0.607504 0.739817 0.289153
    outer loop
      vertex 54.7186 80.9245 2.36363
      vertex 54.7629 80.8583 2.62608
      vertex 54.9709 81.0291 2.62608
    endloop
  endfacet
  facet normal -0.607423 0.739931 0.289031
    outer loop
      vertex 54.7186 80.9245 2.36363
      vertex 54.9709 81.0291 2.62608
      vertex 54.9146 81.0854 2.36363
    endloop
  endfacet
  facet normal -0.631455 0.76928 0.0973311
    outer loop
      vertex 54.7629 80.8583 2.62608
      vertex 54.7778 80.836 2.899
      vertex 54.9899 81.0101 2.899
    endloop
  endfacet
  facet normal -0.631588 0.769147 0.0975156
    outer loop
      vertex 54.7629 80.8583 2.62608
      vertex 54.9899 81.0101 2.899
      vertex 54.9709 81.0291 2.62608
    endloop
  endfacet
  facet normal 0.77295 -0.634467 0
    outer loop
      vertex 54.9899 81.0101 2.899
      vertex 55.164 81.2222 1.50001
      vertex 55.164 81.2222 2.899
    endloop
  endfacet
  facet normal 0.77295 -0.634467 0
    outer loop
      vertex 55.164 81.2222 1.50001
      vertex 54.9899 81.0101 2.899
      vertex 54.9899 81.0101 1.50001
    endloop
  endfacet
  facet normal -0.076054 0.0624926 0.995143
    outer loop
      vertex 54.0007 81.9993 1.50001
      vertex 54.1937 81.8063 1.52688
      vertex 54.2278 81.8478 1.52688
    endloop
  endfacet
  facet normal -0.0706172 0.0706172 0.995001
    outer loop
      vertex 54.0007 81.9993 1.50001
      vertex 54.2278 81.8478 1.52688
      vertex 54.0008 81.9994 1.50001
    endloop
  endfacet
  facet normal -0.225414 0.184934 0.95655
    outer loop
      vertex 54.1937 81.8063 1.52688
      vertex 54.3793 81.6207 1.6065
      vertex 54.446 81.702 1.6065
    endloop
  endfacet
  facet normal -0.225321 0.185144 0.956531
    outer loop
      vertex 54.1937 81.8063 1.52688
      vertex 54.446 81.702 1.6065
      vertex 54.2278 81.8478 1.52688
    endloop
  endfacet
  facet normal -0.365735 0.300282 0.880948
    outer loop
      vertex 54.3793 81.6207 1.6065
      vertex 54.5503 81.4497 1.73578
      vertex 54.6471 81.5676 1.73578
    endloop
  endfacet
  facet normal -0.36579 0.300101 0.880986
    outer loop
      vertex 54.3793 81.6207 1.6065
      vertex 54.6471 81.5676 1.73578
      vertex 54.446 81.702 1.6065
    endloop
  endfacet
  facet normal -0.491974 0.403478 0.771471
    outer loop
      vertex 54.5503 81.4497 1.73578
      vertex 54.7002 81.2998 1.90977
      vertex 54.8233 81.4499 1.90977
    endloop
  endfacet
  facet normal -0.491885 0.403855 0.771331
    outer loop
      vertex 54.5503 81.4497 1.73578
      vertex 54.8233 81.4499 1.90977
      vertex 54.6471 81.5676 1.73578
    endloop
  endfacet
  facet normal -0.598685 0.491438 0.632507
    outer loop
      vertex 54.7002 81.2998 1.90977
      vertex 54.8232 81.1768 2.12176
      vertex 54.968 81.3532 2.12176
    endloop
  endfacet
  facet normal -0.598773 0.491066 0.632712
    outer loop
      vertex 54.7002 81.2998 1.90977
      vertex 54.968 81.3532 2.12176
      vertex 54.8233 81.4499 1.90977
    endloop
  endfacet
  facet normal -0.682408 0.560201 0.469568
    outer loop
      vertex 54.8232 81.1768 2.12176
      vertex 54.9146 81.0854 2.36363
      vertex 55.0755 81.2814 2.36363
    endloop
  endfacet
  facet normal -0.682417 0.56017 0.469591
    outer loop
      vertex 54.8232 81.1768 2.12176
      vertex 55.0755 81.2814 2.36363
      vertex 54.968 81.3532 2.12176
    endloop
  endfacet
  facet normal -0.739845 0.607527 0.289034
    outer loop
      vertex 54.9146 81.0854 2.36363
      vertex 54.9709 81.0291 2.62608
      vertex 55.1417 81.2371 2.62608
    endloop
  endfacet
  facet normal -0.739902 0.607399 0.289157
    outer loop
      vertex 54.9146 81.0854 2.36363
      vertex 55.1417 81.2371 2.62608
      vertex 55.0755 81.2814 2.36363
    endloop
  endfacet
  facet normal -0.769266 0.631444 0.0975139
    outer loop
      vertex 54.9709 81.0291 2.62608
      vertex 54.9899 81.0101 2.899
      vertex 55.164 81.2222 2.899
    endloop
  endfacet
  facet normal -0.769161 0.6316 0.0973294
    outer loop
      vertex 54.9709 81.0291 2.62608
      vertex 55.164 81.2222 2.899
      vertex 55.1417 81.2371 2.62608
    endloop
  endfacet
  facet normal 0.881848 -0.471534 0
    outer loop
      vertex 55.164 81.2222 2.899
      vertex 55.2934 81.4642 1.50001
      vertex 55.2934 81.4642 2.899
    endloop
  endfacet
  facet normal 0.881848 -0.471534 0
    outer loop
      vertex 55.2934 81.4642 1.50001
      vertex 55.164 81.2222 2.899
      vertex 55.164 81.2222 1.50001
    endloop
  endfacet
  facet normal -0.0868399 0.0463512 0.995143
    outer loop
      vertex 54.0008 81.9994 1.50001
      vertex 54.2278 81.8478 1.52688
      vertex 54.2531 81.8952 1.52688
    endloop
  endfacet
  facet normal -0.0878452 0.0439226 0.995165
    outer loop
      vertex 54.0008 81.9994 1.50001
      vertex 54.2531 81.8952 1.52688
      vertex 54.0009 81.9996 1.50001
    endloop
  endfacet
  facet normal -0.257247 0.137365 0.956533
    outer loop
      vertex 54.2278 81.8478 1.52688
      vertex 54.446 81.702 1.6065
      vertex 54.4955 81.7947 1.6065
    endloop
  endfacet
  facet normal -0.257259 0.137313 0.956537
    outer loop
      vertex 54.2278 81.8478 1.52688
      vertex 54.4955 81.7947 1.6065
      vertex 54.2531 81.8952 1.52688
    endloop
  endfacet
  facet normal -0.417352 0.222939 0.880974
    outer loop
      vertex 54.446 81.702 1.6065
      vertex 54.6471 81.5676 1.73578
      vertex 54.719 81.7022 1.73578
    endloop
  endfacet
  facet normal -0.417359 0.222862 0.88099
    outer loop
      vertex 54.446 81.702 1.6065
      vertex 54.719 81.7022 1.73578
      vertex 54.4955 81.7947 1.6065
    endloop
  endfacet
  facet normal -0.561282 0.299984 0.771344
    outer loop
      vertex 54.6471 81.5676 1.73578
      vertex 54.8233 81.4499 1.90977
      vertex 54.9148 81.6211 1.90977
    endloop
  endfacet
  facet normal -0.561288 0.299826 0.771401
    outer loop
      vertex 54.6471 81.5676 1.73578
      vertex 54.9148 81.6211 1.90977
      vertex 54.719 81.7022 1.73578
    endloop
  endfacet
  facet normal -0.682957 0.365058 0.632695
    outer loop
      vertex 54.8233 81.4499 1.90977
      vertex 54.968 81.3532 2.12176
      vertex 55.0756 81.5545 2.12176
    endloop
  endfacet
  facet normal -0.682958 0.365016 0.632717
    outer loop
      vertex 54.8233 81.4499 1.90977
      vertex 55.0756 81.5545 2.12176
      vertex 54.9148 81.6211 1.90977
    endloop
  endfacet
  facet normal -0.778651 0.41614 0.469607
    outer loop
      vertex 54.968 81.3532 2.12176
      vertex 55.0755 81.2814 2.36363
      vertex 55.195 81.505 2.36363
    endloop
  endfacet
  facet normal -0.778644 0.416205 0.469559
    outer loop
      vertex 54.968 81.3532 2.12176
      vertex 55.195 81.505 2.36363
      vertex 55.0756 81.5545 2.12176
    endloop
  endfacet
  facet normal -0.844245 0.451284 0.289125
    outer loop
      vertex 55.0755 81.2814 2.36363
      vertex 55.1417 81.2371 2.62608
      vertex 55.2686 81.4745 2.62608
    endloop
  endfacet
  facet normal -0.844263 0.451205 0.289196
    outer loop
      vertex 55.0755 81.2814 2.36363
      vertex 55.2686 81.4745 2.62608
      vertex 55.195 81.505 2.36363
    endloop
  endfacet
  facet normal -0.877661 0.469295 0.0973338
    outer loop
      vertex 55.1417 81.2371 2.62608
      vertex 55.164 81.2222 2.899
      vertex 55.2934 81.4642 2.899
    endloop
  endfacet
  facet normal -0.877712 0.469173 0.0974635
    outer loop
      vertex 55.1417 81.2371 2.62608
      vertex 55.2934 81.4642 2.899
      vertex 55.2686 81.4745 2.62608
    endloop
  endfacet
  facet normal 0.956929 -0.290321 0
    outer loop
      vertex 55.2934 81.4642 2.899
      vertex 55.3731 81.7269 1.50001
      vertex 55.3731 81.7269 2.899
    endloop
  endfacet
  facet normal 0.956929 -0.290321 0
    outer loop
      vertex 55.3731 81.7269 1.50001
      vertex 55.2934 81.4642 2.899
      vertex 55.2934 81.4642 1.50001
    endloop
  endfacet
  facet normal -0.0941911 0.0285872 0.995144
    outer loop
      vertex 54.0009 81.9996 1.50001
      vertex 54.2531 81.8952 1.52688
      vertex 54.2687 81.9466 1.52688
    endloop
  endfacet
  facet normal -0.0908294 0.0454147 0.99483
    outer loop
      vertex 54.0009 81.9996 1.50001
      vertex 54.2687 81.9466 1.52688
      vertex 54.001 81.9998 1.50001
    endloop
  endfacet
  facet normal -0.279033 0.0847905 0.956531
    outer loop
      vertex 54.2531 81.8952 1.52688
      vertex 54.4955 81.7947 1.6065
      vertex 54.5261 81.8954 1.6065
    endloop
  endfacet
  facet normal -0.279035 0.0846877 0.956539
    outer loop
      vertex 54.2531 81.8952 1.52688
      vertex 54.5261 81.8954 1.6065
      vertex 54.2687 81.9466 1.52688
    endloop
  endfacet
  facet normal -0.452743 0.137373 0.880995
    outer loop
      vertex 54.4955 81.7947 1.6065
      vertex 54.719 81.7022 1.73578
      vertex 54.7633 81.8482 1.73578
    endloop
  endfacet
  facet normal -0.452764 0.137583 0.880952
    outer loop
      vertex 54.4955 81.7947 1.6065
      vertex 54.7633 81.8482 1.73578
      vertex 54.5261 81.8954 1.6065
    endloop
  endfacet
  facet normal -0.608882 0.184927 0.771404
    outer loop
      vertex 54.719 81.7022 1.73578
      vertex 54.9148 81.6211 1.90977
      vertex 54.9712 81.8068 1.90977
    endloop
  endfacet
  facet normal -0.608852 0.184741 0.771473
    outer loop
      vertex 54.719 81.7022 1.73578
      vertex 54.9712 81.8068 1.90977
      vertex 54.7633 81.8482 1.73578
    endloop
  endfacet
  facet normal -0.740985 0.224942 0.632726
    outer loop
      vertex 54.9148 81.6211 1.90977
      vertex 55.0756 81.5545 2.12176
      vertex 55.1419 81.7729 2.12176
    endloop
  endfacet
  facet normal -0.741003 0.225054 0.632665
    outer loop
      vertex 54.9148 81.6211 1.90977
      vertex 55.1419 81.7729 2.12176
      vertex 54.9712 81.8068 1.90977
    endloop
  endfacet
  facet normal -0.844918 0.256226 0.469535
    outer loop
      vertex 55.0756 81.5545 2.12176
      vertex 55.195 81.505 2.36363
      vertex 55.2686 81.7477 2.36363
    endloop
  endfacet
  facet normal -0.844944 0.256501 0.469336
    outer loop
      vertex 55.0756 81.5545 2.12176
      vertex 55.2686 81.7477 2.36363
      vertex 55.1419 81.7729 2.12176
    endloop
  endfacet
  facet normal -0.916096 0.277745 0.289182
    outer loop
      vertex 55.195 81.505 2.36363
      vertex 55.2686 81.4745 2.62608
      vertex 55.3467 81.7321 2.62608
    endloop
  endfacet
  facet normal -0.916094 0.27781 0.289125
    outer loop
      vertex 55.195 81.505 2.36363
      vertex 55.3467 81.7321 2.62608
      vertex 55.2686 81.7477 2.36363
    endloop
  endfacet
  facet normal -0.952375 0.288939 0.0974461
    outer loop
      vertex 55.2686 81.4745 2.62608
      vertex 55.2934 81.4642 2.899
      vertex 55.3731 81.7269 2.899
    endloop
  endfacet
  facet normal -0.952412 0.288755 0.0976301
    outer loop
      vertex 55.2686 81.4745 2.62608
      vertex 55.3731 81.7269 2.899
      vertex 55.3467 81.7321 2.62608
    endloop
  endfacet
  facet normal 0.995184 -0.0980244 0
    outer loop
      vertex 55.3731 81.7269 2.899
      vertex 55.4 82 1.50001
      vertex 55.4 82 2.899
    endloop
  endfacet
  facet normal 0.995184 -0.0980244 0
    outer loop
      vertex 55.4 82 1.50001
      vertex 55.3731 81.7269 2.899
      vertex 55.3731 81.7269 1.50001
    endloop
  endfacet
  facet normal -0.0979896 0.00954206 0.995142
    outer loop
      vertex 54.001 81.9998 1.50001
      vertex 54.2687 81.9466 1.52688
      vertex 54.2739 82 1.52688
    endloop
  endfacet
  facet normal -0.0979871 0 0.995188
    outer loop
      vertex 54.001 81.9998 1.50001
      vertex 54.2739 82 1.52688
      vertex 54.001 82 1.50001
    endloop
  endfacet
  facet normal -0.290197 0.0285758 0.95654
    outer loop
      vertex 54.2687 81.9466 1.52688
      vertex 54.5261 81.8954 1.6065
      vertex 54.5364 82 1.6065
    endloop
  endfacet
  facet normal -0.29014 0.0282534 0.956567
    outer loop
      vertex 54.2687 81.9466 1.52688
      vertex 54.5364 82 1.6065
      vertex 54.2739 82 1.52688
    endloop
  endfacet
  facet normal -0.470943 0.0462256 0.880952
    outer loop
      vertex 54.5261 81.8954 1.6065
      vertex 54.7633 81.8482 1.73578
      vertex 54.7782 82 1.73578
    endloop
  endfacet
  facet normal -0.470989 0.0463785 0.880919
    outer loop
      vertex 54.5261 81.8954 1.6065
      vertex 54.7782 82 1.73578
      vertex 54.5364 82 1.6065
    endloop
  endfacet
  facet normal -0.633226 0.0622738 0.771457
    outer loop
      vertex 54.7633 81.8482 1.73578
      vertex 54.9712 81.8068 1.90977
      vertex 54.9902 82 1.90977
    endloop
  endfacet
  facet normal -0.63318 0.0621501 0.771505
    outer loop
      vertex 54.7633 81.8482 1.73578
      vertex 54.9902 82 1.90977
      vertex 54.7782 82 1.73578
    endloop
  endfacet
  facet normal -0.770699 0.0756785 0.632689
    outer loop
      vertex 54.9712 81.8068 1.90977
      vertex 55.1419 81.7729 2.12176
      vertex 55.1642 82 2.12176
    endloop
  endfacet
  facet normal -0.770743 0.0757977 0.632621
    outer loop
      vertex 54.9712 81.8068 1.90977
      vertex 55.1642 82 2.12176
      vertex 54.9902 82 1.90977
    endloop
  endfacet
  facet normal -0.878742 0.0867249 0.469352
    outer loop
      vertex 55.1419 81.7729 2.12176
      vertex 55.2686 81.7477 2.36363
      vertex 55.2935 82 2.36363
    endloop
  endfacet
  facet normal -0.878606 0.0862744 0.469689
    outer loop
      vertex 55.1419 81.7729 2.12176
      vertex 55.2935 82 2.36363
      vertex 55.1642 82 2.12176
    endloop
  endfacet
  facet normal -0.95269 0.0938821 0.289082
    outer loop
      vertex 55.2686 81.7477 2.36363
      vertex 55.3467 81.7321 2.62608
      vertex 55.3731 82 2.62608
    endloop
  endfacet
  facet normal -0.952714 0.0940253 0.288954
    outer loop
      vertex 55.2686 81.7477 2.36363
      vertex 55.3731 82 2.62608
      vertex 55.2935 82 2.36363
    endloop
  endfacet
  facet normal -0.990426 0.0975557 0.0976643
    outer loop
      vertex 55.3467 81.7321 2.62608
      vertex 55.3731 81.7269 2.899
      vertex 55.4 82 2.899
    endloop
  endfacet
  facet normal -0.990426 0.0976008 0.0976201
    outer loop
      vertex 55.3467 81.7321 2.62608
      vertex 55.4 82 2.899
      vertex 55.3731 82 2.62608
    endloop
  endfacet
  facet normal 0.956935 -0 0.290303
    outer loop
      vertex 34.0769 69.8803 1.11965
      vertex 34.1314 70.06 0.94
      vertex 34.0769 70.06 1.11965
    endloop
  endfacet
  facet normal -0.471379 0 -0.881931
    outer loop
      vertex 39.5307 68 5.59553
      vertex 40.2223 70 5.22588
      vertex 40.2223 68 5.22588
    endloop
  endfacet
  facet normal -0.471379 0 -0.881931
    outer loop
      vertex 40.2223 70 5.22588
      vertex 39.5307 68 5.59553
      vertex 39.5307 70 5.59553
    endloop
  endfacet
  facet normal 0.95695 0 -0.290252
    outer loop
      vertex 34.3045 70 3.43075
      vertex 34.0769 68.3196 2.68036
      vertex 34.0769 70 2.68036
    endloop
  endfacet
  facet normal 0.95695 0 -0.290252
    outer loop
      vertex 34.3045 68 3.43075
      vertex 34.0769 68.3196 2.68036
      vertex 34.3045 70 3.43075
    endloop
  endfacet
  facet normal 0.95694 -8.92863e-05 -0.290286
    outer loop
      vertex 34.0769 68.3196 2.68036
      vertex 34.3045 68 3.43075
      vertex 34.1708 68.01 2.99
    endloop
  endfacet
  facet normal 0.95694 0 -0.290285
    outer loop
      vertex 34.1708 68.01 2.99
      vertex 34.3045 68 3.43075
      vertex 34.1708 68 2.99
    endloop
  endfacet
  facet normal 0.995179 0 0.0980705
    outer loop
      vertex 34 70.06 1.9
      vertex 34.0769 69.8803 1.11965
      vertex 34.0769 70.06 1.11965
    endloop
  endfacet
  facet normal 0.995179 0 0.0980705
    outer loop
      vertex 34.0769 69.8803 1.11965
      vertex 34 70.06 1.9
      vertex 34 69.1 1.9
    endloop
  endfacet
  facet normal 0.634421 0 -0.772988
    outer loop
      vertex 35.1716 68 4.72843
      vertex 35.7777 70 5.22588
      vertex 35.7777 68 5.22588
    endloop
  endfacet
  facet normal 0.634421 0 -0.772988
    outer loop
      vertex 35.7777 70 5.22588
      vertex 35.1716 68 4.72843
      vertex 35.1716 70 4.72843
    endloop
  endfacet
  facet normal -0.995182 -0.000430017 -0.0980439
    outer loop
      vertex 41.9419 70 2.49
      vertex 41.9468 70.06 2.44
      vertex 42 70.06 1.9
    endloop
  endfacet
  facet normal -0.995232 0 -0.0975328
    outer loop
      vertex 41.9468 70.06 2.44
      vertex 41.9419 70 2.49
      vertex 41.9419 70.01 2.49
    endloop
  endfacet
  facet normal -0.995186 0 -0.0980006
    outer loop
      vertex 42 69.1 1.9
      vertex 41.9419 70 2.49
      vertex 42 70.06 1.9
    endloop
  endfacet
  facet normal -0.995159 0.000186364 -0.0982821
    outer loop
      vertex 42 69.1 1.9
      vertex 41.9231 70 2.68036
      vertex 41.9419 70 2.49
    endloop
  endfacet
  facet normal -0.99518 -0 -0.0980692
    outer loop
      vertex 41.9231 70 2.68036
      vertex 42 69.1 1.9
      vertex 41.9231 68.3196 2.68036
    endloop
  endfacet
  facet normal 0.995159 0.000186364 -0.0982821
    outer loop
      vertex 34.0769 70 2.68036
      vertex 34 69.1 1.9
      vertex 34.0581 70 2.49
    endloop
  endfacet
  facet normal 0.99518 0 -0.0980692
    outer loop
      vertex 34 69.1 1.9
      vertex 34.0769 70 2.68036
      vertex 34.0769 68.3196 2.68036
    endloop
  endfacet
  facet normal 0.995232 0 -0.0975328
    outer loop
      vertex 34.0581 70 2.49
      vertex 34.0532 70.06 2.44
      vertex 34.0581 70.01 2.49
    endloop
  endfacet
  facet normal 0.995182 -0.000430017 -0.0980439
    outer loop
      vertex 34.0532 70.06 2.44
      vertex 34.0581 70 2.49
      vertex 34 70.06 1.9
    endloop
  endfacet
  facet normal 0.995186 0 -0.0980006
    outer loop
      vertex 34 70.06 1.9
      vertex 34.0581 70 2.49
      vertex 34 69.1 1.9
    endloop
  endfacet
  facet normal -0.772977 0 -0.634434
    outer loop
      vertex 41.3259 68 4.12229
      vertex 40.8284 70 4.72843
      vertex 41.3259 70 4.12229
    endloop
  endfacet
  facet normal -0.772977 -0 -0.634434
    outer loop
      vertex 40.8284 70 4.72843
      vertex 41.3259 68 4.12229
      vertex 40.8284 68 4.72843
    endloop
  endfacet
  facet normal -0.634421 0 -0.772988
    outer loop
      vertex 40.2223 68 5.22588
      vertex 40.8284 70 4.72843
      vertex 40.8284 68 4.72843
    endloop
  endfacet
  facet normal -0.634421 0 -0.772988
    outer loop
      vertex 40.8284 70 4.72843
      vertex 40.2223 68 5.22588
      vertex 40.2223 70 5.22588
    endloop
  endfacet
  facet normal -0.995179 0 0.0980705
    outer loop
      vertex 41.9231 69.8803 1.11965
      vertex 42 70.06 1.9
      vertex 41.9231 70.06 1.11965
    endloop
  endfacet
  facet normal -0.995179 0 0.0980705
    outer loop
      vertex 42 70.06 1.9
      vertex 41.9231 69.8803 1.11965
      vertex 42 69.1 1.9
    endloop
  endfacet
  facet normal -0.0980262 0 -0.995184
    outer loop
      vertex 38 68 5.9
      vertex 38.7803 70 5.82314
      vertex 38.7803 68 5.82314
    endloop
  endfacet
  facet normal -0.0980262 0 -0.995184
    outer loop
      vertex 38.7803 70 5.82314
      vertex 38 68 5.9
      vertex 38 70 5.9
    endloop
  endfacet
  facet normal 0.772977 0 -0.634434
    outer loop
      vertex 35.1716 68 4.72843
      vertex 34.6741 70 4.12229
      vertex 35.1716 70 4.72843
    endloop
  endfacet
  facet normal 0.772977 0 -0.634434
    outer loop
      vertex 34.6741 70 4.12229
      vertex 35.1716 68 4.72843
      vertex 34.6741 68 4.12229
    endloop
  endfacet
  facet normal -0.88194 0 -0.471361
    outer loop
      vertex 41.6955 68 3.43075
      vertex 41.3259 70 4.12229
      vertex 41.6955 70 3.43075
    endloop
  endfacet
  facet normal -0.88194 -0 -0.471361
    outer loop
      vertex 41.3259 70 4.12229
      vertex 41.6955 68 3.43075
      vertex 41.3259 68 4.12229
    endloop
  endfacet
  facet normal 0.471379 0 -0.881931
    outer loop
      vertex 35.7777 68 5.22588
      vertex 36.4693 70 5.59553
      vertex 36.4693 68 5.59553
    endloop
  endfacet
  facet normal 0.471379 0 -0.881931
    outer loop
      vertex 36.4693 70 5.59553
      vertex 35.7777 68 5.22588
      vertex 35.7777 70 5.22588
    endloop
  endfacet
  facet normal -0.956935 0 0.290303
    outer loop
      vertex 41.8686 70.06 0.94
      vertex 41.9231 69.8803 1.11965
      vertex 41.9231 70.06 1.11965
    endloop
  endfacet
  facet normal 0.290295 0 -0.956937
    outer loop
      vertex 36.4693 68 5.59553
      vertex 37.2196 70 5.82314
      vertex 37.2196 68 5.82314
    endloop
  endfacet
  facet normal 0.290295 0 -0.956937
    outer loop
      vertex 37.2196 70 5.82314
      vertex 36.4693 68 5.59553
      vertex 36.4693 70 5.59553
    endloop
  endfacet
  facet normal -0.29026 0 -0.956948
    outer loop
      vertex 38.7803 68 5.82314
      vertex 39.5307 70 5.59553
      vertex 39.5307 68 5.59553
    endloop
  endfacet
  facet normal -0.29026 0 -0.956948
    outer loop
      vertex 39.5307 70 5.59553
      vertex 38.7803 68 5.82314
      vertex 38.7803 70 5.82314
    endloop
  endfacet
  facet normal 0.88194 0 -0.471361
    outer loop
      vertex 34.6741 68 4.12229
      vertex 34.3045 70 3.43075
      vertex 34.6741 70 4.12229
    endloop
  endfacet
  facet normal 0.88194 0 -0.471361
    outer loop
      vertex 34.3045 70 3.43075
      vertex 34.6741 68 4.12229
      vertex 34.3045 68 3.43075
    endloop
  endfacet
  facet normal -0.95695 0 -0.290252
    outer loop
      vertex 41.9231 68.3196 2.68036
      vertex 41.6955 70 3.43075
      vertex 41.9231 70 2.68036
    endloop
  endfacet
  facet normal -0.95694 -8.92863e-05 -0.290286
    outer loop
      vertex 41.6955 68 3.43075
      vertex 41.9231 68.3196 2.68036
      vertex 41.8292 68.01 2.99
    endloop
  endfacet
  facet normal -0.95694 0 -0.290285
    outer loop
      vertex 41.6955 68 3.43075
      vertex 41.8292 68.01 2.99
      vertex 41.8292 68 2.99
    endloop
  endfacet
  facet normal -0.95695 0 -0.290252
    outer loop
      vertex 41.9231 68.3196 2.68036
      vertex 41.6955 68 3.43075
      vertex 41.6955 70 3.43075
    endloop
  endfacet
  facet normal 0.0980137 0 -0.995185
    outer loop
      vertex 37.2196 68 5.82314
      vertex 38 70 5.9
      vertex 38 68 5.9
    endloop
  endfacet
  facet normal 0.0980137 0 -0.995185
    outer loop
      vertex 38 70 5.9
      vertex 37.2196 68 5.82314
      vertex 37.2196 70 5.82314
    endloop
  endfacet
  facet normal 0 -1 0
    outer loop
      vertex 34.1314 70.06 0.94
      vertex 34.0532 70.06 2.44
      vertex 34 70.06 1.9
    endloop
  endfacet
  facet normal 0 -1 0
    outer loop
      vertex 34.0532 70.06 2.44
      vertex 34.1314 70.06 0.94
      vertex 41.9468 70.06 2.44
    endloop
  endfacet
  facet normal 0 -1 0
    outer loop
      vertex 34.1314 70.06 0.94
      vertex 34 70.06 1.9
      vertex 34.0769 70.06 1.11965
    endloop
  endfacet
  facet normal 0 -1 0
    outer loop
      vertex 41.8686 70.06 0.94
      vertex 41.9468 70.06 2.44
      vertex 34.1314 70.06 0.94
    endloop
  endfacet
  facet normal 0 -1 -0
    outer loop
      vertex 41.9468 70.06 2.44
      vertex 41.8686 70.06 0.94
      vertex 42 70.06 1.9
    endloop
  endfacet
  facet normal 0 -1 0
    outer loop
      vertex 42 70.06 1.9
      vertex 41.8686 70.06 0.94
      vertex 41.9231 70.06 1.11965
    endloop
  endfacet
  facet normal 0 -1 -0
    outer loop
      vertex 65.99 92 2.49
      vertex 65.94 92 2.44
      vertex 66 92 2.49
    endloop
  endfacet
  facet normal 0 -1 0
    outer loop
      vertex 66 92 7.9
      vertex 67.99 92 2.99
      vertex 68 92 7.9
    endloop
  endfacet
  facet normal 0 -1 0
    outer loop
      vertex 66 92 2.49
      vertex 67.99 92 2.99
      vertex 66 92 7.9
    endloop
  endfacet
  facet normal 0 -1 0
    outer loop
      vertex 65.94 92 0.94
      vertex 66 92 2.49
      vertex 65.94 92 2.44
    endloop
  endfacet
  facet normal 0 -1 -0
    outer loop
      vertex 66 92 2.49
      vertex 65.94 92 0.94
      vertex 67.99 92 2.99
    endloop
  endfacet
  facet normal 0 -1 -0
    outer loop
      vertex 68 92 7.9
      vertex 67.99 92 2.99
      vertex 68 92 2.99
    endloop
  endfacet
  facet normal 0 0 -1
    outer loop
      vertex 66 77 7.9
      vertex 68 92 7.9
      vertex 68 77 7.9
    endloop
  endfacet
  facet normal -0 0 -1
    outer loop
      vertex 68 92 7.9
      vertex 66 77 7.9
      vertex 66 92 7.9
    endloop
  endfacet
  facet normal 1 -0 0
    outer loop
      vertex 65.94 77 2.44
      vertex 65.94 92 0.94
      vertex 65.94 92 2.44
    endloop
  endfacet
  facet normal 1 0 0
    outer loop
      vertex 65.94 92 0.94
      vertex 65.94 77 2.44
      vertex 65.94 77 0.94
    endloop
  endfacet
  facet normal 0 1 0
    outer loop
      vertex 67.99 77 2.99
      vertex 68 77 7.9
      vertex 68 77 2.99
    endloop
  endfacet
  facet normal 0 1 0
    outer loop
      vertex 68 77 7.9
      vertex 67.99 77 2.99
      vertex 66 77 7.9
    endloop
  endfacet
  facet normal 0 1 0
    outer loop
      vertex 67.99 77 2.99
      vertex 66 77 2.49
      vertex 66 77 7.9
    endloop
  endfacet
  facet normal 0 1 0
    outer loop
      vertex 66 77 2.49
      vertex 65.94 77 2.44
      vertex 65.99 77 2.49
    endloop
  endfacet
  facet normal 0 1 0
    outer loop
      vertex 65.94 77 0.94
      vertex 66 77 2.49
      vertex 67.99 77 2.99
    endloop
  endfacet
  facet normal 0 1 0
    outer loop
      vertex 66 77 2.49
      vertex 65.94 77 0.94
      vertex 65.94 77 2.44
    endloop
  endfacet
endsolid OpenSCAD_Model
