solid OpenSCAD_Model
  facet normal -0.9569 0.290417 0
    outer loop
      vertex 0.0384302 136.39 1.99
      vertex 0.152242 136.765 16.5
      vertex 0.152242 136.765 1.99
    endloop
  endfacet
  facet normal -0.9569 0.290417 0
    outer loop
      vertex 0.152242 136.765 16.5
      vertex 0.0384302 136.39 1.99
      vertex 0.0384302 136.39 16.5
    endloop
  endfacet
  facet normal -0.99518 0.098064 0
    outer loop
      vertex 0 136 1.99
      vertex 0.0384302 136.39 16.5
      vertex 0.0384302 136.39 1.99
    endloop
  endfacet
  facet normal -0.99518 0.098064 0
    outer loop
      vertex 0.0384302 136.39 16.5
      vertex 0 136 1.99
      vertex 0 136 16.5
    endloop
  endfacet
  facet normal 0.471634 -0.881795 0
    outer loop
      vertex 87.7654 79.1522 1.99
      vertex 88.1111 79.3371 16.5
      vertex 87.7654 79.1522 16.5
    endloop
  endfacet
  facet normal 0.471634 -0.881795 0
    outer loop
      vertex 88.1111 79.3371 16.5
      vertex 87.7654 79.1522 1.99
      vertex 88.1111 79.3371 1.99
    endloop
  endfacet
  facet normal -0.0979429 -0.995192 0
    outer loop
      vertex 1.60982 79.0384 1.99
      vertex 2 79 16.5
      vertex 1.60982 79.0384 16.5
    endloop
  endfacet
  facet normal -0.0979429 -0.995192 -0
    outer loop
      vertex 2 79 16.5
      vertex 1.60982 79.0384 1.99
      vertex 2 79 1.99
    endloop
  endfacet
  facet normal 1 -0 0
    outer loop
      vertex 89 81 16.5
      vertex 89 136 1.99
      vertex 89 136 16.5
    endloop
  endfacet
  facet normal 1 0 0
    outer loop
      vertex 89 136 1.99
      vertex 89 81 16.5
      vertex 89 81 1.99
    endloop
  endfacet
  facet normal 0 -1 0
    outer loop
      vertex 38.5 79 14.5
      vertex 2 79 16.5
      vertex 29.5 79 14.5
    endloop
  endfacet
  facet normal 0 -1 0
    outer loop
      vertex 2 79 16.5
      vertex 29.5 79 12
      vertex 29.5 79 14.5
    endloop
  endfacet
  facet normal 0 -1 -0
    outer loop
      vertex 29.5 79 12
      vertex 2 79 1.99
      vertex 38.5 79 12
    endloop
  endfacet
  facet normal 0 -1 0
    outer loop
      vertex 2 79 1.99
      vertex 29.5 79 12
      vertex 2 79 16.5
    endloop
  endfacet
  facet normal 0 -1 0
    outer loop
      vertex 2 79 16.5
      vertex 38.5 79 14.5
      vertex 87 79 16.5
    endloop
  endfacet
  facet normal 0 -1 0
    outer loop
      vertex 38.5 79 12
      vertex 87 79 16.5
      vertex 38.5 79 14.5
    endloop
  endfacet
  facet normal 0 -1 0
    outer loop
      vertex 87 79 1.99
      vertex 38.5 79 12
      vertex 2 79 1.99
    endloop
  endfacet
  facet normal 0 -1 0
    outer loop
      vertex 38.5 79 12
      vertex 87 79 1.99
      vertex 87 79 16.5
    endloop
  endfacet
  facet normal -0.995185 -0.0980142 0
    outer loop
      vertex 0.0384302 80.6098 1.99
      vertex 0 81 16.5
      vertex 0 81 1.99
    endloop
  endfacet
  facet normal -0.995185 -0.0980142 0
    outer loop
      vertex 0 81 16.5
      vertex 0.0384302 80.6098 1.99
      vertex 0.0384302 80.6098 16.5
    endloop
  endfacet
  facet normal -0.634811 0.772667 0
    outer loop
      vertex 0.88886 137.663 1.99
      vertex 0.585787 137.414 16.5
      vertex 0.88886 137.663 16.5
    endloop
  endfacet
  facet normal -0.634811 0.772667 0
    outer loop
      vertex 0.585787 137.414 16.5
      vertex 0.88886 137.663 1.99
      vertex 0.585787 137.414 1.99
    endloop
  endfacet
  facet normal -0.634354 -0.773042 0
    outer loop
      vertex 0.585787 79.5858 1.99
      vertex 0.88886 79.3371 16.5
      vertex 0.585787 79.5858 16.5
    endloop
  endfacet
  facet normal -0.634354 -0.773042 -0
    outer loop
      vertex 0.88886 79.3371 16.5
      vertex 0.585787 79.5858 1.99
      vertex 0.88886 79.3371 1.99
    endloop
  endfacet
  facet normal -1 0 0
    outer loop
      vertex 0 81 1.99
      vertex 0 136 16.5
      vertex 0 136 1.99
    endloop
  endfacet
  facet normal -1 -0 0
    outer loop
      vertex 0 136 16.5
      vertex 0 81 1.99
      vertex 0 81 16.5
    endloop
  endfacet
  facet normal 0.0969274 0.995291 -0
    outer loop
      vertex 87.3902 137.962 1.99
      vertex 87 138 16.5
      vertex 87.3902 137.962 16.5
    endloop
  endfacet
  facet normal 0.0969274 0.995291 0
    outer loop
      vertex 87 138 16.5
      vertex 87.3902 137.962 1.99
      vertex 87 138 1.99
    endloop
  endfacet
  facet normal 0.471832 0.881688 -0
    outer loop
      vertex 88.1111 137.663 1.99
      vertex 87.7654 137.848 16.5
      vertex 88.1111 137.663 16.5
    endloop
  endfacet
  facet normal 0.471832 0.881688 0
    outer loop
      vertex 87.7654 137.848 16.5
      vertex 88.1111 137.663 1.99
      vertex 87.7654 137.848 1.99
    endloop
  endfacet
  facet normal 0 1 0
    outer loop
      vertex 87 138 16.5
      vertex 33.5 138 14.5
      vertex 2 138 16.5
    endloop
  endfacet
  facet normal 0 1 0
    outer loop
      vertex 87 138 16.5
      vertex 33.5 138 12
      vertex 33.5 138 14.5
    endloop
  endfacet
  facet normal 0 1 0
    outer loop
      vertex 2 138 1.99
      vertex 33.5 138 12
      vertex 87 138 1.99
    endloop
  endfacet
  facet normal 0 1 -0
    outer loop
      vertex 87 138 1.99
      vertex 33.5 138 12
      vertex 87 138 16.5
    endloop
  endfacet
  facet normal 0 1 -0
    outer loop
      vertex 24.5 138 14.5
      vertex 2 138 16.5
      vertex 33.5 138 14.5
    endloop
  endfacet
  facet normal 0 1 -0
    outer loop
      vertex 24.5 138 12
      vertex 2 138 16.5
      vertex 24.5 138 14.5
    endloop
  endfacet
  facet normal 0 1 0
    outer loop
      vertex 24.5 138 12
      vertex 2 138 1.99
      vertex 2 138 16.5
    endloop
  endfacet
  facet normal 0 1 0
    outer loop
      vertex 33.5 138 12
      vertex 2 138 1.99
      vertex 24.5 138 12
    endloop
  endfacet
  facet normal -0.773038 -0.63436 0
    outer loop
      vertex 0.585787 79.5858 1.99
      vertex 0.337061 79.8889 16.5
      vertex 0.337061 79.8889 1.99
    endloop
  endfacet
  facet normal -0.773038 -0.63436 0
    outer loop
      vertex 0.337061 79.8889 16.5
      vertex 0.585787 79.5858 1.99
      vertex 0.585787 79.5858 16.5
    endloop
  endfacet
  facet normal 0.881795 -0.471634 0
    outer loop
      vertex 88.6629 79.8889 16.5
      vertex 88.8478 80.2346 1.99
      vertex 88.8478 80.2346 16.5
    endloop
  endfacet
  facet normal 0.881795 -0.471634 0
    outer loop
      vertex 88.8478 80.2346 1.99
      vertex 88.6629 79.8889 16.5
      vertex 88.6629 79.8889 1.99
    endloop
  endfacet
  facet normal 0.956908 0.29039 0
    outer loop
      vertex 88.9616 136.39 16.5
      vertex 88.8478 136.765 1.99
      vertex 88.8478 136.765 16.5
    endloop
  endfacet
  facet normal 0.956908 0.29039 0
    outer loop
      vertex 88.8478 136.765 1.99
      vertex 88.9616 136.39 16.5
      vertex 88.9616 136.39 1.99
    endloop
  endfacet
  facet normal 0.097938 -0.995193 0
    outer loop
      vertex 87 79 1.99
      vertex 87.3902 79.0384 16.5
      vertex 87 79 16.5
    endloop
  endfacet
  facet normal 0.097938 -0.995193 0
    outer loop
      vertex 87.3902 79.0384 16.5
      vertex 87 79 1.99
      vertex 87.3902 79.0384 1.99
    endloop
  endfacet
  facet normal 0.634777 0.772695 -0
    outer loop
      vertex 88.4142 137.414 1.99
      vertex 88.1111 137.663 16.5
      vertex 88.4142 137.414 16.5
    endloop
  endfacet
  facet normal 0.634777 0.772695 0
    outer loop
      vertex 88.1111 137.663 16.5
      vertex 88.4142 137.414 1.99
      vertex 88.1111 137.663 1.99
    endloop
  endfacet
  facet normal 0.634321 -0.77307 0
    outer loop
      vertex 88.1111 79.3371 1.99
      vertex 88.4142 79.5858 16.5
      vertex 88.1111 79.3371 16.5
    endloop
  endfacet
  facet normal 0.634321 -0.77307 0
    outer loop
      vertex 88.4142 79.5858 16.5
      vertex 88.1111 79.3371 1.99
      vertex 88.4142 79.5858 1.99
    endloop
  endfacet
  facet normal 0.995188 0.0979877 0
    outer loop
      vertex 89 136 16.5
      vertex 88.9616 136.39 1.99
      vertex 88.9616 136.39 16.5
    endloop
  endfacet
  facet normal 0.995188 0.0979877 0
    outer loop
      vertex 88.9616 136.39 1.99
      vertex 89 136 16.5
      vertex 89 136 1.99
    endloop
  endfacet
  facet normal 0.995193 -0.097938 0
    outer loop
      vertex 88.9616 80.6098 16.5
      vertex 89 81 1.99
      vertex 89 81 16.5
    endloop
  endfacet
  facet normal 0.995193 -0.097938 0
    outer loop
      vertex 89 81 1.99
      vertex 88.9616 80.6098 16.5
      vertex 88.9616 80.6098 1.99
    endloop
  endfacet
  facet normal -0.956943 -0.290276 0
    outer loop
      vertex 0.152242 80.2346 1.99
      vertex 0.0384302 80.6098 16.5
      vertex 0.0384302 80.6098 1.99
    endloop
  endfacet
  facet normal -0.956943 -0.290276 0
    outer loop
      vertex 0.0384302 80.6098 16.5
      vertex 0.152242 80.2346 1.99
      vertex 0.152242 80.2346 16.5
    endloop
  endfacet
  facet normal 0.956951 -0.290248 0
    outer loop
      vertex 88.8478 80.2346 16.5
      vertex 88.9616 80.6098 1.99
      vertex 88.9616 80.6098 16.5
    endloop
  endfacet
  facet normal 0.956951 -0.290248 0
    outer loop
      vertex 88.9616 80.6098 1.99
      vertex 88.8478 80.2346 16.5
      vertex 88.8478 80.2346 1.99
    endloop
  endfacet
  facet normal 0.772968 0.634446 0
    outer loop
      vertex 88.6629 137.111 16.5
      vertex 88.4142 137.414 1.99
      vertex 88.4142 137.414 16.5
    endloop
  endfacet
  facet normal 0.772968 0.634446 0
    outer loop
      vertex 88.4142 137.414 1.99
      vertex 88.6629 137.111 16.5
      vertex 88.6629 137.111 1.99
    endloop
  endfacet
  facet normal 0.77307 -0.634321 0
    outer loop
      vertex 88.4142 79.5858 16.5
      vertex 88.6629 79.8889 1.99
      vertex 88.6629 79.8889 16.5
    endloop
  endfacet
  facet normal 0.77307 -0.634321 0
    outer loop
      vertex 88.6629 79.8889 1.99
      vertex 88.4142 79.5858 16.5
      vertex 88.4142 79.5858 1.99
    endloop
  endfacet
  facet normal -0.88188 -0.471473 0
    outer loop
      vertex 0.337061 79.8889 1.99
      vertex 0.152242 80.2346 16.5
      vertex 0.152242 80.2346 1.99
    endloop
  endfacet
  facet normal -0.88188 -0.471473 0
    outer loop
      vertex 0.152242 80.2346 16.5
      vertex 0.337061 79.8889 1.99
      vertex 0.337061 79.8889 16.5
    endloop
  endfacet
  facet normal 0.290715 0.95681 -0
    outer loop
      vertex 87.7654 137.848 1.99
      vertex 87.3902 137.962 16.5
      vertex 87.7654 137.848 16.5
    endloop
  endfacet
  facet normal 0.290715 0.95681 0
    outer loop
      vertex 87.3902 137.962 16.5
      vertex 87.7654 137.848 1.99
      vertex 87.3902 137.962 1.99
    endloop
  endfacet
  facet normal -0.47156 -0.881834 0
    outer loop
      vertex 0.88886 79.3371 1.99
      vertex 1.23463 79.1522 16.5
      vertex 0.88886 79.3371 16.5
    endloop
  endfacet
  facet normal -0.47156 -0.881834 -0
    outer loop
      vertex 1.23463 79.1522 16.5
      vertex 0.88886 79.3371 1.99
      vertex 1.23463 79.1522 1.99
    endloop
  endfacet
  facet normal 0.290248 -0.956951 0
    outer loop
      vertex 87.3902 79.0384 1.99
      vertex 87.7654 79.1522 16.5
      vertex 87.3902 79.0384 16.5
    endloop
  endfacet
  facet normal 0.290248 -0.956951 0
    outer loop
      vertex 87.7654 79.1522 16.5
      vertex 87.3902 79.0384 1.99
      vertex 87.7654 79.1522 1.99
    endloop
  endfacet
  facet normal -0.772935 0.634485 0
    outer loop
      vertex 0.337061 137.111 1.99
      vertex 0.585787 137.414 16.5
      vertex 0.585787 137.414 1.99
    endloop
  endfacet
  facet normal -0.772935 0.634485 0
    outer loop
      vertex 0.585787 137.414 16.5
      vertex 0.337061 137.111 1.99
      vertex 0.337061 137.111 16.5
    endloop
  endfacet
  facet normal -0.471758 0.881728 0
    outer loop
      vertex 1.23463 137.848 1.99
      vertex 0.88886 137.663 16.5
      vertex 1.23463 137.848 16.5
    endloop
  endfacet
  facet normal -0.471758 0.881728 0
    outer loop
      vertex 0.88886 137.663 16.5
      vertex 1.23463 137.848 1.99
      vertex 0.88886 137.663 1.99
    endloop
  endfacet
  facet normal -0.0969323 0.995291 0
    outer loop
      vertex 2 138 1.99
      vertex 1.60982 137.962 16.5
      vertex 2 138 16.5
    endloop
  endfacet
  facet normal -0.0969323 0.995291 0
    outer loop
      vertex 1.60982 137.962 16.5
      vertex 2 138 1.99
      vertex 1.60982 137.962 1.99
    endloop
  endfacet
  facet normal -0.88205 0.471155 0
    outer loop
      vertex 0.152242 136.765 1.99
      vertex 0.337061 137.111 16.5
      vertex 0.337061 137.111 1.99
    endloop
  endfacet
  facet normal -0.88205 0.471155 0
    outer loop
      vertex 0.337061 137.111 16.5
      vertex 0.152242 136.765 1.99
      vertex 0.152242 136.765 16.5
    endloop
  endfacet
  facet normal -0.290255 -0.956949 0
    outer loop
      vertex 1.23463 79.1522 1.99
      vertex 1.60982 79.0384 16.5
      vertex 1.23463 79.1522 16.5
    endloop
  endfacet
  facet normal -0.290255 -0.956949 -0
    outer loop
      vertex 1.60982 79.0384 16.5
      vertex 1.23463 79.1522 1.99
      vertex 1.60982 79.0384 1.99
    endloop
  endfacet
  facet normal 0.881965 0.471316 0
    outer loop
      vertex 88.8478 136.765 16.5
      vertex 88.6629 137.111 1.99
      vertex 88.6629 137.111 16.5
    endloop
  endfacet
  facet normal 0.881965 0.471316 0
    outer loop
      vertex 88.6629 137.111 1.99
      vertex 88.8478 136.765 16.5
      vertex 88.8478 136.765 1.99
    endloop
  endfacet
  facet normal -0.290722 0.956808 0
    outer loop
      vertex 1.60982 137.962 1.99
      vertex 1.23463 137.848 16.5
      vertex 1.60982 137.962 16.5
    endloop
  endfacet
  facet normal -0.290722 0.956808 0
    outer loop
      vertex 1.23463 137.848 16.5
      vertex 1.60982 137.962 1.99
      vertex 1.23463 137.848 1.99
    endloop
  endfacet
  facet normal 0 0 -1
    outer loop
      vertex 89 81 1.99
      vertex 88.99 81.0093 1.99
      vertex 89 136 1.99
    endloop
  endfacet
  facet normal 0 0 -1
    outer loop
      vertex 88.9519 80.6228 1.99
      vertex 89 81 1.99
      vertex 88.9616 80.6098 1.99
    endloop
  endfacet
  facet normal -0 0 -1
    outer loop
      vertex 89 81 1.99
      vertex 88.9519 80.6228 1.99
      vertex 88.99 81.0093 1.99
    endloop
  endfacet
  facet normal 0 0 -1
    outer loop
      vertex 88.9616 80.6098 1.99
      vertex 88.9518 80.6215 1.99
      vertex 88.9519 80.6228 1.99
    endloop
  endfacet
  facet normal 0 0 -1
    outer loop
      vertex 88.9616 80.6098 1.99
      vertex 88.9518 80.6211 1.99
      vertex 88.9518 80.6215 1.99
    endloop
  endfacet
  facet normal 0 0 -1
    outer loop
      vertex 88.9616 80.6098 1.99
      vertex 88.9516 80.6193 1.99
      vertex 88.9518 80.6211 1.99
    endloop
  endfacet
  facet normal 0 0 -1
    outer loop
      vertex 88.8469 80.2741 1.99
      vertex 88.9616 80.6098 1.99
      vertex 88.8478 80.2346 1.99
    endloop
  endfacet
  facet normal -0 0 -1
    outer loop
      vertex 88.9616 80.6098 1.99
      vertex 88.8469 80.2741 1.99
      vertex 88.9516 80.6193 1.99
    endloop
  endfacet
  facet normal 0 0 -1
    outer loop
      vertex 88.8478 80.2346 1.99
      vertex 88.8384 80.2462 1.99
      vertex 88.8469 80.2741 1.99
    endloop
  endfacet
  facet normal 0 0 -1
    outer loop
      vertex 88.8478 80.2346 1.99
      vertex 88.8384 80.246 1.99
      vertex 88.8384 80.2462 1.99
    endloop
  endfacet
  facet normal 0 0 -1
    outer loop
      vertex 88.8478 80.2346 1.99
      vertex 88.8383 80.246 1.99
      vertex 88.8384 80.246 1.99
    endloop
  endfacet
  facet normal 0 0 -1
    outer loop
      vertex 88.8478 80.2346 1.99
      vertex 88.8378 80.2442 1.99
      vertex 88.8383 80.246 1.99
    endloop
  endfacet
  facet normal -0 0 -1
    outer loop
      vertex 88.8478 80.2346 1.99
      vertex 88.6825 79.9538 1.99
      vertex 88.8378 80.2442 1.99
    endloop
  endfacet
  facet normal 0 0 -1
    outer loop
      vertex 88.6629 79.8889 1.99
      vertex 88.6825 79.9538 1.99
      vertex 88.8478 80.2346 1.99
    endloop
  endfacet
  facet normal 0 0 -1
    outer loop
      vertex 88.6629 79.8889 1.99
      vertex 88.6542 79.9007 1.99
      vertex 88.6825 79.9538 1.99
    endloop
  endfacet
  facet normal 0 0 -1
    outer loop
      vertex 88.6629 79.8889 1.99
      vertex 88.654 79.9003 1.99
      vertex 88.6542 79.9007 1.99
    endloop
  endfacet
  facet normal 0 0 -1
    outer loop
      vertex 88.6629 79.8889 1.99
      vertex 88.6539 79.9002 1.99
      vertex 88.654 79.9003 1.99
    endloop
  endfacet
  facet normal 0 0 -1
    outer loop
      vertex 88.6629 79.8889 1.99
      vertex 88.653 79.8986 1.99
      vertex 88.6539 79.9002 1.99
    endloop
  endfacet
  facet normal 0 0 -1
    outer loop
      vertex 88.4069 79.5987 1.99
      vertex 88.6629 79.8889 1.99
      vertex 88.4142 79.5858 1.99
    endloop
  endfacet
  facet normal -0 0 -1
    outer loop
      vertex 88.6629 79.8889 1.99
      vertex 88.4069 79.5987 1.99
      vertex 88.653 79.8986 1.99
    endloop
  endfacet
  facet normal 0 0 -1
    outer loop
      vertex 88.4142 79.5858 1.99
      vertex 88.4056 79.5971 1.99
      vertex 88.4069 79.5987 1.99
    endloop
  endfacet
  facet normal 0 0 -1
    outer loop
      vertex 88.4142 79.5858 1.99
      vertex 88.4055 79.597 1.99
      vertex 88.4056 79.5971 1.99
    endloop
  endfacet
  facet normal 0 0 -1
    outer loop
      vertex 88.4142 79.5858 1.99
      vertex 88.4043 79.5956 1.99
      vertex 88.4055 79.597 1.99
    endloop
  endfacet
  facet normal 0 0 -1
    outer loop
      vertex 88.1057 79.3505 1.99
      vertex 88.4142 79.5858 1.99
      vertex 88.1111 79.3371 1.99
    endloop
  endfacet
  facet normal -0 0 -1
    outer loop
      vertex 88.4142 79.5858 1.99
      vertex 88.1057 79.3505 1.99
      vertex 88.4043 79.5956 1.99
    endloop
  endfacet
  facet normal 0 0 -1
    outer loop
      vertex 88.1111 79.3371 1.99
      vertex 88.1033 79.3485 1.99
      vertex 88.1057 79.3505 1.99
    endloop
  endfacet
  facet normal 0 0 -1
    outer loop
      vertex 88.1111 79.3371 1.99
      vertex 88.1029 79.3482 1.99
      vertex 88.1033 79.3485 1.99
    endloop
  endfacet
  facet normal 0 0 -1
    outer loop
      vertex 88.1111 79.3371 1.99
      vertex 88.1028 79.3481 1.99
      vertex 88.1029 79.3482 1.99
    endloop
  endfacet
  facet normal 0 0 -1
    outer loop
      vertex 88.1111 79.3371 1.99
      vertex 88.1013 79.3469 1.99
      vertex 88.1028 79.3481 1.99
    endloop
  endfacet
  facet normal 0 0 -1
    outer loop
      vertex 87.7654 79.1522 1.99
      vertex 88.1013 79.3469 1.99
      vertex 88.1111 79.3371 1.99
    endloop
  endfacet
  facet normal 0 0 -1
    outer loop
      vertex 87.7654 79.1522 1.99
      vertex 87.7583 79.1636 1.99
      vertex 88.1013 79.3469 1.99
    endloop
  endfacet
  facet normal 0 0 -1
    outer loop
      vertex 87.7654 79.1522 1.99
      vertex 87.7574 79.1631 1.99
      vertex 87.7583 79.1636 1.99
    endloop
  endfacet
  facet normal 0 0 -1
    outer loop
      vertex 87.7654 79.1522 1.99
      vertex 87.7573 79.163 1.99
      vertex 87.7574 79.1631 1.99
    endloop
  endfacet
  facet normal 0 0 -1
    outer loop
      vertex 87.7654 79.1522 1.99
      vertex 87.7556 79.1622 1.99
      vertex 87.7573 79.163 1.99
    endloop
  endfacet
  facet normal -0 0 -1
    outer loop
      vertex 87.7654 79.1522 1.99
      vertex 87.4405 79.0666 1.99
      vertex 87.7556 79.1622 1.99
    endloop
  endfacet
  facet normal 0 0 -1
    outer loop
      vertex 87.3902 79.0384 1.99
      vertex 87.4405 79.0666 1.99
      vertex 87.7654 79.1522 1.99
    endloop
  endfacet
  facet normal 0 0 -1
    outer loop
      vertex 87.3902 79.0384 1.99
      vertex 87.3829 79.0491 1.99
      vertex 87.4405 79.0666 1.99
    endloop
  endfacet
  facet normal 0 0 -1
    outer loop
      vertex 87.3902 79.0384 1.99
      vertex 87.3825 79.049 1.99
      vertex 87.3829 79.0491 1.99
    endloop
  endfacet
  facet normal 0 0 -1
    outer loop
      vertex 87.3902 79.0384 1.99
      vertex 87.3823 79.049 1.99
      vertex 87.3825 79.049 1.99
    endloop
  endfacet
  facet normal 0 0 -1
    outer loop
      vertex 87.3902 79.0384 1.99
      vertex 87.3805 79.0484 1.99
      vertex 87.3823 79.049 1.99
    endloop
  endfacet
  facet normal -0 0 -1
    outer loop
      vertex 87.3902 79.0384 1.99
      vertex 87.0528 79.0161 1.99
      vertex 87.3805 79.0484 1.99
    endloop
  endfacet
  facet normal 0 0 -1
    outer loop
      vertex 87 79 1.99
      vertex 87.0528 79.0161 1.99
      vertex 87.3902 79.0384 1.99
    endloop
  endfacet
  facet normal 0 0 -1
    outer loop
      vertex 87.0528 79.0161 1.99
      vertex 87 79 1.99
      vertex 87.0008 79.011 1.99
    endloop
  endfacet
  facet normal 0 0 -1
    outer loop
      vertex 87 79 1.99
      vertex 86.9948 79.0104 1.99
      vertex 87.0008 79.011 1.99
    endloop
  endfacet
  facet normal 0 0 -1
    outer loop
      vertex 87 79 1.99
      vertex 86.9924 79.0102 1.99
      vertex 86.9948 79.0104 1.99
    endloop
  endfacet
  facet normal 0 0 -1
    outer loop
      vertex 87 79 1.99
      vertex 86.9923 79.0102 1.99
      vertex 86.9924 79.0102 1.99
    endloop
  endfacet
  facet normal 0 0 -1
    outer loop
      vertex 87 79 1.99
      vertex 86.9904 79.01 1.99
      vertex 86.9923 79.0102 1.99
    endloop
  endfacet
  facet normal 0 0 -1
    outer loop
      vertex 87 79 1.99
      vertex 2.00955 79.01 1.99
      vertex 86.9904 79.01 1.99
    endloop
  endfacet
  facet normal 0 0 -1
    outer loop
      vertex 2 79 1.99
      vertex 2.00756 79.0102 1.99
      vertex 2.00769 79.0102 1.99
    endloop
  endfacet
  facet normal 0 0 -1
    outer loop
      vertex 2 79 1.99
      vertex 2.00955 79.01 1.99
      vertex 87 79 1.99
    endloop
  endfacet
  facet normal 0 0 -1
    outer loop
      vertex 2 79 1.99
      vertex 2.00769 79.0102 1.99
      vertex 2.00955 79.01 1.99
    endloop
  endfacet
  facet normal -0 0 -1
    outer loop
      vertex 2.00756 79.0102 1.99
      vertex 2 79 1.99
      vertex 2.00518 79.0104 1.99
    endloop
  endfacet
  facet normal 0 0 -1
    outer loop
      vertex 2 79 1.99
      vertex 1.99923 79.011 1.99
      vertex 2.00518 79.0104 1.99
    endloop
  endfacet
  facet normal 0 0 -1
    outer loop
      vertex 2 79 1.99
      vertex 1.94721 79.0161 1.99
      vertex 1.99923 79.011 1.99
    endloop
  endfacet
  facet normal 0 0 -1
    outer loop
      vertex 1.60982 79.0384 1.99
      vertex 1.94721 79.0161 1.99
      vertex 2 79 1.99
    endloop
  endfacet
  facet normal 0 0 -1
    outer loop
      vertex 1.60982 79.0384 1.99
      vertex 1.61754 79.049 1.99
      vertex 1.61767 79.049 1.99
    endloop
  endfacet
  facet normal 0 0 -1
    outer loop
      vertex 1.60982 79.0384 1.99
      vertex 1.61767 79.049 1.99
      vertex 1.61946 79.0484 1.99
    endloop
  endfacet
  facet normal 0 0 -1
    outer loop
      vertex 1.94721 79.0161 1.99
      vertex 1.60982 79.0384 1.99
      vertex 1.61946 79.0484 1.99
    endloop
  endfacet
  facet normal -0 0 -1
    outer loop
      vertex 1.61754 79.049 1.99
      vertex 1.60982 79.0384 1.99
      vertex 1.61714 79.0491 1.99
    endloop
  endfacet
  facet normal 0 0 -1
    outer loop
      vertex 1.60982 79.0384 1.99
      vertex 1.55952 79.0666 1.99
      vertex 1.61714 79.0491 1.99
    endloop
  endfacet
  facet normal 0 0 -1
    outer loop
      vertex 1.23463 79.1522 1.99
      vertex 1.55952 79.0666 1.99
      vertex 1.60982 79.0384 1.99
    endloop
  endfacet
  facet normal 0 0 -1
    outer loop
      vertex 1.55952 79.0666 1.99
      vertex 1.23463 79.1522 1.99
      vertex 1.24436 79.1622 1.99
    endloop
  endfacet
  facet normal 0 0 -1
    outer loop
      vertex 1.23463 79.1522 1.99
      vertex 1.2427 79.163 1.99
      vertex 1.24436 79.1622 1.99
    endloop
  endfacet
  facet normal 0 0 -1
    outer loop
      vertex 1.23463 79.1522 1.99
      vertex 1.24259 79.1631 1.99
      vertex 1.2427 79.163 1.99
    endloop
  endfacet
  facet normal 0 0 -1
    outer loop
      vertex 1.23463 79.1522 1.99
      vertex 1.24167 79.1636 1.99
      vertex 1.24259 79.1631 1.99
    endloop
  endfacet
  facet normal 0 0 -1
    outer loop
      vertex 1.23463 79.1522 1.99
      vertex 0.898659 79.3469 1.99
      vertex 1.24167 79.1636 1.99
    endloop
  endfacet
  facet normal 0 0 -1
    outer loop
      vertex 0.88886 79.3371 1.99
      vertex 0.897212 79.3481 1.99
      vertex 0.898659 79.3469 1.99
    endloop
  endfacet
  facet normal 0 0 -1
    outer loop
      vertex 0.897163 79.3481 1.99
      vertex 0.896707 79.3485 1.99
      vertex 0.897111 79.3482 1.99
    endloop
  endfacet
  facet normal 0 0 -1
    outer loop
      vertex 0.88886 79.3371 1.99
      vertex 0.898659 79.3469 1.99
      vertex 1.23463 79.1522 1.99
    endloop
  endfacet
  facet normal -0 0 -1
    outer loop
      vertex 0.897212 79.3481 1.99
      vertex 0.88886 79.3371 1.99
      vertex 0.897163 79.3481 1.99
    endloop
  endfacet
  facet normal 0 0 -1
    outer loop
      vertex 0.88886 79.3371 1.99
      vertex 0.896707 79.3485 1.99
      vertex 0.897163 79.3481 1.99
    endloop
  endfacet
  facet normal 0 0 -1
    outer loop
      vertex 0.88886 79.3371 1.99
      vertex 0.894319 79.3505 1.99
      vertex 0.896707 79.3485 1.99
    endloop
  endfacet
  facet normal 0 0 -1
    outer loop
      vertex 0.585787 79.5858 1.99
      vertex 0.894319 79.3505 1.99
      vertex 0.88886 79.3371 1.99
    endloop
  endfacet
  facet normal 0 0 -1
    outer loop
      vertex 0.894319 79.3505 1.99
      vertex 0.585787 79.5858 1.99
      vertex 0.595654 79.5956 1.99
    endloop
  endfacet
  facet normal 0 0 -1
    outer loop
      vertex 0.585787 79.5858 1.99
      vertex 0.594467 79.597 1.99
      vertex 0.595654 79.5956 1.99
    endloop
  endfacet
  facet normal 0 0 -1
    outer loop
      vertex 0.585787 79.5858 1.99
      vertex 0.594384 79.5971 1.99
      vertex 0.594467 79.597 1.99
    endloop
  endfacet
  facet normal 0 0 -1
    outer loop
      vertex 0.585787 79.5858 1.99
      vertex 0.593057 79.5987 1.99
      vertex 0.594384 79.5971 1.99
    endloop
  endfacet
  facet normal 0 0 -1
    outer loop
      vertex 0.337061 79.8889 1.99
      vertex 0.593057 79.5987 1.99
      vertex 0.585787 79.5858 1.99
    endloop
  endfacet
  facet normal 0 0 -1
    outer loop
      vertex 0.337061 79.8889 1.99
      vertex 0.34604 79.9003 1.99
      vertex 0.346102 79.9002 1.99
    endloop
  endfacet
  facet normal 0 0 -1
    outer loop
      vertex 0.593057 79.5987 1.99
      vertex 0.337061 79.8889 1.99
      vertex 0.346984 79.8986 1.99
    endloop
  endfacet
  facet normal 0 0 -1
    outer loop
      vertex 0.337061 79.8889 1.99
      vertex 0.346102 79.9002 1.99
      vertex 0.346984 79.8986 1.99
    endloop
  endfacet
  facet normal -0 0 -1
    outer loop
      vertex 0.34604 79.9003 1.99
      vertex 0.337061 79.8889 1.99
      vertex 0.345843 79.9007 1.99
    endloop
  endfacet
  facet normal 0 0 -1
    outer loop
      vertex 0.337061 79.8889 1.99
      vertex 0.317457 79.9538 1.99
      vertex 0.345843 79.9007 1.99
    endloop
  endfacet
  facet normal 0 0 -1
    outer loop
      vertex 0.152242 80.2346 1.99
      vertex 0.317457 79.9538 1.99
      vertex 0.337061 79.8889 1.99
    endloop
  endfacet
  facet normal 0 0 1
    outer loop
      vertex 0.161663 80.246 1.99
      vertex 0.161604 80.2462 1.99
      vertex 0.161645 80.246 1.99
    endloop
  endfacet
  facet normal 0 0 -1
    outer loop
      vertex 0.317457 79.9538 1.99
      vertex 0.152242 80.2346 1.99
      vertex 0.162207 80.2442 1.99
    endloop
  endfacet
  facet normal 0 0 -1
    outer loop
      vertex 0.152242 80.2346 1.99
      vertex 0.161663 80.246 1.99
      vertex 0.162207 80.2442 1.99
    endloop
  endfacet
  facet normal 0 0 -1
    outer loop
      vertex 0.152242 80.2346 1.99
      vertex 0.161604 80.2462 1.99
      vertex 0.161663 80.246 1.99
    endloop
  endfacet
  facet normal 0 0 -1
    outer loop
      vertex 0.152242 80.2346 1.99
      vertex 0.153128 80.2741 1.99
      vertex 0.161604 80.2462 1.99
    endloop
  endfacet
  facet normal 0 0 -1
    outer loop
      vertex 0.0384302 80.6098 1.99
      vertex 0.153128 80.2741 1.99
      vertex 0.152242 80.2346 1.99
    endloop
  endfacet
  facet normal 0 0 -1
    outer loop
      vertex 0.0384302 80.6098 1.99
      vertex 0.048193 80.6215 1.99
      vertex 0.0482374 80.6211 1.99
    endloop
  endfacet
  facet normal 0 0 -1
    outer loop
      vertex 0.153128 80.2741 1.99
      vertex 0.0384302 80.6098 1.99
      vertex 0.0484208 80.6193 1.99
    endloop
  endfacet
  facet normal 0 0 -1
    outer loop
      vertex 0.0384302 80.6098 1.99
      vertex 0.0482374 80.6211 1.99
      vertex 0.0484208 80.6193 1.99
    endloop
  endfacet
  facet normal -0 0 -1
    outer loop
      vertex 0.048193 80.6215 1.99
      vertex 0.0384302 80.6098 1.99
      vertex 0.0480678 80.6228 1.99
    endloop
  endfacet
  facet normal 0 0 -1
    outer loop
      vertex 0 81 1.99
      vertex 0.0480678 80.6228 1.99
      vertex 0.0384302 80.6098 1.99
    endloop
  endfacet
  facet normal -0 0 -1
    outer loop
      vertex 0.00999928 81.0093 1.99
      vertex 0 81 1.99
      vertex 0.00999928 135.991 1.99
    endloop
  endfacet
  facet normal 0 0 -1
    outer loop
      vertex 0.0480678 80.6228 1.99
      vertex 0 81 1.99
      vertex 0.00999928 81.0093 1.99
    endloop
  endfacet
  facet normal 0 0 -1
    outer loop
      vertex 88.99 135.991 1.99
      vertex 89 136 1.99
      vertex 88.99 81.0093 1.99
    endloop
  endfacet
  facet normal 0 0 -1
    outer loop
      vertex 88.9519 136.377 1.99
      vertex 89 136 1.99
      vertex 88.99 135.991 1.99
    endloop
  endfacet
  facet normal 0 0 -1
    outer loop
      vertex 89 136 1.99
      vertex 88.9519 136.377 1.99
      vertex 88.9616 136.39 1.99
    endloop
  endfacet
  facet normal 0 0 -1
    outer loop
      vertex 88.9518 136.378 1.99
      vertex 88.9616 136.39 1.99
      vertex 88.9519 136.377 1.99
    endloop
  endfacet
  facet normal 0 0 -1
    outer loop
      vertex 88.9518 136.379 1.99
      vertex 88.9616 136.39 1.99
      vertex 88.9518 136.378 1.99
    endloop
  endfacet
  facet normal 0 0 -1
    outer loop
      vertex 88.9516 136.381 1.99
      vertex 88.9616 136.39 1.99
      vertex 88.9518 136.379 1.99
    endloop
  endfacet
  facet normal 0 0 -1
    outer loop
      vertex 88.8469 136.726 1.99
      vertex 88.9616 136.39 1.99
      vertex 88.9516 136.381 1.99
    endloop
  endfacet
  facet normal 0 0 -1
    outer loop
      vertex 88.9616 136.39 1.99
      vertex 88.8469 136.726 1.99
      vertex 88.8478 136.765 1.99
    endloop
  endfacet
  facet normal 0 0 -1
    outer loop
      vertex 88.8384 136.754 1.99
      vertex 88.8478 136.765 1.99
      vertex 88.8469 136.726 1.99
    endloop
  endfacet
  facet normal 0 0 -1
    outer loop
      vertex 88.8383 136.754 1.99
      vertex 88.8478 136.765 1.99
      vertex 88.8384 136.754 1.99
    endloop
  endfacet
  facet normal 0 0 -1
    outer loop
      vertex 88.8378 136.756 1.99
      vertex 88.8478 136.765 1.99
      vertex 88.8383 136.754 1.99
    endloop
  endfacet
  facet normal 0 0 -1
    outer loop
      vertex 88.6825 137.046 1.99
      vertex 88.8478 136.765 1.99
      vertex 88.8378 136.756 1.99
    endloop
  endfacet
  facet normal 0 0 -1
    outer loop
      vertex 88.6825 137.046 1.99
      vertex 88.6629 137.111 1.99
      vertex 88.8478 136.765 1.99
    endloop
  endfacet
  facet normal 0 0 -1
    outer loop
      vertex 88.6542 137.099 1.99
      vertex 88.6629 137.111 1.99
      vertex 88.6825 137.046 1.99
    endloop
  endfacet
  facet normal 0 0 -1
    outer loop
      vertex 88.654 137.1 1.99
      vertex 88.6629 137.111 1.99
      vertex 88.6542 137.099 1.99
    endloop
  endfacet
  facet normal 0 0 -1
    outer loop
      vertex 88.6539 137.1 1.99
      vertex 88.6629 137.111 1.99
      vertex 88.654 137.1 1.99
    endloop
  endfacet
  facet normal 0 0 -1
    outer loop
      vertex 88.653 137.101 1.99
      vertex 88.6629 137.111 1.99
      vertex 88.6539 137.1 1.99
    endloop
  endfacet
  facet normal 0 0 -1
    outer loop
      vertex 88.4069 137.401 1.99
      vertex 88.6629 137.111 1.99
      vertex 88.653 137.101 1.99
    endloop
  endfacet
  facet normal 0 0 -1
    outer loop
      vertex 88.6629 137.111 1.99
      vertex 88.4069 137.401 1.99
      vertex 88.4142 137.414 1.99
    endloop
  endfacet
  facet normal 0 0 -1
    outer loop
      vertex 88.4056 137.403 1.99
      vertex 88.4142 137.414 1.99
      vertex 88.4069 137.401 1.99
    endloop
  endfacet
  facet normal 0 0 -1
    outer loop
      vertex 88.4055 137.403 1.99
      vertex 88.4142 137.414 1.99
      vertex 88.4056 137.403 1.99
    endloop
  endfacet
  facet normal 0 0 -1
    outer loop
      vertex 88.4043 137.404 1.99
      vertex 88.4142 137.414 1.99
      vertex 88.4055 137.403 1.99
    endloop
  endfacet
  facet normal 0 0 -1
    outer loop
      vertex 88.1057 137.65 1.99
      vertex 88.4142 137.414 1.99
      vertex 88.4043 137.404 1.99
    endloop
  endfacet
  facet normal 0 0 -1
    outer loop
      vertex 88.4142 137.414 1.99
      vertex 88.1057 137.65 1.99
      vertex 88.1111 137.663 1.99
    endloop
  endfacet
  facet normal 0 0 -1
    outer loop
      vertex 88.1033 137.651 1.99
      vertex 88.1111 137.663 1.99
      vertex 88.1057 137.65 1.99
    endloop
  endfacet
  facet normal 0 0 -1
    outer loop
      vertex 88.1029 137.652 1.99
      vertex 88.1111 137.663 1.99
      vertex 88.1033 137.651 1.99
    endloop
  endfacet
  facet normal 0 0 -1
    outer loop
      vertex 88.1029 137.652 1.99
      vertex 88.1028 137.652 1.99
      vertex 88.1111 137.663 1.99
    endloop
  endfacet
  facet normal 0 0 -1
    outer loop
      vertex 88.1013 137.653 1.99
      vertex 88.1111 137.663 1.99
      vertex 88.1028 137.652 1.99
    endloop
  endfacet
  facet normal 0 0 -1
    outer loop
      vertex 88.1013 137.653 1.99
      vertex 87.7654 137.848 1.99
      vertex 88.1111 137.663 1.99
    endloop
  endfacet
  facet normal 0 0 -1
    outer loop
      vertex 87.7583 137.836 1.99
      vertex 87.7654 137.848 1.99
      vertex 88.1013 137.653 1.99
    endloop
  endfacet
  facet normal 0 0 -1
    outer loop
      vertex 87.7574 137.837 1.99
      vertex 87.7654 137.848 1.99
      vertex 87.7583 137.836 1.99
    endloop
  endfacet
  facet normal 0 0 -1
    outer loop
      vertex 87.7573 137.837 1.99
      vertex 87.7654 137.848 1.99
      vertex 87.7574 137.837 1.99
    endloop
  endfacet
  facet normal 0 0 -1
    outer loop
      vertex 87.7556 137.838 1.99
      vertex 87.7654 137.848 1.99
      vertex 87.7573 137.837 1.99
    endloop
  endfacet
  facet normal 0 0 -1
    outer loop
      vertex 87.4405 137.933 1.99
      vertex 87.7654 137.848 1.99
      vertex 87.7556 137.838 1.99
    endloop
  endfacet
  facet normal 0 0 -1
    outer loop
      vertex 87.4405 137.933 1.99
      vertex 87.3902 137.962 1.99
      vertex 87.7654 137.848 1.99
    endloop
  endfacet
  facet normal 0 0 -1
    outer loop
      vertex 87.3829 137.951 1.99
      vertex 87.3902 137.962 1.99
      vertex 87.4405 137.933 1.99
    endloop
  endfacet
  facet normal 0 0 -1
    outer loop
      vertex 87.3825 137.951 1.99
      vertex 87.3902 137.962 1.99
      vertex 87.3829 137.951 1.99
    endloop
  endfacet
  facet normal 0 0 -1
    outer loop
      vertex 87.3823 137.951 1.99
      vertex 87.3902 137.962 1.99
      vertex 87.3825 137.951 1.99
    endloop
  endfacet
  facet normal 0 0 -1
    outer loop
      vertex 87.3805 137.952 1.99
      vertex 87.3902 137.962 1.99
      vertex 87.3823 137.951 1.99
    endloop
  endfacet
  facet normal 0 0 -1
    outer loop
      vertex 87.0528 137.984 1.99
      vertex 87.3902 137.962 1.99
      vertex 87.3805 137.952 1.99
    endloop
  endfacet
  facet normal 0 0 -1
    outer loop
      vertex 87 138 1.99
      vertex 87.0528 137.984 1.99
      vertex 87.0008 137.989 1.99
    endloop
  endfacet
  facet normal 0 0 -1
    outer loop
      vertex 87.0528 137.984 1.99
      vertex 87 138 1.99
      vertex 87.3902 137.962 1.99
    endloop
  endfacet
  facet normal 0 0 -1
    outer loop
      vertex 86.9948 137.99 1.99
      vertex 87 138 1.99
      vertex 87.0008 137.989 1.99
    endloop
  endfacet
  facet normal 0 0 -1
    outer loop
      vertex 86.9924 137.99 1.99
      vertex 87 138 1.99
      vertex 86.9948 137.99 1.99
    endloop
  endfacet
  facet normal 0 0 -1
    outer loop
      vertex 86.9923 137.99 1.99
      vertex 87 138 1.99
      vertex 86.9924 137.99 1.99
    endloop
  endfacet
  facet normal 0 0 -1
    outer loop
      vertex 86.9904 137.99 1.99
      vertex 87 138 1.99
      vertex 86.9923 137.99 1.99
    endloop
  endfacet
  facet normal 0 0 -1
    outer loop
      vertex 2.00955 137.99 1.99
      vertex 87 138 1.99
      vertex 86.9904 137.99 1.99
    endloop
  endfacet
  facet normal 0 0 -1
    outer loop
      vertex 2 138 1.99
      vertex 2.00756 137.99 1.99
      vertex 2.00518 137.99 1.99
    endloop
  endfacet
  facet normal 0 0 -1
    outer loop
      vertex 2.00756 137.99 1.99
      vertex 2 138 1.99
      vertex 2.00769 137.99 1.99
    endloop
  endfacet
  facet normal 0 0 -1
    outer loop
      vertex 2.00955 137.99 1.99
      vertex 2 138 1.99
      vertex 87 138 1.99
    endloop
  endfacet
  facet normal 0 0 -1
    outer loop
      vertex 2.00769 137.99 1.99
      vertex 2 138 1.99
      vertex 2.00955 137.99 1.99
    endloop
  endfacet
  facet normal 0 0 -1
    outer loop
      vertex 1.99923 137.989 1.99
      vertex 2 138 1.99
      vertex 2.00518 137.99 1.99
    endloop
  endfacet
  facet normal 0 0 -1
    outer loop
      vertex 1.94721 137.984 1.99
      vertex 2 138 1.99
      vertex 1.99923 137.989 1.99
    endloop
  endfacet
  facet normal 0 0 -1
    outer loop
      vertex 1.60982 137.962 1.99
      vertex 1.94721 137.984 1.99
      vertex 1.61946 137.952 1.99
    endloop
  endfacet
  facet normal 0 0 -1
    outer loop
      vertex 1.60982 137.962 1.99
      vertex 1.61767 137.951 1.99
      vertex 1.61754 137.951 1.99
    endloop
  endfacet
  facet normal -0 0 -1
    outer loop
      vertex 1.94721 137.984 1.99
      vertex 1.60982 137.962 1.99
      vertex 2 138 1.99
    endloop
  endfacet
  facet normal 0 0 -1
    outer loop
      vertex 1.61767 137.951 1.99
      vertex 1.60982 137.962 1.99
      vertex 1.61946 137.952 1.99
    endloop
  endfacet
  facet normal 0 0 -1
    outer loop
      vertex 1.61714 137.951 1.99
      vertex 1.60982 137.962 1.99
      vertex 1.61754 137.951 1.99
    endloop
  endfacet
  facet normal 0 0 -1
    outer loop
      vertex 1.55952 137.933 1.99
      vertex 1.60982 137.962 1.99
      vertex 1.61714 137.951 1.99
    endloop
  endfacet
  facet normal 0 0 -1
    outer loop
      vertex 1.23463 137.848 1.99
      vertex 1.55952 137.933 1.99
      vertex 1.24436 137.838 1.99
    endloop
  endfacet
  facet normal -0 0 -1
    outer loop
      vertex 1.55952 137.933 1.99
      vertex 1.23463 137.848 1.99
      vertex 1.60982 137.962 1.99
    endloop
  endfacet
  facet normal 0 0 -1
    outer loop
      vertex 1.2427 137.837 1.99
      vertex 1.23463 137.848 1.99
      vertex 1.24436 137.838 1.99
    endloop
  endfacet
  facet normal 0 0 -1
    outer loop
      vertex 1.24259 137.837 1.99
      vertex 1.23463 137.848 1.99
      vertex 1.2427 137.837 1.99
    endloop
  endfacet
  facet normal 0 0 -1
    outer loop
      vertex 1.24167 137.836 1.99
      vertex 1.23463 137.848 1.99
      vertex 1.24259 137.837 1.99
    endloop
  endfacet
  facet normal 0 0 -1
    outer loop
      vertex 0.898659 137.653 1.99
      vertex 1.23463 137.848 1.99
      vertex 1.24167 137.836 1.99
    endloop
  endfacet
  facet normal 0 0 0
    outer loop
      vertex 0.897111 137.652 1.99
      vertex 0.897212 137.652 1.99
      vertex 0.897163 137.652 1.99
    endloop
  endfacet
  facet normal 0 0 1
    outer loop
      vertex 0.896707 137.651 1.99
      vertex 0.897212 137.652 1.99
      vertex 0.897111 137.652 1.99
    endloop
  endfacet
  facet normal 0 0 -1
    outer loop
      vertex 0.88886 137.663 1.99
      vertex 0.896707 137.651 1.99
      vertex 0.894319 137.65 1.99
    endloop
  endfacet
  facet normal 0 0 -1
    outer loop
      vertex 0.898659 137.653 1.99
      vertex 0.88886 137.663 1.99
      vertex 1.23463 137.848 1.99
    endloop
  endfacet
  facet normal 0 0 -1
    outer loop
      vertex 0.897212 137.652 1.99
      vertex 0.88886 137.663 1.99
      vertex 0.898659 137.653 1.99
    endloop
  endfacet
  facet normal 0 0 -1
    outer loop
      vertex 0.896707 137.651 1.99
      vertex 0.88886 137.663 1.99
      vertex 0.897212 137.652 1.99
    endloop
  endfacet
  facet normal 0 0 -1
    outer loop
      vertex 0.585787 137.414 1.99
      vertex 0.894319 137.65 1.99
      vertex 0.595654 137.404 1.99
    endloop
  endfacet
  facet normal 0 0 -1
    outer loop
      vertex 0.585787 137.414 1.99
      vertex 0.594384 137.403 1.99
      vertex 0.593057 137.401 1.99
    endloop
  endfacet
  facet normal -0 0 -1
    outer loop
      vertex 0.894319 137.65 1.99
      vertex 0.585787 137.414 1.99
      vertex 0.88886 137.663 1.99
    endloop
  endfacet
  facet normal 0 0 -1
    outer loop
      vertex 0.594467 137.403 1.99
      vertex 0.585787 137.414 1.99
      vertex 0.595654 137.404 1.99
    endloop
  endfacet
  facet normal 0 0 -1
    outer loop
      vertex 0.594384 137.403 1.99
      vertex 0.585787 137.414 1.99
      vertex 0.594467 137.403 1.99
    endloop
  endfacet
  facet normal 0 0 -1
    outer loop
      vertex 0.337061 137.111 1.99
      vertex 0.593057 137.401 1.99
      vertex 0.346984 137.101 1.99
    endloop
  endfacet
  facet normal 0 0 1
    outer loop
      vertex 0.345843 137.099 1.99
      vertex 0.346102 137.1 1.99
      vertex 0.34604 137.1 1.99
    endloop
  endfacet
  facet normal -0 0 -1
    outer loop
      vertex 0.593057 137.401 1.99
      vertex 0.337061 137.111 1.99
      vertex 0.585787 137.414 1.99
    endloop
  endfacet
  facet normal 0 0 -1
    outer loop
      vertex 0.346102 137.1 1.99
      vertex 0.337061 137.111 1.99
      vertex 0.346984 137.101 1.99
    endloop
  endfacet
  facet normal 0 0 -1
    outer loop
      vertex 0.345843 137.099 1.99
      vertex 0.337061 137.111 1.99
      vertex 0.346102 137.1 1.99
    endloop
  endfacet
  facet normal 0 0 -1
    outer loop
      vertex 0.317457 137.046 1.99
      vertex 0.337061 137.111 1.99
      vertex 0.345843 137.099 1.99
    endloop
  endfacet
  facet normal 0 0 -1
    outer loop
      vertex 0.152242 136.765 1.99
      vertex 0.317457 137.046 1.99
      vertex 0.162207 136.756 1.99
    endloop
  endfacet
  facet normal 0 0 -1
    outer loop
      vertex 0.152242 136.765 1.99
      vertex 0.161604 136.754 1.99
      vertex 0.153128 136.726 1.99
    endloop
  endfacet
  facet normal 0 0 -1
    outer loop
      vertex 0.161604 136.754 1.99
      vertex 0.152242 136.765 1.99
      vertex 0.161645 136.754 1.99
    endloop
  endfacet
  facet normal -0 0 -1
    outer loop
      vertex 0.317457 137.046 1.99
      vertex 0.152242 136.765 1.99
      vertex 0.337061 137.111 1.99
    endloop
  endfacet
  facet normal 0 0 -1
    outer loop
      vertex 0.161663 136.754 1.99
      vertex 0.152242 136.765 1.99
      vertex 0.162207 136.756 1.99
    endloop
  endfacet
  facet normal 0 0 -1
    outer loop
      vertex 0.161645 136.754 1.99
      vertex 0.152242 136.765 1.99
      vertex 0.161663 136.754 1.99
    endloop
  endfacet
  facet normal 0 0 -1
    outer loop
      vertex 0.0384302 136.39 1.99
      vertex 0.153128 136.726 1.99
      vertex 0.0484208 136.381 1.99
    endloop
  endfacet
  facet normal -0 0 -1
    outer loop
      vertex 0.153128 136.726 1.99
      vertex 0.0384302 136.39 1.99
      vertex 0.152242 136.765 1.99
    endloop
  endfacet
  facet normal 0 0 -1
    outer loop
      vertex 0.0482374 136.379 1.99
      vertex 0.0384302 136.39 1.99
      vertex 0.0484208 136.381 1.99
    endloop
  endfacet
  facet normal 0 0 -1
    outer loop
      vertex 0.048193 136.378 1.99
      vertex 0.0384302 136.39 1.99
      vertex 0.0482374 136.379 1.99
    endloop
  endfacet
  facet normal 0 0 -1
    outer loop
      vertex 0.0480678 136.377 1.99
      vertex 0.0384302 136.39 1.99
      vertex 0.048193 136.378 1.99
    endloop
  endfacet
  facet normal 0 0 -1
    outer loop
      vertex 0 136 1.99
      vertex 0.0480678 136.377 1.99
      vertex 0.00999928 135.991 1.99
    endloop
  endfacet
  facet normal -0 0 -1
    outer loop
      vertex 0.0480678 136.377 1.99
      vertex 0 136 1.99
      vertex 0.0384302 136.39 1.99
    endloop
  endfacet
  facet normal 0 0 -1
    outer loop
      vertex 0 136 1.99
      vertex 0.00999928 135.991 1.99
      vertex 0 81 1.99
    endloop
  endfacet
  facet normal 0.369913 -0.45408 -0.81054
    outer loop
      vertex 86.5022 81.4848 0.0625
      vertex 88.1028 79.3481 1.99
      vertex 86.4405 81.5461 0
    endloop
  endfacet
  facet normal -0.603247 0.183085 -0.776256
    outer loop
      vertex 0.0484208 136.381 1.99
      vertex 0.153128 136.726 1.99
      vertex 0.163321 136.272 1.875
    endloop
  endfacet
  facet normal -0.600546 0.186513 -0.777533
    outer loop
      vertex 2.02083 134.969 0.125
      vertex 2.1454 134.849 0
      vertex 2.0367 134.499 0
    endloop
  endfacet
  facet normal 0.178983 0.604409 -0.776308
    outer loop
      vertex 85.583 136.089 0.125
      vertex 86.5468 137.088 1.125
      vertex 85.8209 135.858 0
    endloop
  endfacet
  facet normal -0.674217 0.0659388 -0.735584
    outer loop
      vertex 1.625 134.485 0.375
      vertex 0.0482374 136.379 1.99
      vertex 2 134.136 0
    endloop
  endfacet
  facet normal -0.696807 0.0309382 -0.716592
    outer loop
      vertex 0.0482374 136.379 1.99
      vertex 1.625 134.485 0.375
      vertex 0.048193 136.378 1.99
    endloop
  endfacet
  facet normal 0 0.707107 -0.707107
    outer loop
      vertex 3.91011 136 0
      vertex 86.9904 137.99 1.99
      vertex 85.0899 136 0
    endloop
  endfacet
  facet normal 0 0.707107 -0.707107
    outer loop
      vertex 86.9904 137.99 1.99
      vertex 3.91011 136 0
      vertex 2.00955 137.99 1.99
    endloop
  endfacet
  facet normal -0.595631 0.192859 -0.779762
    outer loop
      vertex 0.161663 136.754 1.99
      vertex 0.214527 136.705 1.9375
      vertex 2.0367 134.499 0
    endloop
  endfacet
  facet normal -0.612725 0.166661 -0.772523
    outer loop
      vertex 0.214527 136.705 1.9375
      vertex 0.161663 136.754 1.99
      vertex 0.162207 136.756 1.99
    endloop
  endfacet
  facet normal -0.604662 0.181592 -0.775505
    outer loop
      vertex 1.97426 134.558 0.0625
      vertex 0.161663 136.754 1.99
      vertex 2.0367 134.499 0
    endloop
  endfacet
  facet normal 0 0.659667 -0.751558
    outer loop
      vertex 0.161663 136.754 1.99
      vertex 1.97426 134.558 0.0625
      vertex 0.161645 136.754 1.99
    endloop
  endfacet
  facet normal 0.372423 0.452055 -0.810523
    outer loop
      vertex 87.7358 136.74 1.3125
      vertex 88.1057 137.65 1.99
      vertex 88.4043 137.404 1.99
    endloop
  endfacet
  facet normal -0.673709 0.0667181 -0.735979
    outer loop
      vertex 1.0625 135.01 0.9375
      vertex 0.048193 136.378 1.99
      vertex 1.625 134.485 0.375
    endloop
  endfacet
  facet normal -0.661607 0.0828332 -0.745262
    outer loop
      vertex 0.048193 136.378 1.99
      vertex 1.0625 135.01 0.9375
      vertex 0.0480678 136.377 1.99
    endloop
  endfacet
  facet normal 0 0.676907 -0.736068
    outer loop
      vertex 86.2736 135.809 0.125
      vertex 87.7573 137.837 1.99
      vertex 87.7574 137.837 1.99
    endloop
  endfacet
  facet normal 0.292802 0.522318 -0.800906
    outer loop
      vertex 87.7573 137.837 1.99
      vertex 86.2736 135.809 0.125
      vertex 86.1511 135.686 0
    endloop
  endfacet
  facet normal 0.603537 -0.183054 -0.776038
    outer loop
      vertex 88.8367 80.728 1.875
      vertex 88.9516 80.6193 1.99
      vertex 88.8469 80.2741 1.99
    endloop
  endfacet
  facet normal 0 -0.700353 -0.713797
    outer loop
      vertex 86.9923 79.0102 1.99
      vertex 85.583 80.911 0.125
      vertex 86.9924 79.0102 1.99
    endloop
  endfacet
  facet normal 0.0671706 -0.672953 -0.736629
    outer loop
      vertex 85.583 80.911 0.125
      vertex 86.9923 79.0102 1.99
      vertex 85.4625 81.0358 0
    endloop
  endfacet
  facet normal -0.672961 0.0680376 -0.736542
    outer loop
      vertex 1.97426 134.558 0.0625
      vertex 2.0367 134.499 0
      vertex 2 134.136 0
    endloop
  endfacet
  facet normal -0.603575 0.183 -0.776021
    outer loop
      vertex 0.163321 136.272 1.875
      vertex 0.161604 136.754 1.99
      vertex 1.84936 134.677 0.1875
    endloop
  endfacet
  facet normal -0.604175 0.182893 -0.775579
    outer loop
      vertex 0.161604 136.754 1.99
      vertex 0.163321 136.272 1.875
      vertex 0.153128 136.726 1.99
    endloop
  endfacet
  facet normal -0.600938 0.186425 -0.777251
    outer loop
      vertex 1.7094 135.268 0.4375
      vertex 2.02083 134.969 0.125
      vertex 2.0367 134.499 0
    endloop
  endfacet
  facet normal -0.600673 0.186626 -0.777408
    outer loop
      vertex 0.214527 136.705 1.9375
      vertex 1.7094 135.268 0.4375
      vertex 2.0367 134.499 0
    endloop
  endfacet
  facet normal -0.67389 0.0664611 -0.735837
    outer loop
      vertex 0.00999928 135.991 1.99
      vertex 0.0480678 136.377 1.99
      vertex 1.0625 135.01 0.9375
    endloop
  endfacet
  facet normal 0.282726 -0.529051 -0.800107
    outer loop
      vertex 86.8861 80.5728 0.75
      vertex 88.1013 79.3469 1.99
      vertex 87.7583 79.1636 1.99
    endloop
  endfacet
  facet normal -0.446176 -0.378294 -0.811061
    outer loop
      vertex 0.594467 79.597 1.99
      vertex 1.26424 80.2596 1.3125
      vertex 0.595654 79.5956 1.99
    endloop
  endfacet
  facet normal -0.447888 -0.376467 -0.810968
    outer loop
      vertex 1.26424 80.2596 1.3125
      vertex 0.594467 79.597 1.99
      vertex 2.32191 81.8286 0
    endloop
  endfacet
  facet normal 0.45308 -0.3718 -0.810237
    outer loop
      vertex 87.7325 80.7981 1.0625
      vertex 88.653 79.8986 1.99
      vertex 88.4069 79.5987 1.99
    endloop
  endfacet
  facet normal -0.179016 -0.604587 -0.776162
    outer loop
      vertex 3.17914 81.1419 0
      vertex 3.53747 81.0358 0
      vertex 3.41699 80.911 0.125
    endloop
  endfacet
  facet normal -0.531225 0.281769 -0.799003
    outer loop
      vertex 1.7094 135.268 0.4375
      vertex 0.34604 137.1 1.99
      vertex 2.02083 134.969 0.125
    endloop
  endfacet
  facet normal -0.663384 0.130687 -0.736779
    outer loop
      vertex 0.34604 137.1 1.99
      vertex 1.7094 135.268 0.4375
      vertex 0.345843 137.099 1.99
    endloop
  endfacet
  facet normal -0.672966 0.0678884 -0.736551
    outer loop
      vertex 0.163321 136.272 1.875
      vertex 1.84936 134.677 0.1875
      vertex 2 134.136 0
    endloop
  endfacet
  facet normal -0.67276 0.0682051 -0.73671
    outer loop
      vertex 0.0482374 136.379 1.99
      vertex 0.163321 136.272 1.875
      vertex 2 134.136 0
    endloop
  endfacet
  facet normal -0.67606 0.0619947 -0.734234
    outer loop
      vertex 0.163321 136.272 1.875
      vertex 0.0482374 136.379 1.99
      vertex 0.0484208 136.381 1.99
    endloop
  endfacet
  facet normal -0.67258 0.0681114 -0.736884
    outer loop
      vertex 1.84936 134.677 0.1875
      vertex 1.97426 134.558 0.0625
      vertex 2 134.136 0
    endloop
  endfacet
  facet normal -0.599374 0.188175 -0.778037
    outer loop
      vertex 1.84936 134.677 0.1875
      vertex 0.161645 136.754 1.99
      vertex 1.97426 134.558 0.0625
    endloop
  endfacet
  facet normal 0 0.655436 -0.755251
    outer loop
      vertex 0.161645 136.754 1.99
      vertex 1.84936 134.677 0.1875
      vertex 0.161604 136.754 1.99
    endloop
  endfacet
  facet normal -0.453244 0.37177 -0.810158
    outer loop
      vertex 0.346984 137.101 1.99
      vertex 0.593057 137.401 1.99
      vertex 1.26746 136.202 1.0625
    endloop
  endfacet
  facet normal 0.707107 0 -0.707107
    outer loop
      vertex 87.9375 81.9905 0.9375
      vertex 87.9375 135.01 0.9375
      vertex 88.99 135.991 1.99
    endloop
  endfacet
  facet normal 0.707107 0 -0.707107
    outer loop
      vertex 87.9375 135.01 0.9375
      vertex 87.9375 81.9905 0.9375
      vertex 87.375 134.485 0.375
    endloop
  endfacet
  facet normal 0.707107 0 -0.707107
    outer loop
      vertex 87.375 82.5148 0.375
      vertex 87.375 134.485 0.375
      vertex 87.9375 81.9905 0.9375
    endloop
  endfacet
  facet normal 0.707107 0 -0.707107
    outer loop
      vertex 87 134.136 0
      vertex 87.375 82.5148 0.375
      vertex 87 82.8644 0
    endloop
  endfacet
  facet normal 0.707107 0 -0.707107
    outer loop
      vertex 87.375 134.485 0.375
      vertex 87.375 82.5148 0.375
      vertex 87 134.136 0
    endloop
  endfacet
  facet normal 0.707107 0 -0.707107
    outer loop
      vertex 87.9375 81.9905 0.9375
      vertex 88.99 135.991 1.99
      vertex 88.99 81.0093 1.99
    endloop
  endfacet
  facet normal 0.327619 0.491429 -0.806947
    outer loop
      vertex 88.1028 137.652 1.99
      vertex 86.8861 136.427 0.75
      vertex 88.1013 137.653 1.99
    endloop
  endfacet
  facet normal 0.365637 0.457387 -0.810621
    outer loop
      vertex 86.8861 136.427 0.75
      vertex 88.1028 137.652 1.99
      vertex 86.4405 135.454 0
    endloop
  endfacet
  facet normal -0.603588 -0.182963 -0.776019
    outer loop
      vertex 0.161663 80.246 1.99
      vertex 1.97426 82.4416 0.0625
      vertex 2.0367 82.5007 0
    endloop
  endfacet
  facet normal 0 -0.659735 -0.751499
    outer loop
      vertex 1.97426 82.4416 0.0625
      vertex 0.161663 80.246 1.99
      vertex 0.161645 80.246 1.99
    endloop
  endfacet
  facet normal -0.0663745 -0.673506 -0.736196
    outer loop
      vertex 1.61946 79.0484 1.99
      vertex 1.67006 79.1008 1.9375
      vertex 1.94721 79.0161 1.99
    endloop
  endfacet
  facet normal 0.673188 -0.0679296 -0.736345
    outer loop
      vertex 86.9633 82.5007 0
      vertex 87 82.8644 0
      vertex 87.0257 82.4416 0.0625
    endloop
  endfacet
  facet normal -0.0647542 -0.674023 -0.735867
    outer loop
      vertex 2.00955 79.01 1.99
      vertex 3.53747 81.0358 0
      vertex 3.91011 81 0
    endloop
  endfacet
  facet normal -0.0721223 -0.670738 -0.73818
    outer loop
      vertex 3.53747 81.0358 0
      vertex 2.00955 79.01 1.99
      vertex 2.00769 79.0102 1.99
    endloop
  endfacet
  facet normal -0.525562 0.287702 -0.800633
    outer loop
      vertex 0.346102 137.1 1.99
      vertex 1.26746 136.202 1.0625
      vertex 2.1454 134.849 0
    endloop
  endfacet
  facet normal -0.438929 0.387135 -0.810844
    outer loop
      vertex 1.26746 136.202 1.0625
      vertex 0.346102 137.1 1.99
      vertex 0.346984 137.101 1.99
    endloop
  endfacet
  facet normal -0.183859 -0.601806 -0.777191
    outer loop
      vertex 1.61767 79.049 1.99
      vertex 3.05761 81.0176 0.125
      vertex 3.17914 81.1419 0
    endloop
  endfacet
  facet normal 0 -0.687747 -0.725951
    outer loop
      vertex 3.05761 81.0176 0.125
      vertex 1.61767 79.049 1.99
      vertex 1.61754 79.049 1.99
    endloop
  endfacet
  facet normal -0.453015 -0.371851 -0.81025
    outer loop
      vertex 0.594384 79.5971 1.99
      vertex 1.26746 80.7981 1.0625
      vertex 2.19786 81.7074 0.125
    endloop
  endfacet
  facet normal -0.450536 -0.373663 -0.810798
    outer loop
      vertex 1.26746 80.7981 1.0625
      vertex 0.594384 79.5971 1.99
      vertex 0.593057 79.5987 1.99
    endloop
  endfacet
  facet normal 0.528054 0.282782 -0.800745
    outer loop
      vertex 88.6825 137.046 1.99
      vertex 88.8378 136.756 1.99
      vertex 88.7855 136.705 1.9375
    endloop
  endfacet
  facet normal 0.0654273 0.670017 -0.739457
    outer loop
      vertex 87.0528 137.984 1.99
      vertex 87.3805 137.952 1.99
      vertex 87.3299 137.899 1.9375
    endloop
  endfacet
  facet normal 0.44784 0.376353 -0.811047
    outer loop
      vertex 86.5022 135.515 0.0625
      vertex 86.934 135.944 0.5
      vertex 86.6781 135.171 0
    endloop
  endfacet
  facet normal -0.44871 0.376647 -0.81043
    outer loop
      vertex 2.32191 135.171 0
      vertex 2.49778 135.515 0.0625
      vertex 2.55946 135.454 0
    endloop
  endfacet
  facet normal 0 -0.707107 -0.707107
    outer loop
      vertex 3.91011 81 0
      vertex 86.9904 79.01 1.99
      vertex 2.00955 79.01 1.99
    endloop
  endfacet
  facet normal 0 -0.707107 -0.707107
    outer loop
      vertex 86.9904 79.01 1.99
      vertex 3.91011 81 0
      vertex 85.0899 81 0
    endloop
  endfacet
  facet normal 0.178983 -0.604593 -0.776165
    outer loop
      vertex 85.4625 81.0358 0
      vertex 85.8209 81.1419 0
      vertex 85.583 80.911 0.125
    endloop
  endfacet
  facet normal -0.673916 -0.0663992 -0.735818
    outer loop
      vertex 0.0482374 80.6211 1.99
      vertex 1.625 82.5148 0.375
      vertex 2 82.8644 0
    endloop
  endfacet
  facet normal -0.668658 -0.0742211 -0.739856
    outer loop
      vertex 1.625 82.5148 0.375
      vertex 0.0482374 80.6211 1.99
      vertex 0.048193 80.6215 1.99
    endloop
  endfacet
  facet normal 0.715518 0 -0.698594
    outer loop
      vertex 88.9518 80.6211 1.99
      vertex 87.375 82.5148 0.375
      vertex 88.9518 80.6215 1.99
    endloop
  endfacet
  facet normal 0.673949 -0.0663375 -0.735793
    outer loop
      vertex 87.375 82.5148 0.375
      vertex 88.9518 80.6211 1.99
      vertex 87 82.8644 0
    endloop
  endfacet
  facet normal -0.0650979 0.673836 -0.736008
    outer loop
      vertex 3.53747 135.964 0
      vertex 2.00955 137.99 1.99
      vertex 3.91011 136 0
    endloop
  endfacet
  facet normal 0 0.70074 -0.713417
    outer loop
      vertex 2.00955 137.99 1.99
      vertex 3.53747 135.964 0
      vertex 2.00769 137.99 1.99
    endloop
  endfacet
  facet normal -0.673951 -0.0663448 -0.735791
    outer loop
      vertex 0.048193 80.6215 1.99
      vertex 1.0625 81.9905 0.9375
      vertex 1.625 82.5148 0.375
    endloop
  endfacet
  facet normal -0.674944 -0.0650023 -0.735001
    outer loop
      vertex 1.0625 81.9905 0.9375
      vertex 0.048193 80.6215 1.99
      vertex 0.0480678 80.6228 1.99
    endloop
  endfacet
  facet normal -0.179002 0.604394 -0.776316
    outer loop
      vertex 2.45317 137.088 1.125
      vertex 3.41699 136.089 0.125
      vertex 3.17914 135.858 0
    endloop
  endfacet
  facet normal 0.611918 -0.169977 -0.772441
    outer loop
      vertex 88.7855 80.2945 1.9375
      vertex 88.8383 80.246 1.99
      vertex 88.8378 80.2442 1.99
    endloop
  endfacet
  facet normal 0.603432 -0.183168 -0.776093
    outer loop
      vertex 88.8383 80.246 1.99
      vertex 88.7855 80.2945 1.9375
      vertex 86.9633 82.5007 0
    endloop
  endfacet
  facet normal -0.282339 -0.529309 -0.800073
    outer loop
      vertex 1.2427 79.163 1.99
      vertex 2.72641 81.1906 0.125
      vertex 2.84891 81.3142 0
    endloop
  endfacet
  facet normal -0.402392 -0.442632 -0.801347
    outer loop
      vertex 2.72641 81.1906 0.125
      vertex 1.2427 79.163 1.99
      vertex 1.24259 79.1631 1.99
    endloop
  endfacet
  facet normal 0.277786 0.533284 -0.799026
    outer loop
      vertex 85.8209 135.858 0
      vertex 85.9424 135.982 0.125
      vertex 86.1511 135.686 0
    endloop
  endfacet
  facet normal 0.525635 -0.287852 -0.800531
    outer loop
      vertex 86.6781 81.8286 0
      vertex 86.8546 82.1509 0
      vertex 86.8021 81.7074 0.125
    endloop
  endfacet
  facet normal -0.524451 -0.289104 -0.800856
    outer loop
      vertex 0.346102 79.9002 1.99
      vertex 1.26746 80.7981 1.0625
      vertex 0.346984 79.8986 1.99
    endloop
  endfacet
  facet normal -0.525533 -0.287761 -0.80063
    outer loop
      vertex 1.26746 80.7981 1.0625
      vertex 0.346102 79.9002 1.99
      vertex 2.1454 82.1509 0
    endloop
  endfacet
  facet normal 0 0.70074 -0.713417
    outer loop
      vertex 85.4625 135.964 0
      vertex 86.9904 137.99 1.99
      vertex 86.9923 137.99 1.99
    endloop
  endfacet
  facet normal 0.0651047 0.673833 -0.73601
    outer loop
      vertex 86.9904 137.99 1.99
      vertex 85.4625 135.964 0
      vertex 85.0899 136 0
    endloop
  endfacet
  facet normal 0.366229 -0.456957 -0.810597
    outer loop
      vertex 86.2736 81.1906 0.125
      vertex 86.4405 81.5461 0
      vertex 86.8861 80.5728 0.75
    endloop
  endfacet
  facet normal -0.447837 -0.376518 -0.810972
    outer loop
      vertex 2.06604 81.056 0.5
      vertex 2.32191 81.8286 0
      vertex 2.49778 81.4848 0.0625
    endloop
  endfacet
  facet normal 0 0.659667 -0.751558
    outer loop
      vertex 87.0257 134.558 0.0625
      vertex 88.8383 136.754 1.99
      vertex 88.8384 136.754 1.99
    endloop
  endfacet
  facet normal 0.605942 0.179986 -0.77488
    outer loop
      vertex 88.8383 136.754 1.99
      vertex 87.0257 134.558 0.0625
      vertex 86.9633 134.499 0
    endloop
  endfacet
  facet normal -0.529938 0.283138 -0.799374
    outer loop
      vertex 0.214527 136.705 1.9375
      vertex 0.345843 137.099 1.99
      vertex 1.7094 135.268 0.4375
    endloop
  endfacet
  facet normal -0.527653 0.282603 -0.801073
    outer loop
      vertex 0.345843 137.099 1.99
      vertex 0.214527 136.705 1.9375
      vertex 0.317457 137.046 1.99
    endloop
  endfacet
  facet normal -0.528081 0.285059 -0.79992
    outer loop
      vertex 2.02083 134.969 0.125
      vertex 0.346102 137.1 1.99
      vertex 2.1454 134.849 0
    endloop
  endfacet
  facet normal 0 0.65858 -0.752511
    outer loop
      vertex 0.346102 137.1 1.99
      vertex 2.02083 134.969 0.125
      vertex 0.34604 137.1 1.99
    endloop
  endfacet
  facet normal 0.374826 0.449791 -0.810675
    outer loop
      vertex 88.4055 137.403 1.99
      vertex 87.7358 136.74 1.3125
      vertex 88.4043 137.404 1.99
    endloop
  endfacet
  facet normal 0.447429 0.376836 -0.811049
    outer loop
      vertex 87.7358 136.74 1.3125
      vertex 88.4055 137.403 1.99
      vertex 86.6781 135.171 0
    endloop
  endfacet
  facet normal -0.371594 -0.452803 -0.810486
    outer loop
      vertex 0.595654 79.5956 1.99
      vertex 1.26424 80.2596 1.3125
      vertex 0.894319 79.3505 1.99
    endloop
  endfacet
  facet normal -0.672617 -0.0685322 -0.736811
    outer loop
      vertex 0.0482374 80.6211 1.99
      vertex 0.163321 80.728 1.875
      vertex 0.0484208 80.6193 1.99
    endloop
  endfacet
  facet normal -0.672968 -0.0678741 -0.736551
    outer loop
      vertex 0.163321 80.728 1.875
      vertex 0.0482374 80.6211 1.99
      vertex 2 82.8644 0
    endloop
  endfacet
  facet normal 0.218375 0.524099 -0.823184
    outer loop
      vertex 87.7358 136.74 1.3125
      vertex 88.1033 137.651 1.99
      vertex 88.1057 137.65 1.99
    endloop
  endfacet
  facet normal 0.371799 0.452726 -0.810435
    outer loop
      vertex 88.1033 137.651 1.99
      vertex 87.7358 136.74 1.3125
      vertex 86.934 135.944 0.5
    endloop
  endfacet
  facet normal 0.0706725 -0.671388 -0.737728
    outer loop
      vertex 86.9904 79.01 1.99
      vertex 85.4625 81.0358 0
      vertex 86.9923 79.0102 1.99
    endloop
  endfacet
  facet normal 0.0647609 -0.67402 -0.735869
    outer loop
      vertex 85.4625 81.0358 0
      vertex 86.9904 79.01 1.99
      vertex 85.0899 81 0
    endloop
  endfacet
  facet normal -0.366186 -0.456989 -0.810598
    outer loop
      vertex 2.11389 80.5728 0.75
      vertex 2.55946 81.5461 0
      vertex 2.72641 81.1906 0.125
    endloop
  endfacet
  facet normal -0.067562 0.672884 -0.736657
    outer loop
      vertex 1.97125 137.587 1.625
      vertex 2.00518 137.99 1.99
      vertex 2.45317 137.088 1.125
    endloop
  endfacet
  facet normal -0.112976 0.672209 -0.731691
    outer loop
      vertex 2.00518 137.99 1.99
      vertex 1.97125 137.587 1.625
      vertex 1.99923 137.989 1.99
    endloop
  endfacet
  facet normal 0.683985 -0.0526142 -0.727596
    outer loop
      vertex 88.9518 80.6215 1.99
      vertex 87.9375 81.9905 0.9375
      vertex 88.9519 80.6228 1.99
    endloop
  endfacet
  facet normal 0.673945 -0.0663564 -0.735795
    outer loop
      vertex 87.9375 81.9905 0.9375
      vertex 88.9518 80.6215 1.99
      vertex 87.375 82.5148 0.375
    endloop
  endfacet
  facet normal 0.672873 -0.0679904 -0.736627
    outer loop
      vertex 87 82.8644 0
      vertex 87.1506 82.3234 0.1875
      vertex 87.0257 82.4416 0.0625
    endloop
  endfacet
  facet normal 0.672898 -0.0679763 -0.736606
    outer loop
      vertex 87 82.8644 0
      vertex 88.8367 80.728 1.875
      vertex 87.1506 82.3234 0.1875
    endloop
  endfacet
  facet normal -0.282385 0.529296 -0.800065
    outer loop
      vertex 0.898659 137.653 1.99
      vertex 1.24167 137.836 1.99
      vertex 2.11389 136.427 0.75
    endloop
  endfacet
  facet normal 0.365694 0.457355 -0.810613
    outer loop
      vertex 86.2736 135.809 0.125
      vertex 86.8861 136.427 0.75
      vertex 86.4405 135.454 0
    endloop
  endfacet
  facet normal 0.529869 -0.283363 -0.79934
    outer loop
      vertex 88.6825 79.9538 1.99
      vertex 88.7855 80.2945 1.9375
      vertex 88.8378 80.2442 1.99
    endloop
  endfacet
  facet normal -0.365652 0.457387 -0.810615
    outer loop
      vertex 2.11389 136.427 0.75
      vertex 2.72641 135.809 0.125
      vertex 2.55946 135.454 0
    endloop
  endfacet
  facet normal 0.507726 0.330022 -0.795802
    outer loop
      vertex 87.7325 136.202 1.0625
      vertex 88.4056 137.403 1.99
      vertex 88.4069 137.401 1.99
    endloop
  endfacet
  facet normal 0.453269 0.371658 -0.810196
    outer loop
      vertex 88.4056 137.403 1.99
      vertex 87.7325 136.202 1.0625
      vertex 86.8021 135.293 0.125
    endloop
  endfacet
  facet normal 0 0.687673 -0.726021
    outer loop
      vertex 85.9424 135.982 0.125
      vertex 87.3823 137.951 1.99
      vertex 87.3825 137.951 1.99
    endloop
  endfacet
  facet normal 0.190699 0.597946 -0.778521
    outer loop
      vertex 87.3823 137.951 1.99
      vertex 85.9424 135.982 0.125
      vertex 85.8209 135.858 0
    endloop
  endfacet
  facet normal -0.366113 -0.45697 -0.810642
    outer loop
      vertex 2.55946 81.5461 0
      vertex 2.84891 81.3142 0
      vertex 2.72641 81.1906 0.125
    endloop
  endfacet
  facet normal -0.0625791 0.674918 -0.735234
    outer loop
      vertex 3.41699 136.089 0.125
      vertex 2.00769 137.99 1.99
      vertex 3.53747 135.964 0
    endloop
  endfacet
  facet normal 0 0.700315 -0.713834
    outer loop
      vertex 2.00769 137.99 1.99
      vertex 3.41699 136.089 0.125
      vertex 2.00756 137.99 1.99
    endloop
  endfacet
  facet normal 0.366892 0.457666 -0.809897
    outer loop
      vertex 86.1511 135.686 0
      vertex 86.2736 135.809 0.125
      vertex 86.4405 135.454 0
    endloop
  endfacet
  facet normal -0.277812 -0.532453 -0.799571
    outer loop
      vertex 2.84891 81.3142 0
      vertex 3.17914 81.1419 0
      vertex 3.05761 81.0176 0.125
    endloop
  endfacet
  facet normal -0.373398 -0.450256 -0.811076
    outer loop
      vertex 0.897212 79.3481 1.99
      vertex 2.11389 80.5728 0.75
      vertex 0.898659 79.3469 1.99
    endloop
  endfacet
  facet normal -0.366096 -0.457039 -0.81061
    outer loop
      vertex 2.11389 80.5728 0.75
      vertex 0.897212 79.3481 1.99
      vertex 2.55946 81.5461 0
    endloop
  endfacet
  facet normal -0.371556 -0.452809 -0.8105
    outer loop
      vertex 0.896707 79.3485 1.99
      vertex 1.26424 80.2596 1.3125
      vertex 2.06604 81.056 0.5
    endloop
  endfacet
  facet normal -0.376882 -0.449997 -0.809607
    outer loop
      vertex 1.26424 80.2596 1.3125
      vertex 0.896707 79.3485 1.99
      vertex 0.894319 79.3505 1.99
    endloop
  endfacet
  facet normal -0.52802 0.282673 -0.800806
    outer loop
      vertex 0.162207 136.756 1.99
      vertex 0.317457 137.046 1.99
      vertex 0.214527 136.705 1.9375
    endloop
  endfacet
  facet normal 0.178708 0.604234 -0.776508
    outer loop
      vertex 85.4625 135.964 0
      vertex 85.583 136.089 0.125
      vertex 85.8209 135.858 0
    endloop
  endfacet
  facet normal -0.378997 0.446989 -0.810285
    outer loop
      vertex 2.49778 135.515 0.0625
      vertex 0.897212 137.652 1.99
      vertex 2.55946 135.454 0
    endloop
  endfacet
  facet normal 0 0.669771 -0.742568
    outer loop
      vertex 0.897212 137.652 1.99
      vertex 2.49778 135.515 0.0625
      vertex 0.897163 137.652 1.99
    endloop
  endfacet
  facet normal -0.190521 0.598042 -0.77849
    outer loop
      vertex 3.05761 135.982 0.125
      vertex 1.61767 137.951 1.99
      vertex 3.17914 135.858 0
    endloop
  endfacet
  facet normal 0 0.687673 -0.726021
    outer loop
      vertex 1.61767 137.951 1.99
      vertex 3.05761 135.982 0.125
      vertex 1.61754 137.951 1.99
    endloop
  endfacet
  facet normal 0.0563636 -0.676364 -0.734408
    outer loop
      vertex 86.9924 79.0102 1.99
      vertex 86.5468 79.9123 1.125
      vertex 86.9948 79.0104 1.99
    endloop
  endfacet
  facet normal 0.0663188 -0.673324 -0.736367
    outer loop
      vertex 86.5468 79.9123 1.125
      vertex 86.9924 79.0102 1.99
      vertex 85.583 80.911 0.125
    endloop
  endfacet
  facet normal -0.0663176 -0.673324 -0.736367
    outer loop
      vertex 2.00756 79.0102 1.99
      vertex 2.45317 79.9123 1.125
      vertex 3.41699 80.911 0.125
    endloop
  endfacet
  facet normal -0.0568255 -0.676224 -0.734501
    outer loop
      vertex 2.45317 79.9123 1.125
      vertex 2.00756 79.0102 1.99
      vertex 2.00518 79.0104 1.99
    endloop
  endfacet
  facet normal 0.182835 -0.602628 -0.776795
    outer loop
      vertex 87.4405 79.0666 1.99
      vertex 87.7046 79.2144 1.9375
      vertex 87.7556 79.1622 1.99
    endloop
  endfacet
  facet normal 0.673184 0.0673184 -0.736405
    outer loop
      vertex 88.9518 136.379 1.99
      vertex 88.8367 136.272 1.875
      vertex 88.9516 136.381 1.99
    endloop
  endfacet
  facet normal 0.672498 0.0686018 -0.736912
    outer loop
      vertex 88.8367 136.272 1.875
      vertex 88.9518 136.379 1.99
      vertex 87 134.136 0
    endloop
  endfacet
  facet normal -0.178939 -0.604538 -0.776218
    outer loop
      vertex 2.45317 79.9123 1.125
      vertex 3.17914 81.1419 0
      vertex 3.41699 80.911 0.125
    endloop
  endfacet
  facet normal -0.672954 -0.0678955 -0.736561
    outer loop
      vertex 0.163321 80.728 1.875
      vertex 2 82.8644 0
      vertex 1.84936 82.3234 0.1875
    endloop
  endfacet
  facet normal -0.603283 -0.18334 -0.776167
    outer loop
      vertex 0.161645 80.246 1.99
      vertex 1.84936 82.3234 0.1875
      vertex 1.97426 82.4416 0.0625
    endloop
  endfacet
  facet normal -0.643226 -0.131861 -0.754236
    outer loop
      vertex 1.84936 82.3234 0.1875
      vertex 0.161645 80.246 1.99
      vertex 0.161604 80.2462 1.99
    endloop
  endfacet
  facet normal -0.707107 0 -0.707107
    outer loop
      vertex 1.0625 81.9905 0.9375
      vertex 1.0625 135.01 0.9375
      vertex 1.625 134.485 0.375
    endloop
  endfacet
  facet normal -0.707107 0 -0.707107
    outer loop
      vertex 1.625 82.5148 0.375
      vertex 1.625 134.485 0.375
      vertex 2 134.136 0
    endloop
  endfacet
  facet normal -0.707107 0 -0.707107
    outer loop
      vertex 1.625 82.5148 0.375
      vertex 2 134.136 0
      vertex 2 82.8644 0
    endloop
  endfacet
  facet normal -0.707107 -0 -0.707107
    outer loop
      vertex 1.625 134.485 0.375
      vertex 1.625 82.5148 0.375
      vertex 1.0625 81.9905 0.9375
    endloop
  endfacet
  facet normal -0.707107 -0 -0.707107
    outer loop
      vertex 1.0625 135.01 0.9375
      vertex 1.0625 81.9905 0.9375
      vertex 0.00999928 135.991 1.99
    endloop
  endfacet
  facet normal -0.707107 -0 -0.707107
    outer loop
      vertex 0.00999928 135.991 1.99
      vertex 1.0625 81.9905 0.9375
      vertex 0.00999928 81.0093 1.99
    endloop
  endfacet
  facet normal 0.288992 0.520186 -0.803673
    outer loop
      vertex 87.3823 137.951 1.99
      vertex 87.3299 137.899 1.9375
      vertex 87.3805 137.952 1.99
    endloop
  endfacet
  facet normal 0.174285 0.607104 -0.775274
    outer loop
      vertex 87.3299 137.899 1.9375
      vertex 87.3823 137.951 1.99
      vertex 85.8209 135.858 0
    endloop
  endfacet
  facet normal -0.529834 -0.283253 -0.799402
    outer loop
      vertex 0.162207 80.2442 1.99
      vertex 0.214527 80.2945 1.9375
      vertex 0.317457 79.9538 1.99
    endloop
  endfacet
  facet normal -0.447805 -0.376535 -0.810982
    outer loop
      vertex 1.26424 80.2596 1.3125
      vertex 2.32191 81.8286 0
      vertex 2.06604 81.056 0.5
    endloop
  endfacet
  facet normal 0.694132 0.0347066 0.71901
    outer loop
      vertex 2.06604 81.056 0.5
      vertex 2.49778 81.4848 0.0625
      vertex 2.4361 81.4236 0.125
    endloop
  endfacet
  facet normal -0.52547 -0.287819 -0.800651
    outer loop
      vertex 1.26746 80.7981 1.0625
      vertex 2.1454 82.1509 0
      vertex 2.19786 81.7074 0.125
    endloop
  endfacet
  facet normal -0.453105 -0.371781 -0.810231
    outer loop
      vertex 0.346984 79.8986 1.99
      vertex 1.26746 80.7981 1.0625
      vertex 0.593057 79.5987 1.99
    endloop
  endfacet
  facet normal 0.6739 -0.066431 -0.73583
    outer loop
      vertex 87.9375 81.9905 0.9375
      vertex 88.99 81.0093 1.99
      vertex 88.9519 80.6228 1.99
    endloop
  endfacet
  facet normal 0.601935 -0.183385 -0.777203
    outer loop
      vertex 88.8384 80.2462 1.99
      vertex 88.8367 80.728 1.875
      vertex 88.8469 80.2741 1.99
    endloop
  endfacet
  facet normal 0.603463 -0.183112 -0.776081
    outer loop
      vertex 88.8367 80.728 1.875
      vertex 88.8384 80.2462 1.99
      vertex 87.1506 82.3234 0.1875
    endloop
  endfacet
  facet normal 0.669424 -0.0743804 -0.739148
    outer loop
      vertex 88.8367 80.728 1.875
      vertex 88.9518 80.6211 1.99
      vertex 88.9516 80.6193 1.99
    endloop
  endfacet
  facet normal 0.672707 -0.068269 -0.736753
    outer loop
      vertex 88.9518 80.6211 1.99
      vertex 88.8367 80.728 1.875
      vertex 87 82.8644 0
    endloop
  endfacet
  facet normal 0.72995 0 -0.683501
    outer loop
      vertex 88.8384 80.246 1.99
      vertex 87.1506 82.3234 0.1875
      vertex 88.8384 80.2462 1.99
    endloop
  endfacet
  facet normal 0.603359 -0.183226 -0.776135
    outer loop
      vertex 87.1506 82.3234 0.1875
      vertex 88.8384 80.246 1.99
      vertex 87.0257 82.4416 0.0625
    endloop
  endfacet
  facet normal 0 -0.659735 -0.751499
    outer loop
      vertex 88.8383 80.246 1.99
      vertex 87.0257 82.4416 0.0625
      vertex 88.8384 80.246 1.99
    endloop
  endfacet
  facet normal 0.604878 -0.181349 -0.775394
    outer loop
      vertex 87.0257 82.4416 0.0625
      vertex 88.8383 80.246 1.99
      vertex 86.9633 82.5007 0
    endloop
  endfacet
  facet normal -0.182372 0.602547 -0.776967
    outer loop
      vertex 2.75378 136.293 0.4375
      vertex 1.61754 137.951 1.99
      vertex 3.05761 135.982 0.125
    endloop
  endfacet
  facet normal 0 0.683502 -0.729949
    outer loop
      vertex 1.61754 137.951 1.99
      vertex 2.75378 136.293 0.4375
      vertex 1.61714 137.951 1.99
    endloop
  endfacet
  facet normal 0.67291 0.0679692 -0.736595
    outer loop
      vertex 87 134.136 0
      vertex 87.1506 134.677 0.1875
      vertex 88.8367 136.272 1.875
    endloop
  endfacet
  facet normal 0.599452 0.188058 -0.778004
    outer loop
      vertex 88.8384 136.754 1.99
      vertex 87.1506 134.677 0.1875
      vertex 87.0257 134.558 0.0625
    endloop
  endfacet
  facet normal 0.715518 0 -0.698594
    outer loop
      vertex 87.375 134.485 0.375
      vertex 88.9518 136.379 1.99
      vertex 88.9518 136.378 1.99
    endloop
  endfacet
  facet normal 0.67425 0.0658775 -0.735559
    outer loop
      vertex 88.9518 136.379 1.99
      vertex 87.375 134.485 0.375
      vertex 87 134.136 0
    endloop
  endfacet
  facet normal -0.60352 -0.182397 -0.776205
    outer loop
      vertex 0.161663 80.246 1.99
      vertex 0.214527 80.2945 1.9375
      vertex 0.162207 80.2442 1.99
    endloop
  endfacet
  facet normal -0.60121 -0.185944 -0.777156
    outer loop
      vertex 0.214527 80.2945 1.9375
      vertex 0.161663 80.246 1.99
      vertex 2.0367 82.5007 0
    endloop
  endfacet
  facet normal 0.44761 -0.376468 -0.811121
    outer loop
      vertex 86.4405 81.5461 0
      vertex 86.6781 81.8286 0
      vertex 86.5022 81.4848 0.0625
    endloop
  endfacet
  facet normal 0.448349 0.376084 -0.810891
    outer loop
      vertex 86.6781 135.171 0
      vertex 86.934 135.944 0.5
      vertex 87.7358 136.74 1.3125
    endloop
  endfacet
  facet normal -0.694077 -0.0347039 0.719064
    outer loop
      vertex 86.5022 135.515 0.0625
      vertex 86.5639 135.576 0.125
      vertex 86.934 135.944 0.5
    endloop
  endfacet
  facet normal 0.525741 0.287551 -0.800569
    outer loop
      vertex 86.8021 135.293 0.125
      vertex 87.7325 136.202 1.0625
      vertex 86.8546 134.849 0
    endloop
  endfacet
  facet normal 0.453218 0.37179 -0.810164
    outer loop
      vertex 87.7325 136.202 1.0625
      vertex 88.4069 137.401 1.99
      vertex 88.653 137.101 1.99
    endloop
  endfacet
  facet normal 0 0.692149 -0.721755
    outer loop
      vertex 86.5468 137.088 1.125
      vertex 86.9924 137.99 1.99
      vertex 86.9948 137.99 1.99
    endloop
  endfacet
  facet normal 0.0657171 0.67355 -0.736215
    outer loop
      vertex 86.9924 137.99 1.99
      vertex 86.5468 137.088 1.125
      vertex 85.583 136.089 0.125
    endloop
  endfacet
  facet normal -0.0660151 -0.673354 -0.736367
    outer loop
      vertex 1.94721 79.0161 1.99
      vertex 1.97125 79.4129 1.625
      vertex 1.99923 79.011 1.99
    endloop
  endfacet
  facet normal -0.0662901 -0.673333 -0.736362
    outer loop
      vertex 1.97125 79.4129 1.625
      vertex 1.94721 79.0161 1.99
      vertex 1.67006 79.1008 1.9375
    endloop
  endfacet
  facet normal 0.434887 0.391398 -0.810976
    outer loop
      vertex 88.6539 137.1 1.99
      vertex 87.7325 136.202 1.0625
      vertex 88.653 137.101 1.99
    endloop
  endfacet
  facet normal 0.525472 0.287795 -0.800658
    outer loop
      vertex 87.7325 136.202 1.0625
      vertex 88.6539 137.1 1.99
      vertex 86.8546 134.849 0
    endloop
  endfacet
  facet normal -0.0654178 0.670022 -0.739453
    outer loop
      vertex 1.61946 137.952 1.99
      vertex 1.94721 137.984 1.99
      vertex 1.67006 137.899 1.9375
    endloop
  endfacet
  facet normal 0.257954 -0.548153 -0.795605
    outer loop
      vertex 87.7046 79.2144 1.9375
      vertex 87.7573 79.163 1.99
      vertex 87.7556 79.1622 1.99
    endloop
  endfacet
  facet normal 0.276429 -0.533226 -0.799536
    outer loop
      vertex 87.7573 79.163 1.99
      vertex 87.7046 79.2144 1.9375
      vertex 86.1511 81.3142 0
    endloop
  endfacet
  facet normal 0.620444 0.155111 -0.768759
    outer loop
      vertex 88.8383 136.754 1.99
      vertex 88.7855 136.705 1.9375
      vertex 88.8378 136.756 1.99
    endloop
  endfacet
  facet normal 0.597935 0.190013 -0.778697
    outer loop
      vertex 88.7855 136.705 1.9375
      vertex 88.8383 136.754 1.99
      vertex 86.9633 134.499 0
    endloop
  endfacet
  facet normal 0.600631 -0.186658 -0.777432
    outer loop
      vertex 86.9633 82.5007 0
      vertex 88.7855 80.2945 1.9375
      vertex 87.2906 81.7317 0.4375
    endloop
  endfacet
  facet normal 0.532681 -0.283896 -0.797279
    outer loop
      vertex 88.6542 79.9007 1.99
      vertex 88.7855 80.2945 1.9375
      vertex 88.6825 79.9538 1.99
    endloop
  endfacet
  facet normal 0.529836 -0.283231 -0.799408
    outer loop
      vertex 88.7855 80.2945 1.9375
      vertex 88.6542 79.9007 1.99
      vertex 87.2906 81.7317 0.4375
    endloop
  endfacet
  facet normal 0.525433 -0.287864 -0.800659
    outer loop
      vertex 86.8021 81.7074 0.125
      vertex 86.8546 82.1509 0
      vertex 87.7325 80.7981 1.0625
    endloop
  endfacet
  facet normal 0.521161 -0.293153 -0.801531
    outer loop
      vertex 87.7325 80.7981 1.0625
      vertex 88.6539 79.9002 1.99
      vertex 88.653 79.8986 1.99
    endloop
  endfacet
  facet normal 0.525443 -0.287855 -0.800656
    outer loop
      vertex 88.6539 79.9002 1.99
      vertex 87.7325 80.7981 1.0625
      vertex 86.8546 82.1509 0
    endloop
  endfacet
  facet normal -0.198281 -0.591538 -0.781516
    outer loop
      vertex 1.61767 79.049 1.99
      vertex 1.67006 79.1008 1.9375
      vertex 1.61946 79.0484 1.99
    endloop
  endfacet
  facet normal -0.1836 -0.601951 -0.77714
    outer loop
      vertex 1.67006 79.1008 1.9375
      vertex 1.61767 79.049 1.99
      vertex 3.17914 81.1419 0
    endloop
  endfacet
  facet normal 0.17892 -0.604553 -0.776211
    outer loop
      vertex 85.583 80.911 0.125
      vertex 85.8209 81.1419 0
      vertex 86.5468 79.9123 1.125
    endloop
  endfacet
  facet normal 0.365827 -0.457283 -0.810594
    outer loop
      vertex 86.8861 80.5728 0.75
      vertex 88.1028 79.3481 1.99
      vertex 88.1013 79.3469 1.99
    endloop
  endfacet
  facet normal 0.366106 -0.457026 -0.810613
    outer loop
      vertex 88.1028 79.3481 1.99
      vertex 86.8861 80.5728 0.75
      vertex 86.4405 81.5461 0
    endloop
  endfacet
  facet normal 0.366149 -0.456936 -0.810644
    outer loop
      vertex 86.1511 81.3142 0
      vertex 86.4405 81.5461 0
      vertex 86.2736 81.1906 0.125
    endloop
  endfacet
  facet normal -0.178975 -0.604509 -0.776233
    outer loop
      vertex 1.67006 79.1008 1.9375
      vertex 3.17914 81.1419 0
      vertex 1.97125 79.4129 1.625
    endloop
  endfacet
  facet normal -0.0672201 -0.672931 -0.736644
    outer loop
      vertex 2.00769 79.0102 1.99
      vertex 3.41699 80.911 0.125
      vertex 3.53747 81.0358 0
    endloop
  endfacet
  facet normal 0 -0.700353 -0.713797
    outer loop
      vertex 3.41699 80.911 0.125
      vertex 2.00769 79.0102 1.99
      vertex 2.00756 79.0102 1.99
    endloop
  endfacet
  facet normal 0.066927 0.673093 -0.736523
    outer loop
      vertex 87.0287 137.587 1.625
      vertex 87.0528 137.984 1.99
      vertex 87.3299 137.899 1.9375
    endloop
  endfacet
  facet normal 0.0647369 0.673263 -0.736563
    outer loop
      vertex 87.0528 137.984 1.99
      vertex 87.0287 137.587 1.625
      vertex 87.0008 137.989 1.99
    endloop
  endfacet
  facet normal -0.672911 -0.0679202 -0.736598
    outer loop
      vertex 1.84936 82.3234 0.1875
      vertex 2 82.8644 0
      vertex 1.97426 82.4416 0.0625
    endloop
  endfacet
  facet normal -0.672974 -0.067908 -0.736542
    outer loop
      vertex 1.97426 82.4416 0.0625
      vertex 2 82.8644 0
      vertex 2.0367 82.5007 0
    endloop
  endfacet
  facet normal -0.603493 -0.183087 -0.776064
    outer loop
      vertex 0.161604 80.2462 1.99
      vertex 0.163321 80.728 1.875
      vertex 1.84936 82.3234 0.1875
    endloop
  endfacet
  facet normal -0.602967 -0.183181 -0.776451
    outer loop
      vertex 0.163321 80.728 1.875
      vertex 0.161604 80.2462 1.99
      vertex 0.153128 80.2741 1.99
    endloop
  endfacet
  facet normal -0.603529 -0.183064 -0.776041
    outer loop
      vertex 0.0484208 80.6193 1.99
      vertex 0.163321 80.728 1.875
      vertex 0.153128 80.2741 1.99
    endloop
  endfacet
  facet normal -0.673927 -0.0663788 -0.73581
    outer loop
      vertex 0.00999928 81.0093 1.99
      vertex 1.0625 81.9905 0.9375
      vertex 0.0480678 80.6228 1.99
    endloop
  endfacet
  facet normal -0.282938 -0.528922 -0.800117
    outer loop
      vertex 1.24259 79.1631 1.99
      vertex 2.11389 80.5728 0.75
      vertex 2.72641 81.1906 0.125
    endloop
  endfacet
  facet normal -0.286362 -0.526905 -0.80023
    outer loop
      vertex 2.11389 80.5728 0.75
      vertex 1.24259 79.1631 1.99
      vertex 1.24167 79.1636 1.99
    endloop
  endfacet
  facet normal -0.282718 -0.529053 -0.800108
    outer loop
      vertex 0.898659 79.3469 1.99
      vertex 2.11389 80.5728 0.75
      vertex 1.24167 79.1636 1.99
    endloop
  endfacet
  facet normal 0.672541 0.0681818 -0.736912
    outer loop
      vertex 87 134.136 0
      vertex 87.0257 134.558 0.0625
      vertex 87.1506 134.677 0.1875
    endloop
  endfacet
  facet normal 0.673174 0.0680592 -0.736345
    outer loop
      vertex 86.9633 134.499 0
      vertex 87.0257 134.558 0.0625
      vertex 87 134.136 0
    endloop
  endfacet
  facet normal 0.603144 0.183097 -0.776333
    outer loop
      vertex 88.8367 136.272 1.875
      vertex 88.8384 136.754 1.99
      vertex 88.8469 136.726 1.99
    endloop
  endfacet
  facet normal 0.603545 0.183026 -0.776038
    outer loop
      vertex 88.8384 136.754 1.99
      vertex 88.8367 136.272 1.875
      vertex 87.1506 134.677 0.1875
    endloop
  endfacet
  facet normal 0.603254 0.183075 -0.776253
    outer loop
      vertex 88.8367 136.272 1.875
      vertex 88.8469 136.726 1.99
      vertex 88.9516 136.381 1.99
    endloop
  endfacet
  facet normal 0.673261 0.0673261 -0.736333
    outer loop
      vertex 87.9375 135.01 0.9375
      vertex 88.9518 136.378 1.99
      vertex 88.9519 136.377 1.99
    endloop
  endfacet
  facet normal 0.673703 0.0667297 -0.735984
    outer loop
      vertex 88.9518 136.378 1.99
      vertex 87.9375 135.01 0.9375
      vertex 87.375 134.485 0.375
    endloop
  endfacet
  facet normal 0.673862 0.0665133 -0.735857
    outer loop
      vertex 87.9375 135.01 0.9375
      vertex 88.9519 136.377 1.99
      vertex 88.99 135.991 1.99
    endloop
  endfacet
  facet normal 0.456948 0.411253 -0.788714
    outer loop
      vertex 86.8861 136.427 0.75
      vertex 87.7574 137.837 1.99
      vertex 87.7583 137.836 1.99
    endloop
  endfacet
  facet normal 0.282821 0.52892 -0.80016
    outer loop
      vertex 87.7574 137.837 1.99
      vertex 86.8861 136.427 0.75
      vertex 86.2736 135.809 0.125
    endloop
  endfacet
  facet normal 0.282393 0.529294 -0.800064
    outer loop
      vertex 86.8861 136.427 0.75
      vertex 87.7583 137.836 1.99
      vertex 88.1013 137.653 1.99
    endloop
  endfacet
  facet normal 0.179673 0.604145 -0.776354
    outer loop
      vertex 85.8209 135.858 0
      vertex 87.0287 137.587 1.625
      vertex 87.3299 137.899 1.9375
    endloop
  endfacet
  facet normal 0 0.700315 -0.713834
    outer loop
      vertex 85.583 136.089 0.125
      vertex 86.9923 137.99 1.99
      vertex 86.9924 137.99 1.99
    endloop
  endfacet
  facet normal 0.0625329 0.674938 -0.73522
    outer loop
      vertex 86.9923 137.99 1.99
      vertex 85.583 136.089 0.125
      vertex 85.4625 135.964 0
    endloop
  endfacet
  facet normal -0.282796 0.528934 -0.800159
    outer loop
      vertex 2.11389 136.427 0.75
      vertex 1.24259 137.837 1.99
      vertex 2.72641 135.809 0.125
    endloop
  endfacet
  facet normal -0.451539 0.415416 -0.789647
    outer loop
      vertex 1.24259 137.837 1.99
      vertex 2.11389 136.427 0.75
      vertex 1.24167 137.836 1.99
    endloop
  endfacet
  facet normal -0.365627 0.457401 -0.810618
    outer loop
      vertex 0.897212 137.652 1.99
      vertex 2.11389 136.427 0.75
      vertex 2.55946 135.454 0
    endloop
  endfacet
  facet normal -0.335102 0.484893 -0.807827
    outer loop
      vertex 2.11389 136.427 0.75
      vertex 0.897212 137.652 1.99
      vertex 0.898659 137.653 1.99
    endloop
  endfacet
  facet normal -0.180656 0.603619 -0.776535
    outer loop
      vertex 1.97125 137.587 1.625
      vertex 2.45317 137.088 1.125
      vertex 3.17914 135.858 0
    endloop
  endfacet
  facet normal -0.174443 0.607013 -0.775309
    outer loop
      vertex 1.61767 137.951 1.99
      vertex 1.67006 137.899 1.9375
      vertex 3.17914 135.858 0
    endloop
  endfacet
  facet normal -0.290108 0.519293 -0.803848
    outer loop
      vertex 1.67006 137.899 1.9375
      vertex 1.61767 137.951 1.99
      vertex 1.61946 137.952 1.99
    endloop
  endfacet
  facet normal -0.371822 0.452705 -0.810436
    outer loop
      vertex 1.26424 136.74 1.3125
      vertex 0.896707 137.651 1.99
      vertex 2.06604 135.944 0.5
    endloop
  endfacet
  facet normal -0.21931 0.523712 -0.823182
    outer loop
      vertex 0.896707 137.651 1.99
      vertex 1.26424 136.74 1.3125
      vertex 0.894319 137.65 1.99
    endloop
  endfacet
  facet normal -0.448324 0.376111 -0.810892
    outer loop
      vertex 1.26424 136.74 1.3125
      vertex 2.06604 135.944 0.5
      vertex 2.32191 135.171 0
    endloop
  endfacet
  facet normal -0.525778 0.287506 -0.800561
    outer loop
      vertex 1.26746 136.202 1.0625
      vertex 2.19786 135.293 0.125
      vertex 2.1454 134.849 0
    endloop
  endfacet
  facet normal -0.45325 0.371679 -0.810197
    outer loop
      vertex 1.26746 136.202 1.0625
      vertex 0.594384 137.403 1.99
      vertex 2.19786 135.293 0.125
    endloop
  endfacet
  facet normal -0.50303 0.333761 -0.797223
    outer loop
      vertex 0.594384 137.403 1.99
      vertex 1.26746 136.202 1.0625
      vertex 0.593057 137.401 1.99
    endloop
  endfacet
  facet normal 0.402781 -0.402781 -0.82191
    outer loop
      vertex 88.6539 79.9002 1.99
      vertex 86.9792 82.0312 0.125
      vertex 88.654 79.9003 1.99
    endloop
  endfacet
  facet normal 0.529969 -0.283098 -0.799368
    outer loop
      vertex 86.9792 82.0312 0.125
      vertex 88.6539 79.9002 1.99
      vertex 86.8546 82.1509 0
    endloop
  endfacet
  facet normal 0.600629 -0.186645 -0.777438
    outer loop
      vertex 86.8546 82.1509 0
      vertex 86.9633 82.5007 0
      vertex 86.9792 82.0312 0.125
    endloop
  endfacet
  facet normal 0.455453 -0.370055 -0.809705
    outer loop
      vertex 88.4056 79.5971 1.99
      vertex 87.7325 80.7981 1.0625
      vertex 88.4069 79.5987 1.99
    endloop
  endfacet
  facet normal 0.453033 -0.371831 -0.810249
    outer loop
      vertex 87.7325 80.7981 1.0625
      vertex 88.4056 79.5971 1.99
      vertex 86.8021 81.7074 0.125
    endloop
  endfacet
  facet normal 0.409433 -0.409433 -0.815309
    outer loop
      vertex 88.4055 79.597 1.99
      vertex 86.8021 81.7074 0.125
      vertex 88.4056 79.5971 1.99
    endloop
  endfacet
  facet normal 0.454147 -0.370839 -0.810079
    outer loop
      vertex 86.8021 81.7074 0.125
      vertex 88.4055 79.597 1.99
      vertex 86.6781 81.8286 0
    endloop
  endfacet
  facet normal 0.37558 -0.450696 -0.809823
    outer loop
      vertex 88.1033 79.3485 1.99
      vertex 87.7358 80.2596 1.3125
      vertex 88.1057 79.3505 1.99
    endloop
  endfacet
  facet normal 0.371533 -0.452831 -0.810498
    outer loop
      vertex 87.7358 80.2596 1.3125
      vertex 88.1033 79.3485 1.99
      vertex 86.934 81.056 0.5
    endloop
  endfacet
  facet normal 0.44783 -0.376509 -0.810981
    outer loop
      vertex 86.6781 81.8286 0
      vertex 87.7358 80.2596 1.3125
      vertex 86.934 81.056 0.5
    endloop
  endfacet
  facet normal -0.178741 0.604228 -0.776505
    outer loop
      vertex 3.17914 135.858 0
      vertex 3.41699 136.089 0.125
      vertex 3.53747 135.964 0
    endloop
  endfacet
  facet normal -0.525537 -0.287814 -0.800608
    outer loop
      vertex 2.1454 82.1509 0
      vertex 2.32191 81.8286 0
      vertex 2.19786 81.7074 0.125
    endloop
  endfacet
  facet normal -0.453487 -0.37143 -0.810179
    outer loop
      vertex 0.594467 79.597 1.99
      vertex 2.19786 81.7074 0.125
      vertex 2.32191 81.8286 0
    endloop
  endfacet
  facet normal -0.450602 -0.374 -0.810606
    outer loop
      vertex 2.19786 81.7074 0.125
      vertex 0.594467 79.597 1.99
      vertex 0.594384 79.5971 1.99
    endloop
  endfacet
  facet normal -0.529882 -0.283263 -0.799367
    outer loop
      vertex 0.214527 80.2945 1.9375
      vertex 0.345843 79.9007 1.99
      vertex 0.317457 79.9538 1.99
    endloop
  endfacet
  facet normal -0.529828 -0.28325 -0.799408
    outer loop
      vertex 0.345843 79.9007 1.99
      vertex 0.214527 80.2945 1.9375
      vertex 1.7094 81.7317 0.4375
    endloop
  endfacet
  facet normal -0.600644 -0.186648 -0.777425
    outer loop
      vertex 0.214527 80.2945 1.9375
      vertex 2.0367 82.5007 0
      vertex 1.7094 81.7317 0.4375
    endloop
  endfacet
  facet normal -0.37322 -0.451522 -0.810453
    outer loop
      vertex 0.897163 79.3481 1.99
      vertex 2.4361 81.4236 0.125
      vertex 2.49778 81.4848 0.0625
    endloop
  endfacet
  facet normal -0.555451 -0.288835 -0.779775
    outer loop
      vertex 2.4361 81.4236 0.125
      vertex 0.897163 79.3481 1.99
      vertex 0.897111 79.3482 1.99
    endloop
  endfacet
  facet normal -0.371419 -0.452915 -0.810504
    outer loop
      vertex 0.897111 79.3482 1.99
      vertex 2.06604 81.056 0.5
      vertex 2.4361 81.4236 0.125
    endloop
  endfacet
  facet normal -0.348509 -0.469326 -0.811341
    outer loop
      vertex 2.06604 81.056 0.5
      vertex 0.897111 79.3482 1.99
      vertex 0.896707 79.3485 1.99
    endloop
  endfacet
  facet normal 0.52471 0.287613 -0.801223
    outer loop
      vertex 86.6781 135.171 0
      vertex 86.8021 135.293 0.125
      vertex 86.8546 134.849 0
    endloop
  endfacet
  facet normal 0 0.662267 -0.749268
    outer loop
      vertex 86.8021 135.293 0.125
      vertex 88.4055 137.403 1.99
      vertex 88.4056 137.403 1.99
    endloop
  endfacet
  facet normal 0.445096 0.378921 -0.811362
    outer loop
      vertex 88.4055 137.403 1.99
      vertex 86.8021 135.293 0.125
      vertex 86.6781 135.171 0
    endloop
  endfacet
  facet normal 0.53044 0.283235 -0.799006
    outer loop
      vertex 88.7855 136.705 1.9375
      vertex 88.6542 137.099 1.99
      vertex 88.6825 137.046 1.99
    endloop
  endfacet
  facet normal 0.529947 0.28312 -0.799374
    outer loop
      vertex 88.6542 137.099 1.99
      vertex 88.7855 136.705 1.9375
      vertex 87.2906 135.268 0.4375
    endloop
  endfacet
  facet normal 0.60066 0.186636 -0.777415
    outer loop
      vertex 86.9633 134.499 0
      vertex 87.2906 135.268 0.4375
      vertex 88.7855 136.705 1.9375
    endloop
  endfacet
  facet normal 0 0.668291 -0.7439
    outer loop
      vertex 86.5639 135.576 0.125
      vertex 88.1028 137.652 1.99
      vertex 88.1029 137.652 1.99
    endloop
  endfacet
  facet normal 0.378554 0.447331 -0.810304
    outer loop
      vertex 88.1028 137.652 1.99
      vertex 86.5639 135.576 0.125
      vertex 86.5022 135.515 0.0625
    endloop
  endfacet
  facet normal 0.608007 0.243203 -0.755765
    outer loop
      vertex 86.934 135.944 0.5
      vertex 88.1029 137.652 1.99
      vertex 88.1033 137.651 1.99
    endloop
  endfacet
  facet normal 0.369949 0.453954 -0.810595
    outer loop
      vertex 88.1029 137.652 1.99
      vertex 86.934 135.944 0.5
      vertex 86.5639 135.576 0.125
    endloop
  endfacet
  facet normal -0.0657159 0.67355 -0.736215
    outer loop
      vertex 2.45317 137.088 1.125
      vertex 2.00756 137.99 1.99
      vertex 3.41699 136.089 0.125
    endloop
  endfacet
  facet normal 0 0.692149 -0.721755
    outer loop
      vertex 2.00756 137.99 1.99
      vertex 2.45317 137.088 1.125
      vertex 2.00518 137.99 1.99
    endloop
  endfacet
  facet normal -0.447895 0.376338 -0.811024
    outer loop
      vertex 2.06604 135.944 0.5
      vertex 2.49778 135.515 0.0625
      vertex 2.32191 135.171 0
    endloop
  endfacet
  facet normal -0.379031 0.446956 -0.810287
    outer loop
      vertex 2.4361 135.576 0.125
      vertex 0.897163 137.652 1.99
      vertex 2.49778 135.515 0.0625
    endloop
  endfacet
  facet normal 0 0.668291 -0.7439
    outer loop
      vertex 0.897163 137.652 1.99
      vertex 2.4361 135.576 0.125
      vertex 0.897111 137.652 1.99
    endloop
  endfacet
  facet normal -0.447271 0.376972 -0.811074
    outer loop
      vertex 0.594467 137.403 1.99
      vertex 1.26424 136.74 1.3125
      vertex 2.32191 135.171 0
    endloop
  endfacet
  facet normal -0.377096 0.447613 -0.810828
    outer loop
      vertex 1.26424 136.74 1.3125
      vertex 0.594467 137.403 1.99
      vertex 0.595654 137.404 1.99
    endloop
  endfacet
  facet normal -0.372363 0.452081 -0.810536
    outer loop
      vertex 0.595654 137.404 1.99
      vertex 0.894319 137.65 1.99
      vertex 1.26424 136.74 1.3125
    endloop
  endfacet
  facet normal -0.44443 0.379509 -0.811453
    outer loop
      vertex 2.19786 135.293 0.125
      vertex 0.594467 137.403 1.99
      vertex 2.32191 135.171 0
    endloop
  endfacet
  facet normal 0 0.662267 -0.749268
    outer loop
      vertex 0.594467 137.403 1.99
      vertex 2.19786 135.293 0.125
      vertex 0.594384 137.403 1.99
    endloop
  endfacet
  facet normal -0.524613 0.287576 -0.8013
    outer loop
      vertex 2.1454 134.849 0
      vertex 2.19786 135.293 0.125
      vertex 2.32191 135.171 0
    endloop
  endfacet
  facet normal 0.541921 -0.270961 -0.795551
    outer loop
      vertex 88.654 79.9003 1.99
      vertex 87.2906 81.7317 0.4375
      vertex 88.6542 79.9007 1.99
    endloop
  endfacet
  facet normal 0.529813 -0.283251 -0.799416
    outer loop
      vertex 87.2906 81.7317 0.4375
      vertex 88.654 79.9003 1.99
      vertex 86.9792 82.0312 0.125
    endloop
  endfacet
  facet normal 0.600657 -0.186638 -0.777417
    outer loop
      vertex 86.9633 82.5007 0
      vertex 87.2906 81.7317 0.4375
      vertex 86.9792 82.0312 0.125
    endloop
  endfacet
  facet normal 0.447783 -0.376534 -0.810995
    outer loop
      vertex 86.5022 81.4848 0.0625
      vertex 86.6781 81.8286 0
      vertex 86.934 81.056 0.5
    endloop
  endfacet
  facet normal 0.416815 -0.416815 -0.807794
    outer loop
      vertex 88.1028 79.3481 1.99
      vertex 86.5639 81.4236 0.125
      vertex 88.1029 79.3482 1.99
    endloop
  endfacet
  facet normal 0.372743 -0.451893 -0.810466
    outer loop
      vertex 86.5639 81.4236 0.125
      vertex 88.1028 79.3481 1.99
      vertex 86.5022 81.4848 0.0625
    endloop
  endfacet
  facet normal 0.444036 -0.380602 -0.811156
    outer loop
      vertex 87.7358 80.2596 1.3125
      vertex 88.4055 79.597 1.99
      vertex 88.4043 79.5956 1.99
    endloop
  endfacet
  facet normal 0.448047 -0.376332 -0.810943
    outer loop
      vertex 88.4055 79.597 1.99
      vertex 87.7358 80.2596 1.3125
      vertex 86.6781 81.8286 0
    endloop
  endfacet
  facet normal 0.371654 -0.452778 -0.810472
    outer loop
      vertex 87.7358 80.2596 1.3125
      vertex 88.4043 79.5956 1.99
      vertex 88.1057 79.3505 1.99
    endloop
  endfacet
  facet normal 0.291148 -0.524067 -0.800367
    outer loop
      vertex 87.7574 79.1631 1.99
      vertex 86.8861 80.5728 0.75
      vertex 87.7583 79.1636 1.99
    endloop
  endfacet
  facet normal 0.282963 -0.528907 -0.800118
    outer loop
      vertex 86.8861 80.5728 0.75
      vertex 87.7574 79.1631 1.99
      vertex 86.2736 81.1906 0.125
    endloop
  endfacet
  facet normal 0.42468 -0.42468 -0.799559
    outer loop
      vertex 87.7573 79.163 1.99
      vertex 86.2736 81.1906 0.125
      vertex 87.7574 79.1631 1.99
    endloop
  endfacet
  facet normal 0.282333 -0.529314 -0.800072
    outer loop
      vertex 86.2736 81.1906 0.125
      vertex 87.7573 79.163 1.99
      vertex 86.1511 81.3142 0
    endloop
  endfacet
  facet normal -0.178763 -0.604621 -0.776194
    outer loop
      vertex 1.97125 79.4129 1.625
      vertex 3.17914 81.1419 0
      vertex 2.45317 79.9123 1.125
    endloop
  endfacet
  facet normal -0.0678999 -0.673341 -0.736208
    outer loop
      vertex 1.97125 79.4129 1.625
      vertex 2.00518 79.0104 1.99
      vertex 1.99923 79.011 1.99
    endloop
  endfacet
  facet normal -0.0662252 -0.673339 -0.736362
    outer loop
      vertex 2.00518 79.0104 1.99
      vertex 1.97125 79.4129 1.625
      vertex 2.45317 79.9123 1.125
    endloop
  endfacet
  facet normal -0.277693 -0.532395 -0.799651
    outer loop
      vertex 1.2954 79.2144 1.9375
      vertex 2.84891 81.3142 0
      vertex 2.75378 80.7067 0.4375
    endloop
  endfacet
  facet normal -0.183167 -0.603091 -0.776357
    outer loop
      vertex 1.2954 79.2144 1.9375
      vertex 1.61714 79.0491 1.99
      vertex 1.55952 79.0666 1.99
    endloop
  endfacet
  facet normal -0.182722 -0.602422 -0.776982
    outer loop
      vertex 1.61714 79.0491 1.99
      vertex 1.2954 79.2144 1.9375
      vertex 2.75378 80.7067 0.4375
    endloop
  endfacet
  facet normal -0.600696 -0.186666 -0.77738
    outer loop
      vertex 2.02083 82.0312 0.125
      vertex 2.0367 82.5007 0
      vertex 2.1454 82.1509 0
    endloop
  endfacet
  facet normal -0.530429 -0.282612 -0.799234
    outer loop
      vertex 0.346102 79.9002 1.99
      vertex 2.02083 82.0312 0.125
      vertex 2.1454 82.1509 0
    endloop
  endfacet
  facet normal -0.502206 -0.311368 -0.806746
    outer loop
      vertex 2.02083 82.0312 0.125
      vertex 0.346102 79.9002 1.99
      vertex 0.34604 79.9003 1.99
    endloop
  endfacet
  facet normal -0.447704 -0.376467 -0.811069
    outer loop
      vertex 2.32191 81.8286 0
      vertex 2.55946 81.5461 0
      vertex 2.49778 81.4848 0.0625
    endloop
  endfacet
  facet normal -0.370355 -0.453743 -0.810527
    outer loop
      vertex 0.897212 79.3481 1.99
      vertex 2.49778 81.4848 0.0625
      vertex 2.55946 81.5461 0
    endloop
  endfacet
  facet normal 0 -0.669822 -0.742521
    outer loop
      vertex 2.49778 81.4848 0.0625
      vertex 0.897212 79.3481 1.99
      vertex 0.897163 79.3481 1.99
    endloop
  endfacet
  facet normal 0.600479 0.186492 -0.77759
    outer loop
      vertex 86.8546 134.849 0
      vertex 86.9792 134.969 0.125
      vertex 86.9633 134.499 0
    endloop
  endfacet
  facet normal 0 0.65858 -0.752511
    outer loop
      vertex 86.9792 134.969 0.125
      vertex 88.6539 137.1 1.99
      vertex 88.654 137.1 1.99
    endloop
  endfacet
  facet normal 0.527617 0.285545 -0.800052
    outer loop
      vertex 88.6539 137.1 1.99
      vertex 86.9792 134.969 0.125
      vertex 86.8546 134.849 0
    endloop
  endfacet
  facet normal 0.448616 0.376647 -0.810482
    outer loop
      vertex 86.4405 135.454 0
      vertex 86.5022 135.515 0.0625
      vertex 86.6781 135.171 0
    endloop
  endfacet
  facet normal 0.378554 0.447331 -0.810304
    outer loop
      vertex 88.1028 137.652 1.99
      vertex 86.5022 135.515 0.0625
      vertex 86.4405 135.454 0
    endloop
  endfacet
  facet normal 0.180647 0.60363 -0.77653
    outer loop
      vertex 85.8209 135.858 0
      vertex 86.5468 137.088 1.125
      vertex 87.0287 137.587 1.625
    endloop
  endfacet
  facet normal 0.112039 0.672233 -0.731813
    outer loop
      vertex 87.0287 137.587 1.625
      vertex 86.9948 137.99 1.99
      vertex 87.0008 137.989 1.99
    endloop
  endfacet
  facet normal 0.0675695 0.672881 -0.736659
    outer loop
      vertex 86.9948 137.99 1.99
      vertex 87.0287 137.587 1.625
      vertex 86.5468 137.088 1.125
    endloop
  endfacet
  facet normal 0.276812 0.532943 -0.799592
    outer loop
      vertex 86.1511 135.686 0
      vertex 86.2462 136.293 0.4375
      vertex 87.7046 137.786 1.9375
    endloop
  endfacet
  facet normal 0.193597 0.619509 -0.760742
    outer loop
      vertex 87.7046 137.786 1.9375
      vertex 87.3829 137.951 1.99
      vertex 87.4405 137.933 1.99
    endloop
  endfacet
  facet normal 0.182263 0.602575 -0.776971
    outer loop
      vertex 87.3829 137.951 1.99
      vertex 87.7046 137.786 1.9375
      vertex 86.2462 136.293 0.4375
    endloop
  endfacet
  facet normal 0 0 -1
    outer loop
      vertex 85.0899 81 0
      vertex 87 82.8644 0
      vertex 86.9633 82.5007 0
    endloop
  endfacet
  facet normal -0 0 -1
    outer loop
      vertex 87 82.8644 0
      vertex 85.0899 81 0
      vertex 87 134.136 0
    endloop
  endfacet
  facet normal 0 0 -1
    outer loop
      vertex 85.0899 81 0
      vertex 86.9633 82.5007 0
      vertex 86.8546 82.1509 0
    endloop
  endfacet
  facet normal 0 0 -1
    outer loop
      vertex 85.0899 136 0
      vertex 87 134.136 0
      vertex 85.0899 81 0
    endloop
  endfacet
  facet normal 0 0 -1
    outer loop
      vertex 85.0899 81 0
      vertex 86.8546 82.1509 0
      vertex 86.6781 81.8286 0
    endloop
  endfacet
  facet normal 0 0 -1
    outer loop
      vertex 87 134.136 0
      vertex 85.0899 136 0
      vertex 86.9633 134.499 0
    endloop
  endfacet
  facet normal 0 0 -1
    outer loop
      vertex 85.0899 81 0
      vertex 86.6781 81.8286 0
      vertex 86.4405 81.5461 0
    endloop
  endfacet
  facet normal 0 0 -1
    outer loop
      vertex 86.9633 134.499 0
      vertex 85.0899 136 0
      vertex 86.8546 134.849 0
    endloop
  endfacet
  facet normal 0 0 -1
    outer loop
      vertex 85.0899 81 0
      vertex 86.4405 81.5461 0
      vertex 86.1511 81.3142 0
    endloop
  endfacet
  facet normal 0 0 -1
    outer loop
      vertex 86.8546 134.849 0
      vertex 85.0899 136 0
      vertex 86.6781 135.171 0
    endloop
  endfacet
  facet normal 0 0 -1
    outer loop
      vertex 85.0899 81 0
      vertex 86.1511 81.3142 0
      vertex 85.8209 81.1419 0
    endloop
  endfacet
  facet normal 0 0 -1
    outer loop
      vertex 86.6781 135.171 0
      vertex 85.0899 136 0
      vertex 86.4405 135.454 0
    endloop
  endfacet
  facet normal 0 0 -1
    outer loop
      vertex 85.0899 81 0
      vertex 85.8209 81.1419 0
      vertex 85.4625 81.0358 0
    endloop
  endfacet
  facet normal 0 0 -1
    outer loop
      vertex 86.4405 135.454 0
      vertex 85.0899 136 0
      vertex 86.1511 135.686 0
    endloop
  endfacet
  facet normal 0 0 -1
    outer loop
      vertex 86.1511 135.686 0
      vertex 85.0899 136 0
      vertex 85.8209 135.858 0
    endloop
  endfacet
  facet normal 0 0 -1
    outer loop
      vertex 85.8209 135.858 0
      vertex 85.0899 136 0
      vertex 85.4625 135.964 0
    endloop
  endfacet
  facet normal 0 0 -1
    outer loop
      vertex 3.91011 81 0
      vertex 85.0899 136 0
      vertex 85.0899 81 0
    endloop
  endfacet
  facet normal 0 0 -1
    outer loop
      vertex 3.91011 81 0
      vertex 3.91011 136 0
      vertex 85.0899 136 0
    endloop
  endfacet
  facet normal 0 0 -1
    outer loop
      vertex 2 82.8644 0
      vertex 3.91011 81 0
      vertex 3.53747 81.0358 0
    endloop
  endfacet
  facet normal 0 0 -1
    outer loop
      vertex 3.91011 81 0
      vertex 2 82.8644 0
      vertex 3.91011 136 0
    endloop
  endfacet
  facet normal 0 0 -1
    outer loop
      vertex 2 82.8644 0
      vertex 3.53747 81.0358 0
      vertex 3.17914 81.1419 0
    endloop
  endfacet
  facet normal 0 0 -1
    outer loop
      vertex 2 134.136 0
      vertex 3.91011 136 0
      vertex 2 82.8644 0
    endloop
  endfacet
  facet normal 0 0 -1
    outer loop
      vertex 2 82.8644 0
      vertex 3.17914 81.1419 0
      vertex 2.84891 81.3142 0
    endloop
  endfacet
  facet normal 0 0 -1
    outer loop
      vertex 3.91011 136 0
      vertex 2 134.136 0
      vertex 3.53747 135.964 0
    endloop
  endfacet
  facet normal 0 0 -1
    outer loop
      vertex 2 82.8644 0
      vertex 2.84891 81.3142 0
      vertex 2.55946 81.5461 0
    endloop
  endfacet
  facet normal 0 0 -1
    outer loop
      vertex 3.53747 135.964 0
      vertex 2 134.136 0
      vertex 3.17914 135.858 0
    endloop
  endfacet
  facet normal 0 0 -1
    outer loop
      vertex 2 82.8644 0
      vertex 2.55946 81.5461 0
      vertex 2.32191 81.8286 0
    endloop
  endfacet
  facet normal 0 0 -1
    outer loop
      vertex 3.17914 135.858 0
      vertex 2 134.136 0
      vertex 2.84891 135.686 0
    endloop
  endfacet
  facet normal 0 0 -1
    outer loop
      vertex 2 82.8644 0
      vertex 2.32191 81.8286 0
      vertex 2.1454 82.1509 0
    endloop
  endfacet
  facet normal 0 0 -1
    outer loop
      vertex 2.84891 135.686 0
      vertex 2 134.136 0
      vertex 2.55946 135.454 0
    endloop
  endfacet
  facet normal 0 0 -1
    outer loop
      vertex 2 82.8644 0
      vertex 2.1454 82.1509 0
      vertex 2.0367 82.5007 0
    endloop
  endfacet
  facet normal 0 0 -1
    outer loop
      vertex 2.55946 135.454 0
      vertex 2 134.136 0
      vertex 2.32191 135.171 0
    endloop
  endfacet
  facet normal 0 0 -1
    outer loop
      vertex 2.32191 135.171 0
      vertex 2 134.136 0
      vertex 2.1454 134.849 0
    endloop
  endfacet
  facet normal 0 0 -1
    outer loop
      vertex 2.1454 134.849 0
      vertex 2 134.136 0
      vertex 2.0367 134.499 0
    endloop
  endfacet
  facet normal -0.292808 0.522313 -0.800907
    outer loop
      vertex 2.72641 135.809 0.125
      vertex 1.2427 137.837 1.99
      vertex 2.84891 135.686 0
    endloop
  endfacet
  facet normal 0 0.676907 -0.736068
    outer loop
      vertex 1.2427 137.837 1.99
      vertex 2.72641 135.809 0.125
      vertex 1.24259 137.837 1.99
    endloop
  endfacet
  facet normal -0.366855 0.457699 -0.809894
    outer loop
      vertex 2.55946 135.454 0
      vertex 2.72641 135.809 0.125
      vertex 2.84891 135.686 0
    endloop
  endfacet
  facet normal 0.708278 -0.00708278 0.705898
    outer loop
      vertex 2.06604 135.944 0.5
      vertex 2.4361 135.576 0.125
      vertex 2.49778 135.515 0.0625
    endloop
  endfacet
  facet normal -0.370091 0.453846 -0.81059
    outer loop
      vertex 2.06604 135.944 0.5
      vertex 0.897111 137.652 1.99
      vertex 2.4361 135.576 0.125
    endloop
  endfacet
  facet normal -0.606363 0.244971 -0.756514
    outer loop
      vertex 0.897111 137.652 1.99
      vertex 2.06604 135.944 0.5
      vertex 0.896707 137.651 1.99
    endloop
  endfacet
  facet normal -0.622534 0.155633 0.766962
    outer loop
      vertex 86.5022 81.4848 0.0625
      vertex 86.934 81.056 0.5
      vertex 86.5639 81.4236 0.125
    endloop
  endfacet
  facet normal 0.350791 -0.467721 -0.811284
    outer loop
      vertex 88.1029 79.3482 1.99
      vertex 86.934 81.056 0.5
      vertex 88.1033 79.3485 1.99
    endloop
  endfacet
  facet normal 0.371277 -0.453023 -0.810508
    outer loop
      vertex 86.934 81.056 0.5
      vertex 88.1029 79.3482 1.99
      vertex 86.5639 81.4236 0.125
    endloop
  endfacet
  facet normal 0.277697 -0.532404 -0.799644
    outer loop
      vertex 85.9424 81.0176 0.125
      vertex 86.1511 81.3142 0
      vertex 86.2462 80.7067 0.4375
    endloop
  endfacet
  facet normal 0.154249 -0.616996 -0.771702
    outer loop
      vertex 87.3825 79.049 1.99
      vertex 86.2462 80.7067 0.4375
      vertex 87.3829 79.0491 1.99
    endloop
  endfacet
  facet normal 0.18275 -0.602408 -0.776986
    outer loop
      vertex 86.2462 80.7067 0.4375
      vertex 87.3825 79.049 1.99
      vertex 85.9424 81.0176 0.125
    endloop
  endfacet
  facet normal 0.197386 -0.592158 -0.781273
    outer loop
      vertex 87.3299 79.1008 1.9375
      vertex 87.3823 79.049 1.99
      vertex 87.3805 79.0484 1.99
    endloop
  endfacet
  facet normal 0.183435 -0.602046 -0.777105
    outer loop
      vertex 87.3823 79.049 1.99
      vertex 87.3299 79.1008 1.9375
      vertex 85.8209 81.1419 0
    endloop
  endfacet
  facet normal 0.0663841 -0.673501 -0.7362
    outer loop
      vertex 87.0528 79.0161 1.99
      vertex 87.3299 79.1008 1.9375
      vertex 87.3805 79.0484 1.99
    endloop
  endfacet
  facet normal -0.182663 -0.602458 -0.776968
    outer loop
      vertex 1.61754 79.049 1.99
      vertex 2.75378 80.7067 0.4375
      vertex 3.05761 81.0176 0.125
    endloop
  endfacet
  facet normal -0.15425 -0.616999 -0.771699
    outer loop
      vertex 2.75378 80.7067 0.4375
      vertex 1.61754 79.049 1.99
      vertex 1.61714 79.0491 1.99
    endloop
  endfacet
  facet normal -0.277684 -0.532398 -0.799652
    outer loop
      vertex 2.75378 80.7067 0.4375
      vertex 2.84891 81.3142 0
      vertex 3.05761 81.0176 0.125
    endloop
  endfacet
  facet normal -0.182786 -0.602582 -0.776842
    outer loop
      vertex 1.24436 79.1622 1.99
      vertex 1.2954 79.2144 1.9375
      vertex 1.55952 79.0666 1.99
    endloop
  endfacet
  facet normal -0.262442 -0.544567 -0.796599
    outer loop
      vertex 1.2427 79.163 1.99
      vertex 1.2954 79.2144 1.9375
      vertex 1.24436 79.1622 1.99
    endloop
  endfacet
  facet normal -0.276434 -0.533222 -0.799537
    outer loop
      vertex 1.2954 79.2144 1.9375
      vertex 1.2427 79.163 1.99
      vertex 2.84891 81.3142 0
    endloop
  endfacet
  facet normal -0.60059 -0.18669 -0.777457
    outer loop
      vertex 1.7094 81.7317 0.4375
      vertex 2.0367 82.5007 0
      vertex 2.02083 82.0312 0.125
    endloop
  endfacet
  facet normal -0.52963 -0.283445 -0.79947
    outer loop
      vertex 0.34604 79.9003 1.99
      vertex 1.7094 81.7317 0.4375
      vertex 2.02083 82.0312 0.125
    endloop
  endfacet
  facet normal -0.5446 -0.268216 -0.794651
    outer loop
      vertex 1.7094 81.7317 0.4375
      vertex 0.34604 79.9003 1.99
      vertex 0.345843 79.9007 1.99
    endloop
  endfacet
  facet normal 0.601005 0.186373 -0.777212
    outer loop
      vertex 86.9633 134.499 0
      vertex 86.9792 134.969 0.125
      vertex 87.2906 135.268 0.4375
    endloop
  endfacet
  facet normal 0.662056 0.132411 -0.737665
    outer loop
      vertex 87.2906 135.268 0.4375
      vertex 88.654 137.1 1.99
      vertex 88.6542 137.099 1.99
    endloop
  endfacet
  facet normal 0.531408 0.281576 -0.79895
    outer loop
      vertex 88.654 137.1 1.99
      vertex 87.2906 135.268 0.4375
      vertex 86.9792 134.969 0.125
    endloop
  endfacet
  facet normal 0 0.683502 -0.729949
    outer loop
      vertex 86.2462 136.293 0.4375
      vertex 87.3825 137.951 1.99
      vertex 87.3829 137.951 1.99
    endloop
  endfacet
  facet normal 0.182459 0.602497 -0.776985
    outer loop
      vertex 87.3825 137.951 1.99
      vertex 86.2462 136.293 0.4375
      vertex 85.9424 135.982 0.125
    endloop
  endfacet
  facet normal 0.276929 0.532911 -0.799572
    outer loop
      vertex 85.9424 135.982 0.125
      vertex 86.2462 136.293 0.4375
      vertex 86.1511 135.686 0
    endloop
  endfacet
  facet normal 0.182208 0.604354 -0.7756
    outer loop
      vertex 87.4405 137.933 1.99
      vertex 87.7556 137.838 1.99
      vertex 87.7046 137.786 1.9375
    endloop
  endfacet
  facet normal 0.302333 0.513966 -0.802766
    outer loop
      vertex 87.7573 137.837 1.99
      vertex 87.7046 137.786 1.9375
      vertex 87.7556 137.838 1.99
    endloop
  endfacet
  facet normal 0.291305 0.52333 -0.800792
    outer loop
      vertex 87.7046 137.786 1.9375
      vertex 87.7573 137.837 1.99
      vertex 86.1511 135.686 0
    endloop
  endfacet
  facet normal -0.276835 0.532928 -0.799594
    outer loop
      vertex 1.2954 137.786 1.9375
      vertex 2.75378 136.293 0.4375
      vertex 2.84891 135.686 0
    endloop
  endfacet
  facet normal -0.29131 0.523325 -0.800793
    outer loop
      vertex 1.2427 137.837 1.99
      vertex 1.2954 137.786 1.9375
      vertex 2.84891 135.686 0
    endloop
  endfacet
  facet normal -0.307132 0.50984 -0.803575
    outer loop
      vertex 1.2954 137.786 1.9375
      vertex 1.2427 137.837 1.99
      vertex 1.24436 137.838 1.99
    endloop
  endfacet
  facet normal 0.183264 -0.603201 -0.776249
    outer loop
      vertex 87.3829 79.0491 1.99
      vertex 87.7046 79.2144 1.9375
      vertex 87.4405 79.0666 1.99
    endloop
  endfacet
  facet normal 0.182737 -0.60241 -0.776987
    outer loop
      vertex 87.7046 79.2144 1.9375
      vertex 87.3829 79.0491 1.99
      vertex 86.2462 80.7067 0.4375
    endloop
  endfacet
  facet normal 0.277671 -0.532411 -0.799648
    outer loop
      vertex 86.1511 81.3142 0
      vertex 87.7046 79.2144 1.9375
      vertex 86.2462 80.7067 0.4375
    endloop
  endfacet
  facet normal 0 -0.687747 -0.725951
    outer loop
      vertex 87.3823 79.049 1.99
      vertex 85.9424 81.0176 0.125
      vertex 87.3825 79.049 1.99
    endloop
  endfacet
  facet normal 0.184032 -0.601713 -0.777222
    outer loop
      vertex 85.9424 81.0176 0.125
      vertex 87.3823 79.049 1.99
      vertex 85.8209 81.1419 0
    endloop
  endfacet
  facet normal 0.277844 -0.532468 -0.79955
    outer loop
      vertex 85.8209 81.1419 0
      vertex 86.1511 81.3142 0
      vertex 85.9424 81.0176 0.125
    endloop
  endfacet
  facet normal 0.178753 -0.604631 -0.776188
    outer loop
      vertex 85.8209 81.1419 0
      vertex 87.0287 79.4129 1.625
      vertex 86.5468 79.9123 1.125
    endloop
  endfacet
  facet normal 0.178915 -0.604546 -0.776217
    outer loop
      vertex 85.8209 81.1419 0
      vertex 87.3299 79.1008 1.9375
      vertex 87.0287 79.4129 1.625
    endloop
  endfacet
  facet normal -0.277753 0.53327 -0.799047
    outer loop
      vertex 2.84891 135.686 0
      vertex 3.05761 135.982 0.125
      vertex 3.17914 135.858 0
    endloop
  endfacet
  facet normal -0.276916 0.532905 -0.799581
    outer loop
      vertex 2.75378 136.293 0.4375
      vertex 3.05761 135.982 0.125
      vertex 2.84891 135.686 0
    endloop
  endfacet
  facet normal -0.182159 0.604309 -0.775647
    outer loop
      vertex 1.24436 137.838 1.99
      vertex 1.55952 137.933 1.99
      vertex 1.2954 137.786 1.9375
    endloop
  endfacet
  facet normal -0.182247 0.602587 -0.776965
    outer loop
      vertex 1.2954 137.786 1.9375
      vertex 1.61714 137.951 1.99
      vertex 2.75378 136.293 0.4375
    endloop
  endfacet
  facet normal -0.193493 0.619393 -0.760864
    outer loop
      vertex 1.61714 137.951 1.99
      vertex 1.2954 137.786 1.9375
      vertex 1.55952 137.933 1.99
    endloop
  endfacet
  facet normal -0.179733 0.604108 -0.776369
    outer loop
      vertex 1.67006 137.899 1.9375
      vertex 1.97125 137.587 1.625
      vertex 3.17914 135.858 0
    endloop
  endfacet
  facet normal -0.0647127 0.67327 -0.736559
    outer loop
      vertex 1.97125 137.587 1.625
      vertex 1.94721 137.984 1.99
      vertex 1.99923 137.989 1.99
    endloop
  endfacet
  facet normal -0.0669177 0.673099 -0.736518
    outer loop
      vertex 1.94721 137.984 1.99
      vertex 1.97125 137.587 1.625
      vertex 1.67006 137.899 1.9375
    endloop
  endfacet
  facet normal 0.0662992 -0.673327 -0.736367
    outer loop
      vertex 87.0528 79.0161 1.99
      vertex 87.0287 79.4129 1.625
      vertex 87.3299 79.1008 1.9375
    endloop
  endfacet
  facet normal 0.0660398 -0.673347 -0.736371
    outer loop
      vertex 87.0287 79.4129 1.625
      vertex 87.0528 79.0161 1.99
      vertex 87.0008 79.011 1.99
    endloop
  endfacet
  facet normal 0.0673338 -0.673338 -0.736263
    outer loop
      vertex 86.9948 79.0104 1.99
      vertex 87.0287 79.4129 1.625
      vertex 87.0008 79.011 1.99
    endloop
  endfacet
  facet normal 0.0662326 -0.673337 -0.736363
    outer loop
      vertex 87.0287 79.4129 1.625
      vertex 86.9948 79.0104 1.99
      vertex 86.5468 79.9123 1.125
    endloop
  endfacet
  facet normal 0.957123 -0.289682 0
    outer loop
      vertex 2.51922 134.695 12
      vertex 2.57612 134.883 2.99
      vertex 2.57612 134.883 12
    endloop
  endfacet
  facet normal 0.957123 -0.289682 0
    outer loop
      vertex 2.57612 134.883 2.99
      vertex 2.51922 134.695 12
      vertex 2.51922 134.695 2.99
    endloop
  endfacet
  facet normal 0 0 1
    outer loop
      vertex 86.5 134.5 2.99
      vertex 86.49 134.49 2.99
      vertex 86.5 82.5 2.99
    endloop
  endfacet
  facet normal -0 0 1
    outer loop
      vertex 86.471 134.683 2.99
      vertex 86.5 134.5 2.99
      vertex 86.4808 134.695 2.99
    endloop
  endfacet
  facet normal 0 0 1
    outer loop
      vertex 86.5 134.5 2.99
      vertex 86.471 134.683 2.99
      vertex 86.49 134.49 2.99
    endloop
  endfacet
  facet normal 0 0 1
    outer loop
      vertex 86.4808 134.695 2.99
      vertex 86.471 134.684 2.99
      vertex 86.471 134.683 2.99
    endloop
  endfacet
  facet normal 0 0 1
    outer loop
      vertex 86.4808 134.695 2.99
      vertex 86.4708 134.685 2.99
      vertex 86.471 134.684 2.99
    endloop
  endfacet
  facet normal -0 0 1
    outer loop
      vertex 86.4145 134.871 2.99
      vertex 86.4808 134.695 2.99
      vertex 86.4239 134.883 2.99
    endloop
  endfacet
  facet normal 0 0 1
    outer loop
      vertex 86.4808 134.695 2.99
      vertex 86.4145 134.871 2.99
      vertex 86.4708 134.685 2.99
    endloop
  endfacet
  facet normal 0 0 1
    outer loop
      vertex 86.4239 134.883 2.99
      vertex 86.4139 134.873 2.99
      vertex 86.4145 134.871 2.99
    endloop
  endfacet
  facet normal 0 0 1
    outer loop
      vertex 86.4239 134.883 2.99
      vertex 86.3511 134.99 2.99
      vertex 86.4139 134.873 2.99
    endloop
  endfacet
  facet normal 0 0 1
    outer loop
      vertex 86.3315 135.056 2.99
      vertex 86.3511 134.99 2.99
      vertex 86.4239 134.883 2.99
    endloop
  endfacet
  facet normal 0 0 1
    outer loop
      vertex 86.3315 135.056 2.99
      vertex 86.3313 135.027 2.99
      vertex 86.3511 134.99 2.99
    endloop
  endfacet
  facet normal 0 0 1
    outer loop
      vertex 86.3315 135.056 2.99
      vertex 86.3252 135.039 2.99
      vertex 86.3313 135.027 2.99
    endloop
  endfacet
  facet normal 0 0 1
    outer loop
      vertex 86.3315 135.056 2.99
      vertex 86.3225 135.044 2.99
      vertex 86.3252 135.039 2.99
    endloop
  endfacet
  facet normal 0 0 1
    outer loop
      vertex 86.3315 135.056 2.99
      vertex 86.3224 135.044 2.99
      vertex 86.3225 135.044 2.99
    endloop
  endfacet
  facet normal 0 0 1
    outer loop
      vertex 86.3315 135.056 2.99
      vertex 86.3215 135.046 2.99
      vertex 86.3224 135.044 2.99
    endloop
  endfacet
  facet normal -0 0 1
    outer loop
      vertex 86.2071 135.185 2.99
      vertex 86.3315 135.056 2.99
      vertex 86.2071 135.207 2.99
    endloop
  endfacet
  facet normal 0 0 1
    outer loop
      vertex 86.3315 135.056 2.99
      vertex 86.2071 135.185 2.99
      vertex 86.3215 135.046 2.99
    endloop
  endfacet
  facet normal 0 0 1
    outer loop
      vertex 86.2071 135.207 2.99
      vertex 86.1984 135.196 2.99
      vertex 86.2071 135.185 2.99
    endloop
  endfacet
  facet normal 0 0 1
    outer loop
      vertex 86.2071 135.207 2.99
      vertex 86.1972 135.197 2.99
      vertex 86.1984 135.196 2.99
    endloop
  endfacet
  facet normal 0 0 1
    outer loop
      vertex 86.2071 135.207 2.99
      vertex 86.0578 135.312 2.99
      vertex 86.1972 135.197 2.99
    endloop
  endfacet
  facet normal 0 0 1
    outer loop
      vertex 86.0556 135.331 2.99
      vertex 86.0578 135.312 2.99
      vertex 86.2071 135.207 2.99
    endloop
  endfacet
  facet normal 0 0 1
    outer loop
      vertex 86.0556 135.331 2.99
      vertex 86.0472 135.32 2.99
      vertex 86.0578 135.312 2.99
    endloop
  endfacet
  facet normal 0 0 1
    outer loop
      vertex 86.0556 135.331 2.99
      vertex 86.0457 135.322 2.99
      vertex 86.0472 135.32 2.99
    endloop
  endfacet
  facet normal 0 0 1
    outer loop
      vertex 86.0556 135.331 2.99
      vertex 85.9005 135.399 2.99
      vertex 86.0457 135.322 2.99
    endloop
  endfacet
  facet normal 0 0 1
    outer loop
      vertex 85.8827 135.424 2.99
      vertex 85.9005 135.399 2.99
      vertex 86.0556 135.331 2.99
    endloop
  endfacet
  facet normal 0 0 1
    outer loop
      vertex 85.8827 135.424 2.99
      vertex 85.877 135.412 2.99
      vertex 85.9005 135.399 2.99
    endloop
  endfacet
  facet normal 0 0 1
    outer loop
      vertex 85.8827 135.424 2.99
      vertex 85.8748 135.413 2.99
      vertex 85.877 135.412 2.99
    endloop
  endfacet
  facet normal 0 0 1
    outer loop
      vertex 85.8827 135.424 2.99
      vertex 85.8745 135.413 2.99
      vertex 85.8748 135.413 2.99
    endloop
  endfacet
  facet normal 0 0 1
    outer loop
      vertex 85.8827 135.424 2.99
      vertex 85.8728 135.414 2.99
      vertex 85.8745 135.413 2.99
    endloop
  endfacet
  facet normal 0 0 1
    outer loop
      vertex 85.8827 135.424 2.99
      vertex 85.7453 135.453 2.99
      vertex 85.8728 135.414 2.99
    endloop
  endfacet
  facet normal 0 0 1
    outer loop
      vertex 85.6951 135.481 2.99
      vertex 85.7453 135.453 2.99
      vertex 85.8827 135.424 2.99
    endloop
  endfacet
  facet normal 0 0 1
    outer loop
      vertex 85.7453 135.453 2.99
      vertex 85.6951 135.481 2.99
      vertex 85.7052 135.465 2.99
    endloop
  endfacet
  facet normal 0 0 1
    outer loop
      vertex 85.6951 135.481 2.99
      vertex 85.689 135.47 2.99
      vertex 85.7052 135.465 2.99
    endloop
  endfacet
  facet normal 0 0 1
    outer loop
      vertex 85.6951 135.481 2.99
      vertex 85.6871 135.47 2.99
      vertex 85.689 135.47 2.99
    endloop
  endfacet
  facet normal 0 0 1
    outer loop
      vertex 85.6951 135.481 2.99
      vertex 85.6853 135.471 2.99
      vertex 85.6871 135.47 2.99
    endloop
  endfacet
  facet normal 0 0 1
    outer loop
      vertex 85.6951 135.481 2.99
      vertex 85.5526 135.484 2.99
      vertex 85.6853 135.471 2.99
    endloop
  endfacet
  facet normal 0 0 1
    outer loop
      vertex 85.5 135.5 2.99
      vertex 85.5526 135.484 2.99
      vertex 85.6951 135.481 2.99
    endloop
  endfacet
  facet normal 0 0 1
    outer loop
      vertex 85.5 135.5 2.99
      vertex 85.4941 135.49 2.99
      vertex 85.5526 135.484 2.99
    endloop
  endfacet
  facet normal 0 0 1
    outer loop
      vertex 85.5 135.5 2.99
      vertex 85.4921 135.49 2.99
      vertex 85.4941 135.49 2.99
    endloop
  endfacet
  facet normal 0 0 1
    outer loop
      vertex 85.5 135.5 2.99
      vertex 85.4902 135.49 2.99
      vertex 85.4921 135.49 2.99
    endloop
  endfacet
  facet normal 0 0 1
    outer loop
      vertex 85.5 135.5 2.99
      vertex 3.50976 135.49 2.99
      vertex 85.4902 135.49 2.99
    endloop
  endfacet
  facet normal -0 0 1
    outer loop
      vertex 3.5 135.5 2.99
      vertex 3.50976 135.49 2.99
      vertex 85.5 135.5 2.99
    endloop
  endfacet
  facet normal 0 0 1
    outer loop
      vertex 3.5 135.5 2.99
      vertex 3.50786 135.49 2.99
      vertex 3.50976 135.49 2.99
    endloop
  endfacet
  facet normal 0 0 1
    outer loop
      vertex 3.5 135.5 2.99
      vertex 3.50591 135.49 2.99
      vertex 3.50786 135.49 2.99
    endloop
  endfacet
  facet normal 0 0 1
    outer loop
      vertex 3.5 135.5 2.99
      vertex 3.44738 135.484 2.99
      vertex 3.50591 135.49 2.99
    endloop
  endfacet
  facet normal 0 0 1
    outer loop
      vertex 3.30491 135.481 2.99
      vertex 3.44738 135.484 2.99
      vertex 3.5 135.5 2.99
    endloop
  endfacet
  facet normal 0 0 1
    outer loop
      vertex 3.44738 135.484 2.99
      vertex 3.30491 135.481 2.99
      vertex 3.31472 135.471 2.99
    endloop
  endfacet
  facet normal 0 0 1
    outer loop
      vertex 3.30491 135.481 2.99
      vertex 3.31289 135.47 2.99
      vertex 3.31472 135.471 2.99
    endloop
  endfacet
  facet normal 0 0 1
    outer loop
      vertex 3.30491 135.481 2.99
      vertex 3.31101 135.47 2.99
      vertex 3.31289 135.47 2.99
    endloop
  endfacet
  facet normal 0 0 1
    outer loop
      vertex 3.30491 135.481 2.99
      vertex 3.29475 135.465 2.99
      vertex 3.31101 135.47 2.99
    endloop
  endfacet
  facet normal 0 0 1
    outer loop
      vertex 3.30491 135.481 2.99
      vertex 3.25474 135.453 2.99
      vertex 3.29475 135.465 2.99
    endloop
  endfacet
  facet normal 0 0 1
    outer loop
      vertex 3.11732 135.424 2.99
      vertex 3.25474 135.453 2.99
      vertex 3.30491 135.481 2.99
    endloop
  endfacet
  facet normal 0 0 1
    outer loop
      vertex 3.11732 135.424 2.99
      vertex 3.12523 135.413 2.99
      vertex 3.12548 135.413 2.99
    endloop
  endfacet
  facet normal 0 0 1
    outer loop
      vertex 3.25474 135.453 2.99
      vertex 3.11732 135.424 2.99
      vertex 3.12717 135.414 2.99
    endloop
  endfacet
  facet normal 0 0 1
    outer loop
      vertex 3.11732 135.424 2.99
      vertex 3.12548 135.413 2.99
      vertex 3.12717 135.414 2.99
    endloop
  endfacet
  facet normal 0 0 1
    outer loop
      vertex 3.12523 135.413 2.99
      vertex 3.11732 135.424 2.99
      vertex 3.12296 135.412 2.99
    endloop
  endfacet
  facet normal 0 0 1
    outer loop
      vertex 3.11732 135.424 2.99
      vertex 3.09955 135.399 2.99
      vertex 3.12296 135.412 2.99
    endloop
  endfacet
  facet normal 0 0 1
    outer loop
      vertex 2.94443 135.331 2.99
      vertex 3.09955 135.399 2.99
      vertex 3.11732 135.424 2.99
    endloop
  endfacet
  facet normal 0 0 1
    outer loop
      vertex 3.09955 135.399 2.99
      vertex 2.94443 135.331 2.99
      vertex 2.95432 135.322 2.99
    endloop
  endfacet
  facet normal 0 0 1
    outer loop
      vertex 2.94443 135.331 2.99
      vertex 2.95284 135.32 2.99
      vertex 2.95432 135.322 2.99
    endloop
  endfacet
  facet normal 0 0 1
    outer loop
      vertex 2.94443 135.331 2.99
      vertex 2.94224 135.312 2.99
      vertex 2.95284 135.32 2.99
    endloop
  endfacet
  facet normal 0 0 1
    outer loop
      vertex 2.79289 135.207 2.99
      vertex 2.94224 135.312 2.99
      vertex 2.94443 135.331 2.99
    endloop
  endfacet
  facet normal 0 0 1
    outer loop
      vertex 2.79289 135.207 2.99
      vertex 2.80161 135.196 2.99
      vertex 2.80282 135.197 2.99
    endloop
  endfacet
  facet normal 0 0 1
    outer loop
      vertex 2.94224 135.312 2.99
      vertex 2.79289 135.207 2.99
      vertex 2.80282 135.197 2.99
    endloop
  endfacet
  facet normal 0 0 1
    outer loop
      vertex 2.80161 135.196 2.99
      vertex 2.79289 135.207 2.99
      vertex 2.80157 135.196 2.99
    endloop
  endfacet
  facet normal 0 0 1
    outer loop
      vertex 2.79289 135.207 2.99
      vertex 2.7929 135.185 2.99
      vertex 2.80157 135.196 2.99
    endloop
  endfacet
  facet normal 0 0 1
    outer loop
      vertex 2.66853 135.056 2.99
      vertex 2.7929 135.185 2.99
      vertex 2.79289 135.207 2.99
    endloop
  endfacet
  facet normal 0 0 1
    outer loop
      vertex 2.66853 135.056 2.99
      vertex 2.67749 135.044 2.99
      vertex 2.67759 135.044 2.99
    endloop
  endfacet
  facet normal 0 0 1
    outer loop
      vertex 2.67749 135.044 2.99
      vertex 2.66853 135.056 2.99
      vertex 2.67482 135.039 2.99
    endloop
  endfacet
  facet normal 0 0 1
    outer loop
      vertex 2.7929 135.185 2.99
      vertex 2.66853 135.056 2.99
      vertex 2.67849 135.046 2.99
    endloop
  endfacet
  facet normal 0 0 1
    outer loop
      vertex 2.66853 135.056 2.99
      vertex 2.67759 135.044 2.99
      vertex 2.67849 135.046 2.99
    endloop
  endfacet
  facet normal 0 0 1
    outer loop
      vertex 2.67482 135.039 2.99
      vertex 2.66853 135.056 2.99
      vertex 2.66866 135.027 2.99
    endloop
  endfacet
  facet normal 0 0 1
    outer loop
      vertex 2.66853 135.056 2.99
      vertex 2.64894 134.99 2.99
      vertex 2.66866 135.027 2.99
    endloop
  endfacet
  facet normal 0 0 1
    outer loop
      vertex 2.57612 134.883 2.99
      vertex 2.64894 134.99 2.99
      vertex 2.66853 135.056 2.99
    endloop
  endfacet
  facet normal 0 0 1
    outer loop
      vertex 2.64894 134.99 2.99
      vertex 2.57612 134.883 2.99
      vertex 2.5861 134.873 2.99
    endloop
  endfacet
  facet normal 0 0 1
    outer loop
      vertex 2.57612 134.883 2.99
      vertex 2.58555 134.871 2.99
      vertex 2.5861 134.873 2.99
    endloop
  endfacet
  facet normal 0 0 1
    outer loop
      vertex 2.57612 134.883 2.99
      vertex 2.58549 134.871 2.99
      vertex 2.58555 134.871 2.99
    endloop
  endfacet
  facet normal 0 0 1
    outer loop
      vertex 2.51922 134.695 2.99
      vertex 2.58549 134.871 2.99
      vertex 2.57612 134.883 2.99
    endloop
  endfacet
  facet normal 0 0 1
    outer loop
      vertex 2.58549 134.871 2.99
      vertex 2.51922 134.695 2.99
      vertex 2.52921 134.685 2.99
    endloop
  endfacet
  facet normal 0 0 1
    outer loop
      vertex 2.51922 134.695 2.99
      vertex 2.52902 134.684 2.99
      vertex 2.52921 134.685 2.99
    endloop
  endfacet
  facet normal 0 0 1
    outer loop
      vertex 2.51922 134.695 2.99
      vertex 2.52899 134.683 2.99
      vertex 2.52902 134.684 2.99
    endloop
  endfacet
  facet normal 0 0 1
    outer loop
      vertex 2.5 134.5 2.99
      vertex 2.52899 134.683 2.99
      vertex 2.51922 134.695 2.99
    endloop
  endfacet
  facet normal 0 0 1
    outer loop
      vertex 2.51 134.49 2.99
      vertex 2.5 134.5 2.99
      vertex 2.51 82.5096 2.99
    endloop
  endfacet
  facet normal 0 0 1
    outer loop
      vertex 2.52899 134.683 2.99
      vertex 2.5 134.5 2.99
      vertex 2.51 134.49 2.99
    endloop
  endfacet
  facet normal -0 0 1
    outer loop
      vertex 86.49 82.5096 2.99
      vertex 86.5 82.5 2.99
      vertex 86.49 134.49 2.99
    endloop
  endfacet
  facet normal 0 0 1
    outer loop
      vertex 86.471 82.3168 2.99
      vertex 86.5 82.5 2.99
      vertex 86.49 82.5096 2.99
    endloop
  endfacet
  facet normal 0 0 1
    outer loop
      vertex 86.5 82.5 2.99
      vertex 86.471 82.3168 2.99
      vertex 86.4808 82.3049 2.99
    endloop
  endfacet
  facet normal -0 0 1
    outer loop
      vertex 86.471 82.3165 2.99
      vertex 86.4808 82.3049 2.99
      vertex 86.471 82.3168 2.99
    endloop
  endfacet
  facet normal -0 0 1
    outer loop
      vertex 86.4708 82.3146 2.99
      vertex 86.4808 82.3049 2.99
      vertex 86.471 82.3165 2.99
    endloop
  endfacet
  facet normal 0 0 1
    outer loop
      vertex 86.4145 82.1291 2.99
      vertex 86.4808 82.3049 2.99
      vertex 86.4708 82.3146 2.99
    endloop
  endfacet
  facet normal 0 0 1
    outer loop
      vertex 86.4808 82.3049 2.99
      vertex 86.4145 82.1291 2.99
      vertex 86.4239 82.1173 2.99
    endloop
  endfacet
  facet normal -0 0 1
    outer loop
      vertex 86.4145 82.1289 2.99
      vertex 86.4239 82.1173 2.99
      vertex 86.4145 82.1291 2.99
    endloop
  endfacet
  facet normal -0 0 1
    outer loop
      vertex 86.4139 82.1271 2.99
      vertex 86.4239 82.1173 2.99
      vertex 86.4145 82.1289 2.99
    endloop
  endfacet
  facet normal 0 0 1
    outer loop
      vertex 86.3511 82.0095 2.99
      vertex 86.4239 82.1173 2.99
      vertex 86.4139 82.1271 2.99
    endloop
  endfacet
  facet normal -0 0 1
    outer loop
      vertex 86.3511 82.0095 2.99
      vertex 86.3315 81.9444 2.99
      vertex 86.4239 82.1173 2.99
    endloop
  endfacet
  facet normal -0 0 1
    outer loop
      vertex 86.3313 81.9726 2.99
      vertex 86.3315 81.9444 2.99
      vertex 86.3511 82.0095 2.99
    endloop
  endfacet
  facet normal -0 0 1
    outer loop
      vertex 86.3252 81.9611 2.99
      vertex 86.3315 81.9444 2.99
      vertex 86.3313 81.9726 2.99
    endloop
  endfacet
  facet normal -0 0 1
    outer loop
      vertex 86.3225 81.9561 2.99
      vertex 86.3315 81.9444 2.99
      vertex 86.3252 81.9611 2.99
    endloop
  endfacet
  facet normal -0 0 1
    outer loop
      vertex 86.3224 81.9559 2.99
      vertex 86.3315 81.9444 2.99
      vertex 86.3225 81.9561 2.99
    endloop
  endfacet
  facet normal -0 0 1
    outer loop
      vertex 86.3215 81.9543 2.99
      vertex 86.3315 81.9444 2.99
      vertex 86.3224 81.9559 2.99
    endloop
  endfacet
  facet normal 0 0 1
    outer loop
      vertex 86.2071 81.8148 2.99
      vertex 86.3315 81.9444 2.99
      vertex 86.3215 81.9543 2.99
    endloop
  endfacet
  facet normal 0 0 1
    outer loop
      vertex 86.3315 81.9444 2.99
      vertex 86.2071 81.8148 2.99
      vertex 86.2071 81.7929 2.99
    endloop
  endfacet
  facet normal -0 0 1
    outer loop
      vertex 86.1984 81.8043 2.99
      vertex 86.2071 81.7929 2.99
      vertex 86.2071 81.8148 2.99
    endloop
  endfacet
  facet normal -0 0 1
    outer loop
      vertex 86.1984 81.8042 2.99
      vertex 86.2071 81.7929 2.99
      vertex 86.1984 81.8043 2.99
    endloop
  endfacet
  facet normal -0 0 1
    outer loop
      vertex 86.1972 81.8028 2.99
      vertex 86.2071 81.7929 2.99
      vertex 86.1984 81.8042 2.99
    endloop
  endfacet
  facet normal 0 0 1
    outer loop
      vertex 86.0578 81.6884 2.99
      vertex 86.2071 81.7929 2.99
      vertex 86.1972 81.8028 2.99
    endloop
  endfacet
  facet normal -0 0 1
    outer loop
      vertex 86.0578 81.6884 2.99
      vertex 86.0556 81.6685 2.99
      vertex 86.2071 81.7929 2.99
    endloop
  endfacet
  facet normal -0 0 1
    outer loop
      vertex 86.0472 81.6797 2.99
      vertex 86.0556 81.6685 2.99
      vertex 86.0578 81.6884 2.99
    endloop
  endfacet
  facet normal -0 0 1
    outer loop
      vertex 86.0457 81.6785 2.99
      vertex 86.0556 81.6685 2.99
      vertex 86.0472 81.6797 2.99
    endloop
  endfacet
  facet normal 0 0 1
    outer loop
      vertex 85.9005 81.6008 2.99
      vertex 86.0556 81.6685 2.99
      vertex 86.0457 81.6785 2.99
    endloop
  endfacet
  facet normal -0 0 1
    outer loop
      vertex 85.9005 81.6008 2.99
      vertex 85.8827 81.5761 2.99
      vertex 86.0556 81.6685 2.99
    endloop
  endfacet
  facet normal -0 0 1
    outer loop
      vertex 85.877 81.5883 2.99
      vertex 85.8827 81.5761 2.99
      vertex 85.9005 81.6008 2.99
    endloop
  endfacet
  facet normal -0 0 1
    outer loop
      vertex 85.8748 81.5871 2.99
      vertex 85.8827 81.5761 2.99
      vertex 85.877 81.5883 2.99
    endloop
  endfacet
  facet normal -0 0 1
    outer loop
      vertex 85.8745 81.587 2.99
      vertex 85.8827 81.5761 2.99
      vertex 85.8748 81.5871 2.99
    endloop
  endfacet
  facet normal -0 0 1
    outer loop
      vertex 85.8728 81.5861 2.99
      vertex 85.8827 81.5761 2.99
      vertex 85.8745 81.587 2.99
    endloop
  endfacet
  facet normal 0 0 1
    outer loop
      vertex 85.7453 81.5474 2.99
      vertex 85.8827 81.5761 2.99
      vertex 85.8728 81.5861 2.99
    endloop
  endfacet
  facet normal 0 0 1
    outer loop
      vertex 85.6951 81.5192 2.99
      vertex 85.7453 81.5474 2.99
      vertex 85.7052 81.5353 2.99
    endloop
  endfacet
  facet normal -0 0 1
    outer loop
      vertex 85.7453 81.5474 2.99
      vertex 85.6951 81.5192 2.99
      vertex 85.8827 81.5761 2.99
    endloop
  endfacet
  facet normal -0 0 1
    outer loop
      vertex 85.689 81.5303 2.99
      vertex 85.6951 81.5192 2.99
      vertex 85.7052 81.5353 2.99
    endloop
  endfacet
  facet normal -0 0 1
    outer loop
      vertex 85.6871 81.5298 2.99
      vertex 85.6951 81.5192 2.99
      vertex 85.689 81.5303 2.99
    endloop
  endfacet
  facet normal -0 0 1
    outer loop
      vertex 85.6853 81.5292 2.99
      vertex 85.6951 81.5192 2.99
      vertex 85.6871 81.5298 2.99
    endloop
  endfacet
  facet normal 0 0 1
    outer loop
      vertex 85.5526 81.5161 2.99
      vertex 85.6951 81.5192 2.99
      vertex 85.6853 81.5292 2.99
    endloop
  endfacet
  facet normal -0 0 1
    outer loop
      vertex 85.5526 81.5161 2.99
      vertex 85.5 81.5 2.99
      vertex 85.6951 81.5192 2.99
    endloop
  endfacet
  facet normal -0 0 1
    outer loop
      vertex 85.4941 81.5104 2.99
      vertex 85.5 81.5 2.99
      vertex 85.5526 81.5161 2.99
    endloop
  endfacet
  facet normal -0 0 1
    outer loop
      vertex 85.4921 81.5102 2.99
      vertex 85.5 81.5 2.99
      vertex 85.4941 81.5104 2.99
    endloop
  endfacet
  facet normal -0 0 1
    outer loop
      vertex 85.4902 81.51 2.99
      vertex 85.5 81.5 2.99
      vertex 85.4921 81.5102 2.99
    endloop
  endfacet
  facet normal -0 0 1
    outer loop
      vertex 3.50976 81.51 2.99
      vertex 85.5 81.5 2.99
      vertex 85.4902 81.51 2.99
    endloop
  endfacet
  facet normal 0 0 1
    outer loop
      vertex 3.50976 81.51 2.99
      vertex 3.5 81.5 2.99
      vertex 85.5 81.5 2.99
    endloop
  endfacet
  facet normal 0 0 1
    outer loop
      vertex 3.50786 81.5102 2.99
      vertex 3.5 81.5 2.99
      vertex 3.50976 81.51 2.99
    endloop
  endfacet
  facet normal 0 0 1
    outer loop
      vertex 3.50591 81.5104 2.99
      vertex 3.5 81.5 2.99
      vertex 3.50786 81.5102 2.99
    endloop
  endfacet
  facet normal 0 0 1
    outer loop
      vertex 3.44738 81.5161 2.99
      vertex 3.5 81.5 2.99
      vertex 3.50591 81.5104 2.99
    endloop
  endfacet
  facet normal -0 0 1
    outer loop
      vertex 3.30491 81.5192 2.99
      vertex 3.44738 81.5161 2.99
      vertex 3.31472 81.5292 2.99
    endloop
  endfacet
  facet normal 0 0 1
    outer loop
      vertex 3.44738 81.5161 2.99
      vertex 3.30491 81.5192 2.99
      vertex 3.5 81.5 2.99
    endloop
  endfacet
  facet normal 0 0 1
    outer loop
      vertex 3.31289 81.5298 2.99
      vertex 3.30491 81.5192 2.99
      vertex 3.31472 81.5292 2.99
    endloop
  endfacet
  facet normal 0 0 1
    outer loop
      vertex 3.31101 81.5303 2.99
      vertex 3.30491 81.5192 2.99
      vertex 3.31289 81.5298 2.99
    endloop
  endfacet
  facet normal 0 0 1
    outer loop
      vertex 3.29475 81.5353 2.99
      vertex 3.30491 81.5192 2.99
      vertex 3.31101 81.5303 2.99
    endloop
  endfacet
  facet normal 0 0 1
    outer loop
      vertex 3.25474 81.5474 2.99
      vertex 3.30491 81.5192 2.99
      vertex 3.29475 81.5353 2.99
    endloop
  endfacet
  facet normal -0 0 1
    outer loop
      vertex 3.11732 81.5761 2.99
      vertex 3.25474 81.5474 2.99
      vertex 3.12717 81.5861 2.99
    endloop
  endfacet
  facet normal 0 0 1
    outer loop
      vertex 3.11732 81.5761 2.99
      vertex 3.12548 81.587 2.99
      vertex 3.12523 81.5871 2.99
    endloop
  endfacet
  facet normal 0 0 1
    outer loop
      vertex 3.25474 81.5474 2.99
      vertex 3.11732 81.5761 2.99
      vertex 3.30491 81.5192 2.99
    endloop
  endfacet
  facet normal 0 0 1
    outer loop
      vertex 3.12548 81.587 2.99
      vertex 3.11732 81.5761 2.99
      vertex 3.12717 81.5861 2.99
    endloop
  endfacet
  facet normal 0 0 1
    outer loop
      vertex 3.12296 81.5883 2.99
      vertex 3.11732 81.5761 2.99
      vertex 3.12523 81.5871 2.99
    endloop
  endfacet
  facet normal 0 0 1
    outer loop
      vertex 3.09955 81.6008 2.99
      vertex 3.11732 81.5761 2.99
      vertex 3.12296 81.5883 2.99
    endloop
  endfacet
  facet normal -0 0 1
    outer loop
      vertex 2.94443 81.6685 2.99
      vertex 3.09955 81.6008 2.99
      vertex 2.95432 81.6785 2.99
    endloop
  endfacet
  facet normal 0 0 1
    outer loop
      vertex 3.09955 81.6008 2.99
      vertex 2.94443 81.6685 2.99
      vertex 3.11732 81.5761 2.99
    endloop
  endfacet
  facet normal 0 0 1
    outer loop
      vertex 2.95284 81.6797 2.99
      vertex 2.94443 81.6685 2.99
      vertex 2.95432 81.6785 2.99
    endloop
  endfacet
  facet normal 0 0 1
    outer loop
      vertex 2.94224 81.6884 2.99
      vertex 2.94443 81.6685 2.99
      vertex 2.95284 81.6797 2.99
    endloop
  endfacet
  facet normal -0 0 1
    outer loop
      vertex 2.79289 81.7929 2.99
      vertex 2.94224 81.6884 2.99
      vertex 2.80282 81.8028 2.99
    endloop
  endfacet
  facet normal 0 0 1
    outer loop
      vertex 2.79289 81.7929 2.99
      vertex 2.80161 81.8042 2.99
      vertex 2.80157 81.8043 2.99
    endloop
  endfacet
  facet normal 0 0 1
    outer loop
      vertex 2.94224 81.6884 2.99
      vertex 2.79289 81.7929 2.99
      vertex 2.94443 81.6685 2.99
    endloop
  endfacet
  facet normal 0 0 1
    outer loop
      vertex 2.80161 81.8042 2.99
      vertex 2.79289 81.7929 2.99
      vertex 2.80282 81.8028 2.99
    endloop
  endfacet
  facet normal 0 0 1
    outer loop
      vertex 2.7929 81.8148 2.99
      vertex 2.79289 81.7929 2.99
      vertex 2.80157 81.8043 2.99
    endloop
  endfacet
  facet normal -0 0 1
    outer loop
      vertex 2.66853 81.9444 2.99
      vertex 2.7929 81.8148 2.99
      vertex 2.67849 81.9543 2.99
    endloop
  endfacet
  facet normal 0 0 1
    outer loop
      vertex 2.66853 81.9444 2.99
      vertex 2.67759 81.9559 2.99
      vertex 2.67749 81.9561 2.99
    endloop
  endfacet
  facet normal 0 0 1
    outer loop
      vertex 2.7929 81.8148 2.99
      vertex 2.66853 81.9444 2.99
      vertex 2.79289 81.7929 2.99
    endloop
  endfacet
  facet normal 0 0 1
    outer loop
      vertex 2.67759 81.9559 2.99
      vertex 2.66853 81.9444 2.99
      vertex 2.67849 81.9543 2.99
    endloop
  endfacet
  facet normal 0 0 1
    outer loop
      vertex 2.67482 81.9611 2.99
      vertex 2.66853 81.9444 2.99
      vertex 2.67749 81.9561 2.99
    endloop
  endfacet
  facet normal 0 0 1
    outer loop
      vertex 2.66866 81.9726 2.99
      vertex 2.66853 81.9444 2.99
      vertex 2.67482 81.9611 2.99
    endloop
  endfacet
  facet normal 0 0 1
    outer loop
      vertex 2.64894 82.0095 2.99
      vertex 2.66853 81.9444 2.99
      vertex 2.66866 81.9726 2.99
    endloop
  endfacet
  facet normal -0 0 1
    outer loop
      vertex 2.57612 82.1173 2.99
      vertex 2.64894 82.0095 2.99
      vertex 2.5861 82.1271 2.99
    endloop
  endfacet
  facet normal 0 0 1
    outer loop
      vertex 2.64894 82.0095 2.99
      vertex 2.57612 82.1173 2.99
      vertex 2.66853 81.9444 2.99
    endloop
  endfacet
  facet normal 0 0 1
    outer loop
      vertex 2.58555 82.1289 2.99
      vertex 2.57612 82.1173 2.99
      vertex 2.5861 82.1271 2.99
    endloop
  endfacet
  facet normal 0 0 1
    outer loop
      vertex 2.58549 82.1291 2.99
      vertex 2.57612 82.1173 2.99
      vertex 2.58555 82.1289 2.99
    endloop
  endfacet
  facet normal -0 0 1
    outer loop
      vertex 2.51922 82.3049 2.99
      vertex 2.58549 82.1291 2.99
      vertex 2.52921 82.3146 2.99
    endloop
  endfacet
  facet normal 0 0 1
    outer loop
      vertex 2.58549 82.1291 2.99
      vertex 2.51922 82.3049 2.99
      vertex 2.57612 82.1173 2.99
    endloop
  endfacet
  facet normal 0 0 1
    outer loop
      vertex 2.52902 82.3165 2.99
      vertex 2.51922 82.3049 2.99
      vertex 2.52921 82.3146 2.99
    endloop
  endfacet
  facet normal 0 0 1
    outer loop
      vertex 2.52899 82.3168 2.99
      vertex 2.51922 82.3049 2.99
      vertex 2.52902 82.3165 2.99
    endloop
  endfacet
  facet normal -0 0 1
    outer loop
      vertex 2.5 82.5 2.99
      vertex 2.52899 82.3168 2.99
      vertex 2.51 82.5096 2.99
    endloop
  endfacet
  facet normal 0 0 1
    outer loop
      vertex 2.52899 82.3168 2.99
      vertex 2.5 82.5 2.99
      vertex 2.51922 82.3049 2.99
    endloop
  endfacet
  facet normal 0 0 1
    outer loop
      vertex 2.5 82.5 2.99
      vertex 2.51 82.5096 2.99
      vertex 2.5 134.5 2.99
    endloop
  endfacet
  facet normal 0.995178 -0.0980888 0
    outer loop
      vertex 2.5 134.5 12
      vertex 2.51922 134.695 2.99
      vertex 2.51922 134.695 12
    endloop
  endfacet
  facet normal 0.995178 -0.0980888 0
    outer loop
      vertex 2.51922 134.695 2.99
      vertex 2.5 134.5 12
      vertex 2.5 134.5 2.99
    endloop
  endfacet
  facet normal -1 0 0
    outer loop
      vertex 86.5 82.5 2.99
      vertex 86.5 134.5 12
      vertex 86.5 134.5 2.99
    endloop
  endfacet
  facet normal -1 -0 0
    outer loop
      vertex 86.5 134.5 12
      vertex 86.5 82.5 2.99
      vertex 86.5 82.5 12
    endloop
  endfacet
  facet normal 0 1 -0
    outer loop
      vertex 85.5 81.5 2.99
      vertex 3.5 81.5 12
      vertex 85.5 81.5 12
    endloop
  endfacet
  facet normal 0 1 0
    outer loop
      vertex 3.5 81.5 12
      vertex 85.5 81.5 2.99
      vertex 3.5 81.5 2.99
    endloop
  endfacet
  facet normal 0.633277 -0.773925 0
    outer loop
      vertex 2.79289 135.207 2.99
      vertex 2.94443 135.331 12
      vertex 2.79289 135.207 12
    endloop
  endfacet
  facet normal 0.633277 -0.773925 0
    outer loop
      vertex 2.94443 135.331 12
      vertex 2.79289 135.207 2.99
      vertex 2.94443 135.331 2.99
    endloop
  endfacet
  facet normal -0.471329 0.881957 0
    outer loop
      vertex 86.0556 81.6685 2.99
      vertex 85.8827 81.5761 12
      vertex 86.0556 81.6685 12
    endloop
  endfacet
  facet normal -0.471329 0.881957 0
    outer loop
      vertex 85.8827 81.5761 12
      vertex 86.0556 81.6685 2.99
      vertex 85.8827 81.5761 2.99
    endloop
  endfacet
  facet normal 0.634498 0.772925 -0
    outer loop
      vertex 2.94443 81.6685 2.99
      vertex 2.79289 81.7929 12
      vertex 2.94443 81.6685 12
    endloop
  endfacet
  facet normal 0.634498 0.772925 0
    outer loop
      vertex 2.79289 81.7929 12
      vertex 2.94443 81.6685 2.99
      vertex 2.79289 81.7929 2.99
    endloop
  endfacet
  facet normal 1 -0 0
    outer loop
      vertex 2.5 82.5 12
      vertex 2.5 134.5 2.99
      vertex 2.5 134.5 12
    endloop
  endfacet
  facet normal 1 0 0
    outer loop
      vertex 2.5 134.5 2.99
      vertex 2.5 82.5 12
      vertex 2.5 82.5 2.99
    endloop
  endfacet
  facet normal -0.0969274 -0.995291 0
    outer loop
      vertex 85.5 135.5 2.99
      vertex 85.6951 135.481 12
      vertex 85.5 135.5 12
    endloop
  endfacet
  facet normal -0.0969274 -0.995291 -0
    outer loop
      vertex 85.6951 135.481 12
      vertex 85.5 135.5 2.99
      vertex 85.6951 135.481 2.99
    endloop
  endfacet
  facet normal 0.290262 0.956947 -0
    outer loop
      vertex 3.30491 81.5192 2.99
      vertex 3.11732 81.5761 12
      vertex 3.30491 81.5192 12
    endloop
  endfacet
  facet normal 0.290262 0.956947 0
    outer loop
      vertex 3.11732 81.5761 12
      vertex 3.30491 81.5192 2.99
      vertex 3.11732 81.5761 2.99
    endloop
  endfacet
  facet normal 0 -1 0
    outer loop
      vertex 3.5 135.5 2.99
      vertex 85.5 135.5 12
      vertex 3.5 135.5 12
    endloop
  endfacet
  facet normal 0 -1 -0
    outer loop
      vertex 85.5 135.5 12
      vertex 3.5 135.5 2.99
      vertex 85.5 135.5 2.99
    endloop
  endfacet
  facet normal -0.633377 -0.773843 0
    outer loop
      vertex 86.0556 135.331 2.99
      vertex 86.2071 135.207 12
      vertex 86.0556 135.331 12
    endloop
  endfacet
  facet normal -0.633377 -0.773843 -0
    outer loop
      vertex 86.2071 135.207 12
      vertex 86.0556 135.331 2.99
      vertex 86.2071 135.207 2.99
    endloop
  endfacet
  facet normal -0.771812 -0.635851 0
    outer loop
      vertex 86.3315 135.056 2.99
      vertex 86.2071 135.207 12
      vertex 86.2071 135.207 2.99
    endloop
  endfacet
  facet normal -0.771812 -0.635851 0
    outer loop
      vertex 86.2071 135.207 12
      vertex 86.3315 135.056 2.99
      vertex 86.3315 135.056 12
    endloop
  endfacet
  facet normal -0.772842 0.634598 0
    outer loop
      vertex 86.2071 81.7929 2.99
      vertex 86.3315 81.9444 12
      vertex 86.3315 81.9444 2.99
    endloop
  endfacet
  facet normal -0.772842 0.634598 0
    outer loop
      vertex 86.3315 81.9444 12
      vertex 86.2071 81.7929 2.99
      vertex 86.2071 81.7929 12
    endloop
  endfacet
  facet normal 0.772942 0.634476 0
    outer loop
      vertex 2.79289 81.7929 12
      vertex 2.66853 81.9444 2.99
      vertex 2.66853 81.9444 12
    endloop
  endfacet
  facet normal 0.772942 0.634476 0
    outer loop
      vertex 2.66853 81.9444 2.99
      vertex 2.79289 81.7929 12
      vertex 2.79289 81.7929 2.99
    endloop
  endfacet
  facet normal -0.881957 0.471329 0
    outer loop
      vertex 86.3315 81.9444 2.99
      vertex 86.4239 82.1173 12
      vertex 86.4239 82.1173 2.99
    endloop
  endfacet
  facet normal -0.881957 0.471329 0
    outer loop
      vertex 86.4239 82.1173 12
      vertex 86.3315 81.9444 2.99
      vertex 86.3315 81.9444 12
    endloop
  endfacet
  facet normal -0.473705 -0.880684 0
    outer loop
      vertex 85.8827 135.424 2.99
      vertex 86.0556 135.331 12
      vertex 85.8827 135.424 12
    endloop
  endfacet
  facet normal -0.473705 -0.880684 -0
    outer loop
      vertex 86.0556 135.331 12
      vertex 85.8827 135.424 2.99
      vertex 86.0556 135.331 2.99
    endloop
  endfacet
  facet normal -0.957123 -0.289682 0
    outer loop
      vertex 86.4808 134.695 2.99
      vertex 86.4239 134.883 12
      vertex 86.4239 134.883 2.99
    endloop
  endfacet
  facet normal -0.957123 -0.289682 0
    outer loop
      vertex 86.4239 134.883 12
      vertex 86.4808 134.695 2.99
      vertex 86.4808 134.695 12
    endloop
  endfacet
  facet normal 0.882049 -0.471157 0
    outer loop
      vertex 2.57612 134.883 12
      vertex 2.66853 135.056 2.99
      vertex 2.66853 135.056 12
    endloop
  endfacet
  facet normal 0.882049 -0.471157 0
    outer loop
      vertex 2.66853 135.056 2.99
      vertex 2.57612 134.883 12
      vertex 2.57612 134.883 2.99
    endloop
  endfacet
  facet normal 0.471351 0.881946 -0
    outer loop
      vertex 3.11732 81.5761 2.99
      vertex 2.94443 81.6685 12
      vertex 3.11732 81.5761 12
    endloop
  endfacet
  facet normal 0.471351 0.881946 0
    outer loop
      vertex 2.94443 81.6685 12
      vertex 3.11732 81.5761 2.99
      vertex 2.94443 81.6685 2.99
    endloop
  endfacet
  facet normal -0.995193 0.097938 0
    outer loop
      vertex 86.4808 82.3049 2.99
      vertex 86.5 82.5 12
      vertex 86.5 82.5 2.99
    endloop
  endfacet
  facet normal -0.995193 0.097938 0
    outer loop
      vertex 86.5 82.5 12
      vertex 86.4808 82.3049 2.99
      vertex 86.4808 82.3049 12
    endloop
  endfacet
  facet normal 0.881936 0.471369 0
    outer loop
      vertex 2.66853 81.9444 12
      vertex 2.57612 82.1173 2.99
      vertex 2.57612 82.1173 12
    endloop
  endfacet
  facet normal 0.881936 0.471369 0
    outer loop
      vertex 2.57612 82.1173 2.99
      vertex 2.66853 81.9444 12
      vertex 2.66853 81.9444 2.99
    endloop
  endfacet
  facet normal -0.956951 0.290248 0
    outer loop
      vertex 86.4239 82.1173 2.99
      vertex 86.4808 82.3049 12
      vertex 86.4808 82.3049 2.99
    endloop
  endfacet
  facet normal -0.956951 0.290248 0
    outer loop
      vertex 86.4808 82.3049 12
      vertex 86.4239 82.1173 2.99
      vertex 86.4239 82.1173 12
    endloop
  endfacet
  facet normal -0.634598 0.772842 0
    outer loop
      vertex 86.2071 81.7929 2.99
      vertex 86.0556 81.6685 12
      vertex 86.2071 81.7929 12
    endloop
  endfacet
  facet normal -0.634598 0.772842 0
    outer loop
      vertex 86.0556 81.6685 12
      vertex 86.2071 81.7929 2.99
      vertex 86.0556 81.6685 2.99
    endloop
  endfacet
  facet normal 0.956951 0.290248 0
    outer loop
      vertex 2.57612 82.1173 12
      vertex 2.51922 82.3049 2.99
      vertex 2.51922 82.3049 12
    endloop
  endfacet
  facet normal 0.956951 0.290248 0
    outer loop
      vertex 2.51922 82.3049 2.99
      vertex 2.57612 82.1173 12
      vertex 2.57612 82.1173 2.99
    endloop
  endfacet
  facet normal 0.995183 0.098039 0
    outer loop
      vertex 2.51922 82.3049 12
      vertex 2.5 82.5 2.99
      vertex 2.5 82.5 12
    endloop
  endfacet
  facet normal 0.995183 0.098039 0
    outer loop
      vertex 2.5 82.5 2.99
      vertex 2.51922 82.3049 12
      vertex 2.51922 82.3049 2.99
    endloop
  endfacet
  facet normal -0.290248 0.956951 0
    outer loop
      vertex 85.8827 81.5761 2.99
      vertex 85.6951 81.5192 12
      vertex 85.8827 81.5761 12
    endloop
  endfacet
  facet normal -0.290248 0.956951 0
    outer loop
      vertex 85.6951 81.5192 12
      vertex 85.8827 81.5761 2.99
      vertex 85.6951 81.5192 2.99
    endloop
  endfacet
  facet normal -0.290715 -0.95681 0
    outer loop
      vertex 85.6951 135.481 2.99
      vertex 85.8827 135.424 12
      vertex 85.6951 135.481 12
    endloop
  endfacet
  facet normal -0.290715 -0.95681 -0
    outer loop
      vertex 85.8827 135.424 12
      vertex 85.6951 135.481 2.99
      vertex 85.8827 135.424 2.99
    endloop
  endfacet
  facet normal 0.771913 -0.635729 0
    outer loop
      vertex 2.66853 135.056 12
      vertex 2.79289 135.207 2.99
      vertex 2.79289 135.207 12
    endloop
  endfacet
  facet normal 0.771913 -0.635729 0
    outer loop
      vertex 2.79289 135.207 2.99
      vertex 2.66853 135.056 12
      vertex 2.66853 135.056 2.99
    endloop
  endfacet
  facet normal 0.473726 -0.880672 0
    outer loop
      vertex 2.94443 135.331 2.99
      vertex 3.11732 135.424 12
      vertex 2.94443 135.331 12
    endloop
  endfacet
  facet normal 0.473726 -0.880672 0
    outer loop
      vertex 3.11732 135.424 12
      vertex 2.94443 135.331 2.99
      vertex 3.11732 135.424 2.99
    endloop
  endfacet
  facet normal -0.097938 0.995193 0
    outer loop
      vertex 85.6951 81.5192 2.99
      vertex 85.5 81.5 12
      vertex 85.6951 81.5192 12
    endloop
  endfacet
  facet normal -0.097938 0.995193 0
    outer loop
      vertex 85.5 81.5 12
      vertex 85.6951 81.5192 2.99
      vertex 85.5 81.5 2.99
    endloop
  endfacet
  facet normal 0.0979429 0.995192 -0
    outer loop
      vertex 3.5 81.5 2.99
      vertex 3.30491 81.5192 12
      vertex 3.5 81.5 12
    endloop
  endfacet
  facet normal 0.0979429 0.995192 0
    outer loop
      vertex 3.30491 81.5192 12
      vertex 3.5 81.5 2.99
      vertex 3.30491 81.5192 2.99
    endloop
  endfacet
  facet normal 0.0969323 -0.995291 0
    outer loop
      vertex 3.30491 135.481 2.99
      vertex 3.5 135.5 12
      vertex 3.30491 135.481 12
    endloop
  endfacet
  facet normal 0.0969323 -0.995291 0
    outer loop
      vertex 3.5 135.5 12
      vertex 3.30491 135.481 2.99
      vertex 3.5 135.5 2.99
    endloop
  endfacet
  facet normal -0.882071 -0.471117 0
    outer loop
      vertex 86.4239 134.883 2.99
      vertex 86.3315 135.056 12
      vertex 86.3315 135.056 2.99
    endloop
  endfacet
  facet normal -0.882071 -0.471117 0
    outer loop
      vertex 86.3315 135.056 12
      vertex 86.4239 134.883 2.99
      vertex 86.4239 134.883 12
    endloop
  endfacet
  facet normal 0.290729 -0.956805 0
    outer loop
      vertex 3.11732 135.424 2.99
      vertex 3.30491 135.481 12
      vertex 3.11732 135.424 12
    endloop
  endfacet
  facet normal 0.290729 -0.956805 0
    outer loop
      vertex 3.30491 135.481 12
      vertex 3.11732 135.424 2.99
      vertex 3.30491 135.481 2.99
    endloop
  endfacet
  facet normal -0.995188 -0.0979877 0
    outer loop
      vertex 86.5 134.5 2.99
      vertex 86.4808 134.695 12
      vertex 86.4808 134.695 2.99
    endloop
  endfacet
  facet normal -0.995188 -0.0979877 0
    outer loop
      vertex 86.4808 134.695 12
      vertex 86.5 134.5 2.99
      vertex 86.5 134.5 12
    endloop
  endfacet
  facet normal 0.278759 0.528608 0.80179
    outer loop
      vertex 3.60997 82.0747 2.5
      vertex 4.10262 82.5733 2
      vertex 3.93385 82.6623 2
    endloop
  endfacet
  facet normal 0.60158 -0.182026 0.777797
    outer loop
      vertex 2.52921 134.685 2.99
      vertex 3.42505 133.816 2.09375
      vertex 2.58549 134.871 2.99
    endloop
  endfacet
  facet normal -0.707748 2.79381e-13 -0.706465
    outer loop
      vertex 2.82567 134.638 2.75
      vertex 3.38715 134.089 2.1875
      vertex 3.48073 133.997 2.09375
    endloop
  endfacet
  facet normal -0.524737 0.284272 0.802397
    outer loop
      vertex 85.3355 82.928 2
      vertex 85.3666 82.8972 2.03125
      vertex 85.4257 83.0945 2
    endloop
  endfacet
  facet normal 0.672286 -0.067206 0.737234
    outer loop
      vertex 2.52902 134.684 2.99
      vertex 3.34375 133.688 2.15625
      vertex 3.5 133.537 2
    endloop
  endfacet
  facet normal 0.702361 -0.0210708 0.711509
    outer loop
      vertex 3.34375 133.688 2.15625
      vertex 2.52902 134.684 2.99
      vertex 2.52899 134.683 2.99
    endloop
  endfacet
  facet normal 0.55293 -0.248818 0.795209
    outer loop
      vertex 2.67759 135.044 2.99
      vertex 2.79303 134.933 2.875
      vertex 2.67849 135.046 2.99
    endloop
  endfacet
  facet normal 0.528106 -0.280989 0.801342
    outer loop
      vertex 2.79303 134.933 2.875
      vertex 2.67759 135.044 2.99
      vertex 3.57431 133.906 2
    endloop
  endfacet
  facet normal -0.281875 0.526747 0.801925
    outer loop
      vertex 85.9005 81.6008 2.99
      vertex 86.0457 81.6785 2.99
      vertex 85.9937 81.7306 2.9375
    endloop
  endfacet
  facet normal -0.46541 -0.349057 0.813359
    outer loop
      vertex 85.9937 135.269 2.9375
      vertex 86.0472 135.32 2.99
      vertex 86.0457 135.322 2.99
    endloop
  endfacet
  facet normal -0.363461 -0.455363 0.812737
    outer loop
      vertex 86.0472 135.32 2.99
      vertex 85.9937 135.269 2.9375
      vertex 85.2141 134.218 2
    endloop
  endfacet
  facet normal -0.278078 -0.524376 0.8048
    outer loop
      vertex 85.9005 135.399 2.99
      vertex 85.9937 135.269 2.9375
      vertex 86.0457 135.322 2.99
    endloop
  endfacet
  facet normal 0.600788 -0.183014 0.778177
    outer loop
      vertex 2.58555 134.871 2.99
      vertex 3.42505 133.816 2.09375
      vertex 3.51876 133.725 2
    endloop
  endfacet
  facet normal 0 -0.647439 0.762118
    outer loop
      vertex 3.42505 133.816 2.09375
      vertex 2.58555 134.871 2.99
      vertex 2.58549 134.871 2.99
    endloop
  endfacet
  facet normal -0.0653494 0.672923 0.736821
    outer loop
      vertex 84.5238 82.5 2
      vertex 84.8594 82.1562 2.34375
      vertex 84.7143 82.5185 2
    endloop
  endfacet
  facet normal 0.672988 -0.0662178 0.736684
    outer loop
      vertex 2.51 134.49 2.99
      vertex 3.34375 133.688 2.15625
      vertex 2.52899 134.683 2.99
    endloop
  endfacet
  facet normal 0.600404 -0.184268 0.778178
    outer loop
      vertex 3.48073 133.997 2.09375
      vertex 3.51876 133.725 2
      vertex 3.57431 133.906 2
    endloop
  endfacet
  facet normal 0.36858 0.451328 0.812682
    outer loop
      vertex 2.95284 81.6797 2.99
      vertex 3.00627 81.7306 2.9375
      vertex 3.78592 82.782 2
    endloop
  endfacet
  facet normal 0.367099 0.452755 0.812559
    outer loop
      vertex 3.00627 81.7306 2.9375
      vertex 2.95284 81.6797 2.99
      vertex 2.95432 81.6785 2.99
    endloop
  endfacet
  facet normal 0.524507 0.284179 0.80258
    outer loop
      vertex 3.57431 83.0945 2
      vertex 3.63339 82.8972 2.03125
      vertex 3.66452 82.928 2
    endloop
  endfacet
  facet normal 0.67235 -0.0670919 0.737187
    outer loop
      vertex 3.42505 133.816 2.09375
      vertex 3.5 133.537 2
      vertex 3.51876 133.725 2
    endloop
  endfacet
  facet normal 0.640526 -0.1217 0.758232
    outer loop
      vertex 2.52902 134.684 2.99
      vertex 3.42505 133.816 2.09375
      vertex 2.52921 134.685 2.99
    endloop
  endfacet
  facet normal 0.672369 -0.0670814 0.737171
    outer loop
      vertex 3.42505 133.816 2.09375
      vertex 2.52902 134.684 2.99
      vertex 3.5 133.537 2
    endloop
  endfacet
  facet normal 0.600133 -0.183826 0.778491
    outer loop
      vertex 2.60731 134.852 2.96875
      vertex 3.51876 133.725 2
      vertex 2.6697 134.791 2.90625
    endloop
  endfacet
  facet normal 0.609912 -0.167726 0.774516
    outer loop
      vertex 2.58555 134.871 2.99
      vertex 2.60731 134.852 2.96875
      vertex 2.5861 134.873 2.99
    endloop
  endfacet
  facet normal 0.599145 -0.185034 0.778966
    outer loop
      vertex 2.60731 134.852 2.96875
      vertex 2.58555 134.871 2.99
      vertex 3.51876 133.725 2
    endloop
  endfacet
  facet normal -0.464626 -0.367477 0.805657
    outer loop
      vertex 86.1984 135.196 2.99
      vertex 86.207 134.933 2.875
      vertex 86.2071 135.185 2.99
    endloop
  endfacet
  facet normal -0.450352 -0.37003 0.812564
    outer loop
      vertex 86.207 134.933 2.875
      vertex 86.1984 135.196 2.99
      vertex 85.3666 134.103 2.03125
    endloop
  endfacet
  facet normal -0.729836 0 0.683623
    outer loop
      vertex 85.575 83.1841 2.09375
      vertex 86.4145 82.1289 2.99
      vertex 86.4145 82.1291 2.99
    endloop
  endfacet
  facet normal -0.599059 0.185073 0.779023
    outer loop
      vertex 86.4145 82.1289 2.99
      vertex 85.575 83.1841 2.09375
      vertex 85.4812 83.2751 2
    endloop
  endfacet
  facet normal 0.601256 0.182419 0.777955
    outer loop
      vertex 2.52921 82.3146 2.99
      vertex 2.58549 82.1291 2.99
      vertex 3.42505 83.1841 2.09375
    endloop
  endfacet
  facet normal 0.278901 -0.528877 0.801563
    outer loop
      vertex 3.60997 134.925 2.5
      vertex 3.93385 134.338 2
      vertex 4.10262 134.427 2
    endloop
  endfacet
  facet normal 0.0664607 0.673029 0.736624
    outer loop
      vertex 3.31472 81.5292 2.99
      vertex 3.44738 81.5161 2.99
      vertex 3.33556 81.5504 2.96875
    endloop
  endfacet
  facet normal -0.364187 0.455234 0.812484
    outer loop
      vertex 86.0472 81.6797 2.99
      vertex 85.9937 81.7306 2.9375
      vertex 86.0457 81.6785 2.99
    endloop
  endfacet
  facet normal -0.366903 0.452623 0.81272
    outer loop
      vertex 85.9937 81.7306 2.9375
      vertex 86.0472 81.6797 2.99
      vertex 85.2141 82.782 2
    endloop
  endfacet
  facet normal 0.187876 0.597439 0.779595
    outer loop
      vertex 3.31289 81.5298 2.99
      vertex 3.33556 81.5504 2.96875
      vertex 4.10262 82.5733 2
    endloop
  endfacet
  facet normal 0.194289 0.592582 0.781728
    outer loop
      vertex 3.33556 81.5504 2.96875
      vertex 3.31289 81.5298 2.99
      vertex 3.31472 81.5292 2.99
    endloop
  endfacet
  facet normal 0.599945 -0.184127 0.778565
    outer loop
      vertex 2.82567 134.638 2.75
      vertex 3.51876 133.725 2
      vertex 3.38715 134.089 2.1875
    endloop
  endfacet
  facet normal 0.598231 -0.186122 0.779409
    outer loop
      vertex 2.6697 134.791 2.90625
      vertex 3.51876 133.725 2
      vertex 2.82567 134.638 2.75
    endloop
  endfacet
  facet normal 0 -0.650298 0.759679
    outer loop
      vertex 86.3224 135.044 2.99
      vertex 85.5193 133.997 2.09375
      vertex 86.3225 135.044 2.99
    endloop
  endfacet
  facet normal -0.532839 -0.276039 0.799928
    outer loop
      vertex 85.5193 133.997 2.09375
      vertex 86.3224 135.044 2.99
      vertex 85.4257 133.906 2
    endloop
  endfacet
  facet normal 0.065522 0.672808 0.73691
    outer loop
      vertex 3.79533 82.0189 2.5
      vertex 3.44738 81.5161 2.99
      vertex 3.50591 81.5104 2.99
    endloop
  endfacet
  facet normal 0.0662132 0.672523 0.737109
    outer loop
      vertex 3.44738 81.5161 2.99
      vertex 3.79533 82.0189 2.5
      vertex 3.33556 81.5504 2.96875
    endloop
  endfacet
  facet normal -0.0670033 -0.671796 0.737699
    outer loop
      vertex 84.5238 134.5 2
      vertex 84.7143 134.481 2
      vertex 84.8594 134.844 2.34375
    endloop
  endfacet
  facet normal -0.599892 -0.184099 0.778613
    outer loop
      vertex 85.4812 133.725 2
      vertex 86.3927 134.852 2.96875
      vertex 86.3303 134.791 2.90625
    endloop
  endfacet
  facet normal 0.598906 -0.184829 0.779198
    outer loop
      vertex 3.38715 134.089 2.1875
      vertex 3.51876 133.725 2
      vertex 3.48073 133.997 2.09375
    endloop
  endfacet
  facet normal 0 -0.707244 0.70697
    outer loop
      vertex 84.8594 134.844 2.34375
      vertex 85.4921 135.49 2.99
      vertex 85.4902 135.49 2.99
    endloop
  endfacet
  facet normal -0.0679912 -0.671538 0.737844
    outer loop
      vertex 85.4921 135.49 2.99
      vertex 84.8594 134.844 2.34375
      vertex 84.7143 134.481 2
    endloop
  endfacet
  facet normal 0.526983 -0.281664 0.801844
    outer loop
      vertex 2.67482 135.039 2.99
      vertex 2.6697 134.791 2.90625
      vertex 2.82567 134.638 2.75
    endloop
  endfacet
  facet normal 0.542963 -0.278721 0.792153
    outer loop
      vertex 2.6697 134.791 2.90625
      vertex 2.67482 135.039 2.99
      vertex 2.66866 135.027 2.99
    endloop
  endfacet
  facet normal 0 0.707134 0.707079
    outer loop
      vertex 84.8594 82.1562 2.34375
      vertex 3.50976 81.51 2.99
      vertex 85.4902 81.51 2.99
    endloop
  endfacet
  facet normal 0 0.707134 0.707079
    outer loop
      vertex 84.8594 82.1562 2.34375
      vertex 4.14062 82.1562 2.34375
      vertex 3.50976 81.51 2.99
    endloop
  endfacet
  facet normal 0 0.707055 0.707158
    outer loop
      vertex 84.5238 82.5 2
      vertex 4.14062 82.1562 2.34375
      vertex 84.8594 82.1562 2.34375
    endloop
  endfacet
  facet normal 0 0.707055 0.707158
    outer loop
      vertex 4.14062 82.1562 2.34375
      vertex 84.5238 82.5 2
      vertex 4.47619 82.5 2
    endloop
  endfacet
  facet normal 0.17927 -0.597716 0.781408
    outer loop
      vertex 3.25474 135.453 2.99
      vertex 3.20969 135.33 2.90625
      vertex 3.29475 135.465 2.99
    endloop
  endfacet
  facet normal 0.180831 -0.597931 0.780884
    outer loop
      vertex 3.20969 135.33 2.90625
      vertex 3.25474 135.453 2.99
      vertex 3.14811 135.393 2.96875
    endloop
  endfacet
  facet normal 0 -0.672866 0.739764
    outer loop
      vertex 85.8745 135.413 2.99
      vertex 85.1898 134.462 2.125
      vertex 85.8748 135.413 2.99
    endloop
  endfacet
  facet normal -0.285496 -0.524205 0.80231
    outer loop
      vertex 85.1898 134.462 2.125
      vertex 85.8745 135.413 2.99
      vertex 85.0662 134.338 2
    endloop
  endfacet
  facet normal 0.672879 0.066335 0.736773
    outer loop
      vertex 3.34375 83.3125 2.15625
      vertex 2.52902 82.3165 2.99
      vertex 3.5 83.463 2
    endloop
  endfacet
  facet normal 0.672272 0.0672272 0.737245
    outer loop
      vertex 2.52902 82.3165 2.99
      vertex 3.34375 83.3125 2.15625
      vertex 2.52899 82.3168 2.99
    endloop
  endfacet
  facet normal -0.182301 0.600603 0.778488
    outer loop
      vertex 85.7453 81.5474 2.99
      vertex 85.8728 81.5861 2.99
      vertex 85.8519 81.6073 2.96875
    endloop
  endfacet
  facet normal -0.294081 -0.531608 0.794298
    outer loop
      vertex 85.877 135.412 2.99
      vertex 85.9937 135.269 2.9375
      vertex 85.9005 135.399 2.99
    endloop
  endfacet
  facet normal -0.283457 -0.525769 0.80201
    outer loop
      vertex 85.9937 135.269 2.9375
      vertex 85.877 135.412 2.99
      vertex 85.6536 134.928 2.59375
    endloop
  endfacet
  facet normal -0.523488 -0.28445 0.803149
    outer loop
      vertex 85.3355 134.072 2
      vertex 85.4257 133.906 2
      vertex 85.3666 134.103 2.03125
    endloop
  endfacet
  facet normal 0.447399 -0.372015 0.813289
    outer loop
      vertex 3.66452 134.072 2
      vertex 3.78592 134.218 2
      vertex 3.75489 134.249 2.03125
    endloop
  endfacet
  facet normal 0.065662 0.672839 0.73687
    outer loop
      vertex 3.50786 81.5102 2.99
      vertex 4.14062 82.1562 2.34375
      vertex 4.28575 82.5185 2
    endloop
  endfacet
  facet normal 0.0705372 0.670103 0.738909
    outer loop
      vertex 4.14062 82.1562 2.34375
      vertex 3.50786 81.5102 2.99
      vertex 3.50976 81.51 2.99
    endloop
  endfacet
  facet normal 0.0653693 0.672915 0.736826
    outer loop
      vertex 4.14062 82.1562 2.34375
      vertex 4.47619 82.5 2
      vertex 4.28575 82.5185 2
    endloop
  endfacet
  facet normal 0.281873 0.526537 0.802064
    outer loop
      vertex 3.81017 82.5381 2.125
      vertex 3.12548 81.587 2.99
      vertex 3.93385 82.6623 2
    endloop
  endfacet
  facet normal 0.224822 0.562055 0.795958
    outer loop
      vertex 3.12548 81.587 2.99
      vertex 3.81017 82.5381 2.125
      vertex 3.12523 81.5871 2.99
    endloop
  endfacet
  facet normal 0.450162 -0.370526 0.812444
    outer loop
      vertex 2.67849 135.046 2.99
      vertex 2.79303 134.933 2.875
      vertex 2.7929 135.185 2.99
    endloop
  endfacet
  facet normal -0.527292 0.281581 0.80167
    outer loop
      vertex 86.3511 82.0095 2.99
      vertex 86.4139 82.1271 2.99
      vertex 86.3927 82.1479 2.96875
    endloop
  endfacet
  facet normal -0.70722 0 0.706994
    outer loop
      vertex 85.6562 83.3125 2.15625
      vertex 85.6562 133.688 2.15625
      vertex 85.5 133.537 2
    endloop
  endfacet
  facet normal -0.70722 0 0.706994
    outer loop
      vertex 85.6562 83.3125 2.15625
      vertex 85.5 133.537 2
      vertex 85.5 83.463 2
    endloop
  endfacet
  facet normal -0.707086 0 0.707128
    outer loop
      vertex 85.6562 133.688 2.15625
      vertex 85.6562 83.3125 2.15625
      vertex 86.49 134.49 2.99
    endloop
  endfacet
  facet normal -0.707086 0 0.707128
    outer loop
      vertex 86.49 134.49 2.99
      vertex 85.6562 83.3125 2.15625
      vertex 86.49 82.5096 2.99
    endloop
  endfacet
  facet normal -0.715188 0 0.698932
    outer loop
      vertex 85.6562 83.3125 2.15625
      vertex 86.471 82.3165 2.99
      vertex 86.471 82.3168 2.99
    endloop
  endfacet
  facet normal -0.673599 0.0652301 0.736213
    outer loop
      vertex 86.471 82.3165 2.99
      vertex 85.6562 83.3125 2.15625
      vertex 85.5 83.463 2
    endloop
  endfacet
  facet normal 0.340838 -0.451611 0.824547
    outer loop
      vertex 2.91702 135.083 2.875
      vertex 2.95284 135.32 2.99
      vertex 2.94224 135.312 2.99
    endloop
  endfacet
  facet normal 0.370091 -0.450235 0.812601
    outer loop
      vertex 2.95284 135.32 2.99
      vertex 2.91702 135.083 2.875
      vertex 3.78592 134.218 2
    endloop
  endfacet
  facet normal -0.278872 -0.528917 0.801547
    outer loop
      vertex 84.8974 134.427 2
      vertex 85.0662 134.338 2
      vertex 85.39 134.925 2.5
    endloop
  endfacet
  facet normal -0.590912 0.196971 0.782321
    outer loop
      vertex 86.4145 82.1289 2.99
      vertex 86.3927 82.1479 2.96875
      vertex 86.4139 82.1271 2.99
    endloop
  endfacet
  facet normal -0.596549 0.188144 0.780212
    outer loop
      vertex 86.3927 82.1479 2.96875
      vertex 86.4145 82.1289 2.99
      vertex 85.4812 83.2751 2
    endloop
  endfacet
  facet normal -0.447989 0.372506 0.812739
    outer loop
      vertex 85.2141 82.782 2
      vertex 85.2451 82.7511 2.03125
      vertex 85.3355 82.928 2
    endloop
  endfacet
  facet normal -0.177871 -0.603114 0.77757
    outer loop
      vertex 84.7143 134.481 2
      vertex 84.8974 134.427 2
      vertex 85.2047 134.981 2.5
    endloop
  endfacet
  facet normal -0.601232 0.182476 0.77796
    outer loop
      vertex 85.575 83.1841 2.09375
      vertex 86.4145 82.1291 2.99
      vertex 86.4708 82.3146 2.99
    endloop
  endfacet
  facet normal 0.528729 -0.281798 0.800647
    outer loop
      vertex 2.64894 134.99 2.99
      vertex 2.6697 134.791 2.90625
      vertex 2.66866 135.027 2.99
    endloop
  endfacet
  facet normal 0.526931 -0.282396 0.801621
    outer loop
      vertex 2.6697 134.791 2.90625
      vertex 2.64894 134.99 2.99
      vertex 2.60731 134.852 2.96875
    endloop
  endfacet
  facet normal 0.600248 0.183659 0.778442
    outer loop
      vertex 2.60731 82.1479 2.96875
      vertex 2.6697 82.2089 2.90625
      vertex 3.51876 83.2751 2
    endloop
  endfacet
  facet normal 0 -0.668588 0.743633
    outer loop
      vertex 85.6871 135.47 2.99
      vertex 85.39 134.925 2.5
      vertex 85.689 135.47 2.99
    endloop
  endfacet
  facet normal -0.184028 -0.599797 0.778702
    outer loop
      vertex 85.39 134.925 2.5
      vertex 85.6871 135.47 2.99
      vertex 84.8974 134.427 2
    endloop
  endfacet
  facet normal 0.526263 0.282794 0.801919
    outer loop
      vertex 3.48073 83.0028 2.09375
      vertex 2.67759 81.9559 2.99
      vertex 3.57431 83.0945 2
    endloop
  endfacet
  facet normal 0.539096 0.269548 0.797947
    outer loop
      vertex 2.67759 81.9559 2.99
      vertex 3.48073 83.0028 2.09375
      vertex 2.67749 81.9561 2.99
    endloop
  endfacet
  facet normal -0.370473 -0.449077 0.813068
    outer loop
      vertex 86.0578 135.312 2.99
      vertex 86.083 135.083 2.875
      vertex 86.1972 135.197 2.99
    endloop
  endfacet
  facet normal -0.17714 -0.603441 0.777483
    outer loop
      vertex 84.8974 134.427 2
      vertex 85.6644 135.45 2.96875
      vertex 85.2047 134.981 2.5
    endloop
  endfacet
  facet normal -0.369773 0.450528 0.812584
    outer loop
      vertex 86.083 81.9165 2.875
      vertex 86.0472 81.6797 2.99
      vertex 86.0578 81.6884 2.99
    endloop
  endfacet
  facet normal -0.369591 0.450538 0.812661
    outer loop
      vertex 86.0472 81.6797 2.99
      vertex 86.083 81.9165 2.875
      vertex 85.2141 82.782 2
    endloop
  endfacet
  facet normal -0.755345 0 0.655328
    outer loop
      vertex 85.3666 82.8972 2.03125
      vertex 86.1984 81.8042 2.99
      vertex 86.1984 81.8043 2.99
    endloop
  endfacet
  facet normal -0.449115 0.371132 0.812747
    outer loop
      vertex 86.1984 81.8042 2.99
      vertex 85.3666 82.8972 2.03125
      vertex 85.3355 82.928 2
    endloop
  endfacet
  facet normal -0.160563 0.61014 0.775854
    outer loop
      vertex 85.39 82.0747 2.5
      vertex 85.6871 81.5298 2.99
      vertex 85.689 81.5303 2.99
    endloop
  endfacet
  facet normal -0.182088 0.600729 0.77844
    outer loop
      vertex 85.6871 81.5298 2.99
      vertex 85.39 82.0747 2.5
      vertex 84.8974 82.5733 2
    endloop
  endfacet
  facet normal 0.672373 0.0671025 0.737165
    outer loop
      vertex 2.52902 82.3165 2.99
      vertex 3.42505 83.1841 2.09375
      vertex 3.5 83.463 2
    endloop
  endfacet
  facet normal 0.672302 0.0672302 0.737218
    outer loop
      vertex 3.42505 83.1841 2.09375
      vertex 2.52902 82.3165 2.99
      vertex 2.52921 82.3146 2.99
    endloop
  endfacet
  facet normal 0.447713 0.372382 0.812948
    outer loop
      vertex 2.80161 81.8042 2.99
      vertex 2.91702 81.9165 2.875
      vertex 3.66452 82.928 2
    endloop
  endfacet
  facet normal 0.440206 0.380463 0.813306
    outer loop
      vertex 2.91702 81.9165 2.875
      vertex 2.80161 81.8042 2.99
      vertex 2.80282 81.8028 2.99
    endloop
  endfacet
  facet normal -0.0688506 -0.671293 0.737987
    outer loop
      vertex 85.2047 134.981 2.5
      vertex 85.5526 135.484 2.99
      vertex 85.4941 135.49 2.99
    endloop
  endfacet
  facet normal -0.0646379 -0.673033 0.736782
    outer loop
      vertex 85.5526 135.484 2.99
      vertex 85.2047 134.981 2.5
      vertex 85.6644 135.45 2.96875
    endloop
  endfacet
  facet normal 0.281537 0.526768 0.80203
    outer loop
      vertex 3.00627 81.7306 2.9375
      vertex 3.12296 81.5883 2.99
      vertex 3.34638 82.0722 2.59375
    endloop
  endfacet
  facet normal 0.281162 0.52656 0.802299
    outer loop
      vertex 3.12296 81.5883 2.99
      vertex 3.00627 81.7306 2.9375
      vertex 3.09955 81.6008 2.99
    endloop
  endfacet
  facet normal 0.281895 0.526894 0.801822
    outer loop
      vertex 2.95432 81.6785 2.99
      vertex 3.09955 81.6008 2.99
      vertex 3.00627 81.7306 2.9375
    endloop
  endfacet
  facet normal 0.278097 -0.52452 0.804699
    outer loop
      vertex 2.95432 135.322 2.99
      vertex 3.00627 135.269 2.9375
      vertex 3.09955 135.399 2.99
    endloop
  endfacet
  facet normal 0.369703 0.45056 0.812598
    outer loop
      vertex 2.80282 81.8028 2.99
      vertex 2.94224 81.6884 2.99
      vertex 2.91702 81.9165 2.875
    endloop
  endfacet
  facet normal 0.450661 0.369773 0.81251
    outer loop
      vertex 2.79303 82.0674 2.875
      vertex 2.80157 81.8043 2.99
      vertex 3.63339 82.8972 2.03125
    endloop
  endfacet
  facet normal 0.448317 0.370182 0.81362
    outer loop
      vertex 2.80157 81.8043 2.99
      vertex 2.79303 82.0674 2.875
      vertex 2.7929 81.8148 2.99
    endloop
  endfacet
  facet normal -0.44185 0.378729 0.813224
    outer loop
      vertex 86.1984 81.8042 2.99
      vertex 86.083 81.9165 2.875
      vertex 86.1972 81.8028 2.99
    endloop
  endfacet
  facet normal -0.447841 0.372271 0.812929
    outer loop
      vertex 86.083 81.9165 2.875
      vertex 86.1984 81.8042 2.99
      vertex 85.3355 82.928 2
    endloop
  endfacet
  facet normal 0 -0.70685 0.707364
    outer loop
      vertex 84.8594 134.844 2.34375
      vertex 4.47619 134.5 2
      vertex 84.5238 134.5 2
    endloop
  endfacet
  facet normal 0 -0.707244 0.70697
    outer loop
      vertex 4.14062 134.844 2.34375
      vertex 84.8594 134.844 2.34375
      vertex 85.4902 135.49 2.99
    endloop
  endfacet
  facet normal 0 -0.70685 0.707364
    outer loop
      vertex 84.8594 134.844 2.34375
      vertex 4.14062 134.844 2.34375
      vertex 4.47619 134.5 2
    endloop
  endfacet
  facet normal 0 -0.707244 0.70697
    outer loop
      vertex 4.14062 134.844 2.34375
      vertex 85.4902 135.49 2.99
      vertex 3.50976 135.49 2.99
    endloop
  endfacet
  facet normal -0.672878 0.0663106 0.736775
    outer loop
      vertex 85.6562 83.3125 2.15625
      vertex 86.471 82.3168 2.99
      vertex 86.49 82.5096 2.99
    endloop
  endfacet
  facet normal -0.37258 -0.447096 0.813197
    outer loop
      vertex 86.083 135.083 2.875
      vertex 86.1984 135.196 2.99
      vertex 86.1972 135.197 2.99
    endloop
  endfacet
  facet normal -0.43962 -0.379516 0.814065
    outer loop
      vertex 86.1984 135.196 2.99
      vertex 86.083 135.083 2.875
      vertex 85.3355 134.072 2
    endloop
  endfacet
  facet normal 0.182029 0.600759 0.77843
    outer loop
      vertex 3.60997 82.0747 2.5
      vertex 3.31289 81.5298 2.99
      vertex 4.10262 82.5733 2
    endloop
  endfacet
  facet normal 0.162097 0.609485 0.776049
    outer loop
      vertex 3.31289 81.5298 2.99
      vertex 3.60997 82.0747 2.5
      vertex 3.31101 81.5303 2.99
    endloop
  endfacet
  facet normal 0.0661437 -0.672374 0.73725
    outer loop
      vertex 3.50786 135.49 2.99
      vertex 3.79533 134.981 2.5
      vertex 4.28575 134.481 2
    endloop
  endfacet
  facet normal 0 -0.693533 0.720425
    outer loop
      vertex 3.79533 134.981 2.5
      vertex 3.50786 135.49 2.99
      vertex 3.50591 135.49 2.99
    endloop
  endfacet
  facet normal 0.525154 -0.282057 0.802905
    outer loop
      vertex 2.5861 134.873 2.99
      vertex 2.60731 134.852 2.96875
      vertex 2.64894 134.99 2.99
    endloop
  endfacet
  facet normal -0.671936 0.0672294 0.737552
    outer loop
      vertex 85.4812 83.2751 2
      vertex 85.575 83.1841 2.09375
      vertex 85.5 83.463 2
    endloop
  endfacet
  facet normal -0.670455 0.0705742 0.738586
    outer loop
      vertex 86.471 82.3165 2.99
      vertex 85.575 83.1841 2.09375
      vertex 86.4708 82.3146 2.99
    endloop
  endfacet
  facet normal -0.672483 0.0669237 0.73708
    outer loop
      vertex 85.575 83.1841 2.09375
      vertex 86.471 82.3165 2.99
      vertex 85.5 83.463 2
    endloop
  endfacet
  facet normal -0.599227 0.184873 0.778941
    outer loop
      vertex 85.4812 83.2751 2
      vertex 86.1743 82.3616 2.75
      vertex 86.3303 82.2089 2.90625
    endloop
  endfacet
  facet normal -0.530214 0.281244 0.799859
    outer loop
      vertex 86.3303 82.2089 2.90625
      vertex 86.3252 81.9611 2.99
      vertex 86.3313 81.9726 2.99
    endloop
  endfacet
  facet normal -0.527139 0.281801 0.801694
    outer loop
      vertex 86.3252 81.9611 2.99
      vertex 86.3303 82.2089 2.90625
      vertex 86.1743 82.3616 2.75
    endloop
  endfacet
  facet normal -0.0705375 0.670106 0.738906
    outer loop
      vertex 85.4921 81.5102 2.99
      vertex 84.8594 82.1562 2.34375
      vertex 85.4902 81.51 2.99
    endloop
  endfacet
  facet normal -0.0656629 0.672841 0.736867
    outer loop
      vertex 84.8594 82.1562 2.34375
      vertex 85.4921 81.5102 2.99
      vertex 84.7143 82.5185 2
    endloop
  endfacet
  facet normal 0.177846 -0.603127 0.777566
    outer loop
      vertex 3.79533 134.981 2.5
      vertex 4.10262 134.427 2
      vertex 4.28575 134.481 2
    endloop
  endfacet
  facet normal -0.0672216 0.672216 0.737297
    outer loop
      vertex 85.2047 82.0189 2.5
      vertex 85.4921 81.5102 2.99
      vertex 85.4941 81.5104 2.99
    endloop
  endfacet
  facet normal -0.0664573 0.672481 0.737124
    outer loop
      vertex 85.4921 81.5102 2.99
      vertex 85.2047 82.0189 2.5
      vertex 84.7143 82.5185 2
    endloop
  endfacet
  facet normal 0.0664736 0.672471 0.737133
    outer loop
      vertex 3.79533 82.0189 2.5
      vertex 3.50786 81.5102 2.99
      vertex 4.28575 82.5185 2
    endloop
  endfacet
  facet normal 0.0688853 0.671631 0.737676
    outer loop
      vertex 3.50786 81.5102 2.99
      vertex 3.79533 82.0189 2.5
      vertex 3.50591 81.5104 2.99
    endloop
  endfacet
  facet normal 0.366624 0.452825 0.812734
    outer loop
      vertex 3.00627 81.7306 2.9375
      vertex 3.34638 82.0722 2.59375
      vertex 3.78592 82.782 2
    endloop
  endfacet
  facet normal 0.281335 0.526875 0.80203
    outer loop
      vertex 3.34638 82.0722 2.59375
      vertex 3.12523 81.5871 2.99
      vertex 3.81017 82.5381 2.125
    endloop
  endfacet
  facet normal 0.279095 0.527956 0.802103
    outer loop
      vertex 3.12523 81.5871 2.99
      vertex 3.34638 82.0722 2.59375
      vertex 3.12296 81.5883 2.99
    endloop
  endfacet
  facet normal 0.527175 0.281832 0.801659
    outer loop
      vertex 2.6697 82.2089 2.90625
      vertex 2.67482 81.9611 2.99
      vertex 2.82567 82.3616 2.75
    endloop
  endfacet
  facet normal 0.526406 0.281971 0.802115
    outer loop
      vertex 2.67482 81.9611 2.99
      vertex 2.6697 82.2089 2.90625
      vertex 2.66866 81.9726 2.99
    endloop
  endfacet
  facet normal 0.59922 0.184915 0.778937
    outer loop
      vertex 2.58555 82.1289 2.99
      vertex 2.60731 82.1479 2.96875
      vertex 3.51876 83.2751 2
    endloop
  endfacet
  facet normal 0.600181 0.183389 0.778557
    outer loop
      vertex 2.60731 82.1479 2.96875
      vertex 2.58555 82.1289 2.99
      vertex 2.5861 82.1271 2.99
    endloop
  endfacet
  facet normal -0.290244 -0.52244 0.801757
    outer loop
      vertex 85.6644 135.45 2.96875
      vertex 85.6871 135.47 2.99
      vertex 85.6853 135.471 2.99
    endloop
  endfacet
  facet normal -0.236242 -0.568868 0.787768
    outer loop
      vertex 85.6871 135.47 2.99
      vertex 85.6644 135.45 2.96875
      vertex 84.8974 134.427 2
    endloop
  endfacet
  facet normal -0.369733 0.450532 0.8126
    outer loop
      vertex 86.0578 81.6884 2.99
      vertex 86.1972 81.8028 2.99
      vertex 86.083 81.9165 2.875
    endloop
  endfacet
  facet normal 0.369009 -0.451114 0.812606
    outer loop
      vertex 3.00627 135.269 2.9375
      vertex 3.78592 134.218 2
      vertex 3.34638 134.928 2.59375
    endloop
  endfacet
  facet normal -0.36898 -0.451148 0.812601
    outer loop
      vertex 85.2141 134.218 2
      vertex 85.9937 135.269 2.9375
      vertex 85.6536 134.928 2.59375
    endloop
  endfacet
  facet normal -0.246866 -0.543105 0.802555
    outer loop
      vertex 85.8748 135.413 2.99
      vertex 85.6536 134.928 2.59375
      vertex 85.877 135.412 2.99
    endloop
  endfacet
  facet normal -0.280959 -0.527109 0.802009
    outer loop
      vertex 85.6536 134.928 2.59375
      vertex 85.8748 135.413 2.99
      vertex 85.1898 134.462 2.125
    endloop
  endfacet
  facet normal -0.546797 -0.277955 0.789781
    outer loop
      vertex 86.3252 135.039 2.99
      vertex 86.3303 134.791 2.90625
      vertex 86.3313 135.027 2.99
    endloop
  endfacet
  facet normal -0.526948 -0.281632 0.801879
    outer loop
      vertex 86.3303 134.791 2.90625
      vertex 86.3252 135.039 2.99
      vertex 86.1743 134.638 2.75
    endloop
  endfacet
  facet normal -0.601413 -0.180424 0.778299
    outer loop
      vertex 86.3927 134.852 2.96875
      vertex 86.4145 134.871 2.99
      vertex 86.4139 134.873 2.99
    endloop
  endfacet
  facet normal -0.596473 -0.188264 0.780241
    outer loop
      vertex 86.4145 134.871 2.99
      vertex 86.3927 134.852 2.96875
      vertex 85.4812 133.725 2
    endloop
  endfacet
  facet normal -0.180127 0.601846 0.778033
    outer loop
      vertex 84.7143 82.5185 2
      vertex 85.2047 82.0189 2.5
      vertex 84.8974 82.5733 2
    endloop
  endfacet
  facet normal -0.0662605 -0.676367 0.733579
    outer loop
      vertex 85.5526 135.484 2.99
      vertex 85.6644 135.45 2.96875
      vertex 85.6853 135.471 2.99
    endloop
  endfacet
  facet normal 0.527831 -0.281132 0.801473
    outer loop
      vertex 2.67749 135.044 2.99
      vertex 2.82567 134.638 2.75
      vertex 3.48073 133.997 2.09375
    endloop
  endfacet
  facet normal 0.527201 -0.281525 0.80175
    outer loop
      vertex 2.82567 134.638 2.75
      vertex 2.67749 135.044 2.99
      vertex 2.67482 135.039 2.99
    endloop
  endfacet
  facet normal 0.533278 -0.27557 0.799797
    outer loop
      vertex 2.67759 135.044 2.99
      vertex 3.48073 133.997 2.09375
      vertex 3.57431 133.906 2
    endloop
  endfacet
  facet normal 0 -0.650298 0.759679
    outer loop
      vertex 3.48073 133.997 2.09375
      vertex 2.67759 135.044 2.99
      vertex 2.67749 135.044 2.99
    endloop
  endfacet
  facet normal -0.527501 0.281621 0.801519
    outer loop
      vertex 86.3303 82.2089 2.90625
      vertex 86.3511 82.0095 2.99
      vertex 86.3927 82.1479 2.96875
    endloop
  endfacet
  facet normal -0.525855 0.282166 0.802408
    outer loop
      vertex 86.3511 82.0095 2.99
      vertex 86.3303 82.2089 2.90625
      vertex 86.3313 81.9726 2.99
    endloop
  endfacet
  facet normal -0.600006 0.183932 0.778564
    outer loop
      vertex 85.4812 83.2751 2
      vertex 86.3303 82.2089 2.90625
      vertex 86.3927 82.1479 2.96875
    endloop
  endfacet
  facet normal -0.539107 0.269553 0.797938
    outer loop
      vertex 85.5193 83.0028 2.09375
      vertex 86.3224 81.9559 2.99
      vertex 86.3225 81.9561 2.99
    endloop
  endfacet
  facet normal -0.525815 0.283267 0.802046
    outer loop
      vertex 86.3224 81.9559 2.99
      vertex 85.5193 83.0028 2.09375
      vertex 85.4257 83.0945 2
    endloop
  endfacet
  facet normal -0.599565 0.184252 0.778828
    outer loop
      vertex 85.4257 83.0945 2
      vertex 85.5193 83.0028 2.09375
      vertex 85.4812 83.2751 2
    endloop
  endfacet
  facet normal -0.447124 0.370474 0.814143
    outer loop
      vertex 86.207 82.0674 2.875
      vertex 86.1984 81.8043 2.99
      vertex 86.2071 81.8148 2.99
    endloop
  endfacet
  facet normal -0.45055 0.369878 0.812524
    outer loop
      vertex 86.1984 81.8043 2.99
      vertex 86.207 82.0674 2.875
      vertex 85.3666 82.8972 2.03125
    endloop
  endfacet
  facet normal -0.524827 0.284289 0.802332
    outer loop
      vertex 85.3666 82.8972 2.03125
      vertex 86.207 82.0674 2.875
      vertex 85.4257 83.0945 2
    endloop
  endfacet
  facet normal -0.447698 0.372395 0.81295
    outer loop
      vertex 85.2451 82.7511 2.03125
      vertex 86.083 81.9165 2.875
      vertex 85.3355 82.928 2
    endloop
  endfacet
  facet normal -0.268238 -0.804713 -0.529609
    outer loop
      vertex 85.2141 82.782 2
      vertex 86.083 81.9165 2.875
      vertex 85.2451 82.7511 2.03125
    endloop
  endfacet
  facet normal -0.601556 -0.182084 0.777802
    outer loop
      vertex 85.575 133.816 2.09375
      vertex 86.4708 134.685 2.99
      vertex 86.4145 134.871 2.99
    endloop
  endfacet
  facet normal -0.637027 -0.127405 0.760239
    outer loop
      vertex 85.575 133.816 2.09375
      vertex 86.471 134.684 2.99
      vertex 86.4708 134.685 2.99
    endloop
  endfacet
  facet normal -0.672479 -0.0669026 0.737086
    outer loop
      vertex 86.471 134.684 2.99
      vertex 85.575 133.816 2.09375
      vertex 85.5 133.537 2
    endloop
  endfacet
  facet normal 0.179714 0.602034 0.777983
    outer loop
      vertex 3.33556 81.5504 2.96875
      vertex 3.79533 82.0189 2.5
      vertex 4.10262 82.5733 2
    endloop
  endfacet
  facet normal 0.180101 0.60186 0.778029
    outer loop
      vertex 3.79533 82.0189 2.5
      vertex 4.28575 82.5185 2
      vertex 4.10262 82.5733 2
    endloop
  endfacet
  facet normal 0.366412 0.452969 0.812749
    outer loop
      vertex 3.34638 82.0722 2.59375
      vertex 3.81017 82.5381 2.125
      vertex 3.78592 82.782 2
    endloop
  endfacet
  facet normal 0.366519 0.452958 0.812707
    outer loop
      vertex 3.78592 82.782 2
      vertex 3.81017 82.5381 2.125
      vertex 3.93385 82.6623 2
    endloop
  endfacet
  facet normal 0.447461 0.372607 0.812984
    outer loop
      vertex 3.63339 82.8972 2.03125
      vertex 2.80161 81.8042 2.99
      vertex 3.66452 82.928 2
    endloop
  endfacet
  facet normal 0.586023 0.234409 0.775647
    outer loop
      vertex 2.80161 81.8042 2.99
      vertex 3.63339 82.8972 2.03125
      vertex 2.80157 81.8043 2.99
    endloop
  endfacet
  facet normal 0.524876 0.284247 0.802315
    outer loop
      vertex 2.79303 82.0674 2.875
      vertex 3.63339 82.8972 2.03125
      vertex 3.57431 83.0945 2
    endloop
  endfacet
  facet normal 0.773281 -0.154656 0.614913
    outer loop
      vertex 2.91702 81.9165 2.875
      vertex 3.78592 82.782 2
      vertex 3.75489 82.7511 2.03125
    endloop
  endfacet
  facet normal 0.369563 0.450564 0.812659
    outer loop
      vertex 2.91702 81.9165 2.875
      vertex 2.95284 81.6797 2.99
      vertex 3.78592 82.782 2
    endloop
  endfacet
  facet normal 0.369792 0.450551 0.812562
    outer loop
      vertex 2.95284 81.6797 2.99
      vertex 2.91702 81.9165 2.875
      vertex 2.94224 81.6884 2.99
    endloop
  endfacet
  facet normal 0.599533 0.184522 0.778789
    outer loop
      vertex 2.6697 82.2089 2.90625
      vertex 2.82567 82.3616 2.75
      vertex 3.51876 83.2751 2
    endloop
  endfacet
  facet normal 0.59953 0.184407 0.778818
    outer loop
      vertex 3.48073 83.0028 2.09375
      vertex 3.57431 83.0945 2
      vertex 3.51876 83.2751 2
    endloop
  endfacet
  facet normal 0.527278 0.281787 0.801607
    outer loop
      vertex 2.6697 82.2089 2.90625
      vertex 2.64894 82.0095 2.99
      vertex 2.66866 81.9726 2.99
    endloop
  endfacet
  facet normal 0.52747 0.281723 0.801503
    outer loop
      vertex 2.64894 82.0095 2.99
      vertex 2.6697 82.2089 2.90625
      vertex 2.60731 82.1479 2.96875
    endloop
  endfacet
  facet normal 0.527087 0.281651 0.801781
    outer loop
      vertex 2.5861 82.1271 2.99
      vertex 2.64894 82.0095 2.99
      vertex 2.60731 82.1479 2.96875
    endloop
  endfacet
  facet normal 0.672916 0.0662795 0.736743
    outer loop
      vertex 2.51 82.5096 2.99
      vertex 2.52899 82.3168 2.99
      vertex 3.34375 83.3125 2.15625
    endloop
  endfacet
  facet normal 0.707107 -0 0.707107
    outer loop
      vertex 3.34375 83.3125 2.15625
      vertex 3.34375 133.688 2.15625
      vertex 2.51 134.49 2.99
    endloop
  endfacet
  facet normal 0.707107 0 0.707107
    outer loop
      vertex 3.34375 133.688 2.15625
      vertex 3.34375 83.3125 2.15625
      vertex 3.5 133.537 2
    endloop
  endfacet
  facet normal 0.707107 0 0.707107
    outer loop
      vertex 3.5 133.537 2
      vertex 3.34375 83.3125 2.15625
      vertex 3.5 83.463 2
    endloop
  endfacet
  facet normal 0.707107 0 0.707107
    outer loop
      vertex 3.34375 83.3125 2.15625
      vertex 2.51 134.49 2.99
      vertex 2.51 82.5096 2.99
    endloop
  endfacet
  facet normal 0.672331 0.0671258 0.737201
    outer loop
      vertex 3.42505 83.1841 2.09375
      vertex 3.51876 83.2751 2
      vertex 3.5 83.463 2
    endloop
  endfacet
  facet normal 0.600899 0.182851 0.77813
    outer loop
      vertex 3.42505 83.1841 2.09375
      vertex 2.58555 82.1289 2.99
      vertex 3.51876 83.2751 2
    endloop
  endfacet
  facet normal 0.602606 0.180782 0.777293
    outer loop
      vertex 2.58555 82.1289 2.99
      vertex 3.42505 83.1841 2.09375
      vertex 2.58549 82.1291 2.99
    endloop
  endfacet
  facet normal -0.43992 -0.379251 0.814026
    outer loop
      vertex 85.3666 134.103 2.03125
      vertex 86.1984 135.196 2.99
      vertex 85.3355 134.072 2
    endloop
  endfacet
  facet normal -0.524503 -0.284638 0.80242
    outer loop
      vertex 85.3666 134.103 2.03125
      vertex 85.4257 133.906 2
      vertex 86.207 134.933 2.875
    endloop
  endfacet
  facet normal 0.602687 0.180806 -0.777225
    outer loop
      vertex 85.2141 134.218 2
      vertex 85.2451 134.249 2.03125
      vertex 86.083 135.083 2.875
    endloop
  endfacet
  facet normal -0.340821 -0.451588 0.824566
    outer loop
      vertex 86.0472 135.32 2.99
      vertex 86.083 135.083 2.875
      vertex 86.0578 135.312 2.99
    endloop
  endfacet
  facet normal -0.370119 -0.450209 0.812603
    outer loop
      vertex 86.083 135.083 2.875
      vertex 86.0472 135.32 2.99
      vertex 85.2141 134.218 2
    endloop
  endfacet
  facet normal 0 -0.693533 0.720425
    outer loop
      vertex 85.4921 135.49 2.99
      vertex 85.2047 134.981 2.5
      vertex 85.4941 135.49 2.99
    endloop
  endfacet
  facet normal -0.0661275 -0.672384 0.737242
    outer loop
      vertex 85.2047 134.981 2.5
      vertex 85.4921 135.49 2.99
      vertex 84.7143 134.481 2
    endloop
  endfacet
  facet normal 0.287143 -0.525472 0.800892
    outer loop
      vertex 3.31289 135.47 2.99
      vertex 3.33556 135.45 2.96875
      vertex 3.31472 135.471 2.99
    endloop
  endfacet
  facet normal 0.237247 -0.568243 0.787918
    outer loop
      vertex 3.33556 135.45 2.96875
      vertex 3.31289 135.47 2.99
      vertex 4.10262 134.427 2
    endloop
  endfacet
  facet normal 0.0662885 -0.676449 0.7335
    outer loop
      vertex 3.31472 135.471 2.99
      vertex 3.33556 135.45 2.96875
      vertex 3.44738 135.484 2.99
    endloop
  endfacet
  facet normal 0.0670236 -0.671788 0.737705
    outer loop
      vertex 4.14062 134.844 2.34375
      vertex 4.28575 134.481 2
      vertex 4.47619 134.5 2
    endloop
  endfacet
  facet normal 0 -0.707244 0.70697
    outer loop
      vertex 3.50786 135.49 2.99
      vertex 4.14062 134.844 2.34375
      vertex 3.50976 135.49 2.99
    endloop
  endfacet
  facet normal 0.0679902 -0.671535 0.737847
    outer loop
      vertex 4.14062 134.844 2.34375
      vertex 3.50786 135.49 2.99
      vertex 4.28575 134.481 2
    endloop
  endfacet
  facet normal 0.253533 -0.545014 0.799175
    outer loop
      vertex 3.14811 135.393 2.96875
      vertex 3.93385 134.338 2
      vertex 3.20969 135.33 2.90625
    endloop
  endfacet
  facet normal 0.277772 -0.52949 0.801551
    outer loop
      vertex 3.20969 135.33 2.90625
      vertex 3.93385 134.338 2
      vertex 3.60997 134.925 2.5
    endloop
  endfacet
  facet normal 0.295689 -0.532468 0.793124
    outer loop
      vertex 3.00627 135.269 2.9375
      vertex 3.12296 135.412 2.99
      vertex 3.09955 135.399 2.99
    endloop
  endfacet
  facet normal 0.283465 -0.525757 0.802014
    outer loop
      vertex 3.12296 135.412 2.99
      vertex 3.00627 135.269 2.9375
      vertex 3.34638 134.928 2.59375
    endloop
  endfacet
  facet normal 0.468125 -0.346412 0.812932
    outer loop
      vertex 2.95284 135.32 2.99
      vertex 3.00627 135.269 2.9375
      vertex 2.95432 135.322 2.99
    endloop
  endfacet
  facet normal 0.365135 -0.454076 0.812706
    outer loop
      vertex 3.00627 135.269 2.9375
      vertex 2.95284 135.32 2.99
      vertex 3.78592 134.218 2
    endloop
  endfacet
  facet normal 0.438252 -0.380718 0.814241
    outer loop
      vertex 2.80161 135.196 2.99
      vertex 3.63339 134.103 2.03125
      vertex 3.66452 134.072 2
    endloop
  endfacet
  facet normal 0 -0.659429 0.751767
    outer loop
      vertex 3.63339 134.103 2.03125
      vertex 2.80161 135.196 2.99
      vertex 2.80157 135.196 2.99
    endloop
  endfacet
  facet normal 0.523259 -0.284357 0.803331
    outer loop
      vertex 3.57431 133.906 2
      vertex 3.66452 134.072 2
      vertex 3.63339 134.103 2.03125
    endloop
  endfacet
  facet normal 0.370848 -0.448726 0.813091
    outer loop
      vertex 2.80161 135.196 2.99
      vertex 2.91702 135.083 2.875
      vertex 2.80282 135.197 2.99
    endloop
  endfacet
  facet normal 0.439491 -0.379627 0.814083
    outer loop
      vertex 2.91702 135.083 2.875
      vertex 2.80161 135.196 2.99
      vertex 3.66452 134.072 2
    endloop
  endfacet
  facet normal 0.370443 -0.449106 0.813066
    outer loop
      vertex 2.80282 135.197 2.99
      vertex 2.91702 135.083 2.875
      vertex 2.94224 135.312 2.99
    endloop
  endfacet
  facet normal -0.524711 0.283344 0.802742
    outer loop
      vertex 86.1743 82.3616 2.75
      vertex 86.3225 81.9561 2.99
      vertex 86.3252 81.9611 2.99
    endloop
  endfacet
  facet normal -0.527359 0.281692 0.801587
    outer loop
      vertex 86.3225 81.9561 2.99
      vertex 86.1743 82.3616 2.75
      vertex 85.5193 83.0028 2.09375
    endloop
  endfacet
  facet normal -0.599939 0.184043 0.778589
    outer loop
      vertex 85.4812 83.2751 2
      vertex 85.6129 82.9112 2.1875
      vertex 86.1743 82.3616 2.75
    endloop
  endfacet
  facet normal -0.518799 0.291824 0.803546
    outer loop
      vertex 86.3224 81.9559 2.99
      vertex 86.207 82.0674 2.875
      vertex 86.3215 81.9543 2.99
    endloop
  endfacet
  facet normal -0.524962 0.284152 0.802292
    outer loop
      vertex 86.207 82.0674 2.875
      vertex 86.3224 81.9559 2.99
      vertex 85.4257 83.0945 2
    endloop
  endfacet
  facet normal -0.450819 0.369704 0.812454
    outer loop
      vertex 86.207 82.0674 2.875
      vertex 86.2071 81.8148 2.99
      vertex 86.3215 81.9543 2.99
    endloop
  endfacet
  facet normal 0.279599 0.528063 0.801857
    outer loop
      vertex 3.14811 81.6073 2.96875
      vertex 3.20969 81.6696 2.90625
      vertex 3.93385 82.6623 2
    endloop
  endfacet
  facet normal 0.181638 0.600605 0.778641
    outer loop
      vertex 3.20969 81.6696 2.90625
      vertex 3.25474 81.5474 2.99
      vertex 3.29475 81.5353 2.99
    endloop
  endfacet
  facet normal 0.182318 0.600698 0.77841
    outer loop
      vertex 3.25474 81.5474 2.99
      vertex 3.20969 81.6696 2.90625
      vertex 3.14811 81.6073 2.96875
    endloop
  endfacet
  facet normal 0.450744 0.369675 0.812509
    outer loop
      vertex 2.67849 81.9543 2.99
      vertex 2.7929 81.8148 2.99
      vertex 2.79303 82.0674 2.875
    endloop
  endfacet
  facet normal 0.524354 0.284775 0.802468
    outer loop
      vertex 2.67759 81.9559 2.99
      vertex 2.79303 82.0674 2.875
      vertex 3.57431 83.0945 2
    endloop
  endfacet
  facet normal 0.518724 0.291782 0.80361
    outer loop
      vertex 2.79303 82.0674 2.875
      vertex 2.67759 81.9559 2.99
      vertex 2.67849 81.9543 2.99
    endloop
  endfacet
  facet normal 0.447754 0.372346 0.812942
    outer loop
      vertex 2.91702 81.9165 2.875
      vertex 3.75489 82.7511 2.03125
      vertex 3.66452 82.928 2
    endloop
  endfacet
  facet normal 0.447833 0.372376 0.812885
    outer loop
      vertex 3.66452 82.928 2
      vertex 3.75489 82.7511 2.03125
      vertex 3.78592 82.782 2
    endloop
  endfacet
  facet normal 0.59968 0.184351 0.778716
    outer loop
      vertex 3.38715 82.9112 2.1875
      vertex 3.48073 83.0028 2.09375
      vertex 3.51876 83.2751 2
    endloop
  endfacet
  facet normal 0.527266 0.281772 0.80162
    outer loop
      vertex 2.82567 82.3616 2.75
      vertex 2.67749 81.9561 2.99
      vertex 3.48073 83.0028 2.09375
    endloop
  endfacet
  facet normal 0.527449 0.281658 0.80154
    outer loop
      vertex 2.67749 81.9561 2.99
      vertex 2.82567 82.3616 2.75
      vertex 2.67482 81.9611 2.99
    endloop
  endfacet
  facet normal -0.597923 -0.186474 0.779561
    outer loop
      vertex 85.4812 133.725 2
      vertex 86.3303 134.791 2.90625
      vertex 86.1743 134.638 2.75
    endloop
  endfacet
  facet normal -0.600438 -0.184112 0.778188
    outer loop
      vertex 85.4257 133.906 2
      vertex 85.4812 133.725 2
      vertex 85.5193 133.997 2.09375
    endloop
  endfacet
  facet normal -0.527304 -0.282179 0.801452
    outer loop
      vertex 86.3303 134.791 2.90625
      vertex 86.3511 134.99 2.99
      vertex 86.3313 135.027 2.99
    endloop
  endfacet
  facet normal -0.526962 -0.282293 0.801637
    outer loop
      vertex 86.3511 134.99 2.99
      vertex 86.3303 134.791 2.90625
      vertex 86.3927 134.852 2.96875
    endloop
  endfacet
  facet normal -0.52536 -0.281988 0.802795
    outer loop
      vertex 86.3511 134.99 2.99
      vertex 86.3927 134.852 2.96875
      vertex 86.4139 134.873 2.99
    endloop
  endfacet
  facet normal -0.715188 0 0.698932
    outer loop
      vertex 86.471 134.684 2.99
      vertex 85.6562 133.688 2.15625
      vertex 86.471 134.683 2.99
    endloop
  endfacet
  facet normal -0.673017 -0.0660877 0.736669
    outer loop
      vertex 85.6562 133.688 2.15625
      vertex 86.471 134.684 2.99
      vertex 85.5 133.537 2
    endloop
  endfacet
  facet normal -0.672949 -0.0662489 0.736716
    outer loop
      vertex 85.6562 133.688 2.15625
      vertex 86.49 134.49 2.99
      vertex 86.471 134.683 2.99
    endloop
  endfacet
  facet normal -0.671955 -0.0671955 0.737538
    outer loop
      vertex 85.4812 133.725 2
      vertex 85.5 133.537 2
      vertex 85.575 133.816 2.09375
    endloop
  endfacet
  facet normal -0.598946 -0.185238 0.77907
    outer loop
      vertex 85.575 133.816 2.09375
      vertex 86.4145 134.871 2.99
      vertex 85.4812 133.725 2
    endloop
  endfacet
  facet normal -0.366434 -0.452881 0.812788
    outer loop
      vertex 85.1898 134.462 2.125
      vertex 85.2141 134.218 2
      vertex 85.6536 134.928 2.59375
    endloop
  endfacet
  facet normal -0.367371 -0.452785 0.812419
    outer loop
      vertex 85.0662 134.338 2
      vertex 85.2141 134.218 2
      vertex 85.1898 134.462 2.125
    endloop
  endfacet
  facet normal -0.450237 -0.370555 0.812389
    outer loop
      vertex 86.207 134.933 2.875
      vertex 86.3215 135.046 2.99
      vertex 86.2071 135.185 2.99
    endloop
  endfacet
  facet normal -0.553014 -0.248857 0.795139
    outer loop
      vertex 86.207 134.933 2.875
      vertex 86.3224 135.044 2.99
      vertex 86.3215 135.046 2.99
    endloop
  endfacet
  facet normal -0.528707 -0.280369 0.801163
    outer loop
      vertex 86.3224 135.044 2.99
      vertex 86.207 134.933 2.875
      vertex 85.4257 133.906 2
    endloop
  endfacet
  facet normal -0.447959 -0.3723 0.81285
    outer loop
      vertex 85.2451 134.249 2.03125
      vertex 85.3355 134.072 2
      vertex 86.083 135.083 2.875
    endloop
  endfacet
  facet normal -0.447555 -0.372145 0.813143
    outer loop
      vertex 85.2141 134.218 2
      vertex 85.3355 134.072 2
      vertex 85.2451 134.249 2.03125
    endloop
  endfacet
  facet normal 0.177068 -0.603475 0.777473
    outer loop
      vertex 3.33556 135.45 2.96875
      vertex 4.10262 134.427 2
      vertex 3.79533 134.981 2.5
    endloop
  endfacet
  facet normal 0.0688164 -0.671304 0.737981
    outer loop
      vertex 3.44738 135.484 2.99
      vertex 3.79533 134.981 2.5
      vertex 3.50591 135.49 2.99
    endloop
  endfacet
  facet normal 0.0646267 -0.673035 0.736782
    outer loop
      vertex 3.79533 134.981 2.5
      vertex 3.44738 135.484 2.99
      vertex 3.33556 135.45 2.96875
    endloop
  endfacet
  facet normal 0.184309 -0.599373 0.778962
    outer loop
      vertex 3.20969 135.33 2.90625
      vertex 3.31101 135.47 2.99
      vertex 3.29475 135.465 2.99
    endloop
  endfacet
  facet normal 0.184222 -0.599339 0.779009
    outer loop
      vertex 3.31101 135.47 2.99
      vertex 3.20969 135.33 2.90625
      vertex 3.60997 134.925 2.5
    endloop
  endfacet
  facet normal 0.183969 -0.599827 0.778693
    outer loop
      vertex 3.31289 135.47 2.99
      vertex 3.60997 134.925 2.5
      vertex 4.10262 134.427 2
    endloop
  endfacet
  facet normal 0 -0.668588 0.743633
    outer loop
      vertex 3.60997 134.925 2.5
      vertex 3.31289 135.47 2.99
      vertex 3.31101 135.47 2.99
    endloop
  endfacet
  facet normal 0.302781 -0.5117 0.804044
    outer loop
      vertex 3.12548 135.413 2.99
      vertex 3.14811 135.393 2.96875
      vertex 3.12717 135.414 2.99
    endloop
  endfacet
  facet normal 0.299681 -0.514525 0.803402
    outer loop
      vertex 3.14811 135.393 2.96875
      vertex 3.12548 135.413 2.99
      vertex 3.93385 134.338 2
    endloop
  endfacet
  facet normal 0.184144 -0.602339 0.77671
    outer loop
      vertex 3.12717 135.414 2.99
      vertex 3.14811 135.393 2.96875
      vertex 3.25474 135.453 2.99
    endloop
  endfacet
  facet normal 0.366511 -0.452814 0.812791
    outer loop
      vertex 3.34638 134.928 2.59375
      vertex 3.78592 134.218 2
      vertex 3.81017 134.462 2.125
    endloop
  endfacet
  facet normal 0.280913 -0.52715 0.801998
    outer loop
      vertex 3.12523 135.413 2.99
      vertex 3.34638 134.928 2.59375
      vertex 3.81017 134.462 2.125
    endloop
  endfacet
  facet normal 0.240526 -0.545993 0.802521
    outer loop
      vertex 3.34638 134.928 2.59375
      vertex 3.12523 135.413 2.99
      vertex 3.12296 135.412 2.99
    endloop
  endfacet
  facet normal 0.450464 -0.369925 0.81255
    outer loop
      vertex 2.80157 135.196 2.99
      vertex 2.79303 134.933 2.875
      vertex 3.63339 134.103 2.03125
    endloop
  endfacet
  facet normal 0.465839 -0.367166 0.805098
    outer loop
      vertex 2.79303 134.933 2.875
      vertex 2.80157 135.196 2.99
      vertex 2.7929 135.185 2.99
    endloop
  endfacet
  facet normal 0.524551 -0.284597 0.802403
    outer loop
      vertex 2.79303 134.933 2.875
      vertex 3.57431 133.906 2
      vertex 3.63339 134.103 2.03125
    endloop
  endfacet
  facet normal 0.448015 -0.372251 0.812842
    outer loop
      vertex 2.91702 135.083 2.875
      vertex 3.66452 134.072 2
      vertex 3.75489 134.249 2.03125
    endloop
  endfacet
  facet normal -0.702527 0.0140505 -0.711519
    outer loop
      vertex 2.91702 135.083 2.875
      vertex 3.75489 134.249 2.03125
      vertex 3.78592 134.218 2
    endloop
  endfacet
  facet normal 0 0.715261 0.698858
    outer loop
      vertex 85.5193 83.0028 2.09375
      vertex 86.1743 82.3616 2.75
      vertex 85.6129 82.9112 2.1875
    endloop
  endfacet
  facet normal -0.599714 0.184196 0.778726
    outer loop
      vertex 85.4812 83.2751 2
      vertex 85.5193 83.0028 2.09375
      vertex 85.6129 82.9112 2.1875
    endloop
  endfacet
  facet normal 0 0 1
    outer loop
      vertex 84.5238 134.5 2
      vertex 85.5 133.537 2
      vertex 85.4812 133.725 2
    endloop
  endfacet
  facet normal 0 0 1
    outer loop
      vertex 27.9327 117.817 2
      vertex 85.5 133.537 2
      vertex 84.5238 134.5 2
    endloop
  endfacet
  facet normal 0 0 1
    outer loop
      vertex 84.5238 134.5 2
      vertex 85.4812 133.725 2
      vertex 85.4257 133.906 2
    endloop
  endfacet
  facet normal 0 0 1
    outer loop
      vertex 85.5 133.537 2
      vertex 27.9327 117.817 2
      vertex 85.5 83.463 2
    endloop
  endfacet
  facet normal 0 0 1
    outer loop
      vertex 84.5238 134.5 2
      vertex 85.4257 133.906 2
      vertex 85.3355 134.072 2
    endloop
  endfacet
  facet normal 0 0 1
    outer loop
      vertex 85.5 83.463 2
      vertex 84.5238 82.5 2
      vertex 85.4812 83.2751 2
    endloop
  endfacet
  facet normal 0 0 1
    outer loop
      vertex 84.5238 134.5 2
      vertex 85.3355 134.072 2
      vertex 85.2141 134.218 2
    endloop
  endfacet
  facet normal 0 0 1
    outer loop
      vertex 85.4812 83.2751 2
      vertex 84.5238 82.5 2
      vertex 85.4257 83.0945 2
    endloop
  endfacet
  facet normal 0 0 1
    outer loop
      vertex 84.5238 134.5 2
      vertex 85.2141 134.218 2
      vertex 85.0662 134.338 2
    endloop
  endfacet
  facet normal 0 0 1
    outer loop
      vertex 85.4257 83.0945 2
      vertex 84.5238 82.5 2
      vertex 85.3355 82.928 2
    endloop
  endfacet
  facet normal 0 0 1
    outer loop
      vertex 84.5238 134.5 2
      vertex 85.0662 134.338 2
      vertex 84.8974 134.427 2
    endloop
  endfacet
  facet normal 0 0 1
    outer loop
      vertex 85.3355 82.928 2
      vertex 84.5238 82.5 2
      vertex 85.2141 82.782 2
    endloop
  endfacet
  facet normal 0 0 1
    outer loop
      vertex 84.5238 134.5 2
      vertex 84.8974 134.427 2
      vertex 84.7143 134.481 2
    endloop
  endfacet
  facet normal 0 0 1
    outer loop
      vertex 85.2141 82.782 2
      vertex 84.5238 82.5 2
      vertex 85.0662 82.6623 2
    endloop
  endfacet
  facet normal 0 0 1
    outer loop
      vertex 85.0662 82.6623 2
      vertex 84.5238 82.5 2
      vertex 84.8974 82.5733 2
    endloop
  endfacet
  facet normal 0 0 1
    outer loop
      vertex 84.8974 82.5733 2
      vertex 84.5238 82.5 2
      vertex 84.7143 82.5185 2
    endloop
  endfacet
  facet normal 0 0 1
    outer loop
      vertex 27.9327 117.817 2
      vertex 84.5238 134.5 2
      vertex 28 118.5 2
    endloop
  endfacet
  facet normal 0 0 1
    outer loop
      vertex 84.5238 134.5 2
      vertex 27.9327 119.183 2
      vertex 28 118.5 2
    endloop
  endfacet
  facet normal 0 0 1
    outer loop
      vertex 84.5238 134.5 2
      vertex 27.7336 119.839 2
      vertex 27.9327 119.183 2
    endloop
  endfacet
  facet normal 0 0 1
    outer loop
      vertex 84.5238 134.5 2
      vertex 27.4101 120.444 2
      vertex 27.7336 119.839 2
    endloop
  endfacet
  facet normal 0 0 1
    outer loop
      vertex 84.5238 134.5 2
      vertex 26.9749 120.975 2
      vertex 27.4101 120.444 2
    endloop
  endfacet
  facet normal 0 0 1
    outer loop
      vertex 84.5238 134.5 2
      vertex 26.4445 121.41 2
      vertex 26.9749 120.975 2
    endloop
  endfacet
  facet normal 0 0 1
    outer loop
      vertex 84.5238 134.5 2
      vertex 25.8394 121.734 2
      vertex 26.4445 121.41 2
    endloop
  endfacet
  facet normal -0 0 1
    outer loop
      vertex 4.47619 134.5 2
      vertex 25.8394 121.734 2
      vertex 84.5238 134.5 2
    endloop
  endfacet
  facet normal 0 0 1
    outer loop
      vertex 25.8394 121.734 2
      vertex 4.47619 134.5 2
      vertex 25.1828 121.933 2
    endloop
  endfacet
  facet normal 0 0 1
    outer loop
      vertex 25.1828 121.933 2
      vertex 4.47619 134.5 2
      vertex 24.5 122 2
    endloop
  endfacet
  facet normal 0 0 1
    outer loop
      vertex 21.2664 119.839 2
      vertex 3.5 133.537 2
      vertex 21.0673 119.183 2
    endloop
  endfacet
  facet normal 0 0 1
    outer loop
      vertex 21.5899 120.444 2
      vertex 3.5 133.537 2
      vertex 21.2664 119.839 2
    endloop
  endfacet
  facet normal -0 0 1
    outer loop
      vertex 3.5 133.537 2
      vertex 21.5899 120.444 2
      vertex 4.47619 134.5 2
    endloop
  endfacet
  facet normal 0 0 1
    outer loop
      vertex 22.0251 120.975 2
      vertex 4.47619 134.5 2
      vertex 21.5899 120.444 2
    endloop
  endfacet
  facet normal 0 0 1
    outer loop
      vertex 22.5555 121.41 2
      vertex 4.47619 134.5 2
      vertex 22.0251 120.975 2
    endloop
  endfacet
  facet normal 0 0 1
    outer loop
      vertex 23.1606 121.734 2
      vertex 4.47619 134.5 2
      vertex 22.5555 121.41 2
    endloop
  endfacet
  facet normal 0 0 1
    outer loop
      vertex 23.8172 121.933 2
      vertex 4.47619 134.5 2
      vertex 23.1606 121.734 2
    endloop
  endfacet
  facet normal 0 0 1
    outer loop
      vertex 24.5 122 2
      vertex 4.47619 134.5 2
      vertex 23.8172 121.933 2
    endloop
  endfacet
  facet normal 0 0 1
    outer loop
      vertex 85.5 83.463 2
      vertex 27.9327 117.817 2
      vertex 84.5238 82.5 2
    endloop
  endfacet
  facet normal -0 0 1
    outer loop
      vertex 27.7336 117.161 2
      vertex 84.5238 82.5 2
      vertex 27.9327 117.817 2
    endloop
  endfacet
  facet normal -0 0 1
    outer loop
      vertex 27.4101 116.556 2
      vertex 84.5238 82.5 2
      vertex 27.7336 117.161 2
    endloop
  endfacet
  facet normal -0 0 1
    outer loop
      vertex 26.9749 116.025 2
      vertex 84.5238 82.5 2
      vertex 27.4101 116.556 2
    endloop
  endfacet
  facet normal -0 0 1
    outer loop
      vertex 26.4445 115.59 2
      vertex 84.5238 82.5 2
      vertex 26.9749 116.025 2
    endloop
  endfacet
  facet normal -0 0 1
    outer loop
      vertex 25.8394 115.266 2
      vertex 84.5238 82.5 2
      vertex 26.4445 115.59 2
    endloop
  endfacet
  facet normal 0 0 1
    outer loop
      vertex 4.47619 82.5 2
      vertex 25.8394 115.266 2
      vertex 25.1828 115.067 2
    endloop
  endfacet
  facet normal 0 0 1
    outer loop
      vertex 4.47619 82.5 2
      vertex 25.1828 115.067 2
      vertex 24.5 115 2
    endloop
  endfacet
  facet normal 0 0 1
    outer loop
      vertex 4.47619 82.5 2
      vertex 24.5 115 2
      vertex 23.8172 115.067 2
    endloop
  endfacet
  facet normal 0 0 1
    outer loop
      vertex 4.47619 82.5 2
      vertex 23.8172 115.067 2
      vertex 23.1606 115.266 2
    endloop
  endfacet
  facet normal 0 0 1
    outer loop
      vertex 21.0673 119.183 2
      vertex 3.5 133.537 2
      vertex 21 118.5 2
    endloop
  endfacet
  facet normal 0 0 1
    outer loop
      vertex 21 118.5 2
      vertex 3.5 133.537 2
      vertex 21.0673 117.817 2
    endloop
  endfacet
  facet normal 0 0 1
    outer loop
      vertex 21.0673 117.817 2
      vertex 3.5 133.537 2
      vertex 21.2664 117.161 2
    endloop
  endfacet
  facet normal 0 0 1
    outer loop
      vertex 3.5 83.463 2
      vertex 21.2664 117.161 2
      vertex 3.5 133.537 2
    endloop
  endfacet
  facet normal 0 0 1
    outer loop
      vertex 25.8394 115.266 2
      vertex 4.47619 82.5 2
      vertex 84.5238 82.5 2
    endloop
  endfacet
  facet normal 0 0 1
    outer loop
      vertex 3.5 83.463 2
      vertex 23.1606 115.266 2
      vertex 22.5555 115.59 2
    endloop
  endfacet
  facet normal 0 0 1
    outer loop
      vertex 3.5 83.463 2
      vertex 22.5555 115.59 2
      vertex 22.0251 116.025 2
    endloop
  endfacet
  facet normal 0 0 1
    outer loop
      vertex 21.2664 117.161 2
      vertex 3.5 83.463 2
      vertex 21.5899 116.556 2
    endloop
  endfacet
  facet normal 0 0 1
    outer loop
      vertex 3.5 133.537 2
      vertex 4.47619 134.5 2
      vertex 4.28575 134.481 2
    endloop
  endfacet
  facet normal 0 0 1
    outer loop
      vertex 21.5899 116.556 2
      vertex 3.5 83.463 2
      vertex 22.0251 116.025 2
    endloop
  endfacet
  facet normal 0 0 1
    outer loop
      vertex 3.5 133.537 2
      vertex 4.28575 134.481 2
      vertex 4.10262 134.427 2
    endloop
  endfacet
  facet normal 0 0 1
    outer loop
      vertex 23.1606 115.266 2
      vertex 3.5 83.463 2
      vertex 4.47619 82.5 2
    endloop
  endfacet
  facet normal 0 0 1
    outer loop
      vertex 3.5 133.537 2
      vertex 4.10262 134.427 2
      vertex 3.93385 134.338 2
    endloop
  endfacet
  facet normal 0 0 1
    outer loop
      vertex 4.47619 82.5 2
      vertex 3.5 83.463 2
      vertex 4.28575 82.5185 2
    endloop
  endfacet
  facet normal 0 0 1
    outer loop
      vertex 3.5 133.537 2
      vertex 3.93385 134.338 2
      vertex 3.78592 134.218 2
    endloop
  endfacet
  facet normal 0 0 1
    outer loop
      vertex 4.28575 82.5185 2
      vertex 3.5 83.463 2
      vertex 4.10262 82.5733 2
    endloop
  endfacet
  facet normal 0 0 1
    outer loop
      vertex 3.5 133.537 2
      vertex 3.78592 134.218 2
      vertex 3.66452 134.072 2
    endloop
  endfacet
  facet normal 0 0 1
    outer loop
      vertex 4.10262 82.5733 2
      vertex 3.5 83.463 2
      vertex 3.93385 82.6623 2
    endloop
  endfacet
  facet normal 0 0 1
    outer loop
      vertex 3.5 133.537 2
      vertex 3.66452 134.072 2
      vertex 3.57431 133.906 2
    endloop
  endfacet
  facet normal 0 0 1
    outer loop
      vertex 3.93385 82.6623 2
      vertex 3.5 83.463 2
      vertex 3.78592 82.782 2
    endloop
  endfacet
  facet normal 0 0 1
    outer loop
      vertex 3.5 133.537 2
      vertex 3.57431 133.906 2
      vertex 3.51876 133.725 2
    endloop
  endfacet
  facet normal 0 0 1
    outer loop
      vertex 3.78592 82.782 2
      vertex 3.5 83.463 2
      vertex 3.66452 82.928 2
    endloop
  endfacet
  facet normal 0 0 1
    outer loop
      vertex 3.66452 82.928 2
      vertex 3.5 83.463 2
      vertex 3.57431 83.0945 2
    endloop
  endfacet
  facet normal 0 0 1
    outer loop
      vertex 3.57431 83.0945 2
      vertex 3.5 83.463 2
      vertex 3.51876 83.2751 2
    endloop
  endfacet
  facet normal -0.366335 0.453035 0.812747
    outer loop
      vertex 85.1898 82.5381 2.125
      vertex 85.6536 82.0722 2.59375
      vertex 85.2141 82.782 2
    endloop
  endfacet
  facet normal -0.286112 0.524539 0.801872
    outer loop
      vertex 85.6536 82.0722 2.59375
      vertex 85.8748 81.5871 2.99
      vertex 85.877 81.5883 2.99
    endloop
  endfacet
  facet normal -0.281382 0.526834 0.802041
    outer loop
      vertex 85.8748 81.5871 2.99
      vertex 85.6536 82.0722 2.59375
      vertex 85.1898 82.5381 2.125
    endloop
  endfacet
  facet normal 0.182259 0.600611 0.778491
    outer loop
      vertex 3.20969 81.6696 2.90625
      vertex 3.31101 81.5303 2.99
      vertex 3.60997 82.0747 2.5
    endloop
  endfacet
  facet normal 0.18503 0.601718 0.77698
    outer loop
      vertex 3.31101 81.5303 2.99
      vertex 3.20969 81.6696 2.90625
      vertex 3.29475 81.5353 2.99
    endloop
  endfacet
  facet normal 0.278793 0.52859 0.80179
    outer loop
      vertex 3.20969 81.6696 2.90625
      vertex 3.60997 82.0747 2.5
      vertex 3.93385 82.6623 2
    endloop
  endfacet
  facet normal 0.182169 0.600499 0.778598
    outer loop
      vertex 3.12717 81.5861 2.99
      vertex 3.25474 81.5474 2.99
      vertex 3.14811 81.6073 2.96875
    endloop
  endfacet
  facet normal 0.278562 0.528751 0.801764
    outer loop
      vertex 3.12548 81.587 2.99
      vertex 3.14811 81.6073 2.96875
      vertex 3.93385 82.6623 2
    endloop
  endfacet
  facet normal 0.280622 0.526946 0.802234
    outer loop
      vertex 3.14811 81.6073 2.96875
      vertex 3.12548 81.587 2.99
      vertex 3.12717 81.5861 2.99
    endloop
  endfacet
  facet normal 0 -0.707107 -0.707107
    outer loop
      vertex 2.82567 82.3616 2.75
      vertex 3.48073 83.0028 2.09375
      vertex 3.38715 82.9112 2.1875
    endloop
  endfacet
  facet normal 0.59968 0.184351 0.778716
    outer loop
      vertex 2.82567 82.3616 2.75
      vertex 3.38715 82.9112 2.1875
      vertex 3.51876 83.2751 2
    endloop
  endfacet
  facet normal -0.598941 -0.184673 0.779208
    outer loop
      vertex 85.4812 133.725 2
      vertex 85.6129 134.089 2.1875
      vertex 85.5193 133.997 2.09375
    endloop
  endfacet
  facet normal -0.524462 -0.28321 0.802952
    outer loop
      vertex 86.3225 135.044 2.99
      vertex 86.1743 134.638 2.75
      vertex 86.3252 135.039 2.99
    endloop
  endfacet
  facet normal -0.527924 -0.281052 0.80144
    outer loop
      vertex 86.1743 134.638 2.75
      vertex 86.3225 135.044 2.99
      vertex 85.5193 133.997 2.09375
    endloop
  endfacet
  facet normal -0.25313 -0.545277 0.799124
    outer loop
      vertex 85.0662 134.338 2
      vertex 85.8519 135.393 2.96875
      vertex 85.7903 135.33 2.90625
    endloop
  endfacet
  facet normal -0.18085 -0.597885 0.780914
    outer loop
      vertex 85.7453 135.453 2.99
      vertex 85.7903 135.33 2.90625
      vertex 85.8519 135.393 2.96875
    endloop
  endfacet
  facet normal -0.178835 -0.597608 0.78159
    outer loop
      vertex 85.7903 135.33 2.90625
      vertex 85.7453 135.453 2.99
      vertex 85.7052 135.465 2.99
    endloop
  endfacet
  facet normal 0.284803 -0.52466 0.802259
    outer loop
      vertex 3.12548 135.413 2.99
      vertex 3.81017 134.462 2.125
      vertex 3.93385 134.338 2
    endloop
  endfacet
  facet normal 0 -0.672866 0.739764
    outer loop
      vertex 3.81017 134.462 2.125
      vertex 3.12548 135.413 2.99
      vertex 3.12523 135.413 2.99
    endloop
  endfacet
  facet normal 0.367258 -0.452738 0.812496
    outer loop
      vertex 3.78592 134.218 2
      vertex 3.93385 134.338 2
      vertex 3.81017 134.462 2.125
    endloop
  endfacet
  facet normal -0.27873 0.528648 0.801773
    outer loop
      vertex 84.8974 82.5733 2
      vertex 85.39 82.0747 2.5
      vertex 85.0662 82.6623 2
    endloop
  endfacet
  facet normal -0.182337 0.600652 0.778441
    outer loop
      vertex 85.7903 81.6696 2.90625
      vertex 85.7453 81.5474 2.99
      vertex 85.8519 81.6073 2.96875
    endloop
  endfacet
  facet normal -0.181197 0.600496 0.778827
    outer loop
      vertex 85.7453 81.5474 2.99
      vertex 85.7903 81.6696 2.90625
      vertex 85.7052 81.5353 2.99
    endloop
  endfacet
  facet normal -0.196828 0.590483 0.78268
    outer loop
      vertex 85.6871 81.5298 2.99
      vertex 85.6644 81.5504 2.96875
      vertex 85.6853 81.5292 2.99
    endloop
  endfacet
  facet normal -0.187027 0.597927 0.779426
    outer loop
      vertex 85.6644 81.5504 2.96875
      vertex 85.6871 81.5298 2.99
      vertex 84.8974 82.5733 2
    endloop
  endfacet
  facet normal -0.0664326 0.672947 0.736702
    outer loop
      vertex 85.5526 81.5161 2.99
      vertex 85.6853 81.5292 2.99
      vertex 85.6644 81.5504 2.96875
    endloop
  endfacet
  facet normal -0.279644 0.525731 0.803372
    outer loop
      vertex 85.9937 81.7306 2.9375
      vertex 85.877 81.5883 2.99
      vertex 85.9005 81.6008 2.99
    endloop
  endfacet
  facet normal -0.281529 0.52678 0.802025
    outer loop
      vertex 85.877 81.5883 2.99
      vertex 85.9937 81.7306 2.9375
      vertex 85.6536 82.0722 2.59375
    endloop
  endfacet
  facet normal -0.366595 0.452859 0.812728
    outer loop
      vertex 85.2141 82.782 2
      vertex 85.6536 82.0722 2.59375
      vertex 85.9937 81.7306 2.9375
    endloop
  endfacet
  facet normal -0.193421 0.580264 0.791127
    outer loop
      vertex 85.1898 82.5381 2.125
      vertex 85.8745 81.587 2.99
      vertex 85.8748 81.5871 2.99
    endloop
  endfacet
  facet normal -0.282562 0.526087 0.802117
    outer loop
      vertex 85.8745 81.587 2.99
      vertex 85.1898 82.5381 2.125
      vertex 85.0662 82.6623 2
    endloop
  endfacet
  facet normal -0.366631 0.453005 0.81263
    outer loop
      vertex 85.0662 82.6623 2
      vertex 85.1898 82.5381 2.125
      vertex 85.2141 82.782 2
    endloop
  endfacet
  facet normal 0.730318 -0.0486879 -0.68137
    outer loop
      vertex 85.5193 133.997 2.09375
      vertex 85.6129 134.089 2.1875
      vertex 86.1743 134.638 2.75
    endloop
  endfacet
  facet normal -0.600204 -0.183819 0.778438
    outer loop
      vertex 85.4812 133.725 2
      vertex 86.1743 134.638 2.75
      vertex 85.6129 134.089 2.1875
    endloop
  endfacet
  facet normal -0.185081 -0.599663 0.778556
    outer loop
      vertex 85.689 135.47 2.99
      vertex 85.7903 135.33 2.90625
      vertex 85.7052 135.465 2.99
    endloop
  endfacet
  facet normal -0.184234 -0.599325 0.779017
    outer loop
      vertex 85.7903 135.33 2.90625
      vertex 85.689 135.47 2.99
      vertex 85.39 134.925 2.5
    endloop
  endfacet
  facet normal -0.277648 -0.529581 0.801533
    outer loop
      vertex 85.0662 134.338 2
      vertex 85.7903 135.33 2.90625
      vertex 85.39 134.925 2.5
    endloop
  endfacet
  facet normal -0.184277 -0.602444 0.776598
    outer loop
      vertex 85.7453 135.453 2.99
      vertex 85.8519 135.393 2.96875
      vertex 85.8728 135.414 2.99
    endloop
  endfacet
  facet normal -0.301726 -0.512933 0.803655
    outer loop
      vertex 85.8519 135.393 2.96875
      vertex 85.8745 135.413 2.99
      vertex 85.8728 135.414 2.99
    endloop
  endfacet
  facet normal -0.300845 -0.513735 0.803473
    outer loop
      vertex 85.8745 135.413 2.99
      vertex 85.8519 135.393 2.96875
      vertex 85.0662 134.338 2
    endloop
  endfacet
  facet normal -0.279173 0.528352 0.801815
    outer loop
      vertex 85.0662 82.6623 2
      vertex 85.7903 81.6696 2.90625
      vertex 85.8519 81.6073 2.96875
    endloop
  endfacet
  facet normal -0.279583 0.528101 0.801837
    outer loop
      vertex 85.8745 81.587 2.99
      vertex 85.8519 81.6073 2.96875
      vertex 85.8728 81.5861 2.99
    endloop
  endfacet
  facet normal -0.279683 0.528014 0.80186
    outer loop
      vertex 85.8519 81.6073 2.96875
      vertex 85.8745 81.587 2.99
      vertex 85.0662 82.6623 2
    endloop
  endfacet
  facet normal -0.278669 0.528682 0.801773
    outer loop
      vertex 85.0662 82.6623 2
      vertex 85.39 82.0747 2.5
      vertex 85.7903 81.6696 2.90625
    endloop
  endfacet
  facet normal -0.185805 0.602009 0.77657
    outer loop
      vertex 85.7903 81.6696 2.90625
      vertex 85.689 81.5303 2.99
      vertex 85.7052 81.5353 2.99
    endloop
  endfacet
  facet normal -0.182271 0.600598 0.778498
    outer loop
      vertex 85.689 81.5303 2.99
      vertex 85.7903 81.6696 2.90625
      vertex 85.39 82.0747 2.5
    endloop
  endfacet
  facet normal -0.179786 0.601999 0.777993
    outer loop
      vertex 84.8974 82.5733 2
      vertex 85.2047 82.0189 2.5
      vertex 85.6644 81.5504 2.96875
    endloop
  endfacet
  facet normal -0.0662247 0.672521 0.737109
    outer loop
      vertex 85.2047 82.0189 2.5
      vertex 85.5526 81.5161 2.99
      vertex 85.6644 81.5504 2.96875
    endloop
  endfacet
  facet normal -0.0655546 0.672798 0.736917
    outer loop
      vertex 85.5526 81.5161 2.99
      vertex 85.2047 82.0189 2.5
      vertex 85.4941 81.5104 2.99
    endloop
  endfacet
  facet normal 0 0 1
    outer loop
      vertex 87.732 135.893 16.5
      vertex 89 136 16.5
      vertex 88.9616 136.39 16.5
    endloop
  endfacet
  facet normal 0 0 1
    outer loop
      vertex 89 136 16.5
      vertex 87.85 135.3 16.5
      vertex 89 81 16.5
    endloop
  endfacet
  facet normal 0 0 1
    outer loop
      vertex 87.5888 136.161 16.5
      vertex 88.9616 136.39 16.5
      vertex 88.8478 136.765 16.5
    endloop
  endfacet
  facet normal -0 0 1
    outer loop
      vertex 87.85 81.7 16.5
      vertex 89 81 16.5
      vertex 87.85 135.3 16.5
    endloop
  endfacet
  facet normal 0 0 1
    outer loop
      vertex 87.5888 136.161 16.5
      vertex 88.8478 136.765 16.5
      vertex 88.6629 137.111 16.5
    endloop
  endfacet
  facet normal -0 0 1
    outer loop
      vertex 87.8202 81.3976 16.5
      vertex 89 81 16.5
      vertex 87.85 81.7 16.5
    endloop
  endfacet
  facet normal 0 0 1
    outer loop
      vertex 87.396 136.396 16.5
      vertex 88.6629 137.111 16.5
      vertex 88.4142 137.414 16.5
    endloop
  endfacet
  facet normal -0 0 1
    outer loop
      vertex 87.732 81.1068 16.5
      vertex 89 81 16.5
      vertex 87.8202 81.3976 16.5
    endloop
  endfacet
  facet normal 0 0 1
    outer loop
      vertex 87.396 136.396 16.5
      vertex 88.4142 137.414 16.5
      vertex 88.1111 137.663 16.5
    endloop
  endfacet
  facet normal 0 0 1
    outer loop
      vertex 89 81 16.5
      vertex 87.732 81.1068 16.5
      vertex 88.9616 80.6098 16.5
    endloop
  endfacet
  facet normal -0 0 1
    outer loop
      vertex 87.5888 80.8389 16.5
      vertex 88.9616 80.6098 16.5
      vertex 87.732 81.1068 16.5
    endloop
  endfacet
  facet normal 0 0 1
    outer loop
      vertex 89 136 16.5
      vertex 87.8202 135.602 16.5
      vertex 87.85 135.3 16.5
    endloop
  endfacet
  facet normal 0 0 1
    outer loop
      vertex 87.1611 136.589 16.5
      vertex 88.1111 137.663 16.5
      vertex 87.7654 137.848 16.5
    endloop
  endfacet
  facet normal 0 0 1
    outer loop
      vertex 89 136 16.5
      vertex 87.732 135.893 16.5
      vertex 87.8202 135.602 16.5
    endloop
  endfacet
  facet normal 0 0 1
    outer loop
      vertex 88.9616 136.39 16.5
      vertex 87.5888 136.161 16.5
      vertex 87.732 135.893 16.5
    endloop
  endfacet
  facet normal 0 0 1
    outer loop
      vertex 88.6629 137.111 16.5
      vertex 87.396 136.396 16.5
      vertex 87.5888 136.161 16.5
    endloop
  endfacet
  facet normal 0 0 1
    outer loop
      vertex 87.1611 136.589 16.5
      vertex 87.7654 137.848 16.5
      vertex 87.3902 137.962 16.5
    endloop
  endfacet
  facet normal 0 0 1
    outer loop
      vertex 88.1111 137.663 16.5
      vertex 87.1611 136.589 16.5
      vertex 87.396 136.396 16.5
    endloop
  endfacet
  facet normal 0 0 1
    outer loop
      vertex 86.8932 136.732 16.5
      vertex 87.3902 137.962 16.5
      vertex 87 138 16.5
    endloop
  endfacet
  facet normal 0 0 1
    outer loop
      vertex 87.3902 137.962 16.5
      vertex 86.8932 136.732 16.5
      vertex 87.1611 136.589 16.5
    endloop
  endfacet
  facet normal 0 0 1
    outer loop
      vertex 87 138 16.5
      vertex 86.6024 136.82 16.5
      vertex 86.8932 136.732 16.5
    endloop
  endfacet
  facet normal 0 0 1
    outer loop
      vertex 87 138 16.5
      vertex 86.3 136.85 16.5
      vertex 86.6024 136.82 16.5
    endloop
  endfacet
  facet normal 0 0 1
    outer loop
      vertex 87 138 16.5
      vertex 2.7 136.85 16.5
      vertex 86.3 136.85 16.5
    endloop
  endfacet
  facet normal -0 0 1
    outer loop
      vertex 2 138 16.5
      vertex 2.7 136.85 16.5
      vertex 87 138 16.5
    endloop
  endfacet
  facet normal 0 0 1
    outer loop
      vertex 2 138 16.5
      vertex 2.39761 136.82 16.5
      vertex 2.7 136.85 16.5
    endloop
  endfacet
  facet normal 0 0 1
    outer loop
      vertex 2 138 16.5
      vertex 2.10684 136.732 16.5
      vertex 2.39761 136.82 16.5
    endloop
  endfacet
  facet normal -0 0 1
    outer loop
      vertex 1.60982 137.962 16.5
      vertex 2.10684 136.732 16.5
      vertex 2 138 16.5
    endloop
  endfacet
  facet normal 0 0 1
    outer loop
      vertex 2.10684 136.732 16.5
      vertex 1.60982 137.962 16.5
      vertex 1.83887 136.589 16.5
    endloop
  endfacet
  facet normal -0 0 1
    outer loop
      vertex 1.23463 137.848 16.5
      vertex 1.83887 136.589 16.5
      vertex 1.60982 137.962 16.5
    endloop
  endfacet
  facet normal -0 0 1
    outer loop
      vertex 0.88886 137.663 16.5
      vertex 1.83887 136.589 16.5
      vertex 1.23463 137.848 16.5
    endloop
  endfacet
  facet normal 0 0 1
    outer loop
      vertex 1.83887 136.589 16.5
      vertex 0.88886 137.663 16.5
      vertex 1.60398 136.396 16.5
    endloop
  endfacet
  facet normal -0 0 1
    outer loop
      vertex 0.585787 137.414 16.5
      vertex 1.60398 136.396 16.5
      vertex 0.88886 137.663 16.5
    endloop
  endfacet
  facet normal -0 0 1
    outer loop
      vertex 0.337061 137.111 16.5
      vertex 1.60398 136.396 16.5
      vertex 0.585787 137.414 16.5
    endloop
  endfacet
  facet normal 0 0 1
    outer loop
      vertex 1.60398 136.396 16.5
      vertex 0.337061 137.111 16.5
      vertex 1.41122 136.161 16.5
    endloop
  endfacet
  facet normal -0 0 1
    outer loop
      vertex 0.0384302 136.39 16.5
      vertex 1.41122 136.161 16.5
      vertex 0.152242 136.765 16.5
    endloop
  endfacet
  facet normal -0 0 1
    outer loop
      vertex 0.152242 136.765 16.5
      vertex 1.41122 136.161 16.5
      vertex 0.337061 137.111 16.5
    endloop
  endfacet
  facet normal 0 0 1
    outer loop
      vertex 88.9616 80.6098 16.5
      vertex 87.5888 80.8389 16.5
      vertex 88.8478 80.2346 16.5
    endloop
  endfacet
  facet normal 0 0 1
    outer loop
      vertex 88.8478 80.2346 16.5
      vertex 87.5888 80.8389 16.5
      vertex 88.6629 79.8889 16.5
    endloop
  endfacet
  facet normal -0 0 1
    outer loop
      vertex 87.396 80.604 16.5
      vertex 88.6629 79.8889 16.5
      vertex 87.5888 80.8389 16.5
    endloop
  endfacet
  facet normal 0 0 1
    outer loop
      vertex 88.6629 79.8889 16.5
      vertex 87.396 80.604 16.5
      vertex 88.4142 79.5858 16.5
    endloop
  endfacet
  facet normal 0 0 1
    outer loop
      vertex 88.4142 79.5858 16.5
      vertex 87.396 80.604 16.5
      vertex 88.1111 79.3371 16.5
    endloop
  endfacet
  facet normal -0 0 1
    outer loop
      vertex 87.1611 80.4112 16.5
      vertex 88.1111 79.3371 16.5
      vertex 87.396 80.604 16.5
    endloop
  endfacet
  facet normal 0 0 1
    outer loop
      vertex 88.1111 79.3371 16.5
      vertex 87.1611 80.4112 16.5
      vertex 87.7654 79.1522 16.5
    endloop
  endfacet
  facet normal 0 0 1
    outer loop
      vertex 87.7654 79.1522 16.5
      vertex 87.1611 80.4112 16.5
      vertex 87.3902 79.0384 16.5
    endloop
  endfacet
  facet normal -0 0 1
    outer loop
      vertex 86.8932 80.268 16.5
      vertex 87.3902 79.0384 16.5
      vertex 87.1611 80.4112 16.5
    endloop
  endfacet
  facet normal 0 0 1
    outer loop
      vertex 87.3902 79.0384 16.5
      vertex 86.8932 80.268 16.5
      vertex 87 79 16.5
    endloop
  endfacet
  facet normal -0 0 1
    outer loop
      vertex 86.6024 80.1798 16.5
      vertex 87 79 16.5
      vertex 86.8932 80.268 16.5
    endloop
  endfacet
  facet normal -0 0 1
    outer loop
      vertex 86.3 80.15 16.5
      vertex 87 79 16.5
      vertex 86.6024 80.1798 16.5
    endloop
  endfacet
  facet normal -0 0 1
    outer loop
      vertex 2.7 80.15 16.5
      vertex 87 79 16.5
      vertex 86.3 80.15 16.5
    endloop
  endfacet
  facet normal 0 0 1
    outer loop
      vertex 2.7 80.15 16.5
      vertex 2 79 16.5
      vertex 87 79 16.5
    endloop
  endfacet
  facet normal 0 0 1
    outer loop
      vertex 2.39761 80.1798 16.5
      vertex 2 79 16.5
      vertex 2.7 80.15 16.5
    endloop
  endfacet
  facet normal 0 0 1
    outer loop
      vertex 2.10684 80.268 16.5
      vertex 2 79 16.5
      vertex 2.39761 80.1798 16.5
    endloop
  endfacet
  facet normal 0 0 1
    outer loop
      vertex 1.60982 79.0384 16.5
      vertex 2.10684 80.268 16.5
      vertex 1.83887 80.4112 16.5
    endloop
  endfacet
  facet normal 0 0 1
    outer loop
      vertex 2.10684 80.268 16.5
      vertex 1.60982 79.0384 16.5
      vertex 2 79 16.5
    endloop
  endfacet
  facet normal 0 0 1
    outer loop
      vertex 0.88886 79.3371 16.5
      vertex 1.83887 80.4112 16.5
      vertex 1.60398 80.604 16.5
    endloop
  endfacet
  facet normal 0 0 1
    outer loop
      vertex 0.337061 79.8889 16.5
      vertex 1.60398 80.604 16.5
      vertex 1.41122 80.8389 16.5
    endloop
  endfacet
  facet normal 0 0 1
    outer loop
      vertex 0.0384302 80.6098 16.5
      vertex 1.41122 80.8389 16.5
      vertex 1.26799 81.1068 16.5
    endloop
  endfacet
  facet normal 0 0 1
    outer loop
      vertex 1.83887 80.4112 16.5
      vertex 1.23463 79.1522 16.5
      vertex 1.60982 79.0384 16.5
    endloop
  endfacet
  facet normal 0 0 1
    outer loop
      vertex 0 81 16.5
      vertex 1.26799 81.1068 16.5
      vertex 1.17978 81.3976 16.5
    endloop
  endfacet
  facet normal 0 0 1
    outer loop
      vertex 0 81 16.5
      vertex 1.17978 81.3976 16.5
      vertex 1.15 81.7 16.5
    endloop
  endfacet
  facet normal 0 0 1
    outer loop
      vertex 1.83887 80.4112 16.5
      vertex 0.88886 79.3371 16.5
      vertex 1.23463 79.1522 16.5
    endloop
  endfacet
  facet normal 0 0 1
    outer loop
      vertex 1.15 135.3 16.5
      vertex 0 136 16.5
      vertex 1.15 81.7 16.5
    endloop
  endfacet
  facet normal 0 0 1
    outer loop
      vertex 1.41122 136.161 16.5
      vertex 0.0384302 136.39 16.5
      vertex 1.26799 135.893 16.5
    endloop
  endfacet
  facet normal 0 0 1
    outer loop
      vertex 0 81 16.5
      vertex 1.15 81.7 16.5
      vertex 0 136 16.5
    endloop
  endfacet
  facet normal -0 0 1
    outer loop
      vertex 0 136 16.5
      vertex 1.26799 135.893 16.5
      vertex 0.0384302 136.39 16.5
    endloop
  endfacet
  facet normal 0 0 1
    outer loop
      vertex 1.26799 81.1068 16.5
      vertex 0 81 16.5
      vertex 0.0384302 80.6098 16.5
    endloop
  endfacet
  facet normal 0 0 1
    outer loop
      vertex 1.26799 135.893 16.5
      vertex 0 136 16.5
      vertex 1.17978 135.602 16.5
    endloop
  endfacet
  facet normal 0 0 1
    outer loop
      vertex 1.60398 80.604 16.5
      vertex 0.585787 79.5858 16.5
      vertex 0.88886 79.3371 16.5
    endloop
  endfacet
  facet normal 0 0 1
    outer loop
      vertex 1.17978 135.602 16.5
      vertex 0 136 16.5
      vertex 1.15 135.3 16.5
    endloop
  endfacet
  facet normal 0 0 1
    outer loop
      vertex 1.60398 80.604 16.5
      vertex 0.337061 79.8889 16.5
      vertex 0.585787 79.5858 16.5
    endloop
  endfacet
  facet normal 0 0 1
    outer loop
      vertex 1.41122 80.8389 16.5
      vertex 0.152242 80.2346 16.5
      vertex 0.337061 79.8889 16.5
    endloop
  endfacet
  facet normal 0 0 1
    outer loop
      vertex 1.41122 80.8389 16.5
      vertex 0.0384302 80.6098 16.5
      vertex 0.152242 80.2346 16.5
    endloop
  endfacet
  facet normal 0.881947 -0.471348 0
    outer loop
      vertex 1.26799 135.893 16.5
      vertex 1.41122 136.161 12
      vertex 1.41122 136.161 16.5
    endloop
  endfacet
  facet normal 0.881947 -0.471348 0
    outer loop
      vertex 1.41122 136.161 12
      vertex 1.26799 135.893 16.5
      vertex 1.26799 135.893 12
    endloop
  endfacet
  facet normal -0.772974 0.634438 0
    outer loop
      vertex 87.396 80.604 12
      vertex 87.5888 80.8389 16.5
      vertex 87.5888 80.8389 12
    endloop
  endfacet
  facet normal -0.772974 0.634438 0
    outer loop
      vertex 87.5888 80.8389 16.5
      vertex 87.396 80.604 12
      vertex 87.396 80.604 16.5
    endloop
  endfacet
  facet normal -0.0980699 0.99518 0
    outer loop
      vertex 86.6024 80.1798 12
      vertex 86.3 80.15 16.5
      vertex 86.6024 80.1798 16.5
    endloop
  endfacet
  facet normal -0.0980699 0.99518 0
    outer loop
      vertex 86.3 80.15 16.5
      vertex 86.6024 80.1798 12
      vertex 86.3 80.15 12
    endloop
  endfacet
  facet normal 0.773171 -0.634198 0
    outer loop
      vertex 1.41122 136.161 16.5
      vertex 1.60398 136.396 12
      vertex 1.60398 136.396 16.5
    endloop
  endfacet
  facet normal 0.773171 -0.634198 0
    outer loop
      vertex 1.60398 136.396 12
      vertex 1.41122 136.161 16.5
      vertex 1.41122 136.161 12
    endloop
  endfacet
  facet normal 0.995173 -0.0981333 0
    outer loop
      vertex 1.15 135.3 16.5
      vertex 1.17978 135.602 12
      vertex 1.17978 135.602 16.5
    endloop
  endfacet
  facet normal 0.995173 -0.0981333 0
    outer loop
      vertex 1.17978 135.602 12
      vertex 1.15 135.3 16.5
      vertex 1.15 135.3 12
    endloop
  endfacet
  facet normal -0.471408 0.881915 0
    outer loop
      vertex 87.1611 80.4112 12
      vertex 86.8932 80.268 16.5
      vertex 87.1611 80.4112 16.5
    endloop
  endfacet
  facet normal -0.471408 0.881915 0
    outer loop
      vertex 86.8932 80.268 16.5
      vertex 87.1611 80.4112 12
      vertex 86.8932 80.268 12
    endloop
  endfacet
  facet normal 0.290272 0.956944 -0
    outer loop
      vertex 2.39761 80.1798 12
      vertex 2.10684 80.268 16.5
      vertex 2.39761 80.1798 16.5
    endloop
  endfacet
  facet normal 0.290272 0.956944 0
    outer loop
      vertex 2.10684 80.268 16.5
      vertex 2.39761 80.1798 12
      vertex 2.10684 80.268 12
    endloop
  endfacet
  facet normal 0.0980732 0.995179 -0
    outer loop
      vertex 2.7 80.15 12
      vertex 2.39761 80.1798 16.5
      vertex 2.7 80.15 16.5
    endloop
  endfacet
  facet normal 0.0980732 0.995179 0
    outer loop
      vertex 2.39761 80.1798 16.5
      vertex 2.7 80.15 12
      vertex 2.39761 80.1798 12
    endloop
  endfacet
  facet normal 0 -1 0
    outer loop
      vertex 33.5 136.85 14.5
      vertex 2.7 136.85 16.5
      vertex 24.5 136.85 14.5
    endloop
  endfacet
  facet normal 0 -1 0
    outer loop
      vertex 2.7 136.85 12
      vertex 24.5 136.85 14.5
      vertex 2.7 136.85 16.5
    endloop
  endfacet
  facet normal 0 -1 -0
    outer loop
      vertex 24.5 136.85 14.5
      vertex 2.7 136.85 12
      vertex 24.5 136.85 12
    endloop
  endfacet
  facet normal 0 -1 0
    outer loop
      vertex 2.7 136.85 16.5
      vertex 33.5 136.85 14.5
      vertex 86.3 136.85 16.5
    endloop
  endfacet
  facet normal 0 -1 0
    outer loop
      vertex 86.3 136.85 12
      vertex 33.5 136.85 14.5
      vertex 33.5 136.85 12
    endloop
  endfacet
  facet normal 0 -1 0
    outer loop
      vertex 33.5 136.85 14.5
      vertex 86.3 136.85 12
      vertex 86.3 136.85 16.5
    endloop
  endfacet
  facet normal 0.471312 0.881966 -0
    outer loop
      vertex 2.10684 80.268 12
      vertex 1.83887 80.4112 16.5
      vertex 2.10684 80.268 16.5
    endloop
  endfacet
  facet normal 0.471312 0.881966 0
    outer loop
      vertex 1.83887 80.4112 16.5
      vertex 2.10684 80.268 12
      vertex 1.83887 80.4112 12
    endloop
  endfacet
  facet normal 0.634454 0.772961 -0
    outer loop
      vertex 1.83887 80.4112 12
      vertex 1.60398 80.604 16.5
      vertex 1.83887 80.4112 16.5
    endloop
  endfacet
  facet normal 0.634454 0.772961 0
    outer loop
      vertex 1.60398 80.604 16.5
      vertex 1.83887 80.4112 12
      vertex 1.60398 80.604 12
    endloop
  endfacet
  facet normal -0.290245 0.956952 0
    outer loop
      vertex 86.8932 80.268 12
      vertex 86.6024 80.1798 16.5
      vertex 86.8932 80.268 16.5
    endloop
  endfacet
  facet normal -0.290245 0.956952 0
    outer loop
      vertex 86.6024 80.1798 16.5
      vertex 86.8932 80.268 12
      vertex 86.6024 80.1798 12
    endloop
  endfacet
  facet normal -0.634438 0.772974 0
    outer loop
      vertex 87.396 80.604 12
      vertex 87.1611 80.4112 16.5
      vertex 87.396 80.604 16.5
    endloop
  endfacet
  facet normal -0.634438 0.772974 0
    outer loop
      vertex 87.1611 80.4112 16.5
      vertex 87.396 80.604 12
      vertex 87.1611 80.4112 12
    endloop
  endfacet
  facet normal 1 -0 0
    outer loop
      vertex 1.15 81.7 16.5
      vertex 1.15 135.3 12
      vertex 1.15 135.3 16.5
    endloop
  endfacet
  facet normal 1 0 0
    outer loop
      vertex 1.15 135.3 12
      vertex 1.15 81.7 16.5
      vertex 1.15 81.7 12
    endloop
  endfacet
  facet normal 0 1 0
    outer loop
      vertex 86.3 80.15 16.5
      vertex 38.5 80.15 14.5
      vertex 2.7 80.15 16.5
    endloop
  endfacet
  facet normal 0 1 -0
    outer loop
      vertex 86.3 80.15 12
      vertex 38.5 80.15 14.5
      vertex 86.3 80.15 16.5
    endloop
  endfacet
  facet normal 0 1 0
    outer loop
      vertex 38.5 80.15 14.5
      vertex 86.3 80.15 12
      vertex 38.5 80.15 12
    endloop
  endfacet
  facet normal 0 1 -0
    outer loop
      vertex 29.5 80.15 14.5
      vertex 2.7 80.15 16.5
      vertex 38.5 80.15 14.5
    endloop
  endfacet
  facet normal 0 1 0
    outer loop
      vertex 2.7 80.15 12
      vertex 29.5 80.15 14.5
      vertex 29.5 80.15 12
    endloop
  endfacet
  facet normal 0 1 0
    outer loop
      vertex 29.5 80.15 14.5
      vertex 2.7 80.15 12
      vertex 2.7 80.15 16.5
    endloop
  endfacet
  facet normal 0.881874 0.471485 0
    outer loop
      vertex 1.41122 80.8389 16.5
      vertex 1.26799 81.1068 12
      vertex 1.26799 81.1068 16.5
    endloop
  endfacet
  facet normal 0.881874 0.471485 0
    outer loop
      vertex 1.26799 81.1068 12
      vertex 1.41122 80.8389 16.5
      vertex 1.41122 80.8389 12
    endloop
  endfacet
  facet normal 0.098725 -0.995115 0
    outer loop
      vertex 2.39761 136.82 12
      vertex 2.7 136.85 16.5
      vertex 2.39761 136.82 16.5
    endloop
  endfacet
  facet normal 0.098725 -0.995115 0
    outer loop
      vertex 2.7 136.85 16.5
      vertex 2.39761 136.82 12
      vertex 2.7 136.85 12
    endloop
  endfacet
  facet normal -0.0987217 -0.995115 0
    outer loop
      vertex 86.3 136.85 12
      vertex 86.6024 136.82 16.5
      vertex 86.3 136.85 16.5
    endloop
  endfacet
  facet normal -0.0987217 -0.995115 -0
    outer loop
      vertex 86.6024 136.82 16.5
      vertex 86.3 136.85 12
      vertex 86.6024 136.82 12
    endloop
  endfacet
  facet normal 0.634847 -0.772638 0
    outer loop
      vertex 1.60398 136.396 12
      vertex 1.83887 136.589 16.5
      vertex 1.60398 136.396 16.5
    endloop
  endfacet
  facet normal 0.634847 -0.772638 0
    outer loop
      vertex 1.83887 136.589 16.5
      vertex 1.60398 136.396 12
      vertex 1.83887 136.589 12
    endloop
  endfacet
  facet normal 0.773039 0.634359 0
    outer loop
      vertex 1.60398 80.604 16.5
      vertex 1.41122 80.8389 12
      vertex 1.41122 80.8389 16.5
    endloop
  endfacet
  facet normal 0.773039 0.634359 0
    outer loop
      vertex 1.41122 80.8389 12
      vertex 1.60398 80.604 16.5
      vertex 1.60398 80.604 12
    endloop
  endfacet
  facet normal 0.289669 -0.957127 0
    outer loop
      vertex 2.10684 136.732 12
      vertex 2.39761 136.82 16.5
      vertex 2.10684 136.732 16.5
    endloop
  endfacet
  facet normal 0.289669 -0.957127 0
    outer loop
      vertex 2.39761 136.82 16.5
      vertex 2.10684 136.732 12
      vertex 2.39761 136.82 12
    endloop
  endfacet
  facet normal -1 0 0
    outer loop
      vertex 87.85 81.7 12
      vertex 87.85 135.3 16.5
      vertex 87.85 135.3 12
    endloop
  endfacet
  facet normal -1 -0 0
    outer loop
      vertex 87.85 135.3 16.5
      vertex 87.85 81.7 12
      vertex 87.85 81.7 16.5
    endloop
  endfacet
  facet normal 0.956999 -0.290092 0
    outer loop
      vertex 1.17978 135.602 16.5
      vertex 1.26799 135.893 12
      vertex 1.26799 135.893 16.5
    endloop
  endfacet
  facet normal 0.956999 -0.290092 0
    outer loop
      vertex 1.26799 135.893 12
      vertex 1.17978 135.602 16.5
      vertex 1.17978 135.602 12
    endloop
  endfacet
  facet normal 0.995186 0.0980048 0
    outer loop
      vertex 1.17978 81.3976 16.5
      vertex 1.15 81.7 12
      vertex 1.15 81.7 16.5
    endloop
  endfacet
  facet normal 0.995186 0.0980048 0
    outer loop
      vertex 1.15 81.7 12
      vertex 1.17978 81.3976 16.5
      vertex 1.17978 81.3976 12
    endloop
  endfacet
  facet normal -0.99518 0.0980699 0
    outer loop
      vertex 87.8202 81.3976 12
      vertex 87.85 81.7 16.5
      vertex 87.85 81.7 12
    endloop
  endfacet
  facet normal -0.99518 0.0980699 0
    outer loop
      vertex 87.85 81.7 16.5
      vertex 87.8202 81.3976 12
      vertex 87.8202 81.3976 16.5
    endloop
  endfacet
  facet normal -0.289642 -0.957135 0
    outer loop
      vertex 86.6024 136.82 12
      vertex 86.8932 136.732 16.5
      vertex 86.6024 136.82 16.5
    endloop
  endfacet
  facet normal -0.289642 -0.957135 -0
    outer loop
      vertex 86.8932 136.732 16.5
      vertex 86.6024 136.82 12
      vertex 86.8932 136.732 12
    endloop
  endfacet
  facet normal -0.957008 -0.290062 0
    outer loop
      vertex 87.8202 135.602 12
      vertex 87.732 135.893 16.5
      vertex 87.732 135.893 12
    endloop
  endfacet
  facet normal -0.957008 -0.290062 0
    outer loop
      vertex 87.732 135.893 16.5
      vertex 87.8202 135.602 12
      vertex 87.8202 135.602 16.5
    endloop
  endfacet
  facet normal -0.881915 0.471408 0
    outer loop
      vertex 87.5888 80.8389 12
      vertex 87.732 81.1068 16.5
      vertex 87.732 81.1068 12
    endloop
  endfacet
  facet normal -0.881915 0.471408 0
    outer loop
      vertex 87.732 81.1068 16.5
      vertex 87.5888 80.8389 12
      vertex 87.5888 80.8389 16.5
    endloop
  endfacet
  facet normal 0.4708 -0.88224 0
    outer loop
      vertex 1.83887 136.589 12
      vertex 2.10684 136.732 16.5
      vertex 1.83887 136.589 16.5
    endloop
  endfacet
  facet normal 0.4708 -0.88224 0
    outer loop
      vertex 2.10684 136.732 16.5
      vertex 1.83887 136.589 12
      vertex 2.10684 136.732 12
    endloop
  endfacet
  facet normal -0.881988 -0.471271 0
    outer loop
      vertex 87.732 135.893 12
      vertex 87.5888 136.161 16.5
      vertex 87.5888 136.161 12
    endloop
  endfacet
  facet normal -0.881988 -0.471271 0
    outer loop
      vertex 87.5888 136.161 16.5
      vertex 87.732 135.893 12
      vertex 87.732 135.893 16.5
    endloop
  endfacet
  facet normal -0.773106 -0.634276 0
    outer loop
      vertex 87.5888 136.161 12
      vertex 87.396 136.396 16.5
      vertex 87.396 136.396 12
    endloop
  endfacet
  facet normal -0.773106 -0.634276 0
    outer loop
      vertex 87.396 136.396 16.5
      vertex 87.5888 136.161 12
      vertex 87.5888 136.161 16.5
    endloop
  endfacet
  facet normal -0.634831 -0.772651 0
    outer loop
      vertex 87.1611 136.589 12
      vertex 87.396 136.396 16.5
      vertex 87.1611 136.589 16.5
    endloop
  endfacet
  facet normal -0.634831 -0.772651 -0
    outer loop
      vertex 87.396 136.396 16.5
      vertex 87.1611 136.589 12
      vertex 87.396 136.396 12
    endloop
  endfacet
  facet normal 0.956943 0.290275 0
    outer loop
      vertex 1.26799 81.1068 16.5
      vertex 1.17978 81.3976 12
      vertex 1.17978 81.3976 16.5
    endloop
  endfacet
  facet normal 0.956943 0.290275 0
    outer loop
      vertex 1.17978 81.3976 12
      vertex 1.26799 81.1068 16.5
      vertex 1.26799 81.1068 12
    endloop
  endfacet
  facet normal -0.956952 0.290245 0
    outer loop
      vertex 87.732 81.1068 12
      vertex 87.8202 81.3976 16.5
      vertex 87.8202 81.3976 12
    endloop
  endfacet
  facet normal -0.956952 0.290245 0
    outer loop
      vertex 87.8202 81.3976 16.5
      vertex 87.732 81.1068 12
      vertex 87.732 81.1068 16.5
    endloop
  endfacet
  facet normal -0.470896 -0.882189 0
    outer loop
      vertex 86.8932 136.732 12
      vertex 87.1611 136.589 16.5
      vertex 86.8932 136.732 16.5
    endloop
  endfacet
  facet normal -0.470896 -0.882189 -0
    outer loop
      vertex 87.1611 136.589 16.5
      vertex 86.8932 136.732 12
      vertex 87.1611 136.589 12
    endloop
  endfacet
  facet normal -0.995167 -0.0981986 0
    outer loop
      vertex 87.85 135.3 12
      vertex 87.8202 135.602 16.5
      vertex 87.8202 135.602 12
    endloop
  endfacet
  facet normal -0.995167 -0.0981986 0
    outer loop
      vertex 87.8202 135.602 16.5
      vertex 87.85 135.3 12
      vertex 87.85 135.3 16.5
    endloop
  endfacet
  facet normal 0 0 1
    outer loop
      vertex 33.5 138 12
      vertex 24.5 138 12
      vertex 33.5 136.85 12
    endloop
  endfacet
  facet normal 0 0 1
    outer loop
      vertex 86.3315 135.056 12
      vertex 87.85 135.3 12
      vertex 87.8202 135.602 12
    endloop
  endfacet
  facet normal 0 0 1
    outer loop
      vertex 87.85 135.3 12
      vertex 86.5 134.5 12
      vertex 87.85 81.7 12
    endloop
  endfacet
  facet normal 0 0 1
    outer loop
      vertex 86.3315 135.056 12
      vertex 87.8202 135.602 12
      vertex 87.732 135.893 12
    endloop
  endfacet
  facet normal -0 0 1
    outer loop
      vertex 86.5 82.5 12
      vertex 87.85 81.7 12
      vertex 86.5 134.5 12
    endloop
  endfacet
  facet normal 0 0 1
    outer loop
      vertex 86.3315 135.056 12
      vertex 87.732 135.893 12
      vertex 87.5888 136.161 12
    endloop
  endfacet
  facet normal -0 0 1
    outer loop
      vertex 86.4808 82.3049 12
      vertex 87.85 81.7 12
      vertex 86.5 82.5 12
    endloop
  endfacet
  facet normal 0 0 1
    outer loop
      vertex 86.2071 135.207 12
      vertex 87.5888 136.161 12
      vertex 87.396 136.396 12
    endloop
  endfacet
  facet normal -0 0 1
    outer loop
      vertex 86.4239 82.1173 12
      vertex 87.85 81.7 12
      vertex 86.4808 82.3049 12
    endloop
  endfacet
  facet normal 0 0 1
    outer loop
      vertex 86.2071 135.207 12
      vertex 87.396 136.396 12
      vertex 87.1611 136.589 12
    endloop
  endfacet
  facet normal -0 0 1
    outer loop
      vertex 86.3315 81.9444 12
      vertex 87.85 81.7 12
      vertex 86.4239 82.1173 12
    endloop
  endfacet
  facet normal 0 0 1
    outer loop
      vertex 86.0556 135.331 12
      vertex 87.1611 136.589 12
      vertex 86.8932 136.732 12
    endloop
  endfacet
  facet normal 0 0 1
    outer loop
      vertex 87.85 81.7 12
      vertex 86.3315 81.9444 12
      vertex 87.8202 81.3976 12
    endloop
  endfacet
  facet normal 0 0 1
    outer loop
      vertex 86.0556 135.331 12
      vertex 86.8932 136.732 12
      vertex 86.6024 136.82 12
    endloop
  endfacet
  facet normal 0 0 1
    outer loop
      vertex 87.8202 81.3976 12
      vertex 86.3315 81.9444 12
      vertex 87.732 81.1068 12
    endloop
  endfacet
  facet normal 0 0 1
    outer loop
      vertex 87.732 81.1068 12
      vertex 86.3315 81.9444 12
      vertex 87.5888 80.8389 12
    endloop
  endfacet
  facet normal 0 0 1
    outer loop
      vertex 87.85 135.3 12
      vertex 86.4808 134.695 12
      vertex 86.5 134.5 12
    endloop
  endfacet
  facet normal 0 0 1
    outer loop
      vertex 87.85 135.3 12
      vertex 86.4239 134.883 12
      vertex 86.4808 134.695 12
    endloop
  endfacet
  facet normal 0 0 1
    outer loop
      vertex 87.85 135.3 12
      vertex 86.3315 135.056 12
      vertex 86.4239 134.883 12
    endloop
  endfacet
  facet normal 0 0 1
    outer loop
      vertex 86.0556 135.331 12
      vertex 86.6024 136.82 12
      vertex 86.3 136.85 12
    endloop
  endfacet
  facet normal 0 0 1
    outer loop
      vertex 87.5888 136.161 12
      vertex 86.2071 135.207 12
      vertex 86.3315 135.056 12
    endloop
  endfacet
  facet normal 0 0 1
    outer loop
      vertex 87.1611 136.589 12
      vertex 86.0556 135.331 12
      vertex 86.2071 135.207 12
    endloop
  endfacet
  facet normal 0 0 1
    outer loop
      vertex 86.3 136.85 12
      vertex 85.8827 135.424 12
      vertex 86.0556 135.331 12
    endloop
  endfacet
  facet normal 0 0 1
    outer loop
      vertex 86.3 136.85 12
      vertex 85.6951 135.481 12
      vertex 85.8827 135.424 12
    endloop
  endfacet
  facet normal 0 0 1
    outer loop
      vertex 86.3 136.85 12
      vertex 85.5 135.5 12
      vertex 85.6951 135.481 12
    endloop
  endfacet
  facet normal -0 0 1
    outer loop
      vertex 33.5 136.85 12
      vertex 85.5 135.5 12
      vertex 86.3 136.85 12
    endloop
  endfacet
  facet normal 0 0 1
    outer loop
      vertex 24.5 136.85 12
      vertex 33.5 136.85 12
      vertex 24.5 138 12
    endloop
  endfacet
  facet normal 0 0 1
    outer loop
      vertex 3.5 135.5 12
      vertex 33.5 136.85 12
      vertex 24.5 136.85 12
    endloop
  endfacet
  facet normal 0 0 1
    outer loop
      vertex 33.5 136.85 12
      vertex 3.5 135.5 12
      vertex 85.5 135.5 12
    endloop
  endfacet
  facet normal -0 0 1
    outer loop
      vertex 2.7 136.85 12
      vertex 3.5 135.5 12
      vertex 24.5 136.85 12
    endloop
  endfacet
  facet normal 0 0 1
    outer loop
      vertex 2.7 136.85 12
      vertex 3.30491 135.481 12
      vertex 3.5 135.5 12
    endloop
  endfacet
  facet normal 0 0 1
    outer loop
      vertex 2.7 136.85 12
      vertex 3.11732 135.424 12
      vertex 3.30491 135.481 12
    endloop
  endfacet
  facet normal 0 0 1
    outer loop
      vertex 2.7 136.85 12
      vertex 2.94443 135.331 12
      vertex 3.11732 135.424 12
    endloop
  endfacet
  facet normal -0 0 1
    outer loop
      vertex 2.39761 136.82 12
      vertex 2.94443 135.331 12
      vertex 2.7 136.85 12
    endloop
  endfacet
  facet normal -0 0 1
    outer loop
      vertex 2.10684 136.732 12
      vertex 2.94443 135.331 12
      vertex 2.39761 136.82 12
    endloop
  endfacet
  facet normal -0 0 1
    outer loop
      vertex 1.83887 136.589 12
      vertex 2.94443 135.331 12
      vertex 2.10684 136.732 12
    endloop
  endfacet
  facet normal 0 0 1
    outer loop
      vertex 2.94443 135.331 12
      vertex 1.83887 136.589 12
      vertex 2.79289 135.207 12
    endloop
  endfacet
  facet normal -0 0 1
    outer loop
      vertex 1.60398 136.396 12
      vertex 2.79289 135.207 12
      vertex 1.83887 136.589 12
    endloop
  endfacet
  facet normal 0 0 1
    outer loop
      vertex 2.79289 135.207 12
      vertex 1.41122 136.161 12
      vertex 2.66853 135.056 12
    endloop
  endfacet
  facet normal -0 0 1
    outer loop
      vertex 1.41122 136.161 12
      vertex 2.79289 135.207 12
      vertex 1.60398 136.396 12
    endloop
  endfacet
  facet normal -0 0 1
    outer loop
      vertex 86.2071 81.7929 12
      vertex 87.5888 80.8389 12
      vertex 86.3315 81.9444 12
    endloop
  endfacet
  facet normal 0 0 1
    outer loop
      vertex 87.5888 80.8389 12
      vertex 86.2071 81.7929 12
      vertex 87.396 80.604 12
    endloop
  endfacet
  facet normal 0 0 1
    outer loop
      vertex 87.396 80.604 12
      vertex 86.2071 81.7929 12
      vertex 87.1611 80.4112 12
    endloop
  endfacet
  facet normal -0 0 1
    outer loop
      vertex 86.0556 81.6685 12
      vertex 87.1611 80.4112 12
      vertex 86.2071 81.7929 12
    endloop
  endfacet
  facet normal 0 0 1
    outer loop
      vertex 87.1611 80.4112 12
      vertex 86.0556 81.6685 12
      vertex 86.8932 80.268 12
    endloop
  endfacet
  facet normal 0 0 1
    outer loop
      vertex 86.8932 80.268 12
      vertex 86.0556 81.6685 12
      vertex 86.6024 80.1798 12
    endloop
  endfacet
  facet normal 0 0 1
    outer loop
      vertex 86.6024 80.1798 12
      vertex 86.0556 81.6685 12
      vertex 86.3 80.15 12
    endloop
  endfacet
  facet normal -0 0 1
    outer loop
      vertex 85.8827 81.5761 12
      vertex 86.3 80.15 12
      vertex 86.0556 81.6685 12
    endloop
  endfacet
  facet normal -0 0 1
    outer loop
      vertex 85.6951 81.5192 12
      vertex 86.3 80.15 12
      vertex 85.8827 81.5761 12
    endloop
  endfacet
  facet normal -0 0 1
    outer loop
      vertex 85.5 81.5 12
      vertex 86.3 80.15 12
      vertex 85.6951 81.5192 12
    endloop
  endfacet
  facet normal 0 0 1
    outer loop
      vertex 85.5 81.5 12
      vertex 38.5 80.15 12
      vertex 86.3 80.15 12
    endloop
  endfacet
  facet normal 0 0 1
    outer loop
      vertex 38.5 80.15 12
      vertex 29.5 80.15 12
      vertex 38.5 79 12
    endloop
  endfacet
  facet normal -0 0 1
    outer loop
      vertex 3.5 81.5 12
      vertex 38.5 80.15 12
      vertex 85.5 81.5 12
    endloop
  endfacet
  facet normal 0 0 1
    outer loop
      vertex 38.5 80.15 12
      vertex 3.5 81.5 12
      vertex 29.5 80.15 12
    endloop
  endfacet
  facet normal 0 0 1
    outer loop
      vertex 3.5 81.5 12
      vertex 2.7 80.15 12
      vertex 29.5 80.15 12
    endloop
  endfacet
  facet normal 0 0 1
    outer loop
      vertex 3.30491 81.5192 12
      vertex 2.7 80.15 12
      vertex 3.5 81.5 12
    endloop
  endfacet
  facet normal 0 0 1
    outer loop
      vertex 3.11732 81.5761 12
      vertex 2.7 80.15 12
      vertex 3.30491 81.5192 12
    endloop
  endfacet
  facet normal 0 0 1
    outer loop
      vertex 2.94443 81.6685 12
      vertex 2.7 80.15 12
      vertex 3.11732 81.5761 12
    endloop
  endfacet
  facet normal 0 0 1
    outer loop
      vertex 1.83887 80.4112 12
      vertex 2.94443 81.6685 12
      vertex 2.79289 81.7929 12
    endloop
  endfacet
  facet normal 0 0 1
    outer loop
      vertex 1.41122 80.8389 12
      vertex 2.79289 81.7929 12
      vertex 2.66853 81.9444 12
    endloop
  endfacet
  facet normal 0 0 1
    outer loop
      vertex 1.15 81.7 12
      vertex 2.66853 81.9444 12
      vertex 2.57612 82.1173 12
    endloop
  endfacet
  facet normal 0 0 1
    outer loop
      vertex 1.15 81.7 12
      vertex 2.57612 82.1173 12
      vertex 2.51922 82.3049 12
    endloop
  endfacet
  facet normal 0 0 1
    outer loop
      vertex 1.15 81.7 12
      vertex 2.51922 82.3049 12
      vertex 2.5 82.5 12
    endloop
  endfacet
  facet normal 0 0 1
    outer loop
      vertex 2.94443 81.6685 12
      vertex 2.39761 80.1798 12
      vertex 2.7 80.15 12
    endloop
  endfacet
  facet normal 0 0 1
    outer loop
      vertex 2.5 134.5 12
      vertex 1.15 135.3 12
      vertex 2.5 82.5 12
    endloop
  endfacet
  facet normal -0 0 1
    outer loop
      vertex 1.26799 135.893 12
      vertex 2.66853 135.056 12
      vertex 1.41122 136.161 12
    endloop
  endfacet
  facet normal 0 0 1
    outer loop
      vertex 1.15 81.7 12
      vertex 2.5 82.5 12
      vertex 1.15 135.3 12
    endloop
  endfacet
  facet normal -0 0 1
    outer loop
      vertex 1.17978 135.602 12
      vertex 2.66853 135.056 12
      vertex 1.26799 135.893 12
    endloop
  endfacet
  facet normal 0 0 1
    outer loop
      vertex 2.66853 81.9444 12
      vertex 1.15 81.7 12
      vertex 1.17978 81.3976 12
    endloop
  endfacet
  facet normal -0 0 1
    outer loop
      vertex 1.15 135.3 12
      vertex 2.66853 135.056 12
      vertex 1.17978 135.602 12
    endloop
  endfacet
  facet normal 0 0 1
    outer loop
      vertex 2.94443 81.6685 12
      vertex 2.10684 80.268 12
      vertex 2.39761 80.1798 12
    endloop
  endfacet
  facet normal 0 0 1
    outer loop
      vertex 2.66853 135.056 12
      vertex 1.15 135.3 12
      vertex 2.57612 134.883 12
    endloop
  endfacet
  facet normal 0 0 1
    outer loop
      vertex 2.94443 81.6685 12
      vertex 1.83887 80.4112 12
      vertex 2.10684 80.268 12
    endloop
  endfacet
  facet normal 0 0 1
    outer loop
      vertex 2.57612 134.883 12
      vertex 1.15 135.3 12
      vertex 2.51922 134.695 12
    endloop
  endfacet
  facet normal 0 0 1
    outer loop
      vertex 2.79289 81.7929 12
      vertex 1.60398 80.604 12
      vertex 1.83887 80.4112 12
    endloop
  endfacet
  facet normal 0 0 1
    outer loop
      vertex 2.51922 134.695 12
      vertex 1.15 135.3 12
      vertex 2.5 134.5 12
    endloop
  endfacet
  facet normal 0 0 1
    outer loop
      vertex 2.79289 81.7929 12
      vertex 1.41122 80.8389 12
      vertex 1.60398 80.604 12
    endloop
  endfacet
  facet normal 0 0 1
    outer loop
      vertex 2.66853 81.9444 12
      vertex 1.26799 81.1068 12
      vertex 1.41122 80.8389 12
    endloop
  endfacet
  facet normal 0 0 1
    outer loop
      vertex 2.66853 81.9444 12
      vertex 1.17978 81.3976 12
      vertex 1.26799 81.1068 12
    endloop
  endfacet
  facet normal 0 0 1
    outer loop
      vertex 38.5 79 12
      vertex 29.5 80.15 12
      vertex 29.5 79 12
    endloop
  endfacet
  facet normal -0.773425 -0.633888 0
    outer loop
      vertex 22.0251 116.025 4
      vertex 21.5899 116.556 10.8
      vertex 21.5899 116.556 4
    endloop
  endfacet
  facet normal -0.773425 -0.633888 0
    outer loop
      vertex 21.5899 116.556 10.8
      vertex 22.0251 116.025 4
      vertex 22.0251 116.025 10.8
    endloop
  endfacet
  facet normal 0.99518 0.098061 0
    outer loop
      vertex 28 118.5 10.8
      vertex 27.9327 119.183 4
      vertex 27.9327 119.183 10.8
    endloop
  endfacet
  facet normal 0.99518 0.098061 0
    outer loop
      vertex 27.9327 119.183 4
      vertex 28 118.5 10.8
      vertex 28 118.5 4
    endloop
  endfacet
  facet normal 0.881848 0.471534 0
    outer loop
      vertex 27.7336 119.839 10.8
      vertex 27.4101 120.444 4
      vertex 27.4101 120.444 10.8
    endloop
  endfacet
  facet normal 0.881848 0.471534 0
    outer loop
      vertex 27.4101 120.444 4
      vertex 27.7336 119.839 10.8
      vertex 27.7336 119.839 4
    endloop
  endfacet
  facet normal -0.472039 -0.881577 0
    outer loop
      vertex 22.5555 115.59 4
      vertex 23.1606 115.266 10.8
      vertex 22.5555 115.59 10.8
    endloop
  endfacet
  facet normal -0.472039 -0.881577 -0
    outer loop
      vertex 23.1606 115.266 10.8
      vertex 22.5555 115.59 4
      vertex 23.1606 115.266 4
    endloop
  endfacet
  facet normal 0.290048 0.957012 -0
    outer loop
      vertex 25.8394 121.734 4
      vertex 25.1828 121.933 10.8
      vertex 25.8394 121.734 10.8
    endloop
  endfacet
  facet normal 0.290048 0.957012 0
    outer loop
      vertex 25.1828 121.933 10.8
      vertex 25.8394 121.734 4
      vertex 25.1828 121.933 4
    endloop
  endfacet
  facet normal 0.773425 -0.633888 0
    outer loop
      vertex 26.9749 116.025 10.8
      vertex 27.4101 116.556 4
      vertex 27.4101 116.556 10.8
    endloop
  endfacet
  facet normal 0.773425 -0.633888 0
    outer loop
      vertex 27.4101 116.556 4
      vertex 26.9749 116.025 10.8
      vertex 26.9749 116.025 4
    endloop
  endfacet
  facet normal 0 0 1
    outer loop
      vertex 26 118.5 10.8
      vertex 28 118.5 10.8
      vertex 27.9327 119.183 10.8
    endloop
  endfacet
  facet normal 0 0 1
    outer loop
      vertex 25.9712 118.793 10.8
      vertex 27.9327 119.183 10.8
      vertex 27.7336 119.839 10.8
    endloop
  endfacet
  facet normal 0 0 1
    outer loop
      vertex 28 118.5 10.8
      vertex 26 118.5 10.8
      vertex 27.9327 117.817 10.8
    endloop
  endfacet
  facet normal 0 0 1
    outer loop
      vertex 25.8858 119.074 10.8
      vertex 27.7336 119.839 10.8
      vertex 27.4101 120.444 10.8
    endloop
  endfacet
  facet normal -0 0 1
    outer loop
      vertex 25.9712 118.207 10.8
      vertex 27.9327 117.817 10.8
      vertex 26 118.5 10.8
    endloop
  endfacet
  facet normal 0 0 1
    outer loop
      vertex 25.7472 119.333 10.8
      vertex 27.4101 120.444 10.8
      vertex 26.9749 120.975 10.8
    endloop
  endfacet
  facet normal 0 0 1
    outer loop
      vertex 27.9327 117.817 10.8
      vertex 25.9712 118.207 10.8
      vertex 27.7336 117.161 10.8
    endloop
  endfacet
  facet normal 0 0 1
    outer loop
      vertex 25.5607 119.561 10.8
      vertex 26.9749 120.975 10.8
      vertex 26.4445 121.41 10.8
    endloop
  endfacet
  facet normal -0 0 1
    outer loop
      vertex 25.8858 117.926 10.8
      vertex 27.7336 117.161 10.8
      vertex 25.9712 118.207 10.8
    endloop
  endfacet
  facet normal 0 0 1
    outer loop
      vertex 27.7336 117.161 10.8
      vertex 25.8858 117.926 10.8
      vertex 27.4101 116.556 10.8
    endloop
  endfacet
  facet normal 0 0 1
    outer loop
      vertex 27.9327 119.183 10.8
      vertex 25.9712 118.793 10.8
      vertex 26 118.5 10.8
    endloop
  endfacet
  facet normal 0 0 1
    outer loop
      vertex 27.7336 119.839 10.8
      vertex 25.8858 119.074 10.8
      vertex 25.9712 118.793 10.8
    endloop
  endfacet
  facet normal 0 0 1
    outer loop
      vertex 25.3334 119.747 10.8
      vertex 26.4445 121.41 10.8
      vertex 25.8394 121.734 10.8
    endloop
  endfacet
  facet normal 0 0 1
    outer loop
      vertex 27.4101 120.444 10.8
      vertex 25.7472 119.333 10.8
      vertex 25.8858 119.074 10.8
    endloop
  endfacet
  facet normal 0 0 1
    outer loop
      vertex 26.9749 120.975 10.8
      vertex 25.5607 119.561 10.8
      vertex 25.7472 119.333 10.8
    endloop
  endfacet
  facet normal 0 0 1
    outer loop
      vertex 26.4445 121.41 10.8
      vertex 25.3334 119.747 10.8
      vertex 25.5607 119.561 10.8
    endloop
  endfacet
  facet normal 0 0 1
    outer loop
      vertex 25.074 119.886 10.8
      vertex 25.8394 121.734 10.8
      vertex 25.1828 121.933 10.8
    endloop
  endfacet
  facet normal 0 0 1
    outer loop
      vertex 25.8394 121.734 10.8
      vertex 25.074 119.886 10.8
      vertex 25.3334 119.747 10.8
    endloop
  endfacet
  facet normal 0 0 1
    outer loop
      vertex 25.1828 121.933 10.8
      vertex 24.7926 119.971 10.8
      vertex 25.074 119.886 10.8
    endloop
  endfacet
  facet normal 0 0 1
    outer loop
      vertex 24.5 122 10.8
      vertex 24.7926 119.971 10.8
      vertex 25.1828 121.933 10.8
    endloop
  endfacet
  facet normal 0 0 1
    outer loop
      vertex 24.5 122 10.8
      vertex 24.5 120 10.8
      vertex 24.7926 119.971 10.8
    endloop
  endfacet
  facet normal 0 0 1
    outer loop
      vertex 24.5 122 10.8
      vertex 24.2074 119.971 10.8
      vertex 24.5 120 10.8
    endloop
  endfacet
  facet normal -0 0 1
    outer loop
      vertex 23.8172 121.933 10.8
      vertex 24.2074 119.971 10.8
      vertex 24.5 122 10.8
    endloop
  endfacet
  facet normal 0 0 1
    outer loop
      vertex 24.2074 119.971 10.8
      vertex 23.8172 121.933 10.8
      vertex 23.926 119.886 10.8
    endloop
  endfacet
  facet normal -0 0 1
    outer loop
      vertex 23.1606 121.734 10.8
      vertex 23.926 119.886 10.8
      vertex 23.8172 121.933 10.8
    endloop
  endfacet
  facet normal 0 0 1
    outer loop
      vertex 23.926 119.886 10.8
      vertex 23.1606 121.734 10.8
      vertex 23.6666 119.747 10.8
    endloop
  endfacet
  facet normal -0 0 1
    outer loop
      vertex 22.5555 121.41 10.8
      vertex 23.6666 119.747 10.8
      vertex 23.1606 121.734 10.8
    endloop
  endfacet
  facet normal 0 0 1
    outer loop
      vertex 23.6666 119.747 10.8
      vertex 22.5555 121.41 10.8
      vertex 23.4393 119.561 10.8
    endloop
  endfacet
  facet normal -0 0 1
    outer loop
      vertex 22.0251 120.975 10.8
      vertex 23.4393 119.561 10.8
      vertex 22.5555 121.41 10.8
    endloop
  endfacet
  facet normal 0 0 1
    outer loop
      vertex 23.4393 119.561 10.8
      vertex 22.0251 120.975 10.8
      vertex 23.2528 119.333 10.8
    endloop
  endfacet
  facet normal -0 0 1
    outer loop
      vertex 21.5899 120.444 10.8
      vertex 23.2528 119.333 10.8
      vertex 22.0251 120.975 10.8
    endloop
  endfacet
  facet normal 0 0 1
    outer loop
      vertex 23.2528 119.333 10.8
      vertex 21.5899 120.444 10.8
      vertex 23.1142 119.074 10.8
    endloop
  endfacet
  facet normal -0 0 1
    outer loop
      vertex 25.7472 117.667 10.8
      vertex 27.4101 116.556 10.8
      vertex 25.8858 117.926 10.8
    endloop
  endfacet
  facet normal 0 0 1
    outer loop
      vertex 27.4101 116.556 10.8
      vertex 25.7472 117.667 10.8
      vertex 26.9749 116.025 10.8
    endloop
  endfacet
  facet normal -0 0 1
    outer loop
      vertex 25.5607 117.439 10.8
      vertex 26.9749 116.025 10.8
      vertex 25.7472 117.667 10.8
    endloop
  endfacet
  facet normal 0 0 1
    outer loop
      vertex 26.9749 116.025 10.8
      vertex 25.5607 117.439 10.8
      vertex 26.4445 115.59 10.8
    endloop
  endfacet
  facet normal -0 0 1
    outer loop
      vertex 25.3334 117.253 10.8
      vertex 26.4445 115.59 10.8
      vertex 25.5607 117.439 10.8
    endloop
  endfacet
  facet normal 0 0 1
    outer loop
      vertex 26.4445 115.59 10.8
      vertex 25.3334 117.253 10.8
      vertex 25.8394 115.266 10.8
    endloop
  endfacet
  facet normal -0 0 1
    outer loop
      vertex 25.074 117.114 10.8
      vertex 25.8394 115.266 10.8
      vertex 25.3334 117.253 10.8
    endloop
  endfacet
  facet normal 0 0 1
    outer loop
      vertex 25.8394 115.266 10.8
      vertex 25.074 117.114 10.8
      vertex 25.1828 115.067 10.8
    endloop
  endfacet
  facet normal -0 0 1
    outer loop
      vertex 24.7926 117.029 10.8
      vertex 25.1828 115.067 10.8
      vertex 25.074 117.114 10.8
    endloop
  endfacet
  facet normal -0 0 1
    outer loop
      vertex 24.5 117 10.8
      vertex 25.1828 115.067 10.8
      vertex 24.7926 117.029 10.8
    endloop
  endfacet
  facet normal 0 0 1
    outer loop
      vertex 24.5 117 10.8
      vertex 24.5 115 10.8
      vertex 25.1828 115.067 10.8
    endloop
  endfacet
  facet normal 0 0 1
    outer loop
      vertex 24.2074 117.029 10.8
      vertex 24.5 115 10.8
      vertex 24.5 117 10.8
    endloop
  endfacet
  facet normal 0 0 1
    outer loop
      vertex 23.8172 115.067 10.8
      vertex 24.2074 117.029 10.8
      vertex 23.926 117.114 10.8
    endloop
  endfacet
  facet normal 0 0 1
    outer loop
      vertex 24.2074 117.029 10.8
      vertex 23.8172 115.067 10.8
      vertex 24.5 115 10.8
    endloop
  endfacet
  facet normal 0 0 1
    outer loop
      vertex 23.1606 115.266 10.8
      vertex 23.926 117.114 10.8
      vertex 23.6666 117.253 10.8
    endloop
  endfacet
  facet normal 0 0 1
    outer loop
      vertex 22.5555 115.59 10.8
      vertex 23.6666 117.253 10.8
      vertex 23.4393 117.439 10.8
    endloop
  endfacet
  facet normal 0 0 1
    outer loop
      vertex 22.0251 116.025 10.8
      vertex 23.4393 117.439 10.8
      vertex 23.2528 117.667 10.8
    endloop
  endfacet
  facet normal 0 0 1
    outer loop
      vertex 23.926 117.114 10.8
      vertex 23.1606 115.266 10.8
      vertex 23.8172 115.067 10.8
    endloop
  endfacet
  facet normal 0 0 1
    outer loop
      vertex 21.5899 116.556 10.8
      vertex 23.2528 117.667 10.8
      vertex 23.1142 117.926 10.8
    endloop
  endfacet
  facet normal 0 0 1
    outer loop
      vertex 21.2664 117.161 10.8
      vertex 23.1142 117.926 10.8
      vertex 23.0288 118.207 10.8
    endloop
  endfacet
  facet normal 0 0 1
    outer loop
      vertex 21.0673 117.817 10.8
      vertex 23.0288 118.207 10.8
      vertex 23 118.5 10.8
    endloop
  endfacet
  facet normal -0 0 1
    outer loop
      vertex 21.2664 119.839 10.8
      vertex 23.1142 119.074 10.8
      vertex 21.5899 120.444 10.8
    endloop
  endfacet
  facet normal 0 0 1
    outer loop
      vertex 23.6666 117.253 10.8
      vertex 22.5555 115.59 10.8
      vertex 23.1606 115.266 10.8
    endloop
  endfacet
  facet normal 0 0 1
    outer loop
      vertex 23.1142 119.074 10.8
      vertex 21.2664 119.839 10.8
      vertex 23.0288 118.793 10.8
    endloop
  endfacet
  facet normal 0 0 1
    outer loop
      vertex 23.4393 117.439 10.8
      vertex 22.0251 116.025 10.8
      vertex 22.5555 115.59 10.8
    endloop
  endfacet
  facet normal -0 0 1
    outer loop
      vertex 21.0673 119.183 10.8
      vertex 23.0288 118.793 10.8
      vertex 21.2664 119.839 10.8
    endloop
  endfacet
  facet normal 0 0 1
    outer loop
      vertex 23.2528 117.667 10.8
      vertex 21.5899 116.556 10.8
      vertex 22.0251 116.025 10.8
    endloop
  endfacet
  facet normal 0 0 1
    outer loop
      vertex 23.0288 118.793 10.8
      vertex 21.0673 119.183 10.8
      vertex 23 118.5 10.8
    endloop
  endfacet
  facet normal 0 0 1
    outer loop
      vertex 23.1142 117.926 10.8
      vertex 21.2664 117.161 10.8
      vertex 21.5899 116.556 10.8
    endloop
  endfacet
  facet normal 0 0 1
    outer loop
      vertex 21 118.5 10.8
      vertex 23 118.5 10.8
      vertex 21.0673 119.183 10.8
    endloop
  endfacet
  facet normal 0 0 1
    outer loop
      vertex 23.0288 118.207 10.8
      vertex 21.0673 117.817 10.8
      vertex 21.2664 117.161 10.8
    endloop
  endfacet
  facet normal 0 0 1
    outer loop
      vertex 23 118.5 10.8
      vertex 21 118.5 10.8
      vertex 21.0673 117.817 10.8
    endloop
  endfacet
  facet normal 0.472039 -0.881577 0
    outer loop
      vertex 25.8394 115.266 4
      vertex 26.4445 115.59 10.8
      vertex 25.8394 115.266 10.8
    endloop
  endfacet
  facet normal 0.472039 -0.881577 0
    outer loop
      vertex 26.4445 115.59 10.8
      vertex 25.8394 115.266 4
      vertex 26.4445 115.59 4
    endloop
  endfacet
  facet normal 0.881848 -0.471534 0
    outer loop
      vertex 27.4101 116.556 10.8
      vertex 27.7336 117.161 4
      vertex 27.7336 117.161 10.8
    endloop
  endfacet
  facet normal 0.881848 -0.471534 0
    outer loop
      vertex 27.7336 117.161 4
      vertex 27.4101 116.556 10.8
      vertex 27.4101 116.556 4
    endloop
  endfacet
  facet normal -0.99518 -0.098061 0
    outer loop
      vertex 21.0673 117.817 4
      vertex 21 118.5 10.8
      vertex 21 118.5 4
    endloop
  endfacet
  facet normal -0.99518 -0.098061 0
    outer loop
      vertex 21 118.5 10.8
      vertex 21.0673 117.817 4
      vertex 21.0673 117.817 10.8
    endloop
  endfacet
  facet normal 0.773425 0.633888 0
    outer loop
      vertex 27.4101 120.444 10.8
      vertex 26.9749 120.975 4
      vertex 26.9749 120.975 10.8
    endloop
  endfacet
  facet normal 0.773425 0.633888 0
    outer loop
      vertex 26.9749 120.975 4
      vertex 27.4101 120.444 10.8
      vertex 27.4101 120.444 4
    endloop
  endfacet
  facet normal -0.290048 0.957012 0
    outer loop
      vertex 23.8172 121.933 4
      vertex 23.1606 121.734 10.8
      vertex 23.8172 121.933 10.8
    endloop
  endfacet
  facet normal -0.290048 0.957012 0
    outer loop
      vertex 23.1606 121.734 10.8
      vertex 23.8172 121.933 4
      vertex 23.1606 121.734 4
    endloop
  endfacet
  facet normal 0.0976563 0.99522 -0
    outer loop
      vertex 25.1828 121.933 4
      vertex 24.5 122 10.8
      vertex 25.1828 121.933 10.8
    endloop
  endfacet
  facet normal 0.0976563 0.99522 0
    outer loop
      vertex 24.5 122 10.8
      vertex 25.1828 121.933 4
      vertex 24.5 122 4
    endloop
  endfacet
  facet normal -0.881848 0.471534 0
    outer loop
      vertex 21.2664 119.839 4
      vertex 21.5899 120.444 10.8
      vertex 21.5899 120.444 4
    endloop
  endfacet
  facet normal -0.881848 0.471534 0
    outer loop
      vertex 21.5899 120.444 10.8
      vertex 21.2664 119.839 4
      vertex 21.2664 119.839 10.8
    endloop
  endfacet
  facet normal 0.956898 0.290424 0
    outer loop
      vertex 27.9327 119.183 10.8
      vertex 27.7336 119.839 4
      vertex 27.7336 119.839 10.8
    endloop
  endfacet
  facet normal 0.956898 0.290424 0
    outer loop
      vertex 27.7336 119.839 4
      vertex 27.9327 119.183 10.8
      vertex 27.9327 119.183 4
    endloop
  endfacet
  facet normal 0.472039 0.881577 -0
    outer loop
      vertex 26.4445 121.41 4
      vertex 25.8394 121.734 10.8
      vertex 26.4445 121.41 10.8
    endloop
  endfacet
  facet normal 0.472039 0.881577 0
    outer loop
      vertex 25.8394 121.734 10.8
      vertex 26.4445 121.41 4
      vertex 25.8394 121.734 4
    endloop
  endfacet
  facet normal -0.773425 0.633888 0
    outer loop
      vertex 21.5899 120.444 4
      vertex 22.0251 120.975 10.8
      vertex 22.0251 120.975 4
    endloop
  endfacet
  facet normal -0.773425 0.633888 0
    outer loop
      vertex 22.0251 120.975 10.8
      vertex 21.5899 120.444 4
      vertex 21.5899 120.444 10.8
    endloop
  endfacet
  facet normal -0.634142 -0.773216 0
    outer loop
      vertex 22.0251 116.025 4
      vertex 22.5555 115.59 10.8
      vertex 22.0251 116.025 10.8
    endloop
  endfacet
  facet normal -0.634142 -0.773216 -0
    outer loop
      vertex 22.5555 115.59 10.8
      vertex 22.0251 116.025 4
      vertex 22.5555 115.59 4
    endloop
  endfacet
  facet normal -0.881848 -0.471534 0
    outer loop
      vertex 21.5899 116.556 4
      vertex 21.2664 117.161 10.8
      vertex 21.2664 117.161 4
    endloop
  endfacet
  facet normal -0.881848 -0.471534 0
    outer loop
      vertex 21.2664 117.161 10.8
      vertex 21.5899 116.556 4
      vertex 21.5899 116.556 10.8
    endloop
  endfacet
  facet normal 0.956898 -0.290424 0
    outer loop
      vertex 27.7336 117.161 10.8
      vertex 27.9327 117.817 4
      vertex 27.9327 117.817 10.8
    endloop
  endfacet
  facet normal 0.956898 -0.290424 0
    outer loop
      vertex 27.9327 117.817 4
      vertex 27.7336 117.161 10.8
      vertex 27.7336 117.161 4
    endloop
  endfacet
  facet normal 0.0976563 -0.99522 0
    outer loop
      vertex 24.5 115 4
      vertex 25.1828 115.067 10.8
      vertex 24.5 115 10.8
    endloop
  endfacet
  facet normal 0.0976563 -0.99522 0
    outer loop
      vertex 25.1828 115.067 10.8
      vertex 24.5 115 4
      vertex 25.1828 115.067 4
    endloop
  endfacet
  facet normal 0.634142 0.773216 -0
    outer loop
      vertex 26.9749 120.975 4
      vertex 26.4445 121.41 10.8
      vertex 26.9749 120.975 10.8
    endloop
  endfacet
  facet normal 0.634142 0.773216 0
    outer loop
      vertex 26.4445 121.41 10.8
      vertex 26.9749 120.975 4
      vertex 26.4445 121.41 4
    endloop
  endfacet
  facet normal -0.634142 0.773216 0
    outer loop
      vertex 22.5555 121.41 4
      vertex 22.0251 120.975 10.8
      vertex 22.5555 121.41 10.8
    endloop
  endfacet
  facet normal -0.634142 0.773216 0
    outer loop
      vertex 22.0251 120.975 10.8
      vertex 22.5555 121.41 4
      vertex 22.0251 120.975 4
    endloop
  endfacet
  facet normal 0.290048 -0.957012 0
    outer loop
      vertex 25.1828 115.067 4
      vertex 25.8394 115.266 10.8
      vertex 25.1828 115.067 10.8
    endloop
  endfacet
  facet normal 0.290048 -0.957012 0
    outer loop
      vertex 25.8394 115.266 10.8
      vertex 25.1828 115.067 4
      vertex 25.8394 115.266 4
    endloop
  endfacet
  facet normal -0.99518 0.098061 0
    outer loop
      vertex 21 118.5 4
      vertex 21.0673 119.183 10.8
      vertex 21.0673 119.183 4
    endloop
  endfacet
  facet normal -0.99518 0.098061 0
    outer loop
      vertex 21.0673 119.183 10.8
      vertex 21 118.5 4
      vertex 21 118.5 10.8
    endloop
  endfacet
  facet normal -0.956898 -0.290424 0
    outer loop
      vertex 21.2664 117.161 4
      vertex 21.0673 117.817 10.8
      vertex 21.0673 117.817 4
    endloop
  endfacet
  facet normal -0.956898 -0.290424 0
    outer loop
      vertex 21.0673 117.817 10.8
      vertex 21.2664 117.161 4
      vertex 21.2664 117.161 10.8
    endloop
  endfacet
  facet normal -0.290048 -0.957012 0
    outer loop
      vertex 23.1606 115.266 4
      vertex 23.8172 115.067 10.8
      vertex 23.1606 115.266 10.8
    endloop
  endfacet
  facet normal -0.290048 -0.957012 -0
    outer loop
      vertex 23.8172 115.067 10.8
      vertex 23.1606 115.266 4
      vertex 23.8172 115.067 4
    endloop
  endfacet
  facet normal -0.956898 0.290424 0
    outer loop
      vertex 21.0673 119.183 4
      vertex 21.2664 119.839 10.8
      vertex 21.2664 119.839 4
    endloop
  endfacet
  facet normal -0.956898 0.290424 0
    outer loop
      vertex 21.2664 119.839 10.8
      vertex 21.0673 119.183 4
      vertex 21.0673 119.183 10.8
    endloop
  endfacet
  facet normal -0.0976563 -0.99522 0
    outer loop
      vertex 23.8172 115.067 4
      vertex 24.5 115 10.8
      vertex 23.8172 115.067 10.8
    endloop
  endfacet
  facet normal -0.0976563 -0.99522 -0
    outer loop
      vertex 24.5 115 10.8
      vertex 23.8172 115.067 4
      vertex 24.5 115 4
    endloop
  endfacet
  facet normal 0.99518 -0.098061 0
    outer loop
      vertex 27.9327 117.817 10.8
      vertex 28 118.5 4
      vertex 28 118.5 10.8
    endloop
  endfacet
  facet normal 0.99518 -0.098061 0
    outer loop
      vertex 28 118.5 4
      vertex 27.9327 117.817 10.8
      vertex 27.9327 117.817 4
    endloop
  endfacet
  facet normal -0.0976563 0.99522 0
    outer loop
      vertex 24.5 122 4
      vertex 23.8172 121.933 10.8
      vertex 24.5 122 10.8
    endloop
  endfacet
  facet normal -0.0976563 0.99522 0
    outer loop
      vertex 23.8172 121.933 10.8
      vertex 24.5 122 4
      vertex 23.8172 121.933 4
    endloop
  endfacet
  facet normal -0.472039 0.881577 0
    outer loop
      vertex 23.1606 121.734 4
      vertex 22.5555 121.41 10.8
      vertex 23.1606 121.734 10.8
    endloop
  endfacet
  facet normal -0.472039 0.881577 0
    outer loop
      vertex 22.5555 121.41 10.8
      vertex 23.1606 121.734 4
      vertex 22.5555 121.41 4
    endloop
  endfacet
  facet normal 0.634142 -0.773216 0
    outer loop
      vertex 26.4445 115.59 4
      vertex 26.9749 116.025 10.8
      vertex 26.4445 115.59 10.8
    endloop
  endfacet
  facet normal 0.634142 -0.773216 0
    outer loop
      vertex 26.9749 116.025 10.8
      vertex 26.4445 115.59 4
      vertex 26.9749 116.025 4
    endloop
  endfacet
  facet normal 0.99044 0.0976085 0.0974777
    outer loop
      vertex 27.9704 119.19 3.60983
      vertex 28 118.5 4
      vertex 28.0384 118.5 3.60983
    endloop
  endfacet
  facet normal 0.990444 0.0975942 0.0974521
    outer loop
      vertex 27.9327 119.183 4
      vertex 28 118.5 4
      vertex 27.9704 119.19 3.60983
    endloop
  endfacet
  facet normal 0.95266 0.0937963 0.289208
    outer loop
      vertex 28.0384 118.5 3.60983
      vertex 28.1523 118.5 3.23464
      vertex 28.0821 119.213 3.23464
    endloop
  endfacet
  facet normal 0.952605 0.0938799 0.289361
    outer loop
      vertex 27.9704 119.19 3.60983
      vertex 28.0384 118.5 3.60983
      vertex 28.0821 119.213 3.23464
    endloop
  endfacet
  facet normal 0.878629 0.0865725 0.469591
    outer loop
      vertex 28.1523 118.5 3.23464
      vertex 28.3371 118.5 2.88887
      vertex 28.2633 119.249 2.88887
    endloop
  endfacet
  facet normal 0.878692 0.0865136 0.469484
    outer loop
      vertex 28.0821 119.213 3.23464
      vertex 28.1523 118.5 3.23464
      vertex 28.2633 119.249 2.88887
    endloop
  endfacet
  facet normal 0.770808 0.0759203 0.632527
    outer loop
      vertex 28.3371 118.5 2.88887
      vertex 28.5858 118.5 2.5858
      vertex 28.5073 119.297 2.5858
    endloop
  endfacet
  facet normal 0.77077 0.075945 0.632571
    outer loop
      vertex 28.2633 119.249 2.88887
      vertex 28.3371 118.5 2.88887
      vertex 28.5073 119.297 2.5858
    endloop
  endfacet
  facet normal 0.633129 0.0624253 0.771525
    outer loop
      vertex 28.5858 118.5 2.5858
      vertex 28.8889 118.5 2.33707
      vertex 28.8045 119.356 2.33707
    endloop
  endfacet
  facet normal 0.633242 0.0623708 0.771437
    outer loop
      vertex 28.5073 119.297 2.5858
      vertex 28.5858 118.5 2.5858
      vertex 28.8045 119.356 2.33707
    endloop
  endfacet
  facet normal 0.470969 0.0463323 0.880932
    outer loop
      vertex 28.8889 118.5 2.33707
      vertex 29.2346 118.5 2.15225
      vertex 29.1437 119.424 2.15225
    endloop
  endfacet
  facet normal 0.47075 0.0464151 0.881045
    outer loop
      vertex 28.8045 119.356 2.33707
      vertex 28.8889 118.5 2.33707
      vertex 29.1437 119.424 2.15225
    endloop
  endfacet
  facet normal 0.290153 0.0285787 0.956553
    outer loop
      vertex 29.2346 118.5 2.15225
      vertex 29.6098 118.5 2.03844
      vertex 29.5116 119.497 2.03844
    endloop
  endfacet
  facet normal 0.290237 0.0285525 0.956529
    outer loop
      vertex 29.1437 119.424 2.15225
      vertex 29.2346 118.5 2.15225
      vertex 29.5116 119.497 2.03844
    endloop
  endfacet
  facet normal 0.0980344 0.00965726 0.995136
    outer loop
      vertex 29.6098 118.5 2.03844
      vertex 30 118.5 2
      vertex 29.8943 119.573 2
    endloop
  endfacet
  facet normal 0.098038 0.0096563 0.995136
    outer loop
      vertex 29.5116 119.497 2.03844
      vertex 29.6098 118.5 2.03844
      vertex 29.8943 119.573 2
    endloop
  endfacet
  facet normal 0.952457 0.288749 0.0972111
    outer loop
      vertex 27.7691 119.854 3.60983
      vertex 27.9327 119.183 4
      vertex 27.9704 119.19 3.60983
    endloop
  endfacet
  facet normal 0.952315 0.289033 0.0977591
    outer loop
      vertex 27.7336 119.839 4
      vertex 27.9327 119.183 4
      vertex 27.7691 119.854 3.60983
    endloop
  endfacet
  facet normal 0.915862 0.277968 0.289707
    outer loop
      vertex 27.8742 119.898 3.23464
      vertex 27.9704 119.19 3.60983
      vertex 28.0821 119.213 3.23464
    endloop
  endfacet
  facet normal 0.916098 0.277727 0.289192
    outer loop
      vertex 27.7691 119.854 3.60983
      vertex 27.9704 119.19 3.60983
      vertex 27.8742 119.898 3.23464
    endloop
  endfacet
  facet normal 0.844871 0.256516 0.46946
    outer loop
      vertex 28.045 119.968 2.88887
      vertex 28.0821 119.213 3.23464
      vertex 28.2633 119.249 2.88887
    endloop
  endfacet
  facet normal 0.844974 0.256453 0.46931
    outer loop
      vertex 27.8742 119.898 3.23464
      vertex 28.0821 119.213 3.23464
      vertex 28.045 119.968 2.88887
    endloop
  endfacet
  facet normal 0.741316 0.224714 0.632419
    outer loop
      vertex 28.2633 119.249 2.88887
      vertex 28.5073 119.297 2.5858
      vertex 28.2748 120.064 2.5858
    endloop
  endfacet
  facet normal 0.740801 0.224919 0.63295
    outer loop
      vertex 28.045 119.968 2.88887
      vertex 28.2633 119.249 2.88887
      vertex 28.2748 120.064 2.5858
    endloop
  endfacet
  facet normal 0.608977 0.184541 0.771422
    outer loop
      vertex 28.5073 119.297 2.5858
      vertex 28.8045 119.356 2.33707
      vertex 28.5548 120.18 2.33707
    endloop
  endfacet
  facet normal 0.608874 0.184567 0.771497
    outer loop
      vertex 28.2748 120.064 2.5858
      vertex 28.5073 119.297 2.5858
      vertex 28.5548 120.18 2.33707
    endloop
  endfacet
  facet normal 0.452551 0.137345 0.881098
    outer loop
      vertex 28.8045 119.356 2.33707
      vertex 29.1437 119.424 2.15225
      vertex 28.8742 120.312 2.15225
    endloop
  endfacet
  facet normal 0.45299 0.137271 0.880884
    outer loop
      vertex 28.5548 120.18 2.33707
      vertex 28.8045 119.356 2.33707
      vertex 28.8742 120.312 2.15225
    endloop
  endfacet
  facet normal 0.279096 0.0846901 0.956521
    outer loop
      vertex 29.1437 119.424 2.15225
      vertex 29.5116 119.497 2.03844
      vertex 29.2209 120.455 2.03844
    endloop
  endfacet
  facet normal 0.279064 0.0846935 0.95653
    outer loop
      vertex 28.8742 120.312 2.15225
      vertex 29.1437 119.424 2.15225
      vertex 29.2209 120.455 2.03844
    endloop
  endfacet
  facet normal 0.0942772 0.0285938 0.995135
    outer loop
      vertex 29.5116 119.497 2.03844
      vertex 29.8943 119.573 2
      vertex 29.5813 120.605 2
    endloop
  endfacet
  facet normal 0.0942389 0.0285963 0.995139
    outer loop
      vertex 29.2209 120.455 2.03844
      vertex 29.5116 119.497 2.03844
      vertex 29.5813 120.605 2
    endloop
  endfacet
  facet normal 0.877757 0.468998 0.0978941
    outer loop
      vertex 27.4421 120.466 3.60983
      vertex 27.7336 119.839 4
      vertex 27.7691 119.854 3.60983
    endloop
  endfacet
  facet normal 0.877566 0.469244 0.0984326
    outer loop
      vertex 27.4101 120.444 4
      vertex 27.7336 119.839 4
      vertex 27.4421 120.466 3.60983
    endloop
  endfacet
  facet normal 0.844061 0.451459 0.289387
    outer loop
      vertex 27.5367 120.529 3.23464
      vertex 27.7691 119.854 3.60983
      vertex 27.8742 119.898 3.23464
    endloop
  endfacet
  facet normal 0.844443 0.451198 0.28868
    outer loop
      vertex 27.4421 120.466 3.60983
      vertex 27.7691 119.854 3.60983
      vertex 27.5367 120.529 3.23464
    endloop
  endfacet
  facet normal 0.779042 0.416037 0.469049
    outer loop
      vertex 27.6904 120.632 2.88887
      vertex 27.8742 119.898 3.23464
      vertex 28.045 119.968 2.88887
    endloop
  endfacet
  facet normal 0.778332 0.416303 0.469991
    outer loop
      vertex 27.5367 120.529 3.23464
      vertex 27.8742 119.898 3.23464
      vertex 27.6904 120.632 2.88887
    endloop
  endfacet
  facet normal 0.682533 0.365049 0.633157
    outer loop
      vertex 27.8972 120.77 2.5858
      vertex 28.045 119.968 2.88887
      vertex 28.2748 120.064 2.5858
    endloop
  endfacet
  facet normal 0.683302 0.364908 0.632409
    outer loop
      vertex 27.6904 120.632 2.88887
      vertex 28.045 119.968 2.88887
      vertex 27.8972 120.77 2.5858
    endloop
  endfacet
  facet normal 0.560976 0.300174 0.771493
    outer loop
      vertex 28.1492 120.938 2.33707
      vertex 28.2748 120.064 2.5858
      vertex 28.5548 120.18 2.33707
    endloop
  endfacet
  facet normal 0.561211 0.300161 0.771327
    outer loop
      vertex 27.8972 120.77 2.5858
      vertex 28.2748 120.064 2.5858
      vertex 28.1492 120.938 2.33707
    endloop
  endfacet
  facet normal 0.417435 0.223261 0.880853
    outer loop
      vertex 28.4367 121.13 2.15225
      vertex 28.5548 120.18 2.33707
      vertex 28.8742 120.312 2.15225
    endloop
  endfacet
  facet normal 0.417227 0.223255 0.880953
    outer loop
      vertex 28.1492 120.938 2.33707
      vertex 28.5548 120.18 2.33707
      vertex 28.4367 121.13 2.15225
    endloop
  endfacet
  facet normal 0.257301 0.13744 0.956507
    outer loop
      vertex 28.7487 121.339 2.03844
      vertex 28.8742 120.312 2.15225
      vertex 29.2209 120.455 2.03844
    endloop
  endfacet
  facet normal 0.256908 0.137405 0.956618
    outer loop
      vertex 28.4367 121.13 2.15225
      vertex 28.8742 120.312 2.15225
      vertex 28.7487 121.339 2.03844
    endloop
  endfacet
  facet normal 0.0868292 0.0464002 0.995142
    outer loop
      vertex 29.0731 121.556 2
      vertex 29.2209 120.455 2.03844
      vertex 29.5813 120.605 2
    endloop
  endfacet
  facet normal 0.086877 0.0464065 0.995138
    outer loop
      vertex 28.7487 121.339 2.03844
      vertex 29.2209 120.455 2.03844
      vertex 29.0731 121.556 2
    endloop
  endfacet
  facet normal 0.769155 0.631396 0.0986844
    outer loop
      vertex 27.0021 121.002 3.60983
      vertex 27.4101 120.444 4
      vertex 27.4421 120.466 3.60983
    endloop
  endfacet
  facet normal 0.769754 0.630879 0.0973192
    outer loop
      vertex 26.9749 120.975 4
      vertex 27.4101 120.444 4
      vertex 27.0021 121.002 3.60983
    endloop
  endfacet
  facet normal 0.740414 0.607032 0.288617
    outer loop
      vertex 27.0825 121.083 3.23464
      vertex 27.4421 120.466 3.60983
      vertex 27.5367 120.529 3.23464
    endloop
  endfacet
  facet normal 0.739797 0.607296 0.289642
    outer loop
      vertex 27.0021 121.002 3.60983
      vertex 27.4421 120.466 3.60983
      vertex 27.0825 121.083 3.23464
    endloop
  endfacet
  facet normal 0.682062 0.560206 0.470064
    outer loop
      vertex 27.2132 121.213 2.88887
      vertex 27.5367 120.529 3.23464
      vertex 27.6904 120.632 2.88887
    endloop
  endfacet
  facet normal 0.683093 0.560038 0.468766
    outer loop
      vertex 27.0825 121.083 3.23464
      vertex 27.5367 120.529 3.23464
      vertex 27.2132 121.213 2.88887
    endloop
  endfacet
  facet normal 0.598775 0.491499 0.632374
    outer loop
      vertex 27.3891 121.389 2.5858
      vertex 27.6904 120.632 2.88887
      vertex 27.8972 120.77 2.5858
    endloop
  endfacet
  facet normal 0.598402 0.491493 0.632731
    outer loop
      vertex 27.2132 121.213 2.88887
      vertex 27.6904 120.632 2.88887
      vertex 27.3891 121.389 2.5858
    endloop
  endfacet
  facet normal 0.492025 0.403831 0.771254
    outer loop
      vertex 27.6034 121.603 2.33707
      vertex 27.8972 120.77 2.5858
      vertex 28.1492 120.938 2.33707
    endloop
  endfacet
  facet normal 0.491961 0.403822 0.771299
    outer loop
      vertex 27.3891 121.389 2.5858
      vertex 27.8972 120.77 2.5858
      vertex 27.6034 121.603 2.33707
    endloop
  endfacet
  facet normal 0.365919 0.300074 0.880942
    outer loop
      vertex 27.8479 121.848 2.15225
      vertex 28.1492 120.938 2.33707
      vertex 28.4367 121.13 2.15225
    endloop
  endfacet
  facet normal 0.365487 0.299974 0.881155
    outer loop
      vertex 27.6034 121.603 2.33707
      vertex 28.1492 120.938 2.33707
      vertex 27.8479 121.848 2.15225
    endloop
  endfacet
  facet normal 0.225133 0.184847 0.956633
    outer loop
      vertex 28.1132 122.113 2.03844
      vertex 28.4367 121.13 2.15225
      vertex 28.7487 121.339 2.03844
    endloop
  endfacet
  facet normal 0.225563 0.184974 0.956507
    outer loop
      vertex 27.8479 121.848 2.15225
      vertex 28.4367 121.13 2.15225
      vertex 28.1132 122.113 2.03844
    endloop
  endfacet
  facet normal 0.0761128 0.0624984 0.995139
    outer loop
      vertex 28.3891 122.389 2
      vertex 28.7487 121.339 2.03844
      vertex 29.0731 121.556 2
    endloop
  endfacet
  facet normal 0.0761237 0.0625021 0.995138
    outer loop
      vertex 28.1132 122.113 2.03844
      vertex 28.7487 121.339 2.03844
      vertex 28.3891 122.389 2
    endloop
  endfacet
  facet normal 0.631345 0.76938 0.0972546
    outer loop
      vertex 26.4659 121.442 3.60983
      vertex 26.9749 120.975 4
      vertex 27.0021 121.002 3.60983
    endloop
  endfacet
  facet normal 0.631107 0.769515 0.0977271
    outer loop
      vertex 26.4445 121.41 4
      vertex 26.9749 120.975 4
      vertex 26.4659 121.442 3.60983
    endloop
  endfacet
  facet normal 0.607034 0.739939 0.289828
    outer loop
      vertex 26.5291 121.537 3.23464
      vertex 27.0021 121.002 3.60983
      vertex 27.0825 121.083 3.23464
    endloop
  endfacet
  facet normal 0.607164 0.739912 0.289625
    outer loop
      vertex 26.4659 121.442 3.60983
      vertex 27.0021 121.002 3.60983
      vertex 26.5291 121.537 3.23464
    endloop
  endfacet
  facet normal 0.560335 0.682974 0.468584
    outer loop
      vertex 26.6318 121.69 2.88887
      vertex 27.0825 121.083 3.23464
      vertex 27.2132 121.213 2.88887
    endloop
  endfacet
  facet normal 0.560299 0.682973 0.468628
    outer loop
      vertex 26.5291 121.537 3.23464
      vertex 27.0825 121.083 3.23464
      vertex 26.6318 121.69 2.88887
    endloop
  endfacet
  facet normal 0.491161 0.598675 0.632732
    outer loop
      vertex 26.7699 121.897 2.5858
      vertex 27.2132 121.213 2.88887
      vertex 27.3891 121.389 2.5858
    endloop
  endfacet
  facet normal 0.491175 0.598678 0.632717
    outer loop
      vertex 26.6318 121.69 2.88887
      vertex 27.2132 121.213 2.88887
      vertex 26.7699 121.897 2.5858
    endloop
  endfacet
  facet normal 0.40388 0.491979 0.771257
    outer loop
      vertex 26.9383 122.149 2.33707
      vertex 27.3891 121.389 2.5858
      vertex 27.6034 121.603 2.33707
    endloop
  endfacet
  facet normal 0.403524 0.491855 0.771523
    outer loop
      vertex 26.7699 121.897 2.5858
      vertex 27.3891 121.389 2.5858
      vertex 26.9383 122.149 2.33707
    endloop
  endfacet
  facet normal 0.299959 0.3654 0.881197
    outer loop
      vertex 27.1304 122.437 2.15225
      vertex 27.6034 121.603 2.33707
      vertex 27.8479 121.848 2.15225
    endloop
  endfacet
  facet normal 0.299972 0.365406 0.88119
    outer loop
      vertex 26.9383 122.149 2.33707
      vertex 27.6034 121.603 2.33707
      vertex 27.1304 122.437 2.15225
    endloop
  endfacet
  facet normal 0.185159 0.225423 0.956504
    outer loop
      vertex 27.3389 122.749 2.03844
      vertex 27.8479 121.848 2.15225
      vertex 28.1132 122.113 2.03844
    endloop
  endfacet
  facet normal 0.184969 0.225323 0.956565
    outer loop
      vertex 27.1304 122.437 2.15225
      vertex 27.8479 121.848 2.15225
      vertex 27.3389 122.749 2.03844
    endloop
  endfacet
  facet normal 0.0624821 0.0761387 0.995138
    outer loop
      vertex 27.5556 123.073 2
      vertex 28.1132 122.113 2.03844
      vertex 28.3891 122.389 2
    endloop
  endfacet
  facet normal 0.0625908 0.0762013 0.995126
    outer loop
      vertex 27.3389 122.749 2.03844
      vertex 28.1132 122.113 2.03844
      vertex 27.5556 123.073 2
    endloop
  endfacet
  facet normal 0.469125 0.877709 0.0977163
    outer loop
      vertex 25.8541 121.769 3.60983
      vertex 26.4445 121.41 4
      vertex 26.4659 121.442 3.60983
    endloop
  endfacet
  facet normal 0.46984 0.87747 0.0964147
    outer loop
      vertex 25.8394 121.734 4
      vertex 26.4445 121.41 4
      vertex 25.8541 121.769 3.60983
    endloop
  endfacet
  facet normal 0.45067 0.844371 0.289713
    outer loop
      vertex 25.8977 121.874 3.23464
      vertex 26.4659 121.442 3.60983
      vertex 26.5291 121.537 3.23464
    endloop
  endfacet
  facet normal 0.451303 0.844364 0.288747
    outer loop
      vertex 25.8541 121.769 3.60983
      vertex 26.4659 121.442 3.60983
      vertex 25.8977 121.874 3.23464
    endloop
  endfacet
  facet normal 0.416835 0.778953 0.468487
    outer loop
      vertex 25.9684 122.045 2.88887
      vertex 26.5291 121.537 3.23464
      vertex 26.6318 121.69 2.88887
    endloop
  endfacet
  facet normal 0.415599 0.778663 0.470065
    outer loop
      vertex 25.8977 121.874 3.23464
      vertex 26.5291 121.537 3.23464
      vertex 25.9684 122.045 2.88887
    endloop
  endfacet
  facet normal 0.365373 0.682705 0.632784
    outer loop
      vertex 26.0636 122.275 2.5858
      vertex 26.6318 121.69 2.88887
      vertex 26.7699 121.897 2.5858
    endloop
  endfacet
  facet normal 0.365318 0.682682 0.632841
    outer loop
      vertex 25.9684 122.045 2.88887
      vertex 26.6318 121.69 2.88887
      vertex 26.0636 122.275 2.5858
    endloop
  endfacet
  facet normal 0.300138 0.560948 0.771528
    outer loop
      vertex 26.1795 122.555 2.33707
      vertex 26.7699 121.897 2.5858
      vertex 26.9383 122.149 2.33707
    endloop
  endfacet
  facet normal 0.300243 0.561009 0.771442
    outer loop
      vertex 26.0636 122.275 2.5858
      vertex 26.7699 121.897 2.5858
      vertex 26.1795 122.555 2.33707
    endloop
  endfacet
  facet normal 0.22264 0.417004 0.881215
    outer loop
      vertex 26.3119 122.874 2.15225
      vertex 26.9383 122.149 2.33707
      vertex 27.1304 122.437 2.15225
    endloop
  endfacet
  facet normal 0.223417 0.417558 0.880756
    outer loop
      vertex 26.1795 122.555 2.33707
      vertex 26.9383 122.149 2.33707
      vertex 26.3119 122.874 2.15225
    endloop
  endfacet
  facet normal 0.137369 0.257131 0.956563
    outer loop
      vertex 26.4554 123.221 2.03844
      vertex 27.1304 122.437 2.15225
      vertex 27.3389 122.749 2.03844
    endloop
  endfacet
  facet normal 0.137218 0.257008 0.956618
    outer loop
      vertex 26.3119 122.874 2.15225
      vertex 27.1304 122.437 2.15225
      vertex 26.4554 123.221 2.03844
    endloop
  endfacet
  facet normal 0.046473 0.0869813 0.995125
    outer loop
      vertex 26.6048 123.581 2
      vertex 27.3389 122.749 2.03844
      vertex 27.5556 123.073 2
    endloop
  endfacet
  facet normal 0.0464651 0.0869744 0.995126
    outer loop
      vertex 26.4554 123.221 2.03844
      vertex 27.3389 122.749 2.03844
      vertex 26.6048 123.581 2
    endloop
  endfacet
  facet normal 0.28846 0.952635 0.0963236
    outer loop
      vertex 25.1903 121.97 3.60983
      vertex 25.8394 121.734 4
      vertex 25.8541 121.769 3.60983
    endloop
  endfacet
  facet normal 0.288711 0.952603 0.0958855
    outer loop
      vertex 25.1828 121.933 4
      vertex 25.8394 121.734 4
      vertex 25.1903 121.97 3.60983
    endloop
  endfacet
  facet normal 0.278103 0.916137 0.288706
    outer loop
      vertex 25.2125 122.082 3.23464
      vertex 25.8541 121.769 3.60983
      vertex 25.8977 121.874 3.23464
    endloop
  endfacet
  facet normal 0.277366 0.915999 0.289852
    outer loop
      vertex 25.1903 121.97 3.60983
      vertex 25.8541 121.769 3.60983
      vertex 25.2125 122.082 3.23464
    endloop
  endfacet
  facet normal 0.255838 0.844735 0.470074
    outer loop
      vertex 25.2486 122.263 2.88887
      vertex 25.8977 121.874 3.23464
      vertex 25.9684 122.045 2.88887
    endloop
  endfacet
  facet normal 0.256523 0.845047 0.469139
    outer loop
      vertex 25.2125 122.082 3.23464
      vertex 25.8977 121.874 3.23464
      vertex 25.2486 122.263 2.88887
    endloop
  endfacet
  facet normal 0.224303 0.741069 0.632855
    outer loop
      vertex 25.2971 122.507 2.5858
      vertex 25.9684 122.045 2.88887
      vertex 26.0636 122.275 2.5858
    endloop
  endfacet
  facet normal 0.224478 0.74119 0.632651
    outer loop
      vertex 25.2486 122.263 2.88887
      vertex 25.9684 122.045 2.88887
      vertex 25.2971 122.507 2.5858
    endloop
  endfacet
  facet normal 0.184866 0.608802 0.771482
    outer loop
      vertex 25.3562 122.805 2.33707
      vertex 26.0636 122.275 2.5858
      vertex 26.1795 122.555 2.33707
    endloop
  endfacet
  facet normal 0.184048 0.608072 0.772253
    outer loop
      vertex 25.2971 122.507 2.5858
      vertex 26.0636 122.275 2.5858
      vertex 25.3562 122.805 2.33707
    endloop
  endfacet
  facet normal 0.13774 0.453113 0.880748
    outer loop
      vertex 25.4237 123.144 2.15225
      vertex 26.1795 122.555 2.33707
      vertex 26.3119 122.874 2.15225
    endloop
  endfacet
  facet normal 0.137519 0.452879 0.880903
    outer loop
      vertex 25.3562 122.805 2.33707
      vertex 26.1795 122.555 2.33707
      vertex 25.4237 123.144 2.15225
    endloop
  endfacet
  facet normal 0.0846307 0.278758 0.956625
    outer loop
      vertex 25.4969 123.512 2.03844
      vertex 26.3119 122.874 2.15225
      vertex 26.4554 123.221 2.03844
    endloop
  endfacet
  facet normal 0.0848002 0.278961 0.956551
    outer loop
      vertex 25.4237 123.144 2.15225
      vertex 26.3119 122.874 2.15225
      vertex 25.4969 123.512 2.03844
    endloop
  endfacet
  facet normal 0.0286293 0.0943761 0.995125
    outer loop
      vertex 25.573 123.894 2
      vertex 26.4554 123.221 2.03844
      vertex 26.6048 123.581 2
    endloop
  endfacet
  facet normal 0.0286677 0.0944261 0.995119
    outer loop
      vertex 25.4969 123.512 2.03844
      vertex 26.4554 123.221 2.03844
      vertex 25.573 123.894 2
    endloop
  endfacet
  facet normal 0.0975824 0.990604 0.0958152
    outer loop
      vertex 24.5 122.038 3.60983
      vertex 25.1828 121.933 4
      vertex 25.1903 121.97 3.60983
    endloop
  endfacet
  facet normal 0.0972008 0.990578 0.0964758
    outer loop
      vertex 24.5 122 4
      vertex 25.1828 121.933 4
      vertex 24.5 122.038 3.60983
    endloop
  endfacet
  facet normal 0.0935771 0.952481 0.289867
    outer loop
      vertex 24.5 122.152 3.23464
      vertex 25.1903 121.97 3.60983
      vertex 25.2125 122.082 3.23464
    endloop
  endfacet
  facet normal 0.0938372 0.952586 0.289439
    outer loop
      vertex 24.5 122.038 3.60983
      vertex 25.1903 121.97 3.60983
      vertex 24.5 122.152 3.23464
    endloop
  endfacet
  facet normal 0.0868754 0.87885 0.469121
    outer loop
      vertex 24.5 122.337 2.88887
      vertex 25.2125 122.082 3.23464
      vertex 25.2486 122.263 2.88887
    endloop
  endfacet
  facet normal 0.0863027 0.878438 0.469998
    outer loop
      vertex 24.5 122.152 3.23464
      vertex 25.2125 122.082 3.23464
      vertex 24.5 122.337 2.88887
    endloop
  endfacet
  facet normal 0.0763784 0.770648 0.632667
    outer loop
      vertex 24.5 122.586 2.5858
      vertex 25.2486 122.263 2.88887
      vertex 25.2971 122.507 2.5858
    endloop
  endfacet
  facet normal 0.076157 0.77042 0.632971
    outer loop
      vertex 24.5 122.337 2.88887
      vertex 25.2486 122.263 2.88887
      vertex 24.5 122.586 2.5858
    endloop
  endfacet
  facet normal 0.0620311 0.632274 0.772258
    outer loop
      vertex 24.5 122.889 2.33707
      vertex 25.2971 122.507 2.5858
      vertex 25.3562 122.805 2.33707
    endloop
  endfacet
  facet normal 0.06276 0.633241 0.771406
    outer loop
      vertex 24.5 122.586 2.5858
      vertex 25.2971 122.507 2.5858
      vertex 24.5 122.889 2.33707
    endloop
  endfacet
  facet normal 0.0464034 0.47102 0.880901
    outer loop
      vertex 24.5 123.235 2.15225
      vertex 25.3562 122.805 2.33707
      vertex 25.4237 123.144 2.15225
    endloop
  endfacet
  facet normal 0.0461749 0.470655 0.881108
    outer loop
      vertex 24.5 122.889 2.33707
      vertex 25.3562 122.805 2.33707
      vertex 24.5 123.235 2.15225
    endloop
  endfacet
  facet normal 0.0285237 0.290156 0.956554
    outer loop
      vertex 24.5 123.61 2.03844
      vertex 25.4237 123.144 2.15225
      vertex 25.4969 123.512 2.03844
    endloop
  endfacet
  facet normal 0.0285989 0.290294 0.95651
    outer loop
      vertex 24.5 123.235 2.15225
      vertex 25.4237 123.144 2.15225
      vertex 24.5 123.61 2.03844
    endloop
  endfacet
  facet normal 0.00970146 0.0982044 0.995119
    outer loop
      vertex 24.5 124 2
      vertex 25.4969 123.512 2.03844
      vertex 25.573 123.894 2
    endloop
  endfacet
  facet normal 0.00964215 0.0980842 0.995131
    outer loop
      vertex 24.5 123.61 2.03844
      vertex 25.4969 123.512 2.03844
      vertex 24.5 124 2
    endloop
  endfacet
  facet normal -0.0975761 0.990541 0.0964722
    outer loop
      vertex 23.8097 121.97 3.60983
      vertex 24.5 122 4
      vertex 24.5 122.038 3.60983
    endloop
  endfacet
  facet normal -0.0972071 0.990642 0.0958116
    outer loop
      vertex 23.8097 121.97 3.60983
      vertex 23.8172 121.933 4
      vertex 24.5 122 4
    endloop
  endfacet
  facet normal -0.0935896 0.952608 0.289446
    outer loop
      vertex 23.7875 122.082 3.23464
      vertex 24.5 122.038 3.60983
      vertex 24.5 122.152 3.23464
    endloop
  endfacet
  facet normal -0.0938243 0.952455 0.289874
    outer loop
      vertex 23.7875 122.082 3.23464
      vertex 23.8097 121.97 3.60983
      vertex 24.5 122.038 3.60983
    endloop
  endfacet
  facet normal -0.0868307 0.878398 0.469976
    outer loop
      vertex 23.7514 122.263 2.88887
      vertex 24.5 122.152 3.23464
      vertex 24.5 122.337 2.88887
    endloop
  endfacet
  facet normal -0.0863494 0.878914 0.4691
    outer loop
      vertex 23.7514 122.263 2.88887
      vertex 23.7875 122.082 3.23464
      vertex 24.5 122.152 3.23464
    endloop
  endfacet
  facet normal -0.0763546 0.770409 0.632962
    outer loop
      vertex 23.7029 122.507 2.5858
      vertex 24.5 122.337 2.88887
      vertex 24.5 122.586 2.5858
    endloop
  endfacet
  facet normal -0.0761822 0.770675 0.632658
    outer loop
      vertex 23.7029 122.507 2.5858
      vertex 23.7514 122.263 2.88887
      vertex 24.5 122.337 2.88887
    endloop
  endfacet
  facet normal -0.0621284 0.633266 0.771437
    outer loop
      vertex 23.6438 122.805 2.33707
      vertex 24.5 122.586 2.5858
      vertex 24.5 122.889 2.33707
    endloop
  endfacet
  facet normal -0.0626545 0.632175 0.772288
    outer loop
      vertex 23.6438 122.805 2.33707
      vertex 23.7029 122.507 2.5858
      vertex 24.5 122.586 2.5858
    endloop
  endfacet
  facet normal -0.046367 0.47065 0.881101
    outer loop
      vertex 23.5763 123.144 2.15225
      vertex 24.5 122.889 2.33707
      vertex 24.5 123.235 2.15225
    endloop
  endfacet
  facet normal -0.0462141 0.471054 0.880893
    outer loop
      vertex 23.5763 123.144 2.15225
      vertex 23.6438 122.805 2.33707
      vertex 24.5 122.889 2.33707
    endloop
  endfacet
  facet normal -0.0285374 0.290295 0.956512
    outer loop
      vertex 23.5031 123.512 2.03844
      vertex 24.5 123.235 2.15225
      vertex 24.5 123.61 2.03844
    endloop
  endfacet
  facet normal -0.0285841 0.290145 0.956556
    outer loop
      vertex 23.5031 123.512 2.03844
      vertex 23.5763 123.144 2.15225
      vertex 24.5 123.235 2.15225
    endloop
  endfacet
  facet normal -0.00968958 0.0980842 0.995131
    outer loop
      vertex 23.427 123.894 2
      vertex 24.5 123.61 2.03844
      vertex 24.5 124 2
    endloop
  endfacet
  facet normal -0.00965487 0.0982137 0.995119
    outer loop
      vertex 23.427 123.894 2
      vertex 23.5031 123.512 2.03844
      vertex 24.5 123.61 2.03844
    endloop
  endfacet
  facet normal -0.288472 0.952675 0.0958877
    outer loop
      vertex 23.1459 121.769 3.60983
      vertex 23.8172 121.933 4
      vertex 23.8097 121.97 3.60983
    endloop
  endfacet
  facet normal -0.288699 0.952562 0.0963261
    outer loop
      vertex 23.1459 121.769 3.60983
      vertex 23.1606 121.734 4
      vertex 23.8172 121.933 4
    endloop
  endfacet
  facet normal -0.278005 0.915811 0.289833
    outer loop
      vertex 23.1023 121.874 3.23464
      vertex 23.8097 121.97 3.60983
      vertex 23.7875 122.082 3.23464
    endloop
  endfacet
  facet normal -0.277468 0.916335 0.288688
    outer loop
      vertex 23.1023 121.874 3.23464
      vertex 23.1459 121.769 3.60983
      vertex 23.8097 121.97 3.60983
    endloop
  endfacet
  facet normal -0.255979 0.8452 0.469161
    outer loop
      vertex 23.0316 122.045 2.88887
      vertex 23.7875 122.082 3.23464
      vertex 23.7514 122.263 2.88887
    endloop
  endfacet
  facet normal -0.256375 0.844559 0.470097
    outer loop
      vertex 23.0316 122.045 2.88887
      vertex 23.1023 121.874 3.23464
      vertex 23.7875 122.082 3.23464
    endloop
  endfacet
  facet normal -0.224349 0.741223 0.632657
    outer loop
      vertex 22.9364 122.275 2.5858
      vertex 23.7514 122.263 2.88887
      vertex 23.7029 122.507 2.5858
    endloop
  endfacet
  facet normal -0.224428 0.741025 0.632862
    outer loop
      vertex 22.9364 122.275 2.5858
      vertex 23.0316 122.045 2.88887
      vertex 23.7514 122.263 2.88887
    endloop
  endfacet
  facet normal -0.184604 0.607938 0.772226
    outer loop
      vertex 22.8205 122.555 2.33707
      vertex 23.7029 122.507 2.5858
      vertex 23.6438 122.805 2.33707
    endloop
  endfacet
  facet normal -0.184329 0.609 0.771454
    outer loop
      vertex 22.8205 122.555 2.33707
      vertex 22.9364 122.275 2.5858
      vertex 23.7029 122.507 2.5858
    endloop
  endfacet
  facet normal -0.137659 0.452848 0.880897
    outer loop
      vertex 22.6881 122.874 2.15225
      vertex 23.6438 122.805 2.33707
      vertex 23.5763 123.144 2.15225
    endloop
  endfacet
  facet normal -0.137606 0.453165 0.880742
    outer loop
      vertex 22.6881 122.874 2.15225
      vertex 22.8205 122.555 2.33707
      vertex 23.6438 122.805 2.33707
    endloop
  endfacet
  facet normal -0.0846988 0.278982 0.956554
    outer loop
      vertex 22.5446 123.221 2.03844
      vertex 23.5763 123.144 2.15225
      vertex 23.5031 123.512 2.03844
    endloop
  endfacet
  facet normal -0.0847266 0.278719 0.956628
    outer loop
      vertex 22.5446 123.221 2.03844
      vertex 22.6881 122.874 2.15225
      vertex 23.5763 123.144 2.15225
    endloop
  endfacet
  facet normal -0.0286458 0.0944305 0.995119
    outer loop
      vertex 22.3952 123.581 2
      vertex 23.5031 123.512 2.03844
      vertex 23.427 123.894 2
    endloop
  endfacet
  facet normal -0.0286499 0.0943675 0.995125
    outer loop
      vertex 22.3952 123.581 2
      vertex 22.5446 123.221 2.03844
      vertex 23.5031 123.512 2.03844
    endloop
  endfacet
  facet normal -0.469185 0.87782 0.0964214
    outer loop
      vertex 22.5341 121.442 3.60983
      vertex 23.1606 121.734 4
      vertex 23.1459 121.769 3.60983
    endloop
  endfacet
  facet normal -0.46978 0.877358 0.0977234
    outer loop
      vertex 22.5341 121.442 3.60983
      vertex 22.5555 121.41 4
      vertex 23.1606 121.734 4
    endloop
  endfacet
  facet normal -0.450805 0.844625 0.288762
    outer loop
      vertex 22.4709 121.537 3.23464
      vertex 23.1459 121.769 3.60983
      vertex 23.1023 121.874 3.23464
    endloop
  endfacet
  facet normal -0.451163 0.844103 0.289729
    outer loop
      vertex 22.4709 121.537 3.23464
      vertex 22.5341 121.442 3.60983
      vertex 23.1459 121.769 3.60983
    endloop
  endfacet
  facet normal -0.416449 0.778233 0.470026
    outer loop
      vertex 22.3682 121.69 2.88887
      vertex 23.1023 121.874 3.23464
      vertex 23.0316 122.045 2.88887
    endloop
  endfacet
  facet normal -0.416004 0.779421 0.468447
    outer loop
      vertex 22.3682 121.69 2.88887
      vertex 22.4709 121.537 3.23464
      vertex 23.1023 121.874 3.23464
    endloop
  endfacet
  facet normal -0.365351 0.682666 0.632839
    outer loop
      vertex 22.2301 121.897 2.5858
      vertex 23.0316 122.045 2.88887
      vertex 22.9364 122.275 2.5858
    endloop
  endfacet
  facet normal -0.365341 0.682724 0.632783
    outer loop
      vertex 22.2301 121.897 2.5858
      vertex 22.3682 121.69 2.88887
      vertex 23.0316 122.045 2.88887
    endloop
  endfacet
  facet normal -0.300185 0.561036 0.771445
    outer loop
      vertex 22.0617 122.149 2.33707
      vertex 22.9364 122.275 2.5858
      vertex 22.8205 122.555 2.33707
    endloop
  endfacet
  facet normal -0.300192 0.560915 0.771531
    outer loop
      vertex 22.0617 122.149 2.33707
      vertex 22.2301 121.897 2.5858
      vertex 22.9364 122.275 2.5858
    endloop
  endfacet
  facet normal -0.223027 0.417729 0.880773
    outer loop
      vertex 21.8696 122.437 2.15225
      vertex 22.8205 122.555 2.33707
      vertex 22.6881 122.874 2.15225
    endloop
  endfacet
  facet normal -0.222998 0.416776 0.881232
    outer loop
      vertex 21.8696 122.437 2.15225
      vertex 22.0617 122.149 2.33707
      vertex 22.8205 122.555 2.33707
    endloop
  endfacet
  facet normal -0.137288 0.256979 0.956616
    outer loop
      vertex 21.6611 122.749 2.03844
      vertex 22.6881 122.874 2.15225
      vertex 22.5446 123.221 2.03844
    endloop
  endfacet
  facet normal -0.137306 0.257173 0.956561
    outer loop
      vertex 21.6611 122.749 2.03844
      vertex 21.8696 122.437 2.15225
      vertex 22.6881 122.874 2.15225
    endloop
  endfacet
  facet normal -0.0464685 0.0869729 0.995126
    outer loop
      vertex 21.4444 123.073 2
      vertex 22.5446 123.221 2.03844
      vertex 22.3952 123.581 2
    endloop
  endfacet
  facet normal -0.0464699 0.0869833 0.995125
    outer loop
      vertex 21.4444 123.073 2
      vertex 21.6611 122.749 2.03844
      vertex 22.5446 123.221 2.03844
    endloop
  endfacet
  facet normal -0.631316 0.769344 0.0977245
    outer loop
      vertex 21.9979 121.002 3.60983
      vertex 22.5555 121.41 4
      vertex 22.5341 121.442 3.60983
    endloop
  endfacet
  facet normal -0.631136 0.769551 0.0972519
    outer loop
      vertex 21.9979 121.002 3.60983
      vertex 22.0251 120.975 4
      vertex 22.5555 121.41 4
    endloop
  endfacet
  facet normal -0.607072 0.739986 0.289628
    outer loop
      vertex 21.9175 121.083 3.23464
      vertex 22.5341 121.442 3.60983
      vertex 22.4709 121.537 3.23464
    endloop
  endfacet
  facet normal -0.607124 0.739864 0.289831
    outer loop
      vertex 21.9175 121.083 3.23464
      vertex 21.9979 121.002 3.60983
      vertex 22.5341 121.442 3.60983
    endloop
  endfacet
  facet normal -0.56032 0.682957 0.468627
    outer loop
      vertex 21.7868 121.213 2.88887
      vertex 22.4709 121.537 3.23464
      vertex 22.3682 121.69 2.88887
    endloop
  endfacet
  facet normal -0.560315 0.682991 0.468583
    outer loop
      vertex 21.7868 121.213 2.88887
      vertex 21.9175 121.083 3.23464
      vertex 22.4709 121.537 3.23464
    endloop
  endfacet
  facet normal -0.491168 0.598684 0.632718
    outer loop
      vertex 21.6109 121.389 2.5858
      vertex 22.3682 121.69 2.88887
      vertex 22.2301 121.897 2.5858
    endloop
  endfacet
  facet normal -0.491168 0.598669 0.632732
    outer loop
      vertex 21.6109 121.389 2.5858
      vertex 21.7868 121.213 2.88887
      vertex 22.3682 121.69 2.88887
    endloop
  endfacet
  facet normal -0.403683 0.491739 0.771513
    outer loop
      vertex 21.3966 121.603 2.33707
      vertex 22.2301 121.897 2.5858
      vertex 22.0617 122.149 2.33707
    endloop
  endfacet
  facet normal -0.403735 0.492112 0.771248
    outer loop
      vertex 21.3966 121.603 2.33707
      vertex 21.6109 121.389 2.5858
      vertex 22.2301 121.897 2.5858
    endloop
  endfacet
  facet normal -0.299967 0.365409 0.88119
    outer loop
      vertex 21.1521 121.848 2.15225
      vertex 22.0617 122.149 2.33707
      vertex 21.8696 122.437 2.15225
    endloop
  endfacet
  facet normal -0.299963 0.365395 0.881197
    outer loop
      vertex 21.1521 121.848 2.15225
      vertex 21.3966 121.603 2.33707
      vertex 22.0617 122.149 2.33707
    endloop
  endfacet
  facet normal -0.185038 0.225275 0.956563
    outer loop
      vertex 20.8868 122.113 2.03844
      vertex 21.8696 122.437 2.15225
      vertex 21.6611 122.749 2.03844
    endloop
  endfacet
  facet normal -0.185099 0.225482 0.956502
    outer loop
      vertex 20.8868 122.113 2.03844
      vertex 21.1521 121.848 2.15225
      vertex 21.8696 122.437 2.15225
    endloop
  endfacet
  facet normal -0.0625538 0.0762261 0.995126
    outer loop
      vertex 20.6109 122.389 2
      vertex 21.6611 122.749 2.03844
      vertex 21.4444 123.073 2
    endloop
  endfacet
  facet normal -0.0625136 0.0761073 0.995138
    outer loop
      vertex 20.6109 122.389 2
      vertex 20.8868 122.113 2.03844
      vertex 21.6611 122.749 2.03844
    endloop
  endfacet
  facet normal -0.769259 0.631481 0.0973264
    outer loop
      vertex 21.5579 120.466 3.60983
      vertex 22.0251 120.975 4
      vertex 21.9979 121.002 3.60983
    endloop
  endfacet
  facet normal -0.769649 0.630793 0.0986909
    outer loop
      vertex 21.5579 120.466 3.60983
      vertex 21.5899 120.444 4
      vertex 22.0251 120.975 4
    endloop
  endfacet
  facet normal -0.740178 0.606839 0.289625
    outer loop
      vertex 21.4633 120.529 3.23464
      vertex 21.9979 121.002 3.60983
      vertex 21.9175 121.083 3.23464
    endloop
  endfacet
  facet normal -0.74004 0.607495 0.2886
    outer loop
      vertex 21.4633 120.529 3.23464
      vertex 21.5579 120.466 3.60983
      vertex 21.9979 121.002 3.60983
    endloop
  endfacet
  facet normal -0.682582 0.560634 0.468797
    outer loop
      vertex 21.3096 120.632 2.88887
      vertex 21.9175 121.083 3.23464
      vertex 21.7868 121.213 2.88887
    endloop
  endfacet
  facet normal -0.682546 0.559589 0.470096
    outer loop
      vertex 21.3096 120.632 2.88887
      vertex 21.4633 120.529 3.23464
      vertex 21.9175 121.083 3.23464
    endloop
  endfacet
  facet normal -0.598557 0.49132 0.63272
    outer loop
      vertex 21.1028 120.77 2.5858
      vertex 21.7868 121.213 2.88887
      vertex 21.6109 121.389 2.5858
    endloop
  endfacet
  facet normal -0.598635 0.491684 0.632363
    outer loop
      vertex 21.1028 120.77 2.5858
      vertex 21.3096 120.632 2.88887
      vertex 21.7868 121.213 2.88887
    endloop
  endfacet
  facet normal -0.491984 0.403797 0.771297
    outer loop
      vertex 20.8508 120.938 2.33707
      vertex 21.6109 121.389 2.5858
      vertex 21.3966 121.603 2.33707
    endloop
  endfacet
  facet normal -0.492005 0.403858 0.771252
    outer loop
      vertex 20.8508 120.938 2.33707
      vertex 21.1028 120.77 2.5858
      vertex 21.6109 121.389 2.5858
    endloop
  endfacet
  facet normal -0.365623 0.299832 0.881147
    outer loop
      vertex 20.5633 121.13 2.15225
      vertex 21.3966 121.603 2.33707
      vertex 21.1521 121.848 2.15225
    endloop
  endfacet
  facet normal -0.365805 0.300235 0.880934
    outer loop
      vertex 20.5633 121.13 2.15225
      vertex 20.8508 120.938 2.33707
      vertex 21.3966 121.603 2.33707
    endloop
  endfacet
  facet normal -0.22544 0.1851 0.956512
    outer loop
      vertex 20.2513 121.339 2.03844
      vertex 21.1521 121.848 2.15225
      vertex 20.8868 122.113 2.03844
    endloop
  endfacet
  facet normal -0.225231 0.184702 0.956638
    outer loop
      vertex 20.2513 121.339 2.03844
      vertex 20.5633 121.13 2.15225
      vertex 21.1521 121.848 2.15225
    endloop
  endfacet
  facet normal -0.0761208 0.0625049 0.995138
    outer loop
      vertex 19.9269 121.556 2
      vertex 20.8868 122.113 2.03844
      vertex 20.6109 122.389 2
    endloop
  endfacet
  facet normal -0.076115 0.062495 0.995139
    outer loop
      vertex 19.9269 121.556 2
      vertex 20.2513 121.339 2.03844
      vertex 20.8868 122.113 2.03844
    endloop
  endfacet
  facet normal -0.877711 0.468973 0.0984293
    outer loop
      vertex 21.2309 119.854 3.60983
      vertex 21.5899 120.444 4
      vertex 21.5579 120.466 3.60983
    endloop
  endfacet
  facet normal -0.877613 0.469269 0.0978914
    outer loop
      vertex 21.2309 119.854 3.60983
      vertex 21.2664 119.839 4
      vertex 21.5899 120.444 4
    endloop
  endfacet
  facet normal -0.844247 0.451558 0.288691
    outer loop
      vertex 21.1258 119.898 3.23464
      vertex 21.5579 120.466 3.60983
      vertex 21.4633 120.529 3.23464
    endloop
  endfacet
  facet normal -0.844252 0.451096 0.289398
    outer loop
      vertex 21.1258 119.898 3.23464
      vertex 21.2309 119.854 3.60983
      vertex 21.5579 120.466 3.60983
    endloop
  endfacet
  facet normal -0.778611 0.415807 0.469967
    outer loop
      vertex 20.955 119.968 2.88887
      vertex 21.4633 120.529 3.23464
      vertex 21.3096 120.632 2.88887
    endloop
  endfacet
  facet normal -0.778785 0.416545 0.469025
    outer loop
      vertex 20.955 119.968 2.88887
      vertex 21.1258 119.898 3.23464
      vertex 21.4633 120.529 3.23464
    endloop
  endfacet
  facet normal -0.683056 0.365328 0.632432
    outer loop
      vertex 20.7252 120.064 2.5858
      vertex 21.3096 120.632 2.88887
      vertex 21.1028 120.77 2.5858
    endloop
  endfacet
  facet normal -0.682746 0.364611 0.63318
    outer loop
      vertex 20.7252 120.064 2.5858
      vertex 20.955 119.968 2.88887
      vertex 21.3096 120.632 2.88887
    endloop
  endfacet
  facet normal -0.561147 0.300265 0.771333
    outer loop
      vertex 20.4452 120.18 2.33707
      vertex 21.1028 120.77 2.5858
      vertex 20.8508 120.938 2.33707
    endloop
  endfacet
  facet normal -0.561028 0.300062 0.771499
    outer loop
      vertex 20.4452 120.18 2.33707
      vertex 20.7252 120.064 2.5858
      vertex 21.1028 120.77 2.5858
    endloop
  endfacet
  facet normal -0.417277 0.223177 0.880949
    outer loop
      vertex 20.1258 120.312 2.15225
      vertex 20.8508 120.938 2.33707
      vertex 20.5633 121.13 2.15225
    endloop
  endfacet
  facet normal -0.417398 0.223346 0.880849
    outer loop
      vertex 20.1258 120.312 2.15225
      vertex 20.4452 120.18 2.33707
      vertex 20.8508 120.938 2.33707
    endloop
  endfacet
  facet normal -0.256992 0.137276 0.956614
    outer loop
      vertex 19.7791 120.455 2.03844
      vertex 20.5633 121.13 2.15225
      vertex 20.2513 121.339 2.03844
    endloop
  endfacet
  facet normal -0.257241 0.137583 0.956503
    outer loop
      vertex 19.7791 120.455 2.03844
      vertex 20.1258 120.312 2.15225
      vertex 20.5633 121.13 2.15225
    endloop
  endfacet
  facet normal -0.0868675 0.0464207 0.995138
    outer loop
      vertex 19.4187 120.605 2
      vertex 20.2513 121.339 2.03844
      vertex 19.9269 121.556 2
    endloop
  endfacet
  facet normal -0.0868357 0.0463844 0.995142
    outer loop
      vertex 19.4187 120.605 2
      vertex 19.7791 120.455 2.03844
      vertex 20.2513 121.339 2.03844
    endloop
  endfacet
  facet normal -0.952406 0.288734 0.0977559
    outer loop
      vertex 21.0296 119.19 3.60983
      vertex 21.2664 119.839 4
      vertex 21.2309 119.854 3.60983
    endloop
  endfacet
  facet normal -0.952366 0.289049 0.0972078
    outer loop
      vertex 21.0296 119.19 3.60983
      vertex 21.0673 119.183 4
      vertex 21.2664 119.839 4
    endloop
  endfacet
  facet normal -0.916009 0.278012 0.2892
    outer loop
      vertex 20.9179 119.213 3.23464
      vertex 21.2309 119.854 3.60983
      vertex 21.1258 119.898 3.23464
    endloop
  endfacet
  facet normal -0.915947 0.277681 0.289714
    outer loop
      vertex 20.9179 119.213 3.23464
      vertex 21.0296 119.19 3.60983
      vertex 21.2309 119.854 3.60983
    endloop
  endfacet
  facet normal -0.844945 0.256539 0.469313
    outer loop
      vertex 20.7367 119.249 2.88887
      vertex 21.1258 119.898 3.23464
      vertex 20.955 119.968 2.88887
    endloop
  endfacet
  facet normal -0.844895 0.256429 0.469464
    outer loop
      vertex 20.7367 119.249 2.88887
      vertex 20.9179 119.213 3.23464
      vertex 21.1258 119.898 3.23464
    endloop
  endfacet
  facet normal -0.740914 0.224593 0.632933
    outer loop
      vertex 20.4927 119.297 2.5858
      vertex 20.955 119.968 2.88887
      vertex 20.7252 120.064 2.5858
    endloop
  endfacet
  facet normal -0.741229 0.225049 0.632402
    outer loop
      vertex 20.4927 119.297 2.5858
      vertex 20.7367 119.249 2.88887
      vertex 20.955 119.968 2.88887
    endloop
  endfacet
  facet normal -0.608893 0.184515 0.771494
    outer loop
      vertex 20.1955 119.356 2.33707
      vertex 20.7252 120.064 2.5858
      vertex 20.4452 120.18 2.33707
    endloop
  endfacet
  facet normal -0.608964 0.184595 0.771419
    outer loop
      vertex 20.1955 119.356 2.33707
      vertex 20.4927 119.297 2.5858
      vertex 20.7252 120.064 2.5858
    endloop
  endfacet
  facet normal -0.452918 0.137457 0.880892
    outer loop
      vertex 19.8563 119.424 2.15225
      vertex 20.4452 120.18 2.33707
      vertex 20.1258 120.312 2.15225
    endloop
  endfacet
  facet normal -0.452594 0.137151 0.881106
    outer loop
      vertex 19.8563 119.424 2.15225
      vertex 20.1955 119.356 2.33707
      vertex 20.4452 120.18 2.33707
    endloop
  endfacet
  facet normal -0.279069 0.0846819 0.95653
    outer loop
      vertex 19.4884 119.497 2.03844
      vertex 20.1258 120.312 2.15225
      vertex 19.7791 120.455 2.03844
    endloop
  endfacet
  facet normal -0.279093 0.0847023 0.956521
    outer loop
      vertex 19.4884 119.497 2.03844
      vertex 19.8563 119.424 2.15225
      vertex 20.1258 120.312 2.15225
    endloop
  endfacet
  facet normal -0.0942441 0.0285837 0.995139
    outer loop
      vertex 19.1057 119.573 2
      vertex 19.7791 120.455 2.03844
      vertex 19.4187 120.605 2
    endloop
  endfacet
  facet normal -0.0942745 0.0286071 0.995135
    outer loop
      vertex 19.1057 119.573 2
      vertex 19.4884 119.497 2.03844
      vertex 19.7791 120.455 2.03844
    endloop
  endfacet
  facet normal -0.990442 0.0976088 0.0974522
    outer loop
      vertex 20.9616 118.5 3.60983
      vertex 21.0673 119.183 4
      vertex 21.0296 119.19 3.60983
    endloop
  endfacet
  facet normal -0.990441 0.097594 0.0974779
    outer loop
      vertex 20.9616 118.5 3.60983
      vertex 21 118.5 4
      vertex 21.0673 119.183 4
    endloop
  endfacet
  facet normal -0.952615 0.0937918 0.289358
    outer loop
      vertex 20.8477 118.5 3.23464
      vertex 21.0296 119.19 3.60983
      vertex 20.9179 119.213 3.23464
    endloop
  endfacet
  facet normal -0.952652 0.0938845 0.289206
    outer loop
      vertex 20.8477 118.5 3.23464
      vertex 20.9616 118.5 3.60983
      vertex 21.0296 119.19 3.60983
    endloop
  endfacet
  facet normal -0.878684 0.086578 0.469487
    outer loop
      vertex 20.6629 118.5 2.88887
      vertex 20.9179 119.213 3.23464
      vertex 20.7367 119.249 2.88887
    endloop
  endfacet
  facet normal -0.878634 0.0865079 0.469594
    outer loop
      vertex 20.6629 118.5 2.88887
      vertex 20.8477 118.5 3.23464
      vertex 20.9179 119.213 3.23464
    endloop
  endfacet
  facet normal -0.770774 0.0759169 0.63257
    outer loop
      vertex 20.4142 118.5 2.5858
      vertex 20.7367 119.249 2.88887
      vertex 20.4927 119.297 2.5858
    endloop
  endfacet
  facet normal -0.770807 0.0759486 0.632526
    outer loop
      vertex 20.4142 118.5 2.5858
      vertex 20.6629 118.5 2.88887
      vertex 20.7367 119.249 2.88887
    endloop
  endfacet
  facet normal -0.633232 0.0624355 0.77144
    outer loop
      vertex 20.1111 118.5 2.33707
      vertex 20.4927 119.297 2.5858
      vertex 20.1955 119.356 2.33707
    endloop
  endfacet
  facet normal -0.633132 0.0623599 0.771528
    outer loop
      vertex 20.1111 118.5 2.33707
      vertex 20.4142 118.5 2.5858
      vertex 20.4927 119.297 2.5858
    endloop
  endfacet
  facet normal -0.470768 0.0463126 0.88104
    outer loop
      vertex 19.7654 118.5 2.15225
      vertex 20.1955 119.356 2.33707
      vertex 19.8563 119.424 2.15225
    endloop
  endfacet
  facet normal -0.470967 0.0464364 0.880928
    outer loop
      vertex 19.7654 118.5 2.15225
      vertex 20.1111 118.5 2.33707
      vertex 20.1955 119.356 2.33707
    endloop
  endfacet
  facet normal -0.290231 0.0285864 0.95653
    outer loop
      vertex 19.3902 118.5 2.03844
      vertex 19.8563 119.424 2.15225
      vertex 19.4884 119.497 2.03844
    endloop
  endfacet
  facet normal -0.290153 0.0285443 0.956554
    outer loop
      vertex 19.3902 118.5 2.03844
      vertex 19.7654 118.5 2.15225
      vertex 19.8563 119.424 2.15225
    endloop
  endfacet
  facet normal -0.0980377 0.00965759 0.995136
    outer loop
      vertex 19 118.5 2
      vertex 19.4884 119.497 2.03844
      vertex 19.1057 119.573 2
    endloop
  endfacet
  facet normal -0.0980344 0.00965595 0.995136
    outer loop
      vertex 19 118.5 2
      vertex 19.3902 118.5 2.03844
      vertex 19.4884 119.497 2.03844
    endloop
  endfacet
  facet normal 0 0 -1
    outer loop
      vertex 28 118.5 2
      vertex 30 118.5 2
      vertex 29.8943 117.427 2
    endloop
  endfacet
  facet normal 0 0 -1
    outer loop
      vertex 27.9327 117.817 2
      vertex 29.8943 117.427 2
      vertex 29.5813 116.395 2
    endloop
  endfacet
  facet normal 0 0 -1
    outer loop
      vertex 30 118.5 2
      vertex 28 118.5 2
      vertex 29.8943 119.573 2
    endloop
  endfacet
  facet normal 0 0 -1
    outer loop
      vertex 27.7336 117.161 2
      vertex 29.5813 116.395 2
      vertex 29.0731 115.444 2
    endloop
  endfacet
  facet normal 0 0 -1
    outer loop
      vertex 27.9327 119.183 2
      vertex 29.8943 119.573 2
      vertex 28 118.5 2
    endloop
  endfacet
  facet normal 0 0 -1
    outer loop
      vertex 27.4101 116.556 2
      vertex 29.0731 115.444 2
      vertex 28.3891 114.611 2
    endloop
  endfacet
  facet normal -0 0 -1
    outer loop
      vertex 29.8943 119.573 2
      vertex 27.9327 119.183 2
      vertex 29.5813 120.605 2
    endloop
  endfacet
  facet normal 0 0 -1
    outer loop
      vertex 27.7336 119.839 2
      vertex 29.5813 120.605 2
      vertex 27.9327 119.183 2
    endloop
  endfacet
  facet normal 0 0 -1
    outer loop
      vertex 29.8943 117.427 2
      vertex 27.9327 117.817 2
      vertex 28 118.5 2
    endloop
  endfacet
  facet normal 0 0 -1
    outer loop
      vertex 29.5813 116.395 2
      vertex 27.7336 117.161 2
      vertex 27.9327 117.817 2
    endloop
  endfacet
  facet normal 0 0 -1
    outer loop
      vertex 26.9749 116.025 2
      vertex 28.3891 114.611 2
      vertex 27.5556 113.927 2
    endloop
  endfacet
  facet normal 0 0 -1
    outer loop
      vertex 29.0731 115.444 2
      vertex 27.4101 116.556 2
      vertex 27.7336 117.161 2
    endloop
  endfacet
  facet normal 0 0 -1
    outer loop
      vertex 28.3891 114.611 2
      vertex 26.9749 116.025 2
      vertex 27.4101 116.556 2
    endloop
  endfacet
  facet normal 0 0 -1
    outer loop
      vertex 26.4445 115.59 2
      vertex 27.5556 113.927 2
      vertex 26.6048 113.419 2
    endloop
  endfacet
  facet normal 0 0 -1
    outer loop
      vertex 27.5556 113.927 2
      vertex 26.4445 115.59 2
      vertex 26.9749 116.025 2
    endloop
  endfacet
  facet normal 0 0 -1
    outer loop
      vertex 26.6048 113.419 2
      vertex 25.8394 115.266 2
      vertex 26.4445 115.59 2
    endloop
  endfacet
  facet normal 0 0 -1
    outer loop
      vertex 25.573 113.106 2
      vertex 25.8394 115.266 2
      vertex 26.6048 113.419 2
    endloop
  endfacet
  facet normal 0 0 -1
    outer loop
      vertex 25.573 113.106 2
      vertex 25.1828 115.067 2
      vertex 25.8394 115.266 2
    endloop
  endfacet
  facet normal 0 0 -1
    outer loop
      vertex 24.5 113 2
      vertex 25.1828 115.067 2
      vertex 25.573 113.106 2
    endloop
  endfacet
  facet normal 0 0 -1
    outer loop
      vertex 24.5 113 2
      vertex 24.5 115 2
      vertex 25.1828 115.067 2
    endloop
  endfacet
  facet normal 0 0 -1
    outer loop
      vertex 24.5 113 2
      vertex 23.8172 115.067 2
      vertex 24.5 115 2
    endloop
  endfacet
  facet normal 0 0 -1
    outer loop
      vertex 23.427 113.106 2
      vertex 23.8172 115.067 2
      vertex 24.5 113 2
    endloop
  endfacet
  facet normal 0 0 -1
    outer loop
      vertex 23.427 113.106 2
      vertex 23.1606 115.266 2
      vertex 23.8172 115.067 2
    endloop
  endfacet
  facet normal 0 0 -1
    outer loop
      vertex 22.3952 113.419 2
      vertex 23.1606 115.266 2
      vertex 23.427 113.106 2
    endloop
  endfacet
  facet normal -0 0 -1
    outer loop
      vertex 23.1606 115.266 2
      vertex 22.3952 113.419 2
      vertex 22.5555 115.59 2
    endloop
  endfacet
  facet normal 0 0 -1
    outer loop
      vertex 21.4444 113.927 2
      vertex 22.5555 115.59 2
      vertex 22.3952 113.419 2
    endloop
  endfacet
  facet normal -0 0 -1
    outer loop
      vertex 22.5555 115.59 2
      vertex 21.4444 113.927 2
      vertex 22.0251 116.025 2
    endloop
  endfacet
  facet normal 0 0 -1
    outer loop
      vertex 20.6109 114.611 2
      vertex 22.0251 116.025 2
      vertex 21.4444 113.927 2
    endloop
  endfacet
  facet normal -0 0 -1
    outer loop
      vertex 22.0251 116.025 2
      vertex 20.6109 114.611 2
      vertex 21.5899 116.556 2
    endloop
  endfacet
  facet normal 0 0 -1
    outer loop
      vertex 19.9269 115.444 2
      vertex 21.5899 116.556 2
      vertex 20.6109 114.611 2
    endloop
  endfacet
  facet normal -0 0 -1
    outer loop
      vertex 21.5899 116.556 2
      vertex 19.9269 115.444 2
      vertex 21.2664 117.161 2
    endloop
  endfacet
  facet normal 0 0 -1
    outer loop
      vertex 19.4187 116.395 2
      vertex 21.2664 117.161 2
      vertex 19.9269 115.444 2
    endloop
  endfacet
  facet normal -0 0 -1
    outer loop
      vertex 29.5813 120.605 2
      vertex 27.7336 119.839 2
      vertex 29.0731 121.556 2
    endloop
  endfacet
  facet normal 0 0 -1
    outer loop
      vertex 27.4101 120.444 2
      vertex 29.0731 121.556 2
      vertex 27.7336 119.839 2
    endloop
  endfacet
  facet normal -0 0 -1
    outer loop
      vertex 29.0731 121.556 2
      vertex 27.4101 120.444 2
      vertex 28.3891 122.389 2
    endloop
  endfacet
  facet normal 0 0 -1
    outer loop
      vertex 26.9749 120.975 2
      vertex 28.3891 122.389 2
      vertex 27.4101 120.444 2
    endloop
  endfacet
  facet normal -0 0 -1
    outer loop
      vertex 28.3891 122.389 2
      vertex 26.9749 120.975 2
      vertex 27.5556 123.073 2
    endloop
  endfacet
  facet normal 0 0 -1
    outer loop
      vertex 26.4445 121.41 2
      vertex 27.5556 123.073 2
      vertex 26.9749 120.975 2
    endloop
  endfacet
  facet normal -0 0 -1
    outer loop
      vertex 27.5556 123.073 2
      vertex 26.4445 121.41 2
      vertex 26.6048 123.581 2
    endloop
  endfacet
  facet normal 0 0 -1
    outer loop
      vertex 25.8394 121.734 2
      vertex 26.6048 123.581 2
      vertex 26.4445 121.41 2
    endloop
  endfacet
  facet normal 0 0 -1
    outer loop
      vertex 25.8394 121.734 2
      vertex 25.573 123.894 2
      vertex 26.6048 123.581 2
    endloop
  endfacet
  facet normal 0 0 -1
    outer loop
      vertex 25.1828 121.933 2
      vertex 25.573 123.894 2
      vertex 25.8394 121.734 2
    endloop
  endfacet
  facet normal 0 0 -1
    outer loop
      vertex 24.5 122 2
      vertex 25.573 123.894 2
      vertex 25.1828 121.933 2
    endloop
  endfacet
  facet normal 0 0 -1
    outer loop
      vertex 24.5 122 2
      vertex 24.5 124 2
      vertex 25.573 123.894 2
    endloop
  endfacet
  facet normal 0 0 -1
    outer loop
      vertex 23.8172 121.933 2
      vertex 24.5 124 2
      vertex 24.5 122 2
    endloop
  endfacet
  facet normal 0 0 -1
    outer loop
      vertex 23.8172 121.933 2
      vertex 23.427 123.894 2
      vertex 24.5 124 2
    endloop
  endfacet
  facet normal 0 0 -1
    outer loop
      vertex 23.1606 121.734 2
      vertex 23.427 123.894 2
      vertex 23.8172 121.933 2
    endloop
  endfacet
  facet normal 0 0 -1
    outer loop
      vertex 22.3952 123.581 2
      vertex 23.1606 121.734 2
      vertex 22.5555 121.41 2
    endloop
  endfacet
  facet normal 0 0 -1
    outer loop
      vertex 23.1606 121.734 2
      vertex 22.3952 123.581 2
      vertex 23.427 123.894 2
    endloop
  endfacet
  facet normal 0 0 -1
    outer loop
      vertex 21.4444 123.073 2
      vertex 22.5555 121.41 2
      vertex 22.0251 120.975 2
    endloop
  endfacet
  facet normal 0 0 -1
    outer loop
      vertex 20.6109 122.389 2
      vertex 22.0251 120.975 2
      vertex 21.5899 120.444 2
    endloop
  endfacet
  facet normal 0 0 -1
    outer loop
      vertex 22.5555 121.41 2
      vertex 21.4444 123.073 2
      vertex 22.3952 123.581 2
    endloop
  endfacet
  facet normal 0 0 -1
    outer loop
      vertex 19.9269 121.556 2
      vertex 21.5899 120.444 2
      vertex 21.2664 119.839 2
    endloop
  endfacet
  facet normal 0 0 -1
    outer loop
      vertex 19.4187 120.605 2
      vertex 21.2664 119.839 2
      vertex 21.0673 119.183 2
    endloop
  endfacet
  facet normal 0 0 -1
    outer loop
      vertex 19.1057 119.573 2
      vertex 21.0673 119.183 2
      vertex 21 118.5 2
    endloop
  endfacet
  facet normal -0 0 -1
    outer loop
      vertex 21.2664 117.161 2
      vertex 19.4187 116.395 2
      vertex 21.0673 117.817 2
    endloop
  endfacet
  facet normal 0 0 -1
    outer loop
      vertex 22.0251 120.975 2
      vertex 20.6109 122.389 2
      vertex 21.4444 123.073 2
    endloop
  endfacet
  facet normal 0 0 -1
    outer loop
      vertex 19.1057 117.427 2
      vertex 21.0673 117.817 2
      vertex 19.4187 116.395 2
    endloop
  endfacet
  facet normal 0 0 -1
    outer loop
      vertex 21.5899 120.444 2
      vertex 19.9269 121.556 2
      vertex 20.6109 122.389 2
    endloop
  endfacet
  facet normal -0 0 -1
    outer loop
      vertex 21.0673 117.817 2
      vertex 19.1057 117.427 2
      vertex 21 118.5 2
    endloop
  endfacet
  facet normal 0 0 -1
    outer loop
      vertex 21.2664 119.839 2
      vertex 19.4187 120.605 2
      vertex 19.9269 121.556 2
    endloop
  endfacet
  facet normal 0 0 -1
    outer loop
      vertex 19 118.5 2
      vertex 21 118.5 2
      vertex 19.1057 117.427 2
    endloop
  endfacet
  facet normal 0 0 -1
    outer loop
      vertex 21.0673 119.183 2
      vertex 19.1057 119.573 2
      vertex 19.4187 120.605 2
    endloop
  endfacet
  facet normal 0 0 -1
    outer loop
      vertex 21 118.5 2
      vertex 19 118.5 2
      vertex 19.1057 119.573 2
    endloop
  endfacet
  facet normal -0.99044 -0.0976085 0.0974777
    outer loop
      vertex 20.9616 118.5 3.60983
      vertex 21.0296 117.81 3.60983
      vertex 21 118.5 4
    endloop
  endfacet
  facet normal -0.990444 -0.0975942 0.0974521
    outer loop
      vertex 21 118.5 4
      vertex 21.0296 117.81 3.60983
      vertex 21.0673 117.817 4
    endloop
  endfacet
  facet normal -0.95266 -0.0937963 0.289208
    outer loop
      vertex 20.8477 118.5 3.23464
      vertex 20.9179 117.787 3.23464
      vertex 20.9616 118.5 3.60983
    endloop
  endfacet
  facet normal -0.952605 -0.0938799 0.289361
    outer loop
      vertex 20.9179 117.787 3.23464
      vertex 21.0296 117.81 3.60983
      vertex 20.9616 118.5 3.60983
    endloop
  endfacet
  facet normal -0.878629 -0.0865725 0.469591
    outer loop
      vertex 20.6629 118.5 2.88887
      vertex 20.7367 117.751 2.88887
      vertex 20.8477 118.5 3.23464
    endloop
  endfacet
  facet normal -0.878692 -0.0865136 0.469484
    outer loop
      vertex 20.7367 117.751 2.88887
      vertex 20.9179 117.787 3.23464
      vertex 20.8477 118.5 3.23464
    endloop
  endfacet
  facet normal -0.770808 -0.0759203 0.632527
    outer loop
      vertex 20.4142 118.5 2.5858
      vertex 20.4927 117.703 2.5858
      vertex 20.6629 118.5 2.88887
    endloop
  endfacet
  facet normal -0.77077 -0.075945 0.632571
    outer loop
      vertex 20.4927 117.703 2.5858
      vertex 20.7367 117.751 2.88887
      vertex 20.6629 118.5 2.88887
    endloop
  endfacet
  facet normal -0.633129 -0.0624253 0.771525
    outer loop
      vertex 20.1111 118.5 2.33707
      vertex 20.1955 117.644 2.33707
      vertex 20.4142 118.5 2.5858
    endloop
  endfacet
  facet normal -0.633242 -0.0623708 0.771437
    outer loop
      vertex 20.1955 117.644 2.33707
      vertex 20.4927 117.703 2.5858
      vertex 20.4142 118.5 2.5858
    endloop
  endfacet
  facet normal -0.470969 -0.0463323 0.880932
    outer loop
      vertex 19.7654 118.5 2.15225
      vertex 19.8563 117.576 2.15225
      vertex 20.1111 118.5 2.33707
    endloop
  endfacet
  facet normal -0.47075 -0.0464151 0.881045
    outer loop
      vertex 19.8563 117.576 2.15225
      vertex 20.1955 117.644 2.33707
      vertex 20.1111 118.5 2.33707
    endloop
  endfacet
  facet normal -0.290153 -0.0285787 0.956553
    outer loop
      vertex 19.3902 118.5 2.03844
      vertex 19.4884 117.503 2.03844
      vertex 19.7654 118.5 2.15225
    endloop
  endfacet
  facet normal -0.290237 -0.0285525 0.956529
    outer loop
      vertex 19.4884 117.503 2.03844
      vertex 19.8563 117.576 2.15225
      vertex 19.7654 118.5 2.15225
    endloop
  endfacet
  facet normal -0.0980344 -0.00965726 0.995136
    outer loop
      vertex 19 118.5 2
      vertex 19.1057 117.427 2
      vertex 19.3902 118.5 2.03844
    endloop
  endfacet
  facet normal -0.098038 -0.0096563 0.995136
    outer loop
      vertex 19.1057 117.427 2
      vertex 19.4884 117.503 2.03844
      vertex 19.3902 118.5 2.03844
    endloop
  endfacet
  facet normal -0.952457 -0.288749 0.0972111
    outer loop
      vertex 21.0296 117.81 3.60983
      vertex 21.2309 117.146 3.60983
      vertex 21.0673 117.817 4
    endloop
  endfacet
  facet normal -0.952315 -0.289033 0.0977591
    outer loop
      vertex 21.0673 117.817 4
      vertex 21.2309 117.146 3.60983
      vertex 21.2664 117.161 4
    endloop
  endfacet
  facet normal -0.915862 -0.277968 0.289707
    outer loop
      vertex 20.9179 117.787 3.23464
      vertex 21.1258 117.102 3.23464
      vertex 21.0296 117.81 3.60983
    endloop
  endfacet
  facet normal -0.916098 -0.277727 0.289192
    outer loop
      vertex 21.0296 117.81 3.60983
      vertex 21.1258 117.102 3.23464
      vertex 21.2309 117.146 3.60983
    endloop
  endfacet
  facet normal -0.844871 -0.256516 0.46946
    outer loop
      vertex 20.7367 117.751 2.88887
      vertex 20.955 117.032 2.88887
      vertex 20.9179 117.787 3.23464
    endloop
  endfacet
  facet normal -0.844974 -0.256453 0.46931
    outer loop
      vertex 20.9179 117.787 3.23464
      vertex 20.955 117.032 2.88887
      vertex 21.1258 117.102 3.23464
    endloop
  endfacet
  facet normal -0.741316 -0.224714 0.632419
    outer loop
      vertex 20.4927 117.703 2.5858
      vertex 20.7252 116.936 2.5858
      vertex 20.7367 117.751 2.88887
    endloop
  endfacet
  facet normal -0.740801 -0.224919 0.63295
    outer loop
      vertex 20.7252 116.936 2.5858
      vertex 20.955 117.032 2.88887
      vertex 20.7367 117.751 2.88887
    endloop
  endfacet
  facet normal -0.608977 -0.184541 0.771422
    outer loop
      vertex 20.1955 117.644 2.33707
      vertex 20.4452 116.82 2.33707
      vertex 20.4927 117.703 2.5858
    endloop
  endfacet
  facet normal -0.608874 -0.184567 0.771497
    outer loop
      vertex 20.4452 116.82 2.33707
      vertex 20.7252 116.936 2.5858
      vertex 20.4927 117.703 2.5858
    endloop
  endfacet
  facet normal -0.452551 -0.137345 0.881098
    outer loop
      vertex 19.8563 117.576 2.15225
      vertex 20.1258 116.688 2.15225
      vertex 20.1955 117.644 2.33707
    endloop
  endfacet
  facet normal -0.45299 -0.137271 0.880884
    outer loop
      vertex 20.1258 116.688 2.15225
      vertex 20.4452 116.82 2.33707
      vertex 20.1955 117.644 2.33707
    endloop
  endfacet
  facet normal -0.279096 -0.0846901 0.956521
    outer loop
      vertex 19.4884 117.503 2.03844
      vertex 19.7791 116.545 2.03844
      vertex 19.8563 117.576 2.15225
    endloop
  endfacet
  facet normal -0.279064 -0.0846935 0.95653
    outer loop
      vertex 19.7791 116.545 2.03844
      vertex 20.1258 116.688 2.15225
      vertex 19.8563 117.576 2.15225
    endloop
  endfacet
  facet normal -0.0942772 -0.0285938 0.995135
    outer loop
      vertex 19.1057 117.427 2
      vertex 19.4187 116.395 2
      vertex 19.4884 117.503 2.03844
    endloop
  endfacet
  facet normal -0.0942389 -0.0285963 0.995139
    outer loop
      vertex 19.4187 116.395 2
      vertex 19.7791 116.545 2.03844
      vertex 19.4884 117.503 2.03844
    endloop
  endfacet
  facet normal -0.877757 -0.468998 0.0978941
    outer loop
      vertex 21.2309 117.146 3.60983
      vertex 21.5579 116.534 3.60983
      vertex 21.2664 117.161 4
    endloop
  endfacet
  facet normal -0.877566 -0.469244 0.0984326
    outer loop
      vertex 21.2664 117.161 4
      vertex 21.5579 116.534 3.60983
      vertex 21.5899 116.556 4
    endloop
  endfacet
  facet normal -0.844061 -0.451459 0.289387
    outer loop
      vertex 21.1258 117.102 3.23464
      vertex 21.4633 116.471 3.23464
      vertex 21.2309 117.146 3.60983
    endloop
  endfacet
  facet normal -0.844443 -0.451198 0.28868
    outer loop
      vertex 21.2309 117.146 3.60983
      vertex 21.4633 116.471 3.23464
      vertex 21.5579 116.534 3.60983
    endloop
  endfacet
  facet normal -0.779042 -0.416037 0.469049
    outer loop
      vertex 20.955 117.032 2.88887
      vertex 21.3096 116.368 2.88887
      vertex 21.1258 117.102 3.23464
    endloop
  endfacet
  facet normal -0.778332 -0.416303 0.469991
    outer loop
      vertex 21.1258 117.102 3.23464
      vertex 21.3096 116.368 2.88887
      vertex 21.4633 116.471 3.23464
    endloop
  endfacet
  facet normal -0.682533 -0.365049 0.633157
    outer loop
      vertex 20.7252 116.936 2.5858
      vertex 21.1028 116.23 2.5858
      vertex 20.955 117.032 2.88887
    endloop
  endfacet
  facet normal -0.683302 -0.364908 0.632409
    outer loop
      vertex 20.955 117.032 2.88887
      vertex 21.1028 116.23 2.5858
      vertex 21.3096 116.368 2.88887
    endloop
  endfacet
  facet normal -0.560976 -0.300174 0.771493
    outer loop
      vertex 20.4452 116.82 2.33707
      vertex 20.8508 116.062 2.33707
      vertex 20.7252 116.936 2.5858
    endloop
  endfacet
  facet normal -0.561211 -0.300161 0.771327
    outer loop
      vertex 20.7252 116.936 2.5858
      vertex 20.8508 116.062 2.33707
      vertex 21.1028 116.23 2.5858
    endloop
  endfacet
  facet normal -0.417435 -0.223261 0.880853
    outer loop
      vertex 20.1258 116.688 2.15225
      vertex 20.5633 115.87 2.15225
      vertex 20.4452 116.82 2.33707
    endloop
  endfacet
  facet normal -0.417227 -0.223255 0.880953
    outer loop
      vertex 20.4452 116.82 2.33707
      vertex 20.5633 115.87 2.15225
      vertex 20.8508 116.062 2.33707
    endloop
  endfacet
  facet normal -0.257301 -0.13744 0.956507
    outer loop
      vertex 19.7791 116.545 2.03844
      vertex 20.2513 115.661 2.03844
      vertex 20.1258 116.688 2.15225
    endloop
  endfacet
  facet normal -0.256908 -0.137405 0.956618
    outer loop
      vertex 20.1258 116.688 2.15225
      vertex 20.2513 115.661 2.03844
      vertex 20.5633 115.87 2.15225
    endloop
  endfacet
  facet normal -0.0868292 -0.0464002 0.995142
    outer loop
      vertex 19.4187 116.395 2
      vertex 19.9269 115.444 2
      vertex 19.7791 116.545 2.03844
    endloop
  endfacet
  facet normal -0.086877 -0.0464065 0.995138
    outer loop
      vertex 19.7791 116.545 2.03844
      vertex 19.9269 115.444 2
      vertex 20.2513 115.661 2.03844
    endloop
  endfacet
  facet normal -0.769155 -0.631396 0.0986844
    outer loop
      vertex 21.5579 116.534 3.60983
      vertex 21.9979 115.998 3.60983
      vertex 21.5899 116.556 4
    endloop
  endfacet
  facet normal -0.769754 -0.630879 0.0973192
    outer loop
      vertex 21.5899 116.556 4
      vertex 21.9979 115.998 3.60983
      vertex 22.0251 116.025 4
    endloop
  endfacet
  facet normal -0.740414 -0.607032 0.288617
    outer loop
      vertex 21.4633 116.471 3.23464
      vertex 21.9175 115.917 3.23464
      vertex 21.5579 116.534 3.60983
    endloop
  endfacet
  facet normal -0.739797 -0.607296 0.289642
    outer loop
      vertex 21.5579 116.534 3.60983
      vertex 21.9175 115.917 3.23464
      vertex 21.9979 115.998 3.60983
    endloop
  endfacet
  facet normal -0.682062 -0.560206 0.470064
    outer loop
      vertex 21.3096 116.368 2.88887
      vertex 21.7868 115.787 2.88887
      vertex 21.4633 116.471 3.23464
    endloop
  endfacet
  facet normal -0.683093 -0.560038 0.468766
    outer loop
      vertex 21.4633 116.471 3.23464
      vertex 21.7868 115.787 2.88887
      vertex 21.9175 115.917 3.23464
    endloop
  endfacet
  facet normal -0.598775 -0.491499 0.632374
    outer loop
      vertex 21.1028 116.23 2.5858
      vertex 21.6109 115.611 2.5858
      vertex 21.3096 116.368 2.88887
    endloop
  endfacet
  facet normal -0.598402 -0.491493 0.632731
    outer loop
      vertex 21.3096 116.368 2.88887
      vertex 21.6109 115.611 2.5858
      vertex 21.7868 115.787 2.88887
    endloop
  endfacet
  facet normal -0.492025 -0.403831 0.771254
    outer loop
      vertex 20.8508 116.062 2.33707
      vertex 21.3966 115.397 2.33707
      vertex 21.1028 116.23 2.5858
    endloop
  endfacet
  facet normal -0.491961 -0.403822 0.771299
    outer loop
      vertex 21.1028 116.23 2.5858
      vertex 21.3966 115.397 2.33707
      vertex 21.6109 115.611 2.5858
    endloop
  endfacet
  facet normal -0.365919 -0.300074 0.880942
    outer loop
      vertex 20.5633 115.87 2.15225
      vertex 21.1521 115.152 2.15225
      vertex 20.8508 116.062 2.33707
    endloop
  endfacet
  facet normal -0.365487 -0.299974 0.881155
    outer loop
      vertex 20.8508 116.062 2.33707
      vertex 21.1521 115.152 2.15225
      vertex 21.3966 115.397 2.33707
    endloop
  endfacet
  facet normal -0.225133 -0.184847 0.956633
    outer loop
      vertex 20.2513 115.661 2.03844
      vertex 20.8868 114.887 2.03844
      vertex 20.5633 115.87 2.15225
    endloop
  endfacet
  facet normal -0.225563 -0.184974 0.956507
    outer loop
      vertex 20.5633 115.87 2.15225
      vertex 20.8868 114.887 2.03844
      vertex 21.1521 115.152 2.15225
    endloop
  endfacet
  facet normal -0.0761128 -0.0624984 0.995139
    outer loop
      vertex 19.9269 115.444 2
      vertex 20.6109 114.611 2
      vertex 20.2513 115.661 2.03844
    endloop
  endfacet
  facet normal -0.0761237 -0.0625021 0.995138
    outer loop
      vertex 20.2513 115.661 2.03844
      vertex 20.6109 114.611 2
      vertex 20.8868 114.887 2.03844
    endloop
  endfacet
  facet normal -0.631345 -0.76938 0.0972546
    outer loop
      vertex 21.9979 115.998 3.60983
      vertex 22.5341 115.558 3.60983
      vertex 22.0251 116.025 4
    endloop
  endfacet
  facet normal -0.631107 -0.769515 0.0977271
    outer loop
      vertex 22.0251 116.025 4
      vertex 22.5341 115.558 3.60983
      vertex 22.5555 115.59 4
    endloop
  endfacet
  facet normal -0.607034 -0.739939 0.289828
    outer loop
      vertex 21.9175 115.917 3.23464
      vertex 22.4709 115.463 3.23464
      vertex 21.9979 115.998 3.60983
    endloop
  endfacet
  facet normal -0.607164 -0.739912 0.289625
    outer loop
      vertex 21.9979 115.998 3.60983
      vertex 22.4709 115.463 3.23464
      vertex 22.5341 115.558 3.60983
    endloop
  endfacet
  facet normal -0.560335 -0.682974 0.468584
    outer loop
      vertex 21.7868 115.787 2.88887
      vertex 22.3682 115.31 2.88887
      vertex 21.9175 115.917 3.23464
    endloop
  endfacet
  facet normal -0.560299 -0.682973 0.468628
    outer loop
      vertex 21.9175 115.917 3.23464
      vertex 22.3682 115.31 2.88887
      vertex 22.4709 115.463 3.23464
    endloop
  endfacet
  facet normal -0.491161 -0.598675 0.632732
    outer loop
      vertex 21.6109 115.611 2.5858
      vertex 22.2301 115.103 2.5858
      vertex 21.7868 115.787 2.88887
    endloop
  endfacet
  facet normal -0.491175 -0.598678 0.632717
    outer loop
      vertex 21.7868 115.787 2.88887
      vertex 22.2301 115.103 2.5858
      vertex 22.3682 115.31 2.88887
    endloop
  endfacet
  facet normal -0.40388 -0.491979 0.771257
    outer loop
      vertex 21.3966 115.397 2.33707
      vertex 22.0617 114.851 2.33707
      vertex 21.6109 115.611 2.5858
    endloop
  endfacet
  facet normal -0.403524 -0.491855 0.771523
    outer loop
      vertex 21.6109 115.611 2.5858
      vertex 22.0617 114.851 2.33707
      vertex 22.2301 115.103 2.5858
    endloop
  endfacet
  facet normal -0.299959 -0.3654 0.881197
    outer loop
      vertex 21.1521 115.152 2.15225
      vertex 21.8696 114.563 2.15225
      vertex 21.3966 115.397 2.33707
    endloop
  endfacet
  facet normal -0.299972 -0.365406 0.88119
    outer loop
      vertex 21.3966 115.397 2.33707
      vertex 21.8696 114.563 2.15225
      vertex 22.0617 114.851 2.33707
    endloop
  endfacet
  facet normal -0.185159 -0.225423 0.956504
    outer loop
      vertex 20.8868 114.887 2.03844
      vertex 21.6611 114.251 2.03844
      vertex 21.1521 115.152 2.15225
    endloop
  endfacet
  facet normal -0.184969 -0.225323 0.956565
    outer loop
      vertex 21.1521 115.152 2.15225
      vertex 21.6611 114.251 2.03844
      vertex 21.8696 114.563 2.15225
    endloop
  endfacet
  facet normal -0.0624821 -0.0761387 0.995138
    outer loop
      vertex 20.6109 114.611 2
      vertex 21.4444 113.927 2
      vertex 20.8868 114.887 2.03844
    endloop
  endfacet
  facet normal -0.0625908 -0.0762013 0.995126
    outer loop
      vertex 20.8868 114.887 2.03844
      vertex 21.4444 113.927 2
      vertex 21.6611 114.251 2.03844
    endloop
  endfacet
  facet normal -0.469125 -0.877709 0.0977163
    outer loop
      vertex 22.5341 115.558 3.60983
      vertex 23.1459 115.231 3.60983
      vertex 22.5555 115.59 4
    endloop
  endfacet
  facet normal -0.46984 -0.87747 0.0964147
    outer loop
      vertex 22.5555 115.59 4
      vertex 23.1459 115.231 3.60983
      vertex 23.1606 115.266 4
    endloop
  endfacet
  facet normal -0.45067 -0.844371 0.289713
    outer loop
      vertex 22.4709 115.463 3.23464
      vertex 23.1023 115.126 3.23464
      vertex 22.5341 115.558 3.60983
    endloop
  endfacet
  facet normal -0.451303 -0.844364 0.288747
    outer loop
      vertex 22.5341 115.558 3.60983
      vertex 23.1023 115.126 3.23464
      vertex 23.1459 115.231 3.60983
    endloop
  endfacet
  facet normal -0.416835 -0.778953 0.468487
    outer loop
      vertex 22.3682 115.31 2.88887
      vertex 23.0316 114.955 2.88887
      vertex 22.4709 115.463 3.23464
    endloop
  endfacet
  facet normal -0.415599 -0.778663 0.470065
    outer loop
      vertex 22.4709 115.463 3.23464
      vertex 23.0316 114.955 2.88887
      vertex 23.1023 115.126 3.23464
    endloop
  endfacet
  facet normal -0.365373 -0.682705 0.632784
    outer loop
      vertex 22.2301 115.103 2.5858
      vertex 22.9364 114.725 2.5858
      vertex 22.3682 115.31 2.88887
    endloop
  endfacet
  facet normal -0.365318 -0.682682 0.632841
    outer loop
      vertex 22.3682 115.31 2.88887
      vertex 22.9364 114.725 2.5858
      vertex 23.0316 114.955 2.88887
    endloop
  endfacet
  facet normal -0.300138 -0.560948 0.771528
    outer loop
      vertex 22.0617 114.851 2.33707
      vertex 22.8205 114.445 2.33707
      vertex 22.2301 115.103 2.5858
    endloop
  endfacet
  facet normal -0.300243 -0.561009 0.771442
    outer loop
      vertex 22.2301 115.103 2.5858
      vertex 22.8205 114.445 2.33707
      vertex 22.9364 114.725 2.5858
    endloop
  endfacet
  facet normal -0.22264 -0.417004 0.881215
    outer loop
      vertex 21.8696 114.563 2.15225
      vertex 22.6881 114.126 2.15225
      vertex 22.0617 114.851 2.33707
    endloop
  endfacet
  facet normal -0.223417 -0.417558 0.880756
    outer loop
      vertex 22.0617 114.851 2.33707
      vertex 22.6881 114.126 2.15225
      vertex 22.8205 114.445 2.33707
    endloop
  endfacet
  facet normal -0.137369 -0.257131 0.956563
    outer loop
      vertex 21.6611 114.251 2.03844
      vertex 22.5446 113.779 2.03844
      vertex 21.8696 114.563 2.15225
    endloop
  endfacet
  facet normal -0.137218 -0.257008 0.956618
    outer loop
      vertex 21.8696 114.563 2.15225
      vertex 22.5446 113.779 2.03844
      vertex 22.6881 114.126 2.15225
    endloop
  endfacet
  facet normal -0.046473 -0.0869813 0.995125
    outer loop
      vertex 21.4444 113.927 2
      vertex 22.3952 113.419 2
      vertex 21.6611 114.251 2.03844
    endloop
  endfacet
  facet normal -0.0464651 -0.0869744 0.995126
    outer loop
      vertex 21.6611 114.251 2.03844
      vertex 22.3952 113.419 2
      vertex 22.5446 113.779 2.03844
    endloop
  endfacet
  facet normal -0.28846 -0.952635 0.0963236
    outer loop
      vertex 23.1459 115.231 3.60983
      vertex 23.8097 115.03 3.60983
      vertex 23.1606 115.266 4
    endloop
  endfacet
  facet normal -0.288711 -0.952603 0.0958855
    outer loop
      vertex 23.1606 115.266 4
      vertex 23.8097 115.03 3.60983
      vertex 23.8172 115.067 4
    endloop
  endfacet
  facet normal -0.278103 -0.916137 0.288706
    outer loop
      vertex 23.1023 115.126 3.23464
      vertex 23.7875 114.918 3.23464
      vertex 23.1459 115.231 3.60983
    endloop
  endfacet
  facet normal -0.277366 -0.915999 0.289852
    outer loop
      vertex 23.1459 115.231 3.60983
      vertex 23.7875 114.918 3.23464
      vertex 23.8097 115.03 3.60983
    endloop
  endfacet
  facet normal -0.255838 -0.844735 0.470074
    outer loop
      vertex 23.0316 114.955 2.88887
      vertex 23.7514 114.737 2.88887
      vertex 23.1023 115.126 3.23464
    endloop
  endfacet
  facet normal -0.256523 -0.845047 0.469139
    outer loop
      vertex 23.1023 115.126 3.23464
      vertex 23.7514 114.737 2.88887
      vertex 23.7875 114.918 3.23464
    endloop
  endfacet
  facet normal -0.224303 -0.741069 0.632855
    outer loop
      vertex 22.9364 114.725 2.5858
      vertex 23.7029 114.493 2.5858
      vertex 23.0316 114.955 2.88887
    endloop
  endfacet
  facet normal -0.224478 -0.74119 0.632651
    outer loop
      vertex 23.0316 114.955 2.88887
      vertex 23.7029 114.493 2.5858
      vertex 23.7514 114.737 2.88887
    endloop
  endfacet
  facet normal -0.184866 -0.608802 0.771482
    outer loop
      vertex 22.8205 114.445 2.33707
      vertex 23.6438 114.195 2.33707
      vertex 22.9364 114.725 2.5858
    endloop
  endfacet
  facet normal -0.184048 -0.608072 0.772253
    outer loop
      vertex 22.9364 114.725 2.5858
      vertex 23.6438 114.195 2.33707
      vertex 23.7029 114.493 2.5858
    endloop
  endfacet
  facet normal -0.13774 -0.453113 0.880748
    outer loop
      vertex 22.6881 114.126 2.15225
      vertex 23.5763 113.856 2.15225
      vertex 22.8205 114.445 2.33707
    endloop
  endfacet
  facet normal -0.137519 -0.452879 0.880903
    outer loop
      vertex 22.8205 114.445 2.33707
      vertex 23.5763 113.856 2.15225
      vertex 23.6438 114.195 2.33707
    endloop
  endfacet
  facet normal -0.0846307 -0.278758 0.956625
    outer loop
      vertex 22.5446 113.779 2.03844
      vertex 23.5031 113.488 2.03844
      vertex 22.6881 114.126 2.15225
    endloop
  endfacet
  facet normal -0.0848002 -0.278961 0.956551
    outer loop
      vertex 22.6881 114.126 2.15225
      vertex 23.5031 113.488 2.03844
      vertex 23.5763 113.856 2.15225
    endloop
  endfacet
  facet normal -0.0286293 -0.0943761 0.995125
    outer loop
      vertex 22.3952 113.419 2
      vertex 23.427 113.106 2
      vertex 22.5446 113.779 2.03844
    endloop
  endfacet
  facet normal -0.0286677 -0.0944261 0.995119
    outer loop
      vertex 22.5446 113.779 2.03844
      vertex 23.427 113.106 2
      vertex 23.5031 113.488 2.03844
    endloop
  endfacet
  facet normal -0.0975824 -0.990604 0.0958152
    outer loop
      vertex 23.8097 115.03 3.60983
      vertex 24.5 114.962 3.60983
      vertex 23.8172 115.067 4
    endloop
  endfacet
  facet normal -0.0972008 -0.990578 0.0964758
    outer loop
      vertex 23.8172 115.067 4
      vertex 24.5 114.962 3.60983
      vertex 24.5 115 4
    endloop
  endfacet
  facet normal -0.0935771 -0.952481 0.289867
    outer loop
      vertex 23.7875 114.918 3.23464
      vertex 24.5 114.848 3.23464
      vertex 23.8097 115.03 3.60983
    endloop
  endfacet
  facet normal -0.0938372 -0.952586 0.289439
    outer loop
      vertex 23.8097 115.03 3.60983
      vertex 24.5 114.848 3.23464
      vertex 24.5 114.962 3.60983
    endloop
  endfacet
  facet normal -0.0868754 -0.87885 0.469121
    outer loop
      vertex 23.7514 114.737 2.88887
      vertex 24.5 114.663 2.88887
      vertex 23.7875 114.918 3.23464
    endloop
  endfacet
  facet normal -0.0863027 -0.878438 0.469998
    outer loop
      vertex 23.7875 114.918 3.23464
      vertex 24.5 114.663 2.88887
      vertex 24.5 114.848 3.23464
    endloop
  endfacet
  facet normal -0.0763784 -0.770648 0.632667
    outer loop
      vertex 23.7029 114.493 2.5858
      vertex 24.5 114.414 2.5858
      vertex 23.7514 114.737 2.88887
    endloop
  endfacet
  facet normal -0.076157 -0.77042 0.632971
    outer loop
      vertex 23.7514 114.737 2.88887
      vertex 24.5 114.414 2.5858
      vertex 24.5 114.663 2.88887
    endloop
  endfacet
  facet normal -0.0620311 -0.632274 0.772258
    outer loop
      vertex 23.6438 114.195 2.33707
      vertex 24.5 114.111 2.33707
      vertex 23.7029 114.493 2.5858
    endloop
  endfacet
  facet normal -0.06276 -0.633241 0.771406
    outer loop
      vertex 23.7029 114.493 2.5858
      vertex 24.5 114.111 2.33707
      vertex 24.5 114.414 2.5858
    endloop
  endfacet
  facet normal -0.0464034 -0.47102 0.880901
    outer loop
      vertex 23.5763 113.856 2.15225
      vertex 24.5 113.765 2.15225
      vertex 23.6438 114.195 2.33707
    endloop
  endfacet
  facet normal -0.0461749 -0.470655 0.881108
    outer loop
      vertex 23.6438 114.195 2.33707
      vertex 24.5 113.765 2.15225
      vertex 24.5 114.111 2.33707
    endloop
  endfacet
  facet normal -0.0285237 -0.290156 0.956554
    outer loop
      vertex 23.5031 113.488 2.03844
      vertex 24.5 113.39 2.03844
      vertex 23.5763 113.856 2.15225
    endloop
  endfacet
  facet normal -0.0285989 -0.290294 0.95651
    outer loop
      vertex 23.5763 113.856 2.15225
      vertex 24.5 113.39 2.03844
      vertex 24.5 113.765 2.15225
    endloop
  endfacet
  facet normal -0.00970146 -0.0982044 0.995119
    outer loop
      vertex 23.427 113.106 2
      vertex 24.5 113 2
      vertex 23.5031 113.488 2.03844
    endloop
  endfacet
  facet normal -0.00964215 -0.0980842 0.995131
    outer loop
      vertex 23.5031 113.488 2.03844
      vertex 24.5 113 2
      vertex 24.5 113.39 2.03844
    endloop
  endfacet
  facet normal 0.0975761 -0.990541 0.0964722
    outer loop
      vertex 24.5 114.962 3.60983
      vertex 25.1903 115.03 3.60983
      vertex 24.5 115 4
    endloop
  endfacet
  facet normal 0.0972071 -0.990642 0.0958116
    outer loop
      vertex 24.5 115 4
      vertex 25.1903 115.03 3.60983
      vertex 25.1828 115.067 4
    endloop
  endfacet
  facet normal 0.0935896 -0.952608 0.289446
    outer loop
      vertex 24.5 114.848 3.23464
      vertex 25.2125 114.918 3.23464
      vertex 24.5 114.962 3.60983
    endloop
  endfacet
  facet normal 0.0938243 -0.952455 0.289874
    outer loop
      vertex 24.5 114.962 3.60983
      vertex 25.2125 114.918 3.23464
      vertex 25.1903 115.03 3.60983
    endloop
  endfacet
  facet normal 0.0868307 -0.878398 0.469976
    outer loop
      vertex 24.5 114.663 2.88887
      vertex 25.2486 114.737 2.88887
      vertex 24.5 114.848 3.23464
    endloop
  endfacet
  facet normal 0.0863494 -0.878914 0.4691
    outer loop
      vertex 24.5 114.848 3.23464
      vertex 25.2486 114.737 2.88887
      vertex 25.2125 114.918 3.23464
    endloop
  endfacet
  facet normal 0.0763546 -0.770409 0.632962
    outer loop
      vertex 24.5 114.414 2.5858
      vertex 25.2971 114.493 2.5858
      vertex 24.5 114.663 2.88887
    endloop
  endfacet
  facet normal 0.0761822 -0.770675 0.632658
    outer loop
      vertex 24.5 114.663 2.88887
      vertex 25.2971 114.493 2.5858
      vertex 25.2486 114.737 2.88887
    endloop
  endfacet
  facet normal 0.0621284 -0.633266 0.771437
    outer loop
      vertex 24.5 114.111 2.33707
      vertex 25.3562 114.195 2.33707
      vertex 24.5 114.414 2.5858
    endloop
  endfacet
  facet normal 0.0626545 -0.632175 0.772288
    outer loop
      vertex 24.5 114.414 2.5858
      vertex 25.3562 114.195 2.33707
      vertex 25.2971 114.493 2.5858
    endloop
  endfacet
  facet normal 0.046367 -0.47065 0.881101
    outer loop
      vertex 24.5 113.765 2.15225
      vertex 25.4237 113.856 2.15225
      vertex 24.5 114.111 2.33707
    endloop
  endfacet
  facet normal 0.0462141 -0.471054 0.880893
    outer loop
      vertex 24.5 114.111 2.33707
      vertex 25.4237 113.856 2.15225
      vertex 25.3562 114.195 2.33707
    endloop
  endfacet
  facet normal 0.0285374 -0.290295 0.956512
    outer loop
      vertex 24.5 113.39 2.03844
      vertex 25.4969 113.488 2.03844
      vertex 24.5 113.765 2.15225
    endloop
  endfacet
  facet normal 0.0285841 -0.290145 0.956556
    outer loop
      vertex 24.5 113.765 2.15225
      vertex 25.4969 113.488 2.03844
      vertex 25.4237 113.856 2.15225
    endloop
  endfacet
  facet normal 0.00968958 -0.0980842 0.995131
    outer loop
      vertex 24.5 113 2
      vertex 25.573 113.106 2
      vertex 24.5 113.39 2.03844
    endloop
  endfacet
  facet normal 0.00965487 -0.0982137 0.995119
    outer loop
      vertex 24.5 113.39 2.03844
      vertex 25.573 113.106 2
      vertex 25.4969 113.488 2.03844
    endloop
  endfacet
  facet normal 0.288472 -0.952675 0.0958877
    outer loop
      vertex 25.1828 115.067 4
      vertex 25.1903 115.03 3.60983
      vertex 25.8541 115.231 3.60983
    endloop
  endfacet
  facet normal 0.288699 -0.952562 0.0963261
    outer loop
      vertex 25.1828 115.067 4
      vertex 25.8541 115.231 3.60983
      vertex 25.8394 115.266 4
    endloop
  endfacet
  facet normal 0.278005 -0.915811 0.289833
    outer loop
      vertex 25.1903 115.03 3.60983
      vertex 25.2125 114.918 3.23464
      vertex 25.8977 115.126 3.23464
    endloop
  endfacet
  facet normal 0.277468 -0.916335 0.288688
    outer loop
      vertex 25.1903 115.03 3.60983
      vertex 25.8977 115.126 3.23464
      vertex 25.8541 115.231 3.60983
    endloop
  endfacet
  facet normal 0.255979 -0.8452 0.469161
    outer loop
      vertex 25.2125 114.918 3.23464
      vertex 25.2486 114.737 2.88887
      vertex 25.9684 114.955 2.88887
    endloop
  endfacet
  facet normal 0.256375 -0.844559 0.470097
    outer loop
      vertex 25.2125 114.918 3.23464
      vertex 25.9684 114.955 2.88887
      vertex 25.8977 115.126 3.23464
    endloop
  endfacet
  facet normal 0.224349 -0.741223 0.632657
    outer loop
      vertex 25.2486 114.737 2.88887
      vertex 25.2971 114.493 2.5858
      vertex 26.0636 114.725 2.5858
    endloop
  endfacet
  facet normal 0.224428 -0.741025 0.632862
    outer loop
      vertex 25.2486 114.737 2.88887
      vertex 26.0636 114.725 2.5858
      vertex 25.9684 114.955 2.88887
    endloop
  endfacet
  facet normal 0.184604 -0.607938 0.772226
    outer loop
      vertex 25.2971 114.493 2.5858
      vertex 25.3562 114.195 2.33707
      vertex 26.1795 114.445 2.33707
    endloop
  endfacet
  facet normal 0.184329 -0.609 0.771454
    outer loop
      vertex 25.2971 114.493 2.5858
      vertex 26.1795 114.445 2.33707
      vertex 26.0636 114.725 2.5858
    endloop
  endfacet
  facet normal 0.137659 -0.452848 0.880897
    outer loop
      vertex 25.3562 114.195 2.33707
      vertex 25.4237 113.856 2.15225
      vertex 26.3119 114.126 2.15225
    endloop
  endfacet
  facet normal 0.137606 -0.453165 0.880742
    outer loop
      vertex 25.3562 114.195 2.33707
      vertex 26.3119 114.126 2.15225
      vertex 26.1795 114.445 2.33707
    endloop
  endfacet
  facet normal 0.0846988 -0.278982 0.956554
    outer loop
      vertex 25.4237 113.856 2.15225
      vertex 25.4969 113.488 2.03844
      vertex 26.4554 113.779 2.03844
    endloop
  endfacet
  facet normal 0.0847266 -0.278719 0.956628
    outer loop
      vertex 25.4237 113.856 2.15225
      vertex 26.4554 113.779 2.03844
      vertex 26.3119 114.126 2.15225
    endloop
  endfacet
  facet normal 0.0286458 -0.0944305 0.995119
    outer loop
      vertex 25.4969 113.488 2.03844
      vertex 25.573 113.106 2
      vertex 26.6048 113.419 2
    endloop
  endfacet
  facet normal 0.0286499 -0.0943675 0.995125
    outer loop
      vertex 25.4969 113.488 2.03844
      vertex 26.6048 113.419 2
      vertex 26.4554 113.779 2.03844
    endloop
  endfacet
  facet normal 0.469185 -0.87782 0.0964214
    outer loop
      vertex 25.8394 115.266 4
      vertex 25.8541 115.231 3.60983
      vertex 26.4659 115.558 3.60983
    endloop
  endfacet
  facet normal 0.46978 -0.877358 0.0977234
    outer loop
      vertex 25.8394 115.266 4
      vertex 26.4659 115.558 3.60983
      vertex 26.4445 115.59 4
    endloop
  endfacet
  facet normal 0.450805 -0.844625 0.288762
    outer loop
      vertex 25.8541 115.231 3.60983
      vertex 25.8977 115.126 3.23464
      vertex 26.5291 115.463 3.23464
    endloop
  endfacet
  facet normal 0.451163 -0.844103 0.289729
    outer loop
      vertex 25.8541 115.231 3.60983
      vertex 26.5291 115.463 3.23464
      vertex 26.4659 115.558 3.60983
    endloop
  endfacet
  facet normal 0.416449 -0.778233 0.470026
    outer loop
      vertex 25.8977 115.126 3.23464
      vertex 25.9684 114.955 2.88887
      vertex 26.6318 115.31 2.88887
    endloop
  endfacet
  facet normal 0.416004 -0.779421 0.468447
    outer loop
      vertex 25.8977 115.126 3.23464
      vertex 26.6318 115.31 2.88887
      vertex 26.5291 115.463 3.23464
    endloop
  endfacet
  facet normal 0.365351 -0.682666 0.632839
    outer loop
      vertex 25.9684 114.955 2.88887
      vertex 26.0636 114.725 2.5858
      vertex 26.7699 115.103 2.5858
    endloop
  endfacet
  facet normal 0.365341 -0.682724 0.632783
    outer loop
      vertex 25.9684 114.955 2.88887
      vertex 26.7699 115.103 2.5858
      vertex 26.6318 115.31 2.88887
    endloop
  endfacet
  facet normal 0.300185 -0.561036 0.771445
    outer loop
      vertex 26.0636 114.725 2.5858
      vertex 26.1795 114.445 2.33707
      vertex 26.9383 114.851 2.33707
    endloop
  endfacet
  facet normal 0.300192 -0.560915 0.771531
    outer loop
      vertex 26.0636 114.725 2.5858
      vertex 26.9383 114.851 2.33707
      vertex 26.7699 115.103 2.5858
    endloop
  endfacet
  facet normal 0.223027 -0.417729 0.880773
    outer loop
      vertex 26.1795 114.445 2.33707
      vertex 26.3119 114.126 2.15225
      vertex 27.1304 114.563 2.15225
    endloop
  endfacet
  facet normal 0.222998 -0.416776 0.881232
    outer loop
      vertex 26.1795 114.445 2.33707
      vertex 27.1304 114.563 2.15225
      vertex 26.9383 114.851 2.33707
    endloop
  endfacet
  facet normal 0.137288 -0.256979 0.956616
    outer loop
      vertex 26.3119 114.126 2.15225
      vertex 26.4554 113.779 2.03844
      vertex 27.3389 114.251 2.03844
    endloop
  endfacet
  facet normal 0.137306 -0.257173 0.956561
    outer loop
      vertex 26.3119 114.126 2.15225
      vertex 27.3389 114.251 2.03844
      vertex 27.1304 114.563 2.15225
    endloop
  endfacet
  facet normal 0.0464685 -0.0869729 0.995126
    outer loop
      vertex 26.4554 113.779 2.03844
      vertex 26.6048 113.419 2
      vertex 27.5556 113.927 2
    endloop
  endfacet
  facet normal 0.0464699 -0.0869833 0.995125
    outer loop
      vertex 26.4554 113.779 2.03844
      vertex 27.5556 113.927 2
      vertex 27.3389 114.251 2.03844
    endloop
  endfacet
  facet normal 0.631316 -0.769344 0.0977245
    outer loop
      vertex 26.4445 115.59 4
      vertex 26.4659 115.558 3.60983
      vertex 27.0021 115.998 3.60983
    endloop
  endfacet
  facet normal 0.631136 -0.769551 0.0972519
    outer loop
      vertex 26.4445 115.59 4
      vertex 27.0021 115.998 3.60983
      vertex 26.9749 116.025 4
    endloop
  endfacet
  facet normal 0.607072 -0.739986 0.289628
    outer loop
      vertex 26.4659 115.558 3.60983
      vertex 26.5291 115.463 3.23464
      vertex 27.0825 115.917 3.23464
    endloop
  endfacet
  facet normal 0.607124 -0.739864 0.289831
    outer loop
      vertex 26.4659 115.558 3.60983
      vertex 27.0825 115.917 3.23464
      vertex 27.0021 115.998 3.60983
    endloop
  endfacet
  facet normal 0.56032 -0.682957 0.468627
    outer loop
      vertex 26.5291 115.463 3.23464
      vertex 26.6318 115.31 2.88887
      vertex 27.2132 115.787 2.88887
    endloop
  endfacet
  facet normal 0.560315 -0.682991 0.468583
    outer loop
      vertex 26.5291 115.463 3.23464
      vertex 27.2132 115.787 2.88887
      vertex 27.0825 115.917 3.23464
    endloop
  endfacet
  facet normal 0.491168 -0.598684 0.632718
    outer loop
      vertex 26.6318 115.31 2.88887
      vertex 26.7699 115.103 2.5858
      vertex 27.3891 115.611 2.5858
    endloop
  endfacet
  facet normal 0.491168 -0.598669 0.632732
    outer loop
      vertex 26.6318 115.31 2.88887
      vertex 27.3891 115.611 2.5858
      vertex 27.2132 115.787 2.88887
    endloop
  endfacet
  facet normal 0.403683 -0.491739 0.771513
    outer loop
      vertex 26.7699 115.103 2.5858
      vertex 26.9383 114.851 2.33707
      vertex 27.6034 115.397 2.33707
    endloop
  endfacet
  facet normal 0.403735 -0.492112 0.771248
    outer loop
      vertex 26.7699 115.103 2.5858
      vertex 27.6034 115.397 2.33707
      vertex 27.3891 115.611 2.5858
    endloop
  endfacet
  facet normal 0.299967 -0.365409 0.88119
    outer loop
      vertex 26.9383 114.851 2.33707
      vertex 27.1304 114.563 2.15225
      vertex 27.8479 115.152 2.15225
    endloop
  endfacet
  facet normal 0.299963 -0.365395 0.881197
    outer loop
      vertex 26.9383 114.851 2.33707
      vertex 27.8479 115.152 2.15225
      vertex 27.6034 115.397 2.33707
    endloop
  endfacet
  facet normal 0.185038 -0.225275 0.956563
    outer loop
      vertex 27.1304 114.563 2.15225
      vertex 27.3389 114.251 2.03844
      vertex 28.1132 114.887 2.03844
    endloop
  endfacet
  facet normal 0.185099 -0.225482 0.956502
    outer loop
      vertex 27.1304 114.563 2.15225
      vertex 28.1132 114.887 2.03844
      vertex 27.8479 115.152 2.15225
    endloop
  endfacet
  facet normal 0.0625538 -0.0762261 0.995126
    outer loop
      vertex 27.3389 114.251 2.03844
      vertex 27.5556 113.927 2
      vertex 28.3891 114.611 2
    endloop
  endfacet
  facet normal 0.0625136 -0.0761073 0.995138
    outer loop
      vertex 27.3389 114.251 2.03844
      vertex 28.3891 114.611 2
      vertex 28.1132 114.887 2.03844
    endloop
  endfacet
  facet normal 0.769259 -0.631481 0.0973264
    outer loop
      vertex 26.9749 116.025 4
      vertex 27.0021 115.998 3.60983
      vertex 27.4421 116.534 3.60983
    endloop
  endfacet
  facet normal 0.769649 -0.630793 0.0986909
    outer loop
      vertex 26.9749 116.025 4
      vertex 27.4421 116.534 3.60983
      vertex 27.4101 116.556 4
    endloop
  endfacet
  facet normal 0.740178 -0.606839 0.289625
    outer loop
      vertex 27.0021 115.998 3.60983
      vertex 27.0825 115.917 3.23464
      vertex 27.5367 116.471 3.23464
    endloop
  endfacet
  facet normal 0.74004 -0.607495 0.2886
    outer loop
      vertex 27.0021 115.998 3.60983
      vertex 27.5367 116.471 3.23464
      vertex 27.4421 116.534 3.60983
    endloop
  endfacet
  facet normal 0.682582 -0.560634 0.468797
    outer loop
      vertex 27.0825 115.917 3.23464
      vertex 27.2132 115.787 2.88887
      vertex 27.6904 116.368 2.88887
    endloop
  endfacet
  facet normal 0.682546 -0.559589 0.470096
    outer loop
      vertex 27.0825 115.917 3.23464
      vertex 27.6904 116.368 2.88887
      vertex 27.5367 116.471 3.23464
    endloop
  endfacet
  facet normal 0.598557 -0.49132 0.63272
    outer loop
      vertex 27.2132 115.787 2.88887
      vertex 27.3891 115.611 2.5858
      vertex 27.8972 116.23 2.5858
    endloop
  endfacet
  facet normal 0.598635 -0.491684 0.632363
    outer loop
      vertex 27.2132 115.787 2.88887
      vertex 27.8972 116.23 2.5858
      vertex 27.6904 116.368 2.88887
    endloop
  endfacet
  facet normal 0.491984 -0.403797 0.771297
    outer loop
      vertex 27.3891 115.611 2.5858
      vertex 27.6034 115.397 2.33707
      vertex 28.1492 116.062 2.33707
    endloop
  endfacet
  facet normal 0.492005 -0.403858 0.771252
    outer loop
      vertex 27.3891 115.611 2.5858
      vertex 28.1492 116.062 2.33707
      vertex 27.8972 116.23 2.5858
    endloop
  endfacet
  facet normal 0.365623 -0.299832 0.881147
    outer loop
      vertex 27.6034 115.397 2.33707
      vertex 27.8479 115.152 2.15225
      vertex 28.4367 115.87 2.15225
    endloop
  endfacet
  facet normal 0.365805 -0.300235 0.880934
    outer loop
      vertex 27.6034 115.397 2.33707
      vertex 28.4367 115.87 2.15225
      vertex 28.1492 116.062 2.33707
    endloop
  endfacet
  facet normal 0.22544 -0.1851 0.956512
    outer loop
      vertex 27.8479 115.152 2.15225
      vertex 28.1132 114.887 2.03844
      vertex 28.7487 115.661 2.03844
    endloop
  endfacet
  facet normal 0.225231 -0.184702 0.956638
    outer loop
      vertex 27.8479 115.152 2.15225
      vertex 28.7487 115.661 2.03844
      vertex 28.4367 115.87 2.15225
    endloop
  endfacet
  facet normal 0.0761208 -0.0625049 0.995138
    outer loop
      vertex 28.1132 114.887 2.03844
      vertex 28.3891 114.611 2
      vertex 29.0731 115.444 2
    endloop
  endfacet
  facet normal 0.076115 -0.062495 0.995139
    outer loop
      vertex 28.1132 114.887 2.03844
      vertex 29.0731 115.444 2
      vertex 28.7487 115.661 2.03844
    endloop
  endfacet
  facet normal 0.877711 -0.468973 0.0984293
    outer loop
      vertex 27.4101 116.556 4
      vertex 27.4421 116.534 3.60983
      vertex 27.7691 117.146 3.60983
    endloop
  endfacet
  facet normal 0.877613 -0.469269 0.0978914
    outer loop
      vertex 27.4101 116.556 4
      vertex 27.7691 117.146 3.60983
      vertex 27.7336 117.161 4
    endloop
  endfacet
  facet normal 0.844247 -0.451558 0.288691
    outer loop
      vertex 27.4421 116.534 3.60983
      vertex 27.5367 116.471 3.23464
      vertex 27.8742 117.102 3.23464
    endloop
  endfacet
  facet normal 0.844252 -0.451096 0.289398
    outer loop
      vertex 27.4421 116.534 3.60983
      vertex 27.8742 117.102 3.23464
      vertex 27.7691 117.146 3.60983
    endloop
  endfacet
  facet normal 0.778611 -0.415807 0.469967
    outer loop
      vertex 27.5367 116.471 3.23464
      vertex 27.6904 116.368 2.88887
      vertex 28.045 117.032 2.88887
    endloop
  endfacet
  facet normal 0.778785 -0.416545 0.469025
    outer loop
      vertex 27.5367 116.471 3.23464
      vertex 28.045 117.032 2.88887
      vertex 27.8742 117.102 3.23464
    endloop
  endfacet
  facet normal 0.683056 -0.365328 0.632432
    outer loop
      vertex 27.6904 116.368 2.88887
      vertex 27.8972 116.23 2.5858
      vertex 28.2748 116.936 2.5858
    endloop
  endfacet
  facet normal 0.682746 -0.364611 0.63318
    outer loop
      vertex 27.6904 116.368 2.88887
      vertex 28.2748 116.936 2.5858
      vertex 28.045 117.032 2.88887
    endloop
  endfacet
  facet normal 0.561147 -0.300265 0.771333
    outer loop
      vertex 27.8972 116.23 2.5858
      vertex 28.1492 116.062 2.33707
      vertex 28.5548 116.82 2.33707
    endloop
  endfacet
  facet normal 0.561028 -0.300062 0.771499
    outer loop
      vertex 27.8972 116.23 2.5858
      vertex 28.5548 116.82 2.33707
      vertex 28.2748 116.936 2.5858
    endloop
  endfacet
  facet normal 0.417277 -0.223177 0.880949
    outer loop
      vertex 28.1492 116.062 2.33707
      vertex 28.4367 115.87 2.15225
      vertex 28.8742 116.688 2.15225
    endloop
  endfacet
  facet normal 0.417398 -0.223346 0.880849
    outer loop
      vertex 28.1492 116.062 2.33707
      vertex 28.8742 116.688 2.15225
      vertex 28.5548 116.82 2.33707
    endloop
  endfacet
  facet normal 0.256992 -0.137276 0.956614
    outer loop
      vertex 28.4367 115.87 2.15225
      vertex 28.7487 115.661 2.03844
      vertex 29.2209 116.545 2.03844
    endloop
  endfacet
  facet normal 0.257241 -0.137583 0.956503
    outer loop
      vertex 28.4367 115.87 2.15225
      vertex 29.2209 116.545 2.03844
      vertex 28.8742 116.688 2.15225
    endloop
  endfacet
  facet normal 0.0868675 -0.0464207 0.995138
    outer loop
      vertex 28.7487 115.661 2.03844
      vertex 29.0731 115.444 2
      vertex 29.5813 116.395 2
    endloop
  endfacet
  facet normal 0.0868357 -0.0463844 0.995142
    outer loop
      vertex 28.7487 115.661 2.03844
      vertex 29.5813 116.395 2
      vertex 29.2209 116.545 2.03844
    endloop
  endfacet
  facet normal 0.952406 -0.288734 0.0977559
    outer loop
      vertex 27.7336 117.161 4
      vertex 27.7691 117.146 3.60983
      vertex 27.9704 117.81 3.60983
    endloop
  endfacet
  facet normal 0.952366 -0.289049 0.0972078
    outer loop
      vertex 27.7336 117.161 4
      vertex 27.9704 117.81 3.60983
      vertex 27.9327 117.817 4
    endloop
  endfacet
  facet normal 0.916009 -0.278012 0.2892
    outer loop
      vertex 27.7691 117.146 3.60983
      vertex 27.8742 117.102 3.23464
      vertex 28.0821 117.787 3.23464
    endloop
  endfacet
  facet normal 0.915947 -0.277681 0.289714
    outer loop
      vertex 27.7691 117.146 3.60983
      vertex 28.0821 117.787 3.23464
      vertex 27.9704 117.81 3.60983
    endloop
  endfacet
  facet normal 0.844945 -0.256539 0.469313
    outer loop
      vertex 27.8742 117.102 3.23464
      vertex 28.045 117.032 2.88887
      vertex 28.2633 117.751 2.88887
    endloop
  endfacet
  facet normal 0.844895 -0.256429 0.469464
    outer loop
      vertex 27.8742 117.102 3.23464
      vertex 28.2633 117.751 2.88887
      vertex 28.0821 117.787 3.23464
    endloop
  endfacet
  facet normal 0.740914 -0.224593 0.632933
    outer loop
      vertex 28.045 117.032 2.88887
      vertex 28.2748 116.936 2.5858
      vertex 28.5073 117.703 2.5858
    endloop
  endfacet
  facet normal 0.741229 -0.225049 0.632402
    outer loop
      vertex 28.045 117.032 2.88887
      vertex 28.5073 117.703 2.5858
      vertex 28.2633 117.751 2.88887
    endloop
  endfacet
  facet normal 0.608893 -0.184515 0.771494
    outer loop
      vertex 28.2748 116.936 2.5858
      vertex 28.5548 116.82 2.33707
      vertex 28.8045 117.644 2.33707
    endloop
  endfacet
  facet normal 0.608964 -0.184595 0.771419
    outer loop
      vertex 28.2748 116.936 2.5858
      vertex 28.8045 117.644 2.33707
      vertex 28.5073 117.703 2.5858
    endloop
  endfacet
  facet normal 0.452918 -0.137457 0.880892
    outer loop
      vertex 28.5548 116.82 2.33707
      vertex 28.8742 116.688 2.15225
      vertex 29.1437 117.576 2.15225
    endloop
  endfacet
  facet normal 0.452594 -0.137151 0.881106
    outer loop
      vertex 28.5548 116.82 2.33707
      vertex 29.1437 117.576 2.15225
      vertex 28.8045 117.644 2.33707
    endloop
  endfacet
  facet normal 0.279069 -0.0846819 0.95653
    outer loop
      vertex 28.8742 116.688 2.15225
      vertex 29.2209 116.545 2.03844
      vertex 29.5116 117.503 2.03844
    endloop
  endfacet
  facet normal 0.279093 -0.0847023 0.956521
    outer loop
      vertex 28.8742 116.688 2.15225
      vertex 29.5116 117.503 2.03844
      vertex 29.1437 117.576 2.15225
    endloop
  endfacet
  facet normal 0.0942441 -0.0285837 0.995139
    outer loop
      vertex 29.2209 116.545 2.03844
      vertex 29.5813 116.395 2
      vertex 29.8943 117.427 2
    endloop
  endfacet
  facet normal 0.0942745 -0.0286071 0.995135
    outer loop
      vertex 29.2209 116.545 2.03844
      vertex 29.8943 117.427 2
      vertex 29.5116 117.503 2.03844
    endloop
  endfacet
  facet normal 0.990442 -0.0976088 0.0974522
    outer loop
      vertex 27.9327 117.817 4
      vertex 27.9704 117.81 3.60983
      vertex 28.0384 118.5 3.60983
    endloop
  endfacet
  facet normal 0.990441 -0.097594 0.0974779
    outer loop
      vertex 27.9327 117.817 4
      vertex 28.0384 118.5 3.60983
      vertex 28 118.5 4
    endloop
  endfacet
  facet normal 0.952615 -0.0937918 0.289358
    outer loop
      vertex 27.9704 117.81 3.60983
      vertex 28.0821 117.787 3.23464
      vertex 28.1523 118.5 3.23464
    endloop
  endfacet
  facet normal 0.952652 -0.0938845 0.289206
    outer loop
      vertex 27.9704 117.81 3.60983
      vertex 28.1523 118.5 3.23464
      vertex 28.0384 118.5 3.60983
    endloop
  endfacet
  facet normal 0.878684 -0.086578 0.469487
    outer loop
      vertex 28.0821 117.787 3.23464
      vertex 28.2633 117.751 2.88887
      vertex 28.3371 118.5 2.88887
    endloop
  endfacet
  facet normal 0.878634 -0.0865079 0.469594
    outer loop
      vertex 28.0821 117.787 3.23464
      vertex 28.3371 118.5 2.88887
      vertex 28.1523 118.5 3.23464
    endloop
  endfacet
  facet normal 0.770774 -0.0759169 0.63257
    outer loop
      vertex 28.2633 117.751 2.88887
      vertex 28.5073 117.703 2.5858
      vertex 28.5858 118.5 2.5858
    endloop
  endfacet
  facet normal 0.770807 -0.0759486 0.632526
    outer loop
      vertex 28.2633 117.751 2.88887
      vertex 28.5858 118.5 2.5858
      vertex 28.3371 118.5 2.88887
    endloop
  endfacet
  facet normal 0.633232 -0.0624355 0.77144
    outer loop
      vertex 28.5073 117.703 2.5858
      vertex 28.8045 117.644 2.33707
      vertex 28.8889 118.5 2.33707
    endloop
  endfacet
  facet normal 0.633132 -0.0623599 0.771528
    outer loop
      vertex 28.5073 117.703 2.5858
      vertex 28.8889 118.5 2.33707
      vertex 28.5858 118.5 2.5858
    endloop
  endfacet
  facet normal 0.470768 -0.0463126 0.88104
    outer loop
      vertex 28.8045 117.644 2.33707
      vertex 29.1437 117.576 2.15225
      vertex 29.2346 118.5 2.15225
    endloop
  endfacet
  facet normal 0.470967 -0.0464364 0.880928
    outer loop
      vertex 28.8045 117.644 2.33707
      vertex 29.2346 118.5 2.15225
      vertex 28.8889 118.5 2.33707
    endloop
  endfacet
  facet normal 0.290231 -0.0285864 0.95653
    outer loop
      vertex 29.1437 117.576 2.15225
      vertex 29.5116 117.503 2.03844
      vertex 29.6098 118.5 2.03844
    endloop
  endfacet
  facet normal 0.290153 -0.0285443 0.956554
    outer loop
      vertex 29.1437 117.576 2.15225
      vertex 29.6098 118.5 2.03844
      vertex 29.2346 118.5 2.15225
    endloop
  endfacet
  facet normal 0.0980377 -0.00965759 0.995136
    outer loop
      vertex 29.5116 117.503 2.03844
      vertex 29.8943 117.427 2
      vertex 30 118.5 2
    endloop
  endfacet
  facet normal 0.0980344 -0.00965595 0.995136
    outer loop
      vertex 29.5116 117.503 2.03844
      vertex 30 118.5 2
      vertex 29.6098 118.5 2.03844
    endloop
  endfacet
  facet normal -0.956734 0.290965 0
    outer loop
      vertex 25.9122 118.013 2.61852
      vertex 25.9712 118.207 10.8
      vertex 25.9712 118.207 2.61853
    endloop
  endfacet
  facet normal -0.956913 0.290374 0
    outer loop
      vertex 25.8858 117.926 10.8
      vertex 25.9122 118.013 2.61852
      vertex 25.8858 117.926 2.61852
    endloop
  endfacet
  facet normal -0.956789 0.290782 4.74442e-06
    outer loop
      vertex 25.9122 118.013 2.61852
      vertex 25.8858 117.926 10.8
      vertex 25.9712 118.207 10.8
    endloop
  endfacet
  facet normal -0.995182 0.0980403 0
    outer loop
      vertex 25.9801 118.298 2.61853
      vertex 26 118.5 10.8
      vertex 26 118.5 2.61854
    endloop
  endfacet
  facet normal -0.995251 0.0973378 0
    outer loop
      vertex 25.9712 118.207 10.8
      vertex 25.9801 118.298 2.61853
      vertex 25.9712 118.207 2.61853
    endloop
  endfacet
  facet normal -0.995204 0.0978221 5.43857e-06
    outer loop
      vertex 25.9801 118.298 2.61853
      vertex 25.9712 118.207 10.8
      vertex 26 118.5 10.8
    endloop
  endfacet
  facet normal -0.472316 0.881429 0
    outer loop
      vertex 25.3334 117.253 2.61853
      vertex 25.074 117.114 10.8
      vertex 25.3334 117.253 10.8
    endloop
  endfacet
  facet normal -0.471812 0.881699 2.05443e-05
    outer loop
      vertex 25.3334 117.253 2.61853
      vertex 25.154 117.157 2.61852
      vertex 25.074 117.114 10.8
    endloop
  endfacet
  facet normal -0.473443 0.880824 0
    outer loop
      vertex 25.154 117.157 2.61852
      vertex 25.074 117.114 2.61852
      vertex 25.074 117.114 10.8
    endloop
  endfacet
  facet normal -0.0983834 -0.995149 0
    outer loop
      vertex 24.7023 119.98 2.61853
      vertex 24.5 120 10.8
      vertex 24.5 120 2.61854
    endloop
  endfacet
  facet normal -0.0986282 -0.995124 -6.11067e-06
    outer loop
      vertex 24.5 120 10.8
      vertex 24.7023 119.98 2.61853
      vertex 24.7926 119.971 10.8
    endloop
  endfacet
  facet normal -0.0991764 -0.99507 -0
    outer loop
      vertex 24.7926 119.971 10.8
      vertex 24.7023 119.98 2.61853
      vertex 24.7926 119.971 2.61853
    endloop
  endfacet
  facet normal 0.955971 0.293461 0
    outer loop
      vertex 23.0288 118.207 10.8
      vertex 23.0552 118.121 2.61853
      vertex 23.0288 118.207 2.61853
    endloop
  endfacet
  facet normal 0.956789 0.290782 3.07971e-05
    outer loop
      vertex 23.1142 117.926 10.8
      vertex 23.0552 118.121 2.61853
      vertex 23.0288 118.207 10.8
    endloop
  endfacet
  facet normal 0.957148 0.289599 0
    outer loop
      vertex 23.0552 118.121 2.61853
      vertex 23.1142 117.926 10.8
      vertex 23.1142 117.926 2.61852
    endloop
  endfacet
  facet normal 0.995251 -0.0973378 0
    outer loop
      vertex 23.0288 118.793 10.8
      vertex 23.0199 118.702 2.61853
      vertex 23.0288 118.793 2.61853
    endloop
  endfacet
  facet normal 0.995204 -0.0978221 5.43857e-06
    outer loop
      vertex 23 118.5 10.8
      vertex 23.0199 118.702 2.61853
      vertex 23.0288 118.793 10.8
    endloop
  endfacet
  facet normal 0.995182 -0.0980403 0
    outer loop
      vertex 23.0199 118.702 2.61853
      vertex 23 118.5 10.8
      vertex 23 118.5 2.61854
    endloop
  endfacet
  facet normal -0.290144 -0.956983 0
    outer loop
      vertex 24.9872 119.912 2.61852
      vertex 24.7926 119.971 10.8
      vertex 24.7926 119.971 2.61853
    endloop
  endfacet
  facet normal -0.289158 -0.957282 2.56132e-05
    outer loop
      vertex 24.7926 119.971 10.8
      vertex 24.9872 119.912 2.61852
      vertex 25.074 119.886 10.8
    endloop
  endfacet
  facet normal -0.286943 -0.957948 -0
    outer loop
      vertex 25.074 119.886 10.8
      vertex 24.9872 119.912 2.61852
      vertex 25.074 119.886 2.61852
    endloop
  endfacet
  facet normal -0.881465 -0.472249 0
    outer loop
      vertex 25.7472 119.333 2.61853
      vertex 25.8431 119.154 2.61852
      vertex 25.7472 119.333 10.8
    endloop
  endfacet
  facet normal -0.8822 -0.470874 -0
    outer loop
      vertex 25.8858 119.074 10.8
      vertex 25.8431 119.154 2.61852
      vertex 25.8858 119.074 2.61852
    endloop
  endfacet
  facet normal -0.881692 -0.471825 -1.19417e-05
    outer loop
      vertex 25.8431 119.154 2.61852
      vertex 25.8858 119.074 10.8
      vertex 25.7472 119.333 10.8
    endloop
  endfacet
  facet normal -0.633293 -0.773912 4.20738e-05
    outer loop
      vertex 25.3334 119.747 10.8
      vertex 25.4905 119.618 2.61853
      vertex 25.5607 119.561 10.8
    endloop
  endfacet
  facet normal -0.634603 -0.772838 0
    outer loop
      vertex 25.4905 119.618 2.61853
      vertex 25.3334 119.747 10.8
      vertex 25.3334 119.747 2.61853
    endloop
  endfacet
  facet normal -0.630343 -0.776317 -0
    outer loop
      vertex 25.5607 119.561 10.8
      vertex 25.4905 119.618 2.61853
      vertex 25.5607 119.561 2.61853
    endloop
  endfacet
  facet normal 0.881742 -0.471732 0
    outer loop
      vertex 23.21 119.253 2.61853
      vertex 23.2528 119.333 2.61853
      vertex 23.2528 119.333 10.8
    endloop
  endfacet
  facet normal 0.88167 -0.471866 1.6857e-06
    outer loop
      vertex 23.1142 119.074 2.61852
      vertex 23.21 119.253 2.61853
      vertex 23.2528 119.333 10.8
    endloop
  endfacet
  facet normal 0.881692 -0.471825 0
    outer loop
      vertex 23.1142 119.074 2.61852
      vertex 23.2528 119.333 10.8
      vertex 23.1142 119.074 10.8
    endloop
  endfacet
  facet normal 0.956913 -0.290374 0
    outer loop
      vertex 23.1142 119.074 10.8
      vertex 23.0878 118.987 2.61852
      vertex 23.1142 119.074 2.61852
    endloop
  endfacet
  facet normal 0.956789 -0.290782 4.74442e-06
    outer loop
      vertex 23.0288 118.793 10.8
      vertex 23.0878 118.987 2.61852
      vertex 23.1142 119.074 10.8
    endloop
  endfacet
  facet normal 0.956734 -0.290965 0
    outer loop
      vertex 23.0878 118.987 2.61852
      vertex 23.0288 118.793 10.8
      vertex 23.0288 118.793 2.61853
    endloop
  endfacet
  facet normal -0.633293 0.773912 -3.43332e-05
    outer loop
      vertex 25.4035 117.31 2.61853
      vertex 25.3334 117.253 10.8
      vertex 25.5607 117.439 10.8
    endloop
  endfacet
  facet normal -0.634362 0.773036 0
    outer loop
      vertex 25.4035 117.31 2.61853
      vertex 25.5607 117.439 10.8
      vertex 25.5607 117.439 2.61853
    endloop
  endfacet
  facet normal -0.630884 0.775877 0
    outer loop
      vertex 25.3334 117.253 10.8
      vertex 25.4035 117.31 2.61853
      vertex 25.3334 117.253 2.61853
    endloop
  endfacet
  facet normal -0.472316 -0.881429 -8.43106e-06
    outer loop
      vertex 25.2533 119.79 2.61853
      vertex 25.3334 119.747 10.8
      vertex 25.074 119.886 10.8
    endloop
  endfacet
  facet normal -0.472984 -0.881071 -0
    outer loop
      vertex 25.3334 119.747 10.8
      vertex 25.2533 119.79 2.61853
      vertex 25.3334 119.747 2.61853
    endloop
  endfacet
  facet normal -0.472017 -0.88159 0
    outer loop
      vertex 25.074 119.886 2.61852
      vertex 25.2533 119.79 2.61853
      vertex 25.074 119.886 10.8
    endloop
  endfacet
  facet normal 0.772726 -0.634739 0
    outer loop
      vertex 23.4393 119.561 10.8
      vertex 23.3818 119.491 2.61853
      vertex 23.4393 119.561 2.61853
    endloop
  endfacet
  facet normal 0.774033 -0.633145 -2.28221e-05
    outer loop
      vertex 23.2528 119.333 10.8
      vertex 23.3818 119.491 2.61853
      vertex 23.4393 119.561 10.8
    endloop
  endfacet
  facet normal 0.774612 -0.632437 0
    outer loop
      vertex 23.3818 119.491 2.61853
      vertex 23.2528 119.333 10.8
      vertex 23.2528 119.333 2.61853
    endloop
  endfacet
  facet normal 0.633293 -0.773912 -3.43332e-05
    outer loop
      vertex 23.5965 119.69 2.61853
      vertex 23.6666 119.747 10.8
      vertex 23.4393 119.561 10.8
    endloop
  endfacet
  facet normal 0.634362 -0.773036 0
    outer loop
      vertex 23.5965 119.69 2.61853
      vertex 23.4393 119.561 10.8
      vertex 23.4393 119.561 2.61853
    endloop
  endfacet
  facet normal 0.630884 -0.775877 0
    outer loop
      vertex 23.6666 119.747 10.8
      vertex 23.5965 119.69 2.61853
      vertex 23.6666 119.747 2.61853
    endloop
  endfacet
  facet normal -0.774852 -0.632142 0
    outer loop
      vertex 25.6896 119.403 2.61853
      vertex 25.5607 119.561 10.8
      vertex 25.5607 119.561 2.61853
    endloop
  endfacet
  facet normal -0.772185 -0.635398 -0
    outer loop
      vertex 25.7472 119.333 10.8
      vertex 25.6896 119.403 2.61853
      vertex 25.7472 119.333 2.61853
    endloop
  endfacet
  facet normal -0.774033 -0.633145 3.22829e-05
    outer loop
      vertex 25.6896 119.403 2.61853
      vertex 25.7472 119.333 10.8
      vertex 25.5607 119.561 10.8
    endloop
  endfacet
  facet normal 0.995146 0.0984089 0
    outer loop
      vertex 23 118.5 10.8
      vertex 23.0089 118.41 2.61853
      vertex 23 118.5 2.61854
    endloop
  endfacet
  facet normal 0.995204 0.0978221 6.51798e-06
    outer loop
      vertex 23.0288 118.207 10.8
      vertex 23.0089 118.41 2.61853
      vertex 23 118.5 10.8
    endloop
  endfacet
  facet normal 0.995229 0.0975619 0
    outer loop
      vertex 23.0089 118.41 2.61853
      vertex 23.0288 118.207 10.8
      vertex 23.0288 118.207 2.61853
    endloop
  endfacet
  facet normal 0.8822 0.470874 0
    outer loop
      vertex 23.1569 117.846 2.61852
      vertex 23.1142 117.926 2.61852
      vertex 23.1142 117.926 10.8
    endloop
  endfacet
  facet normal 0.881465 0.472249 -1.72744e-05
    outer loop
      vertex 23.2528 117.667 2.61853
      vertex 23.1569 117.846 2.61852
      vertex 23.1142 117.926 10.8
    endloop
  endfacet
  facet normal 0.881692 0.471825 -0
    outer loop
      vertex 23.2528 117.667 2.61853
      vertex 23.1142 117.926 10.8
      vertex 23.2528 117.667 10.8
    endloop
  endfacet
  facet normal 0.472316 -0.881429 0
    outer loop
      vertex 23.6666 119.747 2.61853
      vertex 23.926 119.886 10.8
      vertex 23.6666 119.747 10.8
    endloop
  endfacet
  facet normal 0.471812 -0.881699 2.05443e-05
    outer loop
      vertex 23.6666 119.747 2.61853
      vertex 23.846 119.843 2.61852
      vertex 23.926 119.886 10.8
    endloop
  endfacet
  facet normal 0.473443 -0.880824 0
    outer loop
      vertex 23.846 119.843 2.61852
      vertex 23.926 119.886 2.61852
      vertex 23.926 119.886 10.8
    endloop
  endfacet
  facet normal 0.472316 0.881429 -8.43106e-06
    outer loop
      vertex 23.7467 117.21 2.61853
      vertex 23.6666 117.253 10.8
      vertex 23.926 117.114 10.8
    endloop
  endfacet
  facet normal 0.472984 0.881071 0
    outer loop
      vertex 23.6666 117.253 10.8
      vertex 23.7467 117.21 2.61853
      vertex 23.6666 117.253 2.61853
    endloop
  endfacet
  facet normal 0.472017 0.88159 -0
    outer loop
      vertex 23.926 117.114 2.61852
      vertex 23.7467 117.21 2.61853
      vertex 23.926 117.114 10.8
    endloop
  endfacet
  facet normal 0.289158 -0.957282 -2.56133e-05
    outer loop
      vertex 23.926 119.886 10.8
      vertex 24.1206 119.945 2.61853
      vertex 24.2074 119.971 10.8
    endloop
  endfacet
  facet normal 0.290144 -0.956983 0
    outer loop
      vertex 24.1206 119.945 2.61853
      vertex 23.926 119.886 10.8
      vertex 23.926 119.886 2.61852
    endloop
  endfacet
  facet normal 0.286943 -0.957948 0
    outer loop
      vertex 24.2074 119.971 10.8
      vertex 24.1206 119.945 2.61853
      vertex 24.2074 119.971 2.61853
    endloop
  endfacet
  facet normal -0.0986282 0.995124 6.11067e-06
    outer loop
      vertex 24.5903 117.009 2.61853
      vertex 24.5 117 10.8
      vertex 24.7926 117.029 10.8
    endloop
  endfacet
  facet normal -0.0991764 0.99507 0
    outer loop
      vertex 24.5 117 10.8
      vertex 24.5903 117.009 2.61853
      vertex 24.5 117 2.61854
    endloop
  endfacet
  facet normal -0.0983834 0.995149 0
    outer loop
      vertex 24.5903 117.009 2.61853
      vertex 24.7926 117.029 10.8
      vertex 24.7926 117.029 2.61853
    endloop
  endfacet
  facet normal -0.957148 -0.289599 0
    outer loop
      vertex 25.9448 118.879 2.61853
      vertex 25.8858 119.074 10.8
      vertex 25.8858 119.074 2.61852
    endloop
  endfacet
  facet normal -0.955971 -0.293461 -0
    outer loop
      vertex 25.9712 118.793 10.8
      vertex 25.9448 118.879 2.61853
      vertex 25.9712 118.793 2.61853
    endloop
  endfacet
  facet normal -0.956789 -0.290782 3.07971e-05
    outer loop
      vertex 25.9448 118.879 2.61853
      vertex 25.9712 118.793 10.8
      vertex 25.8858 119.074 10.8
    endloop
  endfacet
  facet normal -0.289158 0.957282 -2.56133e-05
    outer loop
      vertex 25.074 117.114 10.8
      vertex 24.8794 117.055 2.61853
      vertex 24.7926 117.029 10.8
    endloop
  endfacet
  facet normal -0.290144 0.956983 0
    outer loop
      vertex 24.8794 117.055 2.61853
      vertex 25.074 117.114 10.8
      vertex 25.074 117.114 2.61852
    endloop
  endfacet
  facet normal -0.286943 0.957948 0
    outer loop
      vertex 24.7926 117.029 10.8
      vertex 24.8794 117.055 2.61853
      vertex 24.7926 117.029 2.61853
    endloop
  endfacet
  facet normal -0.995229 -0.0975619 0
    outer loop
      vertex 25.9911 118.59 2.61853
      vertex 25.9712 118.793 10.8
      vertex 25.9712 118.793 2.61853
    endloop
  endfacet
  facet normal -0.995146 -0.0984089 -0
    outer loop
      vertex 26 118.5 10.8
      vertex 25.9911 118.59 2.61853
      vertex 26 118.5 2.61854
    endloop
  endfacet
  facet normal -0.995204 -0.0978221 6.51798e-06
    outer loop
      vertex 25.9911 118.59 2.61853
      vertex 26 118.5 10.8
      vertex 25.9712 118.793 10.8
    endloop
  endfacet
  facet normal 0 0 1
    outer loop
      vertex 25.4221 118.527 1.99
      vertex 25.4096 118.346 1.99
      vertex 25.4247 118.5 1.99
    endloop
  endfacet
  facet normal 0 0 1
    outer loop
      vertex 25.3992 118.706 1.99
      vertex 25.4221 118.527 1.99
      vertex 25.4069 118.68 1.99
    endloop
  endfacet
  facet normal 0 0 1
    outer loop
      vertex 25.4221 118.527 1.99
      vertex 25.3992 118.706 1.99
      vertex 25.4096 118.346 1.99
    endloop
  endfacet
  facet normal 0 0 1
    outer loop
      vertex 25.3621 118.172 1.99
      vertex 25.4096 118.346 1.99
      vertex 25.3992 118.706 1.99
    endloop
  endfacet
  facet normal 0 0 1
    outer loop
      vertex 25.4096 118.346 1.99
      vertex 25.3621 118.172 1.99
      vertex 25.4069 118.32 1.99
    endloop
  endfacet
  facet normal 0 0 1
    outer loop
      vertex 25.3417 118.878 1.99
      vertex 25.3992 118.706 1.99
      vertex 25.3543 118.854 1.99
    endloop
  endfacet
  facet normal 0 0 1
    outer loop
      vertex 25.3992 118.706 1.99
      vertex 25.3417 118.878 1.99
      vertex 25.3621 118.172 1.99
    endloop
  endfacet
  facet normal 0 0 1
    outer loop
      vertex 25.2815 118.01 1.99
      vertex 25.3621 118.172 1.99
      vertex 25.3417 118.878 1.99
    endloop
  endfacet
  facet normal 0 0 1
    outer loop
      vertex 25.3621 118.172 1.99
      vertex 25.2815 118.01 1.99
      vertex 25.3543 118.146 1.99
    endloop
  endfacet
  facet normal 0 0 1
    outer loop
      vertex 25.2518 119.034 1.99
      vertex 25.3417 118.878 1.99
      vertex 25.2689 119.014 1.99
    endloop
  endfacet
  facet normal 0 0 1
    outer loop
      vertex 25.3417 118.878 1.99
      vertex 25.2518 119.034 1.99
      vertex 25.2815 118.01 1.99
    endloop
  endfacet
  facet normal 0 0 1
    outer loop
      vertex 25.1709 117.867 1.99
      vertex 25.2815 118.01 1.99
      vertex 25.2518 119.034 1.99
    endloop
  endfacet
  facet normal 0 0 1
    outer loop
      vertex 25.2815 118.01 1.99
      vertex 25.1709 117.867 1.99
      vertex 25.2689 117.986 1.99
    endloop
  endfacet
  facet normal 0 0 1
    outer loop
      vertex 25.1331 119.171 1.99
      vertex 25.2518 119.034 1.99
      vertex 25.1539 119.154 1.99
    endloop
  endfacet
  facet normal 0 0 1
    outer loop
      vertex 25.2518 119.034 1.99
      vertex 25.1331 119.171 1.99
      vertex 25.1709 117.867 1.99
    endloop
  endfacet
  facet normal 0 0 1
    outer loop
      vertex 25.0345 117.748 1.99
      vertex 25.1709 117.867 1.99
      vertex 25.1331 119.171 1.99
    endloop
  endfacet
  facet normal 0 0 1
    outer loop
      vertex 25.1709 117.867 1.99
      vertex 25.0345 117.748 1.99
      vertex 25.1539 117.846 1.99
    endloop
  endfacet
  facet normal 0 0 1
    outer loop
      vertex 24.9901 119.282 1.99
      vertex 25.1331 119.171 1.99
      vertex 25.0137 119.269 1.99
    endloop
  endfacet
  facet normal 0 0 1
    outer loop
      vertex 25.1331 119.171 1.99
      vertex 24.9901 119.282 1.99
      vertex 25.0345 117.748 1.99
    endloop
  endfacet
  facet normal 0 0 1
    outer loop
      vertex 24.8775 117.658 1.99
      vertex 25.0345 117.748 1.99
      vertex 24.9901 119.282 1.99
    endloop
  endfacet
  facet normal 0 0 1
    outer loop
      vertex 25.0345 117.748 1.99
      vertex 24.8775 117.658 1.99
      vertex 25.0137 117.731 1.99
    endloop
  endfacet
  facet normal 0 0 1
    outer loop
      vertex 24.8282 119.362 1.99
      vertex 24.9901 119.282 1.99
      vertex 24.8539 119.354 1.99
    endloop
  endfacet
  facet normal 0 0 1
    outer loop
      vertex 24.9901 119.282 1.99
      vertex 24.8282 119.362 1.99
      vertex 24.8775 117.658 1.99
    endloop
  endfacet
  facet normal 0 0 1
    outer loop
      vertex 24.7061 117.601 1.99
      vertex 24.8775 117.658 1.99
      vertex 24.8282 119.362 1.99
    endloop
  endfacet
  facet normal 0 0 1
    outer loop
      vertex 24.8775 117.658 1.99
      vertex 24.7061 117.601 1.99
      vertex 24.8539 117.646 1.99
    endloop
  endfacet
  facet normal 0 0 1
    outer loop
      vertex 24.6537 119.41 1.99
      vertex 24.8282 119.362 1.99
      vertex 24.6804 119.407 1.99
    endloop
  endfacet
  facet normal 0 0 1
    outer loop
      vertex 24.8282 119.362 1.99
      vertex 24.6537 119.41 1.99
      vertex 24.7061 117.601 1.99
    endloop
  endfacet
  facet normal 0 0 1
    outer loop
      vertex 24.5267 117.578 1.99
      vertex 24.7061 117.601 1.99
      vertex 24.6537 119.41 1.99
    endloop
  endfacet
  facet normal 0 0 1
    outer loop
      vertex 24.7061 117.601 1.99
      vertex 24.5267 117.578 1.99
      vertex 24.6804 117.593 1.99
    endloop
  endfacet
  facet normal -0 0 1
    outer loop
      vertex 24.4733 119.422 1.99
      vertex 24.6537 119.41 1.99
      vertex 24.5 119.425 1.99
    endloop
  endfacet
  facet normal 0 0 1
    outer loop
      vertex 24.6537 119.41 1.99
      vertex 24.4733 119.422 1.99
      vertex 24.5267 117.578 1.99
    endloop
  endfacet
  facet normal -0 0 1
    outer loop
      vertex 24.3463 117.59 1.99
      vertex 24.5267 117.578 1.99
      vertex 24.4733 119.422 1.99
    endloop
  endfacet
  facet normal 0 0 1
    outer loop
      vertex 24.5267 117.578 1.99
      vertex 24.3463 117.59 1.99
      vertex 24.5 117.575 1.99
    endloop
  endfacet
  facet normal 0 0 1
    outer loop
      vertex 24.2939 119.399 1.99
      vertex 24.4733 119.422 1.99
      vertex 24.3196 119.407 1.99
    endloop
  endfacet
  facet normal 0 0 1
    outer loop
      vertex 24.4733 119.422 1.99
      vertex 24.2939 119.399 1.99
      vertex 24.3463 117.59 1.99
    endloop
  endfacet
  facet normal -0 0 1
    outer loop
      vertex 24.1718 117.638 1.99
      vertex 24.3463 117.59 1.99
      vertex 24.2939 119.399 1.99
    endloop
  endfacet
  facet normal 0 0 1
    outer loop
      vertex 24.3463 117.59 1.99
      vertex 24.1718 117.638 1.99
      vertex 24.3196 117.593 1.99
    endloop
  endfacet
  facet normal 0 0 1
    outer loop
      vertex 24.1225 119.342 1.99
      vertex 24.2939 119.399 1.99
      vertex 24.1461 119.354 1.99
    endloop
  endfacet
  facet normal 0 0 1
    outer loop
      vertex 24.2939 119.399 1.99
      vertex 24.1225 119.342 1.99
      vertex 24.1718 117.638 1.99
    endloop
  endfacet
  facet normal -0 0 1
    outer loop
      vertex 24.0099 117.718 1.99
      vertex 24.1718 117.638 1.99
      vertex 24.1225 119.342 1.99
    endloop
  endfacet
  facet normal 0 0 1
    outer loop
      vertex 24.1718 117.638 1.99
      vertex 24.0099 117.718 1.99
      vertex 24.1461 117.646 1.99
    endloop
  endfacet
  facet normal 0 0 1
    outer loop
      vertex 23.9655 119.252 1.99
      vertex 24.1225 119.342 1.99
      vertex 23.9863 119.269 1.99
    endloop
  endfacet
  facet normal 0 0 1
    outer loop
      vertex 24.1225 119.342 1.99
      vertex 23.9655 119.252 1.99
      vertex 24.0099 117.718 1.99
    endloop
  endfacet
  facet normal -0 0 1
    outer loop
      vertex 23.8669 117.829 1.99
      vertex 24.0099 117.718 1.99
      vertex 23.9655 119.252 1.99
    endloop
  endfacet
  facet normal 0 0 1
    outer loop
      vertex 24.0099 117.718 1.99
      vertex 23.8669 117.829 1.99
      vertex 23.9863 117.731 1.99
    endloop
  endfacet
  facet normal 0 0 1
    outer loop
      vertex 23.8291 119.133 1.99
      vertex 23.9655 119.252 1.99
      vertex 23.8461 119.154 1.99
    endloop
  endfacet
  facet normal 0 0 1
    outer loop
      vertex 23.9655 119.252 1.99
      vertex 23.8291 119.133 1.99
      vertex 23.8669 117.829 1.99
    endloop
  endfacet
  facet normal -0 0 1
    outer loop
      vertex 23.7482 117.966 1.99
      vertex 23.8669 117.829 1.99
      vertex 23.8291 119.133 1.99
    endloop
  endfacet
  facet normal 0 0 1
    outer loop
      vertex 23.8669 117.829 1.99
      vertex 23.7482 117.966 1.99
      vertex 23.8461 117.846 1.99
    endloop
  endfacet
  facet normal 0 0 1
    outer loop
      vertex 23.7185 118.99 1.99
      vertex 23.8291 119.133 1.99
      vertex 23.7311 119.014 1.99
    endloop
  endfacet
  facet normal 0 0 1
    outer loop
      vertex 23.8291 119.133 1.99
      vertex 23.7185 118.99 1.99
      vertex 23.7482 117.966 1.99
    endloop
  endfacet
  facet normal -0 0 1
    outer loop
      vertex 23.6583 118.122 1.99
      vertex 23.7482 117.966 1.99
      vertex 23.7185 118.99 1.99
    endloop
  endfacet
  facet normal 0 0 1
    outer loop
      vertex 23.7482 117.966 1.99
      vertex 23.6583 118.122 1.99
      vertex 23.7311 117.986 1.99
    endloop
  endfacet
  facet normal 0 0 1
    outer loop
      vertex 23.6379 118.828 1.99
      vertex 23.7185 118.99 1.99
      vertex 23.6457 118.854 1.99
    endloop
  endfacet
  facet normal 0 0 1
    outer loop
      vertex 23.7185 118.99 1.99
      vertex 23.6379 118.828 1.99
      vertex 23.6583 118.122 1.99
    endloop
  endfacet
  facet normal -0 0 1
    outer loop
      vertex 23.6008 118.294 1.99
      vertex 23.6583 118.122 1.99
      vertex 23.6379 118.828 1.99
    endloop
  endfacet
  facet normal 0 0 1
    outer loop
      vertex 23.6583 118.122 1.99
      vertex 23.6008 118.294 1.99
      vertex 23.6457 118.146 1.99
    endloop
  endfacet
  facet normal 0 0 1
    outer loop
      vertex 23.5904 118.654 1.99
      vertex 23.6379 118.828 1.99
      vertex 23.5931 118.68 1.99
    endloop
  endfacet
  facet normal 0 0 1
    outer loop
      vertex 23.6379 118.828 1.99
      vertex 23.5904 118.654 1.99
      vertex 23.6008 118.294 1.99
    endloop
  endfacet
  facet normal -0 0 1
    outer loop
      vertex 23.5779 118.473 1.99
      vertex 23.6008 118.294 1.99
      vertex 23.5904 118.654 1.99
    endloop
  endfacet
  facet normal 0 0 1
    outer loop
      vertex 23.6008 118.294 1.99
      vertex 23.5779 118.473 1.99
      vertex 23.5931 118.32 1.99
    endloop
  endfacet
  facet normal 0 -0 1
    outer loop
      vertex 23.5779 118.473 1.99
      vertex 23.5904 118.654 1.99
      vertex 23.5753 118.5 1.99
    endloop
  endfacet
  facet normal 0.290144 0.956983 0
    outer loop
      vertex 24.0128 117.088 2.61852
      vertex 24.2074 117.029 10.8
      vertex 24.2074 117.029 2.61853
    endloop
  endfacet
  facet normal 0.289158 0.957282 2.56132e-05
    outer loop
      vertex 24.2074 117.029 10.8
      vertex 24.0128 117.088 2.61852
      vertex 23.926 117.114 10.8
    endloop
  endfacet
  facet normal 0.286943 0.957948 0
    outer loop
      vertex 23.926 117.114 10.8
      vertex 24.0128 117.088 2.61852
      vertex 23.926 117.114 2.61852
    endloop
  endfacet
  facet normal -0.774612 0.632437 0
    outer loop
      vertex 25.6182 117.509 2.61853
      vertex 25.7472 117.667 10.8
      vertex 25.7472 117.667 2.61853
    endloop
  endfacet
  facet normal -0.772726 0.634739 0
    outer loop
      vertex 25.5607 117.439 10.8
      vertex 25.6182 117.509 2.61853
      vertex 25.5607 117.439 2.61853
    endloop
  endfacet
  facet normal -0.774033 0.633145 -2.28221e-05
    outer loop
      vertex 25.6182 117.509 2.61853
      vertex 25.5607 117.439 10.8
      vertex 25.7472 117.667 10.8
    endloop
  endfacet
  facet normal 0.633293 0.773912 4.20738e-05
    outer loop
      vertex 23.6666 117.253 10.8
      vertex 23.5095 117.382 2.61853
      vertex 23.4393 117.439 10.8
    endloop
  endfacet
  facet normal 0.634603 0.772838 0
    outer loop
      vertex 23.5095 117.382 2.61853
      vertex 23.6666 117.253 10.8
      vertex 23.6666 117.253 2.61853
    endloop
  endfacet
  facet normal 0.630343 0.776317 0
    outer loop
      vertex 23.4393 117.439 10.8
      vertex 23.5095 117.382 2.61853
      vertex 23.4393 117.439 2.61853
    endloop
  endfacet
  facet normal 0.0983834 0.995149 0
    outer loop
      vertex 24.2977 117.02 2.61853
      vertex 24.5 117 10.8
      vertex 24.5 117 2.61854
    endloop
  endfacet
  facet normal 0.0986282 0.995124 -6.11067e-06
    outer loop
      vertex 24.5 117 10.8
      vertex 24.2977 117.02 2.61853
      vertex 24.2074 117.029 10.8
    endloop
  endfacet
  facet normal 0.0991764 0.99507 0
    outer loop
      vertex 24.2074 117.029 10.8
      vertex 24.2977 117.02 2.61853
      vertex 24.2074 117.029 2.61853
    endloop
  endfacet
  facet normal -0.88167 0.471866 0
    outer loop
      vertex 25.8858 117.926 2.61852
      vertex 25.79 117.747 2.61853
      vertex 25.8858 117.926 10.8
    endloop
  endfacet
  facet normal -0.881742 0.471732 0
    outer loop
      vertex 25.7472 117.667 10.8
      vertex 25.79 117.747 2.61853
      vertex 25.7472 117.667 2.61853
    endloop
  endfacet
  facet normal -0.881692 0.471825 1.16505e-06
    outer loop
      vertex 25.79 117.747 2.61853
      vertex 25.7472 117.667 10.8
      vertex 25.8858 117.926 10.8
    endloop
  endfacet
  facet normal 0.772185 0.635398 0
    outer loop
      vertex 23.2528 117.667 10.8
      vertex 23.3104 117.597 2.61853
      vertex 23.2528 117.667 2.61853
    endloop
  endfacet
  facet normal 0.774033 0.633145 3.22829e-05
    outer loop
      vertex 23.4393 117.439 10.8
      vertex 23.3104 117.597 2.61853
      vertex 23.2528 117.667 10.8
    endloop
  endfacet
  facet normal 0.774852 0.632142 0
    outer loop
      vertex 23.3104 117.597 2.61853
      vertex 23.4393 117.439 10.8
      vertex 23.4393 117.439 2.61853
    endloop
  endfacet
  facet normal 0.0986282 -0.995124 6.11067e-06
    outer loop
      vertex 24.4097 119.991 2.61853
      vertex 24.5 120 10.8
      vertex 24.2074 119.971 10.8
    endloop
  endfacet
  facet normal 0.0991764 -0.99507 0
    outer loop
      vertex 24.5 120 10.8
      vertex 24.4097 119.991 2.61853
      vertex 24.5 120 2.61854
    endloop
  endfacet
  facet normal 0.0983834 -0.995149 0
    outer loop
      vertex 24.4097 119.991 2.61853
      vertex 24.2074 119.971 10.8
      vertex 24.2074 119.971 2.61853
    endloop
  endfacet
  facet normal -0.290302 -0.0286033 0.956508
    outer loop
      vertex 25.4221 118.527 1.99
      vertex 25.547 118.5 2.0271
      vertex 25.5269 118.704 2.0271
    endloop
  endfacet
  facet normal -0.290176 -0.0279429 0.956565
    outer loop
      vertex 25.547 118.5 2.0271
      vertex 25.4221 118.527 1.99
      vertex 25.4247 118.5 1.99
    endloop
  endfacet
  facet normal -0.289986 -0.0288091 0.956597
    outer loop
      vertex 25.4069 118.68 1.99
      vertex 25.4221 118.527 1.99
      vertex 25.5269 118.704 2.0271
    endloop
  endfacet
  facet normal -0.470754 -0.0462567 0.881051
    outer loop
      vertex 25.547 118.5 2.0271
      vertex 25.6767 118.5 2.0964
      vertex 25.6541 118.73 2.0964
    endloop
  endfacet
  facet normal -0.470578 -0.0463657 0.88114
    outer loop
      vertex 25.5269 118.704 2.0271
      vertex 25.547 118.5 2.0271
      vertex 25.6541 118.73 2.0964
    endloop
  endfacet
  facet normal -0.633366 -0.0623313 0.771338
    outer loop
      vertex 25.6767 118.5 2.0964
      vertex 25.7903 118.5 2.18968
      vertex 25.7655 118.752 2.18968
    endloop
  endfacet
  facet normal -0.633497 -0.062248 0.771237
    outer loop
      vertex 25.6541 118.73 2.0964
      vertex 25.6767 118.5 2.0964
      vertex 25.7655 118.752 2.18968
    endloop
  endfacet
  facet normal -0.77068 -0.0759262 0.632683
    outer loop
      vertex 25.7903 118.5 2.18968
      vertex 25.8836 118.5 2.30333
      vertex 25.857 118.77 2.30333
    endloop
  endfacet
  facet normal -0.770779 -0.0758544 0.632571
    outer loop
      vertex 25.7655 118.752 2.18968
      vertex 25.7903 118.5 2.18968
      vertex 25.857 118.77 2.30333
    endloop
  endfacet
  facet normal -0.878635 -0.0866216 0.469572
    outer loop
      vertex 25.8836 118.5 2.30333
      vertex 25.9529 118.5 2.433
      vertex 25.925 118.783 2.433
    endloop
  endfacet
  facet normal -0.878693 -0.0865675 0.469473
    outer loop
      vertex 25.857 118.77 2.30333
      vertex 25.8836 118.5 2.30333
      vertex 25.925 118.783 2.433
    endloop
  endfacet
  facet normal -0.952659 -0.0939609 0.289157
    outer loop
      vertex 25.9529 118.5 2.433
      vertex 25.9956 118.5 2.57368
      vertex 25.9668 118.792 2.57368
    endloop
  endfacet
  facet normal -0.952687 -0.0939221 0.289079
    outer loop
      vertex 25.925 118.783 2.433
      vertex 25.9529 118.5 2.433
      vertex 25.9668 118.792 2.57368
    endloop
  endfacet
  facet normal -0.99044 -0.0979327 0.0971453
    outer loop
      vertex 25.9911 118.59 2.61853
      vertex 25.9956 118.5 2.57368
      vertex 26 118.5 2.61854
    endloop
  endfacet
  facet normal -0.990309 -0.0970795 0.0993186
    outer loop
      vertex 25.9668 118.792 2.57368
      vertex 25.9911 118.59 2.61853
      vertex 25.9712 118.793 2.61853
    endloop
  endfacet
  facet normal -0.990511 -0.0976943 0.0966596
    outer loop
      vertex 25.9911 118.59 2.61853
      vertex 25.9668 118.792 2.57368
      vertex 25.9956 118.5 2.57368
    endloop
  endfacet
  facet normal -0.279212 -0.0844722 0.956507
    outer loop
      vertex 25.3992 118.706 1.99
      vertex 25.5269 118.704 2.0271
      vertex 25.4673 118.901 2.0271
    endloop
  endfacet
  facet normal -0.279228 -0.0826944 0.956657
    outer loop
      vertex 25.5269 118.704 2.0271
      vertex 25.3992 118.706 1.99
      vertex 25.4069 118.68 1.99
    endloop
  endfacet
  facet normal -0.278877 -0.0846053 0.956593
    outer loop
      vertex 25.3543 118.854 1.99
      vertex 25.3992 118.706 1.99
      vertex 25.4673 118.901 2.0271
    endloop
  endfacet
  facet normal -0.452017 -0.13766 0.881323
    outer loop
      vertex 25.5269 118.704 2.0271
      vertex 25.6541 118.73 2.0964
      vertex 25.5871 118.95 2.0964
    endloop
  endfacet
  facet normal -0.45336 -0.137159 0.880711
    outer loop
      vertex 25.4673 118.901 2.0271
      vertex 25.5269 118.704 2.0271
      vertex 25.5871 118.95 2.0964
    endloop
  endfacet
  facet normal -0.609234 -0.184784 0.771161
    outer loop
      vertex 25.6541 118.73 2.0964
      vertex 25.7655 118.752 2.18968
      vertex 25.6921 118.994 2.18968
    endloop
  endfacet
  facet normal -0.608146 -0.185208 0.771918
    outer loop
      vertex 25.5871 118.95 2.0964
      vertex 25.6541 118.73 2.0964
      vertex 25.6921 118.994 2.18968
    endloop
  endfacet
  facet normal -0.741182 -0.225216 0.632398
    outer loop
      vertex 25.7655 118.752 2.18968
      vertex 25.857 118.77 2.30333
      vertex 25.7783 119.029 2.30333
    endloop
  endfacet
  facet normal -0.741721 -0.224968 0.631854
    outer loop
      vertex 25.6921 118.994 2.18968
      vertex 25.7655 118.752 2.18968
      vertex 25.7783 119.029 2.30333
    endloop
  endfacet
  facet normal -0.845291 -0.256064 0.468949
    outer loop
      vertex 25.8423 119.056 2.433
      vertex 25.857 118.77 2.30333
      vertex 25.925 118.783 2.433
    endloop
  endfacet
  facet normal -0.844433 -0.25659 0.470206
    outer loop
      vertex 25.7783 119.029 2.30333
      vertex 25.857 118.77 2.30333
      vertex 25.8423 119.056 2.433
    endloop
  endfacet
  facet normal -0.915702 -0.278308 0.289886
    outer loop
      vertex 25.8817 119.072 2.57368
      vertex 25.925 118.783 2.433
      vertex 25.9668 118.792 2.57368
    endloop
  endfacet
  facet normal -0.916433 -0.277615 0.288238
    outer loop
      vertex 25.8423 119.056 2.433
      vertex 25.925 118.783 2.433
      vertex 25.8817 119.072 2.57368
    endloop
  endfacet
  facet normal -0.951196 -0.291995 0.0998273
    outer loop
      vertex 25.9448 118.879 2.61853
      vertex 25.9668 118.792 2.57368
      vertex 25.9712 118.793 2.61853
    endloop
  endfacet
  facet normal -0.952358 -0.288144 0.0999322
    outer loop
      vertex 25.8817 119.072 2.57368
      vertex 25.9448 118.879 2.61853
      vertex 25.8858 119.074 2.61852
    endloop
  endfacet
  facet normal -0.952519 -0.289498 0.0943341
    outer loop
      vertex 25.9448 118.879 2.61853
      vertex 25.8817 119.072 2.57368
      vertex 25.9668 118.792 2.57368
    endloop
  endfacet
  facet normal -0.257352 -0.137491 0.956486
    outer loop
      vertex 25.3417 118.878 1.99
      vertex 25.4673 118.901 2.0271
      vertex 25.3706 119.082 2.0271
    endloop
  endfacet
  facet normal -0.257799 -0.135345 0.956672
    outer loop
      vertex 25.4673 118.901 2.0271
      vertex 25.3417 118.878 1.99
      vertex 25.3543 118.854 1.99
    endloop
  endfacet
  facet normal -0.25698 -0.13756 0.956576
    outer loop
      vertex 25.2689 119.014 1.99
      vertex 25.3417 118.878 1.99
      vertex 25.3706 119.082 2.0271
    endloop
  endfacet
  facet normal -0.418233 -0.222853 0.880578
    outer loop
      vertex 25.4673 118.901 2.0271
      vertex 25.5871 118.95 2.0964
      vertex 25.4784 119.154 2.0964
    endloop
  endfacet
  facet normal -0.417386 -0.22299 0.880945
    outer loop
      vertex 25.3706 119.082 2.0271
      vertex 25.4673 118.901 2.0271
      vertex 25.4784 119.154 2.0964
    endloop
  endfacet
  facet normal -0.56042 -0.299561 0.772135
    outer loop
      vertex 25.5729 119.217 2.18968
      vertex 25.5871 118.95 2.0964
      vertex 25.6921 118.994 2.18968
    endloop
  endfacet
  facet normal -0.561751 -0.299325 0.771259
    outer loop
      vertex 25.4784 119.154 2.0964
      vertex 25.5871 118.95 2.0964
      vertex 25.5729 119.217 2.18968
    endloop
  endfacet
  facet normal -0.684359 -0.364706 0.631381
    outer loop
      vertex 25.6504 119.269 2.30333
      vertex 25.6921 118.994 2.18968
      vertex 25.7783 119.029 2.30333
    endloop
  endfacet
  facet normal -0.682931 -0.365047 0.632729
    outer loop
      vertex 25.5729 119.217 2.18968
      vertex 25.6921 118.994 2.18968
      vertex 25.6504 119.269 2.30333
    endloop
  endfacet
  facet normal -0.777962 -0.416256 0.470644
    outer loop
      vertex 25.708 119.307 2.433
      vertex 25.7783 119.029 2.30333
      vertex 25.8423 119.056 2.433
    endloop
  endfacet
  facet normal -0.779811 -0.415574 0.46818
    outer loop
      vertex 25.6504 119.269 2.30333
      vertex 25.7783 119.029 2.30333
      vertex 25.708 119.307 2.433
    endloop
  endfacet
  facet normal -0.844903 -0.450832 0.287905
    outer loop
      vertex 25.7435 119.331 2.57368
      vertex 25.8423 119.056 2.433
      vertex 25.8817 119.072 2.57368
    endloop
  endfacet
  facet normal -0.843839 -0.451504 0.289966
    outer loop
      vertex 25.708 119.307 2.433
      vertex 25.8423 119.056 2.433
      vertex 25.7435 119.331 2.57368
    endloop
  endfacet
  facet normal -0.877676 -0.46846 0.101146
    outer loop
      vertex 25.8431 119.154 2.61852
      vertex 25.8817 119.072 2.57368
      vertex 25.8858 119.074 2.61852
    endloop
  endfacet
  facet normal -0.877613 -0.47019 0.0933678
    outer loop
      vertex 25.7435 119.331 2.57368
      vertex 25.8431 119.154 2.61852
      vertex 25.7472 119.333 2.61853
    endloop
  endfacet
  facet normal -0.877756 -0.468363 0.1009
    outer loop
      vertex 25.8431 119.154 2.61852
      vertex 25.7435 119.331 2.57368
      vertex 25.8817 119.072 2.57368
    endloop
  endfacet
  facet normal -0.221987 -0.189799 0.956399
    outer loop
      vertex 25.3706 119.082 2.0271
      vertex 25.2518 119.034 1.99
      vertex 25.2689 119.014 1.99
    endloop
  endfacet
  facet normal -0.224136 -0.184842 0.956868
    outer loop
      vertex 25.2518 119.034 1.99
      vertex 25.3706 119.082 2.0271
      vertex 25.2403 119.24 2.0271
    endloop
  endfacet
  facet normal -0.226607 -0.184874 0.95628
    outer loop
      vertex 25.1539 119.154 1.99
      vertex 25.2518 119.034 1.99
      vertex 25.2403 119.24 2.0271
    endloop
  endfacet
  facet normal -0.365516 -0.300627 0.880921
    outer loop
      vertex 25.332 119.332 2.0964
      vertex 25.3706 119.082 2.0271
      vertex 25.4784 119.154 2.0964
    endloop
  endfacet
  facet normal -0.364491 -0.30059 0.881358
    outer loop
      vertex 25.2403 119.24 2.0271
      vertex 25.3706 119.082 2.0271
      vertex 25.332 119.332 2.0964
    endloop
  endfacet
  facet normal -0.491525 -0.404563 0.771189
    outer loop
      vertex 25.4124 119.412 2.18968
      vertex 25.4784 119.154 2.0964
      vertex 25.5729 119.217 2.18968
    endloop
  endfacet
  facet normal -0.491896 -0.40457 0.770948
    outer loop
      vertex 25.332 119.332 2.0964
      vertex 25.4784 119.154 2.0964
      vertex 25.4124 119.412 2.18968
    endloop
  endfacet
  facet normal -0.597735 -0.492202 0.632811
    outer loop
      vertex 25.4783 119.478 2.30333
      vertex 25.5729 119.217 2.18968
      vertex 25.6504 119.269 2.30333
    endloop
  endfacet
  facet normal -0.597991 -0.492193 0.632577
    outer loop
      vertex 25.4124 119.412 2.18968
      vertex 25.5729 119.217 2.18968
      vertex 25.4783 119.478 2.30333
    endloop
  endfacet
  facet normal -0.683138 -0.560794 0.467795
    outer loop
      vertex 25.5274 119.527 2.433
      vertex 25.6504 119.269 2.30333
      vertex 25.708 119.307 2.433
    endloop
  endfacet
  facet normal -0.681375 -0.561075 0.470025
    outer loop
      vertex 25.4783 119.478 2.30333
      vertex 25.6504 119.269 2.30333
      vertex 25.5274 119.527 2.433
    endloop
  endfacet
  facet normal -0.740201 -0.606509 0.290257
    outer loop
      vertex 25.5575 119.558 2.57368
      vertex 25.708 119.307 2.433
      vertex 25.7435 119.331 2.57368
    endloop
  endfacet
  facet normal -0.739261 -0.606866 0.291901
    outer loop
      vertex 25.5274 119.527 2.433
      vertex 25.708 119.307 2.433
      vertex 25.5575 119.558 2.57368
    endloop
  endfacet
  facet normal -0.768935 -0.632724 0.0916501
    outer loop
      vertex 25.7435 119.331 2.57368
      vertex 25.7472 119.333 2.61853
      vertex 25.6896 119.403 2.61853
    endloop
  endfacet
  facet normal -0.77119 -0.629155 0.0971075
    outer loop
      vertex 25.5575 119.558 2.57368
      vertex 25.6896 119.403 2.61853
      vertex 25.5607 119.561 2.61853
    endloop
  endfacet
  facet normal -0.770532 -0.631361 0.0875433
    outer loop
      vertex 25.6896 119.403 2.61853
      vertex 25.5575 119.558 2.57368
      vertex 25.7435 119.331 2.57368
    endloop
  endfacet
  facet normal -0.185138 -0.226522 0.956249
    outer loop
      vertex 25.2403 119.24 2.0271
      vertex 25.1331 119.171 1.99
      vertex 25.1539 119.154 1.99
    endloop
  endfacet
  facet normal -0.186025 -0.225218 0.956385
    outer loop
      vertex 25.1331 119.171 1.99
      vertex 25.2403 119.24 2.0271
      vertex 25.0817 119.371 2.0271
    endloop
  endfacet
  facet normal -0.184605 -0.224917 0.95673
    outer loop
      vertex 25.0137 119.269 1.99
      vertex 25.1331 119.171 1.99
      vertex 25.0817 119.371 2.0271
    endloop
  endfacet
  facet normal -0.299323 -0.365543 0.881354
    outer loop
      vertex 25.1537 119.478 2.0964
      vertex 25.2403 119.24 2.0271
      vertex 25.332 119.332 2.0964
    endloop
  endfacet
  facet normal -0.302561 -0.366306 0.87993
    outer loop
      vertex 25.0817 119.371 2.0271
      vertex 25.2403 119.24 2.0271
      vertex 25.1537 119.478 2.0964
    endloop
  endfacet
  facet normal -0.404982 -0.491764 0.770816
    outer loop
      vertex 25.2169 119.573 2.18968
      vertex 25.332 119.332 2.0964
      vertex 25.4124 119.412 2.18968
    endloop
  endfacet
  facet normal -0.40217 -0.491143 0.772682
    outer loop
      vertex 25.1537 119.478 2.0964
      vertex 25.332 119.332 2.0964
      vertex 25.2169 119.573 2.18968
    endloop
  endfacet
  facet normal -0.491311 -0.598714 0.632578
    outer loop
      vertex 25.2687 119.65 2.30333
      vertex 25.4124 119.412 2.18968
      vertex 25.4783 119.478 2.30333
    endloop
  endfacet
  facet normal -0.493323 -0.599035 0.630706
    outer loop
      vertex 25.2169 119.573 2.18968
      vertex 25.4124 119.412 2.18968
      vertex 25.2687 119.65 2.30333
    endloop
  endfacet
  facet normal -0.560514 -0.681907 0.469921
    outer loop
      vertex 25.3072 119.708 2.433
      vertex 25.4783 119.478 2.30333
      vertex 25.5274 119.527 2.433
    endloop
  endfacet
  facet normal -0.559549 -0.681869 0.471127
    outer loop
      vertex 25.2687 119.65 2.30333
      vertex 25.4783 119.478 2.30333
      vertex 25.3072 119.708 2.433
    endloop
  endfacet
  facet normal -0.606681 -0.739107 0.292674
    outer loop
      vertex 25.3309 119.744 2.57368
      vertex 25.5274 119.527 2.433
      vertex 25.5575 119.558 2.57368
    endloop
  endfacet
  facet normal -0.607429 -0.738982 0.291437
    outer loop
      vertex 25.3072 119.708 2.433
      vertex 25.5274 119.527 2.433
      vertex 25.3309 119.744 2.57368
    endloop
  endfacet
  facet normal -0.627404 -0.772698 0.0964501
    outer loop
      vertex 25.4905 119.618 2.61853
      vertex 25.5575 119.558 2.57368
      vertex 25.5607 119.561 2.61853
    endloop
  endfacet
  facet normal -0.632211 -0.769925 0.0867403
    outer loop
      vertex 25.3309 119.744 2.57368
      vertex 25.4905 119.618 2.61853
      vertex 25.3334 119.747 2.61853
    endloop
  endfacet
  facet normal -0.632116 -0.770094 0.085928
    outer loop
      vertex 25.4905 119.618 2.61853
      vertex 25.3309 119.744 2.57368
      vertex 25.5575 119.558 2.57368
    endloop
  endfacet
  facet normal -0.140218 -0.254549 0.956841
    outer loop
      vertex 25.0817 119.371 2.0271
      vertex 24.9901 119.282 1.99
      vertex 25.0137 119.269 1.99
    endloop
  endfacet
  facet normal -0.136791 -0.257908 0.956437
    outer loop
      vertex 24.9901 119.282 1.99
      vertex 25.0817 119.371 2.0271
      vertex 24.9007 119.467 2.0271
    endloop
  endfacet
  facet normal -0.136205 -0.257655 0.956589
    outer loop
      vertex 24.8539 119.354 1.99
      vertex 24.9901 119.282 1.99
      vertex 24.9007 119.467 2.0271
    endloop
  endfacet
  facet normal -0.224451 -0.418837 0.879885
    outer loop
      vertex 24.9503 119.587 2.0964
      vertex 25.0817 119.371 2.0271
      vertex 25.1537 119.478 2.0964
    endloop
  endfacet
  facet normal -0.221407 -0.417445 0.881316
    outer loop
      vertex 24.9007 119.467 2.0271
      vertex 25.0817 119.371 2.0271
      vertex 24.9503 119.587 2.0964
    endloop
  endfacet
  facet normal -0.298716 -0.56003 0.772745
    outer loop
      vertex 24.9938 119.692 2.18968
      vertex 25.1537 119.478 2.0964
      vertex 25.2169 119.573 2.18968
    endloop
  endfacet
  facet normal -0.300545 -0.560833 0.771453
    outer loop
      vertex 24.9503 119.587 2.0964
      vertex 25.1537 119.478 2.0964
      vertex 24.9938 119.692 2.18968
    endloop
  endfacet
  facet normal -0.366196 -0.684328 0.630552
    outer loop
      vertex 25.0295 119.778 2.30333
      vertex 25.2169 119.573 2.18968
      vertex 25.2687 119.65 2.30333
    endloop
  endfacet
  facet normal -0.364725 -0.683783 0.631993
    outer loop
      vertex 24.9938 119.692 2.18968
      vertex 25.2169 119.573 2.18968
      vertex 25.0295 119.778 2.30333
    endloop
  endfacet
  facet normal -0.415107 -0.77817 0.471315
    outer loop
      vertex 25.056 119.842 2.433
      vertex 25.2687 119.65 2.30333
      vertex 25.3072 119.708 2.433
    endloop
  endfacet
  facet normal -0.416605 -0.778531 0.469392
    outer loop
      vertex 25.0295 119.778 2.30333
      vertex 25.2687 119.65 2.30333
      vertex 25.056 119.842 2.433
    endloop
  endfacet
  facet normal -0.450311 -0.843843 0.291802
    outer loop
      vertex 25.0723 119.882 2.57368
      vertex 25.3072 119.708 2.433
      vertex 25.3309 119.744 2.57368
    endloop
  endfacet
  facet normal -0.450137 -0.843838 0.292087
    outer loop
      vertex 25.056 119.842 2.433
      vertex 25.3072 119.708 2.433
      vertex 25.0723 119.882 2.57368
    endloop
  endfacet
  facet normal -0.471273 -0.877883 0.0849907
    outer loop
      vertex 25.2533 119.79 2.61853
      vertex 25.3309 119.744 2.57368
      vertex 25.3334 119.747 2.61853
    endloop
  endfacet
  facet normal -0.469837 -0.877508 0.0960917
    outer loop
      vertex 25.0723 119.882 2.57368
      vertex 25.2533 119.79 2.61853
      vertex 25.074 119.886 2.61852
    endloop
  endfacet
  facet normal -0.468894 -0.878666 0.0899105
    outer loop
      vertex 25.2533 119.79 2.61853
      vertex 25.0723 119.882 2.57368
      vertex 25.3309 119.744 2.57368
    endloop
  endfacet
  facet normal -0.0866011 -0.278206 0.956609
    outer loop
      vertex 24.9007 119.467 2.0271
      vertex 24.8282 119.362 1.99
      vertex 24.8539 119.354 1.99
    endloop
  endfacet
  facet normal -0.0852599 -0.279084 0.956474
    outer loop
      vertex 24.8282 119.362 1.99
      vertex 24.9007 119.467 2.0271
      vertex 24.7043 119.527 2.0271
    endloop
  endfacet
  facet normal -0.0848954 -0.278834 0.956579
    outer loop
      vertex 24.6804 119.407 1.99
      vertex 24.8282 119.362 1.99
      vertex 24.7043 119.527 2.0271
    endloop
  endfacet
  facet normal -0.137279 -0.452202 0.881288
    outer loop
      vertex 24.7296 119.654 2.0964
      vertex 24.9007 119.467 2.0271
      vertex 24.9503 119.587 2.0964
    endloop
  endfacet
  facet normal -0.138392 -0.453003 0.880702
    outer loop
      vertex 24.7043 119.527 2.0271
      vertex 24.9007 119.467 2.0271
      vertex 24.7296 119.654 2.0964
    endloop
  endfacet
  facet normal -0.185959 -0.608387 0.771547
    outer loop
      vertex 24.7517 119.766 2.18968
      vertex 24.9503 119.587 2.0964
      vertex 24.9938 119.692 2.18968
    endloop
  endfacet
  facet normal -0.184354 -0.607267 0.772814
    outer loop
      vertex 24.7296 119.654 2.0964
      vertex 24.9503 119.587 2.0964
      vertex 24.7517 119.766 2.18968
    endloop
  endfacet
  facet normal -0.225633 -0.741448 0.631937
    outer loop
      vertex 24.7699 119.857 2.30333
      vertex 24.9938 119.692 2.18968
      vertex 25.0295 119.778 2.30333
    endloop
  endfacet
  facet normal -0.22686 -0.742201 0.630613
    outer loop
      vertex 24.7517 119.766 2.18968
      vertex 24.9938 119.692 2.18968
      vertex 24.7699 119.857 2.30333
    endloop
  endfacet
  facet normal -0.257182 -0.844671 0.469455
    outer loop
      vertex 24.7834 119.925 2.433
      vertex 25.0295 119.778 2.30333
      vertex 25.056 119.842 2.433
    endloop
  endfacet
  facet normal -0.257023 -0.844598 0.469673
    outer loop
      vertex 24.7699 119.857 2.30333
      vertex 25.0295 119.778 2.30333
      vertex 24.7834 119.925 2.433
    endloop
  endfacet
  facet normal -0.277337 -0.915211 0.292359
    outer loop
      vertex 24.7918 119.967 2.57368
      vertex 25.056 119.842 2.433
      vertex 25.0723 119.882 2.57368
    endloop
  endfacet
  facet normal -0.278758 -0.915536 0.289978
    outer loop
      vertex 24.7834 119.925 2.433
      vertex 25.056 119.842 2.433
      vertex 24.7918 119.967 2.57368
    endloop
  endfacet
  facet normal -0.285621 -0.953533 0.0958896
    outer loop
      vertex 25.074 119.886 2.61852
      vertex 24.9872 119.912 2.61852
      vertex 25.0723 119.882 2.57368
    endloop
  endfacet
  facet normal -0.288958 -0.953087 0.0901564
    outer loop
      vertex 24.7918 119.967 2.57368
      vertex 24.9872 119.912 2.61852
      vertex 24.7926 119.971 2.61853
    endloop
  endfacet
  facet normal -0.288843 -0.95318 0.0895386
    outer loop
      vertex 24.9872 119.912 2.61852
      vertex 24.7918 119.967 2.57368
      vertex 25.0723 119.882 2.57368
    endloop
  endfacet
  facet normal -0.0325058 -0.289301 0.956686
    outer loop
      vertex 24.7043 119.527 2.0271
      vertex 24.6537 119.41 1.99
      vertex 24.6804 119.407 1.99
    endloop
  endfacet
  facet normal -0.0284803 -0.290927 0.956321
    outer loop
      vertex 24.6537 119.41 1.99
      vertex 24.7043 119.527 2.0271
      vertex 24.5 119.547 2.0271
    endloop
  endfacet
  facet normal -0.0283825 -0.290826 0.956355
    outer loop
      vertex 24.5 119.425 1.99
      vertex 24.6537 119.41 1.99
      vertex 24.5 119.547 2.0271
    endloop
  endfacet
  facet normal -0.0472022 -0.471201 0.880762
    outer loop
      vertex 24.5 119.677 2.0964
      vertex 24.7043 119.527 2.0271
      vertex 24.7296 119.654 2.0964
    endloop
  endfacet
  facet normal -0.0460024 -0.469914 0.881513
    outer loop
      vertex 24.5 119.547 2.0271
      vertex 24.7043 119.527 2.0271
      vertex 24.5 119.677 2.0964
    endloop
  endfacet
  facet normal -0.0602394 -0.631761 0.772819
    outer loop
      vertex 24.5 119.79 2.18968
      vertex 24.7296 119.654 2.0964
      vertex 24.7517 119.766 2.18968
    endloop
  endfacet
  facet normal -0.0636423 -0.635316 0.769626
    outer loop
      vertex 24.5 119.677 2.0964
      vertex 24.7296 119.654 2.0964
      vertex 24.5 119.79 2.18968
    endloop
  endfacet
  facet normal -0.0772482 -0.772196 0.630671
    outer loop
      vertex 24.5 119.884 2.30333
      vertex 24.7517 119.766 2.18968
      vertex 24.7699 119.857 2.30333
    endloop
  endfacet
  facet normal -0.0732783 -0.768506 0.635632
    outer loop
      vertex 24.5 119.79 2.18968
      vertex 24.7517 119.766 2.18968
      vertex 24.5 119.884 2.30333
    endloop
  endfacet
  facet normal -0.0867986 -0.878526 0.469743
    outer loop
      vertex 24.5 119.953 2.433
      vertex 24.7699 119.857 2.30333
      vertex 24.7834 119.925 2.433
    endloop
  endfacet
  facet normal -0.0879701 -0.879375 0.467933
    outer loop
      vertex 24.5 119.884 2.30333
      vertex 24.7699 119.857 2.30333
      vertex 24.5 119.953 2.433
    endloop
  endfacet
  facet normal -0.0946469 -0.952343 0.289973
    outer loop
      vertex 24.5 119.996 2.57368
      vertex 24.7834 119.925 2.433
      vertex 24.7918 119.967 2.57368
    endloop
  endfacet
  facet normal -0.0940661 -0.952084 0.291012
    outer loop
      vertex 24.5 119.953 2.433
      vertex 24.7834 119.925 2.433
      vertex 24.5 119.996 2.57368
    endloop
  endfacet
  facet normal -0.0987726 -0.991018 0.090147
    outer loop
      vertex 24.7023 119.98 2.61853
      vertex 24.7918 119.967 2.57368
      vertex 24.7926 119.971 2.61853
    endloop
  endfacet
  facet normal -0.0979941 -0.991254 0.0883865
    outer loop
      vertex 24.5 119.996 2.57368
      vertex 24.7023 119.98 2.61853
      vertex 24.5 120 2.61854
    endloop
  endfacet
  facet normal -0.0984882 -0.990996 0.0907078
    outer loop
      vertex 24.7023 119.98 2.61853
      vertex 24.5 119.996 2.57368
      vertex 24.7918 119.967 2.57368
    endloop
  endfacet
  facet normal 0.0326728 -0.290788 0.95623
    outer loop
      vertex 24.5 119.547 2.0271
      vertex 24.4733 119.422 1.99
      vertex 24.5 119.425 1.99
    endloop
  endfacet
  facet normal 0.0283882 -0.289986 0.95661
    outer loop
      vertex 24.4733 119.422 1.99
      vertex 24.5 119.547 2.0271
      vertex 24.2957 119.527 2.0271
    endloop
  endfacet
  facet normal 0.0283119 -0.290103 0.956577
    outer loop
      vertex 24.2957 119.527 2.0271
      vertex 24.3196 119.407 1.99
      vertex 24.4733 119.422 1.99
    endloop
  endfacet
  facet normal 0.0470709 -0.469891 0.881469
    outer loop
      vertex 24.2704 119.654 2.0964
      vertex 24.5 119.547 2.0271
      vertex 24.5 119.677 2.0964
    endloop
  endfacet
  facet normal 0.0461466 -0.471388 0.880718
    outer loop
      vertex 24.2704 119.654 2.0964
      vertex 24.2957 119.527 2.0271
      vertex 24.5 119.547 2.0271
    endloop
  endfacet
  facet normal 0.0605899 -0.635437 0.769772
    outer loop
      vertex 24.2483 119.766 2.18968
      vertex 24.5 119.677 2.0964
      vertex 24.5 119.79 2.18968
    endloop
  endfacet
  facet normal 0.063239 -0.63129 0.772964
    outer loop
      vertex 24.2483 119.766 2.18968
      vertex 24.2704 119.654 2.0964
      vertex 24.5 119.677 2.0964
    endloop
  endfacet
  facet normal 0.0768583 -0.768299 0.63546
    outer loop
      vertex 24.2301 119.857 2.30333
      vertex 24.5 119.79 2.18968
      vertex 24.5 119.884 2.30333
    endloop
  endfacet
  facet normal 0.0736772 -0.772689 0.630494
    outer loop
      vertex 24.2301 119.857 2.30333
      vertex 24.2483 119.766 2.18968
      vertex 24.5 119.79 2.18968
    endloop
  endfacet
  facet normal 0.0868907 -0.879458 0.467977
    outer loop
      vertex 24.2166 119.925 2.433
      vertex 24.5 119.884 2.30333
      vertex 24.5 119.953 2.433
    endloop
  endfacet
  facet normal 0.0878721 -0.878396 0.469786
    outer loop
      vertex 24.2166 119.925 2.433
      vertex 24.2301 119.857 2.30333
      vertex 24.5 119.884 2.30333
    endloop
  endfacet
  facet normal 0.0946161 -0.952034 0.290997
    outer loop
      vertex 24.2082 119.967 2.57368
      vertex 24.5 119.953 2.433
      vertex 24.5 119.996 2.57368
    endloop
  endfacet
  facet normal 0.0940976 -0.952402 0.289958
    outer loop
      vertex 24.2082 119.967 2.57368
      vertex 24.2166 119.925 2.433
      vertex 24.5 119.953 2.433
    endloop
  endfacet
  facet normal 0.0987786 -0.991177 0.0883796
    outer loop
      vertex 24.4097 119.991 2.61853
      vertex 24.5 119.996 2.57368
      vertex 24.5 120 2.61854
    endloop
  endfacet
  facet normal 0.0979829 -0.991097 0.0901399
    outer loop
      vertex 24.2082 119.967 2.57368
      vertex 24.4097 119.991 2.61853
      vertex 24.2074 119.971 2.61853
    endloop
  endfacet
  facet normal 0.0985137 -0.991252 0.0878379
    outer loop
      vertex 24.4097 119.991 2.61853
      vertex 24.2082 119.967 2.57368
      vertex 24.5 119.996 2.57368
    endloop
  endfacet
  facet normal 0.0866809 -0.278462 0.956528
    outer loop
      vertex 24.2957 119.527 2.0271
      vertex 24.2939 119.399 1.99
      vertex 24.3196 119.407 1.99
    endloop
  endfacet
  facet normal 0.0850754 -0.27848 0.956667
    outer loop
      vertex 24.2939 119.399 1.99
      vertex 24.2957 119.527 2.0271
      vertex 24.0993 119.467 2.0271
    endloop
  endfacet
  facet normal 0.0849123 -0.27889 0.956562
    outer loop
      vertex 24.0993 119.467 2.0271
      vertex 24.1461 119.354 1.99
      vertex 24.2939 119.399 1.99
    endloop
  endfacet
  facet normal 0.137577 -0.453184 0.880737
    outer loop
      vertex 24.0497 119.587 2.0964
      vertex 24.2957 119.527 2.0271
      vertex 24.2704 119.654 2.0964
    endloop
  endfacet
  facet normal 0.138055 -0.4519 0.881321
    outer loop
      vertex 24.0497 119.587 2.0964
      vertex 24.0993 119.467 2.0271
      vertex 24.2957 119.527 2.0271
    endloop
  endfacet
  facet normal 0.18553 -0.606984 0.772754
    outer loop
      vertex 24.0062 119.692 2.18968
      vertex 24.2704 119.654 2.0964
      vertex 24.2483 119.766 2.18968
    endloop
  endfacet
  facet normal 0.184821 -0.608807 0.771489
    outer loop
      vertex 24.0062 119.692 2.18968
      vertex 24.0497 119.587 2.0964
      vertex 24.2704 119.654 2.0964
    endloop
  endfacet
  facet normal 0.225936 -0.742443 0.630659
    outer loop
      vertex 23.9705 119.778 2.30333
      vertex 24.2483 119.766 2.18968
      vertex 24.2301 119.857 2.30333
    endloop
  endfacet
  facet normal 0.226534 -0.741134 0.631983
    outer loop
      vertex 23.9705 119.778 2.30333
      vertex 24.0062 119.692 2.18968
      vertex 24.2483 119.766 2.18968
    endloop
  endfacet
  facet normal 0.257149 -0.844563 0.469668
    outer loop
      vertex 23.944 119.842 2.433
      vertex 24.2301 119.857 2.30333
      vertex 24.2166 119.925 2.433
    endloop
  endfacet
  facet normal 0.257058 -0.844712 0.46945
    outer loop
      vertex 23.944 119.842 2.433
      vertex 23.9705 119.778 2.30333
      vertex 24.2301 119.857 2.30333
    endloop
  endfacet
  facet normal 0.277544 -0.915894 0.290012
    outer loop
      vertex 23.9277 119.882 2.57368
      vertex 24.2166 119.925 2.433
      vertex 24.2082 119.967 2.57368
    endloop
  endfacet
  facet normal 0.278544 -0.914834 0.292391
    outer loop
      vertex 23.9277 119.882 2.57368
      vertex 23.944 119.842 2.433
      vertex 24.2166 119.925 2.433
    endloop
  endfacet
  facet normal 0.285774 -0.954044 0.090185
    outer loop
      vertex 24.1206 119.945 2.61853
      vertex 24.2082 119.967 2.57368
      vertex 24.2074 119.971 2.61853
    endloop
  endfacet
  facet normal 0.288801 -0.952571 0.0959244
    outer loop
      vertex 23.9277 119.882 2.57368
      vertex 24.1206 119.945 2.61853
      vertex 23.926 119.886 2.61852
    endloop
  endfacet
  facet normal 0.288653 -0.952554 0.0965394
    outer loop
      vertex 24.1206 119.945 2.61853
      vertex 23.9277 119.882 2.57368
      vertex 24.2082 119.967 2.57368
    endloop
  endfacet
  facet normal 0.13193 -0.259462 0.956699
    outer loop
      vertex 24.0993 119.467 2.0271
      vertex 24.1225 119.342 1.99
      vertex 24.1461 119.354 1.99
    endloop
  endfacet
  facet normal 0.137044 -0.258386 0.956272
    outer loop
      vertex 24.1225 119.342 1.99
      vertex 24.0993 119.467 2.0271
      vertex 23.9183 119.371 2.0271
    endloop
  endfacet
  facet normal 0.137417 -0.256386 0.956757
    outer loop
      vertex 23.9183 119.371 2.0271
      vertex 23.9863 119.269 1.99
      vertex 24.1225 119.342 1.99
    endloop
  endfacet
  facet normal 0.223267 -0.416629 0.881233
    outer loop
      vertex 23.8463 119.478 2.0964
      vertex 24.0993 119.467 2.0271
      vertex 24.0497 119.587 2.0964
    endloop
  endfacet
  facet normal 0.22273 -0.419938 0.879797
    outer loop
      vertex 23.8463 119.478 2.0964
      vertex 23.9183 119.371 2.0271
      vertex 24.0993 119.467 2.0271
    endloop
  endfacet
  facet normal 0.299421 -0.561351 0.771513
    outer loop
      vertex 23.7831 119.573 2.18968
      vertex 24.0497 119.587 2.0964
      vertex 24.0062 119.692 2.18968
    endloop
  endfacet
  facet normal 0.299769 -0.559386 0.772804
    outer loop
      vertex 23.7831 119.573 2.18968
      vertex 23.8463 119.478 2.0964
      vertex 24.0497 119.587 2.0964
    endloop
  endfacet
  facet normal 0.365661 -0.683329 0.631944
    outer loop
      vertex 23.7313 119.65 2.30333
      vertex 24.0062 119.692 2.18968
      vertex 23.9705 119.778 2.30333
    endloop
  endfacet
  facet normal 0.365297 -0.684856 0.6305
    outer loop
      vertex 23.7313 119.65 2.30333
      vertex 23.7831 119.573 2.18968
      vertex 24.0062 119.692 2.18968
    endloop
  endfacet
  facet normal 0.415577 -0.779052 0.469439
    outer loop
      vertex 23.6928 119.708 2.433
      vertex 23.9705 119.778 2.30333
      vertex 23.944 119.842 2.433
    endloop
  endfacet
  facet normal 0.41611 -0.777606 0.471361
    outer loop
      vertex 23.6928 119.708 2.433
      vertex 23.7313 119.65 2.30333
      vertex 23.9705 119.778 2.30333
    endloop
  endfacet
  facet normal 0.450271 -0.843768 0.292082
    outer loop
      vertex 23.6691 119.744 2.57368
      vertex 23.944 119.842 2.433
      vertex 23.9277 119.882 2.57368
    endloop
  endfacet
  facet normal 0.450178 -0.843916 0.291798
    outer loop
      vertex 23.6691 119.744 2.57368
      vertex 23.6928 119.708 2.433
      vertex 23.944 119.842 2.433
    endloop
  endfacet
  facet normal 0.471253 -0.87675 0.0960778
    outer loop
      vertex 23.846 119.843 2.61852
      vertex 23.9277 119.882 2.57368
      vertex 23.926 119.886 2.61852
    endloop
  endfacet
  facet normal 0.47011 -0.878509 0.0849677
    outer loop
      vertex 23.6691 119.744 2.57368
      vertex 23.846 119.843 2.61852
      vertex 23.6666 119.747 2.61853
    endloop
  endfacet
  facet normal 0.468885 -0.87865 0.0901108
    outer loop
      vertex 23.846 119.843 2.61852
      vertex 23.6691 119.744 2.57368
      vertex 23.9277 119.882 2.57368
    endloop
  endfacet
  facet normal 0.184104 -0.225257 0.956747
    outer loop
      vertex 23.9183 119.371 2.0271
      vertex 23.9655 119.252 1.99
      vertex 23.9863 119.269 1.99
    endloop
  endfacet
  facet normal 0.185549 -0.224642 0.956612
    outer loop
      vertex 23.9655 119.252 1.99
      vertex 23.9183 119.371 2.0271
      vertex 23.7597 119.24 2.0271
    endloop
  endfacet
  facet normal 0.185571 -0.226094 0.956266
    outer loop
      vertex 23.7597 119.24 2.0271
      vertex 23.8461 119.154 1.99
      vertex 23.9655 119.252 1.99
    endloop
  endfacet
  facet normal 0.300904 -0.367474 0.880011
    outer loop
      vertex 23.668 119.332 2.0964
      vertex 23.9183 119.371 2.0271
      vertex 23.8463 119.478 2.0964
    endloop
  endfacet
  facet normal 0.30078 -0.36415 0.881434
    outer loop
      vertex 23.668 119.332 2.0964
      vertex 23.7597 119.24 2.0271
      vertex 23.9183 119.371 2.0271
    endloop
  endfacet
  facet normal 0.403611 -0.490099 0.772594
    outer loop
      vertex 23.5876 119.412 2.18968
      vertex 23.8463 119.478 2.0964
      vertex 23.7831 119.573 2.18968
    endloop
  endfacet
  facet normal 0.403672 -0.492978 0.770728
    outer loop
      vertex 23.5876 119.412 2.18968
      vertex 23.668 119.332 2.0964
      vertex 23.8463 119.478 2.0964
    endloop
  endfacet
  facet normal 0.492246 -0.599853 0.63077
    outer loop
      vertex 23.5217 119.478 2.30333
      vertex 23.7831 119.573 2.18968
      vertex 23.7313 119.65 2.30333
    endloop
  endfacet
  facet normal 0.49232 -0.597817 0.632642
    outer loop
      vertex 23.5217 119.478 2.30333
      vertex 23.5876 119.412 2.18968
      vertex 23.7831 119.573 2.18968
    endloop
  endfacet
  facet normal 0.560116 -0.681423 0.471096
    outer loop
      vertex 23.4726 119.527 2.433
      vertex 23.7313 119.65 2.30333
      vertex 23.6928 119.708 2.433
    endloop
  endfacet
  facet normal 0.559966 -0.682378 0.469892
    outer loop
      vertex 23.4726 119.527 2.433
      vertex 23.5217 119.478 2.30333
      vertex 23.7313 119.65 2.30333
    endloop
  endfacet
  facet normal 0.606917 -0.739395 0.291457
    outer loop
      vertex 23.4425 119.558 2.57368
      vertex 23.6928 119.708 2.433
      vertex 23.6691 119.744 2.57368
    endloop
  endfacet
  facet normal 0.607186 -0.738687 0.29269
    outer loop
      vertex 23.4425 119.558 2.57368
      vertex 23.4726 119.527 2.433
      vertex 23.6928 119.708 2.433
    endloop
  endfacet
  facet normal 0.628507 -0.772953 0.0867364
    outer loop
      vertex 23.6666 119.747 2.61853
      vertex 23.5965 119.69 2.61853
      vertex 23.6691 119.744 2.57368
    endloop
  endfacet
  facet normal 0.6314 -0.769427 0.0965164
    outer loop
      vertex 23.4425 119.558 2.57368
      vertex 23.5965 119.69 2.61853
      vertex 23.4393 119.561 2.61853
    endloop
  endfacet
  facet normal 0.631537 -0.769388 0.0959331
    outer loop
      vertex 23.5965 119.69 2.61853
      vertex 23.4425 119.558 2.57368
      vertex 23.6691 119.744 2.57368
    endloop
  endfacet
  facet normal 0.227388 -0.184076 0.956248
    outer loop
      vertex 23.7597 119.24 2.0271
      vertex 23.8291 119.133 1.99
      vertex 23.8461 119.154 1.99
    endloop
  endfacet
  facet normal 0.225104 -0.18564 0.956486
    outer loop
      vertex 23.8291 119.133 1.99
      vertex 23.7597 119.24 2.0271
      vertex 23.6294 119.082 2.0271
    endloop
  endfacet
  facet normal 0.225038 -0.185325 0.956563
    outer loop
      vertex 23.6294 119.082 2.0271
      vertex 23.7311 119.014 1.99
      vertex 23.8291 119.133 1.99
    endloop
  endfacet
  facet normal 0.364924 -0.30014 0.881332
    outer loop
      vertex 23.5216 119.154 2.0964
      vertex 23.7597 119.24 2.0271
      vertex 23.668 119.332 2.0964
    endloop
  endfacet
  facet normal 0.365157 -0.301139 0.880895
    outer loop
      vertex 23.5216 119.154 2.0964
      vertex 23.6294 119.082 2.0271
      vertex 23.7597 119.24 2.0271
    endloop
  endfacet
  facet normal 0.49174 -0.40474 0.770959
    outer loop
      vertex 23.4271 119.217 2.18968
      vertex 23.668 119.332 2.0964
      vertex 23.5876 119.412 2.18968
    endloop
  endfacet
  facet normal 0.49166 -0.404376 0.7712
    outer loop
      vertex 23.4271 119.217 2.18968
      vertex 23.5216 119.154 2.0964
      vertex 23.668 119.332 2.0964
    endloop
  endfacet
  facet normal 0.597878 -0.49232 0.632585
    outer loop
      vertex 23.3496 119.269 2.30333
      vertex 23.5876 119.412 2.18968
      vertex 23.5217 119.478 2.30333
    endloop
  endfacet
  facet normal 0.597838 -0.492067 0.632819
    outer loop
      vertex 23.3496 119.269 2.30333
      vertex 23.4271 119.217 2.18968
      vertex 23.5876 119.412 2.18968
    endloop
  endfacet
  facet normal 0.682245 -0.560061 0.469972
    outer loop
      vertex 23.292 119.307 2.433
      vertex 23.5217 119.478 2.30333
      vertex 23.4726 119.527 2.433
    endloop
  endfacet
  facet normal 0.682313 -0.561847 0.467737
    outer loop
      vertex 23.292 119.307 2.433
      vertex 23.3496 119.269 2.30333
      vertex 23.5217 119.478 2.30333
    endloop
  endfacet
  facet normal 0.739821 -0.606197 0.291873
    outer loop
      vertex 23.2565 119.331 2.57368
      vertex 23.4726 119.527 2.433
      vertex 23.4425 119.558 2.57368
    endloop
  endfacet
  facet normal 0.739653 -0.607188 0.290235
    outer loop
      vertex 23.2565 119.331 2.57368
      vertex 23.292 119.307 2.433
      vertex 23.4726 119.527 2.433
    endloop
  endfacet
  facet normal 0.769073 -0.631738 0.0971293
    outer loop
      vertex 23.3818 119.491 2.61853
      vertex 23.4425 119.558 2.57368
      vertex 23.4393 119.561 2.61853
    endloop
  endfacet
  facet normal 0.771347 -0.629771 0.0917174
    outer loop
      vertex 23.2565 119.331 2.57368
      vertex 23.3818 119.491 2.61853
      vertex 23.2528 119.333 2.61853
    endloop
  endfacet
  facet normal 0.769659 -0.630646 0.0995549
    outer loop
      vertex 23.3818 119.491 2.61853
      vertex 23.2565 119.331 2.57368
      vertex 23.4425 119.558 2.57368
    endloop
  endfacet
  facet normal 0.258271 -0.135593 0.95651
    outer loop
      vertex 23.6294 119.082 2.0271
      vertex 23.7185 118.99 1.99
      vertex 23.7311 119.014 1.99
    endloop
  endfacet
  facet normal 0.256732 -0.13716 0.9567
    outer loop
      vertex 23.7185 118.99 1.99
      vertex 23.6294 119.082 2.0271
      vertex 23.5327 118.901 2.0271
    endloop
  endfacet
  facet normal 0.25688 -0.137506 0.956611
    outer loop
      vertex 23.5327 118.901 2.0271
      vertex 23.6457 118.854 1.99
      vertex 23.7185 118.99 1.99
    endloop
  endfacet
  facet normal 0.417666 -0.22255 0.880924
    outer loop
      vertex 23.4129 118.95 2.0964
      vertex 23.6294 119.082 2.0271
      vertex 23.5216 119.154 2.0964
    endloop
  endfacet
  facet normal 0.418024 -0.223331 0.880556
    outer loop
      vertex 23.4129 118.95 2.0964
      vertex 23.5327 118.901 2.0271
      vertex 23.6294 119.082 2.0271
    endloop
  endfacet
  facet normal 0.561315 -0.300039 0.771299
    outer loop
      vertex 23.3079 118.994 2.18968
      vertex 23.5216 119.154 2.0964
      vertex 23.4271 119.217 2.18968
    endloop
  endfacet
  facet normal 0.560771 -0.298803 0.772174
    outer loop
      vertex 23.3079 118.994 2.18968
      vertex 23.4129 118.95 2.0964
      vertex 23.5216 119.154 2.0964
    endloop
  endfacet
  facet normal 0.683424 -0.364208 0.632681
    outer loop
      vertex 23.2217 119.029 2.30333
      vertex 23.4271 119.217 2.18968
      vertex 23.3496 119.269 2.30333
    endloop
  endfacet
  facet normal 0.683937 -0.365584 0.631331
    outer loop
      vertex 23.2217 119.029 2.30333
      vertex 23.3079 118.994 2.18968
      vertex 23.4271 119.217 2.18968
    endloop
  endfacet
  facet normal 0.77909 -0.41686 0.468237
    outer loop
      vertex 23.1577 119.056 2.433
      vertex 23.3496 119.269 2.30333
      vertex 23.292 119.307 2.433
    endloop
  endfacet
  facet normal 0.778629 -0.414944 0.4707
    outer loop
      vertex 23.1577 119.056 2.433
      vertex 23.2217 119.029 2.30333
      vertex 23.3496 119.269 2.30333
    endloop
  endfacet
  facet normal 0.844363 -0.450544 0.289934
    outer loop
      vertex 23.1183 119.072 2.57368
      vertex 23.292 119.307 2.433
      vertex 23.2565 119.331 2.57368
    endloop
  endfacet
  facet normal 0.844396 -0.451802 0.287873
    outer loop
      vertex 23.1183 119.072 2.57368
      vertex 23.1577 119.056 2.433
      vertex 23.292 119.307 2.433
    endloop
  endfacet
  facet normal 0.87789 -0.469671 0.0933676
    outer loop
      vertex 23.21 119.253 2.61853
      vertex 23.2565 119.331 2.57368
      vertex 23.2528 119.333 2.61853
    endloop
  endfacet
  facet normal 0.877147 -0.469451 0.101142
    outer loop
      vertex 23.1183 119.072 2.57368
      vertex 23.21 119.253 2.61853
      vertex 23.1142 119.074 2.61852
    endloop
  endfacet
  facet normal 0.878222 -0.468611 0.0955553
    outer loop
      vertex 23.21 119.253 2.61853
      vertex 23.1183 119.072 2.57368
      vertex 23.2565 119.331 2.57368
    endloop
  endfacet
  facet normal 0.279218 -0.0837655 0.956567
    outer loop
      vertex 23.5327 118.901 2.0271
      vertex 23.6379 118.828 1.99
      vertex 23.6457 118.854 1.99
    endloop
  endfacet
  facet normal 0.27883 -0.0843566 0.956628
    outer loop
      vertex 23.6379 118.828 1.99
      vertex 23.5327 118.901 2.0271
      vertex 23.4731 118.704 2.0271
    endloop
  endfacet
  facet normal 0.27887 -0.0844146 0.956612
    outer loop
      vertex 23.4731 118.704 2.0271
      vertex 23.5931 118.68 1.99
      vertex 23.6379 118.828 1.99
    endloop
  endfacet
  facet normal 0.453046 -0.137973 0.880745
    outer loop
      vertex 23.3459 118.73 2.0964
      vertex 23.5327 118.901 2.0271
      vertex 23.4129 118.95 2.0964
    endloop
  endfacet
  facet normal 0.452209 -0.13681 0.881357
    outer loop
      vertex 23.3459 118.73 2.0964
      vertex 23.4731 118.704 2.0271
      vertex 23.5327 118.901 2.0271
    endloop
  endfacet
  facet normal 0.608398 -0.184531 0.771881
    outer loop
      vertex 23.2345 118.752 2.18968
      vertex 23.4129 118.95 2.0964
      vertex 23.3079 118.994 2.18968
    endloop
  endfacet
  facet normal 0.609065 -0.185488 0.771125
    outer loop
      vertex 23.2345 118.752 2.18968
      vertex 23.3459 118.73 2.0964
      vertex 23.4129 118.95 2.0964
    endloop
  endfacet
  facet normal 0.741593 -0.225341 0.631872
    outer loop
      vertex 23.143 118.77 2.30333
      vertex 23.3079 118.994 2.18968
      vertex 23.2217 119.029 2.30333
    endloop
  endfacet
  facet normal 0.741281 -0.224835 0.632417
    outer loop
      vertex 23.143 118.77 2.30333
      vertex 23.2345 118.752 2.18968
      vertex 23.3079 118.994 2.18968
    endloop
  endfacet
  facet normal 0.844668 -0.255876 0.470174
    outer loop
      vertex 23.075 118.783 2.433
      vertex 23.2217 119.029 2.30333
      vertex 23.1577 119.056 2.433
    endloop
  endfacet
  facet normal 0.84509 -0.25679 0.468916
    outer loop
      vertex 23.075 118.783 2.433
      vertex 23.143 118.77 2.30333
      vertex 23.2217 119.029 2.30333
    endloop
  endfacet
  facet normal 0.916172 -0.278451 0.28826
    outer loop
      vertex 23.0332 118.792 2.57368
      vertex 23.1577 119.056 2.433
      vertex 23.1183 119.072 2.57368
    endloop
  endfacet
  facet normal 0.915951 -0.277469 0.289906
    outer loop
      vertex 23.0332 118.792 2.57368
      vertex 23.075 118.783 2.433
      vertex 23.1577 119.056 2.433
    endloop
  endfacet
  facet normal 0.952122 -0.28892 0.0999451
    outer loop
      vertex 23.1183 119.072 2.57368
      vertex 23.1142 119.074 2.61852
      vertex 23.0878 118.987 2.61852
    endloop
  endfacet
  facet normal 0.951954 -0.289507 0.0998463
    outer loop
      vertex 23.0332 118.792 2.57368
      vertex 23.0878 118.987 2.61852
      vertex 23.0288 118.793 2.61853
    endloop
  endfacet
  facet normal 0.952078 -0.289364 0.0990737
    outer loop
      vertex 23.0878 118.987 2.61852
      vertex 23.0332 118.792 2.57368
      vertex 23.1183 119.072 2.57368
    endloop
  endfacet
  facet normal 0.289741 -0.0300885 0.956632
    outer loop
      vertex 23.4731 118.704 2.0271
      vertex 23.5904 118.654 1.99
      vertex 23.5931 118.68 1.99
    endloop
  endfacet
  facet normal 0.290331 -0.0286061 0.956499
    outer loop
      vertex 23.5904 118.654 1.99
      vertex 23.4731 118.704 2.0271
      vertex 23.453 118.5 2.0271
    endloop
  endfacet
  facet normal 0.290172 -0.0284519 0.956551
    outer loop
      vertex 23.453 118.5 2.0271
      vertex 23.5753 118.5 1.99
      vertex 23.5904 118.654 1.99
    endloop
  endfacet
  facet normal 0.4706 -0.0462416 0.881134
    outer loop
      vertex 23.3233 118.5 2.0964
      vertex 23.4731 118.704 2.0271
      vertex 23.3459 118.73 2.0964
    endloop
  endfacet
  facet normal 0.470752 -0.0463829 0.881046
    outer loop
      vertex 23.3233 118.5 2.0964
      vertex 23.453 118.5 2.0271
      vertex 23.4731 118.704 2.0271
    endloop
  endfacet
  facet normal 0.633482 -0.0623427 0.771242
    outer loop
      vertex 23.2097 118.5 2.18968
      vertex 23.3459 118.73 2.0964
      vertex 23.2345 118.752 2.18968
    endloop
  endfacet
  facet normal 0.63337 -0.0622355 0.771342
    outer loop
      vertex 23.2097 118.5 2.18968
      vertex 23.3233 118.5 2.0964
      vertex 23.3459 118.73 2.0964
    endloop
  endfacet
  facet normal 0.770768 -0.0759349 0.632575
    outer loop
      vertex 23.1164 118.5 2.30333
      vertex 23.2345 118.752 2.18968
      vertex 23.143 118.77 2.30333
    endloop
  endfacet
  facet normal 0.770685 -0.0758451 0.632687
    outer loop
      vertex 23.1164 118.5 2.30333
      vertex 23.2097 118.5 2.18968
      vertex 23.2345 118.752 2.18968
    endloop
  endfacet
  facet normal 0.878686 -0.0866266 0.469475
    outer loop
      vertex 23.0471 118.5 2.433
      vertex 23.143 118.77 2.30333
      vertex 23.075 118.783 2.433
    endloop
  endfacet
  facet normal 0.878639 -0.0865622 0.469574
    outer loop
      vertex 23.0471 118.5 2.433
      vertex 23.1164 118.5 2.30333
      vertex 23.143 118.77 2.30333
    endloop
  endfacet
  facet normal 0.952682 -0.0939632 0.28908
    outer loop
      vertex 23.0044 118.5 2.57368
      vertex 23.075 118.783 2.433
      vertex 23.0332 118.792 2.57368
    endloop
  endfacet
  facet normal 0.952663 -0.0939198 0.289158
    outer loop
      vertex 23.0044 118.5 2.57368
      vertex 23.0471 118.5 2.433
      vertex 23.075 118.783 2.433
    endloop
  endfacet
  facet normal 0.990331 -0.0968565 0.0993158
    outer loop
      vertex 23.0199 118.702 2.61853
      vertex 23.0332 118.792 2.57368
      vertex 23.0288 118.793 2.61853
    endloop
  endfacet
  facet normal 0.990476 -0.0975717 0.0971487
    outer loop
      vertex 23.0044 118.5 2.57368
      vertex 23.0199 118.702 2.61853
      vertex 23 118.5 2.61854
    endloop
  endfacet
  facet normal 0.990412 -0.0976845 0.0976785
    outer loop
      vertex 23.0199 118.702 2.61853
      vertex 23.0044 118.5 2.57368
      vertex 23.0332 118.792 2.57368
    endloop
  endfacet
  facet normal 0.290176 0.0279429 0.956565
    outer loop
      vertex 23.453 118.5 2.0271
      vertex 23.5779 118.473 1.99
      vertex 23.5753 118.5 1.99
    endloop
  endfacet
  facet normal 0.290302 0.0286033 0.956508
    outer loop
      vertex 23.5779 118.473 1.99
      vertex 23.453 118.5 2.0271
      vertex 23.4731 118.296 2.0271
    endloop
  endfacet
  facet normal 0.289986 0.0288091 0.956597
    outer loop
      vertex 23.4731 118.296 2.0271
      vertex 23.5931 118.32 1.99
      vertex 23.5779 118.473 1.99
    endloop
  endfacet
  facet normal 0.470754 0.0462567 0.881051
    outer loop
      vertex 23.3233 118.5 2.0964
      vertex 23.3459 118.27 2.0964
      vertex 23.453 118.5 2.0271
    endloop
  endfacet
  facet normal 0.470578 0.0463657 0.88114
    outer loop
      vertex 23.3459 118.27 2.0964
      vertex 23.4731 118.296 2.0271
      vertex 23.453 118.5 2.0271
    endloop
  endfacet
  facet normal 0.633366 0.0623313 0.771338
    outer loop
      vertex 23.2097 118.5 2.18968
      vertex 23.2345 118.248 2.18968
      vertex 23.3233 118.5 2.0964
    endloop
  endfacet
  facet normal 0.633497 0.062248 0.771237
    outer loop
      vertex 23.2345 118.248 2.18968
      vertex 23.3459 118.27 2.0964
      vertex 23.3233 118.5 2.0964
    endloop
  endfacet
  facet normal 0.77068 0.0759262 0.632683
    outer loop
      vertex 23.1164 118.5 2.30333
      vertex 23.143 118.23 2.30333
      vertex 23.2097 118.5 2.18968
    endloop
  endfacet
  facet normal 0.770779 0.0758544 0.632571
    outer loop
      vertex 23.143 118.23 2.30333
      vertex 23.2345 118.248 2.18968
      vertex 23.2097 118.5 2.18968
    endloop
  endfacet
  facet normal 0.878635 0.0866216 0.469572
    outer loop
      vertex 23.0471 118.5 2.433
      vertex 23.075 118.217 2.433
      vertex 23.1164 118.5 2.30333
    endloop
  endfacet
  facet normal 0.878693 0.0865675 0.469473
    outer loop
      vertex 23.075 118.217 2.433
      vertex 23.143 118.23 2.30333
      vertex 23.1164 118.5 2.30333
    endloop
  endfacet
  facet normal 0.952659 0.0939609 0.289157
    outer loop
      vertex 23.0044 118.5 2.57368
      vertex 23.0332 118.208 2.57368
      vertex 23.0471 118.5 2.433
    endloop
  endfacet
  facet normal 0.952687 0.0939221 0.289079
    outer loop
      vertex 23.0332 118.208 2.57368
      vertex 23.075 118.217 2.433
      vertex 23.0471 118.5 2.433
    endloop
  endfacet
  facet normal 0.99044 0.0979327 0.0971453
    outer loop
      vertex 23 118.5 2.61854
      vertex 23.0089 118.41 2.61853
      vertex 23.0044 118.5 2.57368
    endloop
  endfacet
  facet normal 0.990511 0.0976943 0.0966596
    outer loop
      vertex 23.0089 118.41 2.61853
      vertex 23.0332 118.208 2.57368
      vertex 23.0044 118.5 2.57368
    endloop
  endfacet
  facet normal 0.990309 0.0970795 0.0993186
    outer loop
      vertex 23.0332 118.208 2.57368
      vertex 23.0089 118.41 2.61853
      vertex 23.0288 118.207 2.61853
    endloop
  endfacet
  facet normal 0.279228 0.0826944 0.956657
    outer loop
      vertex 23.4731 118.296 2.0271
      vertex 23.6008 118.294 1.99
      vertex 23.5931 118.32 1.99
    endloop
  endfacet
  facet normal 0.279212 0.0844722 0.956507
    outer loop
      vertex 23.6008 118.294 1.99
      vertex 23.4731 118.296 2.0271
      vertex 23.5327 118.099 2.0271
    endloop
  endfacet
  facet normal 0.278877 0.0846053 0.956593
    outer loop
      vertex 23.5327 118.099 2.0271
      vertex 23.6457 118.146 1.99
      vertex 23.6008 118.294 1.99
    endloop
  endfacet
  facet normal 0.452017 0.13766 0.881323
    outer loop
      vertex 23.3459 118.27 2.0964
      vertex 23.4129 118.05 2.0964
      vertex 23.4731 118.296 2.0271
    endloop
  endfacet
  facet normal 0.45336 0.137159 0.880711
    outer loop
      vertex 23.4129 118.05 2.0964
      vertex 23.5327 118.099 2.0271
      vertex 23.4731 118.296 2.0271
    endloop
  endfacet
  facet normal 0.609234 0.184784 0.771161
    outer loop
      vertex 23.2345 118.248 2.18968
      vertex 23.3079 118.006 2.18968
      vertex 23.3459 118.27 2.0964
    endloop
  endfacet
  facet normal 0.608146 0.185208 0.771918
    outer loop
      vertex 23.3079 118.006 2.18968
      vertex 23.4129 118.05 2.0964
      vertex 23.3459 118.27 2.0964
    endloop
  endfacet
  facet normal 0.741182 0.225216 0.632398
    outer loop
      vertex 23.143 118.23 2.30333
      vertex 23.2217 117.971 2.30333
      vertex 23.2345 118.248 2.18968
    endloop
  endfacet
  facet normal 0.741721 0.224968 0.631854
    outer loop
      vertex 23.2217 117.971 2.30333
      vertex 23.3079 118.006 2.18968
      vertex 23.2345 118.248 2.18968
    endloop
  endfacet
  facet normal 0.845291 0.256064 0.468949
    outer loop
      vertex 23.075 118.217 2.433
      vertex 23.1577 117.944 2.433
      vertex 23.143 118.23 2.30333
    endloop
  endfacet
  facet normal 0.844433 0.25659 0.470206
    outer loop
      vertex 23.143 118.23 2.30333
      vertex 23.1577 117.944 2.433
      vertex 23.2217 117.971 2.30333
    endloop
  endfacet
  facet normal 0.915702 0.278308 0.289886
    outer loop
      vertex 23.0332 118.208 2.57368
      vertex 23.1183 117.928 2.57368
      vertex 23.075 118.217 2.433
    endloop
  endfacet
  facet normal 0.916433 0.277615 0.288238
    outer loop
      vertex 23.075 118.217 2.433
      vertex 23.1183 117.928 2.57368
      vertex 23.1577 117.944 2.433
    endloop
  endfacet
  facet normal 0.951196 0.291995 0.0998273
    outer loop
      vertex 23.0288 118.207 2.61853
      vertex 23.0552 118.121 2.61853
      vertex 23.0332 118.208 2.57368
    endloop
  endfacet
  facet normal 0.952519 0.289498 0.0943341
    outer loop
      vertex 23.0552 118.121 2.61853
      vertex 23.1183 117.928 2.57368
      vertex 23.0332 118.208 2.57368
    endloop
  endfacet
  facet normal 0.952358 0.288144 0.0999322
    outer loop
      vertex 23.1142 117.926 2.61852
      vertex 23.1183 117.928 2.57368
      vertex 23.0552 118.121 2.61853
    endloop
  endfacet
  facet normal 0.257799 0.135345 0.956672
    outer loop
      vertex 23.5327 118.099 2.0271
      vertex 23.6583 118.122 1.99
      vertex 23.6457 118.146 1.99
    endloop
  endfacet
  facet normal 0.257352 0.137491 0.956486
    outer loop
      vertex 23.6583 118.122 1.99
      vertex 23.5327 118.099 2.0271
      vertex 23.6294 117.918 2.0271
    endloop
  endfacet
  facet normal 0.25698 0.13756 0.956576
    outer loop
      vertex 23.6294 117.918 2.0271
      vertex 23.7311 117.986 1.99
      vertex 23.6583 118.122 1.99
    endloop
  endfacet
  facet normal 0.418233 0.222853 0.880578
    outer loop
      vertex 23.4129 118.05 2.0964
      vertex 23.5216 117.846 2.0964
      vertex 23.5327 118.099 2.0271
    endloop
  endfacet
  facet normal 0.417386 0.22299 0.880945
    outer loop
      vertex 23.5216 117.846 2.0964
      vertex 23.6294 117.918 2.0271
      vertex 23.5327 118.099 2.0271
    endloop
  endfacet
  facet normal 0.56042 0.299561 0.772135
    outer loop
      vertex 23.3079 118.006 2.18968
      vertex 23.4271 117.783 2.18968
      vertex 23.4129 118.05 2.0964
    endloop
  endfacet
  facet normal 0.561751 0.299325 0.771259
    outer loop
      vertex 23.4129 118.05 2.0964
      vertex 23.4271 117.783 2.18968
      vertex 23.5216 117.846 2.0964
    endloop
  endfacet
  facet normal 0.684359 0.364706 0.631381
    outer loop
      vertex 23.2217 117.971 2.30333
      vertex 23.3496 117.731 2.30333
      vertex 23.3079 118.006 2.18968
    endloop
  endfacet
  facet normal 0.682931 0.365047 0.632729
    outer loop
      vertex 23.3079 118.006 2.18968
      vertex 23.3496 117.731 2.30333
      vertex 23.4271 117.783 2.18968
    endloop
  endfacet
  facet normal 0.777962 0.416256 0.470644
    outer loop
      vertex 23.1577 117.944 2.433
      vertex 23.292 117.693 2.433
      vertex 23.2217 117.971 2.30333
    endloop
  endfacet
  facet normal 0.779811 0.415574 0.46818
    outer loop
      vertex 23.2217 117.971 2.30333
      vertex 23.292 117.693 2.433
      vertex 23.3496 117.731 2.30333
    endloop
  endfacet
  facet normal 0.844903 0.450832 0.287905
    outer loop
      vertex 23.1183 117.928 2.57368
      vertex 23.2565 117.669 2.57368
      vertex 23.1577 117.944 2.433
    endloop
  endfacet
  facet normal 0.843839 0.451504 0.289966
    outer loop
      vertex 23.1577 117.944 2.433
      vertex 23.2565 117.669 2.57368
      vertex 23.292 117.693 2.433
    endloop
  endfacet
  facet normal 0.877676 0.46846 0.101146
    outer loop
      vertex 23.1142 117.926 2.61852
      vertex 23.1569 117.846 2.61852
      vertex 23.1183 117.928 2.57368
    endloop
  endfacet
  facet normal 0.877756 0.468363 0.1009
    outer loop
      vertex 23.1569 117.846 2.61852
      vertex 23.2565 117.669 2.57368
      vertex 23.1183 117.928 2.57368
    endloop
  endfacet
  facet normal 0.877613 0.47019 0.0933678
    outer loop
      vertex 23.2565 117.669 2.57368
      vertex 23.1569 117.846 2.61852
      vertex 23.2528 117.667 2.61853
    endloop
  endfacet
  facet normal 0.221987 0.189799 0.956399
    outer loop
      vertex 23.6294 117.918 2.0271
      vertex 23.7482 117.966 1.99
      vertex 23.7311 117.986 1.99
    endloop
  endfacet
  facet normal 0.224136 0.184842 0.956868
    outer loop
      vertex 23.7482 117.966 1.99
      vertex 23.6294 117.918 2.0271
      vertex 23.7597 117.76 2.0271
    endloop
  endfacet
  facet normal 0.226607 0.184874 0.95628
    outer loop
      vertex 23.7482 117.966 1.99
      vertex 23.7597 117.76 2.0271
      vertex 23.8461 117.846 1.99
    endloop
  endfacet
  facet normal 0.365516 0.300627 0.880921
    outer loop
      vertex 23.5216 117.846 2.0964
      vertex 23.668 117.668 2.0964
      vertex 23.6294 117.918 2.0271
    endloop
  endfacet
  facet normal 0.364491 0.30059 0.881358
    outer loop
      vertex 23.6294 117.918 2.0271
      vertex 23.668 117.668 2.0964
      vertex 23.7597 117.76 2.0271
    endloop
  endfacet
  facet normal 0.491525 0.404563 0.771189
    outer loop
      vertex 23.4271 117.783 2.18968
      vertex 23.5876 117.588 2.18968
      vertex 23.5216 117.846 2.0964
    endloop
  endfacet
  facet normal 0.491896 0.40457 0.770948
    outer loop
      vertex 23.5216 117.846 2.0964
      vertex 23.5876 117.588 2.18968
      vertex 23.668 117.668 2.0964
    endloop
  endfacet
  facet normal 0.597735 0.492202 0.632811
    outer loop
      vertex 23.3496 117.731 2.30333
      vertex 23.5217 117.522 2.30333
      vertex 23.4271 117.783 2.18968
    endloop
  endfacet
  facet normal 0.597991 0.492193 0.632577
    outer loop
      vertex 23.4271 117.783 2.18968
      vertex 23.5217 117.522 2.30333
      vertex 23.5876 117.588 2.18968
    endloop
  endfacet
  facet normal 0.683138 0.560794 0.467795
    outer loop
      vertex 23.292 117.693 2.433
      vertex 23.4726 117.473 2.433
      vertex 23.3496 117.731 2.30333
    endloop
  endfacet
  facet normal 0.681375 0.561075 0.470025
    outer loop
      vertex 23.3496 117.731 2.30333
      vertex 23.4726 117.473 2.433
      vertex 23.5217 117.522 2.30333
    endloop
  endfacet
  facet normal 0.740201 0.606509 0.290257
    outer loop
      vertex 23.2565 117.669 2.57368
      vertex 23.4425 117.442 2.57368
      vertex 23.292 117.693 2.433
    endloop
  endfacet
  facet normal 0.739261 0.606866 0.291901
    outer loop
      vertex 23.292 117.693 2.433
      vertex 23.4425 117.442 2.57368
      vertex 23.4726 117.473 2.433
    endloop
  endfacet
  facet normal 0.768935 0.632724 0.0916501
    outer loop
      vertex 23.2565 117.669 2.57368
      vertex 23.2528 117.667 2.61853
      vertex 23.3104 117.597 2.61853
    endloop
  endfacet
  facet normal 0.770532 0.631361 0.0875433
    outer loop
      vertex 23.3104 117.597 2.61853
      vertex 23.4425 117.442 2.57368
      vertex 23.2565 117.669 2.57368
    endloop
  endfacet
  facet normal 0.77119 0.629155 0.0971075
    outer loop
      vertex 23.4425 117.442 2.57368
      vertex 23.3104 117.597 2.61853
      vertex 23.4393 117.439 2.61853
    endloop
  endfacet
  facet normal 0.185138 0.226522 0.956249
    outer loop
      vertex 23.7597 117.76 2.0271
      vertex 23.8669 117.829 1.99
      vertex 23.8461 117.846 1.99
    endloop
  endfacet
  facet normal 0.186025 0.225218 0.956385
    outer loop
      vertex 23.8669 117.829 1.99
      vertex 23.7597 117.76 2.0271
      vertex 23.9183 117.629 2.0271
    endloop
  endfacet
  facet normal 0.184605 0.224917 0.95673
    outer loop
      vertex 23.8669 117.829 1.99
      vertex 23.9183 117.629 2.0271
      vertex 23.9863 117.731 1.99
    endloop
  endfacet
  facet normal 0.299323 0.365543 0.881354
    outer loop
      vertex 23.668 117.668 2.0964
      vertex 23.8463 117.522 2.0964
      vertex 23.7597 117.76 2.0271
    endloop
  endfacet
  facet normal 0.302561 0.366306 0.87993
    outer loop
      vertex 23.7597 117.76 2.0271
      vertex 23.8463 117.522 2.0964
      vertex 23.9183 117.629 2.0271
    endloop
  endfacet
  facet normal 0.404982 0.491764 0.770816
    outer loop
      vertex 23.5876 117.588 2.18968
      vertex 23.7831 117.427 2.18968
      vertex 23.668 117.668 2.0964
    endloop
  endfacet
  facet normal 0.40217 0.491143 0.772682
    outer loop
      vertex 23.668 117.668 2.0964
      vertex 23.7831 117.427 2.18968
      vertex 23.8463 117.522 2.0964
    endloop
  endfacet
  facet normal 0.491311 0.598714 0.632578
    outer loop
      vertex 23.5217 117.522 2.30333
      vertex 23.7313 117.35 2.30333
      vertex 23.5876 117.588 2.18968
    endloop
  endfacet
  facet normal 0.493323 0.599035 0.630706
    outer loop
      vertex 23.5876 117.588 2.18968
      vertex 23.7313 117.35 2.30333
      vertex 23.7831 117.427 2.18968
    endloop
  endfacet
  facet normal 0.560514 0.681907 0.469921
    outer loop
      vertex 23.4726 117.473 2.433
      vertex 23.6928 117.292 2.433
      vertex 23.5217 117.522 2.30333
    endloop
  endfacet
  facet normal 0.559549 0.681869 0.471127
    outer loop
      vertex 23.5217 117.522 2.30333
      vertex 23.6928 117.292 2.433
      vertex 23.7313 117.35 2.30333
    endloop
  endfacet
  facet normal 0.606681 0.739107 0.292674
    outer loop
      vertex 23.4425 117.442 2.57368
      vertex 23.6691 117.256 2.57368
      vertex 23.4726 117.473 2.433
    endloop
  endfacet
  facet normal 0.607429 0.738982 0.291437
    outer loop
      vertex 23.4726 117.473 2.433
      vertex 23.6691 117.256 2.57368
      vertex 23.6928 117.292 2.433
    endloop
  endfacet
  facet normal 0.627404 0.772698 0.0964501
    outer loop
      vertex 23.4393 117.439 2.61853
      vertex 23.5095 117.382 2.61853
      vertex 23.4425 117.442 2.57368
    endloop
  endfacet
  facet normal 0.632211 0.769925 0.0867403
    outer loop
      vertex 23.6691 117.256 2.57368
      vertex 23.5095 117.382 2.61853
      vertex 23.6666 117.253 2.61853
    endloop
  endfacet
  facet normal 0.632116 0.770094 0.085928
    outer loop
      vertex 23.5095 117.382 2.61853
      vertex 23.6691 117.256 2.57368
      vertex 23.4425 117.442 2.57368
    endloop
  endfacet
  facet normal 0.140218 0.254549 0.956841
    outer loop
      vertex 23.9183 117.629 2.0271
      vertex 24.0099 117.718 1.99
      vertex 23.9863 117.731 1.99
    endloop
  endfacet
  facet normal 0.136791 0.257908 0.956437
    outer loop
      vertex 24.0099 117.718 1.99
      vertex 23.9183 117.629 2.0271
      vertex 24.0993 117.533 2.0271
    endloop
  endfacet
  facet normal 0.136205 0.257655 0.956589
    outer loop
      vertex 24.0099 117.718 1.99
      vertex 24.0993 117.533 2.0271
      vertex 24.1461 117.646 1.99
    endloop
  endfacet
  facet normal 0.224451 0.418837 0.879885
    outer loop
      vertex 23.8463 117.522 2.0964
      vertex 24.0497 117.413 2.0964
      vertex 23.9183 117.629 2.0271
    endloop
  endfacet
  facet normal 0.221407 0.417445 0.881316
    outer loop
      vertex 23.9183 117.629 2.0271
      vertex 24.0497 117.413 2.0964
      vertex 24.0993 117.533 2.0271
    endloop
  endfacet
  facet normal 0.298716 0.56003 0.772745
    outer loop
      vertex 23.7831 117.427 2.18968
      vertex 24.0062 117.308 2.18968
      vertex 23.8463 117.522 2.0964
    endloop
  endfacet
  facet normal 0.300545 0.560833 0.771453
    outer loop
      vertex 23.8463 117.522 2.0964
      vertex 24.0062 117.308 2.18968
      vertex 24.0497 117.413 2.0964
    endloop
  endfacet
  facet normal 0.366196 0.684328 0.630552
    outer loop
      vertex 23.7313 117.35 2.30333
      vertex 23.9705 117.222 2.30333
      vertex 23.7831 117.427 2.18968
    endloop
  endfacet
  facet normal 0.364725 0.683783 0.631993
    outer loop
      vertex 23.7831 117.427 2.18968
      vertex 23.9705 117.222 2.30333
      vertex 24.0062 117.308 2.18968
    endloop
  endfacet
  facet normal 0.415107 0.77817 0.471315
    outer loop
      vertex 23.6928 117.292 2.433
      vertex 23.944 117.158 2.433
      vertex 23.7313 117.35 2.30333
    endloop
  endfacet
  facet normal 0.416605 0.778531 0.469392
    outer loop
      vertex 23.7313 117.35 2.30333
      vertex 23.944 117.158 2.433
      vertex 23.9705 117.222 2.30333
    endloop
  endfacet
  facet normal 0.450311 0.843843 0.291802
    outer loop
      vertex 23.6691 117.256 2.57368
      vertex 23.9277 117.118 2.57368
      vertex 23.6928 117.292 2.433
    endloop
  endfacet
  facet normal 0.450137 0.843838 0.292087
    outer loop
      vertex 23.6928 117.292 2.433
      vertex 23.9277 117.118 2.57368
      vertex 23.944 117.158 2.433
    endloop
  endfacet
  facet normal 0.471273 0.877883 0.0849907
    outer loop
      vertex 23.6666 117.253 2.61853
      vertex 23.7467 117.21 2.61853
      vertex 23.6691 117.256 2.57368
    endloop
  endfacet
  facet normal 0.469837 0.877508 0.0960917
    outer loop
      vertex 23.9277 117.118 2.57368
      vertex 23.7467 117.21 2.61853
      vertex 23.926 117.114 2.61852
    endloop
  endfacet
  facet normal 0.468894 0.878666 0.0899105
    outer loop
      vertex 23.7467 117.21 2.61853
      vertex 23.9277 117.118 2.57368
      vertex 23.6691 117.256 2.57368
    endloop
  endfacet
  facet normal 0.0866011 0.278206 0.956609
    outer loop
      vertex 24.0993 117.533 2.0271
      vertex 24.1718 117.638 1.99
      vertex 24.1461 117.646 1.99
    endloop
  endfacet
  facet normal 0.0852599 0.279084 0.956474
    outer loop
      vertex 24.1718 117.638 1.99
      vertex 24.0993 117.533 2.0271
      vertex 24.2957 117.473 2.0271
    endloop
  endfacet
  facet normal 0.0848954 0.278834 0.956579
    outer loop
      vertex 24.1718 117.638 1.99
      vertex 24.2957 117.473 2.0271
      vertex 24.3196 117.593 1.99
    endloop
  endfacet
  facet normal 0.137279 0.452202 0.881288
    outer loop
      vertex 24.0497 117.413 2.0964
      vertex 24.2704 117.346 2.0964
      vertex 24.0993 117.533 2.0271
    endloop
  endfacet
  facet normal 0.138392 0.453003 0.880702
    outer loop
      vertex 24.0993 117.533 2.0271
      vertex 24.2704 117.346 2.0964
      vertex 24.2957 117.473 2.0271
    endloop
  endfacet
  facet normal 0.185959 0.608387 0.771547
    outer loop
      vertex 24.0062 117.308 2.18968
      vertex 24.2483 117.234 2.18968
      vertex 24.0497 117.413 2.0964
    endloop
  endfacet
  facet normal 0.184354 0.607267 0.772814
    outer loop
      vertex 24.0497 117.413 2.0964
      vertex 24.2483 117.234 2.18968
      vertex 24.2704 117.346 2.0964
    endloop
  endfacet
  facet normal 0.225633 0.741448 0.631937
    outer loop
      vertex 23.9705 117.222 2.30333
      vertex 24.2301 117.143 2.30333
      vertex 24.0062 117.308 2.18968
    endloop
  endfacet
  facet normal 0.22686 0.742201 0.630613
    outer loop
      vertex 24.0062 117.308 2.18968
      vertex 24.2301 117.143 2.30333
      vertex 24.2483 117.234 2.18968
    endloop
  endfacet
  facet normal 0.257182 0.844671 0.469455
    outer loop
      vertex 23.944 117.158 2.433
      vertex 24.2166 117.075 2.433
      vertex 23.9705 117.222 2.30333
    endloop
  endfacet
  facet normal 0.257023 0.844598 0.469673
    outer loop
      vertex 23.9705 117.222 2.30333
      vertex 24.2166 117.075 2.433
      vertex 24.2301 117.143 2.30333
    endloop
  endfacet
  facet normal 0.277337 0.915211 0.292359
    outer loop
      vertex 23.9277 117.118 2.57368
      vertex 24.2082 117.033 2.57368
      vertex 23.944 117.158 2.433
    endloop
  endfacet
  facet normal 0.278758 0.915536 0.289978
    outer loop
      vertex 23.944 117.158 2.433
      vertex 24.2082 117.033 2.57368
      vertex 24.2166 117.075 2.433
    endloop
  endfacet
  facet normal 0.285621 0.953533 0.0958896
    outer loop
      vertex 23.926 117.114 2.61852
      vertex 24.0128 117.088 2.61852
      vertex 23.9277 117.118 2.57368
    endloop
  endfacet
  facet normal 0.288958 0.953087 0.0901564
    outer loop
      vertex 24.2082 117.033 2.57368
      vertex 24.0128 117.088 2.61852
      vertex 24.2074 117.029 2.61853
    endloop
  endfacet
  facet normal 0.288843 0.95318 0.0895386
    outer loop
      vertex 24.0128 117.088 2.61852
      vertex 24.2082 117.033 2.57368
      vertex 23.9277 117.118 2.57368
    endloop
  endfacet
  facet normal 0.0325058 0.289301 0.956686
    outer loop
      vertex 24.2957 117.473 2.0271
      vertex 24.3463 117.59 1.99
      vertex 24.3196 117.593 1.99
    endloop
  endfacet
  facet normal 0.0284803 0.290927 0.956321
    outer loop
      vertex 24.3463 117.59 1.99
      vertex 24.2957 117.473 2.0271
      vertex 24.5 117.453 2.0271
    endloop
  endfacet
  facet normal 0.0283825 0.290826 0.956355
    outer loop
      vertex 24.3463 117.59 1.99
      vertex 24.5 117.453 2.0271
      vertex 24.5 117.575 1.99
    endloop
  endfacet
  facet normal 0.0472022 0.471201 0.880762
    outer loop
      vertex 24.2704 117.346 2.0964
      vertex 24.5 117.323 2.0964
      vertex 24.2957 117.473 2.0271
    endloop
  endfacet
  facet normal 0.0460024 0.469914 0.881513
    outer loop
      vertex 24.2957 117.473 2.0271
      vertex 24.5 117.323 2.0964
      vertex 24.5 117.453 2.0271
    endloop
  endfacet
  facet normal 0.0602394 0.631761 0.772819
    outer loop
      vertex 24.2483 117.234 2.18968
      vertex 24.5 117.21 2.18968
      vertex 24.2704 117.346 2.0964
    endloop
  endfacet
  facet normal 0.0636423 0.635316 0.769626
    outer loop
      vertex 24.2704 117.346 2.0964
      vertex 24.5 117.21 2.18968
      vertex 24.5 117.323 2.0964
    endloop
  endfacet
  facet normal 0.0772482 0.772196 0.630671
    outer loop
      vertex 24.2301 117.143 2.30333
      vertex 24.5 117.116 2.30333
      vertex 24.2483 117.234 2.18968
    endloop
  endfacet
  facet normal 0.0732783 0.768506 0.635632
    outer loop
      vertex 24.2483 117.234 2.18968
      vertex 24.5 117.116 2.30333
      vertex 24.5 117.21 2.18968
    endloop
  endfacet
  facet normal 0.0867986 0.878526 0.469743
    outer loop
      vertex 24.2166 117.075 2.433
      vertex 24.5 117.047 2.433
      vertex 24.2301 117.143 2.30333
    endloop
  endfacet
  facet normal 0.0879701 0.879375 0.467933
    outer loop
      vertex 24.2301 117.143 2.30333
      vertex 24.5 117.047 2.433
      vertex 24.5 117.116 2.30333
    endloop
  endfacet
  facet normal 0.0946469 0.952343 0.289973
    outer loop
      vertex 24.2082 117.033 2.57368
      vertex 24.5 117.004 2.57368
      vertex 24.2166 117.075 2.433
    endloop
  endfacet
  facet normal 0.0940661 0.952084 0.291012
    outer loop
      vertex 24.2166 117.075 2.433
      vertex 24.5 117.004 2.57368
      vertex 24.5 117.047 2.433
    endloop
  endfacet
  facet normal 0.0987726 0.991018 0.090147
    outer loop
      vertex 24.2074 117.029 2.61853
      vertex 24.2977 117.02 2.61853
      vertex 24.2082 117.033 2.57368
    endloop
  endfacet
  facet normal 0.0979941 0.991254 0.0883865
    outer loop
      vertex 24.5 117.004 2.57368
      vertex 24.2977 117.02 2.61853
      vertex 24.5 117 2.61854
    endloop
  endfacet
  facet normal 0.0984882 0.990996 0.0907078
    outer loop
      vertex 24.2977 117.02 2.61853
      vertex 24.5 117.004 2.57368
      vertex 24.2082 117.033 2.57368
    endloop
  endfacet
  facet normal -0.0326728 0.290788 0.95623
    outer loop
      vertex 24.5 117.453 2.0271
      vertex 24.5267 117.578 1.99
      vertex 24.5 117.575 1.99
    endloop
  endfacet
  facet normal -0.0283882 0.289986 0.95661
    outer loop
      vertex 24.5267 117.578 1.99
      vertex 24.5 117.453 2.0271
      vertex 24.7043 117.473 2.0271
    endloop
  endfacet
  facet normal -0.0283119 0.290103 0.956577
    outer loop
      vertex 24.5267 117.578 1.99
      vertex 24.7043 117.473 2.0271
      vertex 24.6804 117.593 1.99
    endloop
  endfacet
  facet normal -0.0470709 0.469891 0.881469
    outer loop
      vertex 24.5 117.323 2.0964
      vertex 24.7296 117.346 2.0964
      vertex 24.5 117.453 2.0271
    endloop
  endfacet
  facet normal -0.0461466 0.471388 0.880718
    outer loop
      vertex 24.5 117.453 2.0271
      vertex 24.7296 117.346 2.0964
      vertex 24.7043 117.473 2.0271
    endloop
  endfacet
  facet normal -0.0605899 0.635437 0.769772
    outer loop
      vertex 24.5 117.21 2.18968
      vertex 24.7517 117.234 2.18968
      vertex 24.5 117.323 2.0964
    endloop
  endfacet
  facet normal -0.063239 0.63129 0.772964
    outer loop
      vertex 24.5 117.323 2.0964
      vertex 24.7517 117.234 2.18968
      vertex 24.7296 117.346 2.0964
    endloop
  endfacet
  facet normal -0.0768583 0.768299 0.63546
    outer loop
      vertex 24.5 117.116 2.30333
      vertex 24.7699 117.143 2.30333
      vertex 24.5 117.21 2.18968
    endloop
  endfacet
  facet normal -0.0736772 0.772689 0.630494
    outer loop
      vertex 24.5 117.21 2.18968
      vertex 24.7699 117.143 2.30333
      vertex 24.7517 117.234 2.18968
    endloop
  endfacet
  facet normal -0.0868907 0.879458 0.467977
    outer loop
      vertex 24.5 117.047 2.433
      vertex 24.7834 117.075 2.433
      vertex 24.5 117.116 2.30333
    endloop
  endfacet
  facet normal -0.0878721 0.878396 0.469786
    outer loop
      vertex 24.5 117.116 2.30333
      vertex 24.7834 117.075 2.433
      vertex 24.7699 117.143 2.30333
    endloop
  endfacet
  facet normal -0.0946161 0.952034 0.290997
    outer loop
      vertex 24.5 117.004 2.57368
      vertex 24.7918 117.033 2.57368
      vertex 24.5 117.047 2.433
    endloop
  endfacet
  facet normal -0.0940976 0.952402 0.289958
    outer loop
      vertex 24.5 117.047 2.433
      vertex 24.7918 117.033 2.57368
      vertex 24.7834 117.075 2.433
    endloop
  endfacet
  facet normal -0.0987786 0.991177 0.0883796
    outer loop
      vertex 24.5 117 2.61854
      vertex 24.5903 117.009 2.61853
      vertex 24.5 117.004 2.57368
    endloop
  endfacet
  facet normal -0.0979829 0.991097 0.0901399
    outer loop
      vertex 24.7918 117.033 2.57368
      vertex 24.5903 117.009 2.61853
      vertex 24.7926 117.029 2.61853
    endloop
  endfacet
  facet normal -0.0985137 0.991252 0.0878379
    outer loop
      vertex 24.5903 117.009 2.61853
      vertex 24.7918 117.033 2.57368
      vertex 24.5 117.004 2.57368
    endloop
  endfacet
  facet normal -0.0850754 0.27848 0.956667
    outer loop
      vertex 24.7061 117.601 1.99
      vertex 24.7043 117.473 2.0271
      vertex 24.9007 117.533 2.0271
    endloop
  endfacet
  facet normal -0.0866809 0.278462 0.956528
    outer loop
      vertex 24.7043 117.473 2.0271
      vertex 24.7061 117.601 1.99
      vertex 24.6804 117.593 1.99
    endloop
  endfacet
  facet normal -0.0849123 0.27889 0.956562
    outer loop
      vertex 24.7061 117.601 1.99
      vertex 24.9007 117.533 2.0271
      vertex 24.8539 117.646 1.99
    endloop
  endfacet
  facet normal -0.137577 0.453184 0.880737
    outer loop
      vertex 24.7043 117.473 2.0271
      vertex 24.7296 117.346 2.0964
      vertex 24.9503 117.413 2.0964
    endloop
  endfacet
  facet normal -0.138055 0.4519 0.881321
    outer loop
      vertex 24.7043 117.473 2.0271
      vertex 24.9503 117.413 2.0964
      vertex 24.9007 117.533 2.0271
    endloop
  endfacet
  facet normal -0.18553 0.606984 0.772754
    outer loop
      vertex 24.7296 117.346 2.0964
      vertex 24.7517 117.234 2.18968
      vertex 24.9938 117.308 2.18968
    endloop
  endfacet
  facet normal -0.184821 0.608807 0.771489
    outer loop
      vertex 24.7296 117.346 2.0964
      vertex 24.9938 117.308 2.18968
      vertex 24.9503 117.413 2.0964
    endloop
  endfacet
  facet normal -0.225936 0.742443 0.630659
    outer loop
      vertex 24.7517 117.234 2.18968
      vertex 24.7699 117.143 2.30333
      vertex 25.0295 117.222 2.30333
    endloop
  endfacet
  facet normal -0.226534 0.741134 0.631983
    outer loop
      vertex 24.7517 117.234 2.18968
      vertex 25.0295 117.222 2.30333
      vertex 24.9938 117.308 2.18968
    endloop
  endfacet
  facet normal -0.257149 0.844563 0.469668
    outer loop
      vertex 24.7699 117.143 2.30333
      vertex 24.7834 117.075 2.433
      vertex 25.056 117.158 2.433
    endloop
  endfacet
  facet normal -0.257058 0.844712 0.46945
    outer loop
      vertex 24.7699 117.143 2.30333
      vertex 25.056 117.158 2.433
      vertex 25.0295 117.222 2.30333
    endloop
  endfacet
  facet normal -0.277544 0.915894 0.290012
    outer loop
      vertex 24.7834 117.075 2.433
      vertex 24.7918 117.033 2.57368
      vertex 25.0723 117.118 2.57368
    endloop
  endfacet
  facet normal -0.278544 0.914834 0.292391
    outer loop
      vertex 24.7834 117.075 2.433
      vertex 25.0723 117.118 2.57368
      vertex 25.056 117.158 2.433
    endloop
  endfacet
  facet normal -0.285774 0.954044 0.090185
    outer loop
      vertex 24.7918 117.033 2.57368
      vertex 24.7926 117.029 2.61853
      vertex 24.8794 117.055 2.61853
    endloop
  endfacet
  facet normal -0.288801 0.952571 0.0959244
    outer loop
      vertex 25.0723 117.118 2.57368
      vertex 24.8794 117.055 2.61853
      vertex 25.074 117.114 2.61852
    endloop
  endfacet
  facet normal -0.288653 0.952554 0.0965394
    outer loop
      vertex 24.8794 117.055 2.61853
      vertex 25.0723 117.118 2.57368
      vertex 24.7918 117.033 2.57368
    endloop
  endfacet
  facet normal -0.137044 0.258386 0.956272
    outer loop
      vertex 24.8775 117.658 1.99
      vertex 24.9007 117.533 2.0271
      vertex 25.0817 117.629 2.0271
    endloop
  endfacet
  facet normal -0.13193 0.259462 0.956699
    outer loop
      vertex 24.9007 117.533 2.0271
      vertex 24.8775 117.658 1.99
      vertex 24.8539 117.646 1.99
    endloop
  endfacet
  facet normal -0.137417 0.256386 0.956757
    outer loop
      vertex 24.8775 117.658 1.99
      vertex 25.0817 117.629 2.0271
      vertex 25.0137 117.731 1.99
    endloop
  endfacet
  facet normal -0.223267 0.416629 0.881233
    outer loop
      vertex 24.9007 117.533 2.0271
      vertex 24.9503 117.413 2.0964
      vertex 25.1537 117.522 2.0964
    endloop
  endfacet
  facet normal -0.22273 0.419938 0.879797
    outer loop
      vertex 24.9007 117.533 2.0271
      vertex 25.1537 117.522 2.0964
      vertex 25.0817 117.629 2.0271
    endloop
  endfacet
  facet normal -0.299421 0.561351 0.771513
    outer loop
      vertex 24.9503 117.413 2.0964
      vertex 24.9938 117.308 2.18968
      vertex 25.2169 117.427 2.18968
    endloop
  endfacet
  facet normal -0.299769 0.559386 0.772804
    outer loop
      vertex 24.9503 117.413 2.0964
      vertex 25.2169 117.427 2.18968
      vertex 25.1537 117.522 2.0964
    endloop
  endfacet
  facet normal -0.365661 0.683329 0.631944
    outer loop
      vertex 24.9938 117.308 2.18968
      vertex 25.0295 117.222 2.30333
      vertex 25.2687 117.35 2.30333
    endloop
  endfacet
  facet normal -0.365297 0.684856 0.6305
    outer loop
      vertex 24.9938 117.308 2.18968
      vertex 25.2687 117.35 2.30333
      vertex 25.2169 117.427 2.18968
    endloop
  endfacet
  facet normal -0.415577 0.779052 0.469439
    outer loop
      vertex 25.0295 117.222 2.30333
      vertex 25.056 117.158 2.433
      vertex 25.3072 117.292 2.433
    endloop
  endfacet
  facet normal -0.41611 0.777606 0.471361
    outer loop
      vertex 25.0295 117.222 2.30333
      vertex 25.3072 117.292 2.433
      vertex 25.2687 117.35 2.30333
    endloop
  endfacet
  facet normal -0.450271 0.843768 0.292082
    outer loop
      vertex 25.056 117.158 2.433
      vertex 25.0723 117.118 2.57368
      vertex 25.3309 117.256 2.57368
    endloop
  endfacet
  facet normal -0.450178 0.843916 0.291798
    outer loop
      vertex 25.056 117.158 2.433
      vertex 25.3309 117.256 2.57368
      vertex 25.3072 117.292 2.433
    endloop
  endfacet
  facet normal -0.471253 0.87675 0.0960778
    outer loop
      vertex 25.0723 117.118 2.57368
      vertex 25.074 117.114 2.61852
      vertex 25.154 117.157 2.61852
    endloop
  endfacet
  facet normal -0.47011 0.878509 0.0849677
    outer loop
      vertex 25.3309 117.256 2.57368
      vertex 25.154 117.157 2.61852
      vertex 25.3334 117.253 2.61853
    endloop
  endfacet
  facet normal -0.468885 0.87865 0.0901108
    outer loop
      vertex 25.154 117.157 2.61852
      vertex 25.3309 117.256 2.57368
      vertex 25.0723 117.118 2.57368
    endloop
  endfacet
  facet normal -0.185549 0.224642 0.956612
    outer loop
      vertex 25.0345 117.748 1.99
      vertex 25.0817 117.629 2.0271
      vertex 25.2403 117.76 2.0271
    endloop
  endfacet
  facet normal -0.184104 0.225257 0.956747
    outer loop
      vertex 25.0817 117.629 2.0271
      vertex 25.0345 117.748 1.99
      vertex 25.0137 117.731 1.99
    endloop
  endfacet
  facet normal -0.185571 0.226094 0.956266
    outer loop
      vertex 25.0345 117.748 1.99
      vertex 25.2403 117.76 2.0271
      vertex 25.1539 117.846 1.99
    endloop
  endfacet
  facet normal -0.300904 0.367474 0.880011
    outer loop
      vertex 25.0817 117.629 2.0271
      vertex 25.1537 117.522 2.0964
      vertex 25.332 117.668 2.0964
    endloop
  endfacet
  facet normal -0.30078 0.36415 0.881434
    outer loop
      vertex 25.0817 117.629 2.0271
      vertex 25.332 117.668 2.0964
      vertex 25.2403 117.76 2.0271
    endloop
  endfacet
  facet normal -0.403611 0.490099 0.772594
    outer loop
      vertex 25.1537 117.522 2.0964
      vertex 25.2169 117.427 2.18968
      vertex 25.4124 117.588 2.18968
    endloop
  endfacet
  facet normal -0.403672 0.492978 0.770728
    outer loop
      vertex 25.1537 117.522 2.0964
      vertex 25.4124 117.588 2.18968
      vertex 25.332 117.668 2.0964
    endloop
  endfacet
  facet normal -0.492246 0.599853 0.63077
    outer loop
      vertex 25.2169 117.427 2.18968
      vertex 25.2687 117.35 2.30333
      vertex 25.4783 117.522 2.30333
    endloop
  endfacet
  facet normal -0.49232 0.597817 0.632642
    outer loop
      vertex 25.2169 117.427 2.18968
      vertex 25.4783 117.522 2.30333
      vertex 25.4124 117.588 2.18968
    endloop
  endfacet
  facet normal -0.560116 0.681423 0.471096
    outer loop
      vertex 25.2687 117.35 2.30333
      vertex 25.3072 117.292 2.433
      vertex 25.5274 117.473 2.433
    endloop
  endfacet
  facet normal -0.559966 0.682378 0.469892
    outer loop
      vertex 25.2687 117.35 2.30333
      vertex 25.5274 117.473 2.433
      vertex 25.4783 117.522 2.30333
    endloop
  endfacet
  facet normal -0.606917 0.739395 0.291457
    outer loop
      vertex 25.3072 117.292 2.433
      vertex 25.3309 117.256 2.57368
      vertex 25.5575 117.442 2.57368
    endloop
  endfacet
  facet normal -0.607186 0.738687 0.29269
    outer loop
      vertex 25.3072 117.292 2.433
      vertex 25.5575 117.442 2.57368
      vertex 25.5274 117.473 2.433
    endloop
  endfacet
  facet normal -0.628507 0.772953 0.0867364
    outer loop
      vertex 25.3334 117.253 2.61853
      vertex 25.4035 117.31 2.61853
      vertex 25.3309 117.256 2.57368
    endloop
  endfacet
  facet normal -0.6314 0.769427 0.0965164
    outer loop
      vertex 25.5575 117.442 2.57368
      vertex 25.4035 117.31 2.61853
      vertex 25.5607 117.439 2.61853
    endloop
  endfacet
  facet normal -0.631537 0.769388 0.0959331
    outer loop
      vertex 25.4035 117.31 2.61853
      vertex 25.5575 117.442 2.57368
      vertex 25.3309 117.256 2.57368
    endloop
  endfacet
  facet normal -0.225104 0.18564 0.956486
    outer loop
      vertex 25.1709 117.867 1.99
      vertex 25.2403 117.76 2.0271
      vertex 25.3706 117.918 2.0271
    endloop
  endfacet
  facet normal -0.227388 0.184076 0.956248
    outer loop
      vertex 25.2403 117.76 2.0271
      vertex 25.1709 117.867 1.99
      vertex 25.1539 117.846 1.99
    endloop
  endfacet
  facet normal -0.225038 0.185325 0.956563
    outer loop
      vertex 25.1709 117.867 1.99
      vertex 25.3706 117.918 2.0271
      vertex 25.2689 117.986 1.99
    endloop
  endfacet
  facet normal -0.364924 0.30014 0.881332
    outer loop
      vertex 25.2403 117.76 2.0271
      vertex 25.332 117.668 2.0964
      vertex 25.4784 117.846 2.0964
    endloop
  endfacet
  facet normal -0.365157 0.301139 0.880895
    outer loop
      vertex 25.2403 117.76 2.0271
      vertex 25.4784 117.846 2.0964
      vertex 25.3706 117.918 2.0271
    endloop
  endfacet
  facet normal -0.49174 0.40474 0.770959
    outer loop
      vertex 25.332 117.668 2.0964
      vertex 25.4124 117.588 2.18968
      vertex 25.5729 117.783 2.18968
    endloop
  endfacet
  facet normal -0.49166 0.404376 0.7712
    outer loop
      vertex 25.332 117.668 2.0964
      vertex 25.5729 117.783 2.18968
      vertex 25.4784 117.846 2.0964
    endloop
  endfacet
  facet normal -0.597878 0.49232 0.632585
    outer loop
      vertex 25.4124 117.588 2.18968
      vertex 25.4783 117.522 2.30333
      vertex 25.6504 117.731 2.30333
    endloop
  endfacet
  facet normal -0.597838 0.492067 0.632819
    outer loop
      vertex 25.4124 117.588 2.18968
      vertex 25.6504 117.731 2.30333
      vertex 25.5729 117.783 2.18968
    endloop
  endfacet
  facet normal -0.682245 0.560061 0.469972
    outer loop
      vertex 25.4783 117.522 2.30333
      vertex 25.5274 117.473 2.433
      vertex 25.708 117.693 2.433
    endloop
  endfacet
  facet normal -0.682313 0.561847 0.467737
    outer loop
      vertex 25.4783 117.522 2.30333
      vertex 25.708 117.693 2.433
      vertex 25.6504 117.731 2.30333
    endloop
  endfacet
  facet normal -0.739821 0.606197 0.291873
    outer loop
      vertex 25.5274 117.473 2.433
      vertex 25.5575 117.442 2.57368
      vertex 25.7435 117.669 2.57368
    endloop
  endfacet
  facet normal -0.739653 0.607188 0.290235
    outer loop
      vertex 25.5274 117.473 2.433
      vertex 25.7435 117.669 2.57368
      vertex 25.708 117.693 2.433
    endloop
  endfacet
  facet normal -0.769073 0.631738 0.0971293
    outer loop
      vertex 25.5575 117.442 2.57368
      vertex 25.5607 117.439 2.61853
      vertex 25.6182 117.509 2.61853
    endloop
  endfacet
  facet normal -0.771347 0.629771 0.0917174
    outer loop
      vertex 25.7435 117.669 2.57368
      vertex 25.6182 117.509 2.61853
      vertex 25.7472 117.667 2.61853
    endloop
  endfacet
  facet normal -0.769659 0.630646 0.0995549
    outer loop
      vertex 25.6182 117.509 2.61853
      vertex 25.7435 117.669 2.57368
      vertex 25.5575 117.442 2.57368
    endloop
  endfacet
  facet normal -0.256732 0.13716 0.9567
    outer loop
      vertex 25.2815 118.01 1.99
      vertex 25.3706 117.918 2.0271
      vertex 25.4673 118.099 2.0271
    endloop
  endfacet
  facet normal -0.258271 0.135593 0.95651
    outer loop
      vertex 25.3706 117.918 2.0271
      vertex 25.2815 118.01 1.99
      vertex 25.2689 117.986 1.99
    endloop
  endfacet
  facet normal -0.25688 0.137506 0.956611
    outer loop
      vertex 25.2815 118.01 1.99
      vertex 25.4673 118.099 2.0271
      vertex 25.3543 118.146 1.99
    endloop
  endfacet
  facet normal -0.417666 0.22255 0.880924
    outer loop
      vertex 25.3706 117.918 2.0271
      vertex 25.4784 117.846 2.0964
      vertex 25.5871 118.05 2.0964
    endloop
  endfacet
  facet normal -0.418024 0.223331 0.880556
    outer loop
      vertex 25.3706 117.918 2.0271
      vertex 25.5871 118.05 2.0964
      vertex 25.4673 118.099 2.0271
    endloop
  endfacet
  facet normal -0.561315 0.300039 0.771299
    outer loop
      vertex 25.4784 117.846 2.0964
      vertex 25.5729 117.783 2.18968
      vertex 25.6921 118.006 2.18968
    endloop
  endfacet
  facet normal -0.560771 0.298803 0.772174
    outer loop
      vertex 25.4784 117.846 2.0964
      vertex 25.6921 118.006 2.18968
      vertex 25.5871 118.05 2.0964
    endloop
  endfacet
  facet normal -0.683424 0.364208 0.632681
    outer loop
      vertex 25.5729 117.783 2.18968
      vertex 25.6504 117.731 2.30333
      vertex 25.7783 117.971 2.30333
    endloop
  endfacet
  facet normal -0.683937 0.365584 0.631331
    outer loop
      vertex 25.5729 117.783 2.18968
      vertex 25.7783 117.971 2.30333
      vertex 25.6921 118.006 2.18968
    endloop
  endfacet
  facet normal -0.77909 0.41686 0.468237
    outer loop
      vertex 25.6504 117.731 2.30333
      vertex 25.708 117.693 2.433
      vertex 25.8423 117.944 2.433
    endloop
  endfacet
  facet normal -0.778629 0.414944 0.4707
    outer loop
      vertex 25.6504 117.731 2.30333
      vertex 25.8423 117.944 2.433
      vertex 25.7783 117.971 2.30333
    endloop
  endfacet
  facet normal -0.844363 0.450544 0.289934
    outer loop
      vertex 25.708 117.693 2.433
      vertex 25.7435 117.669 2.57368
      vertex 25.8817 117.928 2.57368
    endloop
  endfacet
  facet normal -0.844396 0.451802 0.287873
    outer loop
      vertex 25.708 117.693 2.433
      vertex 25.8817 117.928 2.57368
      vertex 25.8423 117.944 2.433
    endloop
  endfacet
  facet normal -0.87789 0.469671 0.0933676
    outer loop
      vertex 25.7435 117.669 2.57368
      vertex 25.7472 117.667 2.61853
      vertex 25.79 117.747 2.61853
    endloop
  endfacet
  facet normal -0.877147 0.469451 0.101142
    outer loop
      vertex 25.8817 117.928 2.57368
      vertex 25.79 117.747 2.61853
      vertex 25.8858 117.926 2.61852
    endloop
  endfacet
  facet normal -0.878222 0.468611 0.0955553
    outer loop
      vertex 25.79 117.747 2.61853
      vertex 25.8817 117.928 2.57368
      vertex 25.7435 117.669 2.57368
    endloop
  endfacet
  facet normal -0.27883 0.0843566 0.956628
    outer loop
      vertex 25.3621 118.172 1.99
      vertex 25.4673 118.099 2.0271
      vertex 25.5269 118.296 2.0271
    endloop
  endfacet
  facet normal -0.279218 0.0837655 0.956567
    outer loop
      vertex 25.4673 118.099 2.0271
      vertex 25.3621 118.172 1.99
      vertex 25.3543 118.146 1.99
    endloop
  endfacet
  facet normal -0.27887 0.0844146 0.956612
    outer loop
      vertex 25.3621 118.172 1.99
      vertex 25.5269 118.296 2.0271
      vertex 25.4069 118.32 1.99
    endloop
  endfacet
  facet normal -0.453046 0.137973 0.880745
    outer loop
      vertex 25.4673 118.099 2.0271
      vertex 25.5871 118.05 2.0964
      vertex 25.6541 118.27 2.0964
    endloop
  endfacet
  facet normal -0.452209 0.13681 0.881357
    outer loop
      vertex 25.4673 118.099 2.0271
      vertex 25.6541 118.27 2.0964
      vertex 25.5269 118.296 2.0271
    endloop
  endfacet
  facet normal -0.608398 0.184531 0.771881
    outer loop
      vertex 25.5871 118.05 2.0964
      vertex 25.6921 118.006 2.18968
      vertex 25.7655 118.248 2.18968
    endloop
  endfacet
  facet normal -0.609065 0.185488 0.771125
    outer loop
      vertex 25.5871 118.05 2.0964
      vertex 25.7655 118.248 2.18968
      vertex 25.6541 118.27 2.0964
    endloop
  endfacet
  facet normal -0.741593 0.225341 0.631872
    outer loop
      vertex 25.6921 118.006 2.18968
      vertex 25.7783 117.971 2.30333
      vertex 25.857 118.23 2.30333
    endloop
  endfacet
  facet normal -0.741281 0.224835 0.632417
    outer loop
      vertex 25.6921 118.006 2.18968
      vertex 25.857 118.23 2.30333
      vertex 25.7655 118.248 2.18968
    endloop
  endfacet
  facet normal -0.844668 0.255876 0.470174
    outer loop
      vertex 25.7783 117.971 2.30333
      vertex 25.8423 117.944 2.433
      vertex 25.925 118.217 2.433
    endloop
  endfacet
  facet normal -0.84509 0.25679 0.468916
    outer loop
      vertex 25.7783 117.971 2.30333
      vertex 25.925 118.217 2.433
      vertex 25.857 118.23 2.30333
    endloop
  endfacet
  facet normal -0.916172 0.278451 0.28826
    outer loop
      vertex 25.8423 117.944 2.433
      vertex 25.8817 117.928 2.57368
      vertex 25.9668 118.208 2.57368
    endloop
  endfacet
  facet normal -0.915951 0.277469 0.289906
    outer loop
      vertex 25.8423 117.944 2.433
      vertex 25.9668 118.208 2.57368
      vertex 25.925 118.217 2.433
    endloop
  endfacet
  facet normal -0.952122 0.28892 0.0999451
    outer loop
      vertex 25.8817 117.928 2.57368
      vertex 25.8858 117.926 2.61852
      vertex 25.9122 118.013 2.61852
    endloop
  endfacet
  facet normal -0.951954 0.289507 0.0998463
    outer loop
      vertex 25.9668 118.208 2.57368
      vertex 25.9122 118.013 2.61852
      vertex 25.9712 118.207 2.61853
    endloop
  endfacet
  facet normal -0.952078 0.289364 0.0990737
    outer loop
      vertex 25.9122 118.013 2.61852
      vertex 25.9668 118.208 2.57368
      vertex 25.8817 117.928 2.57368
    endloop
  endfacet
  facet normal -0.290331 0.0286061 0.956499
    outer loop
      vertex 25.4096 118.346 1.99
      vertex 25.5269 118.296 2.0271
      vertex 25.547 118.5 2.0271
    endloop
  endfacet
  facet normal -0.289741 0.0300885 0.956632
    outer loop
      vertex 25.5269 118.296 2.0271
      vertex 25.4096 118.346 1.99
      vertex 25.4069 118.32 1.99
    endloop
  endfacet
  facet normal -0.290172 0.0284519 0.956551
    outer loop
      vertex 25.4096 118.346 1.99
      vertex 25.547 118.5 2.0271
      vertex 25.4247 118.5 1.99
    endloop
  endfacet
  facet normal -0.4706 0.0462416 0.881134
    outer loop
      vertex 25.5269 118.296 2.0271
      vertex 25.6541 118.27 2.0964
      vertex 25.6767 118.5 2.0964
    endloop
  endfacet
  facet normal -0.470752 0.0463829 0.881046
    outer loop
      vertex 25.5269 118.296 2.0271
      vertex 25.6767 118.5 2.0964
      vertex 25.547 118.5 2.0271
    endloop
  endfacet
  facet normal -0.633482 0.0623427 0.771242
    outer loop
      vertex 25.6541 118.27 2.0964
      vertex 25.7655 118.248 2.18968
      vertex 25.7903 118.5 2.18968
    endloop
  endfacet
  facet normal -0.63337 0.0622355 0.771342
    outer loop
      vertex 25.6541 118.27 2.0964
      vertex 25.7903 118.5 2.18968
      vertex 25.6767 118.5 2.0964
    endloop
  endfacet
  facet normal -0.770768 0.0759349 0.632575
    outer loop
      vertex 25.7655 118.248 2.18968
      vertex 25.857 118.23 2.30333
      vertex 25.8836 118.5 2.30333
    endloop
  endfacet
  facet normal -0.770685 0.0758451 0.632687
    outer loop
      vertex 25.7655 118.248 2.18968
      vertex 25.8836 118.5 2.30333
      vertex 25.7903 118.5 2.18968
    endloop
  endfacet
  facet normal -0.878686 0.0866266 0.469475
    outer loop
      vertex 25.857 118.23 2.30333
      vertex 25.925 118.217 2.433
      vertex 25.9529 118.5 2.433
    endloop
  endfacet
  facet normal -0.878639 0.0865622 0.469574
    outer loop
      vertex 25.857 118.23 2.30333
      vertex 25.9529 118.5 2.433
      vertex 25.8836 118.5 2.30333
    endloop
  endfacet
  facet normal -0.952682 0.0939632 0.28908
    outer loop
      vertex 25.925 118.217 2.433
      vertex 25.9668 118.208 2.57368
      vertex 25.9956 118.5 2.57368
    endloop
  endfacet
  facet normal -0.952663 0.0939198 0.289158
    outer loop
      vertex 25.925 118.217 2.433
      vertex 25.9956 118.5 2.57368
      vertex 25.9529 118.5 2.433
    endloop
  endfacet
  facet normal -0.990331 0.0968565 0.0993158
    outer loop
      vertex 25.9668 118.208 2.57368
      vertex 25.9712 118.207 2.61853
      vertex 25.9801 118.298 2.61853
    endloop
  endfacet
  facet normal -0.990476 0.0975717 0.0971487
    outer loop
      vertex 25.9956 118.5 2.57368
      vertex 25.9801 118.298 2.61853
      vertex 26 118.5 2.61854
    endloop
  endfacet
  facet normal -0.990412 0.0976845 0.0976785
    outer loop
      vertex 25.9801 118.298 2.61853
      vertex 25.9956 118.5 2.57368
      vertex 25.9668 118.208 2.57368
    endloop
  endfacet
  facet normal -1 0 0
    outer loop
      vertex 33.5 136.85 12
      vertex 33.5 138 14.5
      vertex 33.5 138 12
    endloop
  endfacet
  facet normal -1 -0 0
    outer loop
      vertex 33.5 138 14.5
      vertex 33.5 136.85 12
      vertex 33.5 136.85 14.5
    endloop
  endfacet
  facet normal 0 0 -1
    outer loop
      vertex 24.5 136.85 14.5
      vertex 33.5 138 14.5
      vertex 33.5 136.85 14.5
    endloop
  endfacet
  facet normal -0 0 -1
    outer loop
      vertex 33.5 138 14.5
      vertex 24.5 136.85 14.5
      vertex 24.5 138 14.5
    endloop
  endfacet
  facet normal 1 -0 0
    outer loop
      vertex 24.5 136.85 14.5
      vertex 24.5 138 12
      vertex 24.5 138 14.5
    endloop
  endfacet
  facet normal 1 0 0
    outer loop
      vertex 24.5 138 12
      vertex 24.5 136.85 14.5
      vertex 24.5 136.85 12
    endloop
  endfacet
  facet normal -1 0 0
    outer loop
      vertex 38.5 79 12
      vertex 38.5 80.15 14.5
      vertex 38.5 80.15 12
    endloop
  endfacet
  facet normal -1 -0 0
    outer loop
      vertex 38.5 80.15 14.5
      vertex 38.5 79 12
      vertex 38.5 79 14.5
    endloop
  endfacet
  facet normal 0 0 -1
    outer loop
      vertex 29.5 79 14.5
      vertex 38.5 80.15 14.5
      vertex 38.5 79 14.5
    endloop
  endfacet
  facet normal -0 0 -1
    outer loop
      vertex 38.5 80.15 14.5
      vertex 29.5 79 14.5
      vertex 29.5 80.15 14.5
    endloop
  endfacet
  facet normal 1 -0 0
    outer loop
      vertex 29.5 79 14.5
      vertex 29.5 80.15 12
      vertex 29.5 80.15 14.5
    endloop
  endfacet
  facet normal 1 0 0
    outer loop
      vertex 29.5 80.15 12
      vertex 29.5 79 14.5
      vertex 29.5 79 12
    endloop
  endfacet
endsolid OpenSCAD_Model
