solid OpenSCAD_Model
  facet normal 0.182835 0.602628 -0.776795
    outer loop
      vertex 87.7046 58.7856 1.9375
      vertex 87.4405 58.9334 1.99
      vertex 87.7556 58.8378 1.99
    endloop
  endfacet
  facet normal -0.600597 -0.1867 -0.777449
    outer loop
      vertex 0.161663 1.24596 1.99
      vertex 0.214527 1.29452 1.9375
      vertex 0.162207 1.24421 1.99
    endloop
  endfacet
  facet normal -0.600561 -0.186754 -0.777464
    outer loop
      vertex 0.214527 1.29452 1.9375
      vertex 0.161663 1.24596 1.99
      vertex 2.0367 3.50068 0
    endloop
  endfacet
  facet normal -0.603498 -0.183071 -0.776064
    outer loop
      vertex 0.153128 1.2741 1.99
      vertex 0.0484208 1.61927 1.99
      vertex 0.163321 1.728 1.875
    endloop
  endfacet
  facet normal 0.447783 0.376534 -0.810995
    outer loop
      vertex 86.6781 56.1714 0
      vertex 86.5022 56.5152 0.0625
      vertex 86.934 56.944 0.5
    endloop
  endfacet
  facet normal 0.365827 0.457283 -0.810594
    outer loop
      vertex 88.1028 58.6519 1.99
      vertex 86.8861 57.4272 0.75
      vertex 88.1013 58.6531 1.99
    endloop
  endfacet
  facet normal 0.366106 0.457026 -0.810613
    outer loop
      vertex 86.8861 57.4272 0.75
      vertex 88.1028 58.6519 1.99
      vertex 86.4405 56.4539 0
    endloop
  endfacet
  facet normal -0.603373 -0.183231 -0.776124
    outer loop
      vertex 0.161645 1.24602 1.99
      vertex 1.84936 3.32341 0.1875
      vertex 1.97426 3.44159 0.0625
    endloop
  endfacet
  facet normal -0.607633 -0.17795 -0.774026
    outer loop
      vertex 1.84936 3.32341 0.1875
      vertex 0.161645 1.24602 1.99
      vertex 0.161604 1.24616 1.99
    endloop
  endfacet
  facet normal -0.453487 0.37143 -0.810179
    outer loop
      vertex 2.19786 56.2926 0.125
      vertex 0.594467 58.403 1.99
      vertex 2.32191 56.1714 0
    endloop
  endfacet
  facet normal -0.450602 0.374 -0.810606
    outer loop
      vertex 0.594467 58.403 1.99
      vertex 2.19786 56.2926 0.125
      vertex 0.594384 58.4029 1.99
    endloop
  endfacet
  facet normal 0 0.707107 -0.707107
    outer loop
      vertex 3.91011 57 0
      vertex 86.9904 58.99 1.99
      vertex 85.0899 57 0
    endloop
  endfacet
  facet normal 0 0.707107 -0.707107
    outer loop
      vertex 86.9904 58.99 1.99
      vertex 3.91011 57 0
      vertex 2.00955 58.99 1.99
    endloop
  endfacet
  facet normal 0.0663841 0.673501 -0.7362
    outer loop
      vertex 87.3299 58.8992 1.9375
      vertex 87.0528 58.9839 1.99
      vertex 87.3805 58.9516 1.99
    endloop
  endfacet
  facet normal -0.672983 -0.0679033 -0.736535
    outer loop
      vertex 2.0367 3.50068 0
      vertex 1.97426 3.44159 0.0625
      vertex 2 3.86441 0
    endloop
  endfacet
  facet normal -0.282718 0.529053 -0.800108
    outer loop
      vertex 2.11389 57.4272 0.75
      vertex 0.898659 58.6531 1.99
      vertex 1.24167 58.8364 1.99
    endloop
  endfacet
  facet normal -0.603503 -0.183071 -0.77606
    outer loop
      vertex 0.161604 1.24616 1.99
      vertex 0.163321 1.728 1.875
      vertex 1.84936 3.32341 0.1875
    endloop
  endfacet
  facet normal -0.603481 -0.183075 -0.776077
    outer loop
      vertex 0.163321 1.728 1.875
      vertex 0.161604 1.24616 1.99
      vertex 0.153128 1.2741 1.99
    endloop
  endfacet
  facet normal -0.603694 -0.182829 -0.775969
    outer loop
      vertex 0.161663 1.24596 1.99
      vertex 1.97426 3.44159 0.0625
      vertex 2.0367 3.50068 0
    endloop
  endfacet
  facet normal -0.604803 -0.181441 -0.77543
    outer loop
      vertex 1.97426 3.44159 0.0625
      vertex 0.161663 1.24596 1.99
      vertex 0.161645 1.24602 1.99
    endloop
  endfacet
  facet normal -0.600632 -0.186673 -0.777428
    outer loop
      vertex 2.1454 3.15093 0
      vertex 2.02083 3.03116 0.125
      vertex 2.0367 3.50068 0
    endloop
  endfacet
  facet normal -0.0647542 0.674023 -0.735867
    outer loop
      vertex 3.53747 56.9642 0
      vertex 2.00955 58.99 1.99
      vertex 3.91011 57 0
    endloop
  endfacet
  facet normal -0.0721223 0.670738 -0.73818
    outer loop
      vertex 2.00955 58.99 1.99
      vertex 3.53747 56.9642 0
      vertex 2.00769 58.9898 1.99
    endloop
  endfacet
  facet normal 0.769329 0 -0.638853
    outer loop
      vertex 88.1028 0.348105 1.99
      vertex 86.5022 2.48481 0.0625
      vertex 88.1028 0.348145 1.99
    endloop
  endfacet
  facet normal 0.371053 -0.4532 -0.810512
    outer loop
      vertex 86.5022 2.48481 0.0625
      vertex 88.1028 0.348105 1.99
      vertex 86.4405 2.54607 0
    endloop
  endfacet
  facet normal -0.673927 0.0663788 -0.73581
    outer loop
      vertex 1.0625 56.0095 0.9375
      vertex 0.00999928 56.9907 1.99
      vertex 0.0480678 57.3772 1.99
    endloop
  endfacet
  facet normal -0.447812 -0.376519 -0.810986
    outer loop
      vertex 2.49778 2.48481 0.0625
      vertex 2.32191 2.8286 0
      vertex 2.55946 2.54607 0
    endloop
  endfacet
  facet normal 0.600565 -0.186652 -0.777485
    outer loop
      vertex 86.9792 3.03116 0.125
      vertex 86.8546 3.15093 0
      vertex 86.9633 3.50068 0
    endloop
  endfacet
  facet normal -0.18264 -0.602475 -0.77696
    outer loop
      vertex 1.61767 0.0489469 1.99
      vertex 3.05761 2.01756 0.125
      vertex 3.17914 2.14192 0
    endloop
  endfacet
  facet normal -0.176607 -0.605776 -0.775787
    outer loop
      vertex 3.05761 2.01756 0.125
      vertex 1.61767 0.0489469 1.99
      vertex 1.61754 0.0489848 1.99
    endloop
  endfacet
  facet normal 0.169697 0.610909 -0.7733
    outer loop
      vertex 87.3823 58.9511 1.99
      vertex 87.3299 58.8992 1.9375
      vertex 87.3805 58.9516 1.99
    endloop
  endfacet
  facet normal 0.17894 0.604532 -0.776223
    outer loop
      vertex 87.3299 58.8992 1.9375
      vertex 87.3823 58.9511 1.99
      vertex 85.8209 56.8581 0
    endloop
  endfacet
  facet normal 0.0635908 -0.674534 -0.7355
    outer loop
      vertex 86.9904 0.00999928 1.99
      vertex 85.4625 2.03582 0
      vertex 86.9923 0.0101784 1.99
    endloop
  endfacet
  facet normal 0.0647953 -0.674001 -0.735883
    outer loop
      vertex 85.4625 2.03582 0
      vertex 86.9904 0.00999928 1.99
      vertex 85.0899 2 0
    endloop
  endfacet
  facet normal 0.525635 0.287852 -0.800531
    outer loop
      vertex 86.8546 55.8491 0
      vertex 86.6781 56.1714 0
      vertex 86.8021 56.2926 0.125
    endloop
  endfacet
  facet normal 0.120323 -0.634951 -0.763124
    outer loop
      vertex 87.3823 0.0489469 1.99
      vertex 85.9424 2.01756 0.125
      vertex 87.3825 0.0489848 1.99
    endloop
  endfacet
  facet normal 0.182812 -0.602383 -0.776991
    outer loop
      vertex 85.9424 2.01756 0.125
      vertex 87.3823 0.0489469 1.99
      vertex 85.8209 2.14192 0
    endloop
  endfacet
  facet normal 0.434833 -0.374856 -0.818782
    outer loop
      vertex 88.6539 0.900169 1.99
      vertex 86.9792 3.03116 0.125
      vertex 88.654 0.900285 1.99
    endloop
  endfacet
  facet normal 0.52942 -0.283671 -0.799528
    outer loop
      vertex 86.9792 3.03116 0.125
      vertex 88.6539 0.900169 1.99
      vertex 86.8546 3.15093 0
    endloop
  endfacet
  facet normal -0.453059 -0.371816 -0.810241
    outer loop
      vertex 0.593057 0.598717 1.99
      vertex 0.346984 0.898558 1.99
      vertex 1.26746 1.79811 1.0625
    endloop
  endfacet
  facet normal 0.447719 -0.376519 -0.811037
    outer loop
      vertex 86.5022 2.48481 0.0625
      vertex 86.4405 2.54607 0
      vertex 86.6781 2.8286 0
    endloop
  endfacet
  facet normal -0.370355 0.453743 -0.810527
    outer loop
      vertex 2.49778 56.5152 0.0625
      vertex 0.897212 58.6519 1.99
      vertex 2.55946 56.4539 0
    endloop
  endfacet
  facet normal 0 0.669822 -0.742521
    outer loop
      vertex 0.897212 58.6519 1.99
      vertex 2.49778 56.5152 0.0625
      vertex 0.897163 58.6519 1.99
    endloop
  endfacet
  facet normal -0.453105 0.371781 -0.810231
    outer loop
      vertex 1.26746 57.2019 1.0625
      vertex 0.346984 58.1014 1.99
      vertex 0.593057 58.4013 1.99
    endloop
  endfacet
  facet normal 0 -0.707107 -0.707107
    outer loop
      vertex 3.91011 2 0
      vertex 86.9904 0.00999928 1.99
      vertex 2.00955 0.00999928 1.99
    endloop
  endfacet
  facet normal 0 -0.707107 -0.707107
    outer loop
      vertex 86.9904 0.00999928 1.99
      vertex 3.91011 2 0
      vertex 85.0899 2 0
    endloop
  endfacet
  facet normal 0.6739 0.066431 -0.73583
    outer loop
      vertex 88.99 56.9907 1.99
      vertex 87.9375 56.0095 0.9375
      vertex 88.9519 57.3772 1.99
    endloop
  endfacet
  facet normal -0.0663194 -0.673325 -0.736367
    outer loop
      vertex 1.94721 0.0161345 1.99
      vertex 1.61946 0.0484164 1.99
      vertex 1.67006 0.100848 1.9375
    endloop
  endfacet
  facet normal -0.179016 0.604587 -0.776162
    outer loop
      vertex 3.53747 56.9642 0
      vertex 3.17914 56.8581 0
      vertex 3.41699 57.089 0.125
    endloop
  endfacet
  facet normal 0.0657162 -0.673321 -0.736424
    outer loop
      vertex 86.9948 0.0104254 1.99
      vertex 87.0287 0.412941 1.625
      vertex 87.0008 0.011011 1.99
    endloop
  endfacet
  facet normal 0.0663234 -0.673322 -0.736368
    outer loop
      vertex 87.0287 0.412941 1.625
      vertex 86.9948 0.0104254 1.99
      vertex 86.5468 0.91229 1.125
    endloop
  endfacet
  facet normal -0.371495 -0.452862 -0.810498
    outer loop
      vertex 0.897212 0.348105 1.99
      vertex 2.49778 2.48481 0.0625
      vertex 2.55946 2.54607 0
    endloop
  endfacet
  facet normal -0.370384 -0.45372 -0.810527
    outer loop
      vertex 2.49778 2.48481 0.0625
      vertex 0.897212 0.348105 1.99
      vertex 0.897163 0.348145 1.99
    endloop
  endfacet
  facet normal -0.0664955 -0.673247 -0.736422
    outer loop
      vertex 2.00769 0.0101784 1.99
      vertex 3.41699 1.91099 0.125
      vertex 3.53747 2.03582 0
    endloop
  endfacet
  facet normal -0.0662974 -0.673333 -0.736361
    outer loop
      vertex 3.41699 1.91099 0.125
      vertex 2.00769 0.0101784 1.99
      vertex 2.00756 0.0101912 1.99
    endloop
  endfacet
  facet normal -0.673916 0.0663992 -0.735818
    outer loop
      vertex 1.625 55.4852 0.375
      vertex 0.0482374 57.3789 1.99
      vertex 2 55.1356 0
    endloop
  endfacet
  facet normal -0.668658 0.0742211 -0.739856
    outer loop
      vertex 0.0482374 57.3789 1.99
      vertex 1.625 55.4852 0.375
      vertex 0.048193 57.3785 1.99
    endloop
  endfacet
  facet normal -0.0647886 -0.674004 -0.735881
    outer loop
      vertex 2.00955 0.00999928 1.99
      vertex 3.53747 2.03582 0
      vertex 3.91011 2 0
    endloop
  endfacet
  facet normal -0.0649025 -0.673954 -0.735917
    outer loop
      vertex 3.53747 2.03582 0
      vertex 2.00955 0.00999928 1.99
      vertex 2.00769 0.0101784 1.99
    endloop
  endfacet
  facet normal -0.282837 -0.528984 -0.800112
    outer loop
      vertex 1.2427 0.163051 1.99
      vertex 2.72641 2.19064 0.125
      vertex 2.84891 2.31421 0
    endloop
  endfacet
  facet normal -0.290526 -0.5239 -0.800702
    outer loop
      vertex 2.72641 2.19064 0.125
      vertex 1.2427 0.163051 1.99
      vertex 1.24259 0.163112 1.99
    endloop
  endfacet
  facet normal 0.366141 -0.457009 -0.810607
    outer loop
      vertex 86.8861 1.57278 0.75
      vertex 86.2736 2.19064 0.125
      vertex 86.4405 2.54607 0
    endloop
  endfacet
  facet normal -0.673929 -0.0663788 -0.735808
    outer loop
      vertex 0.0482374 1.62109 1.99
      vertex 1.625 3.51483 0.375
      vertex 2 3.86441 0
    endloop
  endfacet
  facet normal -0.673857 -0.0664872 -0.735865
    outer loop
      vertex 1.625 3.51483 0.375
      vertex 0.0482374 1.62109 1.99
      vertex 0.048193 1.62154 1.99
    endloop
  endfacet
  facet normal -0.672995 -0.0678172 -0.736531
    outer loop
      vertex 0.0482374 1.62109 1.99
      vertex 0.163321 1.728 1.875
      vertex 0.0484208 1.61927 1.99
    endloop
  endfacet
  facet normal -0.672952 -0.0678989 -0.736563
    outer loop
      vertex 0.163321 1.728 1.875
      vertex 0.0482374 1.62109 1.99
      vertex 2 3.86441 0
    endloop
  endfacet
  facet normal -0.0663164 -0.673325 -0.736367
    outer loop
      vertex 1.94721 0.0161345 1.99
      vertex 1.97125 0.412941 1.625
      vertex 1.99923 0.011011 1.99
    endloop
  endfacet
  facet normal -0.0663194 -0.673324 -0.736367
    outer loop
      vertex 1.97125 0.412941 1.625
      vertex 1.94721 0.0161345 1.99
      vertex 1.67006 0.100848 1.9375
    endloop
  endfacet
  facet normal -0.182786 0.602582 -0.776842
    outer loop
      vertex 1.2954 58.7856 1.9375
      vertex 1.24436 58.8378 1.99
      vertex 1.55952 58.9334 1.99
    endloop
  endfacet
  facet normal -0.447704 0.376467 -0.811069
    outer loop
      vertex 2.55946 56.4539 0
      vertex 2.32191 56.1714 0
      vertex 2.49778 56.5152 0.0625
    endloop
  endfacet
  facet normal -0.366113 0.45697 -0.810642
    outer loop
      vertex 2.84891 56.6858 0
      vertex 2.55946 56.4539 0
      vertex 2.72641 56.8094 0.125
    endloop
  endfacet
  facet normal -0.453145 -0.371738 -0.810228
    outer loop
      vertex 0.594467 0.597 1.99
      vertex 2.19786 2.70737 0.125
      vertex 2.32191 2.8286 0
    endloop
  endfacet
  facet normal -0.452767 -0.372076 -0.810285
    outer loop
      vertex 2.19786 2.70737 0.125
      vertex 0.594467 0.597 1.99
      vertex 0.594384 0.597101 1.99
    endloop
  endfacet
  facet normal -0.672954 -0.0678957 -0.736562
    outer loop
      vertex 1.84936 3.32341 0.1875
      vertex 0.163321 1.728 1.875
      vertex 2 3.86441 0
    endloop
  endfacet
  facet normal -0.67292 -0.0679154 -0.736591
    outer loop
      vertex 1.97426 3.44159 0.0625
      vertex 1.84936 3.32341 0.1875
      vertex 2 3.86441 0
    endloop
  endfacet
  facet normal -0.600696 0.186666 -0.77738
    outer loop
      vertex 2.0367 55.4993 0
      vertex 2.02083 55.9688 0.125
      vertex 2.1454 55.8491 0
    endloop
  endfacet
  facet normal -0.447805 0.376535 -0.810982
    outer loop
      vertex 2.32191 56.1714 0
      vertex 1.26424 57.7404 1.3125
      vertex 2.06604 56.944 0.5
    endloop
  endfacet
  facet normal -0.673932 -0.0663741 -0.735806
    outer loop
      vertex 0.048193 1.62154 1.99
      vertex 1.0625 2.99047 0.9375
      vertex 1.625 3.51483 0.375
    endloop
  endfacet
  facet normal -0.673888 -0.0664337 -0.735841
    outer loop
      vertex 1.0625 2.99047 0.9375
      vertex 0.048193 1.62154 1.99
      vertex 0.0480678 1.62281 1.99
    endloop
  endfacet
  facet normal -0.67393 -0.0663773 -0.735808
    outer loop
      vertex 0.0480678 1.62281 1.99
      vertex 0.00999928 2.00932 1.99
      vertex 1.0625 2.99047 0.9375
    endloop
  endfacet
  facet normal -0.529881 -0.283185 -0.799395
    outer loop
      vertex 0.346102 0.900169 1.99
      vertex 2.02083 3.03116 0.125
      vertex 2.1454 3.15093 0
    endloop
  endfacet
  facet normal -0.529864 -0.283203 -0.7994
    outer loop
      vertex 2.02083 3.03116 0.125
      vertex 0.346102 0.900169 1.99
      vertex 0.34604 0.900285 1.99
    endloop
  endfacet
  facet normal -0.529839 -0.283207 -0.799415
    outer loop
      vertex 0.317457 0.95376 1.99
      vertex 0.162207 1.24421 1.99
      vertex 0.214527 1.29452 1.9375
    endloop
  endfacet
  facet normal -0.525549 -0.287731 -0.80063
    outer loop
      vertex 0.346102 0.900169 1.99
      vertex 1.26746 1.79811 1.0625
      vertex 0.346984 0.898558 1.99
    endloop
  endfacet
  facet normal -0.525514 -0.287775 -0.800638
    outer loop
      vertex 1.26746 1.79811 1.0625
      vertex 0.346102 0.900169 1.99
      vertex 2.1454 3.15093 0
    endloop
  endfacet
  facet normal -0.453052 -0.371822 -0.810242
    outer loop
      vertex 0.594384 0.597101 1.99
      vertex 1.26746 1.79811 1.0625
      vertex 2.19786 2.70737 0.125
    endloop
  endfacet
  facet normal -0.452918 -0.37192 -0.810272
    outer loop
      vertex 1.26746 1.79811 1.0625
      vertex 0.594384 0.597101 1.99
      vertex 0.593057 0.598717 1.99
    endloop
  endfacet
  facet normal -0.366086 -0.457054 -0.810606
    outer loop
      vertex 0.897212 0.348105 1.99
      vertex 2.11389 1.57278 0.75
      vertex 0.898659 0.346946 1.99
    endloop
  endfacet
  facet normal -0.366103 -0.457039 -0.810607
    outer loop
      vertex 2.11389 1.57278 0.75
      vertex 0.897212 0.348105 1.99
      vertex 2.55946 2.54607 0
    endloop
  endfacet
  facet normal -0.282764 -0.529032 -0.800106
    outer loop
      vertex 1.24259 0.163112 1.99
      vertex 2.11389 1.57278 0.75
      vertex 2.72641 2.19064 0.125
    endloop
  endfacet
  facet normal -0.283318 -0.528707 -0.800125
    outer loop
      vertex 2.11389 1.57278 0.75
      vertex 1.24259 0.163112 1.99
      vertex 1.24167 0.163605 1.99
    endloop
  endfacet
  facet normal 0.669837 -0.0736085 -0.73885
    outer loop
      vertex 88.8367 1.728 1.875
      vertex 88.9518 1.62109 1.99
      vertex 88.9516 1.61927 1.99
    endloop
  endfacet
  facet normal 0.672691 -0.0682939 -0.736765
    outer loop
      vertex 88.9518 1.62109 1.99
      vertex 88.8367 1.728 1.875
      vertex 87 3.86441 0
    endloop
  endfacet
  facet normal 0.453034 -0.371836 -0.810246
    outer loop
      vertex 88.4069 0.598717 1.99
      vertex 87.7325 1.79811 1.0625
      vertex 88.653 0.898558 1.99
    endloop
  endfacet
  facet normal -0.0672201 0.672931 -0.736644
    outer loop
      vertex 3.41699 57.089 0.125
      vertex 2.00769 58.9898 1.99
      vertex 3.53747 56.9642 0
    endloop
  endfacet
  facet normal 0 0.700353 -0.713797
    outer loop
      vertex 2.00769 58.9898 1.99
      vertex 3.41699 57.089 0.125
      vertex 2.00756 58.9898 1.99
    endloop
  endfacet
  facet normal -0.282769 -0.529029 -0.800106
    outer loop
      vertex 1.24167 0.163605 1.99
      vertex 0.898659 0.346946 1.99
      vertex 2.11389 1.57278 0.75
    endloop
  endfacet
  facet normal 0.371654 0.452778 -0.810472
    outer loop
      vertex 88.4043 58.4044 1.99
      vertex 87.7358 57.7404 1.3125
      vertex 88.1057 58.6495 1.99
    endloop
  endfacet
  facet normal 0.600631 0.186658 -0.777432
    outer loop
      vertex 88.7855 57.7055 1.9375
      vertex 86.9633 55.4993 0
      vertex 87.2906 56.2683 0.4375
    endloop
  endfacet
  facet normal 0.366149 0.456936 -0.810644
    outer loop
      vertex 86.4405 56.4539 0
      vertex 86.1511 56.6858 0
      vertex 86.2736 56.8094 0.125
    endloop
  endfacet
  facet normal -0.603529 0.183064 -0.776041
    outer loop
      vertex 0.163321 57.272 1.875
      vertex 0.0484208 57.3807 1.99
      vertex 0.153128 57.7259 1.99
    endloop
  endfacet
  facet normal -0.530429 0.282612 -0.799234
    outer loop
      vertex 2.02083 55.9688 0.125
      vertex 0.346102 58.0998 1.99
      vertex 2.1454 55.8491 0
    endloop
  endfacet
  facet normal -0.502206 0.311368 -0.806746
    outer loop
      vertex 0.346102 58.0998 1.99
      vertex 2.02083 55.9688 0.125
      vertex 0.34604 58.0997 1.99
    endloop
  endfacet
  facet normal 0 0 -1
    outer loop
      vertex 85.0899 2 0
      vertex 87 3.86441 0
      vertex 86.9633 3.50068 0
    endloop
  endfacet
  facet normal 0 0 -1
    outer loop
      vertex 26.4616 19.8902 0
      vertex 87 3.86441 0
      vertex 85.0899 2 0
    endloop
  endfacet
  facet normal 0 0 -1
    outer loop
      vertex 85.0899 2 0
      vertex 86.9633 3.50068 0
      vertex 86.8546 3.15093 0
    endloop
  endfacet
  facet normal 0 0 -1
    outer loop
      vertex 87 3.86441 0
      vertex 26.4616 19.8902 0
      vertex 87 55.1356 0
    endloop
  endfacet
  facet normal 0 0 -1
    outer loop
      vertex 85.0899 2 0
      vertex 86.8546 3.15093 0
      vertex 86.6781 2.8286 0
    endloop
  endfacet
  facet normal 0 0 -1
    outer loop
      vertex 87 55.1356 0
      vertex 85.0899 57 0
      vertex 86.9633 55.4993 0
    endloop
  endfacet
  facet normal 0 0 -1
    outer loop
      vertex 85.0899 2 0
      vertex 86.6781 2.8286 0
      vertex 86.4405 2.54607 0
    endloop
  endfacet
  facet normal 0 0 -1
    outer loop
      vertex 86.9633 55.4993 0
      vertex 85.0899 57 0
      vertex 86.8546 55.8491 0
    endloop
  endfacet
  facet normal 0 0 -1
    outer loop
      vertex 85.0899 2 0
      vertex 86.4405 2.54607 0
      vertex 86.1511 2.31421 0
    endloop
  endfacet
  facet normal 0 0 -1
    outer loop
      vertex 86.8546 55.8491 0
      vertex 85.0899 57 0
      vertex 86.6781 56.1714 0
    endloop
  endfacet
  facet normal 0 0 -1
    outer loop
      vertex 85.0899 2 0
      vertex 86.1511 2.31421 0
      vertex 85.8209 2.14192 0
    endloop
  endfacet
  facet normal 0 0 -1
    outer loop
      vertex 86.6781 56.1714 0
      vertex 85.0899 57 0
      vertex 86.4405 56.4539 0
    endloop
  endfacet
  facet normal 0 0 -1
    outer loop
      vertex 85.0899 2 0
      vertex 85.8209 2.14192 0
      vertex 85.4625 2.03582 0
    endloop
  endfacet
  facet normal 0 0 -1
    outer loop
      vertex 86.4405 56.4539 0
      vertex 85.0899 57 0
      vertex 86.1511 56.6858 0
    endloop
  endfacet
  facet normal 0 0 -1
    outer loop
      vertex 86.1511 56.6858 0
      vertex 85.0899 57 0
      vertex 85.8209 56.8581 0
    endloop
  endfacet
  facet normal 0 0 -1
    outer loop
      vertex 85.8209 56.8581 0
      vertex 85.0899 57 0
      vertex 85.4625 56.9642 0
    endloop
  endfacet
  facet normal 0 0 -1
    outer loop
      vertex 26.4616 19.8902 0
      vertex 85.0899 2 0
      vertex 26.5 19.5 0
    endloop
  endfacet
  facet normal 0 0 -1
    outer loop
      vertex 85.0899 2 0
      vertex 26.4616 19.1098 0
      vertex 26.5 19.5 0
    endloop
  endfacet
  facet normal 0 0 -1
    outer loop
      vertex 85.0899 2 0
      vertex 26.3478 18.7346 0
      vertex 26.4616 19.1098 0
    endloop
  endfacet
  facet normal 0 0 -1
    outer loop
      vertex 85.0899 2 0
      vertex 26.1629 18.3889 0
      vertex 26.3478 18.7346 0
    endloop
  endfacet
  facet normal 0 0 -1
    outer loop
      vertex 85.0899 2 0
      vertex 25.9142 18.0858 0
      vertex 26.1629 18.3889 0
    endloop
  endfacet
  facet normal 0 0 -1
    outer loop
      vertex 85.0899 2 0
      vertex 25.6111 17.8371 0
      vertex 25.9142 18.0858 0
    endloop
  endfacet
  facet normal 0 0 -1
    outer loop
      vertex 85.0899 2 0
      vertex 25.2654 17.6522 0
      vertex 25.6111 17.8371 0
    endloop
  endfacet
  facet normal 0 0 -1
    outer loop
      vertex 3.91011 2 0
      vertex 25.2654 17.6522 0
      vertex 85.0899 2 0
    endloop
  endfacet
  facet normal 0 0 -1
    outer loop
      vertex 25.2654 17.6522 0
      vertex 3.91011 2 0
      vertex 24.8902 17.5384 0
    endloop
  endfacet
  facet normal 0 0 -1
    outer loop
      vertex 24.8902 17.5384 0
      vertex 3.91011 2 0
      vertex 24.5 17.5 0
    endloop
  endfacet
  facet normal -0 0 -1
    outer loop
      vertex 22.6522 18.7346 0
      vertex 2 3.86441 0
      vertex 22.5384 19.1098 0
    endloop
  endfacet
  facet normal -0 0 -1
    outer loop
      vertex 22.8371 18.3889 0
      vertex 2 3.86441 0
      vertex 22.6522 18.7346 0
    endloop
  endfacet
  facet normal 0 0 -1
    outer loop
      vertex 2 3.86441 0
      vertex 22.8371 18.3889 0
      vertex 3.91011 2 0
    endloop
  endfacet
  facet normal -0 0 -1
    outer loop
      vertex 23.0858 18.0858 0
      vertex 3.91011 2 0
      vertex 22.8371 18.3889 0
    endloop
  endfacet
  facet normal -0 0 -1
    outer loop
      vertex 23.3889 17.8371 0
      vertex 3.91011 2 0
      vertex 23.0858 18.0858 0
    endloop
  endfacet
  facet normal -0 0 -1
    outer loop
      vertex 23.7346 17.6522 0
      vertex 3.91011 2 0
      vertex 23.3889 17.8371 0
    endloop
  endfacet
  facet normal -0 0 -1
    outer loop
      vertex 24.1098 17.5384 0
      vertex 3.91011 2 0
      vertex 23.7346 17.6522 0
    endloop
  endfacet
  facet normal -0 0 -1
    outer loop
      vertex 24.5 17.5 0
      vertex 3.91011 2 0
      vertex 24.1098 17.5384 0
    endloop
  endfacet
  facet normal -0 0 -1
    outer loop
      vertex 87 55.1356 0
      vertex 26.4616 19.8902 0
      vertex 85.0899 57 0
    endloop
  endfacet
  facet normal 0 0 -1
    outer loop
      vertex 26.3478 20.2654 0
      vertex 85.0899 57 0
      vertex 26.4616 19.8902 0
    endloop
  endfacet
  facet normal 0 0 -1
    outer loop
      vertex 26.1629 20.6111 0
      vertex 85.0899 57 0
      vertex 26.3478 20.2654 0
    endloop
  endfacet
  facet normal 0 0 -1
    outer loop
      vertex 25.9142 20.9142 0
      vertex 85.0899 57 0
      vertex 26.1629 20.6111 0
    endloop
  endfacet
  facet normal 0 0 -1
    outer loop
      vertex 25.6111 21.1629 0
      vertex 85.0899 57 0
      vertex 25.9142 20.9142 0
    endloop
  endfacet
  facet normal 0 0 -1
    outer loop
      vertex 25.2654 21.3478 0
      vertex 85.0899 57 0
      vertex 25.6111 21.1629 0
    endloop
  endfacet
  facet normal 0 0 -1
    outer loop
      vertex 3.91011 57 0
      vertex 25.2654 21.3478 0
      vertex 24.8902 21.4616 0
    endloop
  endfacet
  facet normal 0 0 -1
    outer loop
      vertex 3.91011 57 0
      vertex 24.8902 21.4616 0
      vertex 24.5 21.5 0
    endloop
  endfacet
  facet normal 0 0 -1
    outer loop
      vertex 3.91011 57 0
      vertex 24.5 21.5 0
      vertex 24.1098 21.4616 0
    endloop
  endfacet
  facet normal 0 0 -1
    outer loop
      vertex 3.91011 57 0
      vertex 24.1098 21.4616 0
      vertex 23.7346 21.3478 0
    endloop
  endfacet
  facet normal 0 0 -1
    outer loop
      vertex 2 55.1356 0
      vertex 23.7346 21.3478 0
      vertex 23.3889 21.1629 0
    endloop
  endfacet
  facet normal -0 0 -1
    outer loop
      vertex 22.5384 19.1098 0
      vertex 2 3.86441 0
      vertex 22.5 19.5 0
    endloop
  endfacet
  facet normal -0 0 -1
    outer loop
      vertex 22.5 19.5 0
      vertex 2 3.86441 0
      vertex 22.5384 19.8902 0
    endloop
  endfacet
  facet normal -0 0 -1
    outer loop
      vertex 22.5384 19.8902 0
      vertex 2 3.86441 0
      vertex 22.6522 20.2654 0
    endloop
  endfacet
  facet normal 0 0 -1
    outer loop
      vertex 2 55.1356 0
      vertex 22.6522 20.2654 0
      vertex 2 3.86441 0
    endloop
  endfacet
  facet normal 0 0 -1
    outer loop
      vertex 25.2654 21.3478 0
      vertex 3.91011 57 0
      vertex 85.0899 57 0
    endloop
  endfacet
  facet normal 0 0 -1
    outer loop
      vertex 2 55.1356 0
      vertex 23.3889 21.1629 0
      vertex 23.0858 20.9142 0
    endloop
  endfacet
  facet normal 0 0 -1
    outer loop
      vertex 22.6522 20.2654 0
      vertex 2 55.1356 0
      vertex 22.8371 20.6111 0
    endloop
  endfacet
  facet normal 0 0 -1
    outer loop
      vertex 2 3.86441 0
      vertex 3.91011 2 0
      vertex 3.53747 2.03582 0
    endloop
  endfacet
  facet normal 0 0 -1
    outer loop
      vertex 22.8371 20.6111 0
      vertex 2 55.1356 0
      vertex 23.0858 20.9142 0
    endloop
  endfacet
  facet normal 0 0 -1
    outer loop
      vertex 2 3.86441 0
      vertex 3.53747 2.03582 0
      vertex 3.17914 2.14192 0
    endloop
  endfacet
  facet normal 0 0 -1
    outer loop
      vertex 23.7346 21.3478 0
      vertex 2 55.1356 0
      vertex 3.91011 57 0
    endloop
  endfacet
  facet normal 0 0 -1
    outer loop
      vertex 2 3.86441 0
      vertex 3.17914 2.14192 0
      vertex 2.84891 2.31421 0
    endloop
  endfacet
  facet normal 0 0 -1
    outer loop
      vertex 3.91011 57 0
      vertex 2 55.1356 0
      vertex 3.53747 56.9642 0
    endloop
  endfacet
  facet normal 0 0 -1
    outer loop
      vertex 2 3.86441 0
      vertex 2.84891 2.31421 0
      vertex 2.55946 2.54607 0
    endloop
  endfacet
  facet normal 0 0 -1
    outer loop
      vertex 3.53747 56.9642 0
      vertex 2 55.1356 0
      vertex 3.17914 56.8581 0
    endloop
  endfacet
  facet normal 0 0 -1
    outer loop
      vertex 2 3.86441 0
      vertex 2.55946 2.54607 0
      vertex 2.32191 2.8286 0
    endloop
  endfacet
  facet normal 0 0 -1
    outer loop
      vertex 3.17914 56.8581 0
      vertex 2 55.1356 0
      vertex 2.84891 56.6858 0
    endloop
  endfacet
  facet normal 0 0 -1
    outer loop
      vertex 2 3.86441 0
      vertex 2.32191 2.8286 0
      vertex 2.1454 3.15093 0
    endloop
  endfacet
  facet normal 0 0 -1
    outer loop
      vertex 2.84891 56.6858 0
      vertex 2 55.1356 0
      vertex 2.55946 56.4539 0
    endloop
  endfacet
  facet normal 0 0 -1
    outer loop
      vertex 2 3.86441 0
      vertex 2.1454 3.15093 0
      vertex 2.0367 3.50068 0
    endloop
  endfacet
  facet normal 0 0 -1
    outer loop
      vertex 2.55946 56.4539 0
      vertex 2 55.1356 0
      vertex 2.32191 56.1714 0
    endloop
  endfacet
  facet normal 0 0 -1
    outer loop
      vertex 2.32191 56.1714 0
      vertex 2 55.1356 0
      vertex 2.1454 55.8491 0
    endloop
  endfacet
  facet normal 0 0 -1
    outer loop
      vertex 2.1454 55.8491 0
      vertex 2 55.1356 0
      vertex 2.0367 55.4993 0
    endloop
  endfacet
  facet normal 0.715518 0 -0.698594
    outer loop
      vertex 87.375 55.4852 0.375
      vertex 88.9518 57.3789 1.99
      vertex 88.9518 57.3785 1.99
    endloop
  endfacet
  facet normal 0.673949 0.0663375 -0.735793
    outer loop
      vertex 88.9518 57.3789 1.99
      vertex 87.375 55.4852 0.375
      vertex 87 55.1356 0
    endloop
  endfacet
  facet normal 0.525471 -0.287826 -0.800647
    outer loop
      vertex 87.7325 1.79811 1.0625
      vertex 86.8021 2.70737 0.125
      vertex 86.8546 3.15093 0
    endloop
  endfacet
  facet normal 0.0706725 0.671388 -0.737728
    outer loop
      vertex 85.4625 56.9642 0
      vertex 86.9904 58.99 1.99
      vertex 86.9923 58.9898 1.99
    endloop
  endfacet
  facet normal 0.0647609 0.67402 -0.735869
    outer loop
      vertex 86.9904 58.99 1.99
      vertex 85.4625 56.9642 0
      vertex 85.0899 57 0
    endloop
  endfacet
  facet normal -0.673951 0.0663448 -0.735791
    outer loop
      vertex 1.0625 56.0095 0.9375
      vertex 0.048193 57.3785 1.99
      vertex 1.625 55.4852 0.375
    endloop
  endfacet
  facet normal -0.674944 0.0650023 -0.735001
    outer loop
      vertex 0.048193 57.3785 1.99
      vertex 1.0625 56.0095 0.9375
      vertex 0.0480678 57.3772 1.99
    endloop
  endfacet
  facet normal -0.600628 -0.186674 -0.777431
    outer loop
      vertex 2.02083 3.03116 0.125
      vertex 1.7094 2.73174 0.4375
      vertex 2.0367 3.50068 0
    endloop
  endfacet
  facet normal -0.529868 -0.283199 -0.799399
    outer loop
      vertex 0.34604 0.900285 1.99
      vertex 1.7094 2.73174 0.4375
      vertex 2.02083 3.03116 0.125
    endloop
  endfacet
  facet normal -0.529574 -0.283495 -0.799489
    outer loop
      vertex 1.7094 2.73174 0.4375
      vertex 0.34604 0.900285 1.99
      vertex 0.345843 0.900653 1.99
    endloop
  endfacet
  facet normal 0.603505 -0.183061 -0.776061
    outer loop
      vertex 88.8469 1.2741 1.99
      vertex 88.8367 1.728 1.875
      vertex 88.9516 1.61927 1.99
    endloop
  endfacet
  facet normal -0.525507 -0.287781 -0.80064
    outer loop
      vertex 2.19786 2.70737 0.125
      vertex 1.26746 1.79811 1.0625
      vertex 2.1454 3.15093 0
    endloop
  endfacet
  facet normal -0.525523 -0.28778 -0.80063
    outer loop
      vertex 2.19786 2.70737 0.125
      vertex 2.1454 3.15093 0
      vertex 2.32191 2.8286 0
    endloop
  endfacet
  facet normal -0.447823 -0.376526 -0.810976
    outer loop
      vertex 2.06604 2.056 0.5
      vertex 1.26424 1.25963 1.3125
      vertex 2.32191 2.8286 0
    endloop
  endfacet
  facet normal -0.371591 -0.452787 -0.810496
    outer loop
      vertex 0.896707 0.34852 1.99
      vertex 1.26424 1.25963 1.3125
      vertex 2.06604 2.056 0.5
    endloop
  endfacet
  facet normal -0.371489 -0.452841 -0.810513
    outer loop
      vertex 1.26424 1.25963 1.3125
      vertex 0.896707 0.34852 1.99
      vertex 0.894319 0.350479 1.99
    endloop
  endfacet
  facet normal -0.178998 -0.604501 -0.776233
    outer loop
      vertex 1.97125 0.412941 1.625
      vertex 1.67006 0.100848 1.9375
      vertex 3.17914 2.14192 0
    endloop
  endfacet
  facet normal -0.277743 -0.532354 -0.799661
    outer loop
      vertex 3.05761 2.01756 0.125
      vertex 2.84891 2.31421 0
      vertex 3.17914 2.14192 0
    endloop
  endfacet
  facet normal -0.178939 0.604538 -0.776218
    outer loop
      vertex 3.17914 56.8581 0
      vertex 2.45317 58.0877 1.125
      vertex 3.41699 57.089 0.125
    endloop
  endfacet
  facet normal 0.280743 0.530292 -0.799984
    outer loop
      vertex 87.7573 58.8369 1.99
      vertex 87.7046 58.7856 1.9375
      vertex 87.7556 58.8378 1.99
    endloop
  endfacet
  facet normal 0.280162 0.530772 -0.799869
    outer loop
      vertex 87.7046 58.7856 1.9375
      vertex 87.7573 58.8369 1.99
      vertex 86.1511 56.6858 0
    endloop
  endfacet
  facet normal -0.179129 -0.604413 -0.776272
    outer loop
      vertex 1.61767 0.0489469 1.99
      vertex 1.67006 0.100848 1.9375
      vertex 1.61946 0.0484164 1.99
    endloop
  endfacet
  facet normal -0.179019 -0.604489 -0.776238
    outer loop
      vertex 1.67006 0.100848 1.9375
      vertex 1.61767 0.0489469 1.99
      vertex 3.17914 2.14192 0
    endloop
  endfacet
  facet normal -0.178996 -0.604519 -0.77622
    outer loop
      vertex 3.41699 1.91099 0.125
      vertex 3.17914 2.14192 0
      vertex 3.53747 2.03582 0
    endloop
  endfacet
  facet normal -0.366186 0.456989 -0.810598
    outer loop
      vertex 2.55946 56.4539 0
      vertex 2.11389 57.4272 0.75
      vertex 2.72641 56.8094 0.125
    endloop
  endfacet
  facet normal -0.366096 0.457039 -0.81061
    outer loop
      vertex 0.897212 58.6519 1.99
      vertex 2.11389 57.4272 0.75
      vertex 2.55946 56.4539 0
    endloop
  endfacet
  facet normal -0.373398 0.450256 -0.811076
    outer loop
      vertex 2.11389 57.4272 0.75
      vertex 0.897212 58.6519 1.99
      vertex 0.898659 58.6531 1.99
    endloop
  endfacet
  facet normal 0.178962 -0.604525 -0.776223
    outer loop
      vertex 85.583 1.91099 0.125
      vertex 85.4625 2.03582 0
      vertex 85.8209 2.14192 0
    endloop
  endfacet
  facet normal -0.179102 0.604439 -0.776258
    outer loop
      vertex 1.61767 58.9511 1.99
      vertex 1.67006 58.8992 1.9375
      vertex 3.17914 56.8581 0
    endloop
  endfacet
  facet normal -0.170497 0.610379 -0.773543
    outer loop
      vertex 1.67006 58.8992 1.9375
      vertex 1.61767 58.9511 1.99
      vertex 1.61946 58.9516 1.99
    endloop
  endfacet
  facet normal -0.672968 0.0678741 -0.736551
    outer loop
      vertex 0.0482374 57.3789 1.99
      vertex 0.163321 57.272 1.875
      vertex 2 55.1356 0
    endloop
  endfacet
  facet normal -0.672617 0.0685322 -0.736811
    outer loop
      vertex 0.163321 57.272 1.875
      vertex 0.0482374 57.3789 1.99
      vertex 0.0484208 57.3807 1.99
    endloop
  endfacet
  facet normal -0.0663176 0.673324 -0.736367
    outer loop
      vertex 2.45317 58.0877 1.125
      vertex 2.00756 58.9898 1.99
      vertex 3.41699 57.089 0.125
    endloop
  endfacet
  facet normal -0.0568255 0.676224 -0.734501
    outer loop
      vertex 2.00756 58.9898 1.99
      vertex 2.45317 58.0877 1.125
      vertex 2.00518 58.9896 1.99
    endloop
  endfacet
  facet normal 0.282777 -0.529027 -0.800105
    outer loop
      vertex 87.7583 0.163605 1.99
      vertex 86.8861 1.57278 0.75
      vertex 88.1013 0.346946 1.99
    endloop
  endfacet
  facet normal -0.37322 0.451522 -0.810453
    outer loop
      vertex 2.4361 56.5764 0.125
      vertex 0.897163 58.6519 1.99
      vertex 2.49778 56.5152 0.0625
    endloop
  endfacet
  facet normal -0.555451 0.288835 -0.779775
    outer loop
      vertex 0.897163 58.6519 1.99
      vertex 2.4361 56.5764 0.125
      vertex 0.897111 58.6518 1.99
    endloop
  endfacet
  facet normal 0.707107 0 -0.707107
    outer loop
      vertex 87.9375 2.99047 0.9375
      vertex 87.9375 56.0095 0.9375
      vertex 88.99 56.9907 1.99
    endloop
  endfacet
  facet normal 0.707107 0 -0.707107
    outer loop
      vertex 87.375 55.4852 0.375
      vertex 87 3.86441 0
      vertex 87 55.1356 0
    endloop
  endfacet
  facet normal 0.707107 0 -0.707107
    outer loop
      vertex 87.9375 56.0095 0.9375
      vertex 87.9375 2.99047 0.9375
      vertex 87.375 55.4852 0.375
    endloop
  endfacet
  facet normal 0.707107 0 -0.707107
    outer loop
      vertex 87.375 55.4852 0.375
      vertex 87.375 3.51483 0.375
      vertex 87 3.86441 0
    endloop
  endfacet
  facet normal 0.707107 0 -0.707107
    outer loop
      vertex 87.375 55.4852 0.375
      vertex 87.9375 2.99047 0.9375
      vertex 87.375 3.51483 0.375
    endloop
  endfacet
  facet normal 0.707107 0 -0.707107
    outer loop
      vertex 87.9375 2.99047 0.9375
      vertex 88.99 56.9907 1.99
      vertex 88.99 2.00932 1.99
    endloop
  endfacet
  facet normal 0.715518 0 -0.698594
    outer loop
      vertex 88.9518 1.62109 1.99
      vertex 87.375 3.51483 0.375
      vertex 88.9518 1.62154 1.99
    endloop
  endfacet
  facet normal 0.673962 -0.0663171 -0.735784
    outer loop
      vertex 87.375 3.51483 0.375
      vertex 88.9518 1.62109 1.99
      vertex 87 3.86441 0
    endloop
  endfacet
  facet normal 0.673902 -0.0664295 -0.735828
    outer loop
      vertex 88.9519 1.62281 1.99
      vertex 87.9375 2.99047 0.9375
      vertex 88.99 2.00932 1.99
    endloop
  endfacet
  facet normal 0.683985 0.0526142 -0.727596
    outer loop
      vertex 87.9375 56.0095 0.9375
      vertex 88.9518 57.3785 1.99
      vertex 88.9519 57.3772 1.99
    endloop
  endfacet
  facet normal 0.673945 0.0663564 -0.735795
    outer loop
      vertex 88.9518 57.3785 1.99
      vertex 87.9375 56.0095 0.9375
      vertex 87.375 55.4852 0.375
    endloop
  endfacet
  facet normal 0.521161 0.293153 -0.801531
    outer loop
      vertex 88.6539 58.0998 1.99
      vertex 87.7325 57.2019 1.0625
      vertex 88.653 58.1014 1.99
    endloop
  endfacet
  facet normal 0.525443 0.287855 -0.800656
    outer loop
      vertex 87.7325 57.2019 1.0625
      vertex 88.6539 58.0998 1.99
      vertex 86.8546 55.8491 0
    endloop
  endfacet
  facet normal 0.178962 -0.604525 -0.776223
    outer loop
      vertex 86.5468 0.91229 1.125
      vertex 85.583 1.91099 0.125
      vertex 85.8209 2.14192 0
    endloop
  endfacet
  facet normal -0.707107 0 -0.707107
    outer loop
      vertex 1.0625 2.99047 0.9375
      vertex 1.0625 56.0095 0.9375
      vertex 1.625 55.4852 0.375
    endloop
  endfacet
  facet normal -0.707107 0 -0.707107
    outer loop
      vertex 2 3.86441 0
      vertex 1.625 55.4852 0.375
      vertex 2 55.1356 0
    endloop
  endfacet
  facet normal -0.707107 0 -0.707107
    outer loop
      vertex 1.625 3.51483 0.375
      vertex 1.625 55.4852 0.375
      vertex 2 3.86441 0
    endloop
  endfacet
  facet normal -0.707107 0 -0.707107
    outer loop
      vertex 1.0625 2.99047 0.9375
      vertex 1.625 55.4852 0.375
      vertex 1.625 3.51483 0.375
    endloop
  endfacet
  facet normal -0.707107 -0 -0.707107
    outer loop
      vertex 1.0625 56.0095 0.9375
      vertex 1.0625 2.99047 0.9375
      vertex 0.00999928 56.9907 1.99
    endloop
  endfacet
  facet normal -0.707107 -0 -0.707107
    outer loop
      vertex 0.00999928 56.9907 1.99
      vertex 1.0625 2.99047 0.9375
      vertex 0.00999928 2.00932 1.99
    endloop
  endfacet
  facet normal -0.529853 -0.28321 -0.799405
    outer loop
      vertex 0.214527 1.29452 1.9375
      vertex 0.345843 0.900653 1.99
      vertex 0.317457 0.95376 1.99
    endloop
  endfacet
  facet normal -0.529856 -0.28321 -0.799402
    outer loop
      vertex 0.345843 0.900653 1.99
      vertex 0.214527 1.29452 1.9375
      vertex 1.7094 2.73174 0.4375
    endloop
  endfacet
  facet normal -0.600623 -0.186677 -0.777434
    outer loop
      vertex 1.7094 2.73174 0.4375
      vertex 0.214527 1.29452 1.9375
      vertex 2.0367 3.50068 0
    endloop
  endfacet
  facet normal -0.366098 -0.457041 -0.810608
    outer loop
      vertex 2.72641 2.19064 0.125
      vertex 2.11389 1.57278 0.75
      vertex 2.55946 2.54607 0
    endloop
  endfacet
  facet normal -0.366109 -0.457044 -0.810602
    outer loop
      vertex 2.72641 2.19064 0.125
      vertex 2.55946 2.54607 0
      vertex 2.84891 2.31421 0
    endloop
  endfacet
  facet normal -0.371616 -0.452769 -0.810495
    outer loop
      vertex 0.897111 0.348188 1.99
      vertex 2.06604 2.056 0.5
      vertex 2.4361 2.42355 0.125
    endloop
  endfacet
  facet normal -0.371905 -0.452559 -0.81048
    outer loop
      vertex 2.06604 2.056 0.5
      vertex 0.897111 0.348188 1.99
      vertex 0.896707 0.34852 1.99
    endloop
  endfacet
  facet normal -0.447826 -0.376524 -0.810976
    outer loop
      vertex 2.49778 2.48481 0.0625
      vertex 2.06604 2.056 0.5
      vertex 2.32191 2.8286 0
    endloop
  endfacet
  facet normal -0.371593 -0.452786 -0.810496
    outer loop
      vertex 0.894319 0.350479 1.99
      vertex 0.595654 0.595588 1.99
      vertex 1.26424 1.25963 1.3125
    endloop
  endfacet
  facet normal -0.447856 -0.376491 -0.810975
    outer loop
      vertex 0.594467 0.597 1.99
      vertex 1.26424 1.25963 1.3125
      vertex 0.595654 0.595588 1.99
    endloop
  endfacet
  facet normal -0.447821 -0.376527 -0.810977
    outer loop
      vertex 1.26424 1.25963 1.3125
      vertex 0.594467 0.597 1.99
      vertex 2.32191 2.8286 0
    endloop
  endfacet
  facet normal 0.0851128 -0.664944 -0.742028
    outer loop
      vertex 86.9923 0.0101784 1.99
      vertex 85.583 1.91099 0.125
      vertex 86.9924 0.0101912 1.99
    endloop
  endfacet
  facet normal 0.0664466 -0.673268 -0.736407
    outer loop
      vertex 85.583 1.91099 0.125
      vertex 86.9923 0.0101784 1.99
      vertex 85.4625 2.03582 0
    endloop
  endfacet
  facet normal 0.529869 0.283363 -0.79934
    outer loop
      vertex 88.7855 57.7055 1.9375
      vertex 88.6825 58.0462 1.99
      vertex 88.8378 57.7558 1.99
    endloop
  endfacet
  facet normal 0.370194 -0.45353 -0.81072
    outer loop
      vertex 88.1033 0.34852 1.99
      vertex 87.7358 1.25963 1.3125
      vertex 88.1057 0.350479 1.99
    endloop
  endfacet
  facet normal 0.371568 -0.452809 -0.810494
    outer loop
      vertex 87.7358 1.25963 1.3125
      vertex 88.1033 0.34852 1.99
      vertex 86.934 2.056 0.5
    endloop
  endfacet
  facet normal 0.447848 -0.376499 -0.810975
    outer loop
      vertex 86.934 2.056 0.5
      vertex 86.6781 2.8286 0
      vertex 87.7358 1.25963 1.3125
    endloop
  endfacet
  facet normal -0.280167 0.530768 -0.79987
    outer loop
      vertex 1.2427 58.8369 1.99
      vertex 1.2954 58.7856 1.9375
      vertex 2.84891 56.6858 0
    endloop
  endfacet
  facet normal -0.28541 0.526423 -0.800887
    outer loop
      vertex 1.2954 58.7856 1.9375
      vertex 1.2427 58.8369 1.99
      vertex 1.24436 58.8378 1.99
    endloop
  endfacet
  facet normal 0.066329 -0.673319 -0.736371
    outer loop
      vertex 87.3805 0.0484164 1.99
      vertex 87.0528 0.0161345 1.99
      vertex 87.3299 0.100848 1.9375
    endloop
  endfacet
  facet normal -0.447837 0.376518 -0.810972
    outer loop
      vertex 2.32191 56.1714 0
      vertex 2.06604 56.944 0.5
      vertex 2.49778 56.5152 0.0625
    endloop
  endfacet
  facet normal -0.371556 0.452809 -0.8105
    outer loop
      vertex 1.26424 57.7404 1.3125
      vertex 0.896707 58.6515 1.99
      vertex 2.06604 56.944 0.5
    endloop
  endfacet
  facet normal -0.376882 0.449997 -0.809607
    outer loop
      vertex 0.896707 58.6515 1.99
      vertex 1.26424 57.7404 1.3125
      vertex 0.894319 58.6495 1.99
    endloop
  endfacet
  facet normal -0.282938 0.528922 -0.800117
    outer loop
      vertex 2.11389 57.4272 0.75
      vertex 1.24259 58.8369 1.99
      vertex 2.72641 56.8094 0.125
    endloop
  endfacet
  facet normal -0.286362 0.526905 -0.80023
    outer loop
      vertex 1.24259 58.8369 1.99
      vertex 2.11389 57.4272 0.75
      vertex 1.24167 58.8364 1.99
    endloop
  endfacet
  facet normal -0.282232 0.529396 -0.800053
    outer loop
      vertex 2.72641 56.8094 0.125
      vertex 1.2427 58.8369 1.99
      vertex 2.84891 56.6858 0
    endloop
  endfacet
  facet normal 0 0.676998 -0.735985
    outer loop
      vertex 1.2427 58.8369 1.99
      vertex 2.72641 56.8094 0.125
      vertex 1.24259 58.8369 1.99
    endloop
  endfacet
  facet normal 0.18282 -0.602372 -0.776997
    outer loop
      vertex 87.3825 0.0489848 1.99
      vertex 86.2462 1.70668 0.4375
      vertex 87.3829 0.0491062 1.99
    endloop
  endfacet
  facet normal 0.182882 -0.60234 -0.777008
    outer loop
      vertex 86.2462 1.70668 0.4375
      vertex 87.3825 0.0489848 1.99
      vertex 85.9424 2.01756 0.125
    endloop
  endfacet
  facet normal -0.0663745 0.673506 -0.736196
    outer loop
      vertex 1.67006 58.8992 1.9375
      vertex 1.61946 58.9516 1.99
      vertex 1.94721 58.9839 1.99
    endloop
  endfacet
  facet normal 0.178983 0.604593 -0.776165
    outer loop
      vertex 85.8209 56.8581 0
      vertex 85.4625 56.9642 0
      vertex 85.583 57.089 0.125
    endloop
  endfacet
  facet normal 0 0.700353 -0.713797
    outer loop
      vertex 85.583 57.089 0.125
      vertex 86.9923 58.9898 1.99
      vertex 86.9924 58.9898 1.99
    endloop
  endfacet
  facet normal 0.0671706 0.672953 -0.736629
    outer loop
      vertex 86.9923 58.9898 1.99
      vertex 85.583 57.089 0.125
      vertex 85.4625 56.9642 0
    endloop
  endfacet
  facet normal 0.154249 0.616996 -0.771702
    outer loop
      vertex 86.2462 57.2933 0.4375
      vertex 87.3825 58.951 1.99
      vertex 87.3829 58.9509 1.99
    endloop
  endfacet
  facet normal 0.18275 0.602408 -0.776986
    outer loop
      vertex 87.3825 58.951 1.99
      vertex 86.2462 57.2933 0.4375
      vertex 85.9424 56.9824 0.125
    endloop
  endfacet
  facet normal 0.277697 0.532404 -0.799644
    outer loop
      vertex 86.1511 56.6858 0
      vertex 85.9424 56.9824 0.125
      vertex 86.2462 57.2933 0.4375
    endloop
  endfacet
  facet normal 0 0.676998 -0.735985
    outer loop
      vertex 86.2736 56.8094 0.125
      vertex 87.7573 58.8369 1.99
      vertex 87.7574 58.8369 1.99
    endloop
  endfacet
  facet normal 0.282226 0.5294 -0.800052
    outer loop
      vertex 87.7573 58.8369 1.99
      vertex 86.2736 56.8094 0.125
      vertex 86.1511 56.6858 0
    endloop
  endfacet
  facet normal 0.366229 0.456957 -0.810597
    outer loop
      vertex 86.4405 56.4539 0
      vertex 86.2736 56.8094 0.125
      vertex 86.8861 57.4272 0.75
    endloop
  endfacet
  facet normal 0.669424 0.0743804 -0.739148
    outer loop
      vertex 88.9518 57.3789 1.99
      vertex 88.8367 57.272 1.875
      vertex 88.9516 57.3807 1.99
    endloop
  endfacet
  facet normal 0.672707 0.068269 -0.736753
    outer loop
      vertex 88.8367 57.272 1.875
      vertex 88.9518 57.3789 1.99
      vertex 87 55.1356 0
    endloop
  endfacet
  facet normal 0.673188 0.0679296 -0.736345
    outer loop
      vertex 87 55.1356 0
      vertex 86.9633 55.4993 0
      vertex 87.0257 55.5584 0.0625
    endloop
  endfacet
  facet normal 0.444036 0.380602 -0.811156
    outer loop
      vertex 88.4055 58.403 1.99
      vertex 87.7358 57.7404 1.3125
      vertex 88.4043 58.4044 1.99
    endloop
  endfacet
  facet normal 0.448047 0.376332 -0.810943
    outer loop
      vertex 87.7358 57.7404 1.3125
      vertex 88.4055 58.403 1.99
      vertex 86.6781 56.1714 0
    endloop
  endfacet
  facet normal 0.350791 0.467721 -0.811284
    outer loop
      vertex 86.934 56.944 0.5
      vertex 88.1029 58.6518 1.99
      vertex 88.1033 58.6515 1.99
    endloop
  endfacet
  facet normal 0.371277 0.453023 -0.810508
    outer loop
      vertex 88.1029 58.6518 1.99
      vertex 86.934 56.944 0.5
      vertex 86.5639 56.5764 0.125
    endloop
  endfacet
  facet normal 0.683138 -0.0537904 -0.728306
    outer loop
      vertex 88.9518 1.62154 1.99
      vertex 87.9375 2.99047 0.9375
      vertex 88.9519 1.62281 1.99
    endloop
  endfacet
  facet normal 0.673926 -0.0663857 -0.73581
    outer loop
      vertex 87.9375 2.99047 0.9375
      vertex 88.9518 1.62154 1.99
      vertex 87.375 3.51483 0.375
    endloop
  endfacet
  facet normal -0.672911 0.0679202 -0.736598
    outer loop
      vertex 2 55.1356 0
      vertex 1.84936 55.6766 0.1875
      vertex 1.97426 55.5584 0.0625
    endloop
  endfacet
  facet normal -0.603283 0.18334 -0.776167
    outer loop
      vertex 1.84936 55.6766 0.1875
      vertex 0.161645 57.754 1.99
      vertex 1.97426 55.5584 0.0625
    endloop
  endfacet
  facet normal -0.643226 0.131861 -0.754236
    outer loop
      vertex 0.161645 57.754 1.99
      vertex 1.84936 55.6766 0.1875
      vertex 0.161604 57.7538 1.99
    endloop
  endfacet
  facet normal -0.60121 0.185944 -0.777156
    outer loop
      vertex 0.161663 57.754 1.99
      vertex 0.214527 57.7055 1.9375
      vertex 2.0367 55.4993 0
    endloop
  endfacet
  facet normal -0.60352 0.182397 -0.776205
    outer loop
      vertex 0.214527 57.7055 1.9375
      vertex 0.161663 57.754 1.99
      vertex 0.162207 57.7558 1.99
    endloop
  endfacet
  facet normal -0.529834 0.283253 -0.799402
    outer loop
      vertex 0.214527 57.7055 1.9375
      vertex 0.162207 57.7558 1.99
      vertex 0.317457 58.0462 1.99
    endloop
  endfacet
  facet normal -0.525537 0.287814 -0.800608
    outer loop
      vertex 2.32191 56.1714 0
      vertex 2.1454 55.8491 0
      vertex 2.19786 56.2926 0.125
    endloop
  endfacet
  facet normal -0.525533 0.287761 -0.80063
    outer loop
      vertex 0.346102 58.0998 1.99
      vertex 1.26746 57.2019 1.0625
      vertex 2.1454 55.8491 0
    endloop
  endfacet
  facet normal -0.524451 0.289104 -0.800856
    outer loop
      vertex 1.26746 57.2019 1.0625
      vertex 0.346102 58.0998 1.99
      vertex 0.346984 58.1014 1.99
    endloop
  endfacet
  facet normal -0.178981 -0.60451 -0.77623
    outer loop
      vertex 3.41699 1.91099 0.125
      vertex 2.45317 0.91229 1.125
      vertex 3.17914 2.14192 0
    endloop
  endfacet
  facet normal -0.0663156 -0.673325 -0.736366
    outer loop
      vertex 2.00756 0.0101912 1.99
      vertex 2.45317 0.91229 1.125
      vertex 3.41699 1.91099 0.125
    endloop
  endfacet
  facet normal -0.0662592 -0.673343 -0.736355
    outer loop
      vertex 2.45317 0.91229 1.125
      vertex 2.00756 0.0101912 1.99
      vertex 2.00518 0.0104254 1.99
    endloop
  endfacet
  facet normal -0.277743 -0.532364 -0.799654
    outer loop
      vertex 2.75378 1.70668 0.4375
      vertex 1.2954 0.214418 1.9375
      vertex 2.84891 2.31421 0
    endloop
  endfacet
  facet normal -0.182766 -0.602454 -0.776947
    outer loop
      vertex 1.2954 0.214418 1.9375
      vertex 1.61714 0.0491062 1.99
      vertex 1.55952 0.0665863 1.99
    endloop
  endfacet
  facet normal -0.182741 -0.602417 -0.776981
    outer loop
      vertex 1.61714 0.0491062 1.99
      vertex 1.2954 0.214418 1.9375
      vertex 2.75378 1.70668 0.4375
    endloop
  endfacet
  facet normal -0.410043 0.820086 0.399152
    outer loop
      vertex 2.4361 2.42355 0.125
      vertex 2.06604 2.056 0.5
      vertex 2.49778 2.48481 0.0625
    endloop
  endfacet
  facet normal -0.371496 -0.452861 -0.810498
    outer loop
      vertex 0.897163 0.348145 1.99
      vertex 2.4361 2.42355 0.125
      vertex 2.49778 2.48481 0.0625
    endloop
  endfacet
  facet normal -0.373321 -0.451458 -0.810443
    outer loop
      vertex 2.4361 2.42355 0.125
      vertex 0.897163 0.348145 1.99
      vertex 0.897111 0.348188 1.99
    endloop
  endfacet
  facet normal 0.672882 -0.0679856 -0.73662
    outer loop
      vertex 87.0257 3.44159 0.0625
      vertex 87 3.86441 0
      vertex 87.1506 3.32341 0.1875
    endloop
  endfacet
  facet normal 0.72995 0 -0.683501
    outer loop
      vertex 88.8384 1.24602 1.99
      vertex 87.1506 3.32341 0.1875
      vertex 88.8384 1.24616 1.99
    endloop
  endfacet
  facet normal 0.603449 -0.183117 -0.776092
    outer loop
      vertex 87.1506 3.32341 0.1875
      vertex 88.8384 1.24602 1.99
      vertex 87.0257 3.44159 0.0625
    endloop
  endfacet
  facet normal 0.609202 -0.174058 -0.773678
    outer loop
      vertex 88.7855 1.29452 1.9375
      vertex 88.8383 1.24596 1.99
      vertex 88.8378 1.24421 1.99
    endloop
  endfacet
  facet normal 0.602792 -0.18397 -0.7764
    outer loop
      vertex 88.8383 1.24596 1.99
      vertex 88.7855 1.29452 1.9375
      vertex 86.9633 3.50068 0
    endloop
  endfacet
  facet normal 0.529873 -0.283317 -0.799353
    outer loop
      vertex 88.8378 1.24421 1.99
      vertex 88.6825 0.95376 1.99
      vertex 88.7855 1.29452 1.9375
    endloop
  endfacet
  facet normal 0.457829 -0.368303 -0.809164
    outer loop
      vertex 88.4056 0.597101 1.99
      vertex 87.7325 1.79811 1.0625
      vertex 88.4069 0.598717 1.99
    endloop
  endfacet
  facet normal 0.453071 -0.371801 -0.810241
    outer loop
      vertex 87.7325 1.79811 1.0625
      vertex 88.4056 0.597101 1.99
      vertex 86.8021 2.70737 0.125
    endloop
  endfacet
  facet normal 0.522273 -0.291772 -0.801312
    outer loop
      vertex 87.7325 1.79811 1.0625
      vertex 88.6539 0.900169 1.99
      vertex 88.653 0.898558 1.99
    endloop
  endfacet
  facet normal 0.525424 -0.287869 -0.800663
    outer loop
      vertex 88.6539 0.900169 1.99
      vertex 87.7325 1.79811 1.0625
      vertex 86.8546 3.15093 0
    endloop
  endfacet
  facet normal 0.447772 -0.376539 -0.810998
    outer loop
      vertex 86.934 2.056 0.5
      vertex 86.5022 2.48481 0.0625
      vertex 86.6781 2.8286 0
    endloop
  endfacet
  facet normal 0.235326 -0.547271 -0.803191
    outer loop
      vertex 88.1028 0.348145 1.99
      vertex 86.5639 2.42355 0.125
      vertex 88.1029 0.348188 1.99
    endloop
  endfacet
  facet normal 0.371019 -0.453231 -0.81051
    outer loop
      vertex 86.5639 2.42355 0.125
      vertex 88.1028 0.348145 1.99
      vertex 86.5022 2.48481 0.0625
    endloop
  endfacet
  facet normal 0.445721 -0.3788 -0.811075
    outer loop
      vertex 87.7358 1.25963 1.3125
      vertex 88.4055 0.597 1.99
      vertex 88.4043 0.595588 1.99
    endloop
  endfacet
  facet normal 0.44798 -0.376392 -0.810952
    outer loop
      vertex 88.4055 0.597 1.99
      vertex 87.7358 1.25963 1.3125
      vertex 86.6781 2.8286 0
    endloop
  endfacet
  facet normal 0.371653 -0.45276 -0.810483
    outer loop
      vertex 88.1057 0.350479 1.99
      vertex 87.7358 1.25963 1.3125
      vertex 88.4043 0.595588 1.99
    endloop
  endfacet
  facet normal 0.288076 -0.525899 -0.800277
    outer loop
      vertex 87.7574 0.163112 1.99
      vertex 86.8861 1.57278 0.75
      vertex 87.7583 0.163605 1.99
    endloop
  endfacet
  facet normal 0.282789 -0.529017 -0.800107
    outer loop
      vertex 86.8861 1.57278 0.75
      vertex 87.7574 0.163112 1.99
      vertex 86.2736 2.19064 0.125
    endloop
  endfacet
  facet normal 0.358516 -0.463999 -0.810044
    outer loop
      vertex 86.8861 1.57278 0.75
      vertex 88.1028 0.348105 1.99
      vertex 88.1013 0.346946 1.99
    endloop
  endfacet
  facet normal 0.366113 -0.457025 -0.81061
    outer loop
      vertex 88.1028 0.348105 1.99
      vertex 86.8861 1.57278 0.75
      vertex 86.4405 2.54607 0
    endloop
  endfacet
  facet normal 0.178966 -0.604523 -0.776223
    outer loop
      vertex 86.5468 0.91229 1.125
      vertex 85.8209 2.14192 0
      vertex 87.0287 0.412941 1.625
    endloop
  endfacet
  facet normal 0.178298 -0.604971 -0.776028
    outer loop
      vertex 87.3299 0.100848 1.9375
      vertex 87.3823 0.0489469 1.99
      vertex 87.3805 0.0484164 1.99
    endloop
  endfacet
  facet normal 0.178858 -0.604582 -0.776202
    outer loop
      vertex 87.3823 0.0489469 1.99
      vertex 87.3299 0.100848 1.9375
      vertex 85.8209 2.14192 0
    endloop
  endfacet
  facet normal 0.0662992 0.673327 -0.736367
    outer loop
      vertex 87.0287 58.5871 1.625
      vertex 87.0528 58.9839 1.99
      vertex 87.3299 58.8992 1.9375
    endloop
  endfacet
  facet normal 0.0660398 0.673347 -0.736371
    outer loop
      vertex 87.0528 58.9839 1.99
      vertex 87.0287 58.5871 1.625
      vertex 87.0008 58.989 1.99
    endloop
  endfacet
  facet normal 0.178915 0.604546 -0.776217
    outer loop
      vertex 87.3299 58.8992 1.9375
      vertex 85.8209 56.8581 0
      vertex 87.0287 58.5871 1.625
    endloop
  endfacet
  facet normal 0.277671 0.532411 -0.799648
    outer loop
      vertex 87.7046 58.7856 1.9375
      vertex 86.1511 56.6858 0
      vertex 86.2462 57.2933 0.4375
    endloop
  endfacet
  facet normal 0.183264 0.603201 -0.776249
    outer loop
      vertex 87.7046 58.7856 1.9375
      vertex 87.3829 58.9509 1.99
      vertex 87.4405 58.9334 1.99
    endloop
  endfacet
  facet normal 0.182737 0.60241 -0.776987
    outer loop
      vertex 87.3829 58.9509 1.99
      vertex 87.7046 58.7856 1.9375
      vertex 86.2462 57.2933 0.4375
    endloop
  endfacet
  facet normal 0.277844 0.532468 -0.79955
    outer loop
      vertex 86.1511 56.6858 0
      vertex 85.8209 56.8581 0
      vertex 85.9424 56.9824 0.125
    endloop
  endfacet
  facet normal 0.274068 0.548136 -0.790212
    outer loop
      vertex 85.9424 56.9824 0.125
      vertex 87.3823 58.9511 1.99
      vertex 87.3825 58.951 1.99
    endloop
  endfacet
  facet normal 0.184165 0.601622 -0.777261
    outer loop
      vertex 87.3823 58.9511 1.99
      vertex 85.9424 56.9824 0.125
      vertex 85.8209 56.8581 0
    endloop
  endfacet
  facet normal 0.291148 0.524067 -0.800367
    outer loop
      vertex 86.8861 57.4272 0.75
      vertex 87.7574 58.8369 1.99
      vertex 87.7583 58.8364 1.99
    endloop
  endfacet
  facet normal 0.282963 0.528907 -0.800118
    outer loop
      vertex 87.7574 58.8369 1.99
      vertex 86.8861 57.4272 0.75
      vertex 86.2736 56.8094 0.125
    endloop
  endfacet
  facet normal 0.282726 0.529051 -0.800107
    outer loop
      vertex 88.1013 58.6531 1.99
      vertex 86.8861 57.4272 0.75
      vertex 87.7583 58.8364 1.99
    endloop
  endfacet
  facet normal 0.409433 0.409433 -0.815309
    outer loop
      vertex 86.8021 56.2926 0.125
      vertex 88.4055 58.403 1.99
      vertex 88.4056 58.4029 1.99
    endloop
  endfacet
  facet normal 0.454147 0.370839 -0.810079
    outer loop
      vertex 88.4055 58.403 1.99
      vertex 86.8021 56.2926 0.125
      vertex 86.6781 56.1714 0
    endloop
  endfacet
  facet normal 0.45308 0.3718 -0.810237
    outer loop
      vertex 88.653 58.1014 1.99
      vertex 87.7325 57.2019 1.0625
      vertex 88.4069 58.4013 1.99
    endloop
  endfacet
  facet normal 0.611918 0.169977 -0.772441
    outer loop
      vertex 88.8383 57.754 1.99
      vertex 88.7855 57.7055 1.9375
      vertex 88.8378 57.7558 1.99
    endloop
  endfacet
  facet normal 0.603432 0.183168 -0.776093
    outer loop
      vertex 88.7855 57.7055 1.9375
      vertex 88.8383 57.754 1.99
      vertex 86.9633 55.4993 0
    endloop
  endfacet
  facet normal 0.532681 0.283896 -0.797279
    outer loop
      vertex 88.7855 57.7055 1.9375
      vertex 88.6542 58.0993 1.99
      vertex 88.6825 58.0462 1.99
    endloop
  endfacet
  facet normal 0.529836 0.283231 -0.799408
    outer loop
      vertex 88.6542 58.0993 1.99
      vertex 88.7855 57.7055 1.9375
      vertex 87.2906 56.2683 0.4375
    endloop
  endfacet
  facet normal 0 0.659735 -0.751499
    outer loop
      vertex 87.0257 55.5584 0.0625
      vertex 88.8383 57.754 1.99
      vertex 88.8384 57.754 1.99
    endloop
  endfacet
  facet normal 0.604878 0.181349 -0.775394
    outer loop
      vertex 88.8383 57.754 1.99
      vertex 87.0257 55.5584 0.0625
      vertex 86.9633 55.4993 0
    endloop
  endfacet
  facet normal 0.672898 0.0679763 -0.736606
    outer loop
      vertex 88.8367 57.272 1.875
      vertex 87 55.1356 0
      vertex 87.1506 55.6766 0.1875
    endloop
  endfacet
  facet normal -0.603493 0.183087 -0.776064
    outer loop
      vertex 0.163321 57.272 1.875
      vertex 0.161604 57.7538 1.99
      vertex 1.84936 55.6766 0.1875
    endloop
  endfacet
  facet normal -0.602967 0.183181 -0.776451
    outer loop
      vertex 0.161604 57.7538 1.99
      vertex 0.163321 57.272 1.875
      vertex 0.153128 57.7259 1.99
    endloop
  endfacet
  facet normal -0.672954 0.0678955 -0.736561
    outer loop
      vertex 2 55.1356 0
      vertex 0.163321 57.272 1.875
      vertex 1.84936 55.6766 0.1875
    endloop
  endfacet
  facet normal -0.603588 0.182963 -0.776019
    outer loop
      vertex 1.97426 55.5584 0.0625
      vertex 0.161663 57.754 1.99
      vertex 2.0367 55.4993 0
    endloop
  endfacet
  facet normal 0 0.659735 -0.751499
    outer loop
      vertex 0.161663 57.754 1.99
      vertex 1.97426 55.5584 0.0625
      vertex 0.161645 57.754 1.99
    endloop
  endfacet
  facet normal -0.672974 0.067908 -0.736542
    outer loop
      vertex 2 55.1356 0
      vertex 1.97426 55.5584 0.0625
      vertex 2.0367 55.4993 0
    endloop
  endfacet
  facet normal -0.52963 0.283445 -0.79947
    outer loop
      vertex 1.7094 56.2683 0.4375
      vertex 0.34604 58.0997 1.99
      vertex 2.02083 55.9688 0.125
    endloop
  endfacet
  facet normal -0.5446 0.268216 -0.794651
    outer loop
      vertex 0.34604 58.0997 1.99
      vertex 1.7094 56.2683 0.4375
      vertex 0.345843 58.0993 1.99
    endloop
  endfacet
  facet normal -0.60059 0.18669 -0.777457
    outer loop
      vertex 2.0367 55.4993 0
      vertex 1.7094 56.2683 0.4375
      vertex 2.02083 55.9688 0.125
    endloop
  endfacet
  facet normal -0.52547 0.287819 -0.800651
    outer loop
      vertex 2.1454 55.8491 0
      vertex 1.26746 57.2019 1.0625
      vertex 2.19786 56.2926 0.125
    endloop
  endfacet
  facet normal -0.453015 0.371851 -0.81025
    outer loop
      vertex 1.26746 57.2019 1.0625
      vertex 0.594384 58.4029 1.99
      vertex 2.19786 56.2926 0.125
    endloop
  endfacet
  facet normal -0.450536 0.373663 -0.810798
    outer loop
      vertex 0.594384 58.4029 1.99
      vertex 1.26746 57.2019 1.0625
      vertex 0.593057 58.4013 1.99
    endloop
  endfacet
  facet normal 0.694132 -0.0347066 0.71901
    outer loop
      vertex 2.49778 56.5152 0.0625
      vertex 2.06604 56.944 0.5
      vertex 2.4361 56.5764 0.125
    endloop
  endfacet
  facet normal -0.371419 0.452915 -0.810504
    outer loop
      vertex 2.06604 56.944 0.5
      vertex 0.897111 58.6518 1.99
      vertex 2.4361 56.5764 0.125
    endloop
  endfacet
  facet normal -0.348509 0.469326 -0.811341
    outer loop
      vertex 0.897111 58.6518 1.99
      vertex 2.06604 56.944 0.5
      vertex 0.896707 58.6515 1.99
    endloop
  endfacet
  facet normal -0.447888 0.376467 -0.810968
    outer loop
      vertex 0.594467 58.403 1.99
      vertex 1.26424 57.7404 1.3125
      vertex 2.32191 56.1714 0
    endloop
  endfacet
  facet normal -0.446176 0.378294 -0.811061
    outer loop
      vertex 1.26424 57.7404 1.3125
      vertex 0.594467 58.403 1.99
      vertex 0.595654 58.4044 1.99
    endloop
  endfacet
  facet normal -0.371594 0.452803 -0.810486
    outer loop
      vertex 1.26424 57.7404 1.3125
      vertex 0.595654 58.4044 1.99
      vertex 0.894319 58.6495 1.99
    endloop
  endfacet
  facet normal -0.178975 -0.604513 -0.776229
    outer loop
      vertex 2.45317 0.91229 1.125
      vertex 1.97125 0.412941 1.625
      vertex 3.17914 2.14192 0
    endloop
  endfacet
  facet normal -0.0662688 -0.673325 -0.736371
    outer loop
      vertex 1.97125 0.412941 1.625
      vertex 2.00518 0.0104254 1.99
      vertex 1.99923 0.011011 1.99
    endloop
  endfacet
  facet normal -0.066316 -0.673325 -0.736366
    outer loop
      vertex 2.00518 0.0104254 1.99
      vertex 1.97125 0.412941 1.625
      vertex 2.45317 0.91229 1.125
    endloop
  endfacet
  facet normal -0.182794 -0.602389 -0.77699
    outer loop
      vertex 1.61754 0.0489848 1.99
      vertex 2.75378 1.70668 0.4375
      vertex 3.05761 2.01756 0.125
    endloop
  endfacet
  facet normal -0.182821 -0.602376 -0.776994
    outer loop
      vertex 2.75378 1.70668 0.4375
      vertex 1.61754 0.0489848 1.99
      vertex 1.61714 0.0491062 1.99
    endloop
  endfacet
  facet normal -0.277758 -0.53236 -0.799652
    outer loop
      vertex 3.05761 2.01756 0.125
      vertex 2.75378 1.70668 0.4375
      vertex 2.84891 2.31421 0
    endloop
  endfacet
  facet normal -0.182743 -0.602424 -0.776975
    outer loop
      vertex 1.55952 0.0665863 1.99
      vertex 1.24436 0.162189 1.99
      vertex 1.2954 0.214418 1.9375
    endloop
  endfacet
  facet normal -0.276828 -0.533102 -0.79948
    outer loop
      vertex 1.2427 0.163051 1.99
      vertex 1.2954 0.214418 1.9375
      vertex 1.24436 0.162189 1.99
    endloop
  endfacet
  facet normal -0.277662 -0.532417 -0.799647
    outer loop
      vertex 1.2954 0.214418 1.9375
      vertex 1.2427 0.163051 1.99
      vertex 2.84891 2.31421 0
    endloop
  endfacet
  facet normal 0.602449 -0.183279 -0.776829
    outer loop
      vertex 88.8384 1.24616 1.99
      vertex 88.8367 1.728 1.875
      vertex 88.8469 1.2741 1.99
    endloop
  endfacet
  facet normal 0.603474 -0.183096 -0.776077
    outer loop
      vertex 88.8367 1.728 1.875
      vertex 88.8384 1.24616 1.99
      vertex 87.1506 3.32341 0.1875
    endloop
  endfacet
  facet normal 0.672897 -0.0679765 -0.736606
    outer loop
      vertex 87.1506 3.32341 0.1875
      vertex 87 3.86441 0
      vertex 88.8367 1.728 1.875
    endloop
  endfacet
  facet normal 0.290654 -0.484424 -0.825139
    outer loop
      vertex 88.8383 1.24596 1.99
      vertex 87.0257 3.44159 0.0625
      vertex 88.8384 1.24602 1.99
    endloop
  endfacet
  facet normal 0.604983 -0.181216 -0.775343
    outer loop
      vertex 87.0257 3.44159 0.0625
      vertex 88.8383 1.24596 1.99
      vertex 86.9633 3.50068 0
    endloop
  endfacet
  facet normal 0.673196 -0.0679248 -0.736338
    outer loop
      vertex 87.0257 3.44159 0.0625
      vertex 86.9633 3.50068 0
      vertex 87 3.86441 0
    endloop
  endfacet
  facet normal 0.526774 -0.28629 -0.800342
    outer loop
      vertex 88.654 0.900285 1.99
      vertex 87.2906 2.73174 0.4375
      vertex 88.6542 0.900653 1.99
    endloop
  endfacet
  facet normal 0.530051 -0.283006 -0.799346
    outer loop
      vertex 87.2906 2.73174 0.4375
      vertex 88.654 0.900285 1.99
      vertex 86.9792 3.03116 0.125
    endloop
  endfacet
  facet normal 0.600695 -0.186622 -0.777392
    outer loop
      vertex 86.9792 3.03116 0.125
      vertex 86.9633 3.50068 0
      vertex 87.2906 2.73174 0.4375
    endloop
  endfacet
  facet normal 0.411656 -0.40758 -0.815118
    outer loop
      vertex 88.4055 0.597 1.99
      vertex 86.8021 2.70737 0.125
      vertex 88.4056 0.597101 1.99
    endloop
  endfacet
  facet normal 0.453806 -0.371147 -0.810129
    outer loop
      vertex 86.8021 2.70737 0.125
      vertex 88.4055 0.597 1.99
      vertex 86.6781 2.8286 0
    endloop
  endfacet
  facet normal 0.525621 -0.287817 -0.800552
    outer loop
      vertex 86.8021 2.70737 0.125
      vertex 86.6781 2.8286 0
      vertex 86.8546 3.15093 0
    endloop
  endfacet
  facet normal 0.0748076 0.748076 0.659384
    outer loop
      vertex 86.5639 2.42355 0.125
      vertex 86.5022 2.48481 0.0625
      vertex 86.934 2.056 0.5
    endloop
  endfacet
  facet normal 0.374222 -0.45087 -0.810355
    outer loop
      vertex 88.1029 0.348188 1.99
      vertex 86.934 2.056 0.5
      vertex 88.1033 0.34852 1.99
    endloop
  endfacet
  facet normal 0.371474 -0.452877 -0.8105
    outer loop
      vertex 86.934 2.056 0.5
      vertex 88.1029 0.348188 1.99
      vertex 86.5639 2.42355 0.125
    endloop
  endfacet
  facet normal 0.0657232 -0.673509 -0.736252
    outer loop
      vertex 86.9924 0.0101912 1.99
      vertex 86.5468 0.91229 1.125
      vertex 86.9948 0.0104254 1.99
    endloop
  endfacet
  facet normal 0.0663169 -0.673325 -0.736366
    outer loop
      vertex 86.5468 0.91229 1.125
      vertex 86.9924 0.0101912 1.99
      vertex 85.583 1.91099 0.125
    endloop
  endfacet
  facet normal -0.277684 0.532398 -0.799652
    outer loop
      vertex 2.84891 56.6858 0
      vertex 2.75378 57.2933 0.4375
      vertex 3.05761 56.9824 0.125
    endloop
  endfacet
  facet normal -0.182663 0.602458 -0.776968
    outer loop
      vertex 2.75378 57.2933 0.4375
      vertex 1.61754 58.951 1.99
      vertex 3.05761 56.9824 0.125
    endloop
  endfacet
  facet normal -0.15425 0.616999 -0.771699
    outer loop
      vertex 1.61754 58.951 1.99
      vertex 2.75378 57.2933 0.4375
      vertex 1.61714 58.9509 1.99
    endloop
  endfacet
  facet normal 0.17892 0.604553 -0.776211
    outer loop
      vertex 85.8209 56.8581 0
      vertex 85.583 57.089 0.125
      vertex 86.5468 58.0877 1.125
    endloop
  endfacet
  facet normal 0.0563636 0.676364 -0.734408
    outer loop
      vertex 86.5468 58.0877 1.125
      vertex 86.9924 58.9898 1.99
      vertex 86.9948 58.9896 1.99
    endloop
  endfacet
  facet normal 0.0663188 0.673324 -0.736367
    outer loop
      vertex 86.9924 58.9898 1.99
      vertex 86.5468 58.0877 1.125
      vertex 85.583 57.089 0.125
    endloop
  endfacet
  facet normal 0.44783 0.376509 -0.810981
    outer loop
      vertex 87.7358 57.7404 1.3125
      vertex 86.6781 56.1714 0
      vertex 86.934 56.944 0.5
    endloop
  endfacet
  facet normal 0.37558 0.450696 -0.809823
    outer loop
      vertex 87.7358 57.7404 1.3125
      vertex 88.1033 58.6515 1.99
      vertex 88.1057 58.6495 1.99
    endloop
  endfacet
  facet normal 0.371533 0.452831 -0.810498
    outer loop
      vertex 88.1033 58.6515 1.99
      vertex 87.7358 57.7404 1.3125
      vertex 86.934 56.944 0.5
    endloop
  endfacet
  facet normal 0.44761 0.376468 -0.811121
    outer loop
      vertex 86.6781 56.1714 0
      vertex 86.4405 56.4539 0
      vertex 86.5022 56.5152 0.0625
    endloop
  endfacet
  facet normal 0.369913 0.45408 -0.81054
    outer loop
      vertex 88.1028 58.6519 1.99
      vertex 86.5022 56.5152 0.0625
      vertex 86.4405 56.4539 0
    endloop
  endfacet
  facet normal 0.455453 0.370055 -0.809705
    outer loop
      vertex 87.7325 57.2019 1.0625
      vertex 88.4056 58.4029 1.99
      vertex 88.4069 58.4013 1.99
    endloop
  endfacet
  facet normal 0.453033 0.371831 -0.810249
    outer loop
      vertex 88.4056 58.4029 1.99
      vertex 87.7325 57.2019 1.0625
      vertex 86.8021 56.2926 0.125
    endloop
  endfacet
  facet normal 0.525433 0.287864 -0.800659
    outer loop
      vertex 86.8546 55.8491 0
      vertex 86.8021 56.2926 0.125
      vertex 87.7325 57.2019 1.0625
    endloop
  endfacet
  facet normal 0.600629 0.186645 -0.777438
    outer loop
      vertex 86.9633 55.4993 0
      vertex 86.8546 55.8491 0
      vertex 86.9792 55.9688 0.125
    endloop
  endfacet
  facet normal 0.402781 0.402781 -0.82191
    outer loop
      vertex 86.9792 55.9688 0.125
      vertex 88.6539 58.0998 1.99
      vertex 88.654 58.0997 1.99
    endloop
  endfacet
  facet normal 0.529969 0.283098 -0.799368
    outer loop
      vertex 88.6539 58.0998 1.99
      vertex 86.9792 55.9688 0.125
      vertex 86.8546 55.8491 0
    endloop
  endfacet
  facet normal 0.601935 0.183385 -0.777203
    outer loop
      vertex 88.8367 57.272 1.875
      vertex 88.8384 57.7538 1.99
      vertex 88.8469 57.7259 1.99
    endloop
  endfacet
  facet normal 0.603463 0.183112 -0.776081
    outer loop
      vertex 88.8384 57.7538 1.99
      vertex 88.8367 57.272 1.875
      vertex 87.1506 55.6766 0.1875
    endloop
  endfacet
  facet normal 0.603537 0.183054 -0.776038
    outer loop
      vertex 88.9516 57.3807 1.99
      vertex 88.8367 57.272 1.875
      vertex 88.8469 57.7259 1.99
    endloop
  endfacet
  facet normal 0.72995 0 -0.683501
    outer loop
      vertex 87.1506 55.6766 0.1875
      vertex 88.8384 57.754 1.99
      vertex 88.8384 57.7538 1.99
    endloop
  endfacet
  facet normal 0.603359 0.183226 -0.776135
    outer loop
      vertex 88.8384 57.754 1.99
      vertex 87.1506 55.6766 0.1875
      vertex 87.0257 55.5584 0.0625
    endloop
  endfacet
  facet normal 0.672873 0.0679904 -0.736627
    outer loop
      vertex 87.1506 55.6766 0.1875
      vertex 87 55.1356 0
      vertex 87.0257 55.5584 0.0625
    endloop
  endfacet
  facet normal -0.600644 0.186648 -0.777425
    outer loop
      vertex 2.0367 55.4993 0
      vertex 0.214527 57.7055 1.9375
      vertex 1.7094 56.2683 0.4375
    endloop
  endfacet
  facet normal -0.529828 0.28325 -0.799408
    outer loop
      vertex 0.214527 57.7055 1.9375
      vertex 0.345843 58.0993 1.99
      vertex 1.7094 56.2683 0.4375
    endloop
  endfacet
  facet normal -0.529882 0.283263 -0.799367
    outer loop
      vertex 0.345843 58.0993 1.99
      vertex 0.214527 57.7055 1.9375
      vertex 0.317457 58.0462 1.99
    endloop
  endfacet
  facet normal 0.60061 -0.186687 -0.777442
    outer loop
      vertex 87.2906 2.73174 0.4375
      vertex 86.9633 3.50068 0
      vertex 88.7855 1.29452 1.9375
    endloop
  endfacet
  facet normal 0.532652 -0.283843 -0.797318
    outer loop
      vertex 88.6542 0.900653 1.99
      vertex 88.7855 1.29452 1.9375
      vertex 88.6825 0.95376 1.99
    endloop
  endfacet
  facet normal 0.529865 -0.283192 -0.799403
    outer loop
      vertex 88.7855 1.29452 1.9375
      vertex 88.6542 0.900653 1.99
      vertex 87.2906 2.73174 0.4375
    endloop
  endfacet
  facet normal 0.311097 -0.509995 -0.80195
    outer loop
      vertex 87.7573 0.163051 1.99
      vertex 86.2736 2.19064 0.125
      vertex 87.7574 0.163112 1.99
    endloop
  endfacet
  facet normal 0.282831 -0.528988 -0.800111
    outer loop
      vertex 86.2736 2.19064 0.125
      vertex 87.7573 0.163051 1.99
      vertex 86.1511 2.31421 0
    endloop
  endfacet
  facet normal 0.366145 -0.45701 -0.810604
    outer loop
      vertex 86.2736 2.19064 0.125
      vertex 86.1511 2.31421 0
      vertex 86.4405 2.54607 0
    endloop
  endfacet
  facet normal -0.182722 0.602422 -0.776982
    outer loop
      vertex 1.2954 58.7856 1.9375
      vertex 1.61714 58.9509 1.99
      vertex 2.75378 57.2933 0.4375
    endloop
  endfacet
  facet normal -0.183167 0.603091 -0.776357
    outer loop
      vertex 1.61714 58.9509 1.99
      vertex 1.2954 58.7856 1.9375
      vertex 1.55952 58.9334 1.99
    endloop
  endfacet
  facet normal -0.277693 0.532395 -0.799651
    outer loop
      vertex 2.84891 56.6858 0
      vertex 1.2954 58.7856 1.9375
      vertex 2.75378 57.2933 0.4375
    endloop
  endfacet
  facet normal -0.183992 0.601715 -0.77723
    outer loop
      vertex 3.05761 56.9824 0.125
      vertex 1.61767 58.9511 1.99
      vertex 3.17914 56.8581 0
    endloop
  endfacet
  facet normal -0.370413 0.481537 -0.794302
    outer loop
      vertex 1.61767 58.9511 1.99
      vertex 3.05761 56.9824 0.125
      vertex 1.61754 58.951 1.99
    endloop
  endfacet
  facet normal -0.277812 0.532453 -0.799571
    outer loop
      vertex 3.17914 56.8581 0
      vertex 2.84891 56.6858 0
      vertex 3.05761 56.9824 0.125
    endloop
  endfacet
  facet normal -0.178763 0.604621 -0.776194
    outer loop
      vertex 3.17914 56.8581 0
      vertex 1.97125 58.5871 1.625
      vertex 2.45317 58.0877 1.125
    endloop
  endfacet
  facet normal -0.178975 0.604509 -0.776233
    outer loop
      vertex 3.17914 56.8581 0
      vertex 1.67006 58.8992 1.9375
      vertex 1.97125 58.5871 1.625
    endloop
  endfacet
  facet normal 0.178753 0.604631 -0.776188
    outer loop
      vertex 87.0287 58.5871 1.625
      vertex 85.8209 56.8581 0
      vertex 86.5468 58.0877 1.125
    endloop
  endfacet
  facet normal 0.0673338 0.673338 -0.736263
    outer loop
      vertex 87.0287 58.5871 1.625
      vertex 86.9948 58.9896 1.99
      vertex 87.0008 58.989 1.99
    endloop
  endfacet
  facet normal 0.0662326 0.673337 -0.736363
    outer loop
      vertex 86.9948 58.9896 1.99
      vertex 87.0287 58.5871 1.625
      vertex 86.5468 58.0877 1.125
    endloop
  endfacet
  facet normal -0.622534 -0.155633 0.766962
    outer loop
      vertex 86.934 56.944 0.5
      vertex 86.5022 56.5152 0.0625
      vertex 86.5639 56.5764 0.125
    endloop
  endfacet
  facet normal 0.416815 0.416815 -0.807794
    outer loop
      vertex 86.5639 56.5764 0.125
      vertex 88.1028 58.6519 1.99
      vertex 88.1029 58.6518 1.99
    endloop
  endfacet
  facet normal 0.372743 0.451893 -0.810466
    outer loop
      vertex 88.1028 58.6519 1.99
      vertex 86.5639 56.5764 0.125
      vertex 86.5022 56.5152 0.0625
    endloop
  endfacet
  facet normal 0.600657 0.186638 -0.777417
    outer loop
      vertex 87.2906 56.2683 0.4375
      vertex 86.9633 55.4993 0
      vertex 86.9792 55.9688 0.125
    endloop
  endfacet
  facet normal 0.541921 0.270961 -0.795551
    outer loop
      vertex 87.2906 56.2683 0.4375
      vertex 88.654 58.0997 1.99
      vertex 88.6542 58.0993 1.99
    endloop
  endfacet
  facet normal 0.529813 0.283251 -0.799416
    outer loop
      vertex 88.654 58.0997 1.99
      vertex 87.2906 56.2683 0.4375
      vertex 86.9792 55.9688 0.125
    endloop
  endfacet
  facet normal 0.277721 -0.532379 -0.799652
    outer loop
      vertex 86.2462 1.70668 0.4375
      vertex 86.1511 2.31421 0
      vertex 87.7046 0.214418 1.9375
    endloop
  endfacet
  facet normal 0.272223 -0.536867 -0.798541
    outer loop
      vertex 87.7046 0.214418 1.9375
      vertex 87.7573 0.163051 1.99
      vertex 87.7556 0.162189 1.99
    endloop
  endfacet
  facet normal 0.277658 -0.532421 -0.799646
    outer loop
      vertex 87.7573 0.163051 1.99
      vertex 87.7046 0.214418 1.9375
      vertex 86.1511 2.31421 0
    endloop
  endfacet
  facet normal -0.0660151 0.673354 -0.736367
    outer loop
      vertex 1.97125 58.5871 1.625
      vertex 1.94721 58.9839 1.99
      vertex 1.99923 58.989 1.99
    endloop
  endfacet
  facet normal -0.0662901 0.673333 -0.736362
    outer loop
      vertex 1.94721 58.9839 1.99
      vertex 1.97125 58.5871 1.625
      vertex 1.67006 58.8992 1.9375
    endloop
  endfacet
  facet normal -0.0662252 0.673339 -0.736362
    outer loop
      vertex 1.97125 58.5871 1.625
      vertex 2.00518 58.9896 1.99
      vertex 2.45317 58.0877 1.125
    endloop
  endfacet
  facet normal -0.0678999 0.673341 -0.736208
    outer loop
      vertex 2.00518 58.9896 1.99
      vertex 1.97125 58.5871 1.625
      vertex 1.99923 58.989 1.99
    endloop
  endfacet
  facet normal 0.277776 -0.532368 -0.79964
    outer loop
      vertex 85.9424 2.01756 0.125
      vertex 85.8209 2.14192 0
      vertex 86.1511 2.31421 0
    endloop
  endfacet
  facet normal 0.277771 -0.532366 -0.799644
    outer loop
      vertex 86.2462 1.70668 0.4375
      vertex 85.9424 2.01756 0.125
      vertex 86.1511 2.31421 0
    endloop
  endfacet
  facet normal 0.182792 -0.602469 -0.776929
    outer loop
      vertex 87.7556 0.162189 1.99
      vertex 87.4405 0.0665863 1.99
      vertex 87.7046 0.214418 1.9375
    endloop
  endfacet
  facet normal 0.182862 -0.602563 -0.776839
    outer loop
      vertex 87.3829 0.0491062 1.99
      vertex 87.7046 0.214418 1.9375
      vertex 87.4405 0.0665863 1.99
    endloop
  endfacet
  facet normal 0.182757 -0.602405 -0.776986
    outer loop
      vertex 87.7046 0.214418 1.9375
      vertex 87.3829 0.0491062 1.99
      vertex 86.2462 1.70668 0.4375
    endloop
  endfacet
  facet normal 0.178938 -0.604538 -0.776218
    outer loop
      vertex 87.0287 0.412941 1.625
      vertex 85.8209 2.14192 0
      vertex 87.3299 0.100848 1.9375
    endloop
  endfacet
  facet normal 0.0663286 -0.673318 -0.736371
    outer loop
      vertex 87.0528 0.0161345 1.99
      vertex 87.0287 0.412941 1.625
      vertex 87.3299 0.100848 1.9375
    endloop
  endfacet
  facet normal 0.0663412 -0.673317 -0.736371
    outer loop
      vertex 87.0287 0.412941 1.625
      vertex 87.0528 0.0161345 1.99
      vertex 87.0008 0.011011 1.99
    endloop
  endfacet
  facet normal -0.956941 -0.290283 0
    outer loop
      vertex 0.152242 1.23463 1.99
      vertex 0.0384302 1.60982 7
      vertex 0.0384302 1.60982 1.99
    endloop
  endfacet
  facet normal -0.956941 -0.290283 0
    outer loop
      vertex 0.0384302 1.60982 7
      vertex 0.152242 1.23463 1.99
      vertex 0.152242 1.23463 7
    endloop
  endfacet
  facet normal -0.995185 -0.0980192 0
    outer loop
      vertex 0.0384302 1.60982 1.99
      vertex 0 2 7
      vertex 0 2 1.99
    endloop
  endfacet
  facet normal -0.995185 -0.0980192 0
    outer loop
      vertex 0 2 7
      vertex 0.0384302 1.60982 1.99
      vertex 0.0384302 1.60982 7
    endloop
  endfacet
  facet normal 0.471634 0.881795 -0
    outer loop
      vertex 88.1111 58.6629 1.99
      vertex 87.7654 58.8478 7
      vertex 88.1111 58.6629 7
    endloop
  endfacet
  facet normal 0.471634 0.881795 0
    outer loop
      vertex 87.7654 58.8478 7
      vertex 88.1111 58.6629 1.99
      vertex 87.7654 58.8478 1.99
    endloop
  endfacet
  facet normal -0.0979429 0.995192 0
    outer loop
      vertex 2 59 1.99
      vertex 1.60982 58.9616 7
      vertex 2 59 7
    endloop
  endfacet
  facet normal -0.0979429 0.995192 0
    outer loop
      vertex 1.60982 58.9616 7
      vertex 2 59 1.99
      vertex 1.60982 58.9616 1.99
    endloop
  endfacet
  facet normal 1 -0 0
    outer loop
      vertex 89 2 7
      vertex 89 57 1.99
      vertex 89 57 7
    endloop
  endfacet
  facet normal 1 0 0
    outer loop
      vertex 89 57 1.99
      vertex 89 2 7
      vertex 89 2 1.99
    endloop
  endfacet
  facet normal 0 1 -0
    outer loop
      vertex 87 59 1.99
      vertex 2 59 7
      vertex 87 59 7
    endloop
  endfacet
  facet normal 0 1 0
    outer loop
      vertex 2 59 7
      vertex 87 59 1.99
      vertex 2 59 1.99
    endloop
  endfacet
  facet normal -0.995185 0.0980142 0
    outer loop
      vertex 0 57 1.99
      vertex 0.0384302 57.3902 7
      vertex 0.0384302 57.3902 1.99
    endloop
  endfacet
  facet normal -0.995185 0.0980142 0
    outer loop
      vertex 0.0384302 57.3902 7
      vertex 0 57 1.99
      vertex 0 57 7
    endloop
  endfacet
  facet normal -0.634394 -0.77301 0
    outer loop
      vertex 0.585787 0.585787 1.99
      vertex 0.88886 0.337061 7
      vertex 0.585787 0.585787 7
    endloop
  endfacet
  facet normal -0.634394 -0.77301 -0
    outer loop
      vertex 0.88886 0.337061 7
      vertex 0.585787 0.585787 1.99
      vertex 0.88886 0.337061 1.99
    endloop
  endfacet
  facet normal -0.634354 0.773042 0
    outer loop
      vertex 0.88886 58.6629 1.99
      vertex 0.585787 58.4142 7
      vertex 0.88886 58.6629 7
    endloop
  endfacet
  facet normal -0.634354 0.773042 0
    outer loop
      vertex 0.585787 58.4142 7
      vertex 0.88886 58.6629 1.99
      vertex 0.585787 58.4142 1.99
    endloop
  endfacet
  facet normal -1 0 0
    outer loop
      vertex 0 2 1.99
      vertex 0 57 7
      vertex 0 57 1.99
    endloop
  endfacet
  facet normal -1 -0 0
    outer loop
      vertex 0 57 7
      vertex 0 2 1.99
      vertex 0 2 7
    endloop
  endfacet
  facet normal 0.0980142 -0.995185 0
    outer loop
      vertex 87 0 1.99
      vertex 87.3902 0.0384302 7
      vertex 87 0 7
    endloop
  endfacet
  facet normal 0.0980142 -0.995185 0
    outer loop
      vertex 87.3902 0.0384302 7
      vertex 87 0 1.99
      vertex 87.3902 0.0384302 1.99
    endloop
  endfacet
  facet normal 0.471473 -0.88188 0
    outer loop
      vertex 87.7654 0.152242 1.99
      vertex 88.1111 0.337061 7
      vertex 87.7654 0.152242 7
    endloop
  endfacet
  facet normal 0.471473 -0.88188 0
    outer loop
      vertex 88.1111 0.337061 7
      vertex 87.7654 0.152242 1.99
      vertex 88.1111 0.337061 1.99
    endloop
  endfacet
  facet normal 0 -1 0
    outer loop
      vertex 2 0 1.99
      vertex 87 0 7
      vertex 2 0 7
    endloop
  endfacet
  facet normal 0 -1 -0
    outer loop
      vertex 87 0 7
      vertex 2 0 1.99
      vertex 87 0 1.99
    endloop
  endfacet
  facet normal -0.773038 0.63436 0
    outer loop
      vertex 0.337061 58.1111 1.99
      vertex 0.585787 58.4142 7
      vertex 0.585787 58.4142 1.99
    endloop
  endfacet
  facet normal -0.773038 0.63436 0
    outer loop
      vertex 0.585787 58.4142 7
      vertex 0.337061 58.1111 1.99
      vertex 0.337061 58.1111 7
    endloop
  endfacet
  facet normal 0.881795 0.471634 0
    outer loop
      vertex 88.8478 57.7654 7
      vertex 88.6629 58.1111 1.99
      vertex 88.6629 58.1111 7
    endloop
  endfacet
  facet normal 0.881795 0.471634 0
    outer loop
      vertex 88.6629 58.1111 1.99
      vertex 88.8478 57.7654 7
      vertex 88.8478 57.7654 1.99
    endloop
  endfacet
  facet normal 0.956949 -0.290255 0
    outer loop
      vertex 88.8478 1.23463 7
      vertex 88.9616 1.60982 1.99
      vertex 88.9616 1.60982 7
    endloop
  endfacet
  facet normal 0.956949 -0.290255 0
    outer loop
      vertex 88.9616 1.60982 1.99
      vertex 88.8478 1.23463 7
      vertex 88.8478 1.23463 1.99
    endloop
  endfacet
  facet normal 0.097938 0.995193 -0
    outer loop
      vertex 87.3902 58.9616 1.99
      vertex 87 59 7
      vertex 87.3902 58.9616 7
    endloop
  endfacet
  facet normal 0.097938 0.995193 0
    outer loop
      vertex 87 59 7
      vertex 87.3902 58.9616 1.99
      vertex 87 59 1.99
    endloop
  endfacet
  facet normal 0.63436 -0.773038 0
    outer loop
      vertex 88.1111 0.337061 1.99
      vertex 88.4142 0.585787 7
      vertex 88.1111 0.337061 7
    endloop
  endfacet
  facet normal 0.63436 -0.773038 0
    outer loop
      vertex 88.4142 0.585787 7
      vertex 88.1111 0.337061 1.99
      vertex 88.4142 0.585787 1.99
    endloop
  endfacet
  facet normal 0.634321 0.77307 -0
    outer loop
      vertex 88.4142 58.4142 1.99
      vertex 88.1111 58.6629 7
      vertex 88.4142 58.4142 7
    endloop
  endfacet
  facet normal 0.634321 0.77307 0
    outer loop
      vertex 88.1111 58.6629 7
      vertex 88.4142 58.4142 1.99
      vertex 88.1111 58.6629 1.99
    endloop
  endfacet
  facet normal 0.995192 -0.0979429 0
    outer loop
      vertex 88.9616 1.60982 7
      vertex 89 2 1.99
      vertex 89 2 7
    endloop
  endfacet
  facet normal 0.995192 -0.0979429 0
    outer loop
      vertex 89 2 1.99
      vertex 88.9616 1.60982 7
      vertex 88.9616 1.60982 1.99
    endloop
  endfacet
  facet normal 0.995193 0.097938 0
    outer loop
      vertex 89 57 7
      vertex 88.9616 57.3902 1.99
      vertex 88.9616 57.3902 7
    endloop
  endfacet
  facet normal 0.995193 0.097938 0
    outer loop
      vertex 88.9616 57.3902 1.99
      vertex 89 57 7
      vertex 89 57 1.99
    endloop
  endfacet
  facet normal -0.956943 0.290276 0
    outer loop
      vertex 0.0384302 57.3902 1.99
      vertex 0.152242 57.7654 7
      vertex 0.152242 57.7654 1.99
    endloop
  endfacet
  facet normal -0.956943 0.290276 0
    outer loop
      vertex 0.152242 57.7654 7
      vertex 0.0384302 57.3902 1.99
      vertex 0.0384302 57.3902 7
    endloop
  endfacet
  facet normal 0.956951 0.290248 0
    outer loop
      vertex 88.9616 57.3902 7
      vertex 88.8478 57.7654 1.99
      vertex 88.8478 57.7654 7
    endloop
  endfacet
  facet normal 0.956951 0.290248 0
    outer loop
      vertex 88.8478 57.7654 1.99
      vertex 88.9616 57.3902 7
      vertex 88.9616 57.3902 1.99
    endloop
  endfacet
  facet normal 0.773042 -0.634354 0
    outer loop
      vertex 88.4142 0.585787 7
      vertex 88.6629 0.88886 1.99
      vertex 88.6629 0.88886 7
    endloop
  endfacet
  facet normal 0.773042 -0.634354 0
    outer loop
      vertex 88.6629 0.88886 1.99
      vertex 88.4142 0.585787 7
      vertex 88.4142 0.585787 1.99
    endloop
  endfacet
  facet normal 0.77307 0.634321 0
    outer loop
      vertex 88.6629 58.1111 7
      vertex 88.4142 58.4142 1.99
      vertex 88.4142 58.4142 7
    endloop
  endfacet
  facet normal 0.77307 0.634321 0
    outer loop
      vertex 88.4142 58.4142 1.99
      vertex 88.6629 58.1111 7
      vertex 88.6629 58.1111 1.99
    endloop
  endfacet
  facet normal -0.88188 0.471473 0
    outer loop
      vertex 0.152242 57.7654 1.99
      vertex 0.337061 58.1111 7
      vertex 0.337061 58.1111 1.99
    endloop
  endfacet
  facet normal -0.88188 0.471473 0
    outer loop
      vertex 0.337061 58.1111 7
      vertex 0.152242 57.7654 1.99
      vertex 0.152242 57.7654 7
    endloop
  endfacet
  facet normal 0.290276 -0.956943 0
    outer loop
      vertex 87.3902 0.0384302 1.99
      vertex 87.7654 0.152242 7
      vertex 87.3902 0.0384302 7
    endloop
  endfacet
  facet normal 0.290276 -0.956943 0
    outer loop
      vertex 87.7654 0.152242 7
      vertex 87.3902 0.0384302 1.99
      vertex 87.7654 0.152242 1.99
    endloop
  endfacet
  facet normal -0.47156 0.881834 0
    outer loop
      vertex 1.23463 58.8478 1.99
      vertex 0.88886 58.6629 7
      vertex 1.23463 58.8478 7
    endloop
  endfacet
  facet normal -0.47156 0.881834 0
    outer loop
      vertex 0.88886 58.6629 7
      vertex 1.23463 58.8478 1.99
      vertex 0.88886 58.6629 1.99
    endloop
  endfacet
  facet normal 0.290248 0.956951 -0
    outer loop
      vertex 87.7654 58.8478 1.99
      vertex 87.3902 58.9616 7
      vertex 87.7654 58.8478 7
    endloop
  endfacet
  facet normal 0.290248 0.956951 0
    outer loop
      vertex 87.3902 58.9616 7
      vertex 87.7654 58.8478 1.99
      vertex 87.3902 58.9616 1.99
    endloop
  endfacet
  facet normal -0.77301 -0.634394 0
    outer loop
      vertex 0.585787 0.585787 1.99
      vertex 0.337061 0.88886 7
      vertex 0.337061 0.88886 1.99
    endloop
  endfacet
  facet normal -0.77301 -0.634394 0
    outer loop
      vertex 0.337061 0.88886 7
      vertex 0.585787 0.585787 1.99
      vertex 0.585787 0.585787 7
    endloop
  endfacet
  facet normal -0.471399 -0.88192 0
    outer loop
      vertex 0.88886 0.337061 1.99
      vertex 1.23463 0.152242 7
      vertex 0.88886 0.337061 7
    endloop
  endfacet
  facet normal -0.471399 -0.88192 -0
    outer loop
      vertex 1.23463 0.152242 7
      vertex 0.88886 0.337061 1.99
      vertex 1.23463 0.152242 1.99
    endloop
  endfacet
  facet normal -0.0980192 -0.995185 0
    outer loop
      vertex 1.60982 0.0384302 1.99
      vertex 2 0 7
      vertex 1.60982 0.0384302 7
    endloop
  endfacet
  facet normal -0.0980192 -0.995185 -0
    outer loop
      vertex 2 0 7
      vertex 1.60982 0.0384302 1.99
      vertex 2 0 1.99
    endloop
  endfacet
  facet normal -0.290255 0.956949 0
    outer loop
      vertex 1.60982 58.9616 1.99
      vertex 1.23463 58.8478 7
      vertex 1.60982 58.9616 7
    endloop
  endfacet
  facet normal -0.290255 0.956949 0
    outer loop
      vertex 1.23463 58.8478 7
      vertex 1.60982 58.9616 1.99
      vertex 1.23463 58.8478 1.99
    endloop
  endfacet
  facet normal 0.881834 -0.47156 0
    outer loop
      vertex 88.6629 0.88886 7
      vertex 88.8478 1.23463 1.99
      vertex 88.8478 1.23463 7
    endloop
  endfacet
  facet normal 0.881834 -0.47156 0
    outer loop
      vertex 88.8478 1.23463 1.99
      vertex 88.6629 0.88886 7
      vertex 88.6629 0.88886 1.99
    endloop
  endfacet
  facet normal -0.290283 -0.956941 0
    outer loop
      vertex 1.23463 0.152242 1.99
      vertex 1.60982 0.0384302 7
      vertex 1.23463 0.152242 7
    endloop
  endfacet
  facet normal -0.290283 -0.956941 -0
    outer loop
      vertex 1.60982 0.0384302 7
      vertex 1.23463 0.152242 1.99
      vertex 1.60982 0.0384302 1.99
    endloop
  endfacet
  facet normal 0 0 -1
    outer loop
      vertex 89 2 1.99
      vertex 88.99 2.00932 1.99
      vertex 89 57 1.99
    endloop
  endfacet
  facet normal 0 0 -1
    outer loop
      vertex 88.9519 1.62281 1.99
      vertex 89 2 1.99
      vertex 88.9616 1.60982 1.99
    endloop
  endfacet
  facet normal -0 0 -1
    outer loop
      vertex 89 2 1.99
      vertex 88.9519 1.62281 1.99
      vertex 88.99 2.00932 1.99
    endloop
  endfacet
  facet normal 0 0 -1
    outer loop
      vertex 88.9616 1.60982 1.99
      vertex 88.9518 1.62154 1.99
      vertex 88.9519 1.62281 1.99
    endloop
  endfacet
  facet normal 0 0 -1
    outer loop
      vertex 88.9616 1.60982 1.99
      vertex 88.9518 1.62109 1.99
      vertex 88.9518 1.62154 1.99
    endloop
  endfacet
  facet normal 0 0 -1
    outer loop
      vertex 88.9616 1.60982 1.99
      vertex 88.9516 1.61927 1.99
      vertex 88.9518 1.62109 1.99
    endloop
  endfacet
  facet normal 0 0 -1
    outer loop
      vertex 88.8469 1.2741 1.99
      vertex 88.9616 1.60982 1.99
      vertex 88.8478 1.23463 1.99
    endloop
  endfacet
  facet normal -0 0 -1
    outer loop
      vertex 88.9616 1.60982 1.99
      vertex 88.8469 1.2741 1.99
      vertex 88.9516 1.61927 1.99
    endloop
  endfacet
  facet normal 0 0 -1
    outer loop
      vertex 88.8478 1.23463 1.99
      vertex 88.8384 1.24616 1.99
      vertex 88.8469 1.2741 1.99
    endloop
  endfacet
  facet normal 0 0 -1
    outer loop
      vertex 88.8478 1.23463 1.99
      vertex 88.8384 1.24602 1.99
      vertex 88.8384 1.24616 1.99
    endloop
  endfacet
  facet normal 0 0 -1
    outer loop
      vertex 88.8478 1.23463 1.99
      vertex 88.8383 1.24596 1.99
      vertex 88.8384 1.24602 1.99
    endloop
  endfacet
  facet normal 0 0 -1
    outer loop
      vertex 88.8478 1.23463 1.99
      vertex 88.8378 1.24421 1.99
      vertex 88.8383 1.24596 1.99
    endloop
  endfacet
  facet normal -0 0 -1
    outer loop
      vertex 88.8478 1.23463 1.99
      vertex 88.6825 0.95376 1.99
      vertex 88.8378 1.24421 1.99
    endloop
  endfacet
  facet normal 0 0 -1
    outer loop
      vertex 88.6629 0.88886 1.99
      vertex 88.6825 0.95376 1.99
      vertex 88.8478 1.23463 1.99
    endloop
  endfacet
  facet normal 0 0 -1
    outer loop
      vertex 88.6629 0.88886 1.99
      vertex 88.6542 0.900653 1.99
      vertex 88.6825 0.95376 1.99
    endloop
  endfacet
  facet normal 0 0 -1
    outer loop
      vertex 88.6629 0.88886 1.99
      vertex 88.654 0.900285 1.99
      vertex 88.6542 0.900653 1.99
    endloop
  endfacet
  facet normal 0 0 -1
    outer loop
      vertex 88.6629 0.88886 1.99
      vertex 88.6539 0.900169 1.99
      vertex 88.654 0.900285 1.99
    endloop
  endfacet
  facet normal 0 0 -1
    outer loop
      vertex 88.6629 0.88886 1.99
      vertex 88.653 0.898558 1.99
      vertex 88.6539 0.900169 1.99
    endloop
  endfacet
  facet normal 0 0 -1
    outer loop
      vertex 88.4069 0.598717 1.99
      vertex 88.6629 0.88886 1.99
      vertex 88.4142 0.585787 1.99
    endloop
  endfacet
  facet normal -0 0 -1
    outer loop
      vertex 88.6629 0.88886 1.99
      vertex 88.4069 0.598717 1.99
      vertex 88.653 0.898558 1.99
    endloop
  endfacet
  facet normal 0 0 -1
    outer loop
      vertex 88.4142 0.585787 1.99
      vertex 88.4056 0.597101 1.99
      vertex 88.4069 0.598717 1.99
    endloop
  endfacet
  facet normal 0 0 -1
    outer loop
      vertex 88.4142 0.585787 1.99
      vertex 88.4055 0.597 1.99
      vertex 88.4056 0.597101 1.99
    endloop
  endfacet
  facet normal 0 0 -1
    outer loop
      vertex 88.4142 0.585787 1.99
      vertex 88.4043 0.595588 1.99
      vertex 88.4055 0.597 1.99
    endloop
  endfacet
  facet normal 0 0 -1
    outer loop
      vertex 88.1057 0.350479 1.99
      vertex 88.4142 0.585787 1.99
      vertex 88.1111 0.337061 1.99
    endloop
  endfacet
  facet normal -0 0 -1
    outer loop
      vertex 88.4142 0.585787 1.99
      vertex 88.1057 0.350479 1.99
      vertex 88.4043 0.595588 1.99
    endloop
  endfacet
  facet normal 0 0 -1
    outer loop
      vertex 88.1111 0.337061 1.99
      vertex 88.1033 0.34852 1.99
      vertex 88.1057 0.350479 1.99
    endloop
  endfacet
  facet normal 0 0 -1
    outer loop
      vertex 88.1111 0.337061 1.99
      vertex 88.1029 0.348188 1.99
      vertex 88.1033 0.34852 1.99
    endloop
  endfacet
  facet normal 0 0 -1
    outer loop
      vertex 88.1028 0.348105 1.99
      vertex 88.1029 0.348188 1.99
      vertex 88.1111 0.337061 1.99
    endloop
  endfacet
  facet normal 0 0 -1
    outer loop
      vertex 88.1029 0.348188 1.99
      vertex 88.1028 0.348105 1.99
      vertex 88.1028 0.348145 1.99
    endloop
  endfacet
  facet normal 0 0 -1
    outer loop
      vertex 88.1111 0.337061 1.99
      vertex 88.1013 0.346946 1.99
      vertex 88.1028 0.348105 1.99
    endloop
  endfacet
  facet normal 0 0 -1
    outer loop
      vertex 87.7654 0.152242 1.99
      vertex 88.1013 0.346946 1.99
      vertex 88.1111 0.337061 1.99
    endloop
  endfacet
  facet normal 0 0 -1
    outer loop
      vertex 87.7654 0.152242 1.99
      vertex 87.7583 0.163605 1.99
      vertex 88.1013 0.346946 1.99
    endloop
  endfacet
  facet normal 0 0 -1
    outer loop
      vertex 87.7654 0.152242 1.99
      vertex 87.7574 0.163112 1.99
      vertex 87.7583 0.163605 1.99
    endloop
  endfacet
  facet normal 0 0 -1
    outer loop
      vertex 87.7654 0.152242 1.99
      vertex 87.7573 0.163051 1.99
      vertex 87.7574 0.163112 1.99
    endloop
  endfacet
  facet normal 0 0 -1
    outer loop
      vertex 87.7654 0.152242 1.99
      vertex 87.7556 0.162189 1.99
      vertex 87.7573 0.163051 1.99
    endloop
  endfacet
  facet normal -0 0 -1
    outer loop
      vertex 87.7654 0.152242 1.99
      vertex 87.4405 0.0665863 1.99
      vertex 87.7556 0.162189 1.99
    endloop
  endfacet
  facet normal 0 0 -1
    outer loop
      vertex 87.3902 0.0384302 1.99
      vertex 87.4405 0.0665863 1.99
      vertex 87.7654 0.152242 1.99
    endloop
  endfacet
  facet normal 0 0 -1
    outer loop
      vertex 87.3902 0.0384302 1.99
      vertex 87.3829 0.0491062 1.99
      vertex 87.4405 0.0665863 1.99
    endloop
  endfacet
  facet normal 0 0 -1
    outer loop
      vertex 87.3902 0.0384302 1.99
      vertex 87.3825 0.0489848 1.99
      vertex 87.3829 0.0491062 1.99
    endloop
  endfacet
  facet normal 0 0 -1
    outer loop
      vertex 87.3902 0.0384302 1.99
      vertex 87.3823 0.0489469 1.99
      vertex 87.3825 0.0489848 1.99
    endloop
  endfacet
  facet normal 0 0 -1
    outer loop
      vertex 87.3902 0.0384302 1.99
      vertex 87.3805 0.0484164 1.99
      vertex 87.3823 0.0489469 1.99
    endloop
  endfacet
  facet normal -0 0 -1
    outer loop
      vertex 87.3902 0.0384302 1.99
      vertex 87.0528 0.0161345 1.99
      vertex 87.3805 0.0484164 1.99
    endloop
  endfacet
  facet normal 0 0 -1
    outer loop
      vertex 87 0 1.99
      vertex 87.0528 0.0161345 1.99
      vertex 87.3902 0.0384302 1.99
    endloop
  endfacet
  facet normal 0 0 -1
    outer loop
      vertex 87.0528 0.0161345 1.99
      vertex 87 0 1.99
      vertex 87.0008 0.011011 1.99
    endloop
  endfacet
  facet normal 0 0 -1
    outer loop
      vertex 87 0 1.99
      vertex 86.9948 0.0104254 1.99
      vertex 87.0008 0.011011 1.99
    endloop
  endfacet
  facet normal 0 0 -1
    outer loop
      vertex 87 0 1.99
      vertex 86.9924 0.0101912 1.99
      vertex 86.9948 0.0104254 1.99
    endloop
  endfacet
  facet normal 0 0 -1
    outer loop
      vertex 87 0 1.99
      vertex 86.9923 0.0101784 1.99
      vertex 86.9924 0.0101912 1.99
    endloop
  endfacet
  facet normal 0 0 -1
    outer loop
      vertex 87 0 1.99
      vertex 86.9904 0.00999928 1.99
      vertex 86.9923 0.0101784 1.99
    endloop
  endfacet
  facet normal 0 0 -1
    outer loop
      vertex 87 0 1.99
      vertex 2.00955 0.00999928 1.99
      vertex 86.9904 0.00999928 1.99
    endloop
  endfacet
  facet normal 0 0 -1
    outer loop
      vertex 2 0 1.99
      vertex 2.00955 0.00999928 1.99
      vertex 87 0 1.99
    endloop
  endfacet
  facet normal 0 0 -1
    outer loop
      vertex 2 0 1.99
      vertex 2.00769 0.0101784 1.99
      vertex 2.00955 0.00999928 1.99
    endloop
  endfacet
  facet normal 0 0 -1
    outer loop
      vertex 2 0 1.99
      vertex 2.00756 0.0101912 1.99
      vertex 2.00769 0.0101784 1.99
    endloop
  endfacet
  facet normal 0 0 -1
    outer loop
      vertex 2 0 1.99
      vertex 2.00518 0.0104254 1.99
      vertex 2.00756 0.0101912 1.99
    endloop
  endfacet
  facet normal 0 0 -1
    outer loop
      vertex 2 0 1.99
      vertex 1.99923 0.011011 1.99
      vertex 2.00518 0.0104254 1.99
    endloop
  endfacet
  facet normal 0 0 -1
    outer loop
      vertex 2 0 1.99
      vertex 1.94721 0.0161345 1.99
      vertex 1.99923 0.011011 1.99
    endloop
  endfacet
  facet normal 0 0 -1
    outer loop
      vertex 1.60982 0.0384302 1.99
      vertex 1.94721 0.0161345 1.99
      vertex 2 0 1.99
    endloop
  endfacet
  facet normal 0 0 -1
    outer loop
      vertex 1.94721 0.0161345 1.99
      vertex 1.60982 0.0384302 1.99
      vertex 1.61946 0.0484164 1.99
    endloop
  endfacet
  facet normal 0 0 -1
    outer loop
      vertex 1.60982 0.0384302 1.99
      vertex 1.61767 0.0489469 1.99
      vertex 1.61946 0.0484164 1.99
    endloop
  endfacet
  facet normal 0 0 -1
    outer loop
      vertex 1.60982 0.0384302 1.99
      vertex 1.61754 0.0489848 1.99
      vertex 1.61767 0.0489469 1.99
    endloop
  endfacet
  facet normal 0 0 -1
    outer loop
      vertex 1.60982 0.0384302 1.99
      vertex 1.61714 0.0491062 1.99
      vertex 1.61754 0.0489848 1.99
    endloop
  endfacet
  facet normal 0 0 -1
    outer loop
      vertex 1.60982 0.0384302 1.99
      vertex 1.55952 0.0665863 1.99
      vertex 1.61714 0.0491062 1.99
    endloop
  endfacet
  facet normal 0 0 -1
    outer loop
      vertex 1.23463 0.152242 1.99
      vertex 1.55952 0.0665863 1.99
      vertex 1.60982 0.0384302 1.99
    endloop
  endfacet
  facet normal 0 0 -1
    outer loop
      vertex 1.55952 0.0665863 1.99
      vertex 1.23463 0.152242 1.99
      vertex 1.24436 0.162189 1.99
    endloop
  endfacet
  facet normal 0 0 -1
    outer loop
      vertex 1.23463 0.152242 1.99
      vertex 1.2427 0.163051 1.99
      vertex 1.24436 0.162189 1.99
    endloop
  endfacet
  facet normal 0 0 -1
    outer loop
      vertex 1.23463 0.152242 1.99
      vertex 1.24259 0.163112 1.99
      vertex 1.2427 0.163051 1.99
    endloop
  endfacet
  facet normal 0 0 -1
    outer loop
      vertex 1.23463 0.152242 1.99
      vertex 1.24167 0.163605 1.99
      vertex 1.24259 0.163112 1.99
    endloop
  endfacet
  facet normal 0 0 -1
    outer loop
      vertex 1.23463 0.152242 1.99
      vertex 0.898659 0.346946 1.99
      vertex 1.24167 0.163605 1.99
    endloop
  endfacet
  facet normal 0 0 1
    outer loop
      vertex 0.897212 0.348105 1.99
      vertex 0.897111 0.348188 1.99
      vertex 0.897163 0.348145 1.99
    endloop
  endfacet
  facet normal 0 0 -1
    outer loop
      vertex 0.88886 0.337061 1.99
      vertex 0.896707 0.34852 1.99
      vertex 0.897111 0.348188 1.99
    endloop
  endfacet
  facet normal 0 0 -1
    outer loop
      vertex 0.88886 0.337061 1.99
      vertex 0.898659 0.346946 1.99
      vertex 1.23463 0.152242 1.99
    endloop
  endfacet
  facet normal 0 0 -1
    outer loop
      vertex 0.88886 0.337061 1.99
      vertex 0.897212 0.348105 1.99
      vertex 0.898659 0.346946 1.99
    endloop
  endfacet
  facet normal 0 0 -1
    outer loop
      vertex 0.88886 0.337061 1.99
      vertex 0.897111 0.348188 1.99
      vertex 0.897212 0.348105 1.99
    endloop
  endfacet
  facet normal -0 0 -1
    outer loop
      vertex 0.896707 0.34852 1.99
      vertex 0.88886 0.337061 1.99
      vertex 0.894319 0.350479 1.99
    endloop
  endfacet
  facet normal 0 0 -1
    outer loop
      vertex 0.585787 0.585787 1.99
      vertex 0.894319 0.350479 1.99
      vertex 0.88886 0.337061 1.99
    endloop
  endfacet
  facet normal 0 0 -1
    outer loop
      vertex 0.585787 0.585787 1.99
      vertex 0.594384 0.597101 1.99
      vertex 0.594467 0.597 1.99
    endloop
  endfacet
  facet normal 0 0 -1
    outer loop
      vertex 0.894319 0.350479 1.99
      vertex 0.585787 0.585787 1.99
      vertex 0.595654 0.595588 1.99
    endloop
  endfacet
  facet normal 0 0 -1
    outer loop
      vertex 0.585787 0.585787 1.99
      vertex 0.594467 0.597 1.99
      vertex 0.595654 0.595588 1.99
    endloop
  endfacet
  facet normal -0 0 -1
    outer loop
      vertex 0.594384 0.597101 1.99
      vertex 0.585787 0.585787 1.99
      vertex 0.593057 0.598717 1.99
    endloop
  endfacet
  facet normal 0 0 -1
    outer loop
      vertex 0.337061 0.88886 1.99
      vertex 0.593057 0.598717 1.99
      vertex 0.585787 0.585787 1.99
    endloop
  endfacet
  facet normal 0 0 -1
    outer loop
      vertex 0.337061 0.88886 1.99
      vertex 0.34604 0.900285 1.99
      vertex 0.346102 0.900169 1.99
    endloop
  endfacet
  facet normal 0 0 -1
    outer loop
      vertex 0.593057 0.598717 1.99
      vertex 0.337061 0.88886 1.99
      vertex 0.346984 0.898558 1.99
    endloop
  endfacet
  facet normal 0 0 -1
    outer loop
      vertex 0.337061 0.88886 1.99
      vertex 0.346102 0.900169 1.99
      vertex 0.346984 0.898558 1.99
    endloop
  endfacet
  facet normal -0 0 -1
    outer loop
      vertex 0.34604 0.900285 1.99
      vertex 0.337061 0.88886 1.99
      vertex 0.345843 0.900653 1.99
    endloop
  endfacet
  facet normal 0 0 -1
    outer loop
      vertex 0.337061 0.88886 1.99
      vertex 0.317457 0.95376 1.99
      vertex 0.345843 0.900653 1.99
    endloop
  endfacet
  facet normal 0 0 -1
    outer loop
      vertex 0.152242 1.23463 1.99
      vertex 0.317457 0.95376 1.99
      vertex 0.337061 0.88886 1.99
    endloop
  endfacet
  facet normal 0 0 -1
    outer loop
      vertex 0.152242 1.23463 1.99
      vertex 0.161645 1.24602 1.99
      vertex 0.161663 1.24596 1.99
    endloop
  endfacet
  facet normal -0 0 -1
    outer loop
      vertex 0.161645 1.24602 1.99
      vertex 0.152242 1.23463 1.99
      vertex 0.161604 1.24616 1.99
    endloop
  endfacet
  facet normal 0 0 -1
    outer loop
      vertex 0.317457 0.95376 1.99
      vertex 0.152242 1.23463 1.99
      vertex 0.162207 1.24421 1.99
    endloop
  endfacet
  facet normal 0 0 -1
    outer loop
      vertex 0.152242 1.23463 1.99
      vertex 0.161663 1.24596 1.99
      vertex 0.162207 1.24421 1.99
    endloop
  endfacet
  facet normal -0 0 -1
    outer loop
      vertex 0.161604 1.24616 1.99
      vertex 0.152242 1.23463 1.99
      vertex 0.153128 1.2741 1.99
    endloop
  endfacet
  facet normal 0 0 -1
    outer loop
      vertex 0.0384302 1.60982 1.99
      vertex 0.153128 1.2741 1.99
      vertex 0.152242 1.23463 1.99
    endloop
  endfacet
  facet normal 0 0 -1
    outer loop
      vertex 0.0384302 1.60982 1.99
      vertex 0.048193 1.62154 1.99
      vertex 0.0482374 1.62109 1.99
    endloop
  endfacet
  facet normal 0 0 -1
    outer loop
      vertex 0.153128 1.2741 1.99
      vertex 0.0384302 1.60982 1.99
      vertex 0.0484208 1.61927 1.99
    endloop
  endfacet
  facet normal 0 0 -1
    outer loop
      vertex 0.0384302 1.60982 1.99
      vertex 0.0482374 1.62109 1.99
      vertex 0.0484208 1.61927 1.99
    endloop
  endfacet
  facet normal -0 0 -1
    outer loop
      vertex 0.048193 1.62154 1.99
      vertex 0.0384302 1.60982 1.99
      vertex 0.0480678 1.62281 1.99
    endloop
  endfacet
  facet normal 0 0 -1
    outer loop
      vertex 0 2 1.99
      vertex 0.0480678 1.62281 1.99
      vertex 0.0384302 1.60982 1.99
    endloop
  endfacet
  facet normal -0 0 -1
    outer loop
      vertex 0.00999928 2.00932 1.99
      vertex 0 2 1.99
      vertex 0.00999928 56.9907 1.99
    endloop
  endfacet
  facet normal 0 0 -1
    outer loop
      vertex 0.0480678 1.62281 1.99
      vertex 0 2 1.99
      vertex 0.00999928 2.00932 1.99
    endloop
  endfacet
  facet normal 0 0 -1
    outer loop
      vertex 88.99 56.9907 1.99
      vertex 89 57 1.99
      vertex 88.99 2.00932 1.99
    endloop
  endfacet
  facet normal 0 0 -1
    outer loop
      vertex 88.9519 57.3772 1.99
      vertex 89 57 1.99
      vertex 88.99 56.9907 1.99
    endloop
  endfacet
  facet normal 0 0 -1
    outer loop
      vertex 89 57 1.99
      vertex 88.9519 57.3772 1.99
      vertex 88.9616 57.3902 1.99
    endloop
  endfacet
  facet normal 0 0 -1
    outer loop
      vertex 88.9518 57.3785 1.99
      vertex 88.9616 57.3902 1.99
      vertex 88.9519 57.3772 1.99
    endloop
  endfacet
  facet normal 0 0 -1
    outer loop
      vertex 88.9518 57.3789 1.99
      vertex 88.9616 57.3902 1.99
      vertex 88.9518 57.3785 1.99
    endloop
  endfacet
  facet normal 0 0 -1
    outer loop
      vertex 88.9516 57.3807 1.99
      vertex 88.9616 57.3902 1.99
      vertex 88.9518 57.3789 1.99
    endloop
  endfacet
  facet normal 0 0 -1
    outer loop
      vertex 88.8469 57.7259 1.99
      vertex 88.9616 57.3902 1.99
      vertex 88.9516 57.3807 1.99
    endloop
  endfacet
  facet normal 0 0 -1
    outer loop
      vertex 88.9616 57.3902 1.99
      vertex 88.8469 57.7259 1.99
      vertex 88.8478 57.7654 1.99
    endloop
  endfacet
  facet normal 0 0 -1
    outer loop
      vertex 88.8384 57.7538 1.99
      vertex 88.8478 57.7654 1.99
      vertex 88.8469 57.7259 1.99
    endloop
  endfacet
  facet normal 0 0 -1
    outer loop
      vertex 88.8384 57.754 1.99
      vertex 88.8478 57.7654 1.99
      vertex 88.8384 57.7538 1.99
    endloop
  endfacet
  facet normal 0 0 -1
    outer loop
      vertex 88.8383 57.754 1.99
      vertex 88.8478 57.7654 1.99
      vertex 88.8384 57.754 1.99
    endloop
  endfacet
  facet normal 0 0 -1
    outer loop
      vertex 88.8378 57.7558 1.99
      vertex 88.8478 57.7654 1.99
      vertex 88.8383 57.754 1.99
    endloop
  endfacet
  facet normal 0 0 -1
    outer loop
      vertex 88.6825 58.0462 1.99
      vertex 88.8478 57.7654 1.99
      vertex 88.8378 57.7558 1.99
    endloop
  endfacet
  facet normal 0 0 -1
    outer loop
      vertex 88.6825 58.0462 1.99
      vertex 88.6629 58.1111 1.99
      vertex 88.8478 57.7654 1.99
    endloop
  endfacet
  facet normal 0 0 -1
    outer loop
      vertex 88.6542 58.0993 1.99
      vertex 88.6629 58.1111 1.99
      vertex 88.6825 58.0462 1.99
    endloop
  endfacet
  facet normal 0 0 -1
    outer loop
      vertex 88.654 58.0997 1.99
      vertex 88.6629 58.1111 1.99
      vertex 88.6542 58.0993 1.99
    endloop
  endfacet
  facet normal 0 0 -1
    outer loop
      vertex 88.6539 58.0998 1.99
      vertex 88.6629 58.1111 1.99
      vertex 88.654 58.0997 1.99
    endloop
  endfacet
  facet normal 0 0 -1
    outer loop
      vertex 88.653 58.1014 1.99
      vertex 88.6629 58.1111 1.99
      vertex 88.6539 58.0998 1.99
    endloop
  endfacet
  facet normal 0 0 -1
    outer loop
      vertex 88.4069 58.4013 1.99
      vertex 88.6629 58.1111 1.99
      vertex 88.653 58.1014 1.99
    endloop
  endfacet
  facet normal 0 0 -1
    outer loop
      vertex 88.6629 58.1111 1.99
      vertex 88.4069 58.4013 1.99
      vertex 88.4142 58.4142 1.99
    endloop
  endfacet
  facet normal 0 0 -1
    outer loop
      vertex 88.4056 58.4029 1.99
      vertex 88.4142 58.4142 1.99
      vertex 88.4069 58.4013 1.99
    endloop
  endfacet
  facet normal 0 0 -1
    outer loop
      vertex 88.4055 58.403 1.99
      vertex 88.4142 58.4142 1.99
      vertex 88.4056 58.4029 1.99
    endloop
  endfacet
  facet normal 0 0 -1
    outer loop
      vertex 88.4043 58.4044 1.99
      vertex 88.4142 58.4142 1.99
      vertex 88.4055 58.403 1.99
    endloop
  endfacet
  facet normal 0 0 -1
    outer loop
      vertex 88.1057 58.6495 1.99
      vertex 88.4142 58.4142 1.99
      vertex 88.4043 58.4044 1.99
    endloop
  endfacet
  facet normal 0 0 -1
    outer loop
      vertex 88.4142 58.4142 1.99
      vertex 88.1057 58.6495 1.99
      vertex 88.1111 58.6629 1.99
    endloop
  endfacet
  facet normal 0 0 -1
    outer loop
      vertex 88.1033 58.6515 1.99
      vertex 88.1111 58.6629 1.99
      vertex 88.1057 58.6495 1.99
    endloop
  endfacet
  facet normal 0 0 -1
    outer loop
      vertex 88.1029 58.6518 1.99
      vertex 88.1111 58.6629 1.99
      vertex 88.1033 58.6515 1.99
    endloop
  endfacet
  facet normal 0 0 -1
    outer loop
      vertex 88.1029 58.6518 1.99
      vertex 88.1028 58.6519 1.99
      vertex 88.1111 58.6629 1.99
    endloop
  endfacet
  facet normal 0 0 -1
    outer loop
      vertex 88.1013 58.6531 1.99
      vertex 88.1111 58.6629 1.99
      vertex 88.1028 58.6519 1.99
    endloop
  endfacet
  facet normal 0 0 -1
    outer loop
      vertex 88.1013 58.6531 1.99
      vertex 87.7654 58.8478 1.99
      vertex 88.1111 58.6629 1.99
    endloop
  endfacet
  facet normal 0 0 -1
    outer loop
      vertex 87.7583 58.8364 1.99
      vertex 87.7654 58.8478 1.99
      vertex 88.1013 58.6531 1.99
    endloop
  endfacet
  facet normal 0 0 -1
    outer loop
      vertex 87.7574 58.8369 1.99
      vertex 87.7654 58.8478 1.99
      vertex 87.7583 58.8364 1.99
    endloop
  endfacet
  facet normal 0 0 -1
    outer loop
      vertex 87.7573 58.8369 1.99
      vertex 87.7654 58.8478 1.99
      vertex 87.7574 58.8369 1.99
    endloop
  endfacet
  facet normal 0 0 -1
    outer loop
      vertex 87.7556 58.8378 1.99
      vertex 87.7654 58.8478 1.99
      vertex 87.7573 58.8369 1.99
    endloop
  endfacet
  facet normal 0 0 -1
    outer loop
      vertex 87.4405 58.9334 1.99
      vertex 87.7654 58.8478 1.99
      vertex 87.7556 58.8378 1.99
    endloop
  endfacet
  facet normal 0 0 -1
    outer loop
      vertex 87.4405 58.9334 1.99
      vertex 87.3902 58.9616 1.99
      vertex 87.7654 58.8478 1.99
    endloop
  endfacet
  facet normal 0 0 -1
    outer loop
      vertex 87.3829 58.9509 1.99
      vertex 87.3902 58.9616 1.99
      vertex 87.4405 58.9334 1.99
    endloop
  endfacet
  facet normal 0 0 -1
    outer loop
      vertex 87.3825 58.951 1.99
      vertex 87.3902 58.9616 1.99
      vertex 87.3829 58.9509 1.99
    endloop
  endfacet
  facet normal 0 0 -1
    outer loop
      vertex 87.3823 58.9511 1.99
      vertex 87.3902 58.9616 1.99
      vertex 87.3825 58.951 1.99
    endloop
  endfacet
  facet normal 0 0 -1
    outer loop
      vertex 87.3805 58.9516 1.99
      vertex 87.3902 58.9616 1.99
      vertex 87.3823 58.9511 1.99
    endloop
  endfacet
  facet normal 0 0 -1
    outer loop
      vertex 87.0528 58.9839 1.99
      vertex 87.3902 58.9616 1.99
      vertex 87.3805 58.9516 1.99
    endloop
  endfacet
  facet normal 0 0 -1
    outer loop
      vertex 87 59 1.99
      vertex 87.0528 58.9839 1.99
      vertex 87.0008 58.989 1.99
    endloop
  endfacet
  facet normal 0 0 -1
    outer loop
      vertex 87.0528 58.9839 1.99
      vertex 87 59 1.99
      vertex 87.3902 58.9616 1.99
    endloop
  endfacet
  facet normal 0 0 -1
    outer loop
      vertex 86.9948 58.9896 1.99
      vertex 87 59 1.99
      vertex 87.0008 58.989 1.99
    endloop
  endfacet
  facet normal 0 0 -1
    outer loop
      vertex 86.9924 58.9898 1.99
      vertex 87 59 1.99
      vertex 86.9948 58.9896 1.99
    endloop
  endfacet
  facet normal 0 0 -1
    outer loop
      vertex 86.9923 58.9898 1.99
      vertex 87 59 1.99
      vertex 86.9924 58.9898 1.99
    endloop
  endfacet
  facet normal 0 0 -1
    outer loop
      vertex 86.9904 58.99 1.99
      vertex 87 59 1.99
      vertex 86.9923 58.9898 1.99
    endloop
  endfacet
  facet normal 0 0 -1
    outer loop
      vertex 2.00955 58.99 1.99
      vertex 87 59 1.99
      vertex 86.9904 58.99 1.99
    endloop
  endfacet
  facet normal 0 0 -1
    outer loop
      vertex 2 59 1.99
      vertex 2.00756 58.9898 1.99
      vertex 2.00518 58.9896 1.99
    endloop
  endfacet
  facet normal 0 0 -1
    outer loop
      vertex 2.00955 58.99 1.99
      vertex 2 59 1.99
      vertex 87 59 1.99
    endloop
  endfacet
  facet normal 0 0 -1
    outer loop
      vertex 2.00769 58.9898 1.99
      vertex 2 59 1.99
      vertex 2.00955 58.99 1.99
    endloop
  endfacet
  facet normal 0 0 -1
    outer loop
      vertex 2.00756 58.9898 1.99
      vertex 2 59 1.99
      vertex 2.00769 58.9898 1.99
    endloop
  endfacet
  facet normal 0 0 -1
    outer loop
      vertex 1.99923 58.989 1.99
      vertex 2 59 1.99
      vertex 2.00518 58.9896 1.99
    endloop
  endfacet
  facet normal 0 0 -1
    outer loop
      vertex 1.94721 58.9839 1.99
      vertex 2 59 1.99
      vertex 1.99923 58.989 1.99
    endloop
  endfacet
  facet normal 0 0 -1
    outer loop
      vertex 1.60982 58.9616 1.99
      vertex 1.94721 58.9839 1.99
      vertex 1.61946 58.9516 1.99
    endloop
  endfacet
  facet normal -0 0 -1
    outer loop
      vertex 1.94721 58.9839 1.99
      vertex 1.60982 58.9616 1.99
      vertex 2 59 1.99
    endloop
  endfacet
  facet normal 0 0 -1
    outer loop
      vertex 1.61767 58.9511 1.99
      vertex 1.60982 58.9616 1.99
      vertex 1.61946 58.9516 1.99
    endloop
  endfacet
  facet normal 0 0 -1
    outer loop
      vertex 1.61754 58.951 1.99
      vertex 1.60982 58.9616 1.99
      vertex 1.61767 58.9511 1.99
    endloop
  endfacet
  facet normal 0 0 -1
    outer loop
      vertex 1.61714 58.9509 1.99
      vertex 1.60982 58.9616 1.99
      vertex 1.61754 58.951 1.99
    endloop
  endfacet
  facet normal 0 0 -1
    outer loop
      vertex 1.55952 58.9334 1.99
      vertex 1.60982 58.9616 1.99
      vertex 1.61714 58.9509 1.99
    endloop
  endfacet
  facet normal 0 0 -1
    outer loop
      vertex 1.23463 58.8478 1.99
      vertex 1.55952 58.9334 1.99
      vertex 1.24436 58.8378 1.99
    endloop
  endfacet
  facet normal -0 0 -1
    outer loop
      vertex 1.55952 58.9334 1.99
      vertex 1.23463 58.8478 1.99
      vertex 1.60982 58.9616 1.99
    endloop
  endfacet
  facet normal 0 0 -1
    outer loop
      vertex 1.2427 58.8369 1.99
      vertex 1.23463 58.8478 1.99
      vertex 1.24436 58.8378 1.99
    endloop
  endfacet
  facet normal 0 0 -1
    outer loop
      vertex 1.24259 58.8369 1.99
      vertex 1.23463 58.8478 1.99
      vertex 1.2427 58.8369 1.99
    endloop
  endfacet
  facet normal 0 0 -1
    outer loop
      vertex 1.24167 58.8364 1.99
      vertex 1.23463 58.8478 1.99
      vertex 1.24259 58.8369 1.99
    endloop
  endfacet
  facet normal 0 0 -1
    outer loop
      vertex 0.898659 58.6531 1.99
      vertex 1.23463 58.8478 1.99
      vertex 1.24167 58.8364 1.99
    endloop
  endfacet
  facet normal 0 0 -1
    outer loop
      vertex 0.88886 58.6629 1.99
      vertex 0.897212 58.6519 1.99
      vertex 0.897163 58.6519 1.99
    endloop
  endfacet
  facet normal 0 0 -1
    outer loop
      vertex 0.88886 58.6629 1.99
      vertex 0.896707 58.6515 1.99
      vertex 0.894319 58.6495 1.99
    endloop
  endfacet
  facet normal 0 0 -1
    outer loop
      vertex 0.898659 58.6531 1.99
      vertex 0.88886 58.6629 1.99
      vertex 1.23463 58.8478 1.99
    endloop
  endfacet
  facet normal 0 0 -1
    outer loop
      vertex 0.897212 58.6519 1.99
      vertex 0.88886 58.6629 1.99
      vertex 0.898659 58.6531 1.99
    endloop
  endfacet
  facet normal 0 0 -1
    outer loop
      vertex 0.897111 58.6518 1.99
      vertex 0.88886 58.6629 1.99
      vertex 0.897163 58.6519 1.99
    endloop
  endfacet
  facet normal 0 0 -1
    outer loop
      vertex 0.896707 58.6515 1.99
      vertex 0.88886 58.6629 1.99
      vertex 0.897111 58.6518 1.99
    endloop
  endfacet
  facet normal 0 0 -1
    outer loop
      vertex 0.585787 58.4142 1.99
      vertex 0.894319 58.6495 1.99
      vertex 0.595654 58.4044 1.99
    endloop
  endfacet
  facet normal -0 0 -1
    outer loop
      vertex 0.894319 58.6495 1.99
      vertex 0.585787 58.4142 1.99
      vertex 0.88886 58.6629 1.99
    endloop
  endfacet
  facet normal 0 0 -1
    outer loop
      vertex 0.594467 58.403 1.99
      vertex 0.585787 58.4142 1.99
      vertex 0.595654 58.4044 1.99
    endloop
  endfacet
  facet normal 0 0 -1
    outer loop
      vertex 0.594384 58.4029 1.99
      vertex 0.585787 58.4142 1.99
      vertex 0.594467 58.403 1.99
    endloop
  endfacet
  facet normal 0 0 -1
    outer loop
      vertex 0.593057 58.4013 1.99
      vertex 0.585787 58.4142 1.99
      vertex 0.594384 58.4029 1.99
    endloop
  endfacet
  facet normal 0 0 -1
    outer loop
      vertex 0.337061 58.1111 1.99
      vertex 0.593057 58.4013 1.99
      vertex 0.346984 58.1014 1.99
    endloop
  endfacet
  facet normal -0 0 -1
    outer loop
      vertex 0.593057 58.4013 1.99
      vertex 0.337061 58.1111 1.99
      vertex 0.585787 58.4142 1.99
    endloop
  endfacet
  facet normal 0 0 -1
    outer loop
      vertex 0.346102 58.0998 1.99
      vertex 0.337061 58.1111 1.99
      vertex 0.346984 58.1014 1.99
    endloop
  endfacet
  facet normal 0 0 -1
    outer loop
      vertex 0.34604 58.0997 1.99
      vertex 0.337061 58.1111 1.99
      vertex 0.346102 58.0998 1.99
    endloop
  endfacet
  facet normal 0 0 -1
    outer loop
      vertex 0.345843 58.0993 1.99
      vertex 0.337061 58.1111 1.99
      vertex 0.34604 58.0997 1.99
    endloop
  endfacet
  facet normal 0 0 -1
    outer loop
      vertex 0.317457 58.0462 1.99
      vertex 0.337061 58.1111 1.99
      vertex 0.345843 58.0993 1.99
    endloop
  endfacet
  facet normal 0 0 -1
    outer loop
      vertex 0.152242 57.7654 1.99
      vertex 0.317457 58.0462 1.99
      vertex 0.162207 57.7558 1.99
    endloop
  endfacet
  facet normal 0 0 1
    outer loop
      vertex 0.161604 57.7538 1.99
      vertex 0.161663 57.754 1.99
      vertex 0.161645 57.754 1.99
    endloop
  endfacet
  facet normal 0 0 -1
    outer loop
      vertex 0.152242 57.7654 1.99
      vertex 0.161604 57.7538 1.99
      vertex 0.153128 57.7259 1.99
    endloop
  endfacet
  facet normal -0 0 -1
    outer loop
      vertex 0.317457 58.0462 1.99
      vertex 0.152242 57.7654 1.99
      vertex 0.337061 58.1111 1.99
    endloop
  endfacet
  facet normal 0 0 -1
    outer loop
      vertex 0.161663 57.754 1.99
      vertex 0.152242 57.7654 1.99
      vertex 0.162207 57.7558 1.99
    endloop
  endfacet
  facet normal 0 0 -1
    outer loop
      vertex 0.161604 57.7538 1.99
      vertex 0.152242 57.7654 1.99
      vertex 0.161663 57.754 1.99
    endloop
  endfacet
  facet normal 0 0 -1
    outer loop
      vertex 0.0384302 57.3902 1.99
      vertex 0.153128 57.7259 1.99
      vertex 0.0484208 57.3807 1.99
    endloop
  endfacet
  facet normal -0 0 -1
    outer loop
      vertex 0.153128 57.7259 1.99
      vertex 0.0384302 57.3902 1.99
      vertex 0.152242 57.7654 1.99
    endloop
  endfacet
  facet normal 0 0 -1
    outer loop
      vertex 0.0482374 57.3789 1.99
      vertex 0.0384302 57.3902 1.99
      vertex 0.0484208 57.3807 1.99
    endloop
  endfacet
  facet normal 0 0 -1
    outer loop
      vertex 0.048193 57.3785 1.99
      vertex 0.0384302 57.3902 1.99
      vertex 0.0482374 57.3789 1.99
    endloop
  endfacet
  facet normal 0 0 -1
    outer loop
      vertex 0.0480678 57.3772 1.99
      vertex 0.0384302 57.3902 1.99
      vertex 0.048193 57.3785 1.99
    endloop
  endfacet
  facet normal 0 0 -1
    outer loop
      vertex 0 57 1.99
      vertex 0.0480678 57.3772 1.99
      vertex 0.00999928 56.9907 1.99
    endloop
  endfacet
  facet normal -0 0 -1
    outer loop
      vertex 0.0480678 57.3772 1.99
      vertex 0 57 1.99
      vertex 0.0384302 57.3902 1.99
    endloop
  endfacet
  facet normal 0 0 -1
    outer loop
      vertex 0 57 1.99
      vertex 0.00999928 56.9907 1.99
      vertex 0 2 1.99
    endloop
  endfacet
  facet normal -0.88192 -0.471399 0
    outer loop
      vertex 0.337061 0.88886 1.99
      vertex 0.152242 1.23463 7
      vertex 0.152242 1.23463 1.99
    endloop
  endfacet
  facet normal -0.88192 -0.471399 0
    outer loop
      vertex 0.152242 1.23463 7
      vertex 0.337061 0.88886 1.99
      vertex 0.337061 0.88886 7
    endloop
  endfacet
  facet normal -0.670058 0.0712827 0.738879
    outer loop
      vertex 86.471 3.31649 2.99
      vertex 85.575 4.18414 2.09375
      vertex 86.4708 3.31461 2.99
    endloop
  endfacet
  facet normal -0.672466 0.0669522 0.737094
    outer loop
      vertex 85.575 4.18414 2.09375
      vertex 86.471 3.31649 2.99
      vertex 85.5 4.46296 2
    endloop
  endfacet
  facet normal 0.180101 -0.60186 0.778029
    outer loop
      vertex 4.10262 55.4267 2
      vertex 4.28575 55.4815 2
      vertex 3.79533 55.9811 2.5
    endloop
  endfacet
  facet normal 0.601264 0.182402 0.777953
    outer loop
      vertex 2.58549 3.12909 2.99
      vertex 3.42505 4.18414 2.09375
      vertex 2.52921 3.31461 2.99
    endloop
  endfacet
  facet normal 0.065374 0.672963 0.736781
    outer loop
      vertex 4.47619 3.5 2
      vertex 4.28575 3.5185 2
      vertex 4.14062 3.15625 2.34375
    endloop
  endfacet
  facet normal 0.601176 0.182509 0.777996
    outer loop
      vertex 3.42505 4.18414 2.09375
      vertex 2.58555 3.12889 2.99
      vertex 3.51876 4.2751 2
    endloop
  endfacet
  facet normal 0.602601 0.18078 0.777297
    outer loop
      vertex 2.58555 3.12889 2.99
      vertex 3.42505 4.18414 2.09375
      vertex 2.58549 3.12909 2.99
    endloop
  endfacet
  facet normal 0.707107 -0 0.707107
    outer loop
      vertex 3.34375 4.3125 2.15625
      vertex 3.34375 54.6875 2.15625
      vertex 2.51 55.4904 2.99
    endloop
  endfacet
  facet normal 0.707107 0 0.707107
    outer loop
      vertex 3.34375 54.6875 2.15625
      vertex 3.34375 4.3125 2.15625
      vertex 3.5 54.537 2
    endloop
  endfacet
  facet normal 0.707107 0 0.707107
    outer loop
      vertex 3.5 54.537 2
      vertex 3.34375 4.3125 2.15625
      vertex 3.5 4.46296 2
    endloop
  endfacet
  facet normal 0.707107 0 0.707107
    outer loop
      vertex 3.34375 4.3125 2.15625
      vertex 2.51 55.4904 2.99
      vertex 2.51 3.50963 2.99
    endloop
  endfacet
  facet normal 0 0.707107 0.707107
    outer loop
      vertex 84.8594 3.15625 2.34375
      vertex 3.50976 2.51 2.99
      vertex 85.4902 2.51 2.99
    endloop
  endfacet
  facet normal 0 0.707107 0.707107
    outer loop
      vertex 84.8594 3.15625 2.34375
      vertex 4.14062 3.15625 2.34375
      vertex 3.50976 2.51 2.99
    endloop
  endfacet
  facet normal 0 0.707107 0.707107
    outer loop
      vertex 84.5238 3.5 2
      vertex 4.14062 3.15625 2.34375
      vertex 84.8594 3.15625 2.34375
    endloop
  endfacet
  facet normal 0 0.707107 0.707107
    outer loop
      vertex 4.14062 3.15625 2.34375
      vertex 84.5238 3.5 2
      vertex 4.47619 3.5 2
    endloop
  endfacet
  facet normal -0.715188 0 0.698932
    outer loop
      vertex 86.471 55.6835 2.99
      vertex 85.6562 54.6875 2.15625
      vertex 86.471 55.6832 2.99
    endloop
  endfacet
  facet normal -0.673599 -0.0652301 0.736213
    outer loop
      vertex 85.6562 54.6875 2.15625
      vertex 86.471 55.6835 2.99
      vertex 85.5 54.537 2
    endloop
  endfacet
  facet normal 0.527297 0.281734 0.801613
    outer loop
      vertex 3.48073 4.00285 2.09375
      vertex 2.67759 2.95593 2.99
      vertex 3.57431 4.09445 2
    endloop
  endfacet
  facet normal 0.520166 0.288981 0.803689
    outer loop
      vertex 2.67759 2.95593 2.99
      vertex 3.48073 4.00285 2.09375
      vertex 2.67749 2.95611 2.99
    endloop
  endfacet
  facet normal -0.182218 0.600571 0.778531
    outer loop
      vertex 85.7903 2.66961 2.90625
      vertex 85.7453 2.54739 2.99
      vertex 85.8519 2.60728 2.96875
    endloop
  endfacet
  facet normal -0.181645 0.600493 0.778725
    outer loop
      vertex 85.7453 2.54739 2.99
      vertex 85.7903 2.66961 2.90625
      vertex 85.7052 2.53526 2.99
    endloop
  endfacet
  facet normal -0.18012 0.601824 0.778052
    outer loop
      vertex 85.2047 3.01886 2.5
      vertex 84.8974 3.5733 2
      vertex 84.7143 3.5185 2
    endloop
  endfacet
  facet normal 0.524876 -0.284247 0.802315
    outer loop
      vertex 3.57431 54.9055 2
      vertex 3.63339 55.1028 2.03125
      vertex 2.79303 55.9326 2.875
    endloop
  endfacet
  facet normal 0.281545 0.526753 0.802037
    outer loop
      vertex 3.34638 3.07224 2.59375
      vertex 3.12523 2.58711 2.99
      vertex 3.81017 3.53807 2.125
    endloop
  endfacet
  facet normal 0.28278 0.526156 0.801995
    outer loop
      vertex 3.12523 2.58711 2.99
      vertex 3.34638 3.07224 2.59375
      vertex 3.12296 2.58833 2.99
    endloop
  endfacet
  facet normal -0.525855 -0.282166 0.802408
    outer loop
      vertex 86.3303 55.7911 2.90625
      vertex 86.3511 55.9905 2.99
      vertex 86.3313 56.0274 2.99
    endloop
  endfacet
  facet normal -0.527501 -0.281621 0.801519
    outer loop
      vertex 86.3511 55.9905 2.99
      vertex 86.3303 55.7911 2.90625
      vertex 86.3927 55.8521 2.96875
    endloop
  endfacet
  facet normal 0.0653677 0.672965 0.73678
    outer loop
      vertex 3.50786 2.51018 2.99
      vertex 4.14062 3.15625 2.34375
      vertex 4.28575 3.5185 2
    endloop
  endfacet
  facet normal 0.0638355 0.673819 0.736134
    outer loop
      vertex 4.14062 3.15625 2.34375
      vertex 3.50786 2.51018 2.99
      vertex 3.50976 2.51 2.99
    endloop
  endfacet
  facet normal -0.450033 0.36989 0.812805
    outer loop
      vertex 86.1984 2.80424 2.99
      vertex 86.083 2.91654 2.875
      vertex 86.1972 2.80278 2.99
    endloop
  endfacet
  facet normal -0.447754 0.372365 0.812934
    outer loop
      vertex 86.083 2.91654 2.875
      vertex 86.1984 2.80424 2.99
      vertex 85.3355 3.92797 2
    endloop
  endfacet
  facet normal 0.52727 0.281821 0.8016
    outer loop
      vertex 2.64894 3.00952 2.99
      vertex 2.60731 3.14785 2.96875
      vertex 2.5861 3.12709 2.99
    endloop
  endfacet
  facet normal 0.672914 0.0662861 0.736745
    outer loop
      vertex 2.52899 3.31685 2.99
      vertex 3.34375 4.3125 2.15625
      vertex 2.51 3.50963 2.99
    endloop
  endfacet
  facet normal 0.672927 0.0662631 0.736735
    outer loop
      vertex 3.34375 4.3125 2.15625
      vertex 2.52902 3.31649 2.99
      vertex 3.5 4.46296 2
    endloop
  endfacet
  facet normal 0.679422 0.0566185 0.73156
    outer loop
      vertex 2.52902 3.31649 2.99
      vertex 3.34375 4.3125 2.15625
      vertex 2.52899 3.31685 2.99
    endloop
  endfacet
  facet normal 0.440206 -0.380463 0.813306
    outer loop
      vertex 2.80161 56.1958 2.99
      vertex 2.91702 56.0835 2.875
      vertex 2.80282 56.1972 2.99
    endloop
  endfacet
  facet normal 0.447713 -0.372382 0.812948
    outer loop
      vertex 2.91702 56.0835 2.875
      vertex 2.80161 56.1958 2.99
      vertex 3.66452 55.072 2
    endloop
  endfacet
  facet normal -0.60124 0.182459 0.777958
    outer loop
      vertex 86.4145 3.12909 2.99
      vertex 86.4708 3.31461 2.99
      vertex 85.575 4.18414 2.09375
    endloop
  endfacet
  facet normal 0.278759 -0.528608 0.80179
    outer loop
      vertex 3.93385 55.3377 2
      vertex 4.10262 55.4267 2
      vertex 3.60997 55.9253 2.5
    endloop
  endfacet
  facet normal 0.527087 -0.281651 0.801781
    outer loop
      vertex 2.60731 55.8521 2.96875
      vertex 2.64894 55.9905 2.99
      vertex 2.5861 55.8729 2.99
    endloop
  endfacet
  facet normal -0.450681 0.369829 0.812473
    outer loop
      vertex 86.2071 2.81485 2.99
      vertex 86.3215 2.95426 2.99
      vertex 86.207 3.06737 2.875
    endloop
  endfacet
  facet normal 0.672331 -0.0671258 0.737201
    outer loop
      vertex 3.5 54.537 2
      vertex 3.51876 54.7249 2
      vertex 3.42505 54.8159 2.09375
    endloop
  endfacet
  facet normal 0.366311 0.453061 0.812744
    outer loop
      vertex 2.95284 2.67966 2.99
      vertex 3.00627 2.73064 2.9375
      vertex 3.78592 3.78205 2
    endloop
  endfacet
  facet normal 0.365168 0.454158 0.812646
    outer loop
      vertex 3.00627 2.73064 2.9375
      vertex 2.95284 2.67966 2.99
      vertex 2.95432 2.67847 2.99
    endloop
  endfacet
  facet normal 0.182209 0.600631 0.778487
    outer loop
      vertex 3.25474 2.54739 2.99
      vertex 3.14811 2.60728 2.96875
      vertex 3.12717 2.58609 2.99
    endloop
  endfacet
  facet normal 0.524718 0.284327 0.80239
    outer loop
      vertex 3.63339 3.89723 2.03125
      vertex 3.66452 3.92797 2
      vertex 3.57431 4.09445 2
    endloop
  endfacet
  facet normal -0.672878 -0.0663106 0.736775
    outer loop
      vertex 86.49 55.4904 2.99
      vertex 86.471 55.6832 2.99
      vertex 85.6562 54.6875 2.15625
    endloop
  endfacet
  facet normal -0.0664326 -0.672947 0.736702
    outer loop
      vertex 85.6644 56.4496 2.96875
      vertex 85.6853 56.4708 2.99
      vertex 85.5526 56.4839 2.99
    endloop
  endfacet
  facet normal -0.364187 -0.455234 0.812484
    outer loop
      vertex 85.9937 56.2694 2.9375
      vertex 86.0472 56.3203 2.99
      vertex 86.0457 56.3215 2.99
    endloop
  endfacet
  facet normal -0.366903 -0.452623 0.81272
    outer loop
      vertex 86.0472 56.3203 2.99
      vertex 85.9937 56.2694 2.9375
      vertex 85.2141 55.218 2
    endloop
  endfacet
  facet normal 0.450615 0.369805 0.812521
    outer loop
      vertex 2.79303 3.06737 2.875
      vertex 2.80157 2.80429 2.99
      vertex 3.63339 3.89723 2.03125
    endloop
  endfacet
  facet normal 0.450454 0.369833 0.812598
    outer loop
      vertex 2.80157 2.80429 2.99
      vertex 2.79303 3.06737 2.875
      vertex 2.7929 2.81485 2.99
    endloop
  endfacet
  facet normal -0.520176 0.288987 0.803681
    outer loop
      vertex 85.5193 4.00285 2.09375
      vertex 86.3224 2.95593 2.99
      vertex 86.3225 2.95611 2.99
    endloop
  endfacet
  facet normal -0.52685 0.282207 0.801741
    outer loop
      vertex 86.3224 2.95593 2.99
      vertex 85.5193 4.00285 2.09375
      vertex 85.4257 4.09445 2
    endloop
  endfacet
  facet normal -0.362258 0.456627 0.812564
    outer loop
      vertex 86.0472 2.67966 2.99
      vertex 85.9937 2.73064 2.9375
      vertex 86.0457 2.67847 2.99
    endloop
  endfacet
  facet normal -0.364636 0.45435 0.812777
    outer loop
      vertex 85.9937 2.73064 2.9375
      vertex 86.0472 2.67966 2.99
      vertex 85.2141 3.78205 2
    endloop
  endfacet
  facet normal 0.600078 0.18386 0.778526
    outer loop
      vertex 2.58555 3.12889 2.99
      vertex 2.60731 3.14785 2.96875
      vertex 3.51876 4.2751 2
    endloop
  endfacet
  facet normal 0.600343 0.183438 0.778421
    outer loop
      vertex 2.60731 3.14785 2.96875
      vertex 2.58555 3.12889 2.99
      vertex 2.5861 3.12709 2.99
    endloop
  endfacet
  facet normal 0.527231 0.2818 0.801634
    outer loop
      vertex 2.82567 3.3616 2.75
      vertex 2.67749 2.95611 2.99
      vertex 3.48073 4.00285 2.09375
    endloop
  endfacet
  facet normal 0.527939 0.281357 0.801323
    outer loop
      vertex 2.67749 2.95611 2.99
      vertex 2.82567 3.3616 2.75
      vertex 2.67482 2.96112 2.99
    endloop
  endfacet
  facet normal -0.177631 0.602676 0.777964
    outer loop
      vertex 85.39 3.07471 2.5
      vertex 85.6871 2.52976 2.99
      vertex 85.689 2.53032 2.99
    endloop
  endfacet
  facet normal -0.182249 0.600624 0.778483
    outer loop
      vertex 85.6871 2.52976 2.99
      vertex 85.39 3.07471 2.5
      vertex 84.8974 3.5733 2
    endloop
  endfacet
  facet normal -0.185805 -0.602009 0.77657
    outer loop
      vertex 85.689 56.4697 2.99
      vertex 85.7903 56.3304 2.90625
      vertex 85.7052 56.4647 2.99
    endloop
  endfacet
  facet normal -0.182271 -0.600598 0.778498
    outer loop
      vertex 85.7903 56.3304 2.90625
      vertex 85.689 56.4697 2.99
      vertex 85.39 55.9253 2.5
    endloop
  endfacet
  facet normal 0.672355 0.0671312 0.737179
    outer loop
      vertex 2.52902 3.31649 2.99
      vertex 3.42505 4.18414 2.09375
      vertex 3.5 4.46296 2
    endloop
  endfacet
  facet normal 0.671925 0.0679073 0.7375
    outer loop
      vertex 3.42505 4.18414 2.09375
      vertex 2.52902 3.31649 2.99
      vertex 2.52921 3.31461 2.99
    endloop
  endfacet
  facet normal 0.672338 0.0671407 0.737193
    outer loop
      vertex 3.51876 4.2751 2
      vertex 3.5 4.46296 2
      vertex 3.42505 4.18414 2.09375
    endloop
  endfacet
  facet normal -0.671936 -0.0672294 0.737552
    outer loop
      vertex 85.5 54.537 2
      vertex 85.575 54.8159 2.09375
      vertex 85.4812 54.7249 2
    endloop
  endfacet
  facet normal -0.0672229 0.672229 0.737285
    outer loop
      vertex 85.2047 3.01886 2.5
      vertex 85.4921 2.51018 2.99
      vertex 85.4941 2.51038 2.99
    endloop
  endfacet
  facet normal -0.0662593 0.672564 0.737067
    outer loop
      vertex 85.4921 2.51018 2.99
      vertex 85.2047 3.01886 2.5
      vertex 84.7143 3.5185 2
    endloop
  endfacet
  facet normal -0.279583 -0.528101 0.801837
    outer loop
      vertex 85.8519 56.3927 2.96875
      vertex 85.8745 56.413 2.99
      vertex 85.8728 56.4139 2.99
    endloop
  endfacet
  facet normal -0.279683 -0.528014 0.80186
    outer loop
      vertex 85.8745 56.413 2.99
      vertex 85.8519 56.3927 2.96875
      vertex 85.0662 55.3377 2
    endloop
  endfacet
  facet normal 0.0653693 -0.672915 0.736826
    outer loop
      vertex 4.28575 55.4815 2
      vertex 4.47619 55.5 2
      vertex 4.14062 55.8438 2.34375
    endloop
  endfacet
  facet normal 0.182191 0.600654 0.778473
    outer loop
      vertex 3.60997 3.07471 2.5
      vertex 3.31289 2.52976 2.99
      vertex 4.10262 3.5733 2
    endloop
  endfacet
  facet normal 0.179301 0.60194 0.778151
    outer loop
      vertex 3.31289 2.52976 2.99
      vertex 3.60997 3.07471 2.5
      vertex 3.31101 2.53032 2.99
    endloop
  endfacet
  facet normal 0.447627 0.372476 0.812953
    outer loop
      vertex 2.80161 2.80424 2.99
      vertex 2.91702 2.91654 2.875
      vertex 3.66452 3.92797 2
    endloop
  endfacet
  facet normal 0.448409 0.371627 0.81291
    outer loop
      vertex 2.91702 2.91654 2.875
      vertex 2.80161 2.80424 2.99
      vertex 2.80282 2.80278 2.99
    endloop
  endfacet
  facet normal 0.0662756 0.672553 0.737075
    outer loop
      vertex 3.79533 3.01886 2.5
      vertex 3.50786 2.51018 2.99
      vertex 4.28575 3.5185 2
    endloop
  endfacet
  facet normal 0.0688867 0.671645 0.737664
    outer loop
      vertex 3.50786 2.51018 2.99
      vertex 3.79533 3.01886 2.5
      vertex 3.50591 2.51038 2.99
    endloop
  endfacet
  facet normal 0.182029 -0.600759 0.77843
    outer loop
      vertex 3.31289 56.4702 2.99
      vertex 3.60997 55.9253 2.5
      vertex 4.10262 55.4267 2
    endloop
  endfacet
  facet normal 0.162097 -0.609485 0.776049
    outer loop
      vertex 3.60997 55.9253 2.5
      vertex 3.31289 56.4702 2.99
      vertex 3.31101 56.4697 2.99
    endloop
  endfacet
  facet normal 0.369651 0.450457 0.812679
    outer loop
      vertex 2.94224 2.68837 2.99
      vertex 2.91702 2.91654 2.875
      vertex 2.80282 2.80278 2.99
    endloop
  endfacet
  facet normal 0.599533 -0.184522 0.778789
    outer loop
      vertex 3.51876 54.7249 2
      vertex 2.82567 55.6384 2.75
      vertex 2.6697 55.7911 2.90625
    endloop
  endfacet
  facet normal 0.0664736 -0.672471 0.737133
    outer loop
      vertex 3.50786 56.4898 2.99
      vertex 3.79533 55.9811 2.5
      vertex 4.28575 55.4815 2
    endloop
  endfacet
  facet normal 0.0688853 -0.671631 0.737676
    outer loop
      vertex 3.79533 55.9811 2.5
      vertex 3.50786 56.4898 2.99
      vertex 3.50591 56.4896 2.99
    endloop
  endfacet
  facet normal 0.672916 -0.0662795 0.736743
    outer loop
      vertex 3.34375 54.6875 2.15625
      vertex 2.52899 55.6832 2.99
      vertex 2.51 55.4904 2.99
    endloop
  endfacet
  facet normal -0.447795 0.372549 0.812827
    outer loop
      vertex 85.2451 3.75113 2.03125
      vertex 85.3355 3.92797 2
      vertex 85.2141 3.78205 2
    endloop
  endfacet
  facet normal 0.281895 -0.526894 0.801822
    outer loop
      vertex 3.00627 56.2694 2.9375
      vertex 3.09955 56.3992 2.99
      vertex 2.95432 56.3215 2.99
    endloop
  endfacet
  facet normal -0.268238 0.804713 -0.529609
    outer loop
      vertex 85.2451 55.2489 2.03125
      vertex 86.083 56.0835 2.875
      vertex 85.2141 55.218 2
    endloop
  endfacet
  facet normal 0.366519 -0.452958 0.812707
    outer loop
      vertex 3.93385 55.3377 2
      vertex 3.81017 55.4619 2.125
      vertex 3.78592 55.218 2
    endloop
  endfacet
  facet normal -0.281875 -0.526747 0.801925
    outer loop
      vertex 85.9937 56.2694 2.9375
      vertex 86.0457 56.3215 2.99
      vertex 85.9005 56.3992 2.99
    endloop
  endfacet
  facet normal 0.601256 -0.182419 0.777955
    outer loop
      vertex 3.42505 54.8159 2.09375
      vertex 2.58549 55.8709 2.99
      vertex 2.52921 55.6854 2.99
    endloop
  endfacet
  facet normal -0.527292 -0.281581 0.80167
    outer loop
      vertex 86.3927 55.8521 2.96875
      vertex 86.4139 55.8729 2.99
      vertex 86.3511 55.9905 2.99
    endloop
  endfacet
  facet normal -0.70722 0 0.706994
    outer loop
      vertex 85.6562 4.3125 2.15625
      vertex 85.6562 54.6875 2.15625
      vertex 85.5 54.537 2
    endloop
  endfacet
  facet normal -0.70722 0 0.706994
    outer loop
      vertex 85.6562 4.3125 2.15625
      vertex 85.5 54.537 2
      vertex 85.5 4.46296 2
    endloop
  endfacet
  facet normal -0.707086 0 0.707128
    outer loop
      vertex 85.6562 54.6875 2.15625
      vertex 85.6562 4.3125 2.15625
      vertex 86.49 55.4904 2.99
    endloop
  endfacet
  facet normal -0.707086 0 0.707128
    outer loop
      vertex 86.49 55.4904 2.99
      vertex 85.6562 4.3125 2.15625
      vertex 86.49 3.50963 2.99
    endloop
  endfacet
  facet normal 0.180094 0.601837 0.778048
    outer loop
      vertex 4.28575 3.5185 2
      vertex 4.10262 3.5733 2
      vertex 3.79533 3.01886 2.5
    endloop
  endfacet
  facet normal -0.450819 -0.369704 0.812454
    outer loop
      vertex 86.3215 56.0457 2.99
      vertex 86.2071 56.1852 2.99
      vertex 86.207 55.9326 2.875
    endloop
  endfacet
  facet normal -0.182341 0.600735 0.778376
    outer loop
      vertex 85.8728 2.58609 2.99
      vertex 85.8519 2.60728 2.96875
      vertex 85.7453 2.54739 2.99
    endloop
  endfacet
  facet normal -0.44185 -0.378729 0.813224
    outer loop
      vertex 86.083 56.0835 2.875
      vertex 86.1984 56.1958 2.99
      vertex 86.1972 56.1972 2.99
    endloop
  endfacet
  facet normal -0.447841 -0.372271 0.812929
    outer loop
      vertex 86.1984 56.1958 2.99
      vertex 86.083 56.0835 2.875
      vertex 85.3355 55.072 2
    endloop
  endfacet
  facet normal 0.672879 -0.066335 0.736773
    outer loop
      vertex 2.52902 55.6835 2.99
      vertex 3.34375 54.6875 2.15625
      vertex 3.5 54.537 2
    endloop
  endfacet
  facet normal 0.672272 -0.0672272 0.737245
    outer loop
      vertex 3.34375 54.6875 2.15625
      vertex 2.52902 55.6835 2.99
      vertex 2.52899 55.6832 2.99
    endloop
  endfacet
  facet normal 0 0 1
    outer loop
      vertex 84.5238 55.5 2
      vertex 85.5 54.537 2
      vertex 85.4812 54.7249 2
    endloop
  endfacet
  facet normal 0 0 1
    outer loop
      vertex 29.5813 21.6048 2
      vertex 85.5 54.537 2
      vertex 84.5238 55.5 2
    endloop
  endfacet
  facet normal 0 0 1
    outer loop
      vertex 84.5238 55.5 2
      vertex 85.4812 54.7249 2
      vertex 85.4257 54.9055 2
    endloop
  endfacet
  facet normal 0 0 1
    outer loop
      vertex 85.5 54.537 2
      vertex 29.8943 20.573 2
      vertex 85.5 4.46296 2
    endloop
  endfacet
  facet normal 0 0 1
    outer loop
      vertex 84.5238 55.5 2
      vertex 85.4257 54.9055 2
      vertex 85.3355 55.072 2
    endloop
  endfacet
  facet normal 0 0 1
    outer loop
      vertex 85.5 4.46296 2
      vertex 84.5238 3.5 2
      vertex 85.4812 4.2751 2
    endloop
  endfacet
  facet normal 0 0 1
    outer loop
      vertex 84.5238 55.5 2
      vertex 85.3355 55.072 2
      vertex 85.2141 55.218 2
    endloop
  endfacet
  facet normal 0 0 1
    outer loop
      vertex 85.4812 4.2751 2
      vertex 84.5238 3.5 2
      vertex 85.4257 4.09445 2
    endloop
  endfacet
  facet normal 0 0 1
    outer loop
      vertex 84.5238 55.5 2
      vertex 85.2141 55.218 2
      vertex 85.0662 55.3377 2
    endloop
  endfacet
  facet normal 0 0 1
    outer loop
      vertex 85.4257 4.09445 2
      vertex 84.5238 3.5 2
      vertex 85.3355 3.92797 2
    endloop
  endfacet
  facet normal 0 0 1
    outer loop
      vertex 84.5238 55.5 2
      vertex 85.0662 55.3377 2
      vertex 84.8974 55.4267 2
    endloop
  endfacet
  facet normal 0 0 1
    outer loop
      vertex 85.3355 3.92797 2
      vertex 84.5238 3.5 2
      vertex 85.2141 3.78205 2
    endloop
  endfacet
  facet normal 0 0 1
    outer loop
      vertex 84.5238 55.5 2
      vertex 84.8974 55.4267 2
      vertex 84.7143 55.4815 2
    endloop
  endfacet
  facet normal 0 0 1
    outer loop
      vertex 85.2141 3.78205 2
      vertex 84.5238 3.5 2
      vertex 85.0662 3.66229 2
    endloop
  endfacet
  facet normal 0 0 1
    outer loop
      vertex 85.0662 3.66229 2
      vertex 84.5238 3.5 2
      vertex 84.8974 3.5733 2
    endloop
  endfacet
  facet normal 0 0 1
    outer loop
      vertex 84.8974 3.5733 2
      vertex 84.5238 3.5 2
      vertex 84.7143 3.5185 2
    endloop
  endfacet
  facet normal 0 0 1
    outer loop
      vertex 85.5 4.46296 2
      vertex 29.8943 20.573 2
      vertex 84.5238 3.5 2
    endloop
  endfacet
  facet normal 0 0 1
    outer loop
      vertex 84.5238 3.5 2
      vertex 29.8943 20.573 2
      vertex 30 19.5 2
    endloop
  endfacet
  facet normal 0 0 1
    outer loop
      vertex 85.5 54.537 2
      vertex 29.5813 21.6048 2
      vertex 29.8943 20.573 2
    endloop
  endfacet
  facet normal 0 0 1
    outer loop
      vertex 84.5238 55.5 2
      vertex 29.0731 22.5556 2
      vertex 29.5813 21.6048 2
    endloop
  endfacet
  facet normal 0 0 1
    outer loop
      vertex 84.5238 55.5 2
      vertex 28.3891 23.3891 2
      vertex 29.0731 22.5556 2
    endloop
  endfacet
  facet normal 0 0 1
    outer loop
      vertex 84.5238 55.5 2
      vertex 27.5556 24.0731 2
      vertex 28.3891 23.3891 2
    endloop
  endfacet
  facet normal 0 0 1
    outer loop
      vertex 84.5238 55.5 2
      vertex 26.6048 24.5813 2
      vertex 27.5556 24.0731 2
    endloop
  endfacet
  facet normal -0 0 1
    outer loop
      vertex 4.47619 55.5 2
      vertex 26.6048 24.5813 2
      vertex 84.5238 55.5 2
    endloop
  endfacet
  facet normal 0 0 1
    outer loop
      vertex 26.6048 24.5813 2
      vertex 4.47619 55.5 2
      vertex 25.573 24.8943 2
    endloop
  endfacet
  facet normal 0 0 1
    outer loop
      vertex 25.573 24.8943 2
      vertex 4.47619 55.5 2
      vertex 24.5 25 2
    endloop
  endfacet
  facet normal 0 0 1
    outer loop
      vertex 24.5 25 2
      vertex 4.47619 55.5 2
      vertex 23.427 24.8943 2
    endloop
  endfacet
  facet normal 0 0 1
    outer loop
      vertex 3.5 4.46296 2
      vertex 19.4187 21.6048 2
      vertex 3.5 54.537 2
    endloop
  endfacet
  facet normal 0 0 1
    outer loop
      vertex 19.9269 22.5556 2
      vertex 3.5 54.537 2
      vertex 19.4187 21.6048 2
    endloop
  endfacet
  facet normal 0 0 1
    outer loop
      vertex 20.6109 23.3891 2
      vertex 3.5 54.537 2
      vertex 19.9269 22.5556 2
    endloop
  endfacet
  facet normal 0 0 1
    outer loop
      vertex 21.4444 24.0731 2
      vertex 3.5 54.537 2
      vertex 20.6109 23.3891 2
    endloop
  endfacet
  facet normal 0 0 1
    outer loop
      vertex 22.3952 24.5813 2
      vertex 3.5 54.537 2
      vertex 21.4444 24.0731 2
    endloop
  endfacet
  facet normal -0 0 1
    outer loop
      vertex 3.5 54.537 2
      vertex 22.3952 24.5813 2
      vertex 4.47619 55.5 2
    endloop
  endfacet
  facet normal 0 0 1
    outer loop
      vertex 23.427 24.8943 2
      vertex 4.47619 55.5 2
      vertex 22.3952 24.5813 2
    endloop
  endfacet
  facet normal -0 0 1
    outer loop
      vertex 29.8943 18.427 2
      vertex 84.5238 3.5 2
      vertex 30 19.5 2
    endloop
  endfacet
  facet normal -0 0 1
    outer loop
      vertex 29.5813 17.3952 2
      vertex 84.5238 3.5 2
      vertex 29.8943 18.427 2
    endloop
  endfacet
  facet normal -0 0 1
    outer loop
      vertex 29.0731 16.4444 2
      vertex 84.5238 3.5 2
      vertex 29.5813 17.3952 2
    endloop
  endfacet
  facet normal -0 0 1
    outer loop
      vertex 28.3891 15.6109 2
      vertex 84.5238 3.5 2
      vertex 29.0731 16.4444 2
    endloop
  endfacet
  facet normal -0 0 1
    outer loop
      vertex 27.5556 14.9269 2
      vertex 84.5238 3.5 2
      vertex 28.3891 15.6109 2
    endloop
  endfacet
  facet normal -0 0 1
    outer loop
      vertex 26.6048 14.4187 2
      vertex 84.5238 3.5 2
      vertex 27.5556 14.9269 2
    endloop
  endfacet
  facet normal -0 0 1
    outer loop
      vertex 25.573 14.1057 2
      vertex 84.5238 3.5 2
      vertex 26.6048 14.4187 2
    endloop
  endfacet
  facet normal 0 0 1
    outer loop
      vertex 4.47619 3.5 2
      vertex 25.573 14.1057 2
      vertex 24.5 14 2
    endloop
  endfacet
  facet normal 0 0 1
    outer loop
      vertex 4.47619 3.5 2
      vertex 24.5 14 2
      vertex 23.427 14.1057 2
    endloop
  endfacet
  facet normal 0 0 1
    outer loop
      vertex 19.4187 21.6048 2
      vertex 3.5 4.46296 2
      vertex 19.1057 20.573 2
    endloop
  endfacet
  facet normal 0 0 1
    outer loop
      vertex 19.1057 20.573 2
      vertex 3.5 4.46296 2
      vertex 19 19.5 2
    endloop
  endfacet
  facet normal 0 0 1
    outer loop
      vertex 25.573 14.1057 2
      vertex 4.47619 3.5 2
      vertex 84.5238 3.5 2
    endloop
  endfacet
  facet normal 0 0 1
    outer loop
      vertex 22.3952 14.4187 2
      vertex 4.47619 3.5 2
      vertex 23.427 14.1057 2
    endloop
  endfacet
  facet normal 0 0 1
    outer loop
      vertex 21.4444 14.9269 2
      vertex 4.47619 3.5 2
      vertex 22.3952 14.4187 2
    endloop
  endfacet
  facet normal 0 0 1
    outer loop
      vertex 20.6109 15.6109 2
      vertex 4.47619 3.5 2
      vertex 21.4444 14.9269 2
    endloop
  endfacet
  facet normal 0 0 1
    outer loop
      vertex 19.9269 16.4444 2
      vertex 4.47619 3.5 2
      vertex 20.6109 15.6109 2
    endloop
  endfacet
  facet normal 0 0 1
    outer loop
      vertex 3.5 4.46296 2
      vertex 19.9269 16.4444 2
      vertex 19.4187 17.3952 2
    endloop
  endfacet
  facet normal 0 0 1
    outer loop
      vertex 19 19.5 2
      vertex 3.5 4.46296 2
      vertex 19.1057 18.427 2
    endloop
  endfacet
  facet normal 0 0 1
    outer loop
      vertex 3.5 54.537 2
      vertex 4.47619 55.5 2
      vertex 4.28575 55.4815 2
    endloop
  endfacet
  facet normal 0 0 1
    outer loop
      vertex 19.1057 18.427 2
      vertex 3.5 4.46296 2
      vertex 19.4187 17.3952 2
    endloop
  endfacet
  facet normal 0 0 1
    outer loop
      vertex 3.5 54.537 2
      vertex 4.28575 55.4815 2
      vertex 4.10262 55.4267 2
    endloop
  endfacet
  facet normal 0 0 1
    outer loop
      vertex 19.9269 16.4444 2
      vertex 3.5 4.46296 2
      vertex 4.47619 3.5 2
    endloop
  endfacet
  facet normal 0 0 1
    outer loop
      vertex 3.5 54.537 2
      vertex 4.10262 55.4267 2
      vertex 3.93385 55.3377 2
    endloop
  endfacet
  facet normal 0 0 1
    outer loop
      vertex 4.47619 3.5 2
      vertex 3.5 4.46296 2
      vertex 4.28575 3.5185 2
    endloop
  endfacet
  facet normal 0 0 1
    outer loop
      vertex 3.5 54.537 2
      vertex 3.93385 55.3377 2
      vertex 3.78592 55.218 2
    endloop
  endfacet
  facet normal 0 0 1
    outer loop
      vertex 4.28575 3.5185 2
      vertex 3.5 4.46296 2
      vertex 4.10262 3.5733 2
    endloop
  endfacet
  facet normal 0 0 1
    outer loop
      vertex 3.5 54.537 2
      vertex 3.78592 55.218 2
      vertex 3.66452 55.072 2
    endloop
  endfacet
  facet normal 0 0 1
    outer loop
      vertex 4.10262 3.5733 2
      vertex 3.5 4.46296 2
      vertex 3.93385 3.66229 2
    endloop
  endfacet
  facet normal 0 0 1
    outer loop
      vertex 3.5 54.537 2
      vertex 3.66452 55.072 2
      vertex 3.57431 54.9055 2
    endloop
  endfacet
  facet normal 0 0 1
    outer loop
      vertex 3.93385 3.66229 2
      vertex 3.5 4.46296 2
      vertex 3.78592 3.78205 2
    endloop
  endfacet
  facet normal 0 0 1
    outer loop
      vertex 3.5 54.537 2
      vertex 3.57431 54.9055 2
      vertex 3.51876 54.7249 2
    endloop
  endfacet
  facet normal 0 0 1
    outer loop
      vertex 3.78592 3.78205 2
      vertex 3.5 4.46296 2
      vertex 3.66452 3.92797 2
    endloop
  endfacet
  facet normal 0 0 1
    outer loop
      vertex 3.66452 3.92797 2
      vertex 3.5 4.46296 2
      vertex 3.57431 4.09445 2
    endloop
  endfacet
  facet normal 0 0 1
    outer loop
      vertex 3.57431 4.09445 2
      vertex 3.5 4.46296 2
      vertex 3.51876 4.2751 2
    endloop
  endfacet
  facet normal 0.599643 0.184394 0.778734
    outer loop
      vertex 3.38715 3.91124 2.1875
      vertex 3.51876 4.2751 2
      vertex 2.82567 3.3616 2.75
    endloop
  endfacet
  facet normal 0.599651 0.184393 0.778728
    outer loop
      vertex 3.57431 4.09445 2
      vertex 3.51876 4.2751 2
      vertex 3.48073 4.00285 2.09375
    endloop
  endfacet
  facet normal 0.5996 0.184445 0.778756
    outer loop
      vertex 2.82567 3.3616 2.75
      vertex 3.51876 4.2751 2
      vertex 2.6697 3.20892 2.90625
    endloop
  endfacet
  facet normal 0.5272 0.281828 0.801644
    outer loop
      vertex 2.6697 3.20892 2.90625
      vertex 2.67482 2.96112 2.99
      vertex 2.82567 3.3616 2.75
    endloop
  endfacet
  facet normal 0.527091 0.281847 0.801709
    outer loop
      vertex 2.67482 2.96112 2.99
      vertex 2.6697 3.20892 2.90625
      vertex 2.66866 2.97264 2.99
    endloop
  endfacet
  facet normal 0.450121 0.370244 0.812595
    outer loop
      vertex 3.63339 3.89723 2.03125
      vertex 2.80161 2.80424 2.99
      vertex 3.66452 3.92797 2
    endloop
  endfacet
  facet normal 0.456108 0.364886 0.81168
    outer loop
      vertex 2.80161 2.80424 2.99
      vertex 3.63339 3.89723 2.03125
      vertex 2.80157 2.80429 2.99
    endloop
  endfacet
  facet normal 0.524788 0.28434 0.802339
    outer loop
      vertex 3.63339 3.89723 2.03125
      vertex 3.57431 4.09445 2
      vertex 2.79303 3.06737 2.875
    endloop
  endfacet
  facet normal 0.447638 0.372418 0.812973
    outer loop
      vertex 3.75489 3.75113 2.03125
      vertex 3.78592 3.78205 2
      vertex 3.66452 3.92797 2
    endloop
  endfacet
  facet normal 0.369695 0.450437 0.81267
    outer loop
      vertex 2.91702 2.91654 2.875
      vertex 2.95284 2.67966 2.99
      vertex 3.78592 3.78205 2
    endloop
  endfacet
  facet normal 0.370105 0.450414 0.812496
    outer loop
      vertex 2.95284 2.67966 2.99
      vertex 2.91702 2.91654 2.875
      vertex 2.94224 2.68837 2.99
    endloop
  endfacet
  facet normal 0.369703 -0.45056 0.812598
    outer loop
      vertex 2.91702 56.0835 2.875
      vertex 2.94224 56.3116 2.99
      vertex 2.80282 56.1972 2.99
    endloop
  endfacet
  facet normal 0.194289 -0.592582 0.781728
    outer loop
      vertex 3.31289 56.4702 2.99
      vertex 3.33556 56.4496 2.96875
      vertex 3.31472 56.4708 2.99
    endloop
  endfacet
  facet normal 0.187876 -0.597439 0.779595
    outer loop
      vertex 3.33556 56.4496 2.96875
      vertex 3.31289 56.4702 2.99
      vertex 4.10262 55.4267 2
    endloop
  endfacet
  facet normal -0.518799 -0.291824 0.803546
    outer loop
      vertex 86.207 55.9326 2.875
      vertex 86.3224 56.0441 2.99
      vertex 86.3215 56.0457 2.99
    endloop
  endfacet
  facet normal -0.524962 -0.284152 0.802292
    outer loop
      vertex 86.3224 56.0441 2.99
      vertex 86.207 55.9326 2.875
      vertex 85.4257 54.9055 2
    endloop
  endfacet
  facet normal 0.366641 0.452809 0.812735
    outer loop
      vertex 3.34638 3.07224 2.59375
      vertex 3.78592 3.78205 2
      vertex 3.00627 2.73064 2.9375
    endloop
  endfacet
  facet normal 0.281536 0.52676 0.802036
    outer loop
      vertex 3.81017 3.53807 2.125
      vertex 3.12548 2.58698 2.99
      vertex 3.93385 3.66229 2
    endloop
  endfacet
  facet normal 0.275835 0.530452 0.801583
    outer loop
      vertex 3.12548 2.58698 2.99
      vertex 3.81017 3.53807 2.125
      vertex 3.12523 2.58711 2.99
    endloop
  endfacet
  facet normal -0.599686 0.184238 0.778739
    outer loop
      vertex 85.5193 4.00285 2.09375
      vertex 85.4812 4.2751 2
      vertex 85.4257 4.09445 2
    endloop
  endfacet
  facet normal -0.28154 0.526595 0.802143
    outer loop
      vertex 86.0457 2.67847 2.99
      vertex 85.9937 2.73064 2.9375
      vertex 85.9005 2.60084 2.99
    endloop
  endfacet
  facet normal -0.196828 -0.590483 0.78268
    outer loop
      vertex 85.6644 56.4496 2.96875
      vertex 85.6871 56.4702 2.99
      vertex 85.6853 56.4708 2.99
    endloop
  endfacet
  facet normal -0.187027 -0.597927 0.779426
    outer loop
      vertex 85.6871 56.4702 2.99
      vertex 85.6644 56.4496 2.96875
      vertex 84.8974 55.4267 2
    endloop
  endfacet
  facet normal 0.366624 -0.452825 0.812734
    outer loop
      vertex 3.78592 55.218 2
      vertex 3.34638 55.9278 2.59375
      vertex 3.00627 56.2694 2.9375
    endloop
  endfacet
  facet normal 0.367099 -0.452755 0.812559
    outer loop
      vertex 2.95284 56.3203 2.99
      vertex 3.00627 56.2694 2.9375
      vertex 2.95432 56.3215 2.99
    endloop
  endfacet
  facet normal 0.36858 -0.451328 0.812682
    outer loop
      vertex 3.00627 56.2694 2.9375
      vertex 2.95284 56.3203 2.99
      vertex 3.78592 55.218 2
    endloop
  endfacet
  facet normal 0.527266 -0.281772 0.80162
    outer loop
      vertex 2.67749 56.0439 2.99
      vertex 2.82567 55.6384 2.75
      vertex 3.48073 54.9972 2.09375
    endloop
  endfacet
  facet normal 0.527449 -0.281658 0.80154
    outer loop
      vertex 2.82567 55.6384 2.75
      vertex 2.67749 56.0439 2.99
      vertex 2.67482 56.0389 2.99
    endloop
  endfacet
  facet normal 0.600899 -0.182851 0.77813
    outer loop
      vertex 2.58555 55.8711 2.99
      vertex 3.42505 54.8159 2.09375
      vertex 3.51876 54.7249 2
    endloop
  endfacet
  facet normal 0.602606 -0.180782 0.777293
    outer loop
      vertex 3.42505 54.8159 2.09375
      vertex 2.58555 55.8711 2.99
      vertex 2.58549 55.8709 2.99
    endloop
  endfacet
  facet normal -0.599565 -0.184252 0.778828
    outer loop
      vertex 85.4812 54.7249 2
      vertex 85.5193 54.9972 2.09375
      vertex 85.4257 54.9055 2
    endloop
  endfacet
  facet normal 0.0664607 -0.673029 0.736624
    outer loop
      vertex 3.33556 56.4496 2.96875
      vertex 3.44738 56.4839 2.99
      vertex 3.31472 56.4708 2.99
    endloop
  endfacet
  facet normal 0.0705372 -0.670103 0.738909
    outer loop
      vertex 3.50786 56.4898 2.99
      vertex 4.14062 55.8438 2.34375
      vertex 3.50976 56.49 2.99
    endloop
  endfacet
  facet normal 0.065662 -0.672839 0.73687
    outer loop
      vertex 4.14062 55.8438 2.34375
      vertex 3.50786 56.4898 2.99
      vertex 4.28575 55.4815 2
    endloop
  endfacet
  facet normal 0 -0.707055 0.707158
    outer loop
      vertex 84.8594 55.8438 2.34375
      vertex 4.47619 55.5 2
      vertex 84.5238 55.5 2
    endloop
  endfacet
  facet normal 0 -0.707134 0.707079
    outer loop
      vertex 4.14062 55.8438 2.34375
      vertex 84.8594 55.8438 2.34375
      vertex 85.4902 56.49 2.99
    endloop
  endfacet
  facet normal 0 -0.707055 0.707158
    outer loop
      vertex 84.8594 55.8438 2.34375
      vertex 4.14062 55.8438 2.34375
      vertex 4.47619 55.5 2
    endloop
  endfacet
  facet normal 0 -0.707134 0.707079
    outer loop
      vertex 4.14062 55.8438 2.34375
      vertex 85.4902 56.49 2.99
      vertex 3.50976 56.49 2.99
    endloop
  endfacet
  facet normal -0.0653494 -0.672923 0.736821
    outer loop
      vertex 84.7143 55.4815 2
      vertex 84.8594 55.8438 2.34375
      vertex 84.5238 55.5 2
    endloop
  endfacet
  facet normal -0.0705375 -0.670106 0.738906
    outer loop
      vertex 84.8594 55.8438 2.34375
      vertex 85.4921 56.4898 2.99
      vertex 85.4902 56.49 2.99
    endloop
  endfacet
  facet normal -0.0656629 -0.672841 0.736867
    outer loop
      vertex 85.4921 56.4898 2.99
      vertex 84.8594 55.8438 2.34375
      vertex 84.7143 55.4815 2
    endloop
  endfacet
  facet normal -0.278669 -0.528682 0.801773
    outer loop
      vertex 85.7903 56.3304 2.90625
      vertex 85.39 55.9253 2.5
      vertex 85.0662 55.3377 2
    endloop
  endfacet
  facet normal -0.279173 -0.528352 0.801815
    outer loop
      vertex 85.8519 56.3927 2.96875
      vertex 85.7903 56.3304 2.90625
      vertex 85.0662 55.3377 2
    endloop
  endfacet
  facet normal -0.369773 -0.450528 0.812584
    outer loop
      vertex 86.0472 56.3203 2.99
      vertex 86.083 56.0835 2.875
      vertex 86.0578 56.3116 2.99
    endloop
  endfacet
  facet normal -0.369591 -0.450538 0.812661
    outer loop
      vertex 86.083 56.0835 2.875
      vertex 86.0472 56.3203 2.99
      vertex 85.2141 55.218 2
    endloop
  endfacet
  facet normal -0.369733 -0.450532 0.8126
    outer loop
      vertex 86.083 56.0835 2.875
      vertex 86.1972 56.1972 2.99
      vertex 86.0578 56.3116 2.99
    endloop
  endfacet
  facet normal 0.672302 -0.0672302 0.737218
    outer loop
      vertex 2.52902 55.6835 2.99
      vertex 3.42505 54.8159 2.09375
      vertex 2.52921 55.6854 2.99
    endloop
  endfacet
  facet normal 0.672373 -0.0671025 0.737165
    outer loop
      vertex 3.42505 54.8159 2.09375
      vertex 2.52902 55.6835 2.99
      vertex 3.5 54.537 2
    endloop
  endfacet
  facet normal -0.729836 0 0.683623
    outer loop
      vertex 86.4145 55.8711 2.99
      vertex 85.575 54.8159 2.09375
      vertex 86.4145 55.8709 2.99
    endloop
  endfacet
  facet normal -0.599059 -0.185073 0.779023
    outer loop
      vertex 85.575 54.8159 2.09375
      vertex 86.4145 55.8711 2.99
      vertex 85.4812 54.7249 2
    endloop
  endfacet
  facet normal -0.755345 0 0.655328
    outer loop
      vertex 85.3666 3.89723 2.03125
      vertex 86.1984 2.80424 2.99
      vertex 86.1984 2.80429 2.99
    endloop
  endfacet
  facet normal -0.451771 0.368767 0.812351
    outer loop
      vertex 86.1984 2.80424 2.99
      vertex 85.3666 3.89723 2.03125
      vertex 85.3355 3.92797 2
    endloop
  endfacet
  facet normal -0.672876 0.0663172 0.736777
    outer loop
      vertex 86.471 3.31685 2.99
      vertex 86.49 3.50963 2.99
      vertex 85.6562 4.3125 2.15625
    endloop
  endfacet
  facet normal -0.715188 0 0.698932
    outer loop
      vertex 85.6562 4.3125 2.15625
      vertex 86.471 3.31649 2.99
      vertex 86.471 3.31685 2.99
    endloop
  endfacet
  facet normal -0.673647 0.0651593 0.736176
    outer loop
      vertex 86.471 3.31649 2.99
      vertex 85.6562 4.3125 2.15625
      vertex 85.5 4.46296 2
    endloop
  endfacet
  facet normal 0.599636 0.184399 0.778738
    outer loop
      vertex 3.48073 4.00285 2.09375
      vertex 3.51876 4.2751 2
      vertex 3.38715 3.91124 2.1875
    endloop
  endfacet
  facet normal -0.707748 -4.71455e-11 -0.706465
    outer loop
      vertex 3.48073 4.00285 2.09375
      vertex 3.38715 3.91124 2.1875
      vertex 2.82567 3.3616 2.75
    endloop
  endfacet
  facet normal 0.599556 0.184498 0.778777
    outer loop
      vertex 2.6697 3.20892 2.90625
      vertex 3.51876 4.2751 2
      vertex 2.60731 3.14785 2.96875
    endloop
  endfacet
  facet normal 0.527102 0.281845 0.801702
    outer loop
      vertex 2.6697 3.20892 2.90625
      vertex 2.64894 3.00952 2.99
      vertex 2.66866 2.97264 2.99
    endloop
  endfacet
  facet normal 0.52721 0.281809 0.801644
    outer loop
      vertex 2.64894 3.00952 2.99
      vertex 2.6697 3.20892 2.90625
      vertex 2.60731 3.14785 2.96875
    endloop
  endfacet
  facet normal 0.450607 0.369801 0.812528
    outer loop
      vertex 2.7929 2.81485 2.99
      vertex 2.79303 3.06737 2.875
      vertex 2.67849 2.95426 2.99
    endloop
  endfacet
  facet normal 0.524804 0.284325 0.802334
    outer loop
      vertex 2.67759 2.95593 2.99
      vertex 2.79303 3.06737 2.875
      vertex 3.57431 4.09445 2
    endloop
  endfacet
  facet normal 0.525638 0.283278 0.802158
    outer loop
      vertex 2.79303 3.06737 2.875
      vertex 2.67759 2.95593 2.99
      vertex 2.67849 2.95426 2.99
    endloop
  endfacet
  facet normal -0.623595 -0.149663 -0.767287
    outer loop
      vertex 3.78592 3.78205 2
      vertex 3.75489 3.75113 2.03125
      vertex 2.91702 2.91654 2.875
    endloop
  endfacet
  facet normal 0.447676 0.372433 0.812945
    outer loop
      vertex 3.75489 3.75113 2.03125
      vertex 3.66452 3.92797 2
      vertex 2.91702 2.91654 2.875
    endloop
  endfacet
  facet normal 0.278576 0.528738 0.801768
    outer loop
      vertex 3.12548 2.58698 2.99
      vertex 3.14811 2.60728 2.96875
      vertex 3.93385 3.66229 2
    endloop
  endfacet
  facet normal 0.278488 0.528815 0.801747
    outer loop
      vertex 3.14811 2.60728 2.96875
      vertex 3.12548 2.58698 2.99
      vertex 3.12717 2.58609 2.99
    endloop
  endfacet
  facet normal 0.182232 0.600629 0.778483
    outer loop
      vertex 3.20969 2.66961 2.90625
      vertex 3.31101 2.53032 2.99
      vertex 3.60997 3.07471 2.5
    endloop
  endfacet
  facet normal 0.182513 0.600742 0.77833
    outer loop
      vertex 3.31101 2.53032 2.99
      vertex 3.20969 2.66961 2.90625
      vertex 3.29475 2.53526 2.99
    endloop
  endfacet
  facet normal 0.0662701 0.672639 0.736997
    outer loop
      vertex 3.44738 2.51614 2.99
      vertex 3.33556 2.55044 2.96875
      vertex 3.31472 2.52921 2.99
    endloop
  endfacet
  facet normal 0.180809 0.601435 0.778193
    outer loop
      vertex 3.31289 2.52976 2.99
      vertex 3.33556 2.55044 2.96875
      vertex 4.10262 3.5733 2
    endloop
  endfacet
  facet normal 0.180768 0.601465 0.778179
    outer loop
      vertex 3.33556 2.55044 2.96875
      vertex 3.31289 2.52976 2.99
      vertex 3.31472 2.52921 2.99
    endloop
  endfacet
  facet normal 0.526263 -0.282794 0.801919
    outer loop
      vertex 2.67759 56.0441 2.99
      vertex 3.48073 54.9972 2.09375
      vertex 3.57431 54.9055 2
    endloop
  endfacet
  facet normal 0.539096 -0.269548 0.797947
    outer loop
      vertex 3.48073 54.9972 2.09375
      vertex 2.67759 56.0441 2.99
      vertex 2.67749 56.0439 2.99
    endloop
  endfacet
  facet normal 0.524507 -0.284179 0.80258
    outer loop
      vertex 3.66452 55.072 2
      vertex 3.63339 55.1028 2.03125
      vertex 3.57431 54.9055 2
    endloop
  endfacet
  facet normal -0.369681 0.450428 0.812681
    outer loop
      vertex 86.1972 2.80278 2.99
      vertex 86.083 2.91654 2.875
      vertex 86.0578 2.68837 2.99
    endloop
  endfacet
  facet normal -0.370085 0.450391 0.812518
    outer loop
      vertex 86.083 2.91654 2.875
      vertex 86.0472 2.67966 2.99
      vertex 86.0578 2.68837 2.99
    endloop
  endfacet
  facet normal -0.369723 0.450411 0.812671
    outer loop
      vertex 86.0472 2.67966 2.99
      vertex 86.083 2.91654 2.875
      vertex 85.2141 3.78205 2
    endloop
  endfacet
  facet normal -0.278711 0.52867 0.801765
    outer loop
      vertex 85.39 3.07471 2.5
      vertex 85.0662 3.66229 2
      vertex 84.8974 3.5733 2
    endloop
  endfacet
  facet normal -0.366612 0.452842 0.81273
    outer loop
      vertex 85.6536 3.07224 2.59375
      vertex 85.9937 2.73064 2.9375
      vertex 85.2141 3.78205 2
    endloop
  endfacet
  facet normal -0.279939 0.525866 0.803181
    outer loop
      vertex 85.9937 2.73064 2.9375
      vertex 85.877 2.58833 2.99
      vertex 85.9005 2.60084 2.99
    endloop
  endfacet
  facet normal -0.281551 0.526762 0.802029
    outer loop
      vertex 85.877 2.58833 2.99
      vertex 85.9937 2.73064 2.9375
      vertex 85.6536 3.07224 2.59375
    endloop
  endfacet
  facet normal 0.281162 -0.52656 0.802299
    outer loop
      vertex 3.00627 56.2694 2.9375
      vertex 3.12296 56.4117 2.99
      vertex 3.09955 56.3992 2.99
    endloop
  endfacet
  facet normal 0.281537 -0.526768 0.80203
    outer loop
      vertex 3.12296 56.4117 2.99
      vertex 3.00627 56.2694 2.9375
      vertex 3.34638 55.9278 2.59375
    endloop
  endfacet
  facet normal 0.366412 -0.452969 0.812749
    outer loop
      vertex 3.78592 55.218 2
      vertex 3.81017 55.4619 2.125
      vertex 3.34638 55.9278 2.59375
    endloop
  endfacet
  facet normal 0.518724 -0.291782 0.80361
    outer loop
      vertex 2.67759 56.0441 2.99
      vertex 2.79303 55.9326 2.875
      vertex 2.67849 56.0457 2.99
    endloop
  endfacet
  facet normal 0.524354 -0.284775 0.802468
    outer loop
      vertex 2.79303 55.9326 2.875
      vertex 2.67759 56.0441 2.99
      vertex 3.57431 54.9055 2
    endloop
  endfacet
  facet normal 0.447461 -0.372607 0.812984
    outer loop
      vertex 2.80161 56.1958 2.99
      vertex 3.63339 55.1028 2.03125
      vertex 3.66452 55.072 2
    endloop
  endfacet
  facet normal 0.586023 -0.234409 0.775647
    outer loop
      vertex 3.63339 55.1028 2.03125
      vertex 2.80161 56.1958 2.99
      vertex 2.80157 56.1957 2.99
    endloop
  endfacet
  facet normal 0.369792 -0.450551 0.812562
    outer loop
      vertex 2.91702 56.0835 2.875
      vertex 2.95284 56.3203 2.99
      vertex 2.94224 56.3116 2.99
    endloop
  endfacet
  facet normal 0.369563 -0.450564 0.812659
    outer loop
      vertex 2.95284 56.3203 2.99
      vertex 2.91702 56.0835 2.875
      vertex 3.78592 55.218 2
    endloop
  endfacet
  facet normal 0.447754 -0.372346 0.812942
    outer loop
      vertex 3.66452 55.072 2
      vertex 3.75489 55.2489 2.03125
      vertex 2.91702 56.0835 2.875
    endloop
  endfacet
  facet normal 0.527278 -0.281787 0.801607
    outer loop
      vertex 2.64894 55.9905 2.99
      vertex 2.6697 55.7911 2.90625
      vertex 2.66866 56.0274 2.99
    endloop
  endfacet
  facet normal 0.52747 -0.281723 0.801503
    outer loop
      vertex 2.6697 55.7911 2.90625
      vertex 2.64894 55.9905 2.99
      vertex 2.60731 55.8521 2.96875
    endloop
  endfacet
  facet normal 0.527175 -0.281832 0.801659
    outer loop
      vertex 2.67482 56.0389 2.99
      vertex 2.6697 55.7911 2.90625
      vertex 2.82567 55.6384 2.75
    endloop
  endfacet
  facet normal 0.526406 -0.281971 0.802115
    outer loop
      vertex 2.6697 55.7911 2.90625
      vertex 2.67482 56.0389 2.99
      vertex 2.66866 56.0274 2.99
    endloop
  endfacet
  facet normal -0.0655546 -0.672798 0.736917
    outer loop
      vertex 85.2047 55.9811 2.5
      vertex 85.5526 56.4839 2.99
      vertex 85.4941 56.4896 2.99
    endloop
  endfacet
  facet normal -0.0662247 -0.672521 0.737109
    outer loop
      vertex 85.5526 56.4839 2.99
      vertex 85.2047 55.9811 2.5
      vertex 85.6644 56.4496 2.96875
    endloop
  endfacet
  facet normal -0.179786 -0.601999 0.777993
    outer loop
      vertex 85.6644 56.4496 2.96875
      vertex 85.2047 55.9811 2.5
      vertex 84.8974 55.4267 2
    endloop
  endfacet
  facet normal -0.27873 -0.528648 0.801773
    outer loop
      vertex 85.0662 55.3377 2
      vertex 85.39 55.9253 2.5
      vertex 84.8974 55.4267 2
    endloop
  endfacet
  facet normal -0.160563 -0.61014 0.775854
    outer loop
      vertex 85.6871 56.4702 2.99
      vertex 85.39 55.9253 2.5
      vertex 85.689 56.4697 2.99
    endloop
  endfacet
  facet normal -0.182088 -0.600729 0.77844
    outer loop
      vertex 85.39 55.9253 2.5
      vertex 85.6871 56.4702 2.99
      vertex 84.8974 55.4267 2
    endloop
  endfacet
  facet normal -0.182337 -0.600652 0.778441
    outer loop
      vertex 85.7453 56.4526 2.99
      vertex 85.7903 56.3304 2.90625
      vertex 85.8519 56.3927 2.96875
    endloop
  endfacet
  facet normal -0.181197 -0.600496 0.778827
    outer loop
      vertex 85.7903 56.3304 2.90625
      vertex 85.7453 56.4526 2.99
      vertex 85.7052 56.4647 2.99
    endloop
  endfacet
  facet normal -0.182301 -0.600603 0.778488
    outer loop
      vertex 85.8519 56.3927 2.96875
      vertex 85.8728 56.4139 2.99
      vertex 85.7453 56.4526 2.99
    endloop
  endfacet
  facet normal -0.286112 -0.524539 0.801872
    outer loop
      vertex 85.8748 56.4129 2.99
      vertex 85.6536 55.9278 2.59375
      vertex 85.877 56.4117 2.99
    endloop
  endfacet
  facet normal -0.281382 -0.526834 0.802041
    outer loop
      vertex 85.6536 55.9278 2.59375
      vertex 85.8748 56.4129 2.99
      vertex 85.1898 55.4619 2.125
    endloop
  endfacet
  facet normal -0.366335 -0.453035 0.812747
    outer loop
      vertex 85.2141 55.218 2
      vertex 85.6536 55.9278 2.59375
      vertex 85.1898 55.4619 2.125
    endloop
  endfacet
  facet normal -0.599227 -0.184873 0.778941
    outer loop
      vertex 86.3303 55.7911 2.90625
      vertex 86.1743 55.6384 2.75
      vertex 85.4812 54.7249 2
    endloop
  endfacet
  facet normal -0.601232 -0.182476 0.77796
    outer loop
      vertex 86.4708 55.6854 2.99
      vertex 86.4145 55.8709 2.99
      vertex 85.575 54.8159 2.09375
    endloop
  endfacet
  facet normal -0.670455 -0.0705742 0.738586
    outer loop
      vertex 85.575 54.8159 2.09375
      vertex 86.471 55.6835 2.99
      vertex 86.4708 55.6854 2.99
    endloop
  endfacet
  facet normal -0.672483 -0.0669237 0.73708
    outer loop
      vertex 86.471 55.6835 2.99
      vertex 85.575 54.8159 2.09375
      vertex 85.5 54.537 2
    endloop
  endfacet
  facet normal 0.281559 0.526751 0.802034
    outer loop
      vertex 3.00627 2.73064 2.9375
      vertex 3.12296 2.58833 2.99
      vertex 3.34638 3.07224 2.59375
    endloop
  endfacet
  facet normal 0.281459 0.526695 0.802105
    outer loop
      vertex 3.12296 2.58833 2.99
      vertex 3.00627 2.73064 2.9375
      vertex 3.09955 2.60084 2.99
    endloop
  endfacet
  facet normal 0.28156 0.526741 0.80204
    outer loop
      vertex 3.09955 2.60084 2.99
      vertex 3.00627 2.73064 2.9375
      vertex 2.95432 2.67847 2.99
    endloop
  endfacet
  facet normal 0.366604 0.452834 0.812738
    outer loop
      vertex 3.81017 3.53807 2.125
      vertex 3.78592 3.78205 2
      vertex 3.34638 3.07224 2.59375
    endloop
  endfacet
  facet normal 0.366602 0.452834 0.812739
    outer loop
      vertex 3.81017 3.53807 2.125
      vertex 3.93385 3.66229 2
      vertex 3.78592 3.78205 2
    endloop
  endfacet
  facet normal 0.27875 0.528625 0.801782
    outer loop
      vertex 3.60997 3.07471 2.5
      vertex 3.93385 3.66229 2
      vertex 3.20969 2.66961 2.90625
    endloop
  endfacet
  facet normal 0.278739 0.528631 0.801782
    outer loop
      vertex 4.10262 3.5733 2
      vertex 3.93385 3.66229 2
      vertex 3.60997 3.07471 2.5
    endloop
  endfacet
  facet normal 0.278543 0.52876 0.801765
    outer loop
      vertex 3.20969 2.66961 2.90625
      vertex 3.93385 3.66229 2
      vertex 3.14811 2.60728 2.96875
    endloop
  endfacet
  facet normal 0.182087 0.600602 0.778538
    outer loop
      vertex 3.20969 2.66961 2.90625
      vertex 3.25474 2.54739 2.99
      vertex 3.29475 2.53526 2.99
    endloop
  endfacet
  facet normal 0.182199 0.600617 0.7785
    outer loop
      vertex 3.25474 2.54739 2.99
      vertex 3.20969 2.66961 2.90625
      vertex 3.14811 2.60728 2.96875
    endloop
  endfacet
  facet normal 0.0661902 0.672589 0.73705
    outer loop
      vertex 3.79533 3.01886 2.5
      vertex 3.44738 2.51614 2.99
      vertex 3.50591 2.51038 2.99
    endloop
  endfacet
  facet normal 0.0662363 0.67257 0.737064
    outer loop
      vertex 3.44738 2.51614 2.99
      vertex 3.79533 3.01886 2.5
      vertex 3.33556 2.55044 2.96875
    endloop
  endfacet
  facet normal 0.18007 0.601848 0.778045
    outer loop
      vertex 3.79533 3.01886 2.5
      vertex 4.10262 3.5733 2
      vertex 3.33556 2.55044 2.96875
    endloop
  endfacet
  facet normal -0.729836 0 0.683623
    outer loop
      vertex 85.575 4.18414 2.09375
      vertex 86.4145 3.12889 2.99
      vertex 86.4145 3.12909 2.99
    endloop
  endfacet
  facet normal -0.599339 0.184728 0.778889
    outer loop
      vertex 86.4145 3.12889 2.99
      vertex 85.575 4.18414 2.09375
      vertex 85.4812 4.2751 2
    endloop
  endfacet
  facet normal -0.671943 0.0672443 0.737544
    outer loop
      vertex 85.575 4.18414 2.09375
      vertex 85.5 4.46296 2
      vertex 85.4812 4.2751 2
    endloop
  endfacet
  facet normal -0.530901 0.281119 0.799448
    outer loop
      vertex 86.3303 3.20892 2.90625
      vertex 86.3252 2.96112 2.99
      vertex 86.3313 2.97264 2.99
    endloop
  endfacet
  facet normal -0.527164 0.281796 0.801679
    outer loop
      vertex 86.3252 2.96112 2.99
      vertex 86.3303 3.20892 2.90625
      vertex 86.1743 3.3616 2.75
    endloop
  endfacet
  facet normal -0.599294 0.184795 0.778908
    outer loop
      vertex 86.1743 3.3616 2.75
      vertex 86.3303 3.20892 2.90625
      vertex 85.4812 4.2751 2
    endloop
  endfacet
  facet normal -0.524948 0.28442 0.802206
    outer loop
      vertex 85.3666 3.89723 2.03125
      vertex 85.4257 4.09445 2
      vertex 85.3355 3.92797 2
    endloop
  endfacet
  facet normal -0.449258 0.370127 0.813126
    outer loop
      vertex 86.207 3.06737 2.875
      vertex 86.1984 2.80429 2.99
      vertex 86.2071 2.81485 2.99
    endloop
  endfacet
  facet normal -0.450504 0.36991 0.812535
    outer loop
      vertex 86.1984 2.80429 2.99
      vertex 86.207 3.06737 2.875
      vertex 85.3666 3.89723 2.03125
    endloop
  endfacet
  facet normal -0.44762 0.372482 0.812954
    outer loop
      vertex 86.083 2.91654 2.875
      vertex 85.3355 3.92797 2
      vertex 85.2451 3.75113 2.03125
    endloop
  endfacet
  facet normal 0.169763 -0.611147 -0.773098
    outer loop
      vertex 86.083 2.91654 2.875
      vertex 85.2451 3.75113 2.03125
      vertex 85.2141 3.78205 2
    endloop
  endfacet
  facet normal -0.0653542 0.672971 0.736776
    outer loop
      vertex 84.8594 3.15625 2.34375
      vertex 84.7143 3.5185 2
      vertex 84.5238 3.5 2
    endloop
  endfacet
  facet normal -0.0638357 0.673822 0.736131
    outer loop
      vertex 85.4921 2.51018 2.99
      vertex 84.8594 3.15625 2.34375
      vertex 85.4902 2.51 2.99
    endloop
  endfacet
  facet normal -0.0653686 0.672967 0.736778
    outer loop
      vertex 84.8594 3.15625 2.34375
      vertex 85.4921 2.51018 2.99
      vertex 84.7143 3.5185 2
    endloop
  endfacet
  facet normal -0.183277 0.60103 0.777928
    outer loop
      vertex 85.7903 2.66961 2.90625
      vertex 85.689 2.53032 2.99
      vertex 85.7052 2.53526 2.99
    endloop
  endfacet
  facet normal -0.182244 0.600616 0.77849
    outer loop
      vertex 85.689 2.53032 2.99
      vertex 85.7903 2.66961 2.90625
      vertex 85.39 3.07471 2.5
    endloop
  endfacet
  facet normal -0.277451 0.529963 0.801349
    outer loop
      vertex 85.8745 2.58698 2.99
      vertex 85.8519 2.60728 2.96875
      vertex 85.8728 2.58609 2.99
    endloop
  endfacet
  facet normal -0.279698 0.528001 0.801863
    outer loop
      vertex 85.8519 2.60728 2.96875
      vertex 85.8745 2.58698 2.99
      vertex 85.0662 3.66229 2
    endloop
  endfacet
  facet normal -0.239682 0.553112 0.797884
    outer loop
      vertex 85.1898 3.53807 2.125
      vertex 85.8745 2.58698 2.99
      vertex 85.8748 2.58711 2.99
    endloop
  endfacet
  facet normal -0.282224 0.52631 0.802089
    outer loop
      vertex 85.8745 2.58698 2.99
      vertex 85.1898 3.53807 2.125
      vertex 85.0662 3.66229 2
    endloop
  endfacet
  facet normal -0.366714 0.452881 0.812662
    outer loop
      vertex 85.1898 3.53807 2.125
      vertex 85.2141 3.78205 2
      vertex 85.0662 3.66229 2
    endloop
  endfacet
  facet normal 0.281335 -0.526875 0.80203
    outer loop
      vertex 3.12523 56.4129 2.99
      vertex 3.34638 55.9278 2.59375
      vertex 3.81017 55.4619 2.125
    endloop
  endfacet
  facet normal 0.279095 -0.527956 0.802103
    outer loop
      vertex 3.34638 55.9278 2.59375
      vertex 3.12523 56.4129 2.99
      vertex 3.12296 56.4117 2.99
    endloop
  endfacet
  facet normal 0.281873 -0.526537 0.802064
    outer loop
      vertex 3.12548 56.413 2.99
      vertex 3.81017 55.4619 2.125
      vertex 3.93385 55.3377 2
    endloop
  endfacet
  facet normal 0.224822 -0.562055 0.795958
    outer loop
      vertex 3.81017 55.4619 2.125
      vertex 3.12548 56.413 2.99
      vertex 3.12523 56.4129 2.99
    endloop
  endfacet
  facet normal 0.179714 -0.602034 0.777983
    outer loop
      vertex 4.10262 55.4267 2
      vertex 3.79533 55.9811 2.5
      vertex 3.33556 56.4496 2.96875
    endloop
  endfacet
  facet normal 0.450744 -0.369675 0.812509
    outer loop
      vertex 2.79303 55.9326 2.875
      vertex 2.7929 56.1852 2.99
      vertex 2.67849 56.0457 2.99
    endloop
  endfacet
  facet normal 0.450661 -0.369773 0.81251
    outer loop
      vertex 2.80157 56.1957 2.99
      vertex 2.79303 55.9326 2.875
      vertex 3.63339 55.1028 2.03125
    endloop
  endfacet
  facet normal 0.448317 -0.370182 0.81362
    outer loop
      vertex 2.79303 55.9326 2.875
      vertex 2.80157 56.1957 2.99
      vertex 2.7929 56.1852 2.99
    endloop
  endfacet
  facet normal 0.773281 0.154656 0.614913
    outer loop
      vertex 3.75489 55.2489 2.03125
      vertex 3.78592 55.218 2
      vertex 2.91702 56.0835 2.875
    endloop
  endfacet
  facet normal 0.447833 -0.372376 0.812885
    outer loop
      vertex 3.78592 55.218 2
      vertex 3.75489 55.2489 2.03125
      vertex 3.66452 55.072 2
    endloop
  endfacet
  facet normal 0.065522 -0.672808 0.73691
    outer loop
      vertex 3.44738 56.4839 2.99
      vertex 3.79533 55.9811 2.5
      vertex 3.50591 56.4896 2.99
    endloop
  endfacet
  facet normal 0.0662132 -0.672523 0.737109
    outer loop
      vertex 3.79533 55.9811 2.5
      vertex 3.44738 56.4839 2.99
      vertex 3.33556 56.4496 2.96875
    endloop
  endfacet
  facet normal -0.180127 -0.601846 0.778033
    outer loop
      vertex 84.8974 55.4267 2
      vertex 85.2047 55.9811 2.5
      vertex 84.7143 55.4815 2
    endloop
  endfacet
  facet normal -0.0672216 -0.672216 0.737297
    outer loop
      vertex 85.4921 56.4898 2.99
      vertex 85.2047 55.9811 2.5
      vertex 85.4941 56.4896 2.99
    endloop
  endfacet
  facet normal -0.0664573 -0.672481 0.737124
    outer loop
      vertex 85.2047 55.9811 2.5
      vertex 85.4921 56.4898 2.99
      vertex 84.7143 55.4815 2
    endloop
  endfacet
  facet normal -0.447698 -0.372395 0.81295
    outer loop
      vertex 85.3355 55.072 2
      vertex 86.083 56.0835 2.875
      vertex 85.2451 55.2489 2.03125
    endloop
  endfacet
  facet normal -0.447989 -0.372506 0.812739
    outer loop
      vertex 85.3355 55.072 2
      vertex 85.2451 55.2489 2.03125
      vertex 85.2141 55.218 2
    endloop
  endfacet
  facet normal -0.366595 -0.452859 0.812728
    outer loop
      vertex 85.9937 56.2694 2.9375
      vertex 85.6536 55.9278 2.59375
      vertex 85.2141 55.218 2
    endloop
  endfacet
  facet normal -0.279644 -0.525731 0.803372
    outer loop
      vertex 85.877 56.4117 2.99
      vertex 85.9937 56.2694 2.9375
      vertex 85.9005 56.3992 2.99
    endloop
  endfacet
  facet normal -0.281529 -0.52678 0.802025
    outer loop
      vertex 85.9937 56.2694 2.9375
      vertex 85.877 56.4117 2.99
      vertex 85.6536 55.9278 2.59375
    endloop
  endfacet
  facet normal -0.366631 -0.453005 0.81263
    outer loop
      vertex 85.2141 55.218 2
      vertex 85.1898 55.4619 2.125
      vertex 85.0662 55.3377 2
    endloop
  endfacet
  facet normal -0.193421 -0.580264 0.791127
    outer loop
      vertex 85.8745 56.413 2.99
      vertex 85.1898 55.4619 2.125
      vertex 85.8748 56.4129 2.99
    endloop
  endfacet
  facet normal -0.282562 -0.526087 0.802117
    outer loop
      vertex 85.1898 55.4619 2.125
      vertex 85.8745 56.413 2.99
      vertex 85.0662 55.3377 2
    endloop
  endfacet
  facet normal -0.539107 -0.269553 0.797938
    outer loop
      vertex 86.3224 56.0441 2.99
      vertex 85.5193 54.9972 2.09375
      vertex 86.3225 56.0439 2.99
    endloop
  endfacet
  facet normal -0.525815 -0.283267 0.802046
    outer loop
      vertex 85.5193 54.9972 2.09375
      vertex 86.3224 56.0441 2.99
      vertex 85.4257 54.9055 2
    endloop
  endfacet
  facet normal 0 -0.715261 0.698858
    outer loop
      vertex 85.6129 55.0888 2.1875
      vertex 86.1743 55.6384 2.75
      vertex 85.5193 54.9972 2.09375
    endloop
  endfacet
  facet normal 0.0749592 0.749592 0.657642
    outer loop
      vertex 86.1743 3.3616 2.75
      vertex 85.6129 3.91124 2.1875
      vertex 85.5193 4.00285 2.09375
    endloop
  endfacet
  facet normal -0.525203 0.283043 0.802526
    outer loop
      vertex 86.1743 3.3616 2.75
      vertex 86.3225 2.95611 2.99
      vertex 86.3252 2.96112 2.99
    endloop
  endfacet
  facet normal -0.527324 0.28172 0.8016
    outer loop
      vertex 86.3225 2.95611 2.99
      vertex 86.1743 3.3616 2.75
      vertex 85.5193 4.00285 2.09375
    endloop
  endfacet
  facet normal -0.527242 0.281707 0.801659
    outer loop
      vertex 86.3303 3.20892 2.90625
      vertex 86.3511 3.00952 2.99
      vertex 86.3927 3.14785 2.96875
    endloop
  endfacet
  facet normal -0.525679 0.282224 0.802503
    outer loop
      vertex 86.3511 3.00952 2.99
      vertex 86.3303 3.20892 2.90625
      vertex 86.3313 2.97264 2.99
    endloop
  endfacet
  facet normal -0.599313 0.184772 0.778899
    outer loop
      vertex 86.3303 3.20892 2.90625
      vertex 86.3927 3.14785 2.96875
      vertex 85.4812 4.2751 2
    endloop
  endfacet
  facet normal -0.52474 0.284382 0.802356
    outer loop
      vertex 86.207 3.06737 2.875
      vertex 85.4257 4.09445 2
      vertex 85.3666 3.89723 2.03125
    endloop
  endfacet
  facet normal -0.525715 0.28332 0.802093
    outer loop
      vertex 86.3224 2.95593 2.99
      vertex 86.207 3.06737 2.875
      vertex 86.3215 2.95426 2.99
    endloop
  endfacet
  facet normal -0.525411 0.283702 0.802158
    outer loop
      vertex 86.207 3.06737 2.875
      vertex 86.3224 2.95593 2.99
      vertex 85.4257 4.09445 2
    endloop
  endfacet
  facet normal -0.183185 0.599515 0.779118
    outer loop
      vertex 85.6871 2.52976 2.99
      vertex 85.6644 2.55044 2.96875
      vertex 85.6853 2.52921 2.99
    endloop
  endfacet
  facet normal -0.179985 0.601902 0.778023
    outer loop
      vertex 85.6644 2.55044 2.96875
      vertex 85.6871 2.52976 2.99
      vertex 84.8974 3.5733 2
    endloop
  endfacet
  facet normal -0.066242 0.672557 0.737075
    outer loop
      vertex 85.6853 2.52921 2.99
      vertex 85.6644 2.55044 2.96875
      vertex 85.5526 2.51614 2.99
    endloop
  endfacet
  facet normal -0.289855 0.522689 0.801736
    outer loop
      vertex 85.6536 3.07224 2.59375
      vertex 85.8748 2.58711 2.99
      vertex 85.877 2.58833 2.99
    endloop
  endfacet
  facet normal -0.281591 0.526712 0.802048
    outer loop
      vertex 85.8748 2.58711 2.99
      vertex 85.6536 3.07224 2.59375
      vertex 85.1898 3.53807 2.125
    endloop
  endfacet
  facet normal -0.366527 0.4529 0.812736
    outer loop
      vertex 85.6536 3.07224 2.59375
      vertex 85.2141 3.78205 2
      vertex 85.1898 3.53807 2.125
    endloop
  endfacet
  facet normal 0.600248 -0.183659 0.778442
    outer loop
      vertex 3.51876 54.7249 2
      vertex 2.6697 55.7911 2.90625
      vertex 2.60731 55.8521 2.96875
    endloop
  endfacet
  facet normal 0.600181 -0.183389 0.778557
    outer loop
      vertex 2.58555 55.8711 2.99
      vertex 2.60731 55.8521 2.96875
      vertex 2.5861 55.8729 2.99
    endloop
  endfacet
  facet normal 0.59922 -0.184915 0.778937
    outer loop
      vertex 2.60731 55.8521 2.96875
      vertex 2.58555 55.8711 2.99
      vertex 3.51876 54.7249 2
    endloop
  endfacet
  facet normal 0.59953 -0.184407 0.778818
    outer loop
      vertex 3.51876 54.7249 2
      vertex 3.57431 54.9055 2
      vertex 3.48073 54.9972 2.09375
    endloop
  endfacet
  facet normal 0 0.727013 -0.686624
    outer loop
      vertex 3.38715 55.0888 2.1875
      vertex 3.48073 54.9972 2.09375
      vertex 2.82567 55.6384 2.75
    endloop
  endfacet
  facet normal -0.590912 -0.196971 0.782321
    outer loop
      vertex 86.3927 55.8521 2.96875
      vertex 86.4145 55.8711 2.99
      vertex 86.4139 55.8729 2.99
    endloop
  endfacet
  facet normal -0.596549 -0.188144 0.780212
    outer loop
      vertex 86.4145 55.8711 2.99
      vertex 86.3927 55.8521 2.96875
      vertex 85.4812 54.7249 2
    endloop
  endfacet
  facet normal -0.600006 -0.183932 0.778564
    outer loop
      vertex 86.3927 55.8521 2.96875
      vertex 86.3303 55.7911 2.90625
      vertex 85.4812 54.7249 2
    endloop
  endfacet
  facet normal -0.524737 -0.284272 0.802397
    outer loop
      vertex 85.4257 54.9055 2
      vertex 85.3666 55.1028 2.03125
      vertex 85.3355 55.072 2
    endloop
  endfacet
  facet normal -0.755345 0 0.655328
    outer loop
      vertex 86.1984 56.1958 2.99
      vertex 85.3666 55.1028 2.03125
      vertex 86.1984 56.1957 2.99
    endloop
  endfacet
  facet normal -0.449115 -0.371132 0.812747
    outer loop
      vertex 85.3666 55.1028 2.03125
      vertex 86.1984 56.1958 2.99
      vertex 85.3355 55.072 2
    endloop
  endfacet
  facet normal -0.524711 -0.283344 0.802742
    outer loop
      vertex 86.3225 56.0439 2.99
      vertex 86.1743 55.6384 2.75
      vertex 86.3252 56.0389 2.99
    endloop
  endfacet
  facet normal -0.527359 -0.281692 0.801587
    outer loop
      vertex 86.1743 55.6384 2.75
      vertex 86.3225 56.0439 2.99
      vertex 85.5193 54.9972 2.09375
    endloop
  endfacet
  facet normal -0.530214 -0.281244 0.799859
    outer loop
      vertex 86.3252 56.0389 2.99
      vertex 86.3303 55.7911 2.90625
      vertex 86.3313 56.0274 2.99
    endloop
  endfacet
  facet normal -0.527139 -0.281801 0.801694
    outer loop
      vertex 86.3303 55.7911 2.90625
      vertex 86.3252 56.0389 2.99
      vertex 86.1743 55.6384 2.75
    endloop
  endfacet
  facet normal -0.599671 0.184243 0.778749
    outer loop
      vertex 85.5193 4.00285 2.09375
      vertex 85.6129 3.91124 2.1875
      vertex 85.4812 4.2751 2
    endloop
  endfacet
  facet normal -0.599903 0.184086 0.778607
    outer loop
      vertex 85.6129 3.91124 2.1875
      vertex 86.1743 3.3616 2.75
      vertex 85.4812 4.2751 2
    endloop
  endfacet
  facet normal -0.591083 0.197028 0.782177
    outer loop
      vertex 86.4145 3.12889 2.99
      vertex 86.3927 3.14785 2.96875
      vertex 86.4139 3.12709 2.99
    endloop
  endfacet
  facet normal -0.597422 0.187077 0.779801
    outer loop
      vertex 86.3927 3.14785 2.96875
      vertex 86.4145 3.12889 2.99
      vertex 85.4812 4.2751 2
    endloop
  endfacet
  facet normal -0.527476 0.281751 0.801489
    outer loop
      vertex 86.4139 3.12709 2.99
      vertex 86.3927 3.14785 2.96875
      vertex 86.3511 3.00952 2.99
    endloop
  endfacet
  facet normal -0.278625 0.528717 0.801765
    outer loop
      vertex 85.39 3.07471 2.5
      vertex 85.7903 2.66961 2.90625
      vertex 85.0662 3.66229 2
    endloop
  endfacet
  facet normal -0.278118 0.529048 0.801722
    outer loop
      vertex 85.7903 2.66961 2.90625
      vertex 85.8519 2.60728 2.96875
      vertex 85.0662 3.66229 2
    endloop
  endfacet
  facet normal -0.180143 0.601813 0.778055
    outer loop
      vertex 85.2047 3.01886 2.5
      vertex 85.6644 2.55044 2.96875
      vertex 84.8974 3.5733 2
    endloop
  endfacet
  facet normal -0.0662477 0.672568 0.737064
    outer loop
      vertex 85.2047 3.01886 2.5
      vertex 85.5526 2.51614 2.99
      vertex 85.6644 2.55044 2.96875
    endloop
  endfacet
  facet normal -0.0662231 0.672579 0.737057
    outer loop
      vertex 85.5526 2.51614 2.99
      vertex 85.2047 3.01886 2.5
      vertex 85.4941 2.51038 2.99
    endloop
  endfacet
  facet normal 0.59968 -0.184351 0.778716
    outer loop
      vertex 3.51876 54.7249 2
      vertex 3.48073 54.9972 2.09375
      vertex 3.38715 55.0888 2.1875
    endloop
  endfacet
  facet normal 0.59968 -0.184351 0.778716
    outer loop
      vertex 3.51876 54.7249 2
      vertex 3.38715 55.0888 2.1875
      vertex 2.82567 55.6384 2.75
    endloop
  endfacet
  facet normal 0.181638 -0.600605 0.778641
    outer loop
      vertex 3.25474 56.4526 2.99
      vertex 3.20969 56.3304 2.90625
      vertex 3.29475 56.4647 2.99
    endloop
  endfacet
  facet normal 0.182318 -0.600698 0.77841
    outer loop
      vertex 3.20969 56.3304 2.90625
      vertex 3.25474 56.4526 2.99
      vertex 3.14811 56.3927 2.96875
    endloop
  endfacet
  facet normal 0.279599 -0.528063 0.801857
    outer loop
      vertex 3.93385 55.3377 2
      vertex 3.20969 56.3304 2.90625
      vertex 3.14811 56.3927 2.96875
    endloop
  endfacet
  facet normal -0.524827 -0.284289 0.802332
    outer loop
      vertex 85.4257 54.9055 2
      vertex 86.207 55.9326 2.875
      vertex 85.3666 55.1028 2.03125
    endloop
  endfacet
  facet normal -0.447124 -0.370474 0.814143
    outer loop
      vertex 86.1984 56.1957 2.99
      vertex 86.207 55.9326 2.875
      vertex 86.2071 56.1852 2.99
    endloop
  endfacet
  facet normal -0.45055 -0.369878 0.812524
    outer loop
      vertex 86.207 55.9326 2.875
      vertex 86.1984 56.1957 2.99
      vertex 85.3666 55.1028 2.03125
    endloop
  endfacet
  facet normal -0.599939 -0.184043 0.778589
    outer loop
      vertex 86.1743 55.6384 2.75
      vertex 85.6129 55.0888 2.1875
      vertex 85.4812 54.7249 2
    endloop
  endfacet
  facet normal -0.599714 -0.184196 0.778726
    outer loop
      vertex 85.6129 55.0888 2.1875
      vertex 85.5193 54.9972 2.09375
      vertex 85.4812 54.7249 2
    endloop
  endfacet
  facet normal 0.278793 -0.52859 0.80179
    outer loop
      vertex 3.93385 55.3377 2
      vertex 3.60997 55.9253 2.5
      vertex 3.20969 56.3304 2.90625
    endloop
  endfacet
  facet normal 0.18503 -0.601718 0.77698
    outer loop
      vertex 3.20969 56.3304 2.90625
      vertex 3.31101 56.4697 2.99
      vertex 3.29475 56.4647 2.99
    endloop
  endfacet
  facet normal 0.182259 -0.600611 0.778491
    outer loop
      vertex 3.31101 56.4697 2.99
      vertex 3.20969 56.3304 2.90625
      vertex 3.60997 55.9253 2.5
    endloop
  endfacet
  facet normal 0.280622 -0.526946 0.802234
    outer loop
      vertex 3.12548 56.413 2.99
      vertex 3.14811 56.3927 2.96875
      vertex 3.12717 56.4139 2.99
    endloop
  endfacet
  facet normal 0.278562 -0.528751 0.801764
    outer loop
      vertex 3.14811 56.3927 2.96875
      vertex 3.12548 56.413 2.99
      vertex 3.93385 55.3377 2
    endloop
  endfacet
  facet normal 0.182169 -0.600499 0.778598
    outer loop
      vertex 3.14811 56.3927 2.96875
      vertex 3.25474 56.4526 2.99
      vertex 3.12717 56.4139 2.99
    endloop
  endfacet
  facet normal 0.956947 0.290262 0
    outer loop
      vertex 2.57612 3.11732 12
      vertex 2.51922 3.30491 2.99
      vertex 2.51922 3.30491 12
    endloop
  endfacet
  facet normal 0.956947 0.290262 0
    outer loop
      vertex 2.51922 3.30491 2.99
      vertex 2.57612 3.11732 12
      vertex 2.57612 3.11732 2.99
    endloop
  endfacet
  facet normal 0.995182 0.098044 0
    outer loop
      vertex 2.51922 3.30491 12
      vertex 2.5 3.5 2.99
      vertex 2.5 3.5 12
    endloop
  endfacet
  facet normal 0.995182 0.098044 0
    outer loop
      vertex 2.5 3.5 2.99
      vertex 2.51922 3.30491 12
      vertex 2.51922 3.30491 2.99
    endloop
  endfacet
  facet normal -1 0 0
    outer loop
      vertex 86.5 3.5 2.99
      vertex 86.5 55.5 12
      vertex 86.5 55.5 2.99
    endloop
  endfacet
  facet normal -1 -0 0
    outer loop
      vertex 86.5 55.5 12
      vertex 86.5 3.5 2.99
      vertex 86.5 3.5 12
    endloop
  endfacet
  facet normal 0 -1 0
    outer loop
      vertex 3.5 56.5 2.99
      vertex 85.5 56.5 12
      vertex 3.5 56.5 12
    endloop
  endfacet
  facet normal 0 -1 -0
    outer loop
      vertex 85.5 56.5 12
      vertex 3.5 56.5 2.99
      vertex 85.5 56.5 2.99
    endloop
  endfacet
  facet normal 0.634376 0.773025 -0
    outer loop
      vertex 2.94443 2.66853 2.99
      vertex 2.79289 2.79289 12
      vertex 2.94443 2.66853 12
    endloop
  endfacet
  facet normal 0.634376 0.773025 0
    outer loop
      vertex 2.79289 2.79289 12
      vertex 2.94443 2.66853 2.99
      vertex 2.79289 2.79289 2.99
    endloop
  endfacet
  facet normal -0.471329 -0.881957 0
    outer loop
      vertex 85.8827 56.4239 2.99
      vertex 86.0556 56.3315 12
      vertex 85.8827 56.4239 12
    endloop
  endfacet
  facet normal -0.471329 -0.881957 -0
    outer loop
      vertex 86.0556 56.3315 12
      vertex 85.8827 56.4239 2.99
      vertex 86.0556 56.3315 2.99
    endloop
  endfacet
  facet normal 0.634498 -0.772925 0
    outer loop
      vertex 2.79289 56.2071 2.99
      vertex 2.94443 56.3315 12
      vertex 2.79289 56.2071 12
    endloop
  endfacet
  facet normal 0.634498 -0.772925 0
    outer loop
      vertex 2.94443 56.3315 12
      vertex 2.79289 56.2071 2.99
      vertex 2.94443 56.3315 2.99
    endloop
  endfacet
  facet normal 1 -0 0
    outer loop
      vertex 2.5 3.5 12
      vertex 2.5 55.5 2.99
      vertex 2.5 55.5 12
    endloop
  endfacet
  facet normal 1 0 0
    outer loop
      vertex 2.5 55.5 2.99
      vertex 2.5 3.5 12
      vertex 2.5 3.5 2.99
    endloop
  endfacet
  facet normal -0.098039 0.995183 0
    outer loop
      vertex 85.6951 2.51922 2.99
      vertex 85.5 2.5 12
      vertex 85.6951 2.51922 12
    endloop
  endfacet
  facet normal -0.098039 0.995183 0
    outer loop
      vertex 85.5 2.5 12
      vertex 85.6951 2.51922 2.99
      vertex 85.5 2.5 2.99
    endloop
  endfacet
  facet normal 0.290262 -0.956947 0
    outer loop
      vertex 3.11732 56.4239 2.99
      vertex 3.30491 56.4808 12
      vertex 3.11732 56.4239 12
    endloop
  endfacet
  facet normal 0.290262 -0.956947 0
    outer loop
      vertex 3.30491 56.4808 12
      vertex 3.11732 56.4239 2.99
      vertex 3.30491 56.4808 2.99
    endloop
  endfacet
  facet normal 0 1 -0
    outer loop
      vertex 85.5 2.5 2.99
      vertex 3.5 2.5 12
      vertex 85.5 2.5 12
    endloop
  endfacet
  facet normal 0 1 0
    outer loop
      vertex 3.5 2.5 12
      vertex 85.5 2.5 2.99
      vertex 3.5 2.5 2.99
    endloop
  endfacet
  facet normal -0.634476 0.772942 0
    outer loop
      vertex 86.2071 2.79289 2.99
      vertex 86.0556 2.66853 12
      vertex 86.2071 2.79289 12
    endloop
  endfacet
  facet normal -0.634476 0.772942 0
    outer loop
      vertex 86.0556 2.66853 12
      vertex 86.2071 2.79289 2.99
      vertex 86.0556 2.66853 2.99
    endloop
  endfacet
  facet normal -0.772925 0.634498 0
    outer loop
      vertex 86.2071 2.79289 2.99
      vertex 86.3315 2.94443 12
      vertex 86.3315 2.94443 2.99
    endloop
  endfacet
  facet normal -0.772925 0.634498 0
    outer loop
      vertex 86.3315 2.94443 12
      vertex 86.2071 2.79289 2.99
      vertex 86.2071 2.79289 12
    endloop
  endfacet
  facet normal -0.772842 -0.634598 0
    outer loop
      vertex 86.3315 56.0556 2.99
      vertex 86.2071 56.2071 12
      vertex 86.2071 56.2071 2.99
    endloop
  endfacet
  facet normal -0.772842 -0.634598 0
    outer loop
      vertex 86.2071 56.2071 12
      vertex 86.3315 56.0556 2.99
      vertex 86.3315 56.0556 12
    endloop
  endfacet
  facet normal 0.772942 -0.634476 0
    outer loop
      vertex 2.66853 56.0556 12
      vertex 2.79289 56.2071 2.99
      vertex 2.79289 56.2071 12
    endloop
  endfacet
  facet normal 0.772942 -0.634476 0
    outer loop
      vertex 2.79289 56.2071 2.99
      vertex 2.66853 56.0556 12
      vertex 2.66853 56.0556 2.99
    endloop
  endfacet
  facet normal -0.881957 -0.471329 0
    outer loop
      vertex 86.4239 55.8827 2.99
      vertex 86.3315 56.0556 12
      vertex 86.3315 56.0556 2.99
    endloop
  endfacet
  facet normal -0.881957 -0.471329 0
    outer loop
      vertex 86.3315 56.0556 12
      vertex 86.4239 55.8827 2.99
      vertex 86.4239 55.8827 12
    endloop
  endfacet
  facet normal -0.471369 0.881936 0
    outer loop
      vertex 86.0556 2.66853 2.99
      vertex 85.8827 2.57612 12
      vertex 86.0556 2.66853 12
    endloop
  endfacet
  facet normal -0.471369 0.881936 0
    outer loop
      vertex 85.8827 2.57612 12
      vertex 86.0556 2.66853 2.99
      vertex 85.8827 2.57612 2.99
    endloop
  endfacet
  facet normal -0.956947 0.290262 0
    outer loop
      vertex 86.4239 3.11732 2.99
      vertex 86.4808 3.30491 12
      vertex 86.4808 3.30491 2.99
    endloop
  endfacet
  facet normal -0.956947 0.290262 0
    outer loop
      vertex 86.4808 3.30491 12
      vertex 86.4239 3.11732 2.99
      vertex 86.4239 3.11732 12
    endloop
  endfacet
  facet normal 0.881925 0.47139 0
    outer loop
      vertex 2.66853 2.94443 12
      vertex 2.57612 3.11732 2.99
      vertex 2.57612 3.11732 12
    endloop
  endfacet
  facet normal 0.881925 0.47139 0
    outer loop
      vertex 2.57612 3.11732 2.99
      vertex 2.66853 2.94443 12
      vertex 2.66853 2.94443 2.99
    endloop
  endfacet
  facet normal 0 0 1
    outer loop
      vertex 86.5 55.5 2.99
      vertex 86.49 55.4904 2.99
      vertex 86.5 3.5 2.99
    endloop
  endfacet
  facet normal -0 0 1
    outer loop
      vertex 86.471 55.6832 2.99
      vertex 86.5 55.5 2.99
      vertex 86.4808 55.6951 2.99
    endloop
  endfacet
  facet normal 0 0 1
    outer loop
      vertex 86.5 55.5 2.99
      vertex 86.471 55.6832 2.99
      vertex 86.49 55.4904 2.99
    endloop
  endfacet
  facet normal 0 0 1
    outer loop
      vertex 86.4808 55.6951 2.99
      vertex 86.471 55.6835 2.99
      vertex 86.471 55.6832 2.99
    endloop
  endfacet
  facet normal 0 0 1
    outer loop
      vertex 86.4808 55.6951 2.99
      vertex 86.4708 55.6854 2.99
      vertex 86.471 55.6835 2.99
    endloop
  endfacet
  facet normal -0 0 1
    outer loop
      vertex 86.4145 55.8709 2.99
      vertex 86.4808 55.6951 2.99
      vertex 86.4239 55.8827 2.99
    endloop
  endfacet
  facet normal 0 0 1
    outer loop
      vertex 86.4808 55.6951 2.99
      vertex 86.4145 55.8709 2.99
      vertex 86.4708 55.6854 2.99
    endloop
  endfacet
  facet normal 0 0 1
    outer loop
      vertex 86.4239 55.8827 2.99
      vertex 86.4145 55.8711 2.99
      vertex 86.4145 55.8709 2.99
    endloop
  endfacet
  facet normal 0 0 1
    outer loop
      vertex 86.4239 55.8827 2.99
      vertex 86.4139 55.8729 2.99
      vertex 86.4145 55.8711 2.99
    endloop
  endfacet
  facet normal 0 0 1
    outer loop
      vertex 86.4239 55.8827 2.99
      vertex 86.3511 55.9905 2.99
      vertex 86.4139 55.8729 2.99
    endloop
  endfacet
  facet normal 0 0 1
    outer loop
      vertex 86.3315 56.0556 2.99
      vertex 86.3511 55.9905 2.99
      vertex 86.4239 55.8827 2.99
    endloop
  endfacet
  facet normal 0 0 1
    outer loop
      vertex 86.3315 56.0556 2.99
      vertex 86.3313 56.0274 2.99
      vertex 86.3511 55.9905 2.99
    endloop
  endfacet
  facet normal 0 0 1
    outer loop
      vertex 86.3315 56.0556 2.99
      vertex 86.3252 56.0389 2.99
      vertex 86.3313 56.0274 2.99
    endloop
  endfacet
  facet normal 0 0 1
    outer loop
      vertex 86.3315 56.0556 2.99
      vertex 86.3225 56.0439 2.99
      vertex 86.3252 56.0389 2.99
    endloop
  endfacet
  facet normal 0 0 1
    outer loop
      vertex 86.3315 56.0556 2.99
      vertex 86.3224 56.0441 2.99
      vertex 86.3225 56.0439 2.99
    endloop
  endfacet
  facet normal 0 0 1
    outer loop
      vertex 86.3315 56.0556 2.99
      vertex 86.3215 56.0457 2.99
      vertex 86.3224 56.0441 2.99
    endloop
  endfacet
  facet normal -0 0 1
    outer loop
      vertex 86.2071 56.1852 2.99
      vertex 86.3315 56.0556 2.99
      vertex 86.2071 56.2071 2.99
    endloop
  endfacet
  facet normal 0 0 1
    outer loop
      vertex 86.3315 56.0556 2.99
      vertex 86.2071 56.1852 2.99
      vertex 86.3215 56.0457 2.99
    endloop
  endfacet
  facet normal 0 0 1
    outer loop
      vertex 86.2071 56.2071 2.99
      vertex 86.1984 56.1957 2.99
      vertex 86.2071 56.1852 2.99
    endloop
  endfacet
  facet normal 0 0 1
    outer loop
      vertex 86.2071 56.2071 2.99
      vertex 86.1984 56.1958 2.99
      vertex 86.1984 56.1957 2.99
    endloop
  endfacet
  facet normal 0 0 1
    outer loop
      vertex 86.2071 56.2071 2.99
      vertex 86.1972 56.1972 2.99
      vertex 86.1984 56.1958 2.99
    endloop
  endfacet
  facet normal 0 0 1
    outer loop
      vertex 86.2071 56.2071 2.99
      vertex 86.0578 56.3116 2.99
      vertex 86.1972 56.1972 2.99
    endloop
  endfacet
  facet normal 0 0 1
    outer loop
      vertex 86.0556 56.3315 2.99
      vertex 86.0578 56.3116 2.99
      vertex 86.2071 56.2071 2.99
    endloop
  endfacet
  facet normal 0 0 1
    outer loop
      vertex 86.0556 56.3315 2.99
      vertex 86.0472 56.3203 2.99
      vertex 86.0578 56.3116 2.99
    endloop
  endfacet
  facet normal 0 0 1
    outer loop
      vertex 86.0556 56.3315 2.99
      vertex 86.0457 56.3215 2.99
      vertex 86.0472 56.3203 2.99
    endloop
  endfacet
  facet normal 0 0 1
    outer loop
      vertex 86.0556 56.3315 2.99
      vertex 85.9005 56.3992 2.99
      vertex 86.0457 56.3215 2.99
    endloop
  endfacet
  facet normal 0 0 1
    outer loop
      vertex 85.8827 56.4239 2.99
      vertex 85.9005 56.3992 2.99
      vertex 86.0556 56.3315 2.99
    endloop
  endfacet
  facet normal 0 0 1
    outer loop
      vertex 85.8827 56.4239 2.99
      vertex 85.877 56.4117 2.99
      vertex 85.9005 56.3992 2.99
    endloop
  endfacet
  facet normal 0 0 1
    outer loop
      vertex 85.8827 56.4239 2.99
      vertex 85.8748 56.4129 2.99
      vertex 85.877 56.4117 2.99
    endloop
  endfacet
  facet normal 0 0 1
    outer loop
      vertex 85.8827 56.4239 2.99
      vertex 85.8745 56.413 2.99
      vertex 85.8748 56.4129 2.99
    endloop
  endfacet
  facet normal 0 0 1
    outer loop
      vertex 85.8827 56.4239 2.99
      vertex 85.8728 56.4139 2.99
      vertex 85.8745 56.413 2.99
    endloop
  endfacet
  facet normal 0 0 1
    outer loop
      vertex 85.8827 56.4239 2.99
      vertex 85.7453 56.4526 2.99
      vertex 85.8728 56.4139 2.99
    endloop
  endfacet
  facet normal 0 0 1
    outer loop
      vertex 85.6951 56.4808 2.99
      vertex 85.7453 56.4526 2.99
      vertex 85.8827 56.4239 2.99
    endloop
  endfacet
  facet normal 0 0 1
    outer loop
      vertex 85.7453 56.4526 2.99
      vertex 85.6951 56.4808 2.99
      vertex 85.7052 56.4647 2.99
    endloop
  endfacet
  facet normal 0 0 1
    outer loop
      vertex 85.6951 56.4808 2.99
      vertex 85.689 56.4697 2.99
      vertex 85.7052 56.4647 2.99
    endloop
  endfacet
  facet normal 0 0 1
    outer loop
      vertex 85.6951 56.4808 2.99
      vertex 85.6871 56.4702 2.99
      vertex 85.689 56.4697 2.99
    endloop
  endfacet
  facet normal 0 0 1
    outer loop
      vertex 85.6951 56.4808 2.99
      vertex 85.6853 56.4708 2.99
      vertex 85.6871 56.4702 2.99
    endloop
  endfacet
  facet normal 0 0 1
    outer loop
      vertex 85.6951 56.4808 2.99
      vertex 85.5526 56.4839 2.99
      vertex 85.6853 56.4708 2.99
    endloop
  endfacet
  facet normal 0 0 1
    outer loop
      vertex 85.5 56.5 2.99
      vertex 85.5526 56.4839 2.99
      vertex 85.6951 56.4808 2.99
    endloop
  endfacet
  facet normal 0 0 1
    outer loop
      vertex 85.5 56.5 2.99
      vertex 85.4941 56.4896 2.99
      vertex 85.5526 56.4839 2.99
    endloop
  endfacet
  facet normal 0 0 1
    outer loop
      vertex 85.5 56.5 2.99
      vertex 85.4921 56.4898 2.99
      vertex 85.4941 56.4896 2.99
    endloop
  endfacet
  facet normal 0 0 1
    outer loop
      vertex 85.5 56.5 2.99
      vertex 85.4902 56.49 2.99
      vertex 85.4921 56.4898 2.99
    endloop
  endfacet
  facet normal 0 0 1
    outer loop
      vertex 85.5 56.5 2.99
      vertex 3.50976 56.49 2.99
      vertex 85.4902 56.49 2.99
    endloop
  endfacet
  facet normal 0 0 1
    outer loop
      vertex 3.5 56.5 2.99
      vertex 3.50786 56.4898 2.99
      vertex 3.50976 56.49 2.99
    endloop
  endfacet
  facet normal -0 0 1
    outer loop
      vertex 3.5 56.5 2.99
      vertex 3.50976 56.49 2.99
      vertex 85.5 56.5 2.99
    endloop
  endfacet
  facet normal 0 0 1
    outer loop
      vertex 3.50786 56.4898 2.99
      vertex 3.5 56.5 2.99
      vertex 3.50591 56.4896 2.99
    endloop
  endfacet
  facet normal 0 0 1
    outer loop
      vertex 3.5 56.5 2.99
      vertex 3.44738 56.4839 2.99
      vertex 3.50591 56.4896 2.99
    endloop
  endfacet
  facet normal 0 0 1
    outer loop
      vertex 3.30491 56.4808 2.99
      vertex 3.44738 56.4839 2.99
      vertex 3.5 56.5 2.99
    endloop
  endfacet
  facet normal 0 0 1
    outer loop
      vertex 3.44738 56.4839 2.99
      vertex 3.30491 56.4808 2.99
      vertex 3.31472 56.4708 2.99
    endloop
  endfacet
  facet normal 0 0 1
    outer loop
      vertex 3.30491 56.4808 2.99
      vertex 3.31289 56.4702 2.99
      vertex 3.31472 56.4708 2.99
    endloop
  endfacet
  facet normal 0 0 1
    outer loop
      vertex 3.30491 56.4808 2.99
      vertex 3.31101 56.4697 2.99
      vertex 3.31289 56.4702 2.99
    endloop
  endfacet
  facet normal 0 0 1
    outer loop
      vertex 3.30491 56.4808 2.99
      vertex 3.29475 56.4647 2.99
      vertex 3.31101 56.4697 2.99
    endloop
  endfacet
  facet normal 0 0 1
    outer loop
      vertex 3.30491 56.4808 2.99
      vertex 3.25474 56.4526 2.99
      vertex 3.29475 56.4647 2.99
    endloop
  endfacet
  facet normal 0 0 1
    outer loop
      vertex 3.11732 56.4239 2.99
      vertex 3.25474 56.4526 2.99
      vertex 3.30491 56.4808 2.99
    endloop
  endfacet
  facet normal 0 0 1
    outer loop
      vertex 3.11732 56.4239 2.99
      vertex 3.12548 56.413 2.99
      vertex 3.12717 56.4139 2.99
    endloop
  endfacet
  facet normal 0 0 1
    outer loop
      vertex 3.25474 56.4526 2.99
      vertex 3.11732 56.4239 2.99
      vertex 3.12717 56.4139 2.99
    endloop
  endfacet
  facet normal 0 0 1
    outer loop
      vertex 3.12548 56.413 2.99
      vertex 3.11732 56.4239 2.99
      vertex 3.12523 56.4129 2.99
    endloop
  endfacet
  facet normal 0 0 1
    outer loop
      vertex 3.11732 56.4239 2.99
      vertex 3.12296 56.4117 2.99
      vertex 3.12523 56.4129 2.99
    endloop
  endfacet
  facet normal 0 0 1
    outer loop
      vertex 3.11732 56.4239 2.99
      vertex 3.09955 56.3992 2.99
      vertex 3.12296 56.4117 2.99
    endloop
  endfacet
  facet normal 0 0 1
    outer loop
      vertex 2.94443 56.3315 2.99
      vertex 3.09955 56.3992 2.99
      vertex 3.11732 56.4239 2.99
    endloop
  endfacet
  facet normal 0 0 1
    outer loop
      vertex 3.09955 56.3992 2.99
      vertex 2.94443 56.3315 2.99
      vertex 2.95432 56.3215 2.99
    endloop
  endfacet
  facet normal 0 0 1
    outer loop
      vertex 2.94443 56.3315 2.99
      vertex 2.95284 56.3203 2.99
      vertex 2.95432 56.3215 2.99
    endloop
  endfacet
  facet normal 0 0 1
    outer loop
      vertex 2.94443 56.3315 2.99
      vertex 2.94224 56.3116 2.99
      vertex 2.95284 56.3203 2.99
    endloop
  endfacet
  facet normal 0 0 1
    outer loop
      vertex 2.79289 56.2071 2.99
      vertex 2.94224 56.3116 2.99
      vertex 2.94443 56.3315 2.99
    endloop
  endfacet
  facet normal 0 0 1
    outer loop
      vertex 2.79289 56.2071 2.99
      vertex 2.80161 56.1958 2.99
      vertex 2.80282 56.1972 2.99
    endloop
  endfacet
  facet normal 0 0 1
    outer loop
      vertex 2.94224 56.3116 2.99
      vertex 2.79289 56.2071 2.99
      vertex 2.80282 56.1972 2.99
    endloop
  endfacet
  facet normal 0 0 1
    outer loop
      vertex 2.80161 56.1958 2.99
      vertex 2.79289 56.2071 2.99
      vertex 2.80157 56.1957 2.99
    endloop
  endfacet
  facet normal 0 0 1
    outer loop
      vertex 2.79289 56.2071 2.99
      vertex 2.7929 56.1852 2.99
      vertex 2.80157 56.1957 2.99
    endloop
  endfacet
  facet normal 0 0 1
    outer loop
      vertex 2.66853 56.0556 2.99
      vertex 2.7929 56.1852 2.99
      vertex 2.79289 56.2071 2.99
    endloop
  endfacet
  facet normal 0 0 1
    outer loop
      vertex 2.66853 56.0556 2.99
      vertex 2.67749 56.0439 2.99
      vertex 2.67759 56.0441 2.99
    endloop
  endfacet
  facet normal 0 0 1
    outer loop
      vertex 2.67749 56.0439 2.99
      vertex 2.66853 56.0556 2.99
      vertex 2.67482 56.0389 2.99
    endloop
  endfacet
  facet normal 0 0 1
    outer loop
      vertex 2.7929 56.1852 2.99
      vertex 2.66853 56.0556 2.99
      vertex 2.67849 56.0457 2.99
    endloop
  endfacet
  facet normal 0 0 1
    outer loop
      vertex 2.66853 56.0556 2.99
      vertex 2.67759 56.0441 2.99
      vertex 2.67849 56.0457 2.99
    endloop
  endfacet
  facet normal 0 0 1
    outer loop
      vertex 2.67482 56.0389 2.99
      vertex 2.66853 56.0556 2.99
      vertex 2.66866 56.0274 2.99
    endloop
  endfacet
  facet normal 0 0 1
    outer loop
      vertex 2.66853 56.0556 2.99
      vertex 2.64894 55.9905 2.99
      vertex 2.66866 56.0274 2.99
    endloop
  endfacet
  facet normal 0 0 1
    outer loop
      vertex 2.57612 55.8827 2.99
      vertex 2.64894 55.9905 2.99
      vertex 2.66853 56.0556 2.99
    endloop
  endfacet
  facet normal 0 0 1
    outer loop
      vertex 2.64894 55.9905 2.99
      vertex 2.57612 55.8827 2.99
      vertex 2.5861 55.8729 2.99
    endloop
  endfacet
  facet normal 0 0 1
    outer loop
      vertex 2.57612 55.8827 2.99
      vertex 2.58555 55.8711 2.99
      vertex 2.5861 55.8729 2.99
    endloop
  endfacet
  facet normal 0 0 1
    outer loop
      vertex 2.57612 55.8827 2.99
      vertex 2.58549 55.8709 2.99
      vertex 2.58555 55.8711 2.99
    endloop
  endfacet
  facet normal 0 0 1
    outer loop
      vertex 2.51922 55.6951 2.99
      vertex 2.58549 55.8709 2.99
      vertex 2.57612 55.8827 2.99
    endloop
  endfacet
  facet normal 0 0 1
    outer loop
      vertex 2.58549 55.8709 2.99
      vertex 2.51922 55.6951 2.99
      vertex 2.52921 55.6854 2.99
    endloop
  endfacet
  facet normal 0 0 1
    outer loop
      vertex 2.51922 55.6951 2.99
      vertex 2.52902 55.6835 2.99
      vertex 2.52921 55.6854 2.99
    endloop
  endfacet
  facet normal 0 0 1
    outer loop
      vertex 2.51922 55.6951 2.99
      vertex 2.52899 55.6832 2.99
      vertex 2.52902 55.6835 2.99
    endloop
  endfacet
  facet normal 0 0 1
    outer loop
      vertex 2.5 55.5 2.99
      vertex 2.52899 55.6832 2.99
      vertex 2.51922 55.6951 2.99
    endloop
  endfacet
  facet normal 0 0 1
    outer loop
      vertex 2.51 55.4904 2.99
      vertex 2.5 55.5 2.99
      vertex 2.51 3.50963 2.99
    endloop
  endfacet
  facet normal 0 0 1
    outer loop
      vertex 2.52899 55.6832 2.99
      vertex 2.5 55.5 2.99
      vertex 2.51 55.4904 2.99
    endloop
  endfacet
  facet normal -0 0 1
    outer loop
      vertex 86.49 3.50963 2.99
      vertex 86.5 3.5 2.99
      vertex 86.49 55.4904 2.99
    endloop
  endfacet
  facet normal 0 0 1
    outer loop
      vertex 86.471 3.31685 2.99
      vertex 86.5 3.5 2.99
      vertex 86.49 3.50963 2.99
    endloop
  endfacet
  facet normal 0 0 1
    outer loop
      vertex 86.5 3.5 2.99
      vertex 86.471 3.31685 2.99
      vertex 86.4808 3.30491 2.99
    endloop
  endfacet
  facet normal -0 0 1
    outer loop
      vertex 86.471 3.31649 2.99
      vertex 86.4808 3.30491 2.99
      vertex 86.471 3.31685 2.99
    endloop
  endfacet
  facet normal -0 0 1
    outer loop
      vertex 86.4708 3.31461 2.99
      vertex 86.4808 3.30491 2.99
      vertex 86.471 3.31649 2.99
    endloop
  endfacet
  facet normal 0 0 1
    outer loop
      vertex 86.4145 3.12909 2.99
      vertex 86.4808 3.30491 2.99
      vertex 86.4708 3.31461 2.99
    endloop
  endfacet
  facet normal 0 0 1
    outer loop
      vertex 86.4808 3.30491 2.99
      vertex 86.4145 3.12909 2.99
      vertex 86.4239 3.11732 2.99
    endloop
  endfacet
  facet normal -0 0 1
    outer loop
      vertex 86.4145 3.12889 2.99
      vertex 86.4239 3.11732 2.99
      vertex 86.4145 3.12909 2.99
    endloop
  endfacet
  facet normal -0 0 1
    outer loop
      vertex 86.4139 3.12709 2.99
      vertex 86.4239 3.11732 2.99
      vertex 86.4145 3.12889 2.99
    endloop
  endfacet
  facet normal 0 0 1
    outer loop
      vertex 86.3511 3.00952 2.99
      vertex 86.4239 3.11732 2.99
      vertex 86.4139 3.12709 2.99
    endloop
  endfacet
  facet normal -0 0 1
    outer loop
      vertex 86.3511 3.00952 2.99
      vertex 86.3315 2.94443 2.99
      vertex 86.4239 3.11732 2.99
    endloop
  endfacet
  facet normal -0 0 1
    outer loop
      vertex 86.3313 2.97264 2.99
      vertex 86.3315 2.94443 2.99
      vertex 86.3511 3.00952 2.99
    endloop
  endfacet
  facet normal -0 0 1
    outer loop
      vertex 86.3252 2.96112 2.99
      vertex 86.3315 2.94443 2.99
      vertex 86.3313 2.97264 2.99
    endloop
  endfacet
  facet normal -0 0 1
    outer loop
      vertex 86.3225 2.95611 2.99
      vertex 86.3315 2.94443 2.99
      vertex 86.3252 2.96112 2.99
    endloop
  endfacet
  facet normal -0 0 1
    outer loop
      vertex 86.3224 2.95593 2.99
      vertex 86.3315 2.94443 2.99
      vertex 86.3225 2.95611 2.99
    endloop
  endfacet
  facet normal -0 0 1
    outer loop
      vertex 86.3215 2.95426 2.99
      vertex 86.3315 2.94443 2.99
      vertex 86.3224 2.95593 2.99
    endloop
  endfacet
  facet normal 0 0 1
    outer loop
      vertex 86.2071 2.81485 2.99
      vertex 86.3315 2.94443 2.99
      vertex 86.3215 2.95426 2.99
    endloop
  endfacet
  facet normal 0 0 1
    outer loop
      vertex 86.3315 2.94443 2.99
      vertex 86.2071 2.81485 2.99
      vertex 86.2071 2.79289 2.99
    endloop
  endfacet
  facet normal -0 0 1
    outer loop
      vertex 86.1984 2.80429 2.99
      vertex 86.2071 2.79289 2.99
      vertex 86.2071 2.81485 2.99
    endloop
  endfacet
  facet normal -0 0 1
    outer loop
      vertex 86.1984 2.80424 2.99
      vertex 86.2071 2.79289 2.99
      vertex 86.1984 2.80429 2.99
    endloop
  endfacet
  facet normal -0 0 1
    outer loop
      vertex 86.1972 2.80278 2.99
      vertex 86.2071 2.79289 2.99
      vertex 86.1984 2.80424 2.99
    endloop
  endfacet
  facet normal 0 0 1
    outer loop
      vertex 86.0578 2.68837 2.99
      vertex 86.2071 2.79289 2.99
      vertex 86.1972 2.80278 2.99
    endloop
  endfacet
  facet normal -0 0 1
    outer loop
      vertex 86.0578 2.68837 2.99
      vertex 86.0556 2.66853 2.99
      vertex 86.2071 2.79289 2.99
    endloop
  endfacet
  facet normal -0 0 1
    outer loop
      vertex 86.0472 2.67966 2.99
      vertex 86.0556 2.66853 2.99
      vertex 86.0578 2.68837 2.99
    endloop
  endfacet
  facet normal -0 0 1
    outer loop
      vertex 86.0457 2.67847 2.99
      vertex 86.0556 2.66853 2.99
      vertex 86.0472 2.67966 2.99
    endloop
  endfacet
  facet normal 0 0 1
    outer loop
      vertex 85.9005 2.60084 2.99
      vertex 86.0556 2.66853 2.99
      vertex 86.0457 2.67847 2.99
    endloop
  endfacet
  facet normal -0 0 1
    outer loop
      vertex 85.9005 2.60084 2.99
      vertex 85.8827 2.57612 2.99
      vertex 86.0556 2.66853 2.99
    endloop
  endfacet
  facet normal -0 0 1
    outer loop
      vertex 85.877 2.58833 2.99
      vertex 85.8827 2.57612 2.99
      vertex 85.9005 2.60084 2.99
    endloop
  endfacet
  facet normal -0 0 1
    outer loop
      vertex 85.8748 2.58711 2.99
      vertex 85.8827 2.57612 2.99
      vertex 85.877 2.58833 2.99
    endloop
  endfacet
  facet normal -0 0 1
    outer loop
      vertex 85.8745 2.58698 2.99
      vertex 85.8827 2.57612 2.99
      vertex 85.8748 2.58711 2.99
    endloop
  endfacet
  facet normal -0 0 1
    outer loop
      vertex 85.8728 2.58609 2.99
      vertex 85.8827 2.57612 2.99
      vertex 85.8745 2.58698 2.99
    endloop
  endfacet
  facet normal 0 0 1
    outer loop
      vertex 85.7453 2.54739 2.99
      vertex 85.8827 2.57612 2.99
      vertex 85.8728 2.58609 2.99
    endloop
  endfacet
  facet normal 0 0 1
    outer loop
      vertex 85.6951 2.51922 2.99
      vertex 85.7453 2.54739 2.99
      vertex 85.7052 2.53526 2.99
    endloop
  endfacet
  facet normal -0 0 1
    outer loop
      vertex 85.7453 2.54739 2.99
      vertex 85.6951 2.51922 2.99
      vertex 85.8827 2.57612 2.99
    endloop
  endfacet
  facet normal -0 0 1
    outer loop
      vertex 85.689 2.53032 2.99
      vertex 85.6951 2.51922 2.99
      vertex 85.7052 2.53526 2.99
    endloop
  endfacet
  facet normal -0 0 1
    outer loop
      vertex 85.6871 2.52976 2.99
      vertex 85.6951 2.51922 2.99
      vertex 85.689 2.53032 2.99
    endloop
  endfacet
  facet normal -0 0 1
    outer loop
      vertex 85.6853 2.52921 2.99
      vertex 85.6951 2.51922 2.99
      vertex 85.6871 2.52976 2.99
    endloop
  endfacet
  facet normal 0 0 1
    outer loop
      vertex 85.5526 2.51614 2.99
      vertex 85.6951 2.51922 2.99
      vertex 85.6853 2.52921 2.99
    endloop
  endfacet
  facet normal -0 0 1
    outer loop
      vertex 85.5526 2.51614 2.99
      vertex 85.5 2.5 2.99
      vertex 85.6951 2.51922 2.99
    endloop
  endfacet
  facet normal -0 0 1
    outer loop
      vertex 85.4941 2.51038 2.99
      vertex 85.5 2.5 2.99
      vertex 85.5526 2.51614 2.99
    endloop
  endfacet
  facet normal -0 0 1
    outer loop
      vertex 85.4921 2.51018 2.99
      vertex 85.5 2.5 2.99
      vertex 85.4941 2.51038 2.99
    endloop
  endfacet
  facet normal -0 0 1
    outer loop
      vertex 85.4902 2.51 2.99
      vertex 85.5 2.5 2.99
      vertex 85.4921 2.51018 2.99
    endloop
  endfacet
  facet normal -0 0 1
    outer loop
      vertex 3.50976 2.51 2.99
      vertex 85.5 2.5 2.99
      vertex 85.4902 2.51 2.99
    endloop
  endfacet
  facet normal 0 0 1
    outer loop
      vertex 3.50976 2.51 2.99
      vertex 3.5 2.5 2.99
      vertex 85.5 2.5 2.99
    endloop
  endfacet
  facet normal 0 0 1
    outer loop
      vertex 3.50786 2.51018 2.99
      vertex 3.5 2.5 2.99
      vertex 3.50976 2.51 2.99
    endloop
  endfacet
  facet normal 0 0 1
    outer loop
      vertex 3.50591 2.51038 2.99
      vertex 3.5 2.5 2.99
      vertex 3.50786 2.51018 2.99
    endloop
  endfacet
  facet normal 0 0 1
    outer loop
      vertex 3.44738 2.51614 2.99
      vertex 3.5 2.5 2.99
      vertex 3.50591 2.51038 2.99
    endloop
  endfacet
  facet normal -0 0 1
    outer loop
      vertex 3.30491 2.51922 2.99
      vertex 3.44738 2.51614 2.99
      vertex 3.31472 2.52921 2.99
    endloop
  endfacet
  facet normal 0 0 1
    outer loop
      vertex 3.44738 2.51614 2.99
      vertex 3.30491 2.51922 2.99
      vertex 3.5 2.5 2.99
    endloop
  endfacet
  facet normal 0 0 1
    outer loop
      vertex 3.31289 2.52976 2.99
      vertex 3.30491 2.51922 2.99
      vertex 3.31472 2.52921 2.99
    endloop
  endfacet
  facet normal 0 0 1
    outer loop
      vertex 3.31101 2.53032 2.99
      vertex 3.30491 2.51922 2.99
      vertex 3.31289 2.52976 2.99
    endloop
  endfacet
  facet normal 0 0 1
    outer loop
      vertex 3.29475 2.53526 2.99
      vertex 3.30491 2.51922 2.99
      vertex 3.31101 2.53032 2.99
    endloop
  endfacet
  facet normal 0 0 1
    outer loop
      vertex 3.25474 2.54739 2.99
      vertex 3.30491 2.51922 2.99
      vertex 3.29475 2.53526 2.99
    endloop
  endfacet
  facet normal -0 0 1
    outer loop
      vertex 3.11732 2.57612 2.99
      vertex 3.25474 2.54739 2.99
      vertex 3.12717 2.58609 2.99
    endloop
  endfacet
  facet normal 0 0 1
    outer loop
      vertex 3.11732 2.57612 2.99
      vertex 3.12523 2.58711 2.99
      vertex 3.12296 2.58833 2.99
    endloop
  endfacet
  facet normal 0 0 1
    outer loop
      vertex 3.25474 2.54739 2.99
      vertex 3.11732 2.57612 2.99
      vertex 3.30491 2.51922 2.99
    endloop
  endfacet
  facet normal 0 0 1
    outer loop
      vertex 3.12548 2.58698 2.99
      vertex 3.11732 2.57612 2.99
      vertex 3.12717 2.58609 2.99
    endloop
  endfacet
  facet normal 0 0 1
    outer loop
      vertex 3.12523 2.58711 2.99
      vertex 3.11732 2.57612 2.99
      vertex 3.12548 2.58698 2.99
    endloop
  endfacet
  facet normal 0 0 1
    outer loop
      vertex 3.09955 2.60084 2.99
      vertex 3.11732 2.57612 2.99
      vertex 3.12296 2.58833 2.99
    endloop
  endfacet
  facet normal -0 0 1
    outer loop
      vertex 2.94443 2.66853 2.99
      vertex 3.09955 2.60084 2.99
      vertex 2.95432 2.67847 2.99
    endloop
  endfacet
  facet normal 0 0 1
    outer loop
      vertex 3.09955 2.60084 2.99
      vertex 2.94443 2.66853 2.99
      vertex 3.11732 2.57612 2.99
    endloop
  endfacet
  facet normal 0 0 1
    outer loop
      vertex 2.95284 2.67966 2.99
      vertex 2.94443 2.66853 2.99
      vertex 2.95432 2.67847 2.99
    endloop
  endfacet
  facet normal 0 0 1
    outer loop
      vertex 2.94224 2.68837 2.99
      vertex 2.94443 2.66853 2.99
      vertex 2.95284 2.67966 2.99
    endloop
  endfacet
  facet normal -0 0 1
    outer loop
      vertex 2.79289 2.79289 2.99
      vertex 2.94224 2.68837 2.99
      vertex 2.80282 2.80278 2.99
    endloop
  endfacet
  facet normal 0 0 1
    outer loop
      vertex 2.79289 2.79289 2.99
      vertex 2.80157 2.80429 2.99
      vertex 2.7929 2.81485 2.99
    endloop
  endfacet
  facet normal 0 0 1
    outer loop
      vertex 2.94224 2.68837 2.99
      vertex 2.79289 2.79289 2.99
      vertex 2.94443 2.66853 2.99
    endloop
  endfacet
  facet normal 0 0 1
    outer loop
      vertex 2.80161 2.80424 2.99
      vertex 2.79289 2.79289 2.99
      vertex 2.80282 2.80278 2.99
    endloop
  endfacet
  facet normal 0 0 1
    outer loop
      vertex 2.80157 2.80429 2.99
      vertex 2.79289 2.79289 2.99
      vertex 2.80161 2.80424 2.99
    endloop
  endfacet
  facet normal -0 0 1
    outer loop
      vertex 2.66853 2.94443 2.99
      vertex 2.7929 2.81485 2.99
      vertex 2.67849 2.95426 2.99
    endloop
  endfacet
  facet normal 0 0 1
    outer loop
      vertex 2.66853 2.94443 2.99
      vertex 2.67482 2.96112 2.99
      vertex 2.66866 2.97264 2.99
    endloop
  endfacet
  facet normal 0 0 1
    outer loop
      vertex 2.7929 2.81485 2.99
      vertex 2.66853 2.94443 2.99
      vertex 2.79289 2.79289 2.99
    endloop
  endfacet
  facet normal 0 0 1
    outer loop
      vertex 2.67759 2.95593 2.99
      vertex 2.66853 2.94443 2.99
      vertex 2.67849 2.95426 2.99
    endloop
  endfacet
  facet normal 0 0 1
    outer loop
      vertex 2.67749 2.95611 2.99
      vertex 2.66853 2.94443 2.99
      vertex 2.67759 2.95593 2.99
    endloop
  endfacet
  facet normal 0 0 1
    outer loop
      vertex 2.67482 2.96112 2.99
      vertex 2.66853 2.94443 2.99
      vertex 2.67749 2.95611 2.99
    endloop
  endfacet
  facet normal 0 0 1
    outer loop
      vertex 2.64894 3.00952 2.99
      vertex 2.66853 2.94443 2.99
      vertex 2.66866 2.97264 2.99
    endloop
  endfacet
  facet normal -0 0 1
    outer loop
      vertex 2.57612 3.11732 2.99
      vertex 2.64894 3.00952 2.99
      vertex 2.5861 3.12709 2.99
    endloop
  endfacet
  facet normal 0 0 1
    outer loop
      vertex 2.64894 3.00952 2.99
      vertex 2.57612 3.11732 2.99
      vertex 2.66853 2.94443 2.99
    endloop
  endfacet
  facet normal 0 0 1
    outer loop
      vertex 2.58555 3.12889 2.99
      vertex 2.57612 3.11732 2.99
      vertex 2.5861 3.12709 2.99
    endloop
  endfacet
  facet normal 0 0 1
    outer loop
      vertex 2.58549 3.12909 2.99
      vertex 2.57612 3.11732 2.99
      vertex 2.58555 3.12889 2.99
    endloop
  endfacet
  facet normal -0 0 1
    outer loop
      vertex 2.51922 3.30491 2.99
      vertex 2.58549 3.12909 2.99
      vertex 2.52921 3.31461 2.99
    endloop
  endfacet
  facet normal 0 0 1
    outer loop
      vertex 2.58549 3.12909 2.99
      vertex 2.51922 3.30491 2.99
      vertex 2.57612 3.11732 2.99
    endloop
  endfacet
  facet normal 0 0 1
    outer loop
      vertex 2.52902 3.31649 2.99
      vertex 2.51922 3.30491 2.99
      vertex 2.52921 3.31461 2.99
    endloop
  endfacet
  facet normal 0 0 1
    outer loop
      vertex 2.52899 3.31685 2.99
      vertex 2.51922 3.30491 2.99
      vertex 2.52902 3.31649 2.99
    endloop
  endfacet
  facet normal -0 0 1
    outer loop
      vertex 2.5 3.5 2.99
      vertex 2.52899 3.31685 2.99
      vertex 2.51 3.50963 2.99
    endloop
  endfacet
  facet normal 0 0 1
    outer loop
      vertex 2.52899 3.31685 2.99
      vertex 2.5 3.5 2.99
      vertex 2.51922 3.30491 2.99
    endloop
  endfacet
  facet normal 0 0 1
    outer loop
      vertex 2.5 3.5 2.99
      vertex 2.51 3.50963 2.99
      vertex 2.5 55.5 2.99
    endloop
  endfacet
  facet normal 0.471351 -0.881946 0
    outer loop
      vertex 2.94443 56.3315 2.99
      vertex 3.11732 56.4239 12
      vertex 2.94443 56.3315 12
    endloop
  endfacet
  facet normal 0.471351 -0.881946 0
    outer loop
      vertex 3.11732 56.4239 12
      vertex 2.94443 56.3315 2.99
      vertex 3.11732 56.4239 2.99
    endloop
  endfacet
  facet normal -0.995193 -0.097938 0
    outer loop
      vertex 86.5 55.5 2.99
      vertex 86.4808 55.6951 12
      vertex 86.4808 55.6951 2.99
    endloop
  endfacet
  facet normal -0.995193 -0.097938 0
    outer loop
      vertex 86.4808 55.6951 12
      vertex 86.5 55.5 2.99
      vertex 86.5 55.5 12
    endloop
  endfacet
  facet normal 0.881936 -0.471369 0
    outer loop
      vertex 2.57612 55.8827 12
      vertex 2.66853 56.0556 2.99
      vertex 2.66853 56.0556 12
    endloop
  endfacet
  facet normal 0.881936 -0.471369 0
    outer loop
      vertex 2.66853 56.0556 2.99
      vertex 2.57612 55.8827 12
      vertex 2.57612 55.8827 2.99
    endloop
  endfacet
  facet normal -0.956951 -0.290248 0
    outer loop
      vertex 86.4808 55.6951 2.99
      vertex 86.4239 55.8827 12
      vertex 86.4239 55.8827 2.99
    endloop
  endfacet
  facet normal -0.956951 -0.290248 0
    outer loop
      vertex 86.4239 55.8827 12
      vertex 86.4808 55.6951 2.99
      vertex 86.4808 55.6951 12
    endloop
  endfacet
  facet normal -0.634598 -0.772842 0
    outer loop
      vertex 86.0556 56.3315 2.99
      vertex 86.2071 56.2071 12
      vertex 86.0556 56.3315 12
    endloop
  endfacet
  facet normal -0.634598 -0.772842 -0
    outer loop
      vertex 86.2071 56.2071 12
      vertex 86.0556 56.3315 2.99
      vertex 86.2071 56.2071 2.99
    endloop
  endfacet
  facet normal 0.956951 -0.290248 0
    outer loop
      vertex 2.51922 55.6951 12
      vertex 2.57612 55.8827 2.99
      vertex 2.57612 55.8827 12
    endloop
  endfacet
  facet normal 0.956951 -0.290248 0
    outer loop
      vertex 2.57612 55.8827 2.99
      vertex 2.51922 55.6951 12
      vertex 2.51922 55.6951 2.99
    endloop
  endfacet
  facet normal 0.995183 -0.098039 0
    outer loop
      vertex 2.5 55.5 12
      vertex 2.51922 55.6951 2.99
      vertex 2.51922 55.6951 12
    endloop
  endfacet
  facet normal 0.995183 -0.098039 0
    outer loop
      vertex 2.51922 55.6951 2.99
      vertex 2.5 55.5 12
      vertex 2.5 55.5 2.99
    endloop
  endfacet
  facet normal -0.290248 -0.956951 0
    outer loop
      vertex 85.6951 56.4808 2.99
      vertex 85.8827 56.4239 12
      vertex 85.6951 56.4808 12
    endloop
  endfacet
  facet normal -0.290248 -0.956951 -0
    outer loop
      vertex 85.8827 56.4239 12
      vertex 85.6951 56.4808 2.99
      vertex 85.8827 56.4239 2.99
    endloop
  endfacet
  facet normal -0.290248 0.956951 0
    outer loop
      vertex 85.8827 2.57612 2.99
      vertex 85.6951 2.51922 12
      vertex 85.8827 2.57612 12
    endloop
  endfacet
  facet normal -0.290248 0.956951 0
    outer loop
      vertex 85.6951 2.51922 12
      vertex 85.8827 2.57612 2.99
      vertex 85.6951 2.51922 2.99
    endloop
  endfacet
  facet normal 0.773025 0.634376 0
    outer loop
      vertex 2.79289 2.79289 12
      vertex 2.66853 2.94443 2.99
      vertex 2.66853 2.94443 12
    endloop
  endfacet
  facet normal 0.773025 0.634376 0
    outer loop
      vertex 2.66853 2.94443 2.99
      vertex 2.79289 2.79289 12
      vertex 2.79289 2.79289 2.99
    endloop
  endfacet
  facet normal 0.47139 0.881925 -0
    outer loop
      vertex 3.11732 2.57612 2.99
      vertex 2.94443 2.66853 12
      vertex 3.11732 2.57612 12
    endloop
  endfacet
  facet normal 0.47139 0.881925 0
    outer loop
      vertex 2.94443 2.66853 12
      vertex 3.11732 2.57612 2.99
      vertex 2.94443 2.66853 2.99
    endloop
  endfacet
  facet normal -0.097938 -0.995193 0
    outer loop
      vertex 85.5 56.5 2.99
      vertex 85.6951 56.4808 12
      vertex 85.5 56.5 12
    endloop
  endfacet
  facet normal -0.097938 -0.995193 -0
    outer loop
      vertex 85.6951 56.4808 12
      vertex 85.5 56.5 2.99
      vertex 85.6951 56.4808 2.99
    endloop
  endfacet
  facet normal 0.0979429 -0.995192 0
    outer loop
      vertex 3.30491 56.4808 2.99
      vertex 3.5 56.5 12
      vertex 3.30491 56.4808 12
    endloop
  endfacet
  facet normal 0.0979429 -0.995192 0
    outer loop
      vertex 3.5 56.5 12
      vertex 3.30491 56.4808 2.99
      vertex 3.5 56.5 2.99
    endloop
  endfacet
  facet normal 0.098044 0.995182 -0
    outer loop
      vertex 3.5 2.5 2.99
      vertex 3.30491 2.51922 12
      vertex 3.5 2.5 12
    endloop
  endfacet
  facet normal 0.098044 0.995182 0
    outer loop
      vertex 3.30491 2.51922 12
      vertex 3.5 2.5 2.99
      vertex 3.30491 2.51922 2.99
    endloop
  endfacet
  facet normal -0.881946 0.471351 0
    outer loop
      vertex 86.3315 2.94443 2.99
      vertex 86.4239 3.11732 12
      vertex 86.4239 3.11732 2.99
    endloop
  endfacet
  facet normal -0.881946 0.471351 0
    outer loop
      vertex 86.4239 3.11732 12
      vertex 86.3315 2.94443 2.99
      vertex 86.3315 2.94443 12
    endloop
  endfacet
  facet normal 0.290262 0.956947 -0
    outer loop
      vertex 3.30491 2.51922 2.99
      vertex 3.11732 2.57612 12
      vertex 3.30491 2.51922 12
    endloop
  endfacet
  facet normal 0.290262 0.956947 0
    outer loop
      vertex 3.11732 2.57612 12
      vertex 3.30491 2.51922 2.99
      vertex 3.11732 2.57612 2.99
    endloop
  endfacet
  facet normal -0.995192 0.0979429 0
    outer loop
      vertex 86.4808 3.30491 2.99
      vertex 86.5 3.5 12
      vertex 86.5 3.5 2.99
    endloop
  endfacet
  facet normal -0.995192 0.0979429 0
    outer loop
      vertex 86.5 3.5 12
      vertex 86.4808 3.30491 2.99
      vertex 86.4808 3.30491 12
    endloop
  endfacet
  facet normal 0 0 1
    outer loop
      vertex 87.5396 56.7549 7
      vertex 89 57 7
      vertex 88.9616 57.3902 7
    endloop
  endfacet
  facet normal 0 0 1
    outer loop
      vertex 89 57 7
      vertex 87.65 56.2 7
      vertex 89 2 7
    endloop
  endfacet
  facet normal 0 0 1
    outer loop
      vertex 87.4056 57.0056 7
      vertex 88.9616 57.3902 7
      vertex 88.8478 57.7654 7
    endloop
  endfacet
  facet normal -0 0 1
    outer loop
      vertex 87.65 2.8 7
      vertex 89 2 7
      vertex 87.65 56.2 7
    endloop
  endfacet
  facet normal 0 0 1
    outer loop
      vertex 87.4056 57.0056 7
      vertex 88.8478 57.7654 7
      vertex 88.6629 58.1111 7
    endloop
  endfacet
  facet normal -0 0 1
    outer loop
      vertex 87.6221 2.51712 7
      vertex 89 2 7
      vertex 87.65 2.8 7
    endloop
  endfacet
  facet normal 0 0 1
    outer loop
      vertex 87.2253 57.2253 7
      vertex 88.6629 58.1111 7
      vertex 88.4142 58.4142 7
    endloop
  endfacet
  facet normal -0 0 1
    outer loop
      vertex 87.5396 2.24511 7
      vertex 89 2 7
      vertex 87.6221 2.51712 7
    endloop
  endfacet
  facet normal 0 0 1
    outer loop
      vertex 87.2253 57.2253 7
      vertex 88.4142 58.4142 7
      vertex 88.1111 58.6629 7
    endloop
  endfacet
  facet normal 0 0 1
    outer loop
      vertex 89 2 7
      vertex 87.5396 2.24511 7
      vertex 88.9616 1.60982 7
    endloop
  endfacet
  facet normal 0 0 1
    outer loop
      vertex 87.0056 57.4056 7
      vertex 88.1111 58.6629 7
      vertex 87.7654 58.8478 7
    endloop
  endfacet
  facet normal -0 0 1
    outer loop
      vertex 87.4056 1.99442 7
      vertex 88.9616 1.60982 7
      vertex 87.5396 2.24511 7
    endloop
  endfacet
  facet normal 0 0 1
    outer loop
      vertex 88.9616 1.60982 7
      vertex 87.4056 1.99442 7
      vertex 88.8478 1.23463 7
    endloop
  endfacet
  facet normal 0 0 1
    outer loop
      vertex 89 57 7
      vertex 87.6221 56.4829 7
      vertex 87.65 56.2 7
    endloop
  endfacet
  facet normal 0 0 1
    outer loop
      vertex 89 57 7
      vertex 87.5396 56.7549 7
      vertex 87.6221 56.4829 7
    endloop
  endfacet
  facet normal 0 0 1
    outer loop
      vertex 88.9616 57.3902 7
      vertex 87.4056 57.0056 7
      vertex 87.5396 56.7549 7
    endloop
  endfacet
  facet normal 0 0 1
    outer loop
      vertex 87.0056 57.4056 7
      vertex 87.7654 58.8478 7
      vertex 87.3902 58.9616 7
    endloop
  endfacet
  facet normal 0 0 1
    outer loop
      vertex 88.6629 58.1111 7
      vertex 87.2253 57.2253 7
      vertex 87.4056 57.0056 7
    endloop
  endfacet
  facet normal 0 0 1
    outer loop
      vertex 88.1111 58.6629 7
      vertex 87.0056 57.4056 7
      vertex 87.2253 57.2253 7
    endloop
  endfacet
  facet normal 0 0 1
    outer loop
      vertex 86.7549 57.5396 7
      vertex 87.3902 58.9616 7
      vertex 87 59 7
    endloop
  endfacet
  facet normal 0 0 1
    outer loop
      vertex 87.3902 58.9616 7
      vertex 86.7549 57.5396 7
      vertex 87.0056 57.4056 7
    endloop
  endfacet
  facet normal 0 0 1
    outer loop
      vertex 87 59 7
      vertex 86.4829 57.6221 7
      vertex 86.7549 57.5396 7
    endloop
  endfacet
  facet normal 0 0 1
    outer loop
      vertex 87 59 7
      vertex 86.2 57.65 7
      vertex 86.4829 57.6221 7
    endloop
  endfacet
  facet normal 0 0 1
    outer loop
      vertex 87 59 7
      vertex 2.8 57.65 7
      vertex 86.2 57.65 7
    endloop
  endfacet
  facet normal -0 0 1
    outer loop
      vertex 2 59 7
      vertex 2.8 57.65 7
      vertex 87 59 7
    endloop
  endfacet
  facet normal 0 0 1
    outer loop
      vertex 2 59 7
      vertex 2.51712 57.6221 7
      vertex 2.8 57.65 7
    endloop
  endfacet
  facet normal 0 0 1
    outer loop
      vertex 2 59 7
      vertex 2.24511 57.5396 7
      vertex 2.51712 57.6221 7
    endloop
  endfacet
  facet normal -0 0 1
    outer loop
      vertex 1.60982 58.9616 7
      vertex 2.24511 57.5396 7
      vertex 2 59 7
    endloop
  endfacet
  facet normal 0 0 1
    outer loop
      vertex 2.24511 57.5396 7
      vertex 1.60982 58.9616 7
      vertex 1.99442 57.4056 7
    endloop
  endfacet
  facet normal -0 0 1
    outer loop
      vertex 1.23463 58.8478 7
      vertex 1.99442 57.4056 7
      vertex 1.60982 58.9616 7
    endloop
  endfacet
  facet normal -0 0 1
    outer loop
      vertex 0.88886 58.6629 7
      vertex 1.99442 57.4056 7
      vertex 1.23463 58.8478 7
    endloop
  endfacet
  facet normal 0 0 1
    outer loop
      vertex 1.99442 57.4056 7
      vertex 0.88886 58.6629 7
      vertex 1.7747 57.2253 7
    endloop
  endfacet
  facet normal -0 0 1
    outer loop
      vertex 0.585787 58.4142 7
      vertex 1.7747 57.2253 7
      vertex 0.88886 58.6629 7
    endloop
  endfacet
  facet normal -0 0 1
    outer loop
      vertex 0.337061 58.1111 7
      vertex 1.7747 57.2253 7
      vertex 0.585787 58.4142 7
    endloop
  endfacet
  facet normal -0 0 1
    outer loop
      vertex 0.152242 57.7654 7
      vertex 1.59437 57.0056 7
      vertex 0.337061 58.1111 7
    endloop
  endfacet
  facet normal 0 0 1
    outer loop
      vertex 1.7747 57.2253 7
      vertex 0.337061 58.1111 7
      vertex 1.59437 57.0056 7
    endloop
  endfacet
  facet normal 0 0 1
    outer loop
      vertex 88.8478 1.23463 7
      vertex 87.4056 1.99442 7
      vertex 88.6629 0.88886 7
    endloop
  endfacet
  facet normal -0 0 1
    outer loop
      vertex 87.2253 1.7747 7
      vertex 88.6629 0.88886 7
      vertex 87.4056 1.99442 7
    endloop
  endfacet
  facet normal 0 0 1
    outer loop
      vertex 88.6629 0.88886 7
      vertex 87.2253 1.7747 7
      vertex 88.4142 0.585787 7
    endloop
  endfacet
  facet normal 0 0 1
    outer loop
      vertex 88.4142 0.585787 7
      vertex 87.2253 1.7747 7
      vertex 88.1111 0.337061 7
    endloop
  endfacet
  facet normal -0 0 1
    outer loop
      vertex 87.0056 1.59437 7
      vertex 88.1111 0.337061 7
      vertex 87.2253 1.7747 7
    endloop
  endfacet
  facet normal 0 0 1
    outer loop
      vertex 88.1111 0.337061 7
      vertex 87.0056 1.59437 7
      vertex 87.7654 0.152242 7
    endloop
  endfacet
  facet normal 0 0 1
    outer loop
      vertex 87.7654 0.152242 7
      vertex 87.0056 1.59437 7
      vertex 87.3902 0.0384302 7
    endloop
  endfacet
  facet normal -0 0 1
    outer loop
      vertex 86.7549 1.46037 7
      vertex 87.3902 0.0384302 7
      vertex 87.0056 1.59437 7
    endloop
  endfacet
  facet normal 0 0 1
    outer loop
      vertex 87.3902 0.0384302 7
      vertex 86.7549 1.46037 7
      vertex 87 0 7
    endloop
  endfacet
  facet normal -0 0 1
    outer loop
      vertex 86.4829 1.37786 7
      vertex 87 0 7
      vertex 86.7549 1.46037 7
    endloop
  endfacet
  facet normal -0 0 1
    outer loop
      vertex 86.2 1.35 7
      vertex 87 0 7
      vertex 86.4829 1.37786 7
    endloop
  endfacet
  facet normal -0 0 1
    outer loop
      vertex 2.8 1.35 7
      vertex 87 0 7
      vertex 86.2 1.35 7
    endloop
  endfacet
  facet normal 0 0 1
    outer loop
      vertex 2.8 1.35 7
      vertex 2 0 7
      vertex 87 0 7
    endloop
  endfacet
  facet normal 0 0 1
    outer loop
      vertex 2.51712 1.37786 7
      vertex 2 0 7
      vertex 2.8 1.35 7
    endloop
  endfacet
  facet normal 0 0 1
    outer loop
      vertex 2.24511 1.46037 7
      vertex 2 0 7
      vertex 2.51712 1.37786 7
    endloop
  endfacet
  facet normal 0 0 1
    outer loop
      vertex 1.60982 0.0384302 7
      vertex 2.24511 1.46037 7
      vertex 1.99442 1.59437 7
    endloop
  endfacet
  facet normal 0 0 1
    outer loop
      vertex 0.88886 0.337061 7
      vertex 1.99442 1.59437 7
      vertex 1.7747 1.7747 7
    endloop
  endfacet
  facet normal 0 0 1
    outer loop
      vertex 2.24511 1.46037 7
      vertex 1.60982 0.0384302 7
      vertex 2 0 7
    endloop
  endfacet
  facet normal 0 0 1
    outer loop
      vertex 0.337061 0.88886 7
      vertex 1.7747 1.7747 7
      vertex 1.59437 1.99442 7
    endloop
  endfacet
  facet normal 0 0 1
    outer loop
      vertex 0.0384302 1.60982 7
      vertex 1.59437 1.99442 7
      vertex 1.46037 2.24511 7
    endloop
  endfacet
  facet normal 0 0 1
    outer loop
      vertex 0 2 7
      vertex 1.46037 2.24511 7
      vertex 1.37786 2.51712 7
    endloop
  endfacet
  facet normal 0 0 1
    outer loop
      vertex 0 2 7
      vertex 1.37786 2.51712 7
      vertex 1.35 2.8 7
    endloop
  endfacet
  facet normal 0 0 1
    outer loop
      vertex 1.99442 1.59437 7
      vertex 1.23463 0.152242 7
      vertex 1.60982 0.0384302 7
    endloop
  endfacet
  facet normal 0 0 1
    outer loop
      vertex 1.35 56.2 7
      vertex 0 57 7
      vertex 1.35 2.8 7
    endloop
  endfacet
  facet normal -0 0 1
    outer loop
      vertex 0.0384302 57.3902 7
      vertex 1.59437 57.0056 7
      vertex 0.152242 57.7654 7
    endloop
  endfacet
  facet normal 0 0 1
    outer loop
      vertex 0 2 7
      vertex 1.35 2.8 7
      vertex 0 57 7
    endloop
  endfacet
  facet normal 0 0 1
    outer loop
      vertex 1.59437 57.0056 7
      vertex 0.0384302 57.3902 7
      vertex 1.46037 56.7549 7
    endloop
  endfacet
  facet normal 0 0 1
    outer loop
      vertex 1.46037 2.24511 7
      vertex 0 2 7
      vertex 0.0384302 1.60982 7
    endloop
  endfacet
  facet normal -0 0 1
    outer loop
      vertex 0 57 7
      vertex 1.46037 56.7549 7
      vertex 0.0384302 57.3902 7
    endloop
  endfacet
  facet normal 0 0 1
    outer loop
      vertex 1.99442 1.59437 7
      vertex 0.88886 0.337061 7
      vertex 1.23463 0.152242 7
    endloop
  endfacet
  facet normal 0 0 1
    outer loop
      vertex 1.46037 56.7549 7
      vertex 0 57 7
      vertex 1.37786 56.4829 7
    endloop
  endfacet
  facet normal 0 0 1
    outer loop
      vertex 1.7747 1.7747 7
      vertex 0.585787 0.585787 7
      vertex 0.88886 0.337061 7
    endloop
  endfacet
  facet normal 0 0 1
    outer loop
      vertex 1.37786 56.4829 7
      vertex 0 57 7
      vertex 1.35 56.2 7
    endloop
  endfacet
  facet normal 0 0 1
    outer loop
      vertex 1.7747 1.7747 7
      vertex 0.337061 0.88886 7
      vertex 0.585787 0.585787 7
    endloop
  endfacet
  facet normal 0 0 1
    outer loop
      vertex 1.59437 1.99442 7
      vertex 0.152242 1.23463 7
      vertex 0.337061 0.88886 7
    endloop
  endfacet
  facet normal 0 0 1
    outer loop
      vertex 1.59437 1.99442 7
      vertex 0.0384302 1.60982 7
      vertex 0.152242 1.23463 7
    endloop
  endfacet
  facet normal -0.956944 -0.290274 0
    outer loop
      vertex 1.46037 2.24511 7
      vertex 1.37786 2.51712 12
      vertex 1.37786 2.51712 7
    endloop
  endfacet
  facet normal -0.956944 -0.290274 0
    outer loop
      vertex 1.37786 2.51712 12
      vertex 1.46037 2.24511 7
      vertex 1.46037 2.24511 12
    endloop
  endfacet
  facet normal -0.995185 -0.0980128 0
    outer loop
      vertex 1.37786 2.51712 7
      vertex 1.35 2.8 12
      vertex 1.35 2.8 7
    endloop
  endfacet
  facet normal -0.995185 -0.0980128 0
    outer loop
      vertex 1.35 2.8 12
      vertex 1.37786 2.51712 7
      vertex 1.37786 2.51712 12
    endloop
  endfacet
  facet normal 0.0981453 0.995172 -0
    outer loop
      vertex 86.4829 57.6221 7
      vertex 86.2 57.65 12
      vertex 86.4829 57.6221 12
    endloop
  endfacet
  facet normal 0.0981453 0.995172 0
    outer loop
      vertex 86.2 57.65 12
      vertex 86.4829 57.6221 7
      vertex 86.2 57.65 7
    endloop
  endfacet
  facet normal -0.956941 0.290284 0
    outer loop
      vertex 1.37786 56.4829 7
      vertex 1.46037 56.7549 12
      vertex 1.46037 56.7549 7
    endloop
  endfacet
  facet normal -0.956941 0.290284 0
    outer loop
      vertex 1.46037 56.7549 12
      vertex 1.37786 56.4829 7
      vertex 1.37786 56.4829 12
    endloop
  endfacet
  facet normal 0.471391 -0.881924 0
    outer loop
      vertex 86.7549 1.46037 7
      vertex 87.0056 1.59437 12
      vertex 86.7549 1.46037 12
    endloop
  endfacet
  facet normal 0.471391 -0.881924 0
    outer loop
      vertex 87.0056 1.59437 12
      vertex 86.7549 1.46037 7
      vertex 87.0056 1.59437 7
    endloop
  endfacet
  facet normal 1 -0 0
    outer loop
      vertex 87.65 2.8 12
      vertex 87.65 56.2 7
      vertex 87.65 56.2 12
    endloop
  endfacet
  facet normal 1 0 0
    outer loop
      vertex 87.65 56.2 7
      vertex 87.65 2.8 12
      vertex 87.65 2.8 7
    endloop
  endfacet
  facet normal -0.634352 0.773044 0
    outer loop
      vertex 1.99442 57.4056 7
      vertex 1.7747 57.2253 12
      vertex 1.99442 57.4056 12
    endloop
  endfacet
  facet normal -0.634352 0.773044 0
    outer loop
      vertex 1.7747 57.2253 12
      vertex 1.99442 57.4056 7
      vertex 1.7747 57.2253 7
    endloop
  endfacet
  facet normal -1 0 0
    outer loop
      vertex 1.35 2.8 7
      vertex 1.35 56.2 12
      vertex 1.35 56.2 7
    endloop
  endfacet
  facet normal -1 -0 0
    outer loop
      vertex 1.35 56.2 12
      vertex 1.35 2.8 7
      vertex 1.35 2.8 12
    endloop
  endfacet
  facet normal -0.995186 0.0980059 0
    outer loop
      vertex 1.35 56.2 7
      vertex 1.37786 56.4829 12
      vertex 1.37786 56.4829 7
    endloop
  endfacet
  facet normal -0.995186 0.0980059 0
    outer loop
      vertex 1.37786 56.4829 12
      vertex 1.35 56.2 7
      vertex 1.35 56.2 12
    endloop
  endfacet
  facet normal 0 -1 0
    outer loop
      vertex 2.8 1.35 12
      vertex 25 1.35 11.9902
      vertex 86.2 1.35 12
    endloop
  endfacet
  facet normal 0 -1 0
    outer loop
      vertex 2.8 1.35 12
      vertex 25 1.35 9.50985
      vertex 25 1.35 11.9902
    endloop
  endfacet
  facet normal 0 -1 -0
    outer loop
      vertex 25 1.35 9.50985
      vertex 2.8 1.35 7
      vertex 33 1.35 9.50985
    endloop
  endfacet
  facet normal 0 -1 0
    outer loop
      vertex 2.8 1.35 7
      vertex 25 1.35 9.50985
      vertex 2.8 1.35 12
    endloop
  endfacet
  facet normal 0 -1 0
    outer loop
      vertex 33 1.35 11.9902
      vertex 86.2 1.35 12
      vertex 25 1.35 11.9902
    endloop
  endfacet
  facet normal 0 -1 0
    outer loop
      vertex 33 1.35 9.50985
      vertex 86.2 1.35 12
      vertex 33 1.35 11.9902
    endloop
  endfacet
  facet normal 0 -1 0
    outer loop
      vertex 86.2 1.35 7
      vertex 33 1.35 9.50985
      vertex 2.8 1.35 7
    endloop
  endfacet
  facet normal 0 -1 0
    outer loop
      vertex 33 1.35 9.50985
      vertex 86.2 1.35 7
      vertex 86.2 1.35 12
    endloop
  endfacet
  facet normal 0 1 0
    outer loop
      vertex 86.2 57.65 12
      vertex 38 57.65 11.9902
      vertex 2.8 57.65 12
    endloop
  endfacet
  facet normal 0 1 0
    outer loop
      vertex 86.2 57.65 12
      vertex 38 57.65 9.50985
      vertex 38 57.65 11.9902
    endloop
  endfacet
  facet normal 0 1 0
    outer loop
      vertex 2.8 57.65 7
      vertex 38 57.65 9.50985
      vertex 86.2 57.65 7
    endloop
  endfacet
  facet normal 0 1 -0
    outer loop
      vertex 86.2 57.65 7
      vertex 38 57.65 9.50985
      vertex 86.2 57.65 12
    endloop
  endfacet
  facet normal 0 1 -0
    outer loop
      vertex 30 57.65 11.9902
      vertex 2.8 57.65 12
      vertex 38 57.65 11.9902
    endloop
  endfacet
  facet normal 0 1 -0
    outer loop
      vertex 30 57.65 9.50985
      vertex 2.8 57.65 12
      vertex 30 57.65 11.9902
    endloop
  endfacet
  facet normal 0 1 0
    outer loop
      vertex 30 57.65 9.50985
      vertex 2.8 57.65 7
      vertex 2.8 57.65 12
    endloop
  endfacet
  facet normal 0 1 0
    outer loop
      vertex 38 57.65 9.50985
      vertex 2.8 57.65 7
      vertex 30 57.65 9.50985
    endloop
  endfacet
  facet normal 0.290251 0.95695 -0
    outer loop
      vertex 86.7549 57.5396 7
      vertex 86.4829 57.6221 12
      vertex 86.7549 57.5396 12
    endloop
  endfacet
  facet normal 0.290251 0.95695 0
    outer loop
      vertex 86.4829 57.6221 12
      vertex 86.7549 57.5396 7
      vertex 86.4829 57.6221 7
    endloop
  endfacet
  facet normal 0.956953 -0.290242 0
    outer loop
      vertex 87.5396 2.24511 12
      vertex 87.6221 2.51712 7
      vertex 87.6221 2.51712 12
    endloop
  endfacet
  facet normal 0.956953 -0.290242 0
    outer loop
      vertex 87.6221 2.51712 7
      vertex 87.5396 2.24511 12
      vertex 87.5396 2.24511 7
    endloop
  endfacet
  facet normal -0.0980128 -0.995185 0
    outer loop
      vertex 2.51712 1.37786 7
      vertex 2.8 1.35 12
      vertex 2.51712 1.37786 12
    endloop
  endfacet
  facet normal -0.0980128 -0.995185 -0
    outer loop
      vertex 2.8 1.35 12
      vertex 2.51712 1.37786 7
      vertex 2.8 1.35 7
    endloop
  endfacet
  facet normal 0.95695 0.290251 0
    outer loop
      vertex 87.6221 56.4829 12
      vertex 87.5396 56.7549 7
      vertex 87.5396 56.7549 12
    endloop
  endfacet
  facet normal 0.95695 0.290251 0
    outer loop
      vertex 87.5396 56.7549 7
      vertex 87.6221 56.4829 12
      vertex 87.6221 56.4829 7
    endloop
  endfacet
  facet normal 0.634387 0.773016 -0
    outer loop
      vertex 87.2253 57.2253 7
      vertex 87.0056 57.4056 12
      vertex 87.2253 57.2253 12
    endloop
  endfacet
  facet normal 0.634387 0.773016 0
    outer loop
      vertex 87.0056 57.4056 12
      vertex 87.2253 57.2253 7
      vertex 87.0056 57.4056 7
    endloop
  endfacet
  facet normal 0.0980059 -0.995186 0
    outer loop
      vertex 86.2 1.35 7
      vertex 86.4829 1.37786 12
      vertex 86.2 1.35 12
    endloop
  endfacet
  facet normal 0.0980059 -0.995186 0
    outer loop
      vertex 86.4829 1.37786 12
      vertex 86.2 1.35 7
      vertex 86.4829 1.37786 7
    endloop
  endfacet
  facet normal -0.471406 0.881916 0
    outer loop
      vertex 2.24511 57.5396 7
      vertex 1.99442 57.4056 12
      vertex 2.24511 57.5396 12
    endloop
  endfacet
  facet normal -0.471406 0.881916 0
    outer loop
      vertex 1.99442 57.4056 12
      vertex 2.24511 57.5396 7
      vertex 1.99442 57.4056 7
    endloop
  endfacet
  facet normal -0.772964 0.63445 0
    outer loop
      vertex 1.59437 57.0056 7
      vertex 1.7747 57.2253 12
      vertex 1.7747 57.2253 7
    endloop
  endfacet
  facet normal -0.772964 0.63445 0
    outer loop
      vertex 1.7747 57.2253 12
      vertex 1.59437 57.0056 7
      vertex 1.59437 57.0056 12
    endloop
  endfacet
  facet normal 0.995172 0.0981453 0
    outer loop
      vertex 87.65 56.2 12
      vertex 87.6221 56.4829 7
      vertex 87.6221 56.4829 12
    endloop
  endfacet
  facet normal 0.995172 0.0981453 0
    outer loop
      vertex 87.6221 56.4829 7
      vertex 87.65 56.2 12
      vertex 87.65 56.2 7
    endloop
  endfacet
  facet normal 0.773016 0.634387 0
    outer loop
      vertex 87.4056 57.0056 12
      vertex 87.2253 57.2253 7
      vertex 87.2253 57.2253 12
    endloop
  endfacet
  facet normal 0.773016 0.634387 0
    outer loop
      vertex 87.2253 57.2253 7
      vertex 87.4056 57.0056 12
      vertex 87.4056 57.0056 7
    endloop
  endfacet
  facet normal 0.63445 -0.772964 0
    outer loop
      vertex 87.0056 1.59437 7
      vertex 87.2253 1.7747 12
      vertex 87.0056 1.59437 12
    endloop
  endfacet
  facet normal 0.63445 -0.772964 0
    outer loop
      vertex 87.2253 1.7747 12
      vertex 87.0056 1.59437 7
      vertex 87.2253 1.7747 7
    endloop
  endfacet
  facet normal 0.290284 -0.956941 0
    outer loop
      vertex 86.4829 1.37786 7
      vertex 86.7549 1.46037 12
      vertex 86.4829 1.37786 12
    endloop
  endfacet
  facet normal 0.290284 -0.956941 0
    outer loop
      vertex 86.7549 1.46037 12
      vertex 86.4829 1.37786 7
      vertex 86.7549 1.46037 7
    endloop
  endfacet
  facet normal 0.881924 0.471391 0
    outer loop
      vertex 87.5396 56.7549 12
      vertex 87.4056 57.0056 7
      vertex 87.4056 57.0056 12
    endloop
  endfacet
  facet normal 0.881924 0.471391 0
    outer loop
      vertex 87.4056 57.0056 7
      vertex 87.5396 56.7549 12
      vertex 87.5396 56.7549 7
    endloop
  endfacet
  facet normal 0.471391 0.881924 -0
    outer loop
      vertex 87.0056 57.4056 7
      vertex 86.7549 57.5396 12
      vertex 87.0056 57.4056 12
    endloop
  endfacet
  facet normal 0.471391 0.881924 0
    outer loop
      vertex 86.7549 57.5396 12
      vertex 87.0056 57.4056 7
      vertex 86.7549 57.5396 7
    endloop
  endfacet
  facet normal -0.881924 0.471391 0
    outer loop
      vertex 1.46037 56.7549 7
      vertex 1.59437 57.0056 12
      vertex 1.59437 57.0056 7
    endloop
  endfacet
  facet normal -0.881924 0.471391 0
    outer loop
      vertex 1.59437 57.0056 12
      vertex 1.46037 56.7549 7
      vertex 1.46037 56.7549 12
    endloop
  endfacet
  facet normal -0.471406 -0.881916 0
    outer loop
      vertex 1.99442 1.59437 7
      vertex 2.24511 1.46037 12
      vertex 1.99442 1.59437 12
    endloop
  endfacet
  facet normal -0.471406 -0.881916 -0
    outer loop
      vertex 2.24511 1.46037 12
      vertex 1.99442 1.59437 7
      vertex 2.24511 1.46037 7
    endloop
  endfacet
  facet normal -0.290242 0.956953 0
    outer loop
      vertex 2.51712 57.6221 7
      vertex 2.24511 57.5396 12
      vertex 2.51712 57.6221 12
    endloop
  endfacet
  facet normal -0.290242 0.956953 0
    outer loop
      vertex 2.24511 57.5396 12
      vertex 2.51712 57.6221 7
      vertex 2.24511 57.5396 7
    endloop
  endfacet
  facet normal 0.773044 -0.634352 0
    outer loop
      vertex 87.2253 1.7747 12
      vertex 87.4056 1.99442 7
      vertex 87.4056 1.99442 12
    endloop
  endfacet
  facet normal 0.773044 -0.634352 0
    outer loop
      vertex 87.4056 1.99442 7
      vertex 87.2253 1.7747 12
      vertex 87.2253 1.7747 7
    endloop
  endfacet
  facet normal 0.881916 -0.471406 0
    outer loop
      vertex 87.4056 1.99442 12
      vertex 87.5396 2.24511 7
      vertex 87.5396 2.24511 12
    endloop
  endfacet
  facet normal 0.881916 -0.471406 0
    outer loop
      vertex 87.5396 2.24511 7
      vertex 87.4056 1.99442 12
      vertex 87.4056 1.99442 7
    endloop
  endfacet
  facet normal -0.772992 -0.634415 0
    outer loop
      vertex 1.7747 1.7747 7
      vertex 1.59437 1.99442 12
      vertex 1.59437 1.99442 7
    endloop
  endfacet
  facet normal -0.772992 -0.634415 0
    outer loop
      vertex 1.59437 1.99442 12
      vertex 1.7747 1.7747 7
      vertex 1.7747 1.7747 12
    endloop
  endfacet
  facet normal -0.634415 -0.772992 0
    outer loop
      vertex 1.7747 1.7747 7
      vertex 1.99442 1.59437 12
      vertex 1.7747 1.7747 12
    endloop
  endfacet
  facet normal -0.634415 -0.772992 -0
    outer loop
      vertex 1.99442 1.59437 12
      vertex 1.7747 1.7747 7
      vertex 1.99442 1.59437 7
    endloop
  endfacet
  facet normal -0.0981522 0.995171 0
    outer loop
      vertex 2.8 57.65 7
      vertex 2.51712 57.6221 12
      vertex 2.8 57.65 12
    endloop
  endfacet
  facet normal -0.0981522 0.995171 0
    outer loop
      vertex 2.51712 57.6221 12
      vertex 2.8 57.65 7
      vertex 2.51712 57.6221 7
    endloop
  endfacet
  facet normal 0.995171 -0.0981522 0
    outer loop
      vertex 87.6221 2.51712 12
      vertex 87.65 2.8 7
      vertex 87.65 2.8 12
    endloop
  endfacet
  facet normal 0.995171 -0.0981522 0
    outer loop
      vertex 87.65 2.8 7
      vertex 87.6221 2.51712 12
      vertex 87.6221 2.51712 7
    endloop
  endfacet
  facet normal -0.290274 -0.956944 0
    outer loop
      vertex 2.24511 1.46037 7
      vertex 2.51712 1.37786 12
      vertex 2.24511 1.46037 12
    endloop
  endfacet
  facet normal -0.290274 -0.956944 -0
    outer loop
      vertex 2.51712 1.37786 12
      vertex 2.24511 1.46037 7
      vertex 2.51712 1.37786 7
    endloop
  endfacet
  facet normal -0.881916 -0.471406 0
    outer loop
      vertex 1.59437 1.99442 7
      vertex 1.46037 2.24511 12
      vertex 1.46037 2.24511 7
    endloop
  endfacet
  facet normal -0.881916 -0.471406 0
    outer loop
      vertex 1.46037 2.24511 12
      vertex 1.59437 1.99442 7
      vertex 1.59437 1.99442 12
    endloop
  endfacet
  facet normal 0 0 1
    outer loop
      vertex 86.4239 55.8827 12
      vertex 87.65 56.2 12
      vertex 87.6221 56.4829 12
    endloop
  endfacet
  facet normal 0 0 1
    outer loop
      vertex 87.65 56.2 12
      vertex 86.5 55.5 12
      vertex 87.65 2.8 12
    endloop
  endfacet
  facet normal 0 0 1
    outer loop
      vertex 86.3315 56.0556 12
      vertex 87.6221 56.4829 12
      vertex 87.5396 56.7549 12
    endloop
  endfacet
  facet normal -0 0 1
    outer loop
      vertex 86.5 3.5 12
      vertex 87.65 2.8 12
      vertex 86.5 55.5 12
    endloop
  endfacet
  facet normal 0 0 1
    outer loop
      vertex 86.3315 56.0556 12
      vertex 87.5396 56.7549 12
      vertex 87.4056 57.0056 12
    endloop
  endfacet
  facet normal -0 0 1
    outer loop
      vertex 86.4808 3.30491 12
      vertex 87.65 2.8 12
      vertex 86.5 3.5 12
    endloop
  endfacet
  facet normal 0 0 1
    outer loop
      vertex 86.2071 56.2071 12
      vertex 87.4056 57.0056 12
      vertex 87.2253 57.2253 12
    endloop
  endfacet
  facet normal -0 0 1
    outer loop
      vertex 86.4239 3.11732 12
      vertex 87.65 2.8 12
      vertex 86.4808 3.30491 12
    endloop
  endfacet
  facet normal 0 0 1
    outer loop
      vertex 86.2071 56.2071 12
      vertex 87.2253 57.2253 12
      vertex 87.0056 57.4056 12
    endloop
  endfacet
  facet normal 0 0 1
    outer loop
      vertex 87.65 2.8 12
      vertex 86.4239 3.11732 12
      vertex 87.6221 2.51712 12
    endloop
  endfacet
  facet normal 0 0 1
    outer loop
      vertex 86.0556 56.3315 12
      vertex 87.0056 57.4056 12
      vertex 86.7549 57.5396 12
    endloop
  endfacet
  facet normal -0 0 1
    outer loop
      vertex 86.3315 2.94443 12
      vertex 87.6221 2.51712 12
      vertex 86.4239 3.11732 12
    endloop
  endfacet
  facet normal 0 0 1
    outer loop
      vertex 87.6221 2.51712 12
      vertex 86.3315 2.94443 12
      vertex 87.5396 2.24511 12
    endloop
  endfacet
  facet normal 0 0 1
    outer loop
      vertex 86.0556 56.3315 12
      vertex 86.7549 57.5396 12
      vertex 86.4829 57.6221 12
    endloop
  endfacet
  facet normal 0 0 1
    outer loop
      vertex 87.65 56.2 12
      vertex 86.4808 55.6951 12
      vertex 86.5 55.5 12
    endloop
  endfacet
  facet normal 0 0 1
    outer loop
      vertex 87.65 56.2 12
      vertex 86.4239 55.8827 12
      vertex 86.4808 55.6951 12
    endloop
  endfacet
  facet normal 0 0 1
    outer loop
      vertex 87.6221 56.4829 12
      vertex 86.3315 56.0556 12
      vertex 86.4239 55.8827 12
    endloop
  endfacet
  facet normal 0 0 1
    outer loop
      vertex 87.4056 57.0056 12
      vertex 86.2071 56.2071 12
      vertex 86.3315 56.0556 12
    endloop
  endfacet
  facet normal 0 0 1
    outer loop
      vertex 85.8827 56.4239 12
      vertex 86.4829 57.6221 12
      vertex 86.2 57.65 12
    endloop
  endfacet
  facet normal 0 0 1
    outer loop
      vertex 87.0056 57.4056 12
      vertex 86.0556 56.3315 12
      vertex 86.2071 56.2071 12
    endloop
  endfacet
  facet normal 0 0 1
    outer loop
      vertex 86.4829 57.6221 12
      vertex 85.8827 56.4239 12
      vertex 86.0556 56.3315 12
    endloop
  endfacet
  facet normal 0 0 1
    outer loop
      vertex 86.2 57.65 12
      vertex 85.6951 56.4808 12
      vertex 85.8827 56.4239 12
    endloop
  endfacet
  facet normal 0 0 1
    outer loop
      vertex 86.2 57.65 12
      vertex 85.5 56.5 12
      vertex 85.6951 56.4808 12
    endloop
  endfacet
  facet normal 0 0 1
    outer loop
      vertex 86.2 57.65 12
      vertex 3.5 56.5 12
      vertex 85.5 56.5 12
    endloop
  endfacet
  facet normal -0 0 1
    outer loop
      vertex 2.8 57.65 12
      vertex 3.5 56.5 12
      vertex 86.2 57.65 12
    endloop
  endfacet
  facet normal 0 0 1
    outer loop
      vertex 2.8 57.65 12
      vertex 3.30491 56.4808 12
      vertex 3.5 56.5 12
    endloop
  endfacet
  facet normal 0 0 1
    outer loop
      vertex 2.8 57.65 12
      vertex 3.11732 56.4239 12
      vertex 3.30491 56.4808 12
    endloop
  endfacet
  facet normal -0 0 1
    outer loop
      vertex 2.51712 57.6221 12
      vertex 3.11732 56.4239 12
      vertex 2.8 57.65 12
    endloop
  endfacet
  facet normal 0 0 1
    outer loop
      vertex 3.11732 56.4239 12
      vertex 2.51712 57.6221 12
      vertex 2.94443 56.3315 12
    endloop
  endfacet
  facet normal -0 0 1
    outer loop
      vertex 2.24511 57.5396 12
      vertex 2.94443 56.3315 12
      vertex 2.51712 57.6221 12
    endloop
  endfacet
  facet normal -0 0 1
    outer loop
      vertex 1.99442 57.4056 12
      vertex 2.94443 56.3315 12
      vertex 2.24511 57.5396 12
    endloop
  endfacet
  facet normal 0 0 1
    outer loop
      vertex 2.94443 56.3315 12
      vertex 1.99442 57.4056 12
      vertex 2.79289 56.2071 12
    endloop
  endfacet
  facet normal -0 0 1
    outer loop
      vertex 1.7747 57.2253 12
      vertex 2.79289 56.2071 12
      vertex 1.99442 57.4056 12
    endloop
  endfacet
  facet normal -0 0 1
    outer loop
      vertex 1.59437 57.0056 12
      vertex 2.79289 56.2071 12
      vertex 1.7747 57.2253 12
    endloop
  endfacet
  facet normal -0 0 1
    outer loop
      vertex 1.46037 56.7549 12
      vertex 2.66853 56.0556 12
      vertex 1.59437 57.0056 12
    endloop
  endfacet
  facet normal 0 0 1
    outer loop
      vertex 2.79289 56.2071 12
      vertex 1.59437 57.0056 12
      vertex 2.66853 56.0556 12
    endloop
  endfacet
  facet normal 0 0 1
    outer loop
      vertex 87.5396 2.24511 12
      vertex 86.3315 2.94443 12
      vertex 87.4056 1.99442 12
    endloop
  endfacet
  facet normal -0 0 1
    outer loop
      vertex 86.2071 2.79289 12
      vertex 87.4056 1.99442 12
      vertex 86.3315 2.94443 12
    endloop
  endfacet
  facet normal 0 0 1
    outer loop
      vertex 87.4056 1.99442 12
      vertex 86.2071 2.79289 12
      vertex 87.2253 1.7747 12
    endloop
  endfacet
  facet normal 0 0 1
    outer loop
      vertex 87.2253 1.7747 12
      vertex 86.2071 2.79289 12
      vertex 87.0056 1.59437 12
    endloop
  endfacet
  facet normal -0 0 1
    outer loop
      vertex 86.0556 2.66853 12
      vertex 87.0056 1.59437 12
      vertex 86.2071 2.79289 12
    endloop
  endfacet
  facet normal 0 0 1
    outer loop
      vertex 87.0056 1.59437 12
      vertex 86.0556 2.66853 12
      vertex 86.7549 1.46037 12
    endloop
  endfacet
  facet normal 0 0 1
    outer loop
      vertex 86.7549 1.46037 12
      vertex 86.0556 2.66853 12
      vertex 86.4829 1.37786 12
    endloop
  endfacet
  facet normal -0 0 1
    outer loop
      vertex 85.8827 2.57612 12
      vertex 86.4829 1.37786 12
      vertex 86.0556 2.66853 12
    endloop
  endfacet
  facet normal 0 0 1
    outer loop
      vertex 86.4829 1.37786 12
      vertex 85.8827 2.57612 12
      vertex 86.2 1.35 12
    endloop
  endfacet
  facet normal -0 0 1
    outer loop
      vertex 85.6951 2.51922 12
      vertex 86.2 1.35 12
      vertex 85.8827 2.57612 12
    endloop
  endfacet
  facet normal -0 0 1
    outer loop
      vertex 85.5 2.5 12
      vertex 86.2 1.35 12
      vertex 85.6951 2.51922 12
    endloop
  endfacet
  facet normal -0 0 1
    outer loop
      vertex 3.5 2.5 12
      vertex 86.2 1.35 12
      vertex 85.5 2.5 12
    endloop
  endfacet
  facet normal 0 0 1
    outer loop
      vertex 3.5 2.5 12
      vertex 2.8 1.35 12
      vertex 86.2 1.35 12
    endloop
  endfacet
  facet normal 0 0 1
    outer loop
      vertex 3.30491 2.51922 12
      vertex 2.8 1.35 12
      vertex 3.5 2.5 12
    endloop
  endfacet
  facet normal 0 0 1
    outer loop
      vertex 3.11732 2.57612 12
      vertex 2.8 1.35 12
      vertex 3.30491 2.51922 12
    endloop
  endfacet
  facet normal 0 0 1
    outer loop
      vertex 2.51712 1.37786 12
      vertex 3.11732 2.57612 12
      vertex 2.94443 2.66853 12
    endloop
  endfacet
  facet normal 0 0 1
    outer loop
      vertex 1.99442 1.59437 12
      vertex 2.94443 2.66853 12
      vertex 2.79289 2.79289 12
    endloop
  endfacet
  facet normal 0 0 1
    outer loop
      vertex 1.59437 1.99442 12
      vertex 2.79289 2.79289 12
      vertex 2.66853 2.94443 12
    endloop
  endfacet
  facet normal 0 0 1
    outer loop
      vertex 1.37786 2.51712 12
      vertex 2.66853 2.94443 12
      vertex 2.57612 3.11732 12
    endloop
  endfacet
  facet normal 0 0 1
    outer loop
      vertex 1.35 2.8 12
      vertex 2.57612 3.11732 12
      vertex 2.51922 3.30491 12
    endloop
  endfacet
  facet normal 0 0 1
    outer loop
      vertex 3.11732 2.57612 12
      vertex 2.51712 1.37786 12
      vertex 2.8 1.35 12
    endloop
  endfacet
  facet normal 0 0 1
    outer loop
      vertex 1.35 2.8 12
      vertex 2.51922 3.30491 12
      vertex 2.5 3.5 12
    endloop
  endfacet
  facet normal 0 0 1
    outer loop
      vertex 2.94443 2.66853 12
      vertex 2.24511 1.46037 12
      vertex 2.51712 1.37786 12
    endloop
  endfacet
  facet normal 0 0 1
    outer loop
      vertex 2.5 55.5 12
      vertex 1.35 56.2 12
      vertex 2.5 3.5 12
    endloop
  endfacet
  facet normal -0 0 1
    outer loop
      vertex 1.37786 56.4829 12
      vertex 2.66853 56.0556 12
      vertex 1.46037 56.7549 12
    endloop
  endfacet
  facet normal 0 0 1
    outer loop
      vertex 1.35 2.8 12
      vertex 2.5 3.5 12
      vertex 1.35 56.2 12
    endloop
  endfacet
  facet normal 0 0 1
    outer loop
      vertex 2.66853 56.0556 12
      vertex 1.37786 56.4829 12
      vertex 2.57612 55.8827 12
    endloop
  endfacet
  facet normal 0 0 1
    outer loop
      vertex 2.57612 3.11732 12
      vertex 1.35 2.8 12
      vertex 1.37786 2.51712 12
    endloop
  endfacet
  facet normal -0 0 1
    outer loop
      vertex 1.35 56.2 12
      vertex 2.57612 55.8827 12
      vertex 1.37786 56.4829 12
    endloop
  endfacet
  facet normal 0 0 1
    outer loop
      vertex 2.94443 2.66853 12
      vertex 1.99442 1.59437 12
      vertex 2.24511 1.46037 12
    endloop
  endfacet
  facet normal 0 0 1
    outer loop
      vertex 2.57612 55.8827 12
      vertex 1.35 56.2 12
      vertex 2.51922 55.6951 12
    endloop
  endfacet
  facet normal 0 0 1
    outer loop
      vertex 2.79289 2.79289 12
      vertex 1.7747 1.7747 12
      vertex 1.99442 1.59437 12
    endloop
  endfacet
  facet normal 0 0 1
    outer loop
      vertex 2.51922 55.6951 12
      vertex 1.35 56.2 12
      vertex 2.5 55.5 12
    endloop
  endfacet
  facet normal 0 0 1
    outer loop
      vertex 2.79289 2.79289 12
      vertex 1.59437 1.99442 12
      vertex 1.7747 1.7747 12
    endloop
  endfacet
  facet normal 0 0 1
    outer loop
      vertex 2.66853 2.94443 12
      vertex 1.46037 2.24511 12
      vertex 1.59437 1.99442 12
    endloop
  endfacet
  facet normal 0 0 1
    outer loop
      vertex 2.66853 2.94443 12
      vertex 1.37786 2.51712 12
      vertex 1.46037 2.24511 12
    endloop
  endfacet
  facet normal 0 -0.290274 -0.956944
    outer loop
      vertex 25 0.771646 9.59515
      vertex 33 1.00614 9.52402
      vertex 33 0.771646 9.59515
    endloop
  endfacet
  facet normal -0 -0.290274 -0.956944
    outer loop
      vertex 33 1.00614 9.52402
      vertex 25 0.771646 9.59515
      vertex 25 1.00614 9.52402
    endloop
  endfacet
  facet normal 0 -0.772978 0.634433
    outer loop
      vertex 25 0.210663 11.4445
      vertex 33 0.366116 11.6339
      vertex 25 0.366116 11.6339
    endloop
  endfacet
  facet normal 0 -0.772978 0.634433
    outer loop
      vertex 33 0.366116 11.6339
      vertex 25 0.210663 11.4445
      vertex 33 0.210663 11.4445
    endloop
  endfacet
  facet normal 0 0.0980256 -0.995184
    outer loop
      vertex 25 1.25 9.5
      vertex 33 1.35 9.50985
      vertex 33 1.25 9.5
    endloop
  endfacet
  facet normal 0 0.0980256 -0.995184
    outer loop
      vertex 33 1.35 9.50985
      vertex 25 1.25 9.5
      vertex 25 1.35 9.50985
    endloop
  endfacet
  facet normal 0 -0.772945 -0.634473
    outer loop
      vertex 25 0.366116 9.86612
      vertex 33 0.210663 10.0555
      vertex 25 0.210663 10.0555
    endloop
  endfacet
  facet normal 0 -0.772945 -0.634473
    outer loop
      vertex 33 0.210663 10.0555
      vertex 25 0.366116 9.86612
      vertex 33 0.366116 9.86612
    endloop
  endfacet
  facet normal 1 0 0
    outer loop
      vertex 33 1.00614 11.976
      vertex 33 1.35 11.9902
      vertex 33 1.25 12
    endloop
  endfacet
  facet normal 1 0 0
    outer loop
      vertex 33 0.771646 11.9048
      vertex 33 1.35 11.9902
      vertex 33 1.00614 11.976
    endloop
  endfacet
  facet normal 1 0 0
    outer loop
      vertex 33 1.35 11.9902
      vertex 33 0.771646 11.9048
      vertex 33 1.35 9.50985
    endloop
  endfacet
  facet normal 1 0 0
    outer loop
      vertex 33 1.35 9.50985
      vertex 33 1.00614 9.52402
      vertex 33 1.25 9.5
    endloop
  endfacet
  facet normal 1 -0 0
    outer loop
      vertex 33 0.771646 9.59515
      vertex 33 1.35 9.50985
      vertex 33 0.771646 11.9048
    endloop
  endfacet
  facet normal 1 0 0
    outer loop
      vertex 33 1.35 9.50985
      vertex 33 0.771646 9.59515
      vertex 33 1.00614 9.52402
    endloop
  endfacet
  facet normal 1 -0 0
    outer loop
      vertex 33 0.555536 11.7893
      vertex 33 0.771646 9.59515
      vertex 33 0.771646 11.9048
    endloop
  endfacet
  facet normal 1 0 0
    outer loop
      vertex 33 0.555536 11.7893
      vertex 33 0.555536 9.71066
      vertex 33 0.771646 9.59515
    endloop
  endfacet
  facet normal 1 -0 0
    outer loop
      vertex 33 0.366116 11.6339
      vertex 33 0.555536 9.71066
      vertex 33 0.555536 11.7893
    endloop
  endfacet
  facet normal 1 0 0
    outer loop
      vertex 33 0.366116 11.6339
      vertex 33 0.366116 9.86612
      vertex 33 0.555536 9.71066
    endloop
  endfacet
  facet normal 1 -0 0
    outer loop
      vertex 33 0.210663 11.4445
      vertex 33 0.366116 9.86612
      vertex 33 0.366116 11.6339
    endloop
  endfacet
  facet normal 1 0 0
    outer loop
      vertex 33 0.210663 11.4445
      vertex 33 0.210663 10.0555
      vertex 33 0.366116 9.86612
    endloop
  endfacet
  facet normal 1 -0 0
    outer loop
      vertex 33 0.09515 11.2284
      vertex 33 0.210663 10.0555
      vertex 33 0.210663 11.4445
    endloop
  endfacet
  facet normal 1 0 0
    outer loop
      vertex 33 0.09515 11.2284
      vertex 33 0.09515 10.2716
      vertex 33 0.210663 10.0555
    endloop
  endfacet
  facet normal 1 -0 0
    outer loop
      vertex 33 0.0240183 10.9939
      vertex 33 0.09515 10.2716
      vertex 33 0.09515 11.2284
    endloop
  endfacet
  facet normal 1 0 0
    outer loop
      vertex 33 0.0240183 10.9939
      vertex 33 0.0240183 10.5061
      vertex 33 0.09515 10.2716
    endloop
  endfacet
  facet normal 1 0 -0
    outer loop
      vertex 33 0.0240183 10.5061
      vertex 33 0.0240183 10.9939
      vertex 33 0 10.75
    endloop
  endfacet
  facet normal 0 -0.63441 -0.772996
    outer loop
      vertex 25 0.366116 9.86612
      vertex 33 0.555536 9.71066
      vertex 33 0.366116 9.86612
    endloop
  endfacet
  facet normal -0 -0.63441 -0.772996
    outer loop
      vertex 33 0.555536 9.71066
      vertex 25 0.366116 9.86612
      vertex 25 0.555536 9.71066
    endloop
  endfacet
  facet normal 0 -0.881913 0.471413
    outer loop
      vertex 25 0.09515 11.2284
      vertex 33 0.210663 11.4445
      vertex 25 0.210663 11.4445
    endloop
  endfacet
  facet normal 0 -0.881913 0.471413
    outer loop
      vertex 33 0.210663 11.4445
      vertex 25 0.09515 11.2284
      vertex 33 0.09515 11.2284
    endloop
  endfacet
  facet normal 0 -0.995186 0.098002
    outer loop
      vertex 25 0 10.75
      vertex 33 0.0240183 10.9939
      vertex 25 0.0240183 10.9939
    endloop
  endfacet
  facet normal 0 -0.995186 0.098002
    outer loop
      vertex 33 0.0240183 10.9939
      vertex 25 0 10.75
      vertex 33 0 10.75
    endloop
  endfacet
  facet normal -0 0.0975328 0.995232
    outer loop
      vertex 25 1.35 11.9902
      vertex 33 1.25 12
      vertex 33 1.35 11.9902
    endloop
  endfacet
  facet normal 0 0.0975328 0.995232
    outer loop
      vertex 33 1.25 12
      vertex 25 1.35 11.9902
      vertex 25 1.25 12
    endloop
  endfacet
  facet normal 0 -0.0980248 -0.995184
    outer loop
      vertex 25 1.00614 9.52402
      vertex 33 1.25 9.5
      vertex 33 1.00614 9.52402
    endloop
  endfacet
  facet normal -0 -0.0980248 -0.995184
    outer loop
      vertex 33 1.25 9.5
      vertex 25 1.00614 9.52402
      vertex 25 1.25 9.5
    endloop
  endfacet
  facet normal 0 -0.956944 -0.290273
    outer loop
      vertex 25 0.09515 10.2716
      vertex 33 0.0240183 10.5061
      vertex 25 0.0240183 10.5061
    endloop
  endfacet
  facet normal 0 -0.956944 -0.290273
    outer loop
      vertex 33 0.0240183 10.5061
      vertex 25 0.09515 10.2716
      vertex 33 0.09515 10.2716
    endloop
  endfacet
  facet normal 0 -0.881913 -0.471413
    outer loop
      vertex 25 0.210663 10.0555
      vertex 33 0.09515 10.2716
      vertex 25 0.09515 10.2716
    endloop
  endfacet
  facet normal 0 -0.881913 -0.471413
    outer loop
      vertex 33 0.09515 10.2716
      vertex 25 0.210663 10.0555
      vertex 33 0.210663 10.0555
    endloop
  endfacet
  facet normal 0 -0.471387 -0.881927
    outer loop
      vertex 25 0.555536 9.71066
      vertex 33 0.771646 9.59515
      vertex 33 0.555536 9.71066
    endloop
  endfacet
  facet normal -0 -0.471387 -0.881927
    outer loop
      vertex 33 0.771646 9.59515
      vertex 25 0.555536 9.71066
      vertex 25 0.771646 9.59515
    endloop
  endfacet
  facet normal 0 -0.956944 0.290273
    outer loop
      vertex 25 0.0240183 10.9939
      vertex 33 0.09515 11.2284
      vertex 25 0.09515 11.2284
    endloop
  endfacet
  facet normal 0 -0.956944 0.290273
    outer loop
      vertex 33 0.09515 11.2284
      vertex 25 0.0240183 10.9939
      vertex 33 0.0240183 10.9939
    endloop
  endfacet
  facet normal 0 -0.634264 0.773116
    outer loop
      vertex 25 0.555536 11.7893
      vertex 33 0.366116 11.6339
      vertex 33 0.555536 11.7893
    endloop
  endfacet
  facet normal 0 -0.634264 0.773116
    outer loop
      vertex 33 0.366116 11.6339
      vertex 25 0.555536 11.7893
      vertex 25 0.366116 11.6339
    endloop
  endfacet
  facet normal -1 0 0
    outer loop
      vertex 25 1.00614 9.52402
      vertex 25 1.35 9.50985
      vertex 25 1.25 9.5
    endloop
  endfacet
  facet normal -1 0 0
    outer loop
      vertex 25 0.771646 9.59515
      vertex 25 1.35 9.50985
      vertex 25 1.00614 9.52402
    endloop
  endfacet
  facet normal -1 0 0
    outer loop
      vertex 25 1.35 9.50985
      vertex 25 0.771646 9.59515
      vertex 25 1.35 11.9902
    endloop
  endfacet
  facet normal -1 -0 0
    outer loop
      vertex 25 1.35 11.9902
      vertex 25 1.00614 11.976
      vertex 25 1.25 12
    endloop
  endfacet
  facet normal -1 0 0
    outer loop
      vertex 25 0.771646 11.9048
      vertex 25 1.35 11.9902
      vertex 25 0.771646 9.59515
    endloop
  endfacet
  facet normal -1 0 0
    outer loop
      vertex 25 1.35 11.9902
      vertex 25 0.771646 11.9048
      vertex 25 1.00614 11.976
    endloop
  endfacet
  facet normal -1 0 0
    outer loop
      vertex 25 0.555536 9.71066
      vertex 25 0.771646 11.9048
      vertex 25 0.771646 9.59515
    endloop
  endfacet
  facet normal -1 0 0
    outer loop
      vertex 25 0.555536 9.71066
      vertex 25 0.555536 11.7893
      vertex 25 0.771646 11.9048
    endloop
  endfacet
  facet normal -1 0 0
    outer loop
      vertex 25 0.366116 9.86612
      vertex 25 0.555536 11.7893
      vertex 25 0.555536 9.71066
    endloop
  endfacet
  facet normal -1 0 0
    outer loop
      vertex 25 0.366116 9.86612
      vertex 25 0.366116 11.6339
      vertex 25 0.555536 11.7893
    endloop
  endfacet
  facet normal -1 0 0
    outer loop
      vertex 25 0.210663 10.0555
      vertex 25 0.366116 11.6339
      vertex 25 0.366116 9.86612
    endloop
  endfacet
  facet normal -1 0 0
    outer loop
      vertex 25 0.210663 10.0555
      vertex 25 0.210663 11.4445
      vertex 25 0.366116 11.6339
    endloop
  endfacet
  facet normal -1 0 0
    outer loop
      vertex 25 0.09515 10.2716
      vertex 25 0.210663 11.4445
      vertex 25 0.210663 10.0555
    endloop
  endfacet
  facet normal -1 0 0
    outer loop
      vertex 25 0.09515 10.2716
      vertex 25 0.09515 11.2284
      vertex 25 0.210663 11.4445
    endloop
  endfacet
  facet normal -1 0 0
    outer loop
      vertex 25 0.0240183 10.5061
      vertex 25 0.09515 11.2284
      vertex 25 0.09515 10.2716
    endloop
  endfacet
  facet normal -1 0 0
    outer loop
      vertex 25 0.0240183 10.5061
      vertex 25 0.0240183 10.9939
      vertex 25 0.09515 11.2284
    endloop
  endfacet
  facet normal -1 0 -0
    outer loop
      vertex 25 0.0240183 10.9939
      vertex 25 0.0240183 10.5061
      vertex 25 0 10.75
    endloop
  endfacet
  facet normal 0 -0.290535 0.956864
    outer loop
      vertex 25 1.00614 11.976
      vertex 33 0.771646 11.9048
      vertex 33 1.00614 11.976
    endloop
  endfacet
  facet normal 0 -0.290535 0.956864
    outer loop
      vertex 33 0.771646 11.9048
      vertex 25 1.00614 11.976
      vertex 25 0.771646 11.9048
    endloop
  endfacet
  facet normal 0 -0.995186 -0.098002
    outer loop
      vertex 25 0.0240183 10.5061
      vertex 33 0 10.75
      vertex 25 0 10.75
    endloop
  endfacet
  facet normal 0 -0.995186 -0.098002
    outer loop
      vertex 33 0 10.75
      vertex 25 0.0240183 10.5061
      vertex 33 0.0240183 10.5061
    endloop
  endfacet
  facet normal 0 -0.0979439 0.995192
    outer loop
      vertex 25 1.25 12
      vertex 33 1.00614 11.976
      vertex 33 1.25 12
    endloop
  endfacet
  facet normal 0 -0.0979439 0.995192
    outer loop
      vertex 33 1.00614 11.976
      vertex 25 1.25 12
      vertex 25 1.00614 11.976
    endloop
  endfacet
  facet normal 0 -0.471355 0.881944
    outer loop
      vertex 25 0.771646 11.9048
      vertex 33 0.555536 11.7893
      vertex 33 0.771646 11.9048
    endloop
  endfacet
  facet normal 0 -0.471355 0.881944
    outer loop
      vertex 33 0.555536 11.7893
      vertex 25 0.771646 11.9048
      vertex 25 0.555536 11.7893
    endloop
  endfacet
  facet normal 0 0.0980088 -0.995186
    outer loop
      vertex 30 57.75 9.5
      vertex 38 57.9939 9.52402
      vertex 38 57.75 9.5
    endloop
  endfacet
  facet normal 0 0.0980088 -0.995186
    outer loop
      vertex 38 57.9939 9.52402
      vertex 30 57.75 9.5
      vertex 30 57.9939 9.52402
    endloop
  endfacet
  facet normal 0 0.63445 -0.772964
    outer loop
      vertex 30 58.4445 9.71066
      vertex 38 58.6339 9.86612
      vertex 38 58.4445 9.71066
    endloop
  endfacet
  facet normal 0 0.63445 -0.772964
    outer loop
      vertex 38 58.6339 9.86612
      vertex 30 58.4445 9.71066
      vertex 30 58.6339 9.86612
    endloop
  endfacet
  facet normal -0 0.634304 0.773084
    outer loop
      vertex 30 58.6339 11.6339
      vertex 38 58.4445 11.7893
      vertex 38 58.6339 11.6339
    endloop
  endfacet
  facet normal 0 0.634304 0.773084
    outer loop
      vertex 38 58.4445 11.7893
      vertex 30 58.6339 11.6339
      vertex 30 58.4445 11.7893
    endloop
  endfacet
  facet normal 1 0 0
    outer loop
      vertex 38 58.976 10.9939
      vertex 38 58.976 10.5061
      vertex 38 59 10.75
    endloop
  endfacet
  facet normal 1 0 0
    outer loop
      vertex 38 58.9049 11.2284
      vertex 38 58.976 10.5061
      vertex 38 58.976 10.9939
    endloop
  endfacet
  facet normal 1 0 0
    outer loop
      vertex 38 58.9049 11.2284
      vertex 38 58.9049 10.2716
      vertex 38 58.976 10.5061
    endloop
  endfacet
  facet normal 1 0 0
    outer loop
      vertex 38 58.7893 11.4445
      vertex 38 58.9049 10.2716
      vertex 38 58.9049 11.2284
    endloop
  endfacet
  facet normal 1 0 0
    outer loop
      vertex 38 58.7893 11.4445
      vertex 38 58.7893 10.0555
      vertex 38 58.9049 10.2716
    endloop
  endfacet
  facet normal 1 0 0
    outer loop
      vertex 38 58.6339 11.6339
      vertex 38 58.7893 10.0555
      vertex 38 58.7893 11.4445
    endloop
  endfacet
  facet normal 1 0 0
    outer loop
      vertex 38 58.6339 11.6339
      vertex 38 58.6339 9.86612
      vertex 38 58.7893 10.0555
    endloop
  endfacet
  facet normal 1 0 0
    outer loop
      vertex 38 58.4445 11.7893
      vertex 38 58.6339 9.86612
      vertex 38 58.6339 11.6339
    endloop
  endfacet
  facet normal 1 0 0
    outer loop
      vertex 38 58.4445 11.7893
      vertex 38 58.4445 9.71066
      vertex 38 58.6339 9.86612
    endloop
  endfacet
  facet normal 1 0 0
    outer loop
      vertex 38 58.2284 11.9048
      vertex 38 58.4445 9.71066
      vertex 38 58.4445 11.7893
    endloop
  endfacet
  facet normal 1 0 0
    outer loop
      vertex 38 58.2284 11.9048
      vertex 38 58.2284 9.59515
      vertex 38 58.4445 9.71066
    endloop
  endfacet
  facet normal 1 0 0
    outer loop
      vertex 38 57.65 11.9902
      vertex 38 58.2284 11.9048
      vertex 38 57.9939 11.976
    endloop
  endfacet
  facet normal 1 0 0
    outer loop
      vertex 38 58.2284 11.9048
      vertex 38 57.65 11.9902
      vertex 38 58.2284 9.59515
    endloop
  endfacet
  facet normal 1 -0 0
    outer loop
      vertex 38 57.65 11.9902
      vertex 38 57.9939 11.976
      vertex 38 57.75 12
    endloop
  endfacet
  facet normal 1 0 0
    outer loop
      vertex 38 57.65 9.50985
      vertex 38 58.2284 9.59515
      vertex 38 57.65 11.9902
    endloop
  endfacet
  facet normal 1 0 0
    outer loop
      vertex 38 58.2284 9.59515
      vertex 38 57.65 9.50985
      vertex 38 57.9939 9.52402
    endloop
  endfacet
  facet normal 1 0 0
    outer loop
      vertex 38 57.9939 9.52402
      vertex 38 57.65 9.50985
      vertex 38 57.75 9.5
    endloop
  endfacet
  facet normal 0 0.290267 -0.956946
    outer loop
      vertex 30 57.9939 9.52402
      vertex 38 58.2284 9.59515
      vertex 38 57.9939 9.52402
    endloop
  endfacet
  facet normal 0 0.290267 -0.956946
    outer loop
      vertex 38 58.2284 9.59515
      vertex 30 57.9939 9.52402
      vertex 30 58.2284 9.59515
    endloop
  endfacet
  facet normal 0 0.995194 -0.097928
    outer loop
      vertex 38 58.976 10.5061
      vertex 30 59 10.75
      vertex 38 59 10.75
    endloop
  endfacet
  facet normal 0 0.995194 -0.097928
    outer loop
      vertex 30 59 10.75
      vertex 38 58.976 10.5061
      vertex 30 58.976 10.5061
    endloop
  endfacet
  facet normal 0 0.773051 -0.634344
    outer loop
      vertex 38 58.6339 9.86612
      vertex 30 58.7893 10.0555
      vertex 38 58.7893 10.0555
    endloop
  endfacet
  facet normal 0 0.773051 -0.634344
    outer loop
      vertex 30 58.7893 10.0555
      vertex 38 58.6339 9.86612
      vertex 30 58.6339 9.86612
    endloop
  endfacet
  facet normal 0 0.881765 -0.471689
    outer loop
      vertex 38 58.7893 10.0555
      vertex 30 58.9049 10.2716
      vertex 38 58.9049 10.2716
    endloop
  endfacet
  facet normal 0 0.881765 -0.471689
    outer loop
      vertex 30 58.9049 10.2716
      vertex 38 58.7893 10.0555
      vertex 30 58.7893 10.0555
    endloop
  endfacet
  facet normal -0 0.097928 0.995194
    outer loop
      vertex 30 57.9939 11.976
      vertex 38 57.75 12
      vertex 38 57.9939 11.976
    endloop
  endfacet
  facet normal 0 0.097928 0.995194
    outer loop
      vertex 38 57.75 12
      vertex 30 57.9939 11.976
      vertex 30 57.75 12
    endloop
  endfacet
  facet normal 0 -0.0980256 -0.995184
    outer loop
      vertex 30 57.65 9.50985
      vertex 38 57.75 9.5
      vertex 38 57.65 9.50985
    endloop
  endfacet
  facet normal -0 -0.0980256 -0.995184
    outer loop
      vertex 38 57.75 9.5
      vertex 30 57.65 9.50985
      vertex 30 57.75 9.5
    endloop
  endfacet
  facet normal 0 0.95698 -0.290155
    outer loop
      vertex 38 58.9049 10.2716
      vertex 30 58.976 10.5061
      vertex 38 58.976 10.5061
    endloop
  endfacet
  facet normal 0 0.95698 -0.290155
    outer loop
      vertex 30 58.976 10.5061
      vertex 38 58.9049 10.2716
      vertex 30 58.9049 10.2716
    endloop
  endfacet
  facet normal 0 0.773084 0.634304
    outer loop
      vertex 38 58.7893 11.4445
      vertex 30 58.6339 11.6339
      vertex 38 58.6339 11.6339
    endloop
  endfacet
  facet normal 0 0.773084 0.634304
    outer loop
      vertex 30 58.6339 11.6339
      vertex 38 58.7893 11.4445
      vertex 30 58.7893 11.4445
    endloop
  endfacet
  facet normal 0 0.881765 0.471689
    outer loop
      vertex 38 58.9049 11.2284
      vertex 30 58.7893 11.4445
      vertex 38 58.7893 11.4445
    endloop
  endfacet
  facet normal 0 0.881765 0.471689
    outer loop
      vertex 30 58.7893 11.4445
      vertex 38 58.9049 11.2284
      vertex 30 58.9049 11.2284
    endloop
  endfacet
  facet normal -0 0.471372 0.881935
    outer loop
      vertex 30 58.4445 11.7893
      vertex 38 58.2284 11.9048
      vertex 38 58.4445 11.7893
    endloop
  endfacet
  facet normal 0 0.471372 0.881935
    outer loop
      vertex 38 58.2284 11.9048
      vertex 30 58.4445 11.7893
      vertex 30 58.2284 11.9048
    endloop
  endfacet
  facet normal -0 0.290528 0.956866
    outer loop
      vertex 30 58.2284 11.9048
      vertex 38 57.9939 11.976
      vertex 38 58.2284 11.9048
    endloop
  endfacet
  facet normal 0 0.290528 0.956866
    outer loop
      vertex 38 57.9939 11.976
      vertex 30 58.2284 11.9048
      vertex 30 57.9939 11.976
    endloop
  endfacet
  facet normal 0 0.471404 -0.881918
    outer loop
      vertex 30 58.2284 9.59515
      vertex 38 58.4445 9.71066
      vertex 38 58.2284 9.59515
    endloop
  endfacet
  facet normal 0 0.471404 -0.881918
    outer loop
      vertex 38 58.4445 9.71066
      vertex 30 58.2284 9.59515
      vertex 30 58.4445 9.71066
    endloop
  endfacet
  facet normal 0 0.95698 0.290155
    outer loop
      vertex 38 58.976 10.9939
      vertex 30 58.9049 11.2284
      vertex 38 58.9049 11.2284
    endloop
  endfacet
  facet normal 0 0.95698 0.290155
    outer loop
      vertex 30 58.9049 11.2284
      vertex 38 58.976 10.9939
      vertex 30 58.976 10.9939
    endloop
  endfacet
  facet normal 0 0.995194 0.097928
    outer loop
      vertex 38 59 10.75
      vertex 30 58.976 10.9939
      vertex 38 58.976 10.9939
    endloop
  endfacet
  facet normal 0 0.995194 0.097928
    outer loop
      vertex 30 58.976 10.9939
      vertex 38 59 10.75
      vertex 30 59 10.75
    endloop
  endfacet
  facet normal -1 0 0
    outer loop
      vertex 30 58.976 10.5061
      vertex 30 58.976 10.9939
      vertex 30 59 10.75
    endloop
  endfacet
  facet normal -1 0 0
    outer loop
      vertex 30 58.9049 10.2716
      vertex 30 58.976 10.9939
      vertex 30 58.976 10.5061
    endloop
  endfacet
  facet normal -1 0 0
    outer loop
      vertex 30 58.9049 10.2716
      vertex 30 58.9049 11.2284
      vertex 30 58.976 10.9939
    endloop
  endfacet
  facet normal -1 0 0
    outer loop
      vertex 30 58.7893 10.0555
      vertex 30 58.9049 11.2284
      vertex 30 58.9049 10.2716
    endloop
  endfacet
  facet normal -1 0 0
    outer loop
      vertex 30 58.7893 10.0555
      vertex 30 58.7893 11.4445
      vertex 30 58.9049 11.2284
    endloop
  endfacet
  facet normal -1 0 0
    outer loop
      vertex 30 58.6339 9.86612
      vertex 30 58.7893 11.4445
      vertex 30 58.7893 10.0555
    endloop
  endfacet
  facet normal -1 0 0
    outer loop
      vertex 30 58.6339 9.86612
      vertex 30 58.6339 11.6339
      vertex 30 58.7893 11.4445
    endloop
  endfacet
  facet normal -1 0 0
    outer loop
      vertex 30 58.4445 9.71066
      vertex 30 58.6339 11.6339
      vertex 30 58.6339 9.86612
    endloop
  endfacet
  facet normal -1 0 0
    outer loop
      vertex 30 58.4445 9.71066
      vertex 30 58.4445 11.7893
      vertex 30 58.6339 11.6339
    endloop
  endfacet
  facet normal -1 0 0
    outer loop
      vertex 30 58.2284 9.59515
      vertex 30 58.4445 11.7893
      vertex 30 58.4445 9.71066
    endloop
  endfacet
  facet normal -1 0 0
    outer loop
      vertex 30 58.2284 9.59515
      vertex 30 58.2284 11.9048
      vertex 30 58.4445 11.7893
    endloop
  endfacet
  facet normal -1 0 0
    outer loop
      vertex 30 57.65 9.50985
      vertex 30 58.2284 9.59515
      vertex 30 57.9939 9.52402
    endloop
  endfacet
  facet normal -1 -0 0
    outer loop
      vertex 30 58.2284 9.59515
      vertex 30 57.65 9.50985
      vertex 30 58.2284 11.9048
    endloop
  endfacet
  facet normal -1 0 0
    outer loop
      vertex 30 57.65 9.50985
      vertex 30 57.9939 9.52402
      vertex 30 57.75 9.5
    endloop
  endfacet
  facet normal -1 0 0
    outer loop
      vertex 30 57.65 11.9902
      vertex 30 58.2284 11.9048
      vertex 30 57.65 9.50985
    endloop
  endfacet
  facet normal -1 0 0
    outer loop
      vertex 30 58.2284 11.9048
      vertex 30 57.65 11.9902
      vertex 30 57.9939 11.976
    endloop
  endfacet
  facet normal -1 0 0
    outer loop
      vertex 30 57.9939 11.976
      vertex 30 57.65 11.9902
      vertex 30 57.75 12
    endloop
  endfacet
  facet normal 0 -0.0975328 0.995232
    outer loop
      vertex 30 57.75 12
      vertex 38 57.65 11.9902
      vertex 38 57.75 12
    endloop
  endfacet
  facet normal 0 -0.0975328 0.995232
    outer loop
      vertex 38 57.65 11.9902
      vertex 30 57.75 12
      vertex 30 57.65 11.9902
    endloop
  endfacet
  facet normal -0.773073 0.634317 0
    outer loop
      vertex 21.5899 21.4445 4
      vertex 22.0251 21.9749 11.6
      vertex 22.0251 21.9749 4
    endloop
  endfacet
  facet normal -0.773073 0.634317 0
    outer loop
      vertex 22.0251 21.9749 11.6
      vertex 21.5899 21.4445 4
      vertex 21.5899 21.4445 11.6
    endloop
  endfacet
  facet normal 0.995178 -0.0980894 0
    outer loop
      vertex 27.9327 18.8172 11.6
      vertex 28 19.5 4
      vertex 28 19.5 11.6
    endloop
  endfacet
  facet normal 0.995178 -0.0980894 0
    outer loop
      vertex 28 19.5 4
      vertex 27.9327 18.8172 11.6
      vertex 27.9327 18.8172 4
    endloop
  endfacet
  facet normal 0.88188 -0.471473 0
    outer loop
      vertex 27.4101 17.5555 11.6
      vertex 27.7336 18.1606 4
      vertex 27.7336 18.1606 11.6
    endloop
  endfacet
  facet normal 0.88188 -0.471473 0
    outer loop
      vertex 27.7336 18.1606 4
      vertex 27.4101 17.5555 11.6
      vertex 27.4101 17.5555 4
    endloop
  endfacet
  facet normal -0.471473 0.88188 0
    outer loop
      vertex 23.1606 22.7336 4
      vertex 22.5555 22.4101 11.6
      vertex 23.1606 22.7336 11.6
    endloop
  endfacet
  facet normal -0.471473 0.88188 0
    outer loop
      vertex 22.5555 22.4101 11.6
      vertex 23.1606 22.7336 4
      vertex 22.5555 22.4101 4
    endloop
  endfacet
  facet normal 0.290181 -0.956972 0
    outer loop
      vertex 25.1828 16.0673 4
      vertex 25.8394 16.2664 11.6
      vertex 25.1828 16.0673 11.6
    endloop
  endfacet
  facet normal 0.290181 -0.956972 0
    outer loop
      vertex 25.8394 16.2664 11.6
      vertex 25.1828 16.0673 4
      vertex 25.8394 16.2664 4
    endloop
  endfacet
  facet normal 0.773073 0.634317 0
    outer loop
      vertex 27.4101 21.4445 11.6
      vertex 26.9749 21.9749 4
      vertex 26.9749 21.9749 11.6
    endloop
  endfacet
  facet normal 0.773073 0.634317 0
    outer loop
      vertex 26.9749 21.9749 4
      vertex 27.4101 21.4445 11.6
      vertex 27.4101 21.4445 4
    endloop
  endfacet
  facet normal 0.471473 0.88188 -0
    outer loop
      vertex 26.4445 22.4101 4
      vertex 25.8394 22.7336 11.6
      vertex 26.4445 22.4101 11.6
    endloop
  endfacet
  facet normal 0.471473 0.88188 0
    outer loop
      vertex 25.8394 22.7336 11.6
      vertex 26.4445 22.4101 4
      vertex 25.8394 22.7336 4
    endloop
  endfacet
  facet normal 0.88188 0.471473 0
    outer loop
      vertex 27.7336 20.8394 11.6
      vertex 27.4101 21.4445 4
      vertex 27.4101 21.4445 11.6
    endloop
  endfacet
  facet normal 0.88188 0.471473 0
    outer loop
      vertex 27.4101 21.4445 4
      vertex 27.7336 20.8394 11.6
      vertex 27.7336 20.8394 4
    endloop
  endfacet
  facet normal -0.995178 0.0980894 0
    outer loop
      vertex 21 19.5 4
      vertex 21.0673 20.1828 11.6
      vertex 21.0673 20.1828 4
    endloop
  endfacet
  facet normal -0.995178 0.0980894 0
    outer loop
      vertex 21.0673 20.1828 11.6
      vertex 21 19.5 4
      vertex 21 19.5 11.6
    endloop
  endfacet
  facet normal 0.773073 -0.634317 0
    outer loop
      vertex 26.9749 17.0251 11.6
      vertex 27.4101 17.5555 4
      vertex 27.4101 17.5555 11.6
    endloop
  endfacet
  facet normal 0.773073 -0.634317 0
    outer loop
      vertex 27.4101 17.5555 4
      vertex 26.9749 17.0251 11.6
      vertex 26.9749 17.0251 4
    endloop
  endfacet
  facet normal -0.290181 -0.956972 0
    outer loop
      vertex 23.1606 16.2664 4
      vertex 23.8172 16.0673 11.6
      vertex 23.1606 16.2664 11.6
    endloop
  endfacet
  facet normal -0.290181 -0.956972 -0
    outer loop
      vertex 23.8172 16.0673 11.6
      vertex 23.1606 16.2664 4
      vertex 23.8172 16.0673 4
    endloop
  endfacet
  facet normal 0.0980894 -0.995178 0
    outer loop
      vertex 24.5 16 4
      vertex 25.1828 16.0673 11.6
      vertex 24.5 16 11.6
    endloop
  endfacet
  facet normal 0.0980894 -0.995178 0
    outer loop
      vertex 25.1828 16.0673 11.6
      vertex 24.5 16 4
      vertex 25.1828 16.0673 4
    endloop
  endfacet
  facet normal -0.88188 -0.471473 0
    outer loop
      vertex 21.5899 17.5555 4
      vertex 21.2664 18.1606 11.6
      vertex 21.2664 18.1606 4
    endloop
  endfacet
  facet normal -0.88188 -0.471473 0
    outer loop
      vertex 21.2664 18.1606 11.6
      vertex 21.5899 17.5555 4
      vertex 21.5899 17.5555 11.6
    endloop
  endfacet
  facet normal 0.956972 -0.290181 0
    outer loop
      vertex 27.7336 18.1606 11.6
      vertex 27.9327 18.8172 4
      vertex 27.9327 18.8172 11.6
    endloop
  endfacet
  facet normal 0.956972 -0.290181 0
    outer loop
      vertex 27.9327 18.8172 4
      vertex 27.7336 18.1606 11.6
      vertex 27.7336 18.1606 4
    endloop
  endfacet
  facet normal 0.471473 -0.88188 0
    outer loop
      vertex 25.8394 16.2664 4
      vertex 26.4445 16.5899 11.6
      vertex 25.8394 16.2664 11.6
    endloop
  endfacet
  facet normal 0.471473 -0.88188 0
    outer loop
      vertex 26.4445 16.5899 11.6
      vertex 25.8394 16.2664 4
      vertex 26.4445 16.5899 4
    endloop
  endfacet
  facet normal -0.773073 -0.634317 0
    outer loop
      vertex 22.0251 17.0251 4
      vertex 21.5899 17.5555 11.6
      vertex 21.5899 17.5555 4
    endloop
  endfacet
  facet normal -0.773073 -0.634317 0
    outer loop
      vertex 21.5899 17.5555 11.6
      vertex 22.0251 17.0251 4
      vertex 22.0251 17.0251 11.6
    endloop
  endfacet
  facet normal -0.634317 0.773073 0
    outer loop
      vertex 22.5555 22.4101 4
      vertex 22.0251 21.9749 11.6
      vertex 22.5555 22.4101 11.6
    endloop
  endfacet
  facet normal -0.634317 0.773073 0
    outer loop
      vertex 22.0251 21.9749 11.6
      vertex 22.5555 22.4101 4
      vertex 22.0251 21.9749 4
    endloop
  endfacet
  facet normal -0.88188 0.471473 0
    outer loop
      vertex 21.2664 20.8394 4
      vertex 21.5899 21.4445 11.6
      vertex 21.5899 21.4445 4
    endloop
  endfacet
  facet normal -0.88188 0.471473 0
    outer loop
      vertex 21.5899 21.4445 11.6
      vertex 21.2664 20.8394 4
      vertex 21.2664 20.8394 11.6
    endloop
  endfacet
  facet normal 0.956972 0.290181 0
    outer loop
      vertex 27.9327 20.1828 11.6
      vertex 27.7336 20.8394 4
      vertex 27.7336 20.8394 11.6
    endloop
  endfacet
  facet normal 0.956972 0.290181 0
    outer loop
      vertex 27.7336 20.8394 4
      vertex 27.9327 20.1828 11.6
      vertex 27.9327 20.1828 4
    endloop
  endfacet
  facet normal 0.0980894 0.995178 -0
    outer loop
      vertex 25.1828 22.9327 4
      vertex 24.5 23 11.6
      vertex 25.1828 22.9327 11.6
    endloop
  endfacet
  facet normal 0.0980894 0.995178 0
    outer loop
      vertex 24.5 23 11.6
      vertex 25.1828 22.9327 4
      vertex 24.5 23 4
    endloop
  endfacet
  facet normal 0.634317 -0.773073 0
    outer loop
      vertex 26.4445 16.5899 4
      vertex 26.9749 17.0251 11.6
      vertex 26.4445 16.5899 11.6
    endloop
  endfacet
  facet normal 0.634317 -0.773073 0
    outer loop
      vertex 26.9749 17.0251 11.6
      vertex 26.4445 16.5899 4
      vertex 26.9749 17.0251 4
    endloop
  endfacet
  facet normal -0.634317 -0.773073 0
    outer loop
      vertex 22.0251 17.0251 4
      vertex 22.5555 16.5899 11.6
      vertex 22.0251 17.0251 11.6
    endloop
  endfacet
  facet normal -0.634317 -0.773073 -0
    outer loop
      vertex 22.5555 16.5899 11.6
      vertex 22.0251 17.0251 4
      vertex 22.5555 16.5899 4
    endloop
  endfacet
  facet normal 0.290181 0.956972 -0
    outer loop
      vertex 25.8394 22.7336 4
      vertex 25.1828 22.9327 11.6
      vertex 25.8394 22.7336 11.6
    endloop
  endfacet
  facet normal 0.290181 0.956972 0
    outer loop
      vertex 25.1828 22.9327 11.6
      vertex 25.8394 22.7336 4
      vertex 25.1828 22.9327 4
    endloop
  endfacet
  facet normal -0.995178 -0.0980894 0
    outer loop
      vertex 21.0673 18.8172 4
      vertex 21 19.5 11.6
      vertex 21 19.5 4
    endloop
  endfacet
  facet normal -0.995178 -0.0980894 0
    outer loop
      vertex 21 19.5 11.6
      vertex 21.0673 18.8172 4
      vertex 21.0673 18.8172 11.6
    endloop
  endfacet
  facet normal -0.956972 0.290181 0
    outer loop
      vertex 21.0673 20.1828 4
      vertex 21.2664 20.8394 11.6
      vertex 21.2664 20.8394 4
    endloop
  endfacet
  facet normal -0.956972 0.290181 0
    outer loop
      vertex 21.2664 20.8394 11.6
      vertex 21.0673 20.1828 4
      vertex 21.0673 20.1828 11.6
    endloop
  endfacet
  facet normal -0.290181 0.956972 0
    outer loop
      vertex 23.8172 22.9327 4
      vertex 23.1606 22.7336 11.6
      vertex 23.8172 22.9327 11.6
    endloop
  endfacet
  facet normal -0.290181 0.956972 0
    outer loop
      vertex 23.1606 22.7336 11.6
      vertex 23.8172 22.9327 4
      vertex 23.1606 22.7336 4
    endloop
  endfacet
  facet normal -0.956972 -0.290181 0
    outer loop
      vertex 21.2664 18.1606 4
      vertex 21.0673 18.8172 11.6
      vertex 21.0673 18.8172 4
    endloop
  endfacet
  facet normal -0.956972 -0.290181 0
    outer loop
      vertex 21.0673 18.8172 11.6
      vertex 21.2664 18.1606 4
      vertex 21.2664 18.1606 11.6
    endloop
  endfacet
  facet normal -0.0980894 0.995178 0
    outer loop
      vertex 24.5 23 4
      vertex 23.8172 22.9327 11.6
      vertex 24.5 23 11.6
    endloop
  endfacet
  facet normal -0.0980894 0.995178 0
    outer loop
      vertex 23.8172 22.9327 11.6
      vertex 24.5 23 4
      vertex 23.8172 22.9327 4
    endloop
  endfacet
  facet normal 0.995178 0.0980894 0
    outer loop
      vertex 28 19.5 11.6
      vertex 27.9327 20.1828 4
      vertex 27.9327 20.1828 11.6
    endloop
  endfacet
  facet normal 0.995178 0.0980894 0
    outer loop
      vertex 27.9327 20.1828 4
      vertex 28 19.5 11.6
      vertex 28 19.5 4
    endloop
  endfacet
  facet normal -0.0980894 -0.995178 0
    outer loop
      vertex 23.8172 16.0673 4
      vertex 24.5 16 11.6
      vertex 23.8172 16.0673 11.6
    endloop
  endfacet
  facet normal -0.0980894 -0.995178 -0
    outer loop
      vertex 24.5 16 11.6
      vertex 23.8172 16.0673 4
      vertex 24.5 16 4
    endloop
  endfacet
  facet normal -0.471473 -0.88188 0
    outer loop
      vertex 22.5555 16.5899 4
      vertex 23.1606 16.2664 11.6
      vertex 22.5555 16.5899 11.6
    endloop
  endfacet
  facet normal -0.471473 -0.88188 -0
    outer loop
      vertex 23.1606 16.2664 11.6
      vertex 22.5555 16.5899 4
      vertex 23.1606 16.2664 4
    endloop
  endfacet
  facet normal 0.634317 0.773073 -0
    outer loop
      vertex 26.9749 21.9749 4
      vertex 26.4445 22.4101 11.6
      vertex 26.9749 21.9749 11.6
    endloop
  endfacet
  facet normal 0.634317 0.773073 0
    outer loop
      vertex 26.4445 22.4101 11.6
      vertex 26.9749 21.9749 4
      vertex 26.4445 22.4101 4
    endloop
  endfacet
  facet normal 0 0 1
    outer loop
      vertex 25.5 19.5 11.6
      vertex 28 19.5 11.6
      vertex 27.9327 20.1828 11.6
    endloop
  endfacet
  facet normal 0 0 1
    outer loop
      vertex 25.4808 19.6951 11.6
      vertex 27.9327 20.1828 11.6
      vertex 27.7336 20.8394 11.6
    endloop
  endfacet
  facet normal 0 0 1
    outer loop
      vertex 28 19.5 11.6
      vertex 25.5 19.5 11.6
      vertex 27.9327 18.8172 11.6
    endloop
  endfacet
  facet normal 0 0 1
    outer loop
      vertex 25.4239 19.8827 11.6
      vertex 27.7336 20.8394 11.6
      vertex 27.4101 21.4445 11.6
    endloop
  endfacet
  facet normal -0 0 1
    outer loop
      vertex 25.4808 19.3049 11.6
      vertex 27.9327 18.8172 11.6
      vertex 25.5 19.5 11.6
    endloop
  endfacet
  facet normal 0 0 1
    outer loop
      vertex 25.3315 20.0556 11.6
      vertex 27.4101 21.4445 11.6
      vertex 26.9749 21.9749 11.6
    endloop
  endfacet
  facet normal 0 0 1
    outer loop
      vertex 27.9327 18.8172 11.6
      vertex 25.4808 19.3049 11.6
      vertex 27.7336 18.1606 11.6
    endloop
  endfacet
  facet normal 0 0 1
    outer loop
      vertex 25.2071 20.2071 11.6
      vertex 26.9749 21.9749 11.6
      vertex 26.4445 22.4101 11.6
    endloop
  endfacet
  facet normal -0 0 1
    outer loop
      vertex 25.4239 19.1173 11.6
      vertex 27.7336 18.1606 11.6
      vertex 25.4808 19.3049 11.6
    endloop
  endfacet
  facet normal 0 0 1
    outer loop
      vertex 25.0556 20.3315 11.6
      vertex 26.4445 22.4101 11.6
      vertex 25.8394 22.7336 11.6
    endloop
  endfacet
  facet normal 0 0 1
    outer loop
      vertex 27.7336 18.1606 11.6
      vertex 25.4239 19.1173 11.6
      vertex 27.4101 17.5555 11.6
    endloop
  endfacet
  facet normal -0 0 1
    outer loop
      vertex 25.3315 18.9444 11.6
      vertex 27.4101 17.5555 11.6
      vertex 25.4239 19.1173 11.6
    endloop
  endfacet
  facet normal 0 0 1
    outer loop
      vertex 27.9327 20.1828 11.6
      vertex 25.4808 19.6951 11.6
      vertex 25.5 19.5 11.6
    endloop
  endfacet
  facet normal 0 0 1
    outer loop
      vertex 27.7336 20.8394 11.6
      vertex 25.4239 19.8827 11.6
      vertex 25.4808 19.6951 11.6
    endloop
  endfacet
  facet normal 0 0 1
    outer loop
      vertex 27.4101 21.4445 11.6
      vertex 25.3315 20.0556 11.6
      vertex 25.4239 19.8827 11.6
    endloop
  endfacet
  facet normal 0 0 1
    outer loop
      vertex 26.9749 21.9749 11.6
      vertex 25.2071 20.2071 11.6
      vertex 25.3315 20.0556 11.6
    endloop
  endfacet
  facet normal 0 0 1
    outer loop
      vertex 24.8827 20.4239 11.6
      vertex 25.8394 22.7336 11.6
      vertex 25.1828 22.9327 11.6
    endloop
  endfacet
  facet normal 0 0 1
    outer loop
      vertex 26.4445 22.4101 11.6
      vertex 25.0556 20.3315 11.6
      vertex 25.2071 20.2071 11.6
    endloop
  endfacet
  facet normal 0 0 1
    outer loop
      vertex 25.8394 22.7336 11.6
      vertex 24.8827 20.4239 11.6
      vertex 25.0556 20.3315 11.6
    endloop
  endfacet
  facet normal 0 0 1
    outer loop
      vertex 25.1828 22.9327 11.6
      vertex 24.6951 20.4808 11.6
      vertex 24.8827 20.4239 11.6
    endloop
  endfacet
  facet normal 0 0 1
    outer loop
      vertex 24.5 23 11.6
      vertex 24.6951 20.4808 11.6
      vertex 25.1828 22.9327 11.6
    endloop
  endfacet
  facet normal 0 0 1
    outer loop
      vertex 24.5 23 11.6
      vertex 24.5 20.5 11.6
      vertex 24.6951 20.4808 11.6
    endloop
  endfacet
  facet normal 0 0 1
    outer loop
      vertex 24.5 23 11.6
      vertex 24.3049 20.4808 11.6
      vertex 24.5 20.5 11.6
    endloop
  endfacet
  facet normal -0 0 1
    outer loop
      vertex 23.8172 22.9327 11.6
      vertex 24.3049 20.4808 11.6
      vertex 24.5 23 11.6
    endloop
  endfacet
  facet normal 0 0 1
    outer loop
      vertex 24.3049 20.4808 11.6
      vertex 23.8172 22.9327 11.6
      vertex 24.1173 20.4239 11.6
    endloop
  endfacet
  facet normal -0 0 1
    outer loop
      vertex 23.1606 22.7336 11.6
      vertex 24.1173 20.4239 11.6
      vertex 23.8172 22.9327 11.6
    endloop
  endfacet
  facet normal 0 0 1
    outer loop
      vertex 24.1173 20.4239 11.6
      vertex 23.1606 22.7336 11.6
      vertex 23.9444 20.3315 11.6
    endloop
  endfacet
  facet normal -0 0 1
    outer loop
      vertex 22.5555 22.4101 11.6
      vertex 23.9444 20.3315 11.6
      vertex 23.1606 22.7336 11.6
    endloop
  endfacet
  facet normal 0 0 1
    outer loop
      vertex 23.9444 20.3315 11.6
      vertex 22.5555 22.4101 11.6
      vertex 23.7929 20.2071 11.6
    endloop
  endfacet
  facet normal -0 0 1
    outer loop
      vertex 22.0251 21.9749 11.6
      vertex 23.7929 20.2071 11.6
      vertex 22.5555 22.4101 11.6
    endloop
  endfacet
  facet normal 0 0 1
    outer loop
      vertex 23.7929 20.2071 11.6
      vertex 22.0251 21.9749 11.6
      vertex 23.6685 20.0556 11.6
    endloop
  endfacet
  facet normal -0 0 1
    outer loop
      vertex 21.5899 21.4445 11.6
      vertex 23.6685 20.0556 11.6
      vertex 22.0251 21.9749 11.6
    endloop
  endfacet
  facet normal 0 0 1
    outer loop
      vertex 27.4101 17.5555 11.6
      vertex 25.3315 18.9444 11.6
      vertex 26.9749 17.0251 11.6
    endloop
  endfacet
  facet normal -0 0 1
    outer loop
      vertex 25.2071 18.7929 11.6
      vertex 26.9749 17.0251 11.6
      vertex 25.3315 18.9444 11.6
    endloop
  endfacet
  facet normal 0 0 1
    outer loop
      vertex 26.9749 17.0251 11.6
      vertex 25.2071 18.7929 11.6
      vertex 26.4445 16.5899 11.6
    endloop
  endfacet
  facet normal -0 0 1
    outer loop
      vertex 25.0556 18.6685 11.6
      vertex 26.4445 16.5899 11.6
      vertex 25.2071 18.7929 11.6
    endloop
  endfacet
  facet normal 0 0 1
    outer loop
      vertex 26.4445 16.5899 11.6
      vertex 25.0556 18.6685 11.6
      vertex 25.8394 16.2664 11.6
    endloop
  endfacet
  facet normal -0 0 1
    outer loop
      vertex 24.8827 18.5761 11.6
      vertex 25.8394 16.2664 11.6
      vertex 25.0556 18.6685 11.6
    endloop
  endfacet
  facet normal 0 0 1
    outer loop
      vertex 25.8394 16.2664 11.6
      vertex 24.8827 18.5761 11.6
      vertex 25.1828 16.0673 11.6
    endloop
  endfacet
  facet normal -0 0 1
    outer loop
      vertex 24.6951 18.5192 11.6
      vertex 25.1828 16.0673 11.6
      vertex 24.8827 18.5761 11.6
    endloop
  endfacet
  facet normal -0 0 1
    outer loop
      vertex 24.5 18.5 11.6
      vertex 25.1828 16.0673 11.6
      vertex 24.6951 18.5192 11.6
    endloop
  endfacet
  facet normal 0 0 1
    outer loop
      vertex 24.5 18.5 11.6
      vertex 24.5 16 11.6
      vertex 25.1828 16.0673 11.6
    endloop
  endfacet
  facet normal 0 0 1
    outer loop
      vertex 24.3049 18.5192 11.6
      vertex 24.5 16 11.6
      vertex 24.5 18.5 11.6
    endloop
  endfacet
  facet normal 0 0 1
    outer loop
      vertex 23.8172 16.0673 11.6
      vertex 24.3049 18.5192 11.6
      vertex 24.1173 18.5761 11.6
    endloop
  endfacet
  facet normal 0 0 1
    outer loop
      vertex 23.1606 16.2664 11.6
      vertex 24.1173 18.5761 11.6
      vertex 23.9444 18.6685 11.6
    endloop
  endfacet
  facet normal 0 0 1
    outer loop
      vertex 24.3049 18.5192 11.6
      vertex 23.8172 16.0673 11.6
      vertex 24.5 16 11.6
    endloop
  endfacet
  facet normal 0 0 1
    outer loop
      vertex 22.5555 16.5899 11.6
      vertex 23.9444 18.6685 11.6
      vertex 23.7929 18.7929 11.6
    endloop
  endfacet
  facet normal 0 0 1
    outer loop
      vertex 22.0251 17.0251 11.6
      vertex 23.7929 18.7929 11.6
      vertex 23.6685 18.9444 11.6
    endloop
  endfacet
  facet normal 0 0 1
    outer loop
      vertex 21.5899 17.5555 11.6
      vertex 23.6685 18.9444 11.6
      vertex 23.5761 19.1173 11.6
    endloop
  endfacet
  facet normal 0 0 1
    outer loop
      vertex 21.2664 18.1606 11.6
      vertex 23.5761 19.1173 11.6
      vertex 23.5192 19.3049 11.6
    endloop
  endfacet
  facet normal 0 0 1
    outer loop
      vertex 21.0673 18.8172 11.6
      vertex 23.5192 19.3049 11.6
      vertex 23.5 19.5 11.6
    endloop
  endfacet
  facet normal 0 0 1
    outer loop
      vertex 23.6685 20.0556 11.6
      vertex 21.5899 21.4445 11.6
      vertex 23.5761 19.8827 11.6
    endloop
  endfacet
  facet normal 0 0 1
    outer loop
      vertex 24.1173 18.5761 11.6
      vertex 23.1606 16.2664 11.6
      vertex 23.8172 16.0673 11.6
    endloop
  endfacet
  facet normal -0 0 1
    outer loop
      vertex 21.2664 20.8394 11.6
      vertex 23.5761 19.8827 11.6
      vertex 21.5899 21.4445 11.6
    endloop
  endfacet
  facet normal 0 0 1
    outer loop
      vertex 23.9444 18.6685 11.6
      vertex 22.5555 16.5899 11.6
      vertex 23.1606 16.2664 11.6
    endloop
  endfacet
  facet normal 0 0 1
    outer loop
      vertex 23.5761 19.8827 11.6
      vertex 21.2664 20.8394 11.6
      vertex 23.5192 19.6951 11.6
    endloop
  endfacet
  facet normal 0 0 1
    outer loop
      vertex 23.7929 18.7929 11.6
      vertex 22.0251 17.0251 11.6
      vertex 22.5555 16.5899 11.6
    endloop
  endfacet
  facet normal -0 0 1
    outer loop
      vertex 21.0673 20.1828 11.6
      vertex 23.5192 19.6951 11.6
      vertex 21.2664 20.8394 11.6
    endloop
  endfacet
  facet normal 0 0 1
    outer loop
      vertex 23.6685 18.9444 11.6
      vertex 21.5899 17.5555 11.6
      vertex 22.0251 17.0251 11.6
    endloop
  endfacet
  facet normal 0 0 1
    outer loop
      vertex 23.5192 19.6951 11.6
      vertex 21.0673 20.1828 11.6
      vertex 23.5 19.5 11.6
    endloop
  endfacet
  facet normal 0 0 1
    outer loop
      vertex 23.5761 19.1173 11.6
      vertex 21.2664 18.1606 11.6
      vertex 21.5899 17.5555 11.6
    endloop
  endfacet
  facet normal 0 0 1
    outer loop
      vertex 21 19.5 11.6
      vertex 23.5 19.5 11.6
      vertex 21.0673 20.1828 11.6
    endloop
  endfacet
  facet normal 0 0 1
    outer loop
      vertex 23.5192 19.3049 11.6
      vertex 21.0673 18.8172 11.6
      vertex 21.2664 18.1606 11.6
    endloop
  endfacet
  facet normal 0 0 1
    outer loop
      vertex 23.5 19.5 11.6
      vertex 21 19.5 11.6
      vertex 21.0673 18.8172 11.6
    endloop
  endfacet
  facet normal 0.0980344 -0.00965692 0.995136
    outer loop
      vertex 30 19.5 2
      vertex 29.6098 19.5 2.03844
      vertex 29.5116 18.5031 2.03844
    endloop
  endfacet
  facet normal 0.0980353 -0.00965734 0.995136
    outer loop
      vertex 29.8943 18.427 2
      vertex 30 19.5 2
      vertex 29.5116 18.5031 2.03844
    endloop
  endfacet
  facet normal 0.290153 -0.0285535 0.956554
    outer loop
      vertex 29.6098 19.5 2.03844
      vertex 29.2346 19.5 2.15225
      vertex 29.1437 18.5763 2.15225
    endloop
  endfacet
  facet normal 0.290216 -0.0285878 0.956534
    outer loop
      vertex 29.5116 18.5031 2.03844
      vertex 29.6098 19.5 2.03844
      vertex 29.1437 18.5763 2.15225
    endloop
  endfacet
  facet normal 0.470967 -0.0464256 0.880928
    outer loop
      vertex 29.2346 19.5 2.15225
      vertex 28.8889 19.5 2.33707
      vertex 28.8045 18.6438 2.33707
    endloop
  endfacet
  facet normal 0.470818 -0.0463325 0.881013
    outer loop
      vertex 29.1437 18.5763 2.15225
      vertex 29.2346 19.5 2.15225
      vertex 28.8045 18.6438 2.33707
    endloop
  endfacet
  facet normal 0.633132 -0.0623521 0.771528
    outer loop
      vertex 28.8889 19.5 2.33707
      vertex 28.5858 19.5 2.5858
      vertex 28.5073 18.7029 2.5858
    endloop
  endfacet
  facet normal 0.633222 -0.0624199 0.771449
    outer loop
      vertex 28.8045 18.6438 2.33707
      vertex 28.8889 19.5 2.33707
      vertex 28.5073 18.7029 2.5858
    endloop
  endfacet
  facet normal 0.770804 -0.075989 0.632524
    outer loop
      vertex 28.5858 19.5 2.5858
      vertex 28.3371 19.5 2.88887
      vertex 28.2633 18.7514 2.88887
    endloop
  endfacet
  facet normal 0.770714 -0.0759015 0.632644
    outer loop
      vertex 28.5073 18.7029 2.5858
      vertex 28.5858 19.5 2.5858
      vertex 28.2633 18.7514 2.88887
    endloop
  endfacet
  facet normal 0.878624 -0.0865676 0.469602
    outer loop
      vertex 28.3371 19.5 2.88887
      vertex 28.1523 19.5 3.23463
      vertex 28.0821 18.7875 3.23463
    endloop
  endfacet
  facet normal 0.878663 -0.0866221 0.469519
    outer loop
      vertex 28.2633 18.7514 2.88887
      vertex 28.3371 19.5 2.88887
      vertex 28.0821 18.7875 3.23463
    endloop
  endfacet
  facet normal 0.952658 -0.0938443 0.2892
    outer loop
      vertex 28.1523 19.5 3.23463
      vertex 28.0384 19.5 3.60983
      vertex 27.9704 18.8097 3.60983
    endloop
  endfacet
  facet normal 0.952665 -0.0938626 0.28917
    outer loop
      vertex 28.0821 18.7875 3.23463
      vertex 28.1523 19.5 3.23463
      vertex 27.9704 18.8097 3.60983
    endloop
  endfacet
  facet normal 0.990438 -0.0976223 0.0974776
    outer loop
      vertex 28.0384 19.5 3.60983
      vertex 28 19.5 4
      vertex 27.9327 18.8172 4
    endloop
  endfacet
  facet normal 0.990434 -0.0975656 0.0975757
    outer loop
      vertex 27.9704 18.8097 3.60983
      vertex 28.0384 19.5 3.60983
      vertex 27.9327 18.8172 4
    endloop
  endfacet
  facet normal 0.0942703 -0.0285909 0.995136
    outer loop
      vertex 29.8943 18.427 2
      vertex 29.5116 18.5031 2.03844
      vertex 29.2209 17.5446 2.03844
    endloop
  endfacet
  facet normal 0.0942839 -0.0286013 0.995134
    outer loop
      vertex 29.5813 17.3952 2
      vertex 29.8943 18.427 2
      vertex 29.2209 17.5446 2.03844
    endloop
  endfacet
  facet normal 0.279057 -0.0846723 0.956534
    outer loop
      vertex 29.5116 18.5031 2.03844
      vertex 29.1437 18.5763 2.15225
      vertex 28.8742 17.6881 2.15225
    endloop
  endfacet
  facet normal 0.278985 -0.0846125 0.95656
    outer loop
      vertex 29.2209 17.5446 2.03844
      vertex 29.5116 18.5031 2.03844
      vertex 28.8742 17.6881 2.15225
    endloop
  endfacet
  facet normal 0.452717 -0.137305 0.881019
    outer loop
      vertex 29.1437 18.5763 2.15225
      vertex 28.8045 18.6438 2.33707
      vertex 28.5548 17.8205 2.33707
    endloop
  endfacet
  facet normal 0.452811 -0.137393 0.880957
    outer loop
      vertex 28.8742 17.6881 2.15225
      vertex 29.1437 18.5763 2.15225
      vertex 28.5548 17.8205 2.33707
    endloop
  endfacet
  facet normal 0.608902 -0.184696 0.771444
    outer loop
      vertex 28.8045 18.6438 2.33707
      vertex 28.5073 18.7029 2.5858
      vertex 28.2748 17.9364 2.5858
    endloop
  endfacet
  facet normal 0.608876 -0.184667 0.771472
    outer loop
      vertex 28.5548 17.8205 2.33707
      vertex 28.8045 18.6438 2.33707
      vertex 28.2748 17.9364 2.5858
    endloop
  endfacet
  facet normal 0.741115 -0.224764 0.632637
    outer loop
      vertex 28.5073 18.7029 2.5858
      vertex 28.2633 18.7514 2.88887
      vertex 28.045 18.0316 2.88887
    endloop
  endfacet
  facet normal 0.741146 -0.22481 0.632584
    outer loop
      vertex 28.2748 17.9364 2.5858
      vertex 28.5073 18.7029 2.5858
      vertex 28.045 18.0316 2.88887
    endloop
  endfacet
  facet normal 0.84488 -0.256349 0.469535
    outer loop
      vertex 28.2633 18.7514 2.88887
      vertex 28.0821 18.7875 3.23463
      vertex 27.8742 18.1023 3.23463
    endloop
  endfacet
  facet normal 0.844819 -0.256216 0.469717
    outer loop
      vertex 28.045 18.0316 2.88887
      vertex 28.2633 18.7514 2.88887
      vertex 27.8742 18.1023 3.23463
    endloop
  endfacet
  facet normal 0.916083 -0.277806 0.289163
    outer loop
      vertex 28.0821 18.7875 3.23463
      vertex 27.9704 18.8097 3.60983
      vertex 27.7691 18.1459 3.60983
    endloop
  endfacet
  facet normal 0.916113 -0.277962 0.28892
    outer loop
      vertex 27.8742 18.1023 3.23463
      vertex 28.0821 18.7875 3.23463
      vertex 27.7691 18.1459 3.60983
    endloop
  endfacet
  facet normal 0.952405 -0.288797 0.0975771
    outer loop
      vertex 27.9704 18.8097 3.60983
      vertex 27.9327 18.8172 4
      vertex 27.7336 18.1606 4
    endloop
  endfacet
  facet normal 0.952402 -0.28882 0.0975368
    outer loop
      vertex 27.7691 18.1459 3.60983
      vertex 27.9704 18.8097 3.60983
      vertex 27.7336 18.1606 4
    endloop
  endfacet
  facet normal 0.0868894 -0.0464394 0.995135
    outer loop
      vertex 29.5813 17.3952 2
      vertex 29.2209 17.5446 2.03844
      vertex 28.7487 16.6611 2.03844
    endloop
  endfacet
  facet normal 0.086894 -0.0464446 0.995134
    outer loop
      vertex 29.0731 16.4444 2
      vertex 29.5813 17.3952 2
      vertex 28.7487 16.6611 2.03844
    endloop
  endfacet
  facet normal 0.257121 -0.137435 0.956557
    outer loop
      vertex 29.2209 17.5446 2.03844
      vertex 28.8742 17.6881 2.15225
      vertex 28.4367 16.8696 2.15225
    endloop
  endfacet
  facet normal 0.257103 -0.137413 0.956565
    outer loop
      vertex 28.7487 16.6611 2.03844
      vertex 29.2209 17.5446 2.03844
      vertex 28.4367 16.8696 2.15225
    endloop
  endfacet
  facet normal 0.417304 -0.223061 0.880966
    outer loop
      vertex 28.8742 17.6881 2.15225
      vertex 28.5548 17.8205 2.33707
      vertex 28.1492 17.0617 2.33707
    endloop
  endfacet
  facet normal 0.417297 -0.223051 0.880972
    outer loop
      vertex 28.4367 16.8696 2.15225
      vertex 28.8742 17.6881 2.15225
      vertex 28.1492 17.0617 2.33707
    endloop
  endfacet
  facet normal 0.561127 -0.299988 0.771456
    outer loop
      vertex 28.5548 17.8205 2.33707
      vertex 28.2748 17.9364 2.5858
      vertex 27.8972 17.2301 2.5858
    endloop
  endfacet
  facet normal 0.561084 -0.299915 0.771515
    outer loop
      vertex 28.1492 17.0617 2.33707
      vertex 28.5548 17.8205 2.33707
      vertex 27.8972 17.2301 2.5858
    endloop
  endfacet
  facet normal 0.683035 -0.365095 0.632588
    outer loop
      vertex 28.2748 17.9364 2.5858
      vertex 28.045 18.0316 2.88887
      vertex 27.6904 17.3682 2.88887
    endloop
  endfacet
  facet normal 0.683073 -0.365182 0.632498
    outer loop
      vertex 27.8972 17.2301 2.5858
      vertex 28.2748 17.9364 2.5858
      vertex 27.6904 17.3682 2.88887
    endloop
  endfacet
  facet normal 0.778577 -0.41617 0.469702
    outer loop
      vertex 28.045 18.0316 2.88887
      vertex 27.8742 18.1023 3.23463
      vertex 27.5367 17.4709 3.23463
    endloop
  endfacet
  facet normal 0.778576 -0.416164 0.46971
    outer loop
      vertex 27.6904 17.3682 2.88887
      vertex 28.045 18.0316 2.88887
      vertex 27.5367 17.4709 3.23463
    endloop
  endfacet
  facet normal 0.844311 -0.451275 0.288946
    outer loop
      vertex 27.8742 18.1023 3.23463
      vertex 27.7691 18.1459 3.60983
      vertex 27.4421 17.5341 3.60983
    endloop
  endfacet
  facet normal 0.844311 -0.451306 0.288898
    outer loop
      vertex 27.5367 17.4709 3.23463
      vertex 27.8742 18.1023 3.23463
      vertex 27.4421 17.5341 3.60983
    endloop
  endfacet
  facet normal 0.877676 -0.469225 0.0975347
    outer loop
      vertex 27.7691 18.1459 3.60983
      vertex 27.7336 18.1606 4
      vertex 27.4101 17.5555 4
    endloop
  endfacet
  facet normal 0.877709 -0.469125 0.0977163
    outer loop
      vertex 27.4421 17.5341 3.60983
      vertex 27.7691 18.1459 3.60983
      vertex 27.4101 17.5555 4
    endloop
  endfacet
  facet normal 0.0761625 -0.0625097 0.995134
    outer loop
      vertex 29.0731 16.4444 2
      vertex 28.7487 16.6611 2.03844
      vertex 28.1132 15.8868 2.03844
    endloop
  endfacet
  facet normal 0.0761537 -0.0624944 0.995136
    outer loop
      vertex 28.3891 15.6109 2
      vertex 29.0731 16.4444 2
      vertex 28.1132 15.8868 2.03844
    endloop
  endfacet
  facet normal 0.22535 -0.184928 0.956566
    outer loop
      vertex 28.7487 16.6611 2.03844
      vertex 28.4367 16.8696 2.15225
      vertex 27.8479 16.1521 2.15225
    endloop
  endfacet
  facet normal 0.225374 -0.184974 0.956552
    outer loop
      vertex 28.1132 15.8868 2.03844
      vertex 28.7487 16.6611 2.03844
      vertex 27.8479 16.1521 2.15225
    endloop
  endfacet
  facet normal 0.365773 -0.300164 0.880972
    outer loop
      vertex 28.4367 16.8696 2.15225
      vertex 28.1492 17.0617 2.33707
      vertex 27.6034 16.3966 2.33707
    endloop
  endfacet
  facet normal 0.365773 -0.300163 0.880972
    outer loop
      vertex 27.8479 16.1521 2.15225
      vertex 28.4367 16.8696 2.15225
      vertex 27.6034 16.3966 2.33707
    endloop
  endfacet
  facet normal 0.491818 -0.403574 0.77152
    outer loop
      vertex 28.1492 17.0617 2.33707
      vertex 27.8972 17.2301 2.5858
      vertex 27.3891 16.6109 2.5858
    endloop
  endfacet
  facet normal 0.491831 -0.403611 0.771492
    outer loop
      vertex 27.6034 16.3966 2.33707
      vertex 28.1492 17.0617 2.33707
      vertex 27.3891 16.6109 2.5858
    endloop
  endfacet
  facet normal 0.598732 -0.491425 0.632473
    outer loop
      vertex 27.8972 17.2301 2.5858
      vertex 27.6904 17.3682 2.88887
      vertex 27.2132 16.7868 2.88887
    endloop
  endfacet
  facet normal 0.5987 -0.491278 0.632617
    outer loop
      vertex 27.3891 16.6109 2.5858
      vertex 27.8972 17.2301 2.5858
      vertex 27.2132 16.7868 2.88887
    endloop
  endfacet
  facet normal 0.682408 -0.560083 0.469709
    outer loop
      vertex 27.6904 17.3682 2.88887
      vertex 27.5367 17.4709 3.23463
      vertex 27.0825 16.9175 3.23463
    endloop
  endfacet
  facet normal 0.682409 -0.560106 0.46968
    outer loop
      vertex 27.2132 16.7868 2.88887
      vertex 27.6904 17.3682 2.88887
      vertex 27.0825 16.9175 3.23463
    endloop
  endfacet
  facet normal 0.740082 -0.607304 0.288895
    outer loop
      vertex 27.5367 17.4709 3.23463
      vertex 27.4421 17.5341 3.60983
      vertex 27.0021 16.9979 3.60983
    endloop
  endfacet
  facet normal 0.740062 -0.607402 0.288742
    outer loop
      vertex 27.0825 16.9175 3.23463
      vertex 27.5367 17.4709 3.23463
      vertex 27.0021 16.9979 3.60983
    endloop
  endfacet
  facet normal 0.769373 -0.63128 0.0977249
    outer loop
      vertex 27.4421 17.5341 3.60983
      vertex 27.4101 17.5555 4
      vertex 26.9749 17.0251 4
    endloop
  endfacet
  facet normal 0.76935 -0.631321 0.0976452
    outer loop
      vertex 27.0021 16.9979 3.60983
      vertex 27.4421 17.5341 3.60983
      vertex 26.9749 17.0251 4
    endloop
  endfacet
  facet normal 0.0624989 -0.0761493 0.995136
    outer loop
      vertex 28.3891 15.6109 2
      vertex 28.1132 15.8868 2.03844
      vertex 27.3389 15.2513 2.03844
    endloop
  endfacet
  facet normal 0.0625045 -0.0761659 0.995134
    outer loop
      vertex 27.5556 14.9269 2
      vertex 28.3891 15.6109 2
      vertex 27.3389 15.2513 2.03844
    endloop
  endfacet
  facet normal 0.184959 -0.225388 0.956551
    outer loop
      vertex 28.1132 15.8868 2.03844
      vertex 27.8479 16.1521 2.15225
      vertex 27.1304 15.5633 2.15225
    endloop
  endfacet
  facet normal 0.184945 -0.225339 0.956566
    outer loop
      vertex 27.3389 15.2513 2.03844
      vertex 28.1132 15.8868 2.03844
      vertex 27.1304 15.5633 2.15225
    endloop
  endfacet
  facet normal 0.300163 -0.365773 0.880972
    outer loop
      vertex 27.8479 16.1521 2.15225
      vertex 27.6034 16.3966 2.33707
      vertex 26.9383 15.8508 2.33707
    endloop
  endfacet
  facet normal 0.300164 -0.365773 0.880972
    outer loop
      vertex 27.1304 15.5633 2.15225
      vertex 27.8479 16.1521 2.15225
      vertex 26.9383 15.8508 2.33707
    endloop
  endfacet
  facet normal 0.403596 -0.491845 0.771491
    outer loop
      vertex 27.6034 16.3966 2.33707
      vertex 27.3891 16.6109 2.5858
      vertex 26.7699 16.1028 2.5858
    endloop
  endfacet
  facet normal 0.40359 -0.491806 0.771519
    outer loop
      vertex 26.9383 15.8508 2.33707
      vertex 27.6034 16.3966 2.33707
      vertex 26.7699 16.1028 2.5858
    endloop
  endfacet
  facet normal 0.491348 -0.598638 0.632621
    outer loop
      vertex 27.3891 16.6109 2.5858
      vertex 27.2132 16.7868 2.88887
      vertex 26.6318 16.3096 2.88887
    endloop
  endfacet
  facet normal 0.491351 -0.598788 0.632477
    outer loop
      vertex 26.7699 16.1028 2.5858
      vertex 27.3891 16.6109 2.5858
      vertex 26.6318 16.3096 2.88887
    endloop
  endfacet
  facet normal 0.560093 -0.68242 0.46968
    outer loop
      vertex 27.2132 16.7868 2.88887
      vertex 27.0825 16.9175 3.23463
      vertex 26.5291 16.4633 3.23463
    endloop
  endfacet
  facet normal 0.560096 -0.682397 0.469708
    outer loop
      vertex 26.6318 16.3096 2.88887
      vertex 27.2132 16.7868 2.88887
      vertex 26.5291 16.4633 3.23463
    endloop
  endfacet
  facet normal 0.607333 -0.740119 0.28874
    outer loop
      vertex 27.0825 16.9175 3.23463
      vertex 27.0021 16.9979 3.60983
      vertex 26.4659 16.5579 3.60983
    endloop
  endfacet
  facet normal 0.607373 -0.740027 0.288893
    outer loop
      vertex 26.5291 16.4633 3.23463
      vertex 27.0825 16.9175 3.23463
      vertex 26.4659 16.5579 3.60983
    endloop
  endfacet
  facet normal 0.631285 -0.769379 0.0976448
    outer loop
      vertex 27.0021 16.9979 3.60983
      vertex 26.9749 17.0251 4
      vertex 26.4445 16.5899 4
    endloop
  endfacet
  facet normal 0.631316 -0.769344 0.0977245
    outer loop
      vertex 26.4659 16.5579 3.60983
      vertex 27.0021 16.9979 3.60983
      vertex 26.4445 16.5899 4
    endloop
  endfacet
  facet normal 0.0464426 -0.0868954 0.995134
    outer loop
      vertex 27.5556 14.9269 2
      vertex 27.3389 15.2513 2.03844
      vertex 26.4554 14.7791 2.03844
    endloop
  endfacet
  facet normal 0.0464417 -0.0868885 0.995135
    outer loop
      vertex 26.6048 14.4187 2
      vertex 27.5556 14.9269 2
      vertex 26.4554 14.7791 2.03844
    endloop
  endfacet
  facet normal 0.137422 -0.257097 0.956565
    outer loop
      vertex 27.3389 15.2513 2.03844
      vertex 27.1304 15.5633 2.15225
      vertex 26.3119 15.1258 2.15225
    endloop
  endfacet
  facet normal 0.137424 -0.257125 0.956557
    outer loop
      vertex 26.4554 14.7791 2.03844
      vertex 27.3389 15.2513 2.03844
      vertex 26.3119 15.1258 2.15225
    endloop
  endfacet
  facet normal 0.223056 -0.417295 0.880972
    outer loop
      vertex 27.1304 15.5633 2.15225
      vertex 26.9383 15.8508 2.33707
      vertex 26.1795 15.4452 2.33707
    endloop
  endfacet
  facet normal 0.223056 -0.417306 0.880966
    outer loop
      vertex 26.3119 15.1258 2.15225
      vertex 27.1304 15.5633 2.15225
      vertex 26.1795 15.4452 2.33707
    endloop
  endfacet
  facet normal 0.299953 -0.561061 0.771517
    outer loop
      vertex 26.9383 15.8508 2.33707
      vertex 26.7699 16.1028 2.5858
      vertex 26.0636 15.7252 2.5858
    endloop
  endfacet
  facet normal 0.299948 -0.561145 0.771458
    outer loop
      vertex 26.1795 15.4452 2.33707
      vertex 26.9383 15.8508 2.33707
      vertex 26.0636 15.7252 2.5858
    endloop
  endfacet
  facet normal 0.365131 -0.683103 0.632495
    outer loop
      vertex 26.7699 16.1028 2.5858
      vertex 26.6318 16.3096 2.88887
      vertex 25.9684 15.955 2.88887
    endloop
  endfacet
  facet normal 0.365149 -0.68301 0.632586
    outer loop
      vertex 26.0636 15.7252 2.5858
      vertex 26.7699 16.1028 2.5858
      vertex 25.9684 15.955 2.88887
    endloop
  endfacet
  facet normal 0.416168 -0.778573 0.469711
    outer loop
      vertex 26.6318 16.3096 2.88887
      vertex 26.5291 16.4633 3.23463
      vertex 25.8977 16.1258 3.23463
    endloop
  endfacet
  facet normal 0.416166 -0.778579 0.469702
    outer loop
      vertex 25.9684 15.955 2.88887
      vertex 26.6318 16.3096 2.88887
      vertex 25.8977 16.1258 3.23463
    endloop
  endfacet
  facet normal 0.451282 -0.844324 0.288897
    outer loop
      vertex 26.5291 16.4633 3.23463
      vertex 26.4659 16.5579 3.60983
      vertex 25.8541 16.2309 3.60983
    endloop
  endfacet
  facet normal 0.4513 -0.844298 0.288946
    outer loop
      vertex 25.8977 16.1258 3.23463
      vertex 26.5291 16.4633 3.23463
      vertex 25.8541 16.2309 3.60983
    endloop
  endfacet
  facet normal 0.469217 -0.87766 0.0977173
    outer loop
      vertex 26.4659 16.5579 3.60983
      vertex 26.4445 16.5899 4
      vertex 25.8394 16.2664 4
    endloop
  endfacet
  facet normal 0.469134 -0.877725 0.0975357
    outer loop
      vertex 25.8541 16.2309 3.60983
      vertex 26.4659 16.5579 3.60983
      vertex 25.8394 16.2664 4
    endloop
  endfacet
  facet normal 0.0285957 -0.0942862 0.995134
    outer loop
      vertex 26.6048 14.4187 2
      vertex 26.4554 14.7791 2.03844
      vertex 25.4969 14.4884 2.03844
    endloop
  endfacet
  facet normal 0.0285969 -0.0942692 0.995136
    outer loop
      vertex 25.573 14.1057 2
      vertex 26.6048 14.4187 2
      vertex 25.4969 14.4884 2.03844
    endloop
  endfacet
  facet normal 0.0846463 -0.278972 0.956561
    outer loop
      vertex 26.4554 14.7791 2.03844
      vertex 26.3119 15.1258 2.15225
      vertex 25.4237 14.8563 2.15225
    endloop
  endfacet
  facet normal 0.0846365 -0.279065 0.956535
    outer loop
      vertex 25.4969 14.4884 2.03844
      vertex 26.4554 14.7791 2.03844
      vertex 25.4237 14.8563 2.15225
    endloop
  endfacet
  facet normal 0.13734 -0.452831 0.880955
    outer loop
      vertex 26.3119 15.1258 2.15225
      vertex 26.1795 15.4452 2.33707
      vertex 25.3562 15.1955 2.33707
    endloop
  endfacet
  facet normal 0.137361 -0.452705 0.881016
    outer loop
      vertex 25.4237 14.8563 2.15225
      vertex 26.3119 15.1258 2.15225
      vertex 25.3562 15.1955 2.33707
    endloop
  endfacet
  facet normal 0.184686 -0.608869 0.771473
    outer loop
      vertex 26.1795 15.4452 2.33707
      vertex 26.0636 15.7252 2.5858
      vertex 25.2971 15.4927 2.5858
    endloop
  endfacet
  facet normal 0.184676 -0.608907 0.771445
    outer loop
      vertex 25.3562 15.1955 2.33707
      vertex 26.1795 15.4452 2.33707
      vertex 25.2971 15.4927 2.5858
    endloop
  endfacet
  facet normal 0.224777 -0.741158 0.632583
    outer loop
      vertex 26.0636 15.7252 2.5858
      vertex 25.9684 15.955 2.88887
      vertex 25.2486 15.7367 2.88887
    endloop
  endfacet
  facet normal 0.224798 -0.741107 0.632635
    outer loop
      vertex 25.2971 15.4927 2.5858
      vertex 26.0636 15.7252 2.5858
      vertex 25.2486 15.7367 2.88887
    endloop
  endfacet
  facet normal 0.25632 -0.844785 0.469722
    outer loop
      vertex 25.9684 15.955 2.88887
      vertex 25.8977 16.1258 3.23463
      vertex 25.2125 15.9179 3.23463
    endloop
  endfacet
  facet normal 0.256243 -0.84491 0.46954
    outer loop
      vertex 25.2486 15.7367 2.88887
      vertex 25.9684 15.955 2.88887
      vertex 25.2125 15.9179 3.23463
    endloop
  endfacet
  facet normal 0.277828 -0.916155 0.288916
    outer loop
      vertex 25.8977 16.1258 3.23463
      vertex 25.8541 16.2309 3.60983
      vertex 25.1903 16.0296 3.60983
    endloop
  endfacet
  facet normal 0.277941 -0.916044 0.289159
    outer loop
      vertex 25.2125 15.9179 3.23463
      vertex 25.8977 16.1258 3.23463
      vertex 25.1903 16.0296 3.60983
    endloop
  endfacet
  facet normal 0.288798 -0.952409 0.0975366
    outer loop
      vertex 25.8541 16.2309 3.60983
      vertex 25.8394 16.2664 4
      vertex 25.1828 16.0673 4
    endloop
  endfacet
  facet normal 0.288819 -0.952398 0.0975768
    outer loop
      vertex 25.1903 16.0296 3.60983
      vertex 25.8541 16.2309 3.60983
      vertex 25.1828 16.0673 4
    endloop
  endfacet
  facet normal 0.00965701 -0.0980354 0.995136
    outer loop
      vertex 25.573 14.1057 2
      vertex 25.4969 14.4884 2.03844
      vertex 24.5 14.3902 2.03844
    endloop
  endfacet
  facet normal 0.00965726 -0.0980344 0.995136
    outer loop
      vertex 25.573 14.1057 2
      vertex 24.5 14.3902 2.03844
      vertex 24.5 14 2
    endloop
  endfacet
  facet normal 0.0285603 -0.290221 0.956533
    outer loop
      vertex 25.4969 14.4884 2.03844
      vertex 25.4237 14.8563 2.15225
      vertex 24.5 14.7654 2.15225
    endloop
  endfacet
  facet normal 0.0285816 -0.290153 0.956553
    outer loop
      vertex 25.4969 14.4884 2.03844
      vertex 24.5 14.7654 2.15225
      vertex 24.5 14.3902 2.03844
    endloop
  endfacet
  facet normal 0.0464096 -0.470804 0.881016
    outer loop
      vertex 25.4237 14.8563 2.15225
      vertex 25.3562 15.1955 2.33707
      vertex 24.5 15.1111 2.33707
    endloop
  endfacet
  facet normal 0.0463473 -0.470968 0.880932
    outer loop
      vertex 25.4237 14.8563 2.15225
      vertex 24.5 15.1111 2.33707
      vertex 24.5 14.7654 2.15225
    endloop
  endfacet
  facet normal 0.0623619 -0.633231 0.771446
    outer loop
      vertex 25.3562 15.1955 2.33707
      vertex 25.2971 15.4927 2.5858
      vertex 24.5 15.4142 2.5858
    endloop
  endfacet
  facet normal 0.0624108 -0.63313 0.771526
    outer loop
      vertex 25.3562 15.1955 2.33707
      vertex 24.5 15.4142 2.5858
      vertex 24.5 15.1111 2.33707
    endloop
  endfacet
  facet normal 0.075979 -0.770703 0.632648
    outer loop
      vertex 25.2971 15.4927 2.5858
      vertex 25.2486 15.7367 2.88887
      vertex 24.5 15.6629 2.88887
    endloop
  endfacet
  facet normal 0.0759108 -0.770809 0.632528
    outer loop
      vertex 25.2971 15.4927 2.5858
      vertex 24.5 15.6629 2.88887
      vertex 24.5 15.4142 2.5858
    endloop
  endfacet
  facet normal 0.086572 -0.878669 0.469517
    outer loop
      vertex 25.2486 15.7367 2.88887
      vertex 25.2125 15.9179 3.23463
      vertex 24.5 15.8477 3.23463
    endloop
  endfacet
  facet normal 0.0866179 -0.87862 0.4696
    outer loop
      vertex 25.2486 15.7367 2.88887
      vertex 24.5 15.8477 3.23463
      vertex 24.5 15.6629 2.88887
    endloop
  endfacet
  facet normal 0.0938452 -0.952667 0.289169
    outer loop
      vertex 25.2125 15.9179 3.23463
      vertex 25.1903 16.0296 3.60983
      vertex 24.5 15.9616 3.60983
    endloop
  endfacet
  facet normal 0.0938617 -0.952656 0.289199
    outer loop
      vertex 25.2125 15.9179 3.23463
      vertex 24.5 15.9616 3.60983
      vertex 24.5 15.8477 3.23463
    endloop
  endfacet
  facet normal 0.0976213 -0.990429 0.0975762
    outer loop
      vertex 25.1903 16.0296 3.60983
      vertex 25.1828 16.0673 4
      vertex 24.5 16 4
    endloop
  endfacet
  facet normal 0.0975665 -0.990444 0.0974781
    outer loop
      vertex 25.1903 16.0296 3.60983
      vertex 24.5 16 4
      vertex 24.5 15.9616 3.60983
    endloop
  endfacet
  facet normal -0.00965692 -0.0980344 0.995136
    outer loop
      vertex 24.5 14 2
      vertex 24.5 14.3902 2.03844
      vertex 23.5031 14.4884 2.03844
    endloop
  endfacet
  facet normal -0.00965734 -0.0980353 0.995136
    outer loop
      vertex 24.5 14 2
      vertex 23.5031 14.4884 2.03844
      vertex 23.427 14.1057 2
    endloop
  endfacet
  facet normal -0.0285535 -0.290153 0.956554
    outer loop
      vertex 24.5 14.3902 2.03844
      vertex 24.5 14.7654 2.15225
      vertex 23.5763 14.8563 2.15225
    endloop
  endfacet
  facet normal -0.0285878 -0.290216 0.956534
    outer loop
      vertex 24.5 14.3902 2.03844
      vertex 23.5763 14.8563 2.15225
      vertex 23.5031 14.4884 2.03844
    endloop
  endfacet
  facet normal -0.0464256 -0.470967 0.880928
    outer loop
      vertex 24.5 14.7654 2.15225
      vertex 24.5 15.1111 2.33707
      vertex 23.6438 15.1955 2.33707
    endloop
  endfacet
  facet normal -0.0463325 -0.470818 0.881013
    outer loop
      vertex 24.5 14.7654 2.15225
      vertex 23.6438 15.1955 2.33707
      vertex 23.5763 14.8563 2.15225
    endloop
  endfacet
  facet normal -0.0623521 -0.633132 0.771528
    outer loop
      vertex 24.5 15.1111 2.33707
      vertex 24.5 15.4142 2.5858
      vertex 23.7029 15.4927 2.5858
    endloop
  endfacet
  facet normal -0.0624199 -0.633222 0.771449
    outer loop
      vertex 24.5 15.1111 2.33707
      vertex 23.7029 15.4927 2.5858
      vertex 23.6438 15.1955 2.33707
    endloop
  endfacet
  facet normal -0.075989 -0.770804 0.632524
    outer loop
      vertex 24.5 15.4142 2.5858
      vertex 24.5 15.6629 2.88887
      vertex 23.7514 15.7367 2.88887
    endloop
  endfacet
  facet normal -0.0759015 -0.770714 0.632644
    outer loop
      vertex 24.5 15.4142 2.5858
      vertex 23.7514 15.7367 2.88887
      vertex 23.7029 15.4927 2.5858
    endloop
  endfacet
  facet normal -0.0865676 -0.878624 0.469602
    outer loop
      vertex 24.5 15.6629 2.88887
      vertex 24.5 15.8477 3.23463
      vertex 23.7875 15.9179 3.23463
    endloop
  endfacet
  facet normal -0.0866221 -0.878663 0.469519
    outer loop
      vertex 24.5 15.6629 2.88887
      vertex 23.7875 15.9179 3.23463
      vertex 23.7514 15.7367 2.88887
    endloop
  endfacet
  facet normal -0.0938443 -0.952658 0.2892
    outer loop
      vertex 24.5 15.8477 3.23463
      vertex 24.5 15.9616 3.60983
      vertex 23.8097 16.0296 3.60983
    endloop
  endfacet
  facet normal -0.0938626 -0.952665 0.28917
    outer loop
      vertex 24.5 15.8477 3.23463
      vertex 23.8097 16.0296 3.60983
      vertex 23.7875 15.9179 3.23463
    endloop
  endfacet
  facet normal -0.0976223 -0.990438 0.0974776
    outer loop
      vertex 24.5 15.9616 3.60983
      vertex 24.5 16 4
      vertex 23.8172 16.0673 4
    endloop
  endfacet
  facet normal -0.0975656 -0.990434 0.0975757
    outer loop
      vertex 24.5 15.9616 3.60983
      vertex 23.8172 16.0673 4
      vertex 23.8097 16.0296 3.60983
    endloop
  endfacet
  facet normal -0.0285909 -0.0942703 0.995136
    outer loop
      vertex 23.427 14.1057 2
      vertex 23.5031 14.4884 2.03844
      vertex 22.5446 14.7791 2.03844
    endloop
  endfacet
  facet normal -0.0286013 -0.0942839 0.995134
    outer loop
      vertex 23.427 14.1057 2
      vertex 22.5446 14.7791 2.03844
      vertex 22.3952 14.4187 2
    endloop
  endfacet
  facet normal -0.0846723 -0.279057 0.956534
    outer loop
      vertex 23.5031 14.4884 2.03844
      vertex 23.5763 14.8563 2.15225
      vertex 22.6881 15.1258 2.15225
    endloop
  endfacet
  facet normal -0.0846125 -0.278985 0.95656
    outer loop
      vertex 23.5031 14.4884 2.03844
      vertex 22.6881 15.1258 2.15225
      vertex 22.5446 14.7791 2.03844
    endloop
  endfacet
  facet normal -0.137305 -0.452717 0.881019
    outer loop
      vertex 23.5763 14.8563 2.15225
      vertex 23.6438 15.1955 2.33707
      vertex 22.8205 15.4452 2.33707
    endloop
  endfacet
  facet normal -0.137393 -0.452811 0.880957
    outer loop
      vertex 23.5763 14.8563 2.15225
      vertex 22.8205 15.4452 2.33707
      vertex 22.6881 15.1258 2.15225
    endloop
  endfacet
  facet normal -0.184696 -0.608902 0.771444
    outer loop
      vertex 23.6438 15.1955 2.33707
      vertex 23.7029 15.4927 2.5858
      vertex 22.9364 15.7252 2.5858
    endloop
  endfacet
  facet normal -0.184667 -0.608876 0.771472
    outer loop
      vertex 23.6438 15.1955 2.33707
      vertex 22.9364 15.7252 2.5858
      vertex 22.8205 15.4452 2.33707
    endloop
  endfacet
  facet normal -0.224764 -0.741115 0.632637
    outer loop
      vertex 23.7029 15.4927 2.5858
      vertex 23.7514 15.7367 2.88887
      vertex 23.0316 15.955 2.88887
    endloop
  endfacet
  facet normal -0.22481 -0.741146 0.632584
    outer loop
      vertex 23.7029 15.4927 2.5858
      vertex 23.0316 15.955 2.88887
      vertex 22.9364 15.7252 2.5858
    endloop
  endfacet
  facet normal -0.256349 -0.84488 0.469535
    outer loop
      vertex 23.7514 15.7367 2.88887
      vertex 23.7875 15.9179 3.23463
      vertex 23.1023 16.1258 3.23463
    endloop
  endfacet
  facet normal -0.256216 -0.844819 0.469717
    outer loop
      vertex 23.7514 15.7367 2.88887
      vertex 23.1023 16.1258 3.23463
      vertex 23.0316 15.955 2.88887
    endloop
  endfacet
  facet normal -0.277806 -0.916083 0.289163
    outer loop
      vertex 23.7875 15.9179 3.23463
      vertex 23.8097 16.0296 3.60983
      vertex 23.1459 16.2309 3.60983
    endloop
  endfacet
  facet normal -0.277962 -0.916113 0.28892
    outer loop
      vertex 23.7875 15.9179 3.23463
      vertex 23.1459 16.2309 3.60983
      vertex 23.1023 16.1258 3.23463
    endloop
  endfacet
  facet normal -0.288797 -0.952405 0.0975771
    outer loop
      vertex 23.8097 16.0296 3.60983
      vertex 23.8172 16.0673 4
      vertex 23.1606 16.2664 4
    endloop
  endfacet
  facet normal -0.28882 -0.952402 0.0975368
    outer loop
      vertex 23.8097 16.0296 3.60983
      vertex 23.1606 16.2664 4
      vertex 23.1459 16.2309 3.60983
    endloop
  endfacet
  facet normal -0.0464394 -0.0868894 0.995135
    outer loop
      vertex 22.3952 14.4187 2
      vertex 22.5446 14.7791 2.03844
      vertex 21.6611 15.2513 2.03844
    endloop
  endfacet
  facet normal -0.0464446 -0.086894 0.995134
    outer loop
      vertex 22.3952 14.4187 2
      vertex 21.6611 15.2513 2.03844
      vertex 21.4444 14.9269 2
    endloop
  endfacet
  facet normal -0.137435 -0.257121 0.956557
    outer loop
      vertex 22.5446 14.7791 2.03844
      vertex 22.6881 15.1258 2.15225
      vertex 21.8696 15.5633 2.15225
    endloop
  endfacet
  facet normal -0.137413 -0.257103 0.956565
    outer loop
      vertex 22.5446 14.7791 2.03844
      vertex 21.8696 15.5633 2.15225
      vertex 21.6611 15.2513 2.03844
    endloop
  endfacet
  facet normal -0.223061 -0.417304 0.880966
    outer loop
      vertex 22.6881 15.1258 2.15225
      vertex 22.8205 15.4452 2.33707
      vertex 22.0617 15.8508 2.33707
    endloop
  endfacet
  facet normal -0.223051 -0.417297 0.880972
    outer loop
      vertex 22.6881 15.1258 2.15225
      vertex 22.0617 15.8508 2.33707
      vertex 21.8696 15.5633 2.15225
    endloop
  endfacet
  facet normal -0.299988 -0.561127 0.771456
    outer loop
      vertex 22.8205 15.4452 2.33707
      vertex 22.9364 15.7252 2.5858
      vertex 22.2301 16.1028 2.5858
    endloop
  endfacet
  facet normal -0.299915 -0.561084 0.771515
    outer loop
      vertex 22.8205 15.4452 2.33707
      vertex 22.2301 16.1028 2.5858
      vertex 22.0617 15.8508 2.33707
    endloop
  endfacet
  facet normal -0.365095 -0.683035 0.632588
    outer loop
      vertex 22.9364 15.7252 2.5858
      vertex 23.0316 15.955 2.88887
      vertex 22.3682 16.3096 2.88887
    endloop
  endfacet
  facet normal -0.365182 -0.683073 0.632498
    outer loop
      vertex 22.9364 15.7252 2.5858
      vertex 22.3682 16.3096 2.88887
      vertex 22.2301 16.1028 2.5858
    endloop
  endfacet
  facet normal -0.41617 -0.778577 0.469702
    outer loop
      vertex 23.0316 15.955 2.88887
      vertex 23.1023 16.1258 3.23463
      vertex 22.4709 16.4633 3.23463
    endloop
  endfacet
  facet normal -0.416164 -0.778576 0.46971
    outer loop
      vertex 23.0316 15.955 2.88887
      vertex 22.4709 16.4633 3.23463
      vertex 22.3682 16.3096 2.88887
    endloop
  endfacet
  facet normal -0.451275 -0.844311 0.288946
    outer loop
      vertex 23.1023 16.1258 3.23463
      vertex 23.1459 16.2309 3.60983
      vertex 22.5341 16.5579 3.60983
    endloop
  endfacet
  facet normal -0.451306 -0.844311 0.288898
    outer loop
      vertex 23.1023 16.1258 3.23463
      vertex 22.5341 16.5579 3.60983
      vertex 22.4709 16.4633 3.23463
    endloop
  endfacet
  facet normal -0.469225 -0.877676 0.0975347
    outer loop
      vertex 23.1459 16.2309 3.60983
      vertex 23.1606 16.2664 4
      vertex 22.5555 16.5899 4
    endloop
  endfacet
  facet normal -0.469125 -0.877709 0.0977163
    outer loop
      vertex 23.1459 16.2309 3.60983
      vertex 22.5555 16.5899 4
      vertex 22.5341 16.5579 3.60983
    endloop
  endfacet
  facet normal -0.0625097 -0.0761625 0.995134
    outer loop
      vertex 21.4444 14.9269 2
      vertex 21.6611 15.2513 2.03844
      vertex 20.8868 15.8868 2.03844
    endloop
  endfacet
  facet normal -0.0624944 -0.0761537 0.995136
    outer loop
      vertex 21.4444 14.9269 2
      vertex 20.8868 15.8868 2.03844
      vertex 20.6109 15.6109 2
    endloop
  endfacet
  facet normal -0.184928 -0.22535 0.956566
    outer loop
      vertex 21.6611 15.2513 2.03844
      vertex 21.8696 15.5633 2.15225
      vertex 21.1521 16.1521 2.15225
    endloop
  endfacet
  facet normal -0.184974 -0.225374 0.956552
    outer loop
      vertex 21.6611 15.2513 2.03844
      vertex 21.1521 16.1521 2.15225
      vertex 20.8868 15.8868 2.03844
    endloop
  endfacet
  facet normal -0.300164 -0.365773 0.880972
    outer loop
      vertex 21.8696 15.5633 2.15225
      vertex 22.0617 15.8508 2.33707
      vertex 21.3966 16.3966 2.33707
    endloop
  endfacet
  facet normal -0.300163 -0.365773 0.880972
    outer loop
      vertex 21.8696 15.5633 2.15225
      vertex 21.3966 16.3966 2.33707
      vertex 21.1521 16.1521 2.15225
    endloop
  endfacet
  facet normal -0.403574 -0.491818 0.77152
    outer loop
      vertex 22.0617 15.8508 2.33707
      vertex 22.2301 16.1028 2.5858
      vertex 21.6109 16.6109 2.5858
    endloop
  endfacet
  facet normal -0.403611 -0.491831 0.771492
    outer loop
      vertex 22.0617 15.8508 2.33707
      vertex 21.6109 16.6109 2.5858
      vertex 21.3966 16.3966 2.33707
    endloop
  endfacet
  facet normal -0.491425 -0.598732 0.632473
    outer loop
      vertex 22.2301 16.1028 2.5858
      vertex 22.3682 16.3096 2.88887
      vertex 21.7868 16.7868 2.88887
    endloop
  endfacet
  facet normal -0.491278 -0.5987 0.632617
    outer loop
      vertex 22.2301 16.1028 2.5858
      vertex 21.7868 16.7868 2.88887
      vertex 21.6109 16.6109 2.5858
    endloop
  endfacet
  facet normal -0.560083 -0.682408 0.469709
    outer loop
      vertex 22.3682 16.3096 2.88887
      vertex 22.4709 16.4633 3.23463
      vertex 21.9175 16.9175 3.23463
    endloop
  endfacet
  facet normal -0.560106 -0.682409 0.46968
    outer loop
      vertex 22.3682 16.3096 2.88887
      vertex 21.9175 16.9175 3.23463
      vertex 21.7868 16.7868 2.88887
    endloop
  endfacet
  facet normal -0.607304 -0.740082 0.288895
    outer loop
      vertex 22.4709 16.4633 3.23463
      vertex 22.5341 16.5579 3.60983
      vertex 21.9979 16.9979 3.60983
    endloop
  endfacet
  facet normal -0.607402 -0.740062 0.288742
    outer loop
      vertex 22.4709 16.4633 3.23463
      vertex 21.9979 16.9979 3.60983
      vertex 21.9175 16.9175 3.23463
    endloop
  endfacet
  facet normal -0.63128 -0.769373 0.0977249
    outer loop
      vertex 22.5341 16.5579 3.60983
      vertex 22.5555 16.5899 4
      vertex 22.0251 17.0251 4
    endloop
  endfacet
  facet normal -0.631321 -0.76935 0.0976452
    outer loop
      vertex 22.5341 16.5579 3.60983
      vertex 22.0251 17.0251 4
      vertex 21.9979 16.9979 3.60983
    endloop
  endfacet
  facet normal -0.0761493 -0.0624989 0.995136
    outer loop
      vertex 20.6109 15.6109 2
      vertex 20.8868 15.8868 2.03844
      vertex 20.2513 16.6611 2.03844
    endloop
  endfacet
  facet normal -0.0761659 -0.0625045 0.995134
    outer loop
      vertex 20.6109 15.6109 2
      vertex 20.2513 16.6611 2.03844
      vertex 19.9269 16.4444 2
    endloop
  endfacet
  facet normal -0.225388 -0.184959 0.956551
    outer loop
      vertex 20.8868 15.8868 2.03844
      vertex 21.1521 16.1521 2.15225
      vertex 20.5633 16.8696 2.15225
    endloop
  endfacet
  facet normal -0.225339 -0.184945 0.956566
    outer loop
      vertex 20.8868 15.8868 2.03844
      vertex 20.5633 16.8696 2.15225
      vertex 20.2513 16.6611 2.03844
    endloop
  endfacet
  facet normal -0.365773 -0.300163 0.880972
    outer loop
      vertex 21.1521 16.1521 2.15225
      vertex 21.3966 16.3966 2.33707
      vertex 20.8508 17.0617 2.33707
    endloop
  endfacet
  facet normal -0.365773 -0.300164 0.880972
    outer loop
      vertex 21.1521 16.1521 2.15225
      vertex 20.8508 17.0617 2.33707
      vertex 20.5633 16.8696 2.15225
    endloop
  endfacet
  facet normal -0.491845 -0.403596 0.771491
    outer loop
      vertex 21.3966 16.3966 2.33707
      vertex 21.6109 16.6109 2.5858
      vertex 21.1028 17.2301 2.5858
    endloop
  endfacet
  facet normal -0.491806 -0.40359 0.771519
    outer loop
      vertex 21.3966 16.3966 2.33707
      vertex 21.1028 17.2301 2.5858
      vertex 20.8508 17.0617 2.33707
    endloop
  endfacet
  facet normal -0.598638 -0.491348 0.632621
    outer loop
      vertex 21.6109 16.6109 2.5858
      vertex 21.7868 16.7868 2.88887
      vertex 21.3096 17.3682 2.88887
    endloop
  endfacet
  facet normal -0.598788 -0.491351 0.632477
    outer loop
      vertex 21.6109 16.6109 2.5858
      vertex 21.3096 17.3682 2.88887
      vertex 21.1028 17.2301 2.5858
    endloop
  endfacet
  facet normal -0.68242 -0.560093 0.46968
    outer loop
      vertex 21.7868 16.7868 2.88887
      vertex 21.9175 16.9175 3.23463
      vertex 21.4633 17.4709 3.23463
    endloop
  endfacet
  facet normal -0.682397 -0.560096 0.469708
    outer loop
      vertex 21.7868 16.7868 2.88887
      vertex 21.4633 17.4709 3.23463
      vertex 21.3096 17.3682 2.88887
    endloop
  endfacet
  facet normal -0.740119 -0.607333 0.28874
    outer loop
      vertex 21.9175 16.9175 3.23463
      vertex 21.9979 16.9979 3.60983
      vertex 21.5579 17.5341 3.60983
    endloop
  endfacet
  facet normal -0.740027 -0.607373 0.288893
    outer loop
      vertex 21.9175 16.9175 3.23463
      vertex 21.5579 17.5341 3.60983
      vertex 21.4633 17.4709 3.23463
    endloop
  endfacet
  facet normal -0.769379 -0.631285 0.0976448
    outer loop
      vertex 21.9979 16.9979 3.60983
      vertex 22.0251 17.0251 4
      vertex 21.5899 17.5555 4
    endloop
  endfacet
  facet normal -0.769344 -0.631316 0.0977245
    outer loop
      vertex 21.9979 16.9979 3.60983
      vertex 21.5899 17.5555 4
      vertex 21.5579 17.5341 3.60983
    endloop
  endfacet
  facet normal -0.0868954 -0.0464426 0.995134
    outer loop
      vertex 19.9269 16.4444 2
      vertex 20.2513 16.6611 2.03844
      vertex 19.7791 17.5446 2.03844
    endloop
  endfacet
  facet normal -0.0868885 -0.0464417 0.995135
    outer loop
      vertex 19.9269 16.4444 2
      vertex 19.7791 17.5446 2.03844
      vertex 19.4187 17.3952 2
    endloop
  endfacet
  facet normal -0.257097 -0.137422 0.956565
    outer loop
      vertex 20.2513 16.6611 2.03844
      vertex 20.5633 16.8696 2.15225
      vertex 20.1258 17.6881 2.15225
    endloop
  endfacet
  facet normal -0.257125 -0.137424 0.956557
    outer loop
      vertex 20.2513 16.6611 2.03844
      vertex 20.1258 17.6881 2.15225
      vertex 19.7791 17.5446 2.03844
    endloop
  endfacet
  facet normal -0.417295 -0.223056 0.880972
    outer loop
      vertex 20.5633 16.8696 2.15225
      vertex 20.8508 17.0617 2.33707
      vertex 20.4452 17.8205 2.33707
    endloop
  endfacet
  facet normal -0.417306 -0.223056 0.880966
    outer loop
      vertex 20.5633 16.8696 2.15225
      vertex 20.4452 17.8205 2.33707
      vertex 20.1258 17.6881 2.15225
    endloop
  endfacet
  facet normal -0.561061 -0.299953 0.771517
    outer loop
      vertex 20.8508 17.0617 2.33707
      vertex 21.1028 17.2301 2.5858
      vertex 20.7252 17.9364 2.5858
    endloop
  endfacet
  facet normal -0.561145 -0.299948 0.771458
    outer loop
      vertex 20.8508 17.0617 2.33707
      vertex 20.7252 17.9364 2.5858
      vertex 20.4452 17.8205 2.33707
    endloop
  endfacet
  facet normal -0.683103 -0.365131 0.632495
    outer loop
      vertex 21.1028 17.2301 2.5858
      vertex 21.3096 17.3682 2.88887
      vertex 20.955 18.0316 2.88887
    endloop
  endfacet
  facet normal -0.68301 -0.365149 0.632586
    outer loop
      vertex 21.1028 17.2301 2.5858
      vertex 20.955 18.0316 2.88887
      vertex 20.7252 17.9364 2.5858
    endloop
  endfacet
  facet normal -0.778573 -0.416168 0.469711
    outer loop
      vertex 21.3096 17.3682 2.88887
      vertex 21.4633 17.4709 3.23463
      vertex 21.1258 18.1023 3.23463
    endloop
  endfacet
  facet normal -0.778579 -0.416166 0.469702
    outer loop
      vertex 21.3096 17.3682 2.88887
      vertex 21.1258 18.1023 3.23463
      vertex 20.955 18.0316 2.88887
    endloop
  endfacet
  facet normal -0.844324 -0.451282 0.288897
    outer loop
      vertex 21.4633 17.4709 3.23463
      vertex 21.5579 17.5341 3.60983
      vertex 21.2309 18.1459 3.60983
    endloop
  endfacet
  facet normal -0.844298 -0.4513 0.288946
    outer loop
      vertex 21.4633 17.4709 3.23463
      vertex 21.2309 18.1459 3.60983
      vertex 21.1258 18.1023 3.23463
    endloop
  endfacet
  facet normal -0.87766 -0.469217 0.0977173
    outer loop
      vertex 21.5579 17.5341 3.60983
      vertex 21.5899 17.5555 4
      vertex 21.2664 18.1606 4
    endloop
  endfacet
  facet normal -0.877725 -0.469134 0.0975357
    outer loop
      vertex 21.5579 17.5341 3.60983
      vertex 21.2664 18.1606 4
      vertex 21.2309 18.1459 3.60983
    endloop
  endfacet
  facet normal -0.0942862 -0.0285957 0.995134
    outer loop
      vertex 19.7791 17.5446 2.03844
      vertex 19.4884 18.5031 2.03844
      vertex 19.4187 17.3952 2
    endloop
  endfacet
  facet normal -0.0942692 -0.0285969 0.995136
    outer loop
      vertex 19.4187 17.3952 2
      vertex 19.4884 18.5031 2.03844
      vertex 19.1057 18.427 2
    endloop
  endfacet
  facet normal -0.278972 -0.0846463 0.956561
    outer loop
      vertex 20.1258 17.6881 2.15225
      vertex 19.8563 18.5763 2.15225
      vertex 19.7791 17.5446 2.03844
    endloop
  endfacet
  facet normal -0.279065 -0.0846365 0.956535
    outer loop
      vertex 19.7791 17.5446 2.03844
      vertex 19.8563 18.5763 2.15225
      vertex 19.4884 18.5031 2.03844
    endloop
  endfacet
  facet normal -0.452831 -0.13734 0.880955
    outer loop
      vertex 20.4452 17.8205 2.33707
      vertex 20.1955 18.6438 2.33707
      vertex 20.1258 17.6881 2.15225
    endloop
  endfacet
  facet normal -0.452705 -0.137361 0.881016
    outer loop
      vertex 20.1258 17.6881 2.15225
      vertex 20.1955 18.6438 2.33707
      vertex 19.8563 18.5763 2.15225
    endloop
  endfacet
  facet normal -0.608869 -0.184686 0.771473
    outer loop
      vertex 20.7252 17.9364 2.5858
      vertex 20.4927 18.7029 2.5858
      vertex 20.4452 17.8205 2.33707
    endloop
  endfacet
  facet normal -0.608907 -0.184676 0.771445
    outer loop
      vertex 20.4452 17.8205 2.33707
      vertex 20.4927 18.7029 2.5858
      vertex 20.1955 18.6438 2.33707
    endloop
  endfacet
  facet normal -0.741158 -0.224777 0.632583
    outer loop
      vertex 20.955 18.0316 2.88887
      vertex 20.7367 18.7514 2.88887
      vertex 20.7252 17.9364 2.5858
    endloop
  endfacet
  facet normal -0.741107 -0.224798 0.632635
    outer loop
      vertex 20.7252 17.9364 2.5858
      vertex 20.7367 18.7514 2.88887
      vertex 20.4927 18.7029 2.5858
    endloop
  endfacet
  facet normal -0.844785 -0.25632 0.469722
    outer loop
      vertex 20.955 18.0316 2.88887
      vertex 21.1258 18.1023 3.23463
      vertex 20.9179 18.7875 3.23463
    endloop
  endfacet
  facet normal -0.84491 -0.256243 0.46954
    outer loop
      vertex 20.955 18.0316 2.88887
      vertex 20.9179 18.7875 3.23463
      vertex 20.7367 18.7514 2.88887
    endloop
  endfacet
  facet normal -0.916155 -0.277828 0.288916
    outer loop
      vertex 21.1258 18.1023 3.23463
      vertex 21.2309 18.1459 3.60983
      vertex 21.0296 18.8097 3.60983
    endloop
  endfacet
  facet normal -0.916044 -0.277941 0.289159
    outer loop
      vertex 21.1258 18.1023 3.23463
      vertex 21.0296 18.8097 3.60983
      vertex 20.9179 18.7875 3.23463
    endloop
  endfacet
  facet normal -0.952409 -0.288798 0.0975366
    outer loop
      vertex 21.2309 18.1459 3.60983
      vertex 21.2664 18.1606 4
      vertex 21.0673 18.8172 4
    endloop
  endfacet
  facet normal -0.952398 -0.288819 0.0975768
    outer loop
      vertex 21.2309 18.1459 3.60983
      vertex 21.0673 18.8172 4
      vertex 21.0296 18.8097 3.60983
    endloop
  endfacet
  facet normal -0.0980354 -0.00965701 0.995136
    outer loop
      vertex 19.4884 18.5031 2.03844
      vertex 19.3902 19.5 2.03844
      vertex 19.1057 18.427 2
    endloop
  endfacet
  facet normal -0.0980344 -0.00965726 0.995136
    outer loop
      vertex 19.1057 18.427 2
      vertex 19.3902 19.5 2.03844
      vertex 19 19.5 2
    endloop
  endfacet
  facet normal -0.290221 -0.0285603 0.956533
    outer loop
      vertex 19.8563 18.5763 2.15225
      vertex 19.7654 19.5 2.15225
      vertex 19.4884 18.5031 2.03844
    endloop
  endfacet
  facet normal -0.290153 -0.0285816 0.956553
    outer loop
      vertex 19.4884 18.5031 2.03844
      vertex 19.7654 19.5 2.15225
      vertex 19.3902 19.5 2.03844
    endloop
  endfacet
  facet normal -0.470804 -0.0464096 0.881016
    outer loop
      vertex 20.1955 18.6438 2.33707
      vertex 20.1111 19.5 2.33707
      vertex 19.8563 18.5763 2.15225
    endloop
  endfacet
  facet normal -0.470968 -0.0463473 0.880932
    outer loop
      vertex 19.8563 18.5763 2.15225
      vertex 20.1111 19.5 2.33707
      vertex 19.7654 19.5 2.15225
    endloop
  endfacet
  facet normal -0.633231 -0.0623619 0.771446
    outer loop
      vertex 20.4927 18.7029 2.5858
      vertex 20.4142 19.5 2.5858
      vertex 20.1955 18.6438 2.33707
    endloop
  endfacet
  facet normal -0.63313 -0.0624108 0.771526
    outer loop
      vertex 20.1955 18.6438 2.33707
      vertex 20.4142 19.5 2.5858
      vertex 20.1111 19.5 2.33707
    endloop
  endfacet
  facet normal -0.770703 -0.075979 0.632648
    outer loop
      vertex 20.7367 18.7514 2.88887
      vertex 20.6629 19.5 2.88887
      vertex 20.4927 18.7029 2.5858
    endloop
  endfacet
  facet normal -0.770809 -0.0759108 0.632528
    outer loop
      vertex 20.4927 18.7029 2.5858
      vertex 20.6629 19.5 2.88887
      vertex 20.4142 19.5 2.5858
    endloop
  endfacet
  facet normal -0.878669 -0.086572 0.469517
    outer loop
      vertex 20.9179 18.7875 3.23463
      vertex 20.8477 19.5 3.23463
      vertex 20.7367 18.7514 2.88887
    endloop
  endfacet
  facet normal -0.87862 -0.0866179 0.4696
    outer loop
      vertex 20.7367 18.7514 2.88887
      vertex 20.8477 19.5 3.23463
      vertex 20.6629 19.5 2.88887
    endloop
  endfacet
  facet normal -0.952667 -0.0938452 0.289169
    outer loop
      vertex 21.0296 18.8097 3.60983
      vertex 20.9616 19.5 3.60983
      vertex 20.9179 18.7875 3.23463
    endloop
  endfacet
  facet normal -0.952656 -0.0938617 0.289199
    outer loop
      vertex 20.9179 18.7875 3.23463
      vertex 20.9616 19.5 3.60983
      vertex 20.8477 19.5 3.23463
    endloop
  endfacet
  facet normal -0.990429 -0.0976213 0.0975762
    outer loop
      vertex 21.0296 18.8097 3.60983
      vertex 21.0673 18.8172 4
      vertex 21 19.5 4
    endloop
  endfacet
  facet normal -0.990444 -0.0975665 0.0974781
    outer loop
      vertex 21.0296 18.8097 3.60983
      vertex 21 19.5 4
      vertex 20.9616 19.5 3.60983
    endloop
  endfacet
  facet normal -0.0980344 0.00965692 0.995136
    outer loop
      vertex 19.3902 19.5 2.03844
      vertex 19.4884 20.4969 2.03844
      vertex 19 19.5 2
    endloop
  endfacet
  facet normal -0.0980353 0.00965734 0.995136
    outer loop
      vertex 19.4884 20.4969 2.03844
      vertex 19.1057 20.573 2
      vertex 19 19.5 2
    endloop
  endfacet
  facet normal -0.290153 0.0285535 0.956554
    outer loop
      vertex 19.7654 19.5 2.15225
      vertex 19.8563 20.4237 2.15225
      vertex 19.3902 19.5 2.03844
    endloop
  endfacet
  facet normal -0.290216 0.0285878 0.956534
    outer loop
      vertex 19.8563 20.4237 2.15225
      vertex 19.4884 20.4969 2.03844
      vertex 19.3902 19.5 2.03844
    endloop
  endfacet
  facet normal -0.470967 0.0464256 0.880928
    outer loop
      vertex 20.1111 19.5 2.33707
      vertex 20.1955 20.3562 2.33707
      vertex 19.7654 19.5 2.15225
    endloop
  endfacet
  facet normal -0.470818 0.0463325 0.881013
    outer loop
      vertex 20.1955 20.3562 2.33707
      vertex 19.8563 20.4237 2.15225
      vertex 19.7654 19.5 2.15225
    endloop
  endfacet
  facet normal -0.633132 0.0623521 0.771528
    outer loop
      vertex 20.4142 19.5 2.5858
      vertex 20.4927 20.2971 2.5858
      vertex 20.1111 19.5 2.33707
    endloop
  endfacet
  facet normal -0.633222 0.0624199 0.771449
    outer loop
      vertex 20.4927 20.2971 2.5858
      vertex 20.1955 20.3562 2.33707
      vertex 20.1111 19.5 2.33707
    endloop
  endfacet
  facet normal -0.770804 0.075989 0.632524
    outer loop
      vertex 20.6629 19.5 2.88887
      vertex 20.7367 20.2486 2.88887
      vertex 20.4142 19.5 2.5858
    endloop
  endfacet
  facet normal -0.770714 0.0759015 0.632644
    outer loop
      vertex 20.7367 20.2486 2.88887
      vertex 20.4927 20.2971 2.5858
      vertex 20.4142 19.5 2.5858
    endloop
  endfacet
  facet normal -0.878624 0.0865676 0.469602
    outer loop
      vertex 20.8477 19.5 3.23463
      vertex 20.9179 20.2125 3.23463
      vertex 20.6629 19.5 2.88887
    endloop
  endfacet
  facet normal -0.878663 0.0866221 0.469519
    outer loop
      vertex 20.9179 20.2125 3.23463
      vertex 20.7367 20.2486 2.88887
      vertex 20.6629 19.5 2.88887
    endloop
  endfacet
  facet normal -0.952658 0.0938443 0.2892
    outer loop
      vertex 20.9616 19.5 3.60983
      vertex 21.0296 20.1903 3.60983
      vertex 20.8477 19.5 3.23463
    endloop
  endfacet
  facet normal -0.952665 0.0938626 0.28917
    outer loop
      vertex 21.0296 20.1903 3.60983
      vertex 20.9179 20.2125 3.23463
      vertex 20.8477 19.5 3.23463
    endloop
  endfacet
  facet normal -0.990438 0.0976223 0.0974776
    outer loop
      vertex 21 19.5 4
      vertex 21.0673 20.1828 4
      vertex 20.9616 19.5 3.60983
    endloop
  endfacet
  facet normal -0.990434 0.0975656 0.0975757
    outer loop
      vertex 21.0673 20.1828 4
      vertex 21.0296 20.1903 3.60983
      vertex 20.9616 19.5 3.60983
    endloop
  endfacet
  facet normal -0.0942703 0.0285909 0.995136
    outer loop
      vertex 19.4884 20.4969 2.03844
      vertex 19.7791 21.4554 2.03844
      vertex 19.1057 20.573 2
    endloop
  endfacet
  facet normal -0.0942839 0.0286013 0.995134
    outer loop
      vertex 19.7791 21.4554 2.03844
      vertex 19.4187 21.6048 2
      vertex 19.1057 20.573 2
    endloop
  endfacet
  facet normal -0.279057 0.0846723 0.956534
    outer loop
      vertex 19.8563 20.4237 2.15225
      vertex 20.1258 21.3119 2.15225
      vertex 19.4884 20.4969 2.03844
    endloop
  endfacet
  facet normal -0.278985 0.0846125 0.95656
    outer loop
      vertex 20.1258 21.3119 2.15225
      vertex 19.7791 21.4554 2.03844
      vertex 19.4884 20.4969 2.03844
    endloop
  endfacet
  facet normal -0.452717 0.137305 0.881019
    outer loop
      vertex 20.1955 20.3562 2.33707
      vertex 20.4452 21.1795 2.33707
      vertex 19.8563 20.4237 2.15225
    endloop
  endfacet
  facet normal -0.452811 0.137393 0.880957
    outer loop
      vertex 20.4452 21.1795 2.33707
      vertex 20.1258 21.3119 2.15225
      vertex 19.8563 20.4237 2.15225
    endloop
  endfacet
  facet normal -0.608902 0.184696 0.771444
    outer loop
      vertex 20.4927 20.2971 2.5858
      vertex 20.7252 21.0636 2.5858
      vertex 20.1955 20.3562 2.33707
    endloop
  endfacet
  facet normal -0.608876 0.184667 0.771472
    outer loop
      vertex 20.7252 21.0636 2.5858
      vertex 20.4452 21.1795 2.33707
      vertex 20.1955 20.3562 2.33707
    endloop
  endfacet
  facet normal -0.741115 0.224764 0.632637
    outer loop
      vertex 20.7367 20.2486 2.88887
      vertex 20.955 20.9684 2.88887
      vertex 20.4927 20.2971 2.5858
    endloop
  endfacet
  facet normal -0.741146 0.22481 0.632584
    outer loop
      vertex 20.955 20.9684 2.88887
      vertex 20.7252 21.0636 2.5858
      vertex 20.4927 20.2971 2.5858
    endloop
  endfacet
  facet normal -0.84488 0.256349 0.469535
    outer loop
      vertex 20.9179 20.2125 3.23463
      vertex 21.1258 20.8977 3.23463
      vertex 20.7367 20.2486 2.88887
    endloop
  endfacet
  facet normal -0.844819 0.256216 0.469717
    outer loop
      vertex 21.1258 20.8977 3.23463
      vertex 20.955 20.9684 2.88887
      vertex 20.7367 20.2486 2.88887
    endloop
  endfacet
  facet normal -0.916083 0.277806 0.289163
    outer loop
      vertex 21.0296 20.1903 3.60983
      vertex 21.2309 20.8541 3.60983
      vertex 20.9179 20.2125 3.23463
    endloop
  endfacet
  facet normal -0.916113 0.277962 0.28892
    outer loop
      vertex 21.2309 20.8541 3.60983
      vertex 21.1258 20.8977 3.23463
      vertex 20.9179 20.2125 3.23463
    endloop
  endfacet
  facet normal -0.952405 0.288797 0.0975771
    outer loop
      vertex 21.0673 20.1828 4
      vertex 21.2664 20.8394 4
      vertex 21.0296 20.1903 3.60983
    endloop
  endfacet
  facet normal -0.952402 0.28882 0.0975368
    outer loop
      vertex 21.2664 20.8394 4
      vertex 21.2309 20.8541 3.60983
      vertex 21.0296 20.1903 3.60983
    endloop
  endfacet
  facet normal -0.0868894 0.0464394 0.995135
    outer loop
      vertex 19.7791 21.4554 2.03844
      vertex 20.2513 22.3389 2.03844
      vertex 19.4187 21.6048 2
    endloop
  endfacet
  facet normal -0.086894 0.0464446 0.995134
    outer loop
      vertex 20.2513 22.3389 2.03844
      vertex 19.9269 22.5556 2
      vertex 19.4187 21.6048 2
    endloop
  endfacet
  facet normal -0.257121 0.137435 0.956557
    outer loop
      vertex 20.1258 21.3119 2.15225
      vertex 20.5633 22.1304 2.15225
      vertex 19.7791 21.4554 2.03844
    endloop
  endfacet
  facet normal -0.257103 0.137413 0.956565
    outer loop
      vertex 20.5633 22.1304 2.15225
      vertex 20.2513 22.3389 2.03844
      vertex 19.7791 21.4554 2.03844
    endloop
  endfacet
  facet normal -0.417304 0.223061 0.880966
    outer loop
      vertex 20.4452 21.1795 2.33707
      vertex 20.8508 21.9383 2.33707
      vertex 20.1258 21.3119 2.15225
    endloop
  endfacet
  facet normal -0.417297 0.223051 0.880972
    outer loop
      vertex 20.8508 21.9383 2.33707
      vertex 20.5633 22.1304 2.15225
      vertex 20.1258 21.3119 2.15225
    endloop
  endfacet
  facet normal -0.561127 0.299988 0.771456
    outer loop
      vertex 20.7252 21.0636 2.5858
      vertex 21.1028 21.7699 2.5858
      vertex 20.4452 21.1795 2.33707
    endloop
  endfacet
  facet normal -0.561084 0.299915 0.771515
    outer loop
      vertex 21.1028 21.7699 2.5858
      vertex 20.8508 21.9383 2.33707
      vertex 20.4452 21.1795 2.33707
    endloop
  endfacet
  facet normal -0.683035 0.365095 0.632588
    outer loop
      vertex 20.955 20.9684 2.88887
      vertex 21.3096 21.6318 2.88887
      vertex 20.7252 21.0636 2.5858
    endloop
  endfacet
  facet normal -0.683073 0.365182 0.632498
    outer loop
      vertex 21.3096 21.6318 2.88887
      vertex 21.1028 21.7699 2.5858
      vertex 20.7252 21.0636 2.5858
    endloop
  endfacet
  facet normal -0.778577 0.41617 0.469702
    outer loop
      vertex 21.1258 20.8977 3.23463
      vertex 21.4633 21.5291 3.23463
      vertex 20.955 20.9684 2.88887
    endloop
  endfacet
  facet normal -0.778576 0.416164 0.46971
    outer loop
      vertex 21.4633 21.5291 3.23463
      vertex 21.3096 21.6318 2.88887
      vertex 20.955 20.9684 2.88887
    endloop
  endfacet
  facet normal -0.844311 0.451275 0.288946
    outer loop
      vertex 21.2309 20.8541 3.60983
      vertex 21.5579 21.4659 3.60983
      vertex 21.1258 20.8977 3.23463
    endloop
  endfacet
  facet normal -0.844311 0.451306 0.288898
    outer loop
      vertex 21.5579 21.4659 3.60983
      vertex 21.4633 21.5291 3.23463
      vertex 21.1258 20.8977 3.23463
    endloop
  endfacet
  facet normal -0.877676 0.469225 0.0975347
    outer loop
      vertex 21.2664 20.8394 4
      vertex 21.5899 21.4445 4
      vertex 21.2309 20.8541 3.60983
    endloop
  endfacet
  facet normal -0.877709 0.469125 0.0977163
    outer loop
      vertex 21.5899 21.4445 4
      vertex 21.5579 21.4659 3.60983
      vertex 21.2309 20.8541 3.60983
    endloop
  endfacet
  facet normal -0.0761625 0.0625097 0.995134
    outer loop
      vertex 20.2513 22.3389 2.03844
      vertex 20.8868 23.1132 2.03844
      vertex 19.9269 22.5556 2
    endloop
  endfacet
  facet normal -0.0761537 0.0624944 0.995136
    outer loop
      vertex 20.8868 23.1132 2.03844
      vertex 20.6109 23.3891 2
      vertex 19.9269 22.5556 2
    endloop
  endfacet
  facet normal -0.22535 0.184928 0.956566
    outer loop
      vertex 20.5633 22.1304 2.15225
      vertex 21.1521 22.8479 2.15225
      vertex 20.2513 22.3389 2.03844
    endloop
  endfacet
  facet normal -0.225374 0.184974 0.956552
    outer loop
      vertex 21.1521 22.8479 2.15225
      vertex 20.8868 23.1132 2.03844
      vertex 20.2513 22.3389 2.03844
    endloop
  endfacet
  facet normal -0.365773 0.300164 0.880972
    outer loop
      vertex 20.8508 21.9383 2.33707
      vertex 21.3966 22.6034 2.33707
      vertex 20.5633 22.1304 2.15225
    endloop
  endfacet
  facet normal -0.365773 0.300163 0.880972
    outer loop
      vertex 21.3966 22.6034 2.33707
      vertex 21.1521 22.8479 2.15225
      vertex 20.5633 22.1304 2.15225
    endloop
  endfacet
  facet normal -0.491818 0.403574 0.77152
    outer loop
      vertex 21.1028 21.7699 2.5858
      vertex 21.6109 22.3891 2.5858
      vertex 20.8508 21.9383 2.33707
    endloop
  endfacet
  facet normal -0.491831 0.403611 0.771492
    outer loop
      vertex 21.6109 22.3891 2.5858
      vertex 21.3966 22.6034 2.33707
      vertex 20.8508 21.9383 2.33707
    endloop
  endfacet
  facet normal -0.598732 0.491425 0.632473
    outer loop
      vertex 21.3096 21.6318 2.88887
      vertex 21.7868 22.2132 2.88887
      vertex 21.1028 21.7699 2.5858
    endloop
  endfacet
  facet normal -0.5987 0.491278 0.632617
    outer loop
      vertex 21.7868 22.2132 2.88887
      vertex 21.6109 22.3891 2.5858
      vertex 21.1028 21.7699 2.5858
    endloop
  endfacet
  facet normal -0.682408 0.560083 0.469709
    outer loop
      vertex 21.4633 21.5291 3.23463
      vertex 21.9175 22.0825 3.23463
      vertex 21.3096 21.6318 2.88887
    endloop
  endfacet
  facet normal -0.682409 0.560106 0.46968
    outer loop
      vertex 21.9175 22.0825 3.23463
      vertex 21.7868 22.2132 2.88887
      vertex 21.3096 21.6318 2.88887
    endloop
  endfacet
  facet normal -0.740082 0.607304 0.288895
    outer loop
      vertex 21.5579 21.4659 3.60983
      vertex 21.9979 22.0021 3.60983
      vertex 21.4633 21.5291 3.23463
    endloop
  endfacet
  facet normal -0.740062 0.607402 0.288742
    outer loop
      vertex 21.9979 22.0021 3.60983
      vertex 21.9175 22.0825 3.23463
      vertex 21.4633 21.5291 3.23463
    endloop
  endfacet
  facet normal -0.769373 0.63128 0.0977249
    outer loop
      vertex 21.5899 21.4445 4
      vertex 22.0251 21.9749 4
      vertex 21.5579 21.4659 3.60983
    endloop
  endfacet
  facet normal -0.76935 0.631321 0.0976452
    outer loop
      vertex 22.0251 21.9749 4
      vertex 21.9979 22.0021 3.60983
      vertex 21.5579 21.4659 3.60983
    endloop
  endfacet
  facet normal -0.0624989 0.0761493 0.995136
    outer loop
      vertex 20.8868 23.1132 2.03844
      vertex 21.6611 23.7487 2.03844
      vertex 20.6109 23.3891 2
    endloop
  endfacet
  facet normal -0.0625045 0.0761659 0.995134
    outer loop
      vertex 21.6611 23.7487 2.03844
      vertex 21.4444 24.0731 2
      vertex 20.6109 23.3891 2
    endloop
  endfacet
  facet normal -0.184959 0.225388 0.956551
    outer loop
      vertex 21.1521 22.8479 2.15225
      vertex 21.8696 23.4367 2.15225
      vertex 20.8868 23.1132 2.03844
    endloop
  endfacet
  facet normal -0.184945 0.225339 0.956566
    outer loop
      vertex 21.8696 23.4367 2.15225
      vertex 21.6611 23.7487 2.03844
      vertex 20.8868 23.1132 2.03844
    endloop
  endfacet
  facet normal -0.300163 0.365773 0.880972
    outer loop
      vertex 21.3966 22.6034 2.33707
      vertex 22.0617 23.1492 2.33707
      vertex 21.1521 22.8479 2.15225
    endloop
  endfacet
  facet normal -0.300164 0.365773 0.880972
    outer loop
      vertex 22.0617 23.1492 2.33707
      vertex 21.8696 23.4367 2.15225
      vertex 21.1521 22.8479 2.15225
    endloop
  endfacet
  facet normal -0.403596 0.491845 0.771491
    outer loop
      vertex 21.6109 22.3891 2.5858
      vertex 22.2301 22.8972 2.5858
      vertex 21.3966 22.6034 2.33707
    endloop
  endfacet
  facet normal -0.40359 0.491806 0.771519
    outer loop
      vertex 22.2301 22.8972 2.5858
      vertex 22.0617 23.1492 2.33707
      vertex 21.3966 22.6034 2.33707
    endloop
  endfacet
  facet normal -0.491348 0.598638 0.632621
    outer loop
      vertex 21.7868 22.2132 2.88887
      vertex 22.3682 22.6904 2.88887
      vertex 21.6109 22.3891 2.5858
    endloop
  endfacet
  facet normal -0.491351 0.598788 0.632477
    outer loop
      vertex 22.3682 22.6904 2.88887
      vertex 22.2301 22.8972 2.5858
      vertex 21.6109 22.3891 2.5858
    endloop
  endfacet
  facet normal -0.560093 0.68242 0.46968
    outer loop
      vertex 21.9175 22.0825 3.23463
      vertex 22.4709 22.5367 3.23463
      vertex 21.7868 22.2132 2.88887
    endloop
  endfacet
  facet normal -0.560096 0.682397 0.469708
    outer loop
      vertex 22.4709 22.5367 3.23463
      vertex 22.3682 22.6904 2.88887
      vertex 21.7868 22.2132 2.88887
    endloop
  endfacet
  facet normal -0.607333 0.740119 0.28874
    outer loop
      vertex 21.9979 22.0021 3.60983
      vertex 22.5341 22.4421 3.60983
      vertex 21.9175 22.0825 3.23463
    endloop
  endfacet
  facet normal -0.607373 0.740027 0.288893
    outer loop
      vertex 22.5341 22.4421 3.60983
      vertex 22.4709 22.5367 3.23463
      vertex 21.9175 22.0825 3.23463
    endloop
  endfacet
  facet normal -0.631285 0.769379 0.0976448
    outer loop
      vertex 22.0251 21.9749 4
      vertex 22.5555 22.4101 4
      vertex 21.9979 22.0021 3.60983
    endloop
  endfacet
  facet normal -0.631316 0.769344 0.0977245
    outer loop
      vertex 22.5555 22.4101 4
      vertex 22.5341 22.4421 3.60983
      vertex 21.9979 22.0021 3.60983
    endloop
  endfacet
  facet normal -0.0464426 0.0868954 0.995134
    outer loop
      vertex 21.6611 23.7487 2.03844
      vertex 22.5446 24.2209 2.03844
      vertex 21.4444 24.0731 2
    endloop
  endfacet
  facet normal -0.0464417 0.0868885 0.995135
    outer loop
      vertex 22.5446 24.2209 2.03844
      vertex 22.3952 24.5813 2
      vertex 21.4444 24.0731 2
    endloop
  endfacet
  facet normal -0.137422 0.257097 0.956565
    outer loop
      vertex 21.8696 23.4367 2.15225
      vertex 22.6881 23.8742 2.15225
      vertex 21.6611 23.7487 2.03844
    endloop
  endfacet
  facet normal -0.137424 0.257125 0.956557
    outer loop
      vertex 22.6881 23.8742 2.15225
      vertex 22.5446 24.2209 2.03844
      vertex 21.6611 23.7487 2.03844
    endloop
  endfacet
  facet normal -0.223056 0.417295 0.880972
    outer loop
      vertex 22.0617 23.1492 2.33707
      vertex 22.8205 23.5548 2.33707
      vertex 21.8696 23.4367 2.15225
    endloop
  endfacet
  facet normal -0.223056 0.417306 0.880966
    outer loop
      vertex 22.8205 23.5548 2.33707
      vertex 22.6881 23.8742 2.15225
      vertex 21.8696 23.4367 2.15225
    endloop
  endfacet
  facet normal -0.299953 0.561061 0.771517
    outer loop
      vertex 22.2301 22.8972 2.5858
      vertex 22.9364 23.2748 2.5858
      vertex 22.0617 23.1492 2.33707
    endloop
  endfacet
  facet normal -0.299948 0.561145 0.771458
    outer loop
      vertex 22.9364 23.2748 2.5858
      vertex 22.8205 23.5548 2.33707
      vertex 22.0617 23.1492 2.33707
    endloop
  endfacet
  facet normal -0.365131 0.683103 0.632495
    outer loop
      vertex 22.3682 22.6904 2.88887
      vertex 23.0316 23.045 2.88887
      vertex 22.2301 22.8972 2.5858
    endloop
  endfacet
  facet normal -0.365149 0.68301 0.632586
    outer loop
      vertex 23.0316 23.045 2.88887
      vertex 22.9364 23.2748 2.5858
      vertex 22.2301 22.8972 2.5858
    endloop
  endfacet
  facet normal -0.416168 0.778573 0.469711
    outer loop
      vertex 22.4709 22.5367 3.23463
      vertex 23.1023 22.8742 3.23463
      vertex 22.3682 22.6904 2.88887
    endloop
  endfacet
  facet normal -0.416166 0.778579 0.469702
    outer loop
      vertex 23.1023 22.8742 3.23463
      vertex 23.0316 23.045 2.88887
      vertex 22.3682 22.6904 2.88887
    endloop
  endfacet
  facet normal -0.451282 0.844324 0.288897
    outer loop
      vertex 22.5341 22.4421 3.60983
      vertex 23.1459 22.7691 3.60983
      vertex 22.4709 22.5367 3.23463
    endloop
  endfacet
  facet normal -0.4513 0.844298 0.288946
    outer loop
      vertex 23.1459 22.7691 3.60983
      vertex 23.1023 22.8742 3.23463
      vertex 22.4709 22.5367 3.23463
    endloop
  endfacet
  facet normal -0.469217 0.87766 0.0977173
    outer loop
      vertex 22.5555 22.4101 4
      vertex 23.1606 22.7336 4
      vertex 22.5341 22.4421 3.60983
    endloop
  endfacet
  facet normal -0.469134 0.877725 0.0975357
    outer loop
      vertex 23.1606 22.7336 4
      vertex 23.1459 22.7691 3.60983
      vertex 22.5341 22.4421 3.60983
    endloop
  endfacet
  facet normal -0.0285957 0.0942862 0.995134
    outer loop
      vertex 22.5446 24.2209 2.03844
      vertex 23.5031 24.5116 2.03844
      vertex 22.3952 24.5813 2
    endloop
  endfacet
  facet normal -0.0285969 0.0942692 0.995136
    outer loop
      vertex 23.5031 24.5116 2.03844
      vertex 23.427 24.8943 2
      vertex 22.3952 24.5813 2
    endloop
  endfacet
  facet normal -0.0846463 0.278972 0.956561
    outer loop
      vertex 22.6881 23.8742 2.15225
      vertex 23.5763 24.1437 2.15225
      vertex 22.5446 24.2209 2.03844
    endloop
  endfacet
  facet normal -0.0846365 0.279065 0.956535
    outer loop
      vertex 23.5763 24.1437 2.15225
      vertex 23.5031 24.5116 2.03844
      vertex 22.5446 24.2209 2.03844
    endloop
  endfacet
  facet normal -0.13734 0.452831 0.880955
    outer loop
      vertex 22.8205 23.5548 2.33707
      vertex 23.6438 23.8045 2.33707
      vertex 22.6881 23.8742 2.15225
    endloop
  endfacet
  facet normal -0.137361 0.452705 0.881016
    outer loop
      vertex 23.6438 23.8045 2.33707
      vertex 23.5763 24.1437 2.15225
      vertex 22.6881 23.8742 2.15225
    endloop
  endfacet
  facet normal -0.184686 0.608869 0.771473
    outer loop
      vertex 22.9364 23.2748 2.5858
      vertex 23.7029 23.5073 2.5858
      vertex 22.8205 23.5548 2.33707
    endloop
  endfacet
  facet normal -0.184676 0.608907 0.771445
    outer loop
      vertex 23.7029 23.5073 2.5858
      vertex 23.6438 23.8045 2.33707
      vertex 22.8205 23.5548 2.33707
    endloop
  endfacet
  facet normal -0.224777 0.741158 0.632583
    outer loop
      vertex 23.0316 23.045 2.88887
      vertex 23.7514 23.2633 2.88887
      vertex 22.9364 23.2748 2.5858
    endloop
  endfacet
  facet normal -0.224798 0.741107 0.632635
    outer loop
      vertex 23.7514 23.2633 2.88887
      vertex 23.7029 23.5073 2.5858
      vertex 22.9364 23.2748 2.5858
    endloop
  endfacet
  facet normal -0.25632 0.844785 0.469722
    outer loop
      vertex 23.1023 22.8742 3.23463
      vertex 23.7875 23.0821 3.23463
      vertex 23.0316 23.045 2.88887
    endloop
  endfacet
  facet normal -0.256243 0.84491 0.46954
    outer loop
      vertex 23.7875 23.0821 3.23463
      vertex 23.7514 23.2633 2.88887
      vertex 23.0316 23.045 2.88887
    endloop
  endfacet
  facet normal -0.277828 0.916155 0.288916
    outer loop
      vertex 23.1459 22.7691 3.60983
      vertex 23.8097 22.9704 3.60983
      vertex 23.1023 22.8742 3.23463
    endloop
  endfacet
  facet normal -0.277941 0.916044 0.289159
    outer loop
      vertex 23.8097 22.9704 3.60983
      vertex 23.7875 23.0821 3.23463
      vertex 23.1023 22.8742 3.23463
    endloop
  endfacet
  facet normal -0.288798 0.952409 0.0975366
    outer loop
      vertex 23.1606 22.7336 4
      vertex 23.8172 22.9327 4
      vertex 23.1459 22.7691 3.60983
    endloop
  endfacet
  facet normal -0.288819 0.952398 0.0975768
    outer loop
      vertex 23.8172 22.9327 4
      vertex 23.8097 22.9704 3.60983
      vertex 23.1459 22.7691 3.60983
    endloop
  endfacet
  facet normal -0.00965701 0.0980354 0.995136
    outer loop
      vertex 23.5031 24.5116 2.03844
      vertex 24.5 24.6098 2.03844
      vertex 23.427 24.8943 2
    endloop
  endfacet
  facet normal -0.00965726 0.0980344 0.995136
    outer loop
      vertex 24.5 24.6098 2.03844
      vertex 24.5 25 2
      vertex 23.427 24.8943 2
    endloop
  endfacet
  facet normal -0.0285603 0.290221 0.956533
    outer loop
      vertex 23.5763 24.1437 2.15225
      vertex 24.5 24.2346 2.15225
      vertex 23.5031 24.5116 2.03844
    endloop
  endfacet
  facet normal -0.0285816 0.290153 0.956553
    outer loop
      vertex 24.5 24.2346 2.15225
      vertex 24.5 24.6098 2.03844
      vertex 23.5031 24.5116 2.03844
    endloop
  endfacet
  facet normal -0.0464096 0.470804 0.881016
    outer loop
      vertex 23.6438 23.8045 2.33707
      vertex 24.5 23.8889 2.33707
      vertex 23.5763 24.1437 2.15225
    endloop
  endfacet
  facet normal -0.0463473 0.470968 0.880932
    outer loop
      vertex 24.5 23.8889 2.33707
      vertex 24.5 24.2346 2.15225
      vertex 23.5763 24.1437 2.15225
    endloop
  endfacet
  facet normal -0.0623619 0.633231 0.771446
    outer loop
      vertex 23.7029 23.5073 2.5858
      vertex 24.5 23.5858 2.5858
      vertex 23.6438 23.8045 2.33707
    endloop
  endfacet
  facet normal -0.0624108 0.63313 0.771526
    outer loop
      vertex 24.5 23.5858 2.5858
      vertex 24.5 23.8889 2.33707
      vertex 23.6438 23.8045 2.33707
    endloop
  endfacet
  facet normal -0.075979 0.770703 0.632648
    outer loop
      vertex 23.7514 23.2633 2.88887
      vertex 24.5 23.3371 2.88887
      vertex 23.7029 23.5073 2.5858
    endloop
  endfacet
  facet normal -0.0759108 0.770809 0.632528
    outer loop
      vertex 24.5 23.3371 2.88887
      vertex 24.5 23.5858 2.5858
      vertex 23.7029 23.5073 2.5858
    endloop
  endfacet
  facet normal -0.086572 0.878669 0.469517
    outer loop
      vertex 23.7875 23.0821 3.23463
      vertex 24.5 23.1523 3.23463
      vertex 23.7514 23.2633 2.88887
    endloop
  endfacet
  facet normal -0.0866179 0.87862 0.4696
    outer loop
      vertex 24.5 23.1523 3.23463
      vertex 24.5 23.3371 2.88887
      vertex 23.7514 23.2633 2.88887
    endloop
  endfacet
  facet normal -0.0938452 0.952667 0.289169
    outer loop
      vertex 23.8097 22.9704 3.60983
      vertex 24.5 23.0384 3.60983
      vertex 23.7875 23.0821 3.23463
    endloop
  endfacet
  facet normal -0.0938617 0.952656 0.289199
    outer loop
      vertex 24.5 23.0384 3.60983
      vertex 24.5 23.1523 3.23463
      vertex 23.7875 23.0821 3.23463
    endloop
  endfacet
  facet normal -0.0976213 0.990429 0.0975762
    outer loop
      vertex 23.8172 22.9327 4
      vertex 24.5 23 4
      vertex 23.8097 22.9704 3.60983
    endloop
  endfacet
  facet normal -0.0975665 0.990444 0.0974781
    outer loop
      vertex 24.5 23 4
      vertex 24.5 23.0384 3.60983
      vertex 23.8097 22.9704 3.60983
    endloop
  endfacet
  facet normal 0.00965692 0.0980344 0.995136
    outer loop
      vertex 25.4969 24.5116 2.03844
      vertex 24.5 25 2
      vertex 24.5 24.6098 2.03844
    endloop
  endfacet
  facet normal 0.00965734 0.0980353 0.995136
    outer loop
      vertex 25.4969 24.5116 2.03844
      vertex 25.573 24.8943 2
      vertex 24.5 25 2
    endloop
  endfacet
  facet normal 0.0285535 0.290153 0.956554
    outer loop
      vertex 25.4237 24.1437 2.15225
      vertex 24.5 24.6098 2.03844
      vertex 24.5 24.2346 2.15225
    endloop
  endfacet
  facet normal 0.0285878 0.290216 0.956534
    outer loop
      vertex 25.4237 24.1437 2.15225
      vertex 25.4969 24.5116 2.03844
      vertex 24.5 24.6098 2.03844
    endloop
  endfacet
  facet normal 0.0464256 0.470967 0.880928
    outer loop
      vertex 25.3562 23.8045 2.33707
      vertex 24.5 24.2346 2.15225
      vertex 24.5 23.8889 2.33707
    endloop
  endfacet
  facet normal 0.0463325 0.470818 0.881013
    outer loop
      vertex 25.3562 23.8045 2.33707
      vertex 25.4237 24.1437 2.15225
      vertex 24.5 24.2346 2.15225
    endloop
  endfacet
  facet normal 0.0623521 0.633132 0.771528
    outer loop
      vertex 25.2971 23.5073 2.5858
      vertex 24.5 23.8889 2.33707
      vertex 24.5 23.5858 2.5858
    endloop
  endfacet
  facet normal 0.0624199 0.633222 0.771449
    outer loop
      vertex 25.2971 23.5073 2.5858
      vertex 25.3562 23.8045 2.33707
      vertex 24.5 23.8889 2.33707
    endloop
  endfacet
  facet normal 0.075989 0.770804 0.632524
    outer loop
      vertex 25.2486 23.2633 2.88887
      vertex 24.5 23.5858 2.5858
      vertex 24.5 23.3371 2.88887
    endloop
  endfacet
  facet normal 0.0759015 0.770714 0.632644
    outer loop
      vertex 25.2486 23.2633 2.88887
      vertex 25.2971 23.5073 2.5858
      vertex 24.5 23.5858 2.5858
    endloop
  endfacet
  facet normal 0.0865676 0.878624 0.469602
    outer loop
      vertex 25.2125 23.0821 3.23463
      vertex 24.5 23.3371 2.88887
      vertex 24.5 23.1523 3.23463
    endloop
  endfacet
  facet normal 0.0866221 0.878663 0.469519
    outer loop
      vertex 25.2125 23.0821 3.23463
      vertex 25.2486 23.2633 2.88887
      vertex 24.5 23.3371 2.88887
    endloop
  endfacet
  facet normal 0.0938443 0.952658 0.2892
    outer loop
      vertex 25.1903 22.9704 3.60983
      vertex 24.5 23.1523 3.23463
      vertex 24.5 23.0384 3.60983
    endloop
  endfacet
  facet normal 0.0938626 0.952665 0.28917
    outer loop
      vertex 25.1903 22.9704 3.60983
      vertex 25.2125 23.0821 3.23463
      vertex 24.5 23.1523 3.23463
    endloop
  endfacet
  facet normal 0.0976223 0.990438 0.0974776
    outer loop
      vertex 25.1828 22.9327 4
      vertex 24.5 23.0384 3.60983
      vertex 24.5 23 4
    endloop
  endfacet
  facet normal 0.0975656 0.990434 0.0975757
    outer loop
      vertex 25.1828 22.9327 4
      vertex 25.1903 22.9704 3.60983
      vertex 24.5 23.0384 3.60983
    endloop
  endfacet
  facet normal 0.0285909 0.0942703 0.995136
    outer loop
      vertex 26.4554 24.2209 2.03844
      vertex 25.573 24.8943 2
      vertex 25.4969 24.5116 2.03844
    endloop
  endfacet
  facet normal 0.0286013 0.0942839 0.995134
    outer loop
      vertex 26.4554 24.2209 2.03844
      vertex 26.6048 24.5813 2
      vertex 25.573 24.8943 2
    endloop
  endfacet
  facet normal 0.0846723 0.279057 0.956534
    outer loop
      vertex 26.3119 23.8742 2.15225
      vertex 25.4969 24.5116 2.03844
      vertex 25.4237 24.1437 2.15225
    endloop
  endfacet
  facet normal 0.0846125 0.278985 0.95656
    outer loop
      vertex 26.3119 23.8742 2.15225
      vertex 26.4554 24.2209 2.03844
      vertex 25.4969 24.5116 2.03844
    endloop
  endfacet
  facet normal 0.137305 0.452717 0.881019
    outer loop
      vertex 26.1795 23.5548 2.33707
      vertex 25.4237 24.1437 2.15225
      vertex 25.3562 23.8045 2.33707
    endloop
  endfacet
  facet normal 0.137393 0.452811 0.880957
    outer loop
      vertex 26.1795 23.5548 2.33707
      vertex 26.3119 23.8742 2.15225
      vertex 25.4237 24.1437 2.15225
    endloop
  endfacet
  facet normal 0.184696 0.608902 0.771444
    outer loop
      vertex 26.0636 23.2748 2.5858
      vertex 25.3562 23.8045 2.33707
      vertex 25.2971 23.5073 2.5858
    endloop
  endfacet
  facet normal 0.184667 0.608876 0.771472
    outer loop
      vertex 26.0636 23.2748 2.5858
      vertex 26.1795 23.5548 2.33707
      vertex 25.3562 23.8045 2.33707
    endloop
  endfacet
  facet normal 0.224764 0.741115 0.632637
    outer loop
      vertex 25.9684 23.045 2.88887
      vertex 25.2971 23.5073 2.5858
      vertex 25.2486 23.2633 2.88887
    endloop
  endfacet
  facet normal 0.22481 0.741146 0.632584
    outer loop
      vertex 25.9684 23.045 2.88887
      vertex 26.0636 23.2748 2.5858
      vertex 25.2971 23.5073 2.5858
    endloop
  endfacet
  facet normal 0.256349 0.84488 0.469535
    outer loop
      vertex 25.8977 22.8742 3.23463
      vertex 25.2486 23.2633 2.88887
      vertex 25.2125 23.0821 3.23463
    endloop
  endfacet
  facet normal 0.256216 0.844819 0.469717
    outer loop
      vertex 25.8977 22.8742 3.23463
      vertex 25.9684 23.045 2.88887
      vertex 25.2486 23.2633 2.88887
    endloop
  endfacet
  facet normal 0.277806 0.916083 0.289163
    outer loop
      vertex 25.8541 22.7691 3.60983
      vertex 25.2125 23.0821 3.23463
      vertex 25.1903 22.9704 3.60983
    endloop
  endfacet
  facet normal 0.277962 0.916113 0.28892
    outer loop
      vertex 25.8541 22.7691 3.60983
      vertex 25.8977 22.8742 3.23463
      vertex 25.2125 23.0821 3.23463
    endloop
  endfacet
  facet normal 0.288797 0.952405 0.0975771
    outer loop
      vertex 25.8394 22.7336 4
      vertex 25.1903 22.9704 3.60983
      vertex 25.1828 22.9327 4
    endloop
  endfacet
  facet normal 0.28882 0.952402 0.0975368
    outer loop
      vertex 25.8394 22.7336 4
      vertex 25.8541 22.7691 3.60983
      vertex 25.1903 22.9704 3.60983
    endloop
  endfacet
  facet normal 0.0464394 0.0868894 0.995135
    outer loop
      vertex 27.3389 23.7487 2.03844
      vertex 26.6048 24.5813 2
      vertex 26.4554 24.2209 2.03844
    endloop
  endfacet
  facet normal 0.0464446 0.086894 0.995134
    outer loop
      vertex 27.3389 23.7487 2.03844
      vertex 27.5556 24.0731 2
      vertex 26.6048 24.5813 2
    endloop
  endfacet
  facet normal 0.137435 0.257121 0.956557
    outer loop
      vertex 27.1304 23.4367 2.15225
      vertex 26.4554 24.2209 2.03844
      vertex 26.3119 23.8742 2.15225
    endloop
  endfacet
  facet normal 0.137413 0.257103 0.956565
    outer loop
      vertex 27.1304 23.4367 2.15225
      vertex 27.3389 23.7487 2.03844
      vertex 26.4554 24.2209 2.03844
    endloop
  endfacet
  facet normal 0.223061 0.417304 0.880966
    outer loop
      vertex 26.9383 23.1492 2.33707
      vertex 26.3119 23.8742 2.15225
      vertex 26.1795 23.5548 2.33707
    endloop
  endfacet
  facet normal 0.223051 0.417297 0.880972
    outer loop
      vertex 26.9383 23.1492 2.33707
      vertex 27.1304 23.4367 2.15225
      vertex 26.3119 23.8742 2.15225
    endloop
  endfacet
  facet normal 0.299988 0.561127 0.771456
    outer loop
      vertex 26.7699 22.8972 2.5858
      vertex 26.1795 23.5548 2.33707
      vertex 26.0636 23.2748 2.5858
    endloop
  endfacet
  facet normal 0.299915 0.561084 0.771515
    outer loop
      vertex 26.7699 22.8972 2.5858
      vertex 26.9383 23.1492 2.33707
      vertex 26.1795 23.5548 2.33707
    endloop
  endfacet
  facet normal 0.365095 0.683035 0.632588
    outer loop
      vertex 26.6318 22.6904 2.88887
      vertex 26.0636 23.2748 2.5858
      vertex 25.9684 23.045 2.88887
    endloop
  endfacet
  facet normal 0.365182 0.683073 0.632498
    outer loop
      vertex 26.6318 22.6904 2.88887
      vertex 26.7699 22.8972 2.5858
      vertex 26.0636 23.2748 2.5858
    endloop
  endfacet
  facet normal 0.41617 0.778577 0.469702
    outer loop
      vertex 26.5291 22.5367 3.23463
      vertex 25.9684 23.045 2.88887
      vertex 25.8977 22.8742 3.23463
    endloop
  endfacet
  facet normal 0.416164 0.778576 0.46971
    outer loop
      vertex 26.5291 22.5367 3.23463
      vertex 26.6318 22.6904 2.88887
      vertex 25.9684 23.045 2.88887
    endloop
  endfacet
  facet normal 0.451275 0.844311 0.288946
    outer loop
      vertex 26.4659 22.4421 3.60983
      vertex 25.8977 22.8742 3.23463
      vertex 25.8541 22.7691 3.60983
    endloop
  endfacet
  facet normal 0.451306 0.844311 0.288898
    outer loop
      vertex 26.4659 22.4421 3.60983
      vertex 26.5291 22.5367 3.23463
      vertex 25.8977 22.8742 3.23463
    endloop
  endfacet
  facet normal 0.469225 0.877676 0.0975347
    outer loop
      vertex 26.4445 22.4101 4
      vertex 25.8541 22.7691 3.60983
      vertex 25.8394 22.7336 4
    endloop
  endfacet
  facet normal 0.469125 0.877709 0.0977163
    outer loop
      vertex 26.4445 22.4101 4
      vertex 26.4659 22.4421 3.60983
      vertex 25.8541 22.7691 3.60983
    endloop
  endfacet
  facet normal 0.0625097 0.0761625 0.995134
    outer loop
      vertex 28.1132 23.1132 2.03844
      vertex 27.5556 24.0731 2
      vertex 27.3389 23.7487 2.03844
    endloop
  endfacet
  facet normal 0.0624944 0.0761537 0.995136
    outer loop
      vertex 28.1132 23.1132 2.03844
      vertex 28.3891 23.3891 2
      vertex 27.5556 24.0731 2
    endloop
  endfacet
  facet normal 0.184928 0.22535 0.956566
    outer loop
      vertex 27.8479 22.8479 2.15225
      vertex 27.3389 23.7487 2.03844
      vertex 27.1304 23.4367 2.15225
    endloop
  endfacet
  facet normal 0.184974 0.225374 0.956552
    outer loop
      vertex 27.8479 22.8479 2.15225
      vertex 28.1132 23.1132 2.03844
      vertex 27.3389 23.7487 2.03844
    endloop
  endfacet
  facet normal 0.300164 0.365773 0.880972
    outer loop
      vertex 27.6034 22.6034 2.33707
      vertex 27.1304 23.4367 2.15225
      vertex 26.9383 23.1492 2.33707
    endloop
  endfacet
  facet normal 0.300163 0.365773 0.880972
    outer loop
      vertex 27.6034 22.6034 2.33707
      vertex 27.8479 22.8479 2.15225
      vertex 27.1304 23.4367 2.15225
    endloop
  endfacet
  facet normal 0.403574 0.491818 0.77152
    outer loop
      vertex 27.3891 22.3891 2.5858
      vertex 26.9383 23.1492 2.33707
      vertex 26.7699 22.8972 2.5858
    endloop
  endfacet
  facet normal 0.403611 0.491831 0.771492
    outer loop
      vertex 27.3891 22.3891 2.5858
      vertex 27.6034 22.6034 2.33707
      vertex 26.9383 23.1492 2.33707
    endloop
  endfacet
  facet normal 0.491425 0.598732 0.632473
    outer loop
      vertex 27.2132 22.2132 2.88887
      vertex 26.7699 22.8972 2.5858
      vertex 26.6318 22.6904 2.88887
    endloop
  endfacet
  facet normal 0.491278 0.5987 0.632617
    outer loop
      vertex 27.2132 22.2132 2.88887
      vertex 27.3891 22.3891 2.5858
      vertex 26.7699 22.8972 2.5858
    endloop
  endfacet
  facet normal 0.560083 0.682408 0.469709
    outer loop
      vertex 27.0825 22.0825 3.23463
      vertex 26.6318 22.6904 2.88887
      vertex 26.5291 22.5367 3.23463
    endloop
  endfacet
  facet normal 0.560106 0.682409 0.46968
    outer loop
      vertex 27.0825 22.0825 3.23463
      vertex 27.2132 22.2132 2.88887
      vertex 26.6318 22.6904 2.88887
    endloop
  endfacet
  facet normal 0.607304 0.740082 0.288895
    outer loop
      vertex 27.0021 22.0021 3.60983
      vertex 26.5291 22.5367 3.23463
      vertex 26.4659 22.4421 3.60983
    endloop
  endfacet
  facet normal 0.607402 0.740062 0.288742
    outer loop
      vertex 27.0021 22.0021 3.60983
      vertex 27.0825 22.0825 3.23463
      vertex 26.5291 22.5367 3.23463
    endloop
  endfacet
  facet normal 0.63128 0.769373 0.0977249
    outer loop
      vertex 26.9749 21.9749 4
      vertex 26.4659 22.4421 3.60983
      vertex 26.4445 22.4101 4
    endloop
  endfacet
  facet normal 0.631321 0.76935 0.0976452
    outer loop
      vertex 26.9749 21.9749 4
      vertex 27.0021 22.0021 3.60983
      vertex 26.4659 22.4421 3.60983
    endloop
  endfacet
  facet normal 0.0761493 0.0624989 0.995136
    outer loop
      vertex 28.7487 22.3389 2.03844
      vertex 28.3891 23.3891 2
      vertex 28.1132 23.1132 2.03844
    endloop
  endfacet
  facet normal 0.0761659 0.0625045 0.995134
    outer loop
      vertex 28.7487 22.3389 2.03844
      vertex 29.0731 22.5556 2
      vertex 28.3891 23.3891 2
    endloop
  endfacet
  facet normal 0.225388 0.184959 0.956551
    outer loop
      vertex 28.4367 22.1304 2.15225
      vertex 28.1132 23.1132 2.03844
      vertex 27.8479 22.8479 2.15225
    endloop
  endfacet
  facet normal 0.225339 0.184945 0.956566
    outer loop
      vertex 28.4367 22.1304 2.15225
      vertex 28.7487 22.3389 2.03844
      vertex 28.1132 23.1132 2.03844
    endloop
  endfacet
  facet normal 0.365773 0.300163 0.880972
    outer loop
      vertex 28.1492 21.9383 2.33707
      vertex 27.8479 22.8479 2.15225
      vertex 27.6034 22.6034 2.33707
    endloop
  endfacet
  facet normal 0.365773 0.300164 0.880972
    outer loop
      vertex 28.1492 21.9383 2.33707
      vertex 28.4367 22.1304 2.15225
      vertex 27.8479 22.8479 2.15225
    endloop
  endfacet
  facet normal 0.491845 0.403596 0.771491
    outer loop
      vertex 27.8972 21.7699 2.5858
      vertex 27.6034 22.6034 2.33707
      vertex 27.3891 22.3891 2.5858
    endloop
  endfacet
  facet normal 0.491806 0.40359 0.771519
    outer loop
      vertex 27.8972 21.7699 2.5858
      vertex 28.1492 21.9383 2.33707
      vertex 27.6034 22.6034 2.33707
    endloop
  endfacet
  facet normal 0.598638 0.491348 0.632621
    outer loop
      vertex 27.6904 21.6318 2.88887
      vertex 27.3891 22.3891 2.5858
      vertex 27.2132 22.2132 2.88887
    endloop
  endfacet
  facet normal 0.598788 0.491351 0.632477
    outer loop
      vertex 27.6904 21.6318 2.88887
      vertex 27.8972 21.7699 2.5858
      vertex 27.3891 22.3891 2.5858
    endloop
  endfacet
  facet normal 0.68242 0.560093 0.46968
    outer loop
      vertex 27.5367 21.5291 3.23463
      vertex 27.2132 22.2132 2.88887
      vertex 27.0825 22.0825 3.23463
    endloop
  endfacet
  facet normal 0.682397 0.560096 0.469708
    outer loop
      vertex 27.5367 21.5291 3.23463
      vertex 27.6904 21.6318 2.88887
      vertex 27.2132 22.2132 2.88887
    endloop
  endfacet
  facet normal 0.740119 0.607333 0.28874
    outer loop
      vertex 27.4421 21.4659 3.60983
      vertex 27.0825 22.0825 3.23463
      vertex 27.0021 22.0021 3.60983
    endloop
  endfacet
  facet normal 0.740027 0.607373 0.288893
    outer loop
      vertex 27.4421 21.4659 3.60983
      vertex 27.5367 21.5291 3.23463
      vertex 27.0825 22.0825 3.23463
    endloop
  endfacet
  facet normal 0.769379 0.631285 0.0976448
    outer loop
      vertex 27.4101 21.4445 4
      vertex 27.0021 22.0021 3.60983
      vertex 26.9749 21.9749 4
    endloop
  endfacet
  facet normal 0.769344 0.631316 0.0977245
    outer loop
      vertex 27.4101 21.4445 4
      vertex 27.4421 21.4659 3.60983
      vertex 27.0021 22.0021 3.60983
    endloop
  endfacet
  facet normal 0.0868954 0.0464426 0.995134
    outer loop
      vertex 29.2209 21.4554 2.03844
      vertex 29.0731 22.5556 2
      vertex 28.7487 22.3389 2.03844
    endloop
  endfacet
  facet normal 0.0868885 0.0464417 0.995135
    outer loop
      vertex 29.2209 21.4554 2.03844
      vertex 29.5813 21.6048 2
      vertex 29.0731 22.5556 2
    endloop
  endfacet
  facet normal 0.257097 0.137422 0.956565
    outer loop
      vertex 28.8742 21.3119 2.15225
      vertex 28.7487 22.3389 2.03844
      vertex 28.4367 22.1304 2.15225
    endloop
  endfacet
  facet normal 0.257125 0.137424 0.956557
    outer loop
      vertex 28.8742 21.3119 2.15225
      vertex 29.2209 21.4554 2.03844
      vertex 28.7487 22.3389 2.03844
    endloop
  endfacet
  facet normal 0.417295 0.223056 0.880972
    outer loop
      vertex 28.5548 21.1795 2.33707
      vertex 28.4367 22.1304 2.15225
      vertex 28.1492 21.9383 2.33707
    endloop
  endfacet
  facet normal 0.417306 0.223056 0.880966
    outer loop
      vertex 28.5548 21.1795 2.33707
      vertex 28.8742 21.3119 2.15225
      vertex 28.4367 22.1304 2.15225
    endloop
  endfacet
  facet normal 0.561061 0.299953 0.771517
    outer loop
      vertex 28.2748 21.0636 2.5858
      vertex 28.1492 21.9383 2.33707
      vertex 27.8972 21.7699 2.5858
    endloop
  endfacet
  facet normal 0.561145 0.299948 0.771458
    outer loop
      vertex 28.2748 21.0636 2.5858
      vertex 28.5548 21.1795 2.33707
      vertex 28.1492 21.9383 2.33707
    endloop
  endfacet
  facet normal 0.683103 0.365131 0.632495
    outer loop
      vertex 28.045 20.9684 2.88887
      vertex 27.8972 21.7699 2.5858
      vertex 27.6904 21.6318 2.88887
    endloop
  endfacet
  facet normal 0.68301 0.365149 0.632586
    outer loop
      vertex 28.045 20.9684 2.88887
      vertex 28.2748 21.0636 2.5858
      vertex 27.8972 21.7699 2.5858
    endloop
  endfacet
  facet normal 0.778573 0.416168 0.469711
    outer loop
      vertex 27.8742 20.8977 3.23463
      vertex 27.6904 21.6318 2.88887
      vertex 27.5367 21.5291 3.23463
    endloop
  endfacet
  facet normal 0.778579 0.416166 0.469702
    outer loop
      vertex 27.8742 20.8977 3.23463
      vertex 28.045 20.9684 2.88887
      vertex 27.6904 21.6318 2.88887
    endloop
  endfacet
  facet normal 0.844324 0.451282 0.288897
    outer loop
      vertex 27.7691 20.8541 3.60983
      vertex 27.5367 21.5291 3.23463
      vertex 27.4421 21.4659 3.60983
    endloop
  endfacet
  facet normal 0.844298 0.4513 0.288946
    outer loop
      vertex 27.7691 20.8541 3.60983
      vertex 27.8742 20.8977 3.23463
      vertex 27.5367 21.5291 3.23463
    endloop
  endfacet
  facet normal 0.87766 0.469217 0.0977173
    outer loop
      vertex 27.7336 20.8394 4
      vertex 27.4421 21.4659 3.60983
      vertex 27.4101 21.4445 4
    endloop
  endfacet
  facet normal 0.877725 0.469134 0.0975357
    outer loop
      vertex 27.7336 20.8394 4
      vertex 27.7691 20.8541 3.60983
      vertex 27.4421 21.4659 3.60983
    endloop
  endfacet
  facet normal 0.0942862 0.0285957 0.995134
    outer loop
      vertex 29.5116 20.4969 2.03844
      vertex 29.5813 21.6048 2
      vertex 29.2209 21.4554 2.03844
    endloop
  endfacet
  facet normal 0.0942692 0.0285969 0.995136
    outer loop
      vertex 29.8943 20.573 2
      vertex 29.5813 21.6048 2
      vertex 29.5116 20.4969 2.03844
    endloop
  endfacet
  facet normal 0.278972 0.0846463 0.956561
    outer loop
      vertex 29.1437 20.4237 2.15225
      vertex 29.2209 21.4554 2.03844
      vertex 28.8742 21.3119 2.15225
    endloop
  endfacet
  facet normal 0.279065 0.0846365 0.956535
    outer loop
      vertex 29.5116 20.4969 2.03844
      vertex 29.2209 21.4554 2.03844
      vertex 29.1437 20.4237 2.15225
    endloop
  endfacet
  facet normal 0.452831 0.13734 0.880955
    outer loop
      vertex 28.8045 20.3562 2.33707
      vertex 28.8742 21.3119 2.15225
      vertex 28.5548 21.1795 2.33707
    endloop
  endfacet
  facet normal 0.452705 0.137361 0.881016
    outer loop
      vertex 29.1437 20.4237 2.15225
      vertex 28.8742 21.3119 2.15225
      vertex 28.8045 20.3562 2.33707
    endloop
  endfacet
  facet normal 0.608869 0.184686 0.771473
    outer loop
      vertex 28.5073 20.2971 2.5858
      vertex 28.5548 21.1795 2.33707
      vertex 28.2748 21.0636 2.5858
    endloop
  endfacet
  facet normal 0.608907 0.184676 0.771445
    outer loop
      vertex 28.8045 20.3562 2.33707
      vertex 28.5548 21.1795 2.33707
      vertex 28.5073 20.2971 2.5858
    endloop
  endfacet
  facet normal 0.741158 0.224777 0.632583
    outer loop
      vertex 28.2633 20.2486 2.88887
      vertex 28.2748 21.0636 2.5858
      vertex 28.045 20.9684 2.88887
    endloop
  endfacet
  facet normal 0.741107 0.224798 0.632635
    outer loop
      vertex 28.5073 20.2971 2.5858
      vertex 28.2748 21.0636 2.5858
      vertex 28.2633 20.2486 2.88887
    endloop
  endfacet
  facet normal 0.844785 0.25632 0.469722
    outer loop
      vertex 28.0821 20.2125 3.23463
      vertex 28.045 20.9684 2.88887
      vertex 27.8742 20.8977 3.23463
    endloop
  endfacet
  facet normal 0.84491 0.256243 0.46954
    outer loop
      vertex 28.0821 20.2125 3.23463
      vertex 28.2633 20.2486 2.88887
      vertex 28.045 20.9684 2.88887
    endloop
  endfacet
  facet normal 0.916155 0.277828 0.288916
    outer loop
      vertex 27.9704 20.1903 3.60983
      vertex 27.8742 20.8977 3.23463
      vertex 27.7691 20.8541 3.60983
    endloop
  endfacet
  facet normal 0.916044 0.277941 0.289159
    outer loop
      vertex 27.9704 20.1903 3.60983
      vertex 28.0821 20.2125 3.23463
      vertex 27.8742 20.8977 3.23463
    endloop
  endfacet
  facet normal 0.952409 0.288798 0.0975366
    outer loop
      vertex 27.9327 20.1828 4
      vertex 27.7691 20.8541 3.60983
      vertex 27.7336 20.8394 4
    endloop
  endfacet
  facet normal 0.952398 0.288819 0.0975768
    outer loop
      vertex 27.9327 20.1828 4
      vertex 27.9704 20.1903 3.60983
      vertex 27.7691 20.8541 3.60983
    endloop
  endfacet
  facet normal 0.0980354 0.00965701 0.995136
    outer loop
      vertex 29.6098 19.5 2.03844
      vertex 29.8943 20.573 2
      vertex 29.5116 20.4969 2.03844
    endloop
  endfacet
  facet normal 0.0980344 0.00965726 0.995136
    outer loop
      vertex 30 19.5 2
      vertex 29.8943 20.573 2
      vertex 29.6098 19.5 2.03844
    endloop
  endfacet
  facet normal 0.290221 0.0285603 0.956533
    outer loop
      vertex 29.2346 19.5 2.15225
      vertex 29.5116 20.4969 2.03844
      vertex 29.1437 20.4237 2.15225
    endloop
  endfacet
  facet normal 0.290153 0.0285816 0.956553
    outer loop
      vertex 29.6098 19.5 2.03844
      vertex 29.5116 20.4969 2.03844
      vertex 29.2346 19.5 2.15225
    endloop
  endfacet
  facet normal 0.470804 0.0464096 0.881016
    outer loop
      vertex 28.8889 19.5 2.33707
      vertex 29.1437 20.4237 2.15225
      vertex 28.8045 20.3562 2.33707
    endloop
  endfacet
  facet normal 0.470968 0.0463473 0.880932
    outer loop
      vertex 29.2346 19.5 2.15225
      vertex 29.1437 20.4237 2.15225
      vertex 28.8889 19.5 2.33707
    endloop
  endfacet
  facet normal 0.633231 0.0623619 0.771446
    outer loop
      vertex 28.5858 19.5 2.5858
      vertex 28.8045 20.3562 2.33707
      vertex 28.5073 20.2971 2.5858
    endloop
  endfacet
  facet normal 0.63313 0.0624108 0.771526
    outer loop
      vertex 28.8889 19.5 2.33707
      vertex 28.8045 20.3562 2.33707
      vertex 28.5858 19.5 2.5858
    endloop
  endfacet
  facet normal 0.770703 0.075979 0.632648
    outer loop
      vertex 28.3371 19.5 2.88887
      vertex 28.5073 20.2971 2.5858
      vertex 28.2633 20.2486 2.88887
    endloop
  endfacet
  facet normal 0.770809 0.0759108 0.632528
    outer loop
      vertex 28.5858 19.5 2.5858
      vertex 28.5073 20.2971 2.5858
      vertex 28.3371 19.5 2.88887
    endloop
  endfacet
  facet normal 0.878669 0.086572 0.469517
    outer loop
      vertex 28.1523 19.5 3.23463
      vertex 28.2633 20.2486 2.88887
      vertex 28.0821 20.2125 3.23463
    endloop
  endfacet
  facet normal 0.87862 0.0866179 0.4696
    outer loop
      vertex 28.3371 19.5 2.88887
      vertex 28.2633 20.2486 2.88887
      vertex 28.1523 19.5 3.23463
    endloop
  endfacet
  facet normal 0.952667 0.0938452 0.289169
    outer loop
      vertex 28.0384 19.5 3.60983
      vertex 28.0821 20.2125 3.23463
      vertex 27.9704 20.1903 3.60983
    endloop
  endfacet
  facet normal 0.952656 0.0938617 0.289199
    outer loop
      vertex 28.1523 19.5 3.23463
      vertex 28.0821 20.2125 3.23463
      vertex 28.0384 19.5 3.60983
    endloop
  endfacet
  facet normal 0.990429 0.0976213 0.0975762
    outer loop
      vertex 28 19.5 4
      vertex 27.9704 20.1903 3.60983
      vertex 27.9327 20.1828 4
    endloop
  endfacet
  facet normal 0.990444 0.0975665 0.0974781
    outer loop
      vertex 28 19.5 4
      vertex 28.0384 19.5 3.60983
      vertex 27.9704 20.1903 3.60983
    endloop
  endfacet
  facet normal -0.471554 -0.881837 0
    outer loop
      vertex 25.2654 21.3478 0
      vertex 25.6065 21.1654 9.20881
      vertex 25.2654 21.3478 9.20881
    endloop
  endfacet
  facet normal -0.471634 -0.881795 3.79754e-06
    outer loop
      vertex 25.6111 21.1629 0
      vertex 25.6065 21.1654 9.20881
      vertex 25.2654 21.3478 0
    endloop
  endfacet
  facet normal -0.477513 -0.878625 0
    outer loop
      vertex 25.6065 21.1654 9.20881
      vertex 25.6111 21.1629 0
      vertex 25.6111 21.1629 9.20881
    endloop
  endfacet
  facet normal -0.957011 -0.29005 0
    outer loop
      vertex 26.46 19.8952 9.20881
      vertex 26.3478 20.2654 9.20881
      vertex 26.3478 20.2654 0
    endloop
  endfacet
  facet normal -0.956951 -0.290248 -8.67452e-06
    outer loop
      vertex 26.4616 19.8902 0
      vertex 26.46 19.8952 9.20881
      vertex 26.3478 20.2654 0
    endloop
  endfacet
  facet normal -0.952424 -0.304776 0
    outer loop
      vertex 26.46 19.8952 9.20881
      vertex 26.4616 19.8902 0
      vertex 26.4616 19.8902 9.20881
    endloop
  endfacet
  facet normal -0.99519 -0.097968 0
    outer loop
      vertex 26.4616 19.8902 0
      vertex 26.4995 19.5052 9.20881
      vertex 26.4616 19.8902 9.20881
    endloop
  endfacet
  facet normal -0.995193 -0.097938 1.26847e-06
    outer loop
      vertex 26.5 19.5 0
      vertex 26.4995 19.5052 9.20881
      vertex 26.4616 19.8902 0
    endloop
  endfacet
  facet normal -0.995409 -0.0957124 0
    outer loop
      vertex 26.4995 19.5052 9.20881
      vertex 26.5 19.5 0
      vertex 26.5 19.5 9.20881
    endloop
  endfacet
  facet normal -0.881837 -0.471554 0
    outer loop
      vertex 26.1629 20.6111 0
      vertex 26.3453 20.27 9.20881
      vertex 26.1629 20.6111 9.20881
    endloop
  endfacet
  facet normal -0.881795 -0.471634 -3.79754e-06
    outer loop
      vertex 26.3478 20.2654 0
      vertex 26.3453 20.27 9.20881
      vertex 26.1629 20.6111 0
    endloop
  endfacet
  facet normal -0.878625 -0.477513 0
    outer loop
      vertex 26.3453 20.27 9.20881
      vertex 26.3478 20.2654 0
      vertex 26.3478 20.2654 9.20881
    endloop
  endfacet
  facet normal -0.0979932 -0.995187 0
    outer loop
      vertex 24.5 21.5 0
      vertex 24.8849 21.4621 9.20881
      vertex 24.5 21.5 9.20881
    endloop
  endfacet
  facet normal -0.097938 -0.995193 -2.332e-06
    outer loop
      vertex 24.8902 21.4616 0
      vertex 24.8849 21.4621 9.20881
      vertex 24.5 21.5 0
    endloop
  endfacet
  facet normal -0.0939226 -0.99558 0
    outer loop
      vertex 24.8849 21.4621 9.20881
      vertex 24.8902 21.4616 0
      vertex 24.8902 21.4616 9.20881
    endloop
  endfacet
  facet normal -0.097968 0.99519 0
    outer loop
      vertex 24.8902 17.5384 0
      vertex 24.5052 17.5005 9.20881
      vertex 24.8902 17.5384 9.20881
    endloop
  endfacet
  facet normal -0.097938 0.995193 1.26847e-06
    outer loop
      vertex 24.5 17.5 0
      vertex 24.5052 17.5005 9.20881
      vertex 24.8902 17.5384 0
    endloop
  endfacet
  facet normal -0.0957124 0.995409 0
    outer loop
      vertex 24.5052 17.5005 9.20881
      vertex 24.5 17.5 0
      vertex 24.5 17.5 9.20881
    endloop
  endfacet
  facet normal -0.290359 -0.956918 0
    outer loop
      vertex 24.8902 21.4616 0
      vertex 25.2603 21.3493 9.20881
      vertex 24.8902 21.4616 9.20881
    endloop
  endfacet
  facet normal -0.290248 -0.956951 -4.86903e-06
    outer loop
      vertex 25.2654 21.3478 0
      vertex 25.2603 21.3493 9.20881
      vertex 24.8902 21.4616 0
    endloop
  endfacet
  facet normal -0.282166 -0.959366 0
    outer loop
      vertex 25.2603 21.3493 9.20881
      vertex 25.2654 21.3478 0
      vertex 25.2654 21.3478 9.20881
    endloop
  endfacet
  facet normal -0.63442 -0.772989 0
    outer loop
      vertex 25.6111 21.1629 0
      vertex 25.9101 20.9175 9.20881
      vertex 25.6111 21.1629 9.20881
    endloop
  endfacet
  facet normal -0.634321 -0.77307 -5.38426e-06
    outer loop
      vertex 25.9142 20.9142 0
      vertex 25.9101 20.9175 9.20881
      vertex 25.6111 21.1629 0
    endloop
  endfacet
  facet normal -0.627009 -0.779012 0
    outer loop
      vertex 25.9101 20.9175 9.20881
      vertex 25.9142 20.9142 0
      vertex 25.9142 20.9142 9.20881
    endloop
  endfacet
  facet normal -0.772989 0.63442 0
    outer loop
      vertex 26.1629 18.3889 0
      vertex 25.9175 18.0899 9.20881
      vertex 26.1629 18.3889 9.20881
    endloop
  endfacet
  facet normal -0.77307 0.634321 -5.38426e-06
    outer loop
      vertex 25.9142 18.0858 0
      vertex 25.9175 18.0899 9.20881
      vertex 26.1629 18.3889 0
    endloop
  endfacet
  facet normal -0.779012 0.627009 0
    outer loop
      vertex 25.9175 18.0899 9.20881
      vertex 25.9142 18.0858 0
      vertex 25.9142 18.0858 9.20881
    endloop
  endfacet
  facet normal 0.63442 -0.772989 0
    outer loop
      vertex 23.0858 20.9142 0
      vertex 23.3848 21.1596 9.20881
      vertex 23.0858 20.9142 9.20881
    endloop
  endfacet
  facet normal 0.634321 -0.77307 5.38426e-06
    outer loop
      vertex 23.3889 21.1629 0
      vertex 23.3848 21.1596 9.20881
      vertex 23.0858 20.9142 0
    endloop
  endfacet
  facet normal 0.627009 -0.779012 0
    outer loop
      vertex 23.3848 21.1596 9.20881
      vertex 23.3889 21.1629 0
      vertex 23.3889 21.1629 9.20881
    endloop
  endfacet
  facet normal -0.471554 0.881837 0
    outer loop
      vertex 25.6111 17.8371 0
      vertex 25.27 17.6547 9.20881
      vertex 25.6111 17.8371 9.20881
    endloop
  endfacet
  facet normal -0.471634 0.881795 -3.79754e-06
    outer loop
      vertex 25.2654 17.6522 0
      vertex 25.27 17.6547 9.20881
      vertex 25.6111 17.8371 0
    endloop
  endfacet
  facet normal -0.477513 0.878625 0
    outer loop
      vertex 25.27 17.6547 9.20881
      vertex 25.2654 17.6522 0
      vertex 25.2654 17.6522 9.20881
    endloop
  endfacet
  facet normal 0.878625 0.477513 0
    outer loop
      vertex 22.6547 18.73 9.20881
      vertex 22.6522 18.7346 0
      vertex 22.6522 18.7346 9.20881
    endloop
  endfacet
  facet normal 0.881837 0.471554 -3.84894e-06
    outer loop
      vertex 22.8371 18.3889 9.20881
      vertex 22.6522 18.7346 0
      vertex 22.6547 18.73 9.20881
    endloop
  endfacet
  facet normal 0.881795 0.471634 0
    outer loop
      vertex 22.8371 18.3889 9.20881
      vertex 22.8371 18.3889 0
      vertex 22.6522 18.7346 0
    endloop
  endfacet
  facet normal -0.995187 0.0979932 0
    outer loop
      vertex 26.5 19.5 0
      vertex 26.4621 19.1151 9.20881
      vertex 26.5 19.5 9.20881
    endloop
  endfacet
  facet normal -0.995193 0.097938 -2.332e-06
    outer loop
      vertex 26.4616 19.1098 0
      vertex 26.4621 19.1151 9.20881
      vertex 26.5 19.5 0
    endloop
  endfacet
  facet normal -0.99558 0.0939226 0
    outer loop
      vertex 26.4621 19.1151 9.20881
      vertex 26.4616 19.1098 0
      vertex 26.4616 19.1098 9.20881
    endloop
  endfacet
  facet normal 0.29005 -0.957011 0
    outer loop
      vertex 23.7346 21.3478 0
      vertex 24.1048 21.46 9.20881
      vertex 23.7346 21.3478 9.20881
    endloop
  endfacet
  facet normal 0.290248 -0.956951 -8.67452e-06
    outer loop
      vertex 24.1098 21.4616 0
      vertex 24.1048 21.46 9.20881
      vertex 23.7346 21.3478 0
    endloop
  endfacet
  facet normal 0.304776 -0.952424 0
    outer loop
      vertex 24.1048 21.46 9.20881
      vertex 24.1098 21.4616 0
      vertex 24.1098 21.4616 9.20881
    endloop
  endfacet
  facet normal 0.0979932 0.995187 -0
    outer loop
      vertex 24.5 17.5 0
      vertex 24.1151 17.5379 9.20881
      vertex 24.5 17.5 9.20881
    endloop
  endfacet
  facet normal 0.097938 0.995193 -2.332e-06
    outer loop
      vertex 24.1098 17.5384 0
      vertex 24.1151 17.5379 9.20881
      vertex 24.5 17.5 0
    endloop
  endfacet
  facet normal 0.0939226 0.99558 0
    outer loop
      vertex 24.1151 17.5379 9.20881
      vertex 24.1098 17.5384 0
      vertex 24.1098 17.5384 9.20881
    endloop
  endfacet
  facet normal 0.878625 -0.477513 0
    outer loop
      vertex 22.8346 20.6065 9.20881
      vertex 22.8371 20.6111 0
      vertex 22.8371 20.6111 9.20881
    endloop
  endfacet
  facet normal 0.881837 -0.471554 3.84894e-06
    outer loop
      vertex 22.6522 20.2654 9.20881
      vertex 22.8371 20.6111 0
      vertex 22.8346 20.6065 9.20881
    endloop
  endfacet
  facet normal 0.881795 -0.471634 0
    outer loop
      vertex 22.8371 20.6111 0
      vertex 22.6522 20.2654 9.20881
      vertex 22.6522 20.2654 0
    endloop
  endfacet
  facet normal -0.29005 0.957011 0
    outer loop
      vertex 25.2654 17.6522 0
      vertex 24.8952 17.54 9.20881
      vertex 25.2654 17.6522 9.20881
    endloop
  endfacet
  facet normal -0.290248 0.956951 -8.67452e-06
    outer loop
      vertex 24.8902 17.5384 0
      vertex 24.8952 17.54 9.20881
      vertex 25.2654 17.6522 0
    endloop
  endfacet
  facet normal -0.304776 0.952424 0
    outer loop
      vertex 24.8952 17.54 9.20881
      vertex 24.8902 17.5384 0
      vertex 24.8902 17.5384 9.20881
    endloop
  endfacet
  facet normal 0 0 -1
    outer loop
      vertex 25.5 19.5 9.61
      vertex 26.01 19.5 9.61
      vertex 25.981 19.2054 9.61
    endloop
  endfacet
  facet normal 0 0 -1
    outer loop
      vertex 25.4808 19.3049 9.61
      vertex 25.981 19.2054 9.61
      vertex 25.8951 18.9221 9.61
    endloop
  endfacet
  facet normal 0 0 -1
    outer loop
      vertex 26.01 19.5 9.61
      vertex 25.5 19.5 9.61
      vertex 25.981 19.7946 9.61
    endloop
  endfacet
  facet normal 0 0 -1
    outer loop
      vertex 25.4239 19.1173 9.61
      vertex 25.8951 18.9221 9.61
      vertex 25.7555 18.6611 9.61
    endloop
  endfacet
  facet normal 0 0 -1
    outer loop
      vertex 25.4808 19.6951 9.61
      vertex 25.981 19.7946 9.61
      vertex 25.5 19.5 9.61
    endloop
  endfacet
  facet normal 0 0 -1
    outer loop
      vertex 25.3315 18.9444 9.61
      vertex 25.7555 18.6611 9.61
      vertex 25.5677 18.4323 9.61
    endloop
  endfacet
  facet normal -0 0 -1
    outer loop
      vertex 25.981 19.7946 9.61
      vertex 25.4808 19.6951 9.61
      vertex 25.8951 20.0779 9.61
    endloop
  endfacet
  facet normal 0 0 -1
    outer loop
      vertex 25.4239 19.8827 9.61
      vertex 25.8951 20.0779 9.61
      vertex 25.4808 19.6951 9.61
    endloop
  endfacet
  facet normal 0 0 -1
    outer loop
      vertex 25.981 19.2054 9.61
      vertex 25.4808 19.3049 9.61
      vertex 25.5 19.5 9.61
    endloop
  endfacet
  facet normal 0 0 -1
    outer loop
      vertex 25.8951 18.9221 9.61
      vertex 25.4239 19.1173 9.61
      vertex 25.4808 19.3049 9.61
    endloop
  endfacet
  facet normal 0 0 -1
    outer loop
      vertex 25.2071 18.7929 9.61
      vertex 25.5677 18.4323 9.61
      vertex 25.3389 18.2445 9.61
    endloop
  endfacet
  facet normal 0 0 -1
    outer loop
      vertex 25.7555 18.6611 9.61
      vertex 25.3315 18.9444 9.61
      vertex 25.4239 19.1173 9.61
    endloop
  endfacet
  facet normal 0 0 -1
    outer loop
      vertex 25.5677 18.4323 9.61
      vertex 25.2071 18.7929 9.61
      vertex 25.3315 18.9444 9.61
    endloop
  endfacet
  facet normal 0 0 -1
    outer loop
      vertex 25.0556 18.6685 9.61
      vertex 25.3389 18.2445 9.61
      vertex 25.0779 18.1049 9.61
    endloop
  endfacet
  facet normal 0 0 -1
    outer loop
      vertex 25.3389 18.2445 9.61
      vertex 25.0556 18.6685 9.61
      vertex 25.2071 18.7929 9.61
    endloop
  endfacet
  facet normal 0 0 -1
    outer loop
      vertex 25.0779 18.1049 9.61
      vertex 24.8827 18.5761 9.61
      vertex 25.0556 18.6685 9.61
    endloop
  endfacet
  facet normal 0 0 -1
    outer loop
      vertex 24.7946 18.019 9.61
      vertex 24.8827 18.5761 9.61
      vertex 25.0779 18.1049 9.61
    endloop
  endfacet
  facet normal 0 0 -1
    outer loop
      vertex 24.7946 18.019 9.61
      vertex 24.6951 18.5192 9.61
      vertex 24.8827 18.5761 9.61
    endloop
  endfacet
  facet normal 0 0 -1
    outer loop
      vertex 24.5 17.99 9.61
      vertex 24.6951 18.5192 9.61
      vertex 24.7946 18.019 9.61
    endloop
  endfacet
  facet normal 0 0 -1
    outer loop
      vertex 24.5 17.99 9.61
      vertex 24.5 18.5 9.61
      vertex 24.6951 18.5192 9.61
    endloop
  endfacet
  facet normal 0 0 -1
    outer loop
      vertex 24.5 17.99 9.61
      vertex 24.3049 18.5192 9.61
      vertex 24.5 18.5 9.61
    endloop
  endfacet
  facet normal 0 0 -1
    outer loop
      vertex 24.2054 18.019 9.61
      vertex 24.3049 18.5192 9.61
      vertex 24.5 17.99 9.61
    endloop
  endfacet
  facet normal 0 0 -1
    outer loop
      vertex 24.2054 18.019 9.61
      vertex 24.1173 18.5761 9.61
      vertex 24.3049 18.5192 9.61
    endloop
  endfacet
  facet normal 0 0 -1
    outer loop
      vertex 23.9221 18.1049 9.61
      vertex 24.1173 18.5761 9.61
      vertex 24.2054 18.019 9.61
    endloop
  endfacet
  facet normal -0 0 -1
    outer loop
      vertex 24.1173 18.5761 9.61
      vertex 23.9221 18.1049 9.61
      vertex 23.9444 18.6685 9.61
    endloop
  endfacet
  facet normal 0 0 -1
    outer loop
      vertex 23.6611 18.2445 9.61
      vertex 23.9444 18.6685 9.61
      vertex 23.9221 18.1049 9.61
    endloop
  endfacet
  facet normal -0 0 -1
    outer loop
      vertex 23.9444 18.6685 9.61
      vertex 23.6611 18.2445 9.61
      vertex 23.7929 18.7929 9.61
    endloop
  endfacet
  facet normal 0 0 -1
    outer loop
      vertex 23.4323 18.4323 9.61
      vertex 23.7929 18.7929 9.61
      vertex 23.6611 18.2445 9.61
    endloop
  endfacet
  facet normal -0 0 -1
    outer loop
      vertex 23.7929 18.7929 9.61
      vertex 23.4323 18.4323 9.61
      vertex 23.6685 18.9444 9.61
    endloop
  endfacet
  facet normal 0 0 -1
    outer loop
      vertex 23.2445 18.6611 9.61
      vertex 23.6685 18.9444 9.61
      vertex 23.4323 18.4323 9.61
    endloop
  endfacet
  facet normal 0 0 -1
    outer loop
      vertex 23.1049 18.9221 9.61
      vertex 23.5761 19.1173 9.61
      vertex 23.2445 18.6611 9.61
    endloop
  endfacet
  facet normal -0 0 -1
    outer loop
      vertex 23.6685 18.9444 9.61
      vertex 23.2445 18.6611 9.61
      vertex 23.5761 19.1173 9.61
    endloop
  endfacet
  facet normal -0 0 -1
    outer loop
      vertex 25.8951 20.0779 9.61
      vertex 25.4239 19.8827 9.61
      vertex 25.7555 20.3389 9.61
    endloop
  endfacet
  facet normal 0 0 -1
    outer loop
      vertex 25.3315 20.0556 9.61
      vertex 25.7555 20.3389 9.61
      vertex 25.4239 19.8827 9.61
    endloop
  endfacet
  facet normal -0 0 -1
    outer loop
      vertex 25.7555 20.3389 9.61
      vertex 25.3315 20.0556 9.61
      vertex 25.5677 20.5677 9.61
    endloop
  endfacet
  facet normal 0 0 -1
    outer loop
      vertex 25.2071 20.2071 9.61
      vertex 25.5677 20.5677 9.61
      vertex 25.3315 20.0556 9.61
    endloop
  endfacet
  facet normal -0 0 -1
    outer loop
      vertex 25.5677 20.5677 9.61
      vertex 25.2071 20.2071 9.61
      vertex 25.3389 20.7555 9.61
    endloop
  endfacet
  facet normal 0 0 -1
    outer loop
      vertex 25.0556 20.3315 9.61
      vertex 25.3389 20.7555 9.61
      vertex 25.2071 20.2071 9.61
    endloop
  endfacet
  facet normal -0 0 -1
    outer loop
      vertex 25.3389 20.7555 9.61
      vertex 25.0556 20.3315 9.61
      vertex 25.0779 20.8951 9.61
    endloop
  endfacet
  facet normal 0 0 -1
    outer loop
      vertex 24.8827 20.4239 9.61
      vertex 25.0779 20.8951 9.61
      vertex 25.0556 20.3315 9.61
    endloop
  endfacet
  facet normal 0 0 -1
    outer loop
      vertex 24.8827 20.4239 9.61
      vertex 24.7946 20.981 9.61
      vertex 25.0779 20.8951 9.61
    endloop
  endfacet
  facet normal 0 0 -1
    outer loop
      vertex 24.6951 20.4808 9.61
      vertex 24.7946 20.981 9.61
      vertex 24.8827 20.4239 9.61
    endloop
  endfacet
  facet normal 0 0 -1
    outer loop
      vertex 24.5 20.5 9.61
      vertex 24.7946 20.981 9.61
      vertex 24.6951 20.4808 9.61
    endloop
  endfacet
  facet normal 0 0 -1
    outer loop
      vertex 24.5 20.5 9.61
      vertex 24.5 21.01 9.61
      vertex 24.7946 20.981 9.61
    endloop
  endfacet
  facet normal 0 0 -1
    outer loop
      vertex 24.3049 20.4808 9.61
      vertex 24.5 21.01 9.61
      vertex 24.5 20.5 9.61
    endloop
  endfacet
  facet normal 0 0 -1
    outer loop
      vertex 24.3049 20.4808 9.61
      vertex 24.2054 20.981 9.61
      vertex 24.5 21.01 9.61
    endloop
  endfacet
  facet normal 0 0 -1
    outer loop
      vertex 24.1173 20.4239 9.61
      vertex 24.2054 20.981 9.61
      vertex 24.3049 20.4808 9.61
    endloop
  endfacet
  facet normal 0 0 -1
    outer loop
      vertex 23.9221 20.8951 9.61
      vertex 24.1173 20.4239 9.61
      vertex 23.9444 20.3315 9.61
    endloop
  endfacet
  facet normal 0 0 -1
    outer loop
      vertex 24.1173 20.4239 9.61
      vertex 23.9221 20.8951 9.61
      vertex 24.2054 20.981 9.61
    endloop
  endfacet
  facet normal 0 0 -1
    outer loop
      vertex 23.6611 20.7555 9.61
      vertex 23.9444 20.3315 9.61
      vertex 23.7929 20.2071 9.61
    endloop
  endfacet
  facet normal 0 0 -1
    outer loop
      vertex 23.4323 20.5677 9.61
      vertex 23.7929 20.2071 9.61
      vertex 23.6685 20.0556 9.61
    endloop
  endfacet
  facet normal 0 0 -1
    outer loop
      vertex 23.9444 20.3315 9.61
      vertex 23.6611 20.7555 9.61
      vertex 23.9221 20.8951 9.61
    endloop
  endfacet
  facet normal 0 0 -1
    outer loop
      vertex 23.2445 20.3389 9.61
      vertex 23.6685 20.0556 9.61
      vertex 23.5761 19.8827 9.61
    endloop
  endfacet
  facet normal 0 0 -1
    outer loop
      vertex 23.1049 20.0779 9.61
      vertex 23.5761 19.8827 9.61
      vertex 23.5192 19.6951 9.61
    endloop
  endfacet
  facet normal 0 0 -1
    outer loop
      vertex 23.7929 20.2071 9.61
      vertex 23.4323 20.5677 9.61
      vertex 23.6611 20.7555 9.61
    endloop
  endfacet
  facet normal 0 0 -1
    outer loop
      vertex 23.019 19.7946 9.61
      vertex 23.5192 19.6951 9.61
      vertex 23.5 19.5 9.61
    endloop
  endfacet
  facet normal -0 0 -1
    outer loop
      vertex 23.5761 19.1173 9.61
      vertex 23.1049 18.9221 9.61
      vertex 23.5192 19.3049 9.61
    endloop
  endfacet
  facet normal 0 0 -1
    outer loop
      vertex 23.019 19.2054 9.61
      vertex 23.5192 19.3049 9.61
      vertex 23.1049 18.9221 9.61
    endloop
  endfacet
  facet normal 0 0 -1
    outer loop
      vertex 23.6685 20.0556 9.61
      vertex 23.2445 20.3389 9.61
      vertex 23.4323 20.5677 9.61
    endloop
  endfacet
  facet normal -0 0 -1
    outer loop
      vertex 23.5192 19.3049 9.61
      vertex 23.019 19.2054 9.61
      vertex 23.5 19.5 9.61
    endloop
  endfacet
  facet normal 0 0 -1
    outer loop
      vertex 23.5761 19.8827 9.61
      vertex 23.1049 20.0779 9.61
      vertex 23.2445 20.3389 9.61
    endloop
  endfacet
  facet normal 0 0 -1
    outer loop
      vertex 22.99 19.5 9.61
      vertex 23.5 19.5 9.61
      vertex 23.019 19.2054 9.61
    endloop
  endfacet
  facet normal 0 0 -1
    outer loop
      vertex 23.5192 19.6951 9.61
      vertex 23.019 19.7946 9.61
      vertex 23.1049 20.0779 9.61
    endloop
  endfacet
  facet normal 0 0 -1
    outer loop
      vertex 23.5 19.5 9.61
      vertex 22.99 19.5 9.61
      vertex 23.019 19.7946 9.61
    endloop
  endfacet
  facet normal 0.290359 0.956918 -0
    outer loop
      vertex 24.1098 17.5384 0
      vertex 23.7397 17.6507 9.20881
      vertex 24.1098 17.5384 9.20881
    endloop
  endfacet
  facet normal 0.290248 0.956951 -4.86903e-06
    outer loop
      vertex 23.7346 17.6522 0
      vertex 23.7397 17.6507 9.20881
      vertex 24.1098 17.5384 0
    endloop
  endfacet
  facet normal 0.282166 0.959366 0
    outer loop
      vertex 23.7397 17.6507 9.20881
      vertex 23.7346 17.6522 0
      vertex 23.7346 17.6522 9.20881
    endloop
  endfacet
  facet normal -0.956918 0.290359 0
    outer loop
      vertex 26.4616 19.1098 0
      vertex 26.3493 18.7397 9.20881
      vertex 26.4616 19.1098 9.20881
    endloop
  endfacet
  facet normal -0.956951 0.290248 -4.86903e-06
    outer loop
      vertex 26.3478 18.7346 0
      vertex 26.3493 18.7397 9.20881
      vertex 26.4616 19.1098 0
    endloop
  endfacet
  facet normal -0.959366 0.282166 0
    outer loop
      vertex 26.3478 18.7346 9.20881
      vertex 26.3493 18.7397 9.20881
      vertex 26.3478 18.7346 0
    endloop
  endfacet
  facet normal -0.772989 -0.63442 0
    outer loop
      vertex 25.9142 20.9142 0
      vertex 26.1596 20.6152 9.20881
      vertex 25.9142 20.9142 9.20881
    endloop
  endfacet
  facet normal -0.77307 -0.634321 5.38426e-06
    outer loop
      vertex 26.1629 20.6111 0
      vertex 26.1596 20.6152 9.20881
      vertex 25.9142 20.9142 0
    endloop
  endfacet
  facet normal -0.779012 -0.627009 0
    outer loop
      vertex 26.1596 20.6152 9.20881
      vertex 26.1629 20.6111 0
      vertex 26.1629 20.6111 9.20881
    endloop
  endfacet
  facet normal -0.63442 0.772989 0
    outer loop
      vertex 25.9142 18.0858 0
      vertex 25.6152 17.8404 9.20881
      vertex 25.9142 18.0858 9.20881
    endloop
  endfacet
  facet normal -0.634321 0.77307 5.38426e-06
    outer loop
      vertex 25.6111 17.8371 0
      vertex 25.6152 17.8404 9.20881
      vertex 25.9142 18.0858 0
    endloop
  endfacet
  facet normal -0.627009 0.779012 0
    outer loop
      vertex 25.6152 17.8404 9.20881
      vertex 25.6111 17.8371 0
      vertex 25.6111 17.8371 9.20881
    endloop
  endfacet
  facet normal 0.471554 -0.881837 0
    outer loop
      vertex 23.3889 21.1629 0
      vertex 23.73 21.3453 9.20881
      vertex 23.3889 21.1629 9.20881
    endloop
  endfacet
  facet normal 0.471634 -0.881795 -3.79754e-06
    outer loop
      vertex 23.7346 21.3478 0
      vertex 23.73 21.3453 9.20881
      vertex 23.3889 21.1629 0
    endloop
  endfacet
  facet normal 0.477513 -0.878625 0
    outer loop
      vertex 23.73 21.3453 9.20881
      vertex 23.7346 21.3478 0
      vertex 23.7346 21.3478 9.20881
    endloop
  endfacet
  facet normal 0.63442 0.772989 -0
    outer loop
      vertex 23.3889 17.8371 0
      vertex 23.0899 18.0825 9.20881
      vertex 23.3889 17.8371 9.20881
    endloop
  endfacet
  facet normal 0.634321 0.77307 -5.38426e-06
    outer loop
      vertex 23.0858 18.0858 0
      vertex 23.0899 18.0825 9.20881
      vertex 23.3889 17.8371 0
    endloop
  endfacet
  facet normal 0.627009 0.779012 0
    outer loop
      vertex 23.0899 18.0825 9.20881
      vertex 23.0858 18.0858 0
      vertex 23.0858 18.0858 9.20881
    endloop
  endfacet
  facet normal 0.097968 -0.99519 0
    outer loop
      vertex 24.1098 21.4616 0
      vertex 24.4948 21.4995 9.20881
      vertex 24.1098 21.4616 9.20881
    endloop
  endfacet
  facet normal 0.097938 -0.995193 1.26847e-06
    outer loop
      vertex 24.5 21.5 0
      vertex 24.4948 21.4995 9.20881
      vertex 24.1098 21.4616 0
    endloop
  endfacet
  facet normal 0.0957124 -0.995409 0
    outer loop
      vertex 24.4948 21.4995 9.20881
      vertex 24.5 21.5 0
      vertex 24.5 21.5 9.20881
    endloop
  endfacet
  facet normal -0.881837 0.471554 0
    outer loop
      vertex 26.3478 18.7346 0
      vertex 26.1654 18.3935 9.20881
      vertex 26.3478 18.7346 9.20881
    endloop
  endfacet
  facet normal -0.881795 0.471634 3.79754e-06
    outer loop
      vertex 26.1629 18.3889 0
      vertex 26.1654 18.3935 9.20881
      vertex 26.3478 18.7346 0
    endloop
  endfacet
  facet normal -0.878625 0.477513 0
    outer loop
      vertex 26.1654 18.3935 9.20881
      vertex 26.1629 18.3889 0
      vertex 26.1629 18.3889 9.20881
    endloop
  endfacet
  facet normal 0.952424 0.304776 0
    outer loop
      vertex 22.54 19.1048 9.20881
      vertex 22.5384 19.1098 0
      vertex 22.5384 19.1098 9.20881
    endloop
  endfacet
  facet normal 0.957011 0.29005 -8.79223e-06
    outer loop
      vertex 22.54 19.1048 9.20881
      vertex 22.6522 18.7346 9.20881
      vertex 22.5384 19.1098 0
    endloop
  endfacet
  facet normal 0.956951 0.290248 0
    outer loop
      vertex 22.5384 19.1098 0
      vertex 22.6522 18.7346 9.20881
      vertex 22.6522 18.7346 0
    endloop
  endfacet
  facet normal 0.995409 0.0957124 0
    outer loop
      vertex 22.5005 19.4948 9.20881
      vertex 22.5 19.5 0
      vertex 22.5 19.5 9.20881
    endloop
  endfacet
  facet normal 0.99519 0.097968 1.2856e-06
    outer loop
      vertex 22.5384 19.1098 9.20881
      vertex 22.5 19.5 0
      vertex 22.5005 19.4948 9.20881
    endloop
  endfacet
  facet normal 0.995193 0.097938 0
    outer loop
      vertex 22.5 19.5 0
      vertex 22.5384 19.1098 9.20881
      vertex 22.5384 19.1098 0
    endloop
  endfacet
  facet normal 0.779012 0.627009 0
    outer loop
      vertex 22.8404 18.3848 9.20881
      vertex 22.8371 18.3889 0
      vertex 22.8371 18.3889 9.20881
    endloop
  endfacet
  facet normal 0.772989 0.63442 5.45751e-06
    outer loop
      vertex 23.0858 18.0858 9.20881
      vertex 22.8371 18.3889 0
      vertex 22.8404 18.3848 9.20881
    endloop
  endfacet
  facet normal 0.77307 0.634321 0
    outer loop
      vertex 22.8371 18.3889 0
      vertex 23.0858 18.0858 9.20881
      vertex 23.0858 18.0858 0
    endloop
  endfacet
  facet normal 0.779012 -0.627009 0
    outer loop
      vertex 23.0825 20.9101 9.20881
      vertex 23.0858 20.9142 0
      vertex 23.0858 20.9142 9.20881
    endloop
  endfacet
  facet normal 0.772989 -0.63442 -5.45751e-06
    outer loop
      vertex 22.8371 20.6111 9.20881
      vertex 23.0858 20.9142 0
      vertex 23.0825 20.9101 9.20881
    endloop
  endfacet
  facet normal 0.77307 -0.634321 0
    outer loop
      vertex 23.0858 20.9142 0
      vertex 22.8371 20.6111 9.20881
      vertex 22.8371 20.6111 0
    endloop
  endfacet
  facet normal 0.959366 -0.282166 0
    outer loop
      vertex 22.6522 20.2654 9.20881
      vertex 22.6507 20.2603 9.20881
      vertex 22.6522 20.2654 0
    endloop
  endfacet
  facet normal 0.956918 -0.290359 -4.93595e-06
    outer loop
      vertex 22.5384 19.8902 9.20881
      vertex 22.6522 20.2654 0
      vertex 22.6507 20.2603 9.20881
    endloop
  endfacet
  facet normal 0.956951 -0.290248 0
    outer loop
      vertex 22.6522 20.2654 0
      vertex 22.5384 19.8902 9.20881
      vertex 22.5384 19.8902 0
    endloop
  endfacet
  facet normal 0.99558 -0.0939226 0
    outer loop
      vertex 22.5379 19.8849 9.20881
      vertex 22.5384 19.8902 0
      vertex 22.5384 19.8902 9.20881
    endloop
  endfacet
  facet normal 0.995187 -0.0979932 -2.3641e-06
    outer loop
      vertex 22.5 19.5 9.20881
      vertex 22.5384 19.8902 0
      vertex 22.5379 19.8849 9.20881
    endloop
  endfacet
  facet normal 0.995193 -0.097938 0
    outer loop
      vertex 22.5384 19.8902 0
      vertex 22.5 19.5 9.20881
      vertex 22.5 19.5 0
    endloop
  endfacet
  facet normal 0.471554 0.881837 -0
    outer loop
      vertex 23.7346 17.6522 0
      vertex 23.3935 17.8346 9.20881
      vertex 23.7346 17.6522 9.20881
    endloop
  endfacet
  facet normal 0.471634 0.881795 3.79754e-06
    outer loop
      vertex 23.3889 17.8371 0
      vertex 23.3935 17.8346 9.20881
      vertex 23.7346 17.6522 0
    endloop
  endfacet
  facet normal 0.477513 0.878625 0
    outer loop
      vertex 23.3935 17.8346 9.20881
      vertex 23.3889 17.8371 0
      vertex 23.3889 17.8371 9.20881
    endloop
  endfacet
  facet normal -0.956951 -0.290248 0
    outer loop
      vertex 25.4808 19.6951 9.61
      vertex 25.4239 19.8827 11.6
      vertex 25.4239 19.8827 9.61
    endloop
  endfacet
  facet normal -0.956951 -0.290248 0
    outer loop
      vertex 25.4239 19.8827 11.6
      vertex 25.4808 19.6951 9.61
      vertex 25.4808 19.6951 11.6
    endloop
  endfacet
  facet normal -0.995193 -0.097938 0
    outer loop
      vertex 25.5 19.5 9.61
      vertex 25.4808 19.6951 11.6
      vertex 25.4808 19.6951 9.61
    endloop
  endfacet
  facet normal -0.995193 -0.097938 0
    outer loop
      vertex 25.4808 19.6951 11.6
      vertex 25.5 19.5 9.61
      vertex 25.5 19.5 11.6
    endloop
  endfacet
  facet normal -0.881957 -0.471329 0
    outer loop
      vertex 25.4239 19.8827 9.61
      vertex 25.3315 20.0556 11.6
      vertex 25.3315 20.0556 9.61
    endloop
  endfacet
  facet normal -0.881957 -0.471329 0
    outer loop
      vertex 25.3315 20.0556 11.6
      vertex 25.4239 19.8827 9.61
      vertex 25.4239 19.8827 11.6
    endloop
  endfacet
  facet normal 0.634598 -0.772842 0
    outer loop
      vertex 23.7929 20.2071 9.61
      vertex 23.9444 20.3315 11.6
      vertex 23.7929 20.2071 11.6
    endloop
  endfacet
  facet normal 0.634598 -0.772842 0
    outer loop
      vertex 23.9444 20.3315 11.6
      vertex 23.7929 20.2071 9.61
      vertex 23.9444 20.3315 9.61
    endloop
  endfacet
  facet normal -0.290248 -0.956951 0
    outer loop
      vertex 24.6951 20.4808 9.61
      vertex 24.8827 20.4239 11.6
      vertex 24.6951 20.4808 11.6
    endloop
  endfacet
  facet normal -0.290248 -0.956951 -0
    outer loop
      vertex 24.8827 20.4239 11.6
      vertex 24.6951 20.4808 9.61
      vertex 24.8827 20.4239 9.61
    endloop
  endfacet
  facet normal -0.772842 -0.634598 0
    outer loop
      vertex 25.3315 20.0556 9.61
      vertex 25.2071 20.2071 11.6
      vertex 25.2071 20.2071 9.61
    endloop
  endfacet
  facet normal -0.772842 -0.634598 0
    outer loop
      vertex 25.2071 20.2071 11.6
      vertex 25.3315 20.0556 9.61
      vertex 25.3315 20.0556 11.6
    endloop
  endfacet
  facet normal 0.772842 -0.634598 0
    outer loop
      vertex 23.6685 20.0556 11.6
      vertex 23.7929 20.2071 9.61
      vertex 23.7929 20.2071 11.6
    endloop
  endfacet
  facet normal 0.772842 -0.634598 0
    outer loop
      vertex 23.7929 20.2071 9.61
      vertex 23.6685 20.0556 11.6
      vertex 23.6685 20.0556 9.61
    endloop
  endfacet
  facet normal 0.881957 0.471329 0
    outer loop
      vertex 23.6685 18.9444 11.6
      vertex 23.5761 19.1173 9.61
      vertex 23.5761 19.1173 11.6
    endloop
  endfacet
  facet normal 0.881957 0.471329 0
    outer loop
      vertex 23.5761 19.1173 9.61
      vertex 23.6685 18.9444 11.6
      vertex 23.6685 18.9444 9.61
    endloop
  endfacet
  facet normal -0.881957 0.471329 0
    outer loop
      vertex 25.3315 18.9444 9.61
      vertex 25.4239 19.1173 11.6
      vertex 25.4239 19.1173 9.61
    endloop
  endfacet
  facet normal -0.881957 0.471329 0
    outer loop
      vertex 25.4239 19.1173 11.6
      vertex 25.3315 18.9444 9.61
      vertex 25.3315 18.9444 11.6
    endloop
  endfacet
  facet normal 0.290248 -0.956951 0
    outer loop
      vertex 24.1173 20.4239 9.61
      vertex 24.3049 20.4808 11.6
      vertex 24.1173 20.4239 11.6
    endloop
  endfacet
  facet normal 0.290248 -0.956951 0
    outer loop
      vertex 24.3049 20.4808 11.6
      vertex 24.1173 20.4239 9.61
      vertex 24.3049 20.4808 9.61
    endloop
  endfacet
  facet normal -0.290248 0.956951 0
    outer loop
      vertex 24.8827 18.5761 9.61
      vertex 24.6951 18.5192 11.6
      vertex 24.8827 18.5761 11.6
    endloop
  endfacet
  facet normal -0.290248 0.956951 0
    outer loop
      vertex 24.6951 18.5192 11.6
      vertex 24.8827 18.5761 9.61
      vertex 24.6951 18.5192 9.61
    endloop
  endfacet
  facet normal -0.097938 -0.995193 0
    outer loop
      vertex 24.5 20.5 9.61
      vertex 24.6951 20.4808 11.6
      vertex 24.5 20.5 11.6
    endloop
  endfacet
  facet normal -0.097938 -0.995193 -0
    outer loop
      vertex 24.6951 20.4808 11.6
      vertex 24.5 20.5 9.61
      vertex 24.6951 20.4808 9.61
    endloop
  endfacet
  facet normal -0.634598 -0.772842 0
    outer loop
      vertex 25.0556 20.3315 9.61
      vertex 25.2071 20.2071 11.6
      vertex 25.0556 20.3315 11.6
    endloop
  endfacet
  facet normal -0.634598 -0.772842 -0
    outer loop
      vertex 25.2071 20.2071 11.6
      vertex 25.0556 20.3315 9.61
      vertex 25.2071 20.2071 9.61
    endloop
  endfacet
  facet normal 0.097938 -0.995193 0
    outer loop
      vertex 24.3049 20.4808 9.61
      vertex 24.5 20.5 11.6
      vertex 24.3049 20.4808 11.6
    endloop
  endfacet
  facet normal 0.097938 -0.995193 0
    outer loop
      vertex 24.5 20.5 11.6
      vertex 24.3049 20.4808 9.61
      vertex 24.5 20.5 9.61
    endloop
  endfacet
  facet normal -0.634598 0.772842 0
    outer loop
      vertex 25.2071 18.7929 9.61
      vertex 25.0556 18.6685 11.6
      vertex 25.2071 18.7929 11.6
    endloop
  endfacet
  facet normal -0.634598 0.772842 0
    outer loop
      vertex 25.0556 18.6685 11.6
      vertex 25.2071 18.7929 9.61
      vertex 25.0556 18.6685 9.61
    endloop
  endfacet
  facet normal -0.471329 0.881957 0
    outer loop
      vertex 25.0556 18.6685 9.61
      vertex 24.8827 18.5761 11.6
      vertex 25.0556 18.6685 11.6
    endloop
  endfacet
  facet normal -0.471329 0.881957 0
    outer loop
      vertex 24.8827 18.5761 11.6
      vertex 25.0556 18.6685 9.61
      vertex 24.8827 18.5761 9.61
    endloop
  endfacet
  facet normal 0.634598 0.772842 -0
    outer loop
      vertex 23.9444 18.6685 9.61
      vertex 23.7929 18.7929 11.6
      vertex 23.9444 18.6685 11.6
    endloop
  endfacet
  facet normal 0.634598 0.772842 0
    outer loop
      vertex 23.7929 18.7929 11.6
      vertex 23.9444 18.6685 9.61
      vertex 23.7929 18.7929 9.61
    endloop
  endfacet
  facet normal -0.772842 0.634598 0
    outer loop
      vertex 25.2071 18.7929 9.61
      vertex 25.3315 18.9444 11.6
      vertex 25.3315 18.9444 9.61
    endloop
  endfacet
  facet normal -0.772842 0.634598 0
    outer loop
      vertex 25.3315 18.9444 11.6
      vertex 25.2071 18.7929 9.61
      vertex 25.2071 18.7929 11.6
    endloop
  endfacet
  facet normal -0.995193 0.097938 0
    outer loop
      vertex 25.4808 19.3049 9.61
      vertex 25.5 19.5 11.6
      vertex 25.5 19.5 9.61
    endloop
  endfacet
  facet normal -0.995193 0.097938 0
    outer loop
      vertex 25.5 19.5 11.6
      vertex 25.4808 19.3049 9.61
      vertex 25.4808 19.3049 11.6
    endloop
  endfacet
  facet normal -0.956951 0.290248 0
    outer loop
      vertex 25.4239 19.1173 9.61
      vertex 25.4808 19.3049 11.6
      vertex 25.4808 19.3049 9.61
    endloop
  endfacet
  facet normal -0.956951 0.290248 0
    outer loop
      vertex 25.4808 19.3049 11.6
      vertex 25.4239 19.1173 9.61
      vertex 25.4239 19.1173 11.6
    endloop
  endfacet
  facet normal 0.995193 -0.097938 0
    outer loop
      vertex 23.5 19.5 11.6
      vertex 23.5192 19.6951 9.61
      vertex 23.5192 19.6951 11.6
    endloop
  endfacet
  facet normal 0.995193 -0.097938 0
    outer loop
      vertex 23.5192 19.6951 9.61
      vertex 23.5 19.5 11.6
      vertex 23.5 19.5 9.61
    endloop
  endfacet
  facet normal 0.471329 -0.881957 0
    outer loop
      vertex 23.9444 20.3315 9.61
      vertex 24.1173 20.4239 11.6
      vertex 23.9444 20.3315 11.6
    endloop
  endfacet
  facet normal 0.471329 -0.881957 0
    outer loop
      vertex 24.1173 20.4239 11.6
      vertex 23.9444 20.3315 9.61
      vertex 24.1173 20.4239 9.61
    endloop
  endfacet
  facet normal -0.471329 -0.881957 0
    outer loop
      vertex 24.8827 20.4239 9.61
      vertex 25.0556 20.3315 11.6
      vertex 24.8827 20.4239 11.6
    endloop
  endfacet
  facet normal -0.471329 -0.881957 -0
    outer loop
      vertex 25.0556 20.3315 11.6
      vertex 24.8827 20.4239 9.61
      vertex 25.0556 20.3315 9.61
    endloop
  endfacet
  facet normal 0.956951 -0.290248 0
    outer loop
      vertex 23.5192 19.6951 11.6
      vertex 23.5761 19.8827 9.61
      vertex 23.5761 19.8827 11.6
    endloop
  endfacet
  facet normal 0.956951 -0.290248 0
    outer loop
      vertex 23.5761 19.8827 9.61
      vertex 23.5192 19.6951 11.6
      vertex 23.5192 19.6951 9.61
    endloop
  endfacet
  facet normal -0.097938 0.995193 0
    outer loop
      vertex 24.6951 18.5192 9.61
      vertex 24.5 18.5 11.6
      vertex 24.6951 18.5192 11.6
    endloop
  endfacet
  facet normal -0.097938 0.995193 0
    outer loop
      vertex 24.5 18.5 11.6
      vertex 24.6951 18.5192 9.61
      vertex 24.5 18.5 9.61
    endloop
  endfacet
  facet normal 0.881957 -0.471329 0
    outer loop
      vertex 23.5761 19.8827 11.6
      vertex 23.6685 20.0556 9.61
      vertex 23.6685 20.0556 11.6
    endloop
  endfacet
  facet normal 0.881957 -0.471329 0
    outer loop
      vertex 23.6685 20.0556 9.61
      vertex 23.5761 19.8827 11.6
      vertex 23.5761 19.8827 9.61
    endloop
  endfacet
  facet normal 0.956951 0.290248 0
    outer loop
      vertex 23.5761 19.1173 11.6
      vertex 23.5192 19.3049 9.61
      vertex 23.5192 19.3049 11.6
    endloop
  endfacet
  facet normal 0.956951 0.290248 0
    outer loop
      vertex 23.5192 19.3049 9.61
      vertex 23.5761 19.1173 11.6
      vertex 23.5761 19.1173 9.61
    endloop
  endfacet
  facet normal 0.995193 0.097938 0
    outer loop
      vertex 23.5192 19.3049 11.6
      vertex 23.5 19.5 9.61
      vertex 23.5 19.5 11.6
    endloop
  endfacet
  facet normal 0.995193 0.097938 0
    outer loop
      vertex 23.5 19.5 9.61
      vertex 23.5192 19.3049 11.6
      vertex 23.5192 19.3049 9.61
    endloop
  endfacet
  facet normal 0.772842 0.634598 0
    outer loop
      vertex 23.7929 18.7929 11.6
      vertex 23.6685 18.9444 9.61
      vertex 23.6685 18.9444 11.6
    endloop
  endfacet
  facet normal 0.772842 0.634598 0
    outer loop
      vertex 23.6685 18.9444 9.61
      vertex 23.7929 18.7929 11.6
      vertex 23.7929 18.7929 9.61
    endloop
  endfacet
  facet normal 0.471329 0.881957 -0
    outer loop
      vertex 24.1173 18.5761 9.61
      vertex 23.9444 18.6685 11.6
      vertex 24.1173 18.5761 11.6
    endloop
  endfacet
  facet normal 0.471329 0.881957 0
    outer loop
      vertex 23.9444 18.6685 11.6
      vertex 24.1173 18.5761 9.61
      vertex 23.9444 18.6685 9.61
    endloop
  endfacet
  facet normal 0.097938 0.995193 -0
    outer loop
      vertex 24.5 18.5 9.61
      vertex 24.3049 18.5192 11.6
      vertex 24.5 18.5 11.6
    endloop
  endfacet
  facet normal 0.097938 0.995193 0
    outer loop
      vertex 24.3049 18.5192 11.6
      vertex 24.5 18.5 9.61
      vertex 24.3049 18.5192 9.61
    endloop
  endfacet
  facet normal 0.290248 0.956951 -0
    outer loop
      vertex 24.3049 18.5192 9.61
      vertex 24.1173 18.5761 11.6
      vertex 24.3049 18.5192 11.6
    endloop
  endfacet
  facet normal 0.290248 0.956951 0
    outer loop
      vertex 24.1173 18.5761 11.6
      vertex 24.3049 18.5192 9.61
      vertex 24.1173 18.5761 9.61
    endloop
  endfacet
  facet normal -0.0980842 0.00966455 -0.995131
    outer loop
      vertex 26.1075 19.5 9.60039
      vertex 26.0766 19.1864 9.60039
      vertex 26.01 19.5 9.61
    endloop
  endfacet
  facet normal -0.0981138 0.00965818 -0.995128
    outer loop
      vertex 26.01 19.5 9.61
      vertex 26.0766 19.1864 9.60039
      vertex 25.981 19.2054 9.61
    endloop
  endfacet
  facet normal -0.290223 0.0285938 -0.956532
    outer loop
      vertex 26.2013 19.5 9.57193
      vertex 26.1686 19.1681 9.57193
      vertex 26.1075 19.5 9.60039
    endloop
  endfacet
  facet normal -0.290214 0.0285957 -0.956534
    outer loop
      vertex 26.1075 19.5 9.60039
      vertex 26.1686 19.1681 9.57193
      vertex 26.0766 19.1864 9.60039
    endloop
  endfacet
  facet normal -0.47061 0.0464133 -0.88112
    outer loop
      vertex 26.2878 19.5 9.52573
      vertex 26.2534 19.1512 9.52573
      vertex 26.2013 19.5 9.57193
    endloop
  endfacet
  facet normal -0.470758 0.0463808 -0.881042
    outer loop
      vertex 26.2013 19.5 9.57193
      vertex 26.2534 19.1512 9.52573
      vertex 26.1686 19.1681 9.57193
    endloop
  endfacet
  facet normal -0.63349 0.0623734 -0.771232
    outer loop
      vertex 26.3635 19.5 9.46355
      vertex 26.3277 19.1364 9.46355
      vertex 26.2878 19.5 9.52573
    endloop
  endfacet
  facet normal -0.63319 0.0624476 -0.771473
    outer loop
      vertex 26.2878 19.5 9.52573
      vertex 26.3277 19.1364 9.46355
      vertex 26.2534 19.1512 9.52573
    endloop
  endfacet
  facet normal -0.770736 0.0759042 -0.632618
    outer loop
      vertex 26.4257 19.5 9.38777
      vertex 26.3887 19.1243 9.38777
      vertex 26.3635 19.5 9.46355
    endloop
  endfacet
  facet normal -0.77078 0.0758908 -0.632566
    outer loop
      vertex 26.3635 19.5 9.46355
      vertex 26.3887 19.1243 9.38777
      vertex 26.3277 19.1364 9.46355
    endloop
  endfacet
  facet normal -0.878624 0.0865606 -0.469603
    outer loop
      vertex 26.4719 19.5 9.30133
      vertex 26.434 19.1153 9.30133
      vertex 26.4257 19.5 9.38777
    endloop
  endfacet
  facet normal -0.878684 0.0865353 -0.469496
    outer loop
      vertex 26.4257 19.5 9.38777
      vertex 26.434 19.1153 9.30133
      vertex 26.3887 19.1243 9.38777
    endloop
  endfacet
  facet normal -0.952623 0.093802 -0.289329
    outer loop
      vertex 26.4719 19.5 9.30133
      vertex 26.5 19.5 9.20881
      vertex 26.4621 19.1151 9.20881
    endloop
  endfacet
  facet normal -0.952562 0.0938449 -0.289513
    outer loop
      vertex 26.4621 19.1151 9.20881
      vertex 26.434 19.1153 9.30133
      vertex 26.4719 19.5 9.30133
    endloop
  endfacet
  facet normal -0.952913 0.0898975 -0.289611
    outer loop
      vertex 26.434 19.1153 9.30133
      vertex 26.4621 19.1151 9.20881
      vertex 26.4616 19.1098 9.20881
    endloop
  endfacet
  facet normal -0.0943506 0.028593 -0.995128
    outer loop
      vertex 26.0766 19.1864 9.60039
      vertex 25.9852 18.8848 9.60039
      vertex 25.981 19.2054 9.61
    endloop
  endfacet
  facet normal -0.0943028 0.0285937 -0.995133
    outer loop
      vertex 25.981 19.2054 9.61
      vertex 25.9852 18.8848 9.60039
      vertex 25.8951 18.9221 9.61
    endloop
  endfacet
  facet normal -0.279068 0.0846297 -0.956535
    outer loop
      vertex 26.0766 19.1864 9.60039
      vertex 26.1686 19.1681 9.57193
      vertex 26.0718 18.8489 9.57193
    endloop
  endfacet
  facet normal -0.279253 0.0846277 -0.956481
    outer loop
      vertex 26.0766 19.1864 9.60039
      vertex 26.0718 18.8489 9.57193
      vertex 25.9852 18.8848 9.60039
    endloop
  endfacet
  facet normal -0.452657 0.137255 -0.881058
    outer loop
      vertex 26.1686 19.1681 9.57193
      vertex 26.2534 19.1512 9.52573
      vertex 26.1517 18.8158 9.52573
    endloop
  endfacet
  facet normal -0.452603 0.137256 -0.881085
    outer loop
      vertex 26.1686 19.1681 9.57193
      vertex 26.1517 18.8158 9.52573
      vertex 26.0718 18.8489 9.57193
    endloop
  endfacet
  facet normal -0.608858 0.184661 -0.771487
    outer loop
      vertex 26.2534 19.1512 9.52573
      vertex 26.3277 19.1364 9.46355
      vertex 26.2217 18.7869 9.46355
    endloop
  endfacet
  facet normal -0.60898 0.184655 -0.771392
    outer loop
      vertex 26.2534 19.1512 9.52573
      vertex 26.2217 18.7869 9.46355
      vertex 26.1517 18.8158 9.52573
    endloop
  endfacet
  facet normal -0.741171 0.224896 -0.632524
    outer loop
      vertex 26.3277 19.1364 9.46355
      vertex 26.3887 19.1243 9.38777
      vertex 26.2791 18.7631 9.38777
    endloop
  endfacet
  facet normal -0.741433 0.22487 -0.632227
    outer loop
      vertex 26.3277 19.1364 9.46355
      vertex 26.2791 18.7631 9.38777
      vertex 26.2217 18.7869 9.46355
    endloop
  endfacet
  facet normal -0.844929 0.256288 -0.46948
    outer loop
      vertex 26.3887 19.1243 9.38777
      vertex 26.434 19.1153 9.30133
      vertex 26.3218 18.7454 9.30133
    endloop
  endfacet
  facet normal -0.844751 0.256325 -0.46978
    outer loop
      vertex 26.3887 19.1243 9.38777
      vertex 26.3218 18.7454 9.30133
      vertex 26.2791 18.7631 9.38777
    endloop
  endfacet
  facet normal -0.915872 0.277904 -0.289738
    outer loop
      vertex 26.434 19.1153 9.30133
      vertex 26.4616 19.1098 9.20881
      vertex 26.3493 18.7397 9.20881
    endloop
  endfacet
  facet normal -0.916001 0.277846 -0.289384
    outer loop
      vertex 26.3493 18.7397 9.20881
      vertex 26.3218 18.7454 9.30133
      vertex 26.434 19.1153 9.30133
    endloop
  endfacet
  facet normal -0.918261 0.270077 -0.289577
    outer loop
      vertex 26.3218 18.7454 9.30133
      vertex 26.3493 18.7397 9.20881
      vertex 26.3478 18.7346 9.20881
    endloop
  endfacet
  facet normal -0.0869027 0.046469 -0.995132
    outer loop
      vertex 25.8951 18.9221 9.61
      vertex 25.9852 18.8848 9.60039
      vertex 25.8366 18.6069 9.60039
    endloop
  endfacet
  facet normal -0.0868678 0.0464626 -0.995136
    outer loop
      vertex 25.8951 18.9221 9.61
      vertex 25.8366 18.6069 9.60039
      vertex 25.7555 18.6611 9.61
    endloop
  endfacet
  facet normal -0.25732 0.137541 -0.956488
    outer loop
      vertex 25.9852 18.8848 9.60039
      vertex 26.0718 18.8489 9.57193
      vertex 25.9146 18.5548 9.57193
    endloop
  endfacet
  facet normal -0.257162 0.137511 -0.956535
    outer loop
      vertex 25.9852 18.8848 9.60039
      vertex 25.9146 18.5548 9.57193
      vertex 25.8366 18.6069 9.60039
    endloop
  endfacet
  facet normal -0.417088 0.222987 -0.881087
    outer loop
      vertex 26.0718 18.8489 9.57193
      vertex 26.1517 18.8158 9.52573
      vertex 25.9865 18.5068 9.52573
    endloop
  endfacet
  facet normal -0.417224 0.223011 -0.881016
    outer loop
      vertex 26.0718 18.8489 9.57193
      vertex 25.9865 18.5068 9.52573
      vertex 25.9146 18.5548 9.57193
    endloop
  endfacet
  facet normal -0.561305 0.29999 -0.771326
    outer loop
      vertex 26.1517 18.8158 9.52573
      vertex 26.2217 18.7869 9.46355
      vertex 26.0495 18.4647 9.46355
    endloop
  endfacet
  facet normal -0.561045 0.29995 -0.77153
    outer loop
      vertex 26.1517 18.8158 9.52573
      vertex 26.0495 18.4647 9.46355
      vertex 25.9865 18.5068 9.52573
    endloop
  endfacet
  facet normal -0.68335 0.365069 -0.632264
    outer loop
      vertex 26.2217 18.7869 9.46355
      vertex 26.2791 18.7631 9.38777
      vertex 26.1012 18.4301 9.38777
    endloop
  endfacet
  facet normal -0.683012 0.365036 -0.632647
    outer loop
      vertex 26.2217 18.7869 9.46355
      vertex 26.1012 18.4301 9.38777
      vertex 26.0495 18.4647 9.46355
    endloop
  endfacet
  facet normal -0.778551 0.41611 -0.469798
    outer loop
      vertex 26.2791 18.7631 9.38777
      vertex 26.3218 18.7454 9.30133
      vertex 26.1396 18.4045 9.30133
    endloop
  endfacet
  facet normal -0.778886 0.416108 -0.469245
    outer loop
      vertex 26.2791 18.7631 9.38777
      vertex 26.1396 18.4045 9.30133
      vertex 26.1012 18.4301 9.38777
    endloop
  endfacet
  facet normal -0.84398 0.45131 -0.289858
    outer loop
      vertex 26.3218 18.7454 9.30133
      vertex 26.3478 18.7346 9.20881
      vertex 26.1654 18.3935 9.20881
    endloop
  endfacet
  facet normal -0.844282 0.451241 -0.289085
    outer loop
      vertex 26.1654 18.3935 9.20881
      vertex 26.1396 18.4045 9.30133
      vertex 26.3218 18.7454 9.30133
    endloop
  endfacet
  facet normal -0.841155 0.45715 -0.288915
    outer loop
      vertex 26.1396 18.4045 9.30133
      vertex 26.1654 18.3935 9.20881
      vertex 26.1629 18.3889 9.20881
    endloop
  endfacet
  facet normal -0.0761545 0.062493 -0.995136
    outer loop
      vertex 25.7555 18.6611 9.61
      vertex 25.8366 18.6069 9.60039
      vertex 25.6367 18.3633 9.60039
    endloop
  endfacet
  facet normal -0.0761193 0.0624791 -0.995139
    outer loop
      vertex 25.7555 18.6611 9.61
      vertex 25.6367 18.3633 9.60039
      vertex 25.5677 18.4323 9.61
    endloop
  endfacet
  facet normal -0.225423 0.185026 -0.95653
    outer loop
      vertex 25.8366 18.6069 9.60039
      vertex 25.9146 18.5548 9.57193
      vertex 25.703 18.297 9.57193
    endloop
  endfacet
  facet normal -0.225522 0.185065 -0.956499
    outer loop
      vertex 25.8366 18.6069 9.60039
      vertex 25.703 18.297 9.57193
      vertex 25.6367 18.3633 9.60039
    endloop
  endfacet
  facet normal -0.365676 0.300208 -0.880997
    outer loop
      vertex 25.9146 18.5548 9.57193
      vertex 25.9865 18.5068 9.52573
      vertex 25.7641 18.2359 9.52573
    endloop
  endfacet
  facet normal -0.365826 0.300267 -0.880915
    outer loop
      vertex 25.9146 18.5548 9.57193
      vertex 25.7641 18.2359 9.52573
      vertex 25.703 18.297 9.57193
    endloop
  endfacet
  facet normal -0.491751 0.40364 -0.771528
    outer loop
      vertex 25.9865 18.5068 9.52573
      vertex 26.0495 18.4647 9.46355
      vertex 25.8177 18.1823 9.46355
    endloop
  endfacet
  facet normal -0.491596 0.403584 -0.771657
    outer loop
      vertex 25.9865 18.5068 9.52573
      vertex 25.8177 18.1823 9.46355
      vertex 25.7641 18.2359 9.52573
    endloop
  endfacet
  facet normal -0.59859 0.491303 -0.632702
    outer loop
      vertex 26.0495 18.4647 9.46355
      vertex 26.1012 18.4301 9.38777
      vertex 25.8617 18.1383 9.38777
    endloop
  endfacet
  facet normal -0.598527 0.491284 -0.632775
    outer loop
      vertex 26.0495 18.4647 9.46355
      vertex 25.8617 18.1383 9.38777
      vertex 25.8177 18.1823 9.46355
    endloop
  endfacet
  facet normal -0.682758 0.560095 -0.469185
    outer loop
      vertex 26.1012 18.4301 9.38777
      vertex 26.1396 18.4045 9.30133
      vertex 25.8944 18.1056 9.30133
    endloop
  endfacet
  facet normal -0.682297 0.560007 -0.46996
    outer loop
      vertex 26.1012 18.4301 9.38777
      vertex 25.8944 18.1056 9.30133
      vertex 25.8617 18.1383 9.38777
    endloop
  endfacet
  facet normal -0.740054 0.607389 -0.288787
    outer loop
      vertex 26.1396 18.4045 9.30133
      vertex 26.1629 18.3889 9.20881
      vertex 25.9175 18.0899 9.20881
    endloop
  endfacet
  facet normal -0.740398 0.607379 -0.287927
    outer loop
      vertex 25.9175 18.0899 9.20881
      vertex 25.8944 18.1056 9.30133
      vertex 26.1396 18.4045 9.30133
    endloop
  endfacet
  facet normal -0.745973 0.600417 -0.288138
    outer loop
      vertex 25.8944 18.1056 9.30133
      vertex 25.9175 18.0899 9.20881
      vertex 25.9142 18.0858 9.20881
    endloop
  endfacet
  facet normal -0.0624708 0.0761275 -0.995139
    outer loop
      vertex 25.5677 18.4323 9.61
      vertex 25.6367 18.3633 9.60039
      vertex 25.3931 18.1634 9.60039
    endloop
  endfacet
  facet normal -0.0625027 0.0761481 -0.995136
    outer loop
      vertex 25.5677 18.4323 9.61
      vertex 25.3931 18.1634 9.60039
      vertex 25.3389 18.2445 9.61
    endloop
  endfacet
  facet normal -0.185088 0.2255 -0.9565
    outer loop
      vertex 25.6367 18.3633 9.60039
      vertex 25.703 18.297 9.57193
      vertex 25.4452 18.0854 9.57193
    endloop
  endfacet
  facet normal -0.184999 0.225441 -0.956531
    outer loop
      vertex 25.6367 18.3633 9.60039
      vertex 25.4452 18.0854 9.57193
      vertex 25.3931 18.1634 9.60039
    endloop
  endfacet
  facet normal -0.300303 0.365792 -0.880917
    outer loop
      vertex 25.703 18.297 9.57193
      vertex 25.7641 18.2359 9.52573
      vertex 25.4932 18.0135 9.52573
    endloop
  endfacet
  facet normal -0.300167 0.365704 -0.880999
    outer loop
      vertex 25.703 18.297 9.57193
      vertex 25.4932 18.0135 9.52573
      vertex 25.4452 18.0854 9.57193
    endloop
  endfacet
  facet normal -0.403543 0.491633 -0.771654
    outer loop
      vertex 25.7641 18.2359 9.52573
      vertex 25.8177 18.1823 9.46355
      vertex 25.5353 17.9505 9.46355
    endloop
  endfacet
  facet normal -0.403685 0.491719 -0.771525
    outer loop
      vertex 25.7641 18.2359 9.52573
      vertex 25.5353 17.9505 9.46355
      vertex 25.4932 18.0135 9.52573
    endloop
  endfacet
  facet normal -0.491266 0.598544 -0.632774
    outer loop
      vertex 25.8177 18.1823 9.46355
      vertex 25.8617 18.1383 9.38777
      vertex 25.5699 17.8988 9.38777
    endloop
  endfacet
  facet normal -0.491323 0.598575 -0.632701
    outer loop
      vertex 25.8177 18.1823 9.46355
      vertex 25.5699 17.8988 9.38777
      vertex 25.5353 17.9505 9.46355
    endloop
  endfacet
  facet normal -0.559837 0.682444 -0.469951
    outer loop
      vertex 25.8617 18.1383 9.38777
      vertex 25.8944 18.1056 9.30133
      vertex 25.5955 17.8604 9.30133
    endloop
  endfacet
  facet normal -0.560272 0.68262 -0.469176
    outer loop
      vertex 25.8617 18.1383 9.38777
      vertex 25.5955 17.8604 9.30133
      vertex 25.5699 17.8988 9.38777
    endloop
  endfacet
  facet normal -0.607463 0.740145 -0.288399
    outer loop
      vertex 25.8944 18.1056 9.30133
      vertex 25.9142 18.0858 9.20881
      vertex 25.6152 17.8404 9.20881
    endloop
  endfacet
  facet normal -0.607125 0.740088 -0.289258
    outer loop
      vertex 25.6152 17.8404 9.20881
      vertex 25.5955 17.8604 9.30133
      vertex 25.8944 18.1056 9.30133
    endloop
  endfacet
  facet normal -0.60025 0.745766 -0.289021
    outer loop
      vertex 25.6111 17.8371 9.20881
      vertex 25.5955 17.8604 9.30133
      vertex 25.6152 17.8404 9.20881
    endloop
  endfacet
  facet normal -0.0464536 0.0868738 -0.995136
    outer loop
      vertex 25.3389 18.2445 9.61
      vertex 25.3931 18.1634 9.60039
      vertex 25.1152 18.0148 9.60039
    endloop
  endfacet
  facet normal -0.046479 0.0868985 -0.995132
    outer loop
      vertex 25.3389 18.2445 9.61
      vertex 25.1152 18.0148 9.60039
      vertex 25.0779 18.1049 9.61
    endloop
  endfacet
  facet normal -0.13747 0.257189 -0.956533
    outer loop
      vertex 25.3931 18.1634 9.60039
      vertex 25.4452 18.0854 9.57193
      vertex 25.1511 17.9282 9.57193
    endloop
  endfacet
  facet normal -0.137585 0.257301 -0.956486
    outer loop
      vertex 25.3931 18.1634 9.60039
      vertex 25.1511 17.9282 9.57193
      vertex 25.1152 18.0148 9.60039
    endloop
  endfacet
  facet normal -0.223047 0.417201 -0.881018
    outer loop
      vertex 25.4452 18.0854 9.57193
      vertex 25.4932 18.0135 9.52573
      vertex 25.1842 17.8483 9.52573
    endloop
  endfacet
  facet normal -0.222948 0.417105 -0.881089
    outer loop
      vertex 25.4452 18.0854 9.57193
      vertex 25.1842 17.8483 9.52573
      vertex 25.1511 17.9282 9.57193
    endloop
  endfacet
  facet normal -0.299875 0.561091 -0.771526
    outer loop
      vertex 25.4932 18.0135 9.52573
      vertex 25.5353 17.9505 9.46355
      vertex 25.2131 17.7783 9.46355
    endloop
  endfacet
  facet normal -0.300069 0.561268 -0.771321
    outer loop
      vertex 25.4932 18.0135 9.52573
      vertex 25.2131 17.7783 9.46355
      vertex 25.1842 17.8483 9.52573
    endloop
  endfacet
  facet normal -0.364924 0.683078 -0.632641
    outer loop
      vertex 25.5353 17.9505 9.46355
      vertex 25.5699 17.8988 9.38777
      vertex 25.2369 17.7209 9.38777
    endloop
  endfacet
  facet normal -0.365186 0.683293 -0.632257
    outer loop
      vertex 25.5353 17.9505 9.46355
      vertex 25.2369 17.7209 9.38777
      vertex 25.2131 17.7783 9.46355
    endloop
  endfacet
  facet normal -0.416247 0.778807 -0.469252
    outer loop
      vertex 25.5699 17.8988 9.38777
      vertex 25.5955 17.8604 9.30133
      vertex 25.2546 17.6782 9.30133
    endloop
  endfacet
  facet normal -0.415968 0.778624 -0.469804
    outer loop
      vertex 25.5699 17.8988 9.38777
      vertex 25.2546 17.6782 9.30133
      vertex 25.2369 17.7209 9.38777
    endloop
  endfacet
  facet normal -0.451469 0.844277 -0.288744
    outer loop
      vertex 25.5955 17.8604 9.30133
      vertex 25.6111 17.8371 9.20881
      vertex 25.27 17.6547 9.20881
    endloop
  endfacet
  facet normal -0.45118 0.844166 -0.289517
    outer loop
      vertex 25.27 17.6547 9.20881
      vertex 25.2546 17.6782 9.30133
      vertex 25.5955 17.8604 9.30133
    endloop
  endfacet
  facet normal -0.45704 0.840953 -0.289676
    outer loop
      vertex 25.2546 17.6782 9.30133
      vertex 25.27 17.6547 9.20881
      vertex 25.2654 17.6522 9.20881
    endloop
  endfacet
  facet normal -0.0285802 0.0943084 -0.995133
    outer loop
      vertex 25.0779 18.1049 9.61
      vertex 25.1152 18.0148 9.60039
      vertex 24.8136 17.9234 9.60039
    endloop
  endfacet
  facet normal -0.0286074 0.0943477 -0.995128
    outer loop
      vertex 25.0779 18.1049 9.61
      vertex 24.8136 17.9234 9.60039
      vertex 24.7946 18.019 9.61
    endloop
  endfacet
  facet normal -0.0846794 0.279232 -0.956483
    outer loop
      vertex 25.1152 18.0148 9.60039
      vertex 25.1511 17.9282 9.57193
      vertex 24.8319 17.8314 9.57193
    endloop
  endfacet
  facet normal -0.0845751 0.279079 -0.956536
    outer loop
      vertex 25.1152 18.0148 9.60039
      vertex 24.8319 17.8314 9.57193
      vertex 24.8136 17.9234 9.60039
    endloop
  endfacet
  facet normal -0.13724 0.452609 -0.881085
    outer loop
      vertex 25.1511 17.9282 9.57193
      vertex 25.1842 17.8483 9.52573
      vertex 24.8488 17.7466 9.52573
    endloop
  endfacet
  facet normal -0.137271 0.452653 -0.881057
    outer loop
      vertex 25.1511 17.9282 9.57193
      vertex 24.8488 17.7466 9.52573
      vertex 24.8319 17.8314 9.57193
    endloop
  endfacet
  facet normal -0.184694 0.608966 -0.771394
    outer loop
      vertex 25.1842 17.8483 9.52573
      vertex 25.2131 17.7783 9.46355
      vertex 24.8636 17.6723 9.46355
    endloop
  endfacet
  facet normal -0.184621 0.608867 -0.771489
    outer loop
      vertex 25.1842 17.8483 9.52573
      vertex 24.8636 17.6723 9.46355
      vertex 24.8488 17.7466 9.52573
    endloop
  endfacet
  facet normal -0.224965 0.7414 -0.632232
    outer loop
      vertex 25.2131 17.7783 9.46355
      vertex 25.2369 17.7209 9.38777
      vertex 24.8757 17.6113 9.38777
    endloop
  endfacet
  facet normal -0.224798 0.741197 -0.632529
    outer loop
      vertex 25.2131 17.7783 9.46355
      vertex 24.8757 17.6113 9.38777
      vertex 24.8636 17.6723 9.46355
    endloop
  endfacet
  facet normal -0.256242 0.844778 -0.469777
    outer loop
      vertex 25.2369 17.7209 9.38777
      vertex 25.2546 17.6782 9.30133
      vertex 24.8847 17.566 9.30133
    endloop
  endfacet
  facet normal -0.256372 0.844905 -0.469477
    outer loop
      vertex 25.2369 17.7209 9.38777
      vertex 24.8847 17.566 9.30133
      vertex 24.8757 17.6113 9.38777
    endloop
  endfacet
  facet normal -0.277603 0.915942 -0.289803
    outer loop
      vertex 25.2546 17.6782 9.30133
      vertex 25.2654 17.6522 9.20881
      vertex 24.8952 17.54 9.20881
    endloop
  endfacet
  facet normal -0.277881 0.916117 -0.288984
    outer loop
      vertex 24.8952 17.54 9.20881
      vertex 24.8847 17.566 9.30133
      vertex 25.2546 17.6782 9.30133
    endloop
  endfacet
  facet normal -0.291742 0.911693 -0.289314
    outer loop
      vertex 24.8847 17.566 9.30133
      vertex 24.8952 17.54 9.20881
      vertex 24.8902 17.5384 9.20881
    endloop
  endfacet
  facet normal -0.00966728 0.098112 -0.995128
    outer loop
      vertex 24.7946 18.019 9.61
      vertex 24.8136 17.9234 9.60039
      vertex 24.5 17.8925 9.60039
    endloop
  endfacet
  facet normal -0.00965527 0.0980842 -0.995131
    outer loop
      vertex 24.5 17.99 9.61
      vertex 24.7946 18.019 9.61
      vertex 24.5 17.8925 9.60039
    endloop
  endfacet
  facet normal -0.028593 0.290214 -0.956534
    outer loop
      vertex 24.8136 17.9234 9.60039
      vertex 24.8319 17.8314 9.57193
      vertex 24.5 17.7987 9.57193
    endloop
  endfacet
  facet normal -0.0285966 0.290223 -0.956532
    outer loop
      vertex 24.5 17.8925 9.60039
      vertex 24.8136 17.9234 9.60039
      vertex 24.5 17.7987 9.57193
    endloop
  endfacet
  facet normal -0.0464272 0.47075 -0.881044
    outer loop
      vertex 24.8319 17.8314 9.57193
      vertex 24.8488 17.7466 9.52573
      vertex 24.5 17.7122 9.52573
    endloop
  endfacet
  facet normal -0.0463663 0.470611 -0.881122
    outer loop
      vertex 24.5 17.7987 9.57193
      vertex 24.8319 17.8314 9.57193
      vertex 24.5 17.7122 9.52573
    endloop
  endfacet
  facet normal -0.0623453 0.633206 -0.771468
    outer loop
      vertex 24.8488 17.7466 9.52573
      vertex 24.8636 17.6723 9.46355
      vertex 24.5 17.6365 9.46355
    endloop
  endfacet
  facet normal -0.0624769 0.633486 -0.771227
    outer loop
      vertex 24.5 17.7122 9.52573
      vertex 24.8488 17.7466 9.52573
      vertex 24.5 17.6365 9.46355
    endloop
  endfacet
  facet normal -0.0759083 0.770777 -0.632567
    outer loop
      vertex 24.8636 17.6723 9.46355
      vertex 24.8757 17.6113 9.38777
      vertex 24.5 17.5743 9.38777
    endloop
  endfacet
  facet normal -0.0758866 0.770737 -0.632618
    outer loop
      vertex 24.5 17.6365 9.46355
      vertex 24.8636 17.6723 9.46355
      vertex 24.5 17.5743 9.38777
    endloop
  endfacet
  facet normal -0.0865661 0.87868 -0.469497
    outer loop
      vertex 24.8757 17.6113 9.38777
      vertex 24.8847 17.566 9.30133
      vertex 24.5 17.5281 9.30133
    endloop
  endfacet
  facet normal -0.0865296 0.878627 -0.469604
    outer loop
      vertex 24.5 17.5743 9.38777
      vertex 24.8757 17.6113 9.38777
      vertex 24.5 17.5281 9.30133
    endloop
  endfacet
  facet normal -0.0937663 0.952507 -0.28972
    outer loop
      vertex 24.8847 17.566 9.30133
      vertex 24.8902 17.5384 9.20881
      vertex 24.5052 17.5005 9.20881
    endloop
  endfacet
  facet normal -0.0938469 0.952583 -0.289443
    outer loop
      vertex 24.5052 17.5005 9.20881
      vertex 24.5 17.5281 9.30133
      vertex 24.8847 17.566 9.30133
    endloop
  endfacet
  facet normal -0.0916171 0.952817 -0.289388
    outer loop
      vertex 24.5 17.5281 9.30133
      vertex 24.5052 17.5005 9.20881
      vertex 24.5 17.5 9.20881
    endloop
  endfacet
  facet normal 0.00966455 0.0980842 -0.995131
    outer loop
      vertex 24.5 17.99 9.61
      vertex 24.5 17.8925 9.60039
      vertex 24.1864 17.9234 9.60039
    endloop
  endfacet
  facet normal 0.00965818 0.0981138 -0.995128
    outer loop
      vertex 24.2054 18.019 9.61
      vertex 24.5 17.99 9.61
      vertex 24.1864 17.9234 9.60039
    endloop
  endfacet
  facet normal 0.0285938 0.290223 -0.956532
    outer loop
      vertex 24.5 17.8925 9.60039
      vertex 24.5 17.7987 9.57193
      vertex 24.1681 17.8314 9.57193
    endloop
  endfacet
  facet normal 0.0285957 0.290214 -0.956534
    outer loop
      vertex 24.1864 17.9234 9.60039
      vertex 24.5 17.8925 9.60039
      vertex 24.1681 17.8314 9.57193
    endloop
  endfacet
  facet normal 0.0464133 0.47061 -0.88112
    outer loop
      vertex 24.5 17.7987 9.57193
      vertex 24.5 17.7122 9.52573
      vertex 24.1512 17.7466 9.52573
    endloop
  endfacet
  facet normal 0.0463808 0.470758 -0.881042
    outer loop
      vertex 24.1681 17.8314 9.57193
      vertex 24.5 17.7987 9.57193
      vertex 24.1512 17.7466 9.52573
    endloop
  endfacet
  facet normal 0.0623734 0.63349 -0.771232
    outer loop
      vertex 24.5 17.7122 9.52573
      vertex 24.5 17.6365 9.46355
      vertex 24.1364 17.6723 9.46355
    endloop
  endfacet
  facet normal 0.0624476 0.63319 -0.771473
    outer loop
      vertex 24.1512 17.7466 9.52573
      vertex 24.5 17.7122 9.52573
      vertex 24.1364 17.6723 9.46355
    endloop
  endfacet
  facet normal 0.0759042 0.770736 -0.632618
    outer loop
      vertex 24.5 17.6365 9.46355
      vertex 24.5 17.5743 9.38777
      vertex 24.1243 17.6113 9.38777
    endloop
  endfacet
  facet normal 0.0758908 0.77078 -0.632566
    outer loop
      vertex 24.1364 17.6723 9.46355
      vertex 24.5 17.6365 9.46355
      vertex 24.1243 17.6113 9.38777
    endloop
  endfacet
  facet normal 0.0865606 0.878624 -0.469603
    outer loop
      vertex 24.5 17.5743 9.38777
      vertex 24.5 17.5281 9.30133
      vertex 24.1153 17.566 9.30133
    endloop
  endfacet
  facet normal 0.0865353 0.878684 -0.469496
    outer loop
      vertex 24.1243 17.6113 9.38777
      vertex 24.5 17.5743 9.38777
      vertex 24.1153 17.566 9.30133
    endloop
  endfacet
  facet normal 0.093802 0.952623 -0.289329
    outer loop
      vertex 24.5 17.5281 9.30133
      vertex 24.5 17.5 9.20881
      vertex 24.1151 17.5379 9.20881
    endloop
  endfacet
  facet normal 0.0938449 0.952562 -0.289513
    outer loop
      vertex 24.1151 17.5379 9.20881
      vertex 24.1153 17.566 9.30133
      vertex 24.5 17.5281 9.30133
    endloop
  endfacet
  facet normal 0.0898975 0.952913 -0.289611
    outer loop
      vertex 24.1153 17.566 9.30133
      vertex 24.1151 17.5379 9.20881
      vertex 24.1098 17.5384 9.20881
    endloop
  endfacet
  facet normal 0.028593 0.0943506 -0.995128
    outer loop
      vertex 24.2054 18.019 9.61
      vertex 24.1864 17.9234 9.60039
      vertex 23.8848 18.0148 9.60039
    endloop
  endfacet
  facet normal 0.0285937 0.0943028 -0.995133
    outer loop
      vertex 23.9221 18.1049 9.61
      vertex 24.2054 18.019 9.61
      vertex 23.8848 18.0148 9.60039
    endloop
  endfacet
  facet normal 0.0846297 0.279068 -0.956535
    outer loop
      vertex 24.1864 17.9234 9.60039
      vertex 24.1681 17.8314 9.57193
      vertex 23.8489 17.9282 9.57193
    endloop
  endfacet
  facet normal 0.0846277 0.279253 -0.956481
    outer loop
      vertex 23.8848 18.0148 9.60039
      vertex 24.1864 17.9234 9.60039
      vertex 23.8489 17.9282 9.57193
    endloop
  endfacet
  facet normal 0.137255 0.452657 -0.881058
    outer loop
      vertex 24.1681 17.8314 9.57193
      vertex 24.1512 17.7466 9.52573
      vertex 23.8158 17.8483 9.52573
    endloop
  endfacet
  facet normal 0.137256 0.452603 -0.881085
    outer loop
      vertex 23.8489 17.9282 9.57193
      vertex 24.1681 17.8314 9.57193
      vertex 23.8158 17.8483 9.52573
    endloop
  endfacet
  facet normal 0.184661 0.608858 -0.771487
    outer loop
      vertex 24.1512 17.7466 9.52573
      vertex 24.1364 17.6723 9.46355
      vertex 23.7869 17.7783 9.46355
    endloop
  endfacet
  facet normal 0.184655 0.60898 -0.771392
    outer loop
      vertex 23.8158 17.8483 9.52573
      vertex 24.1512 17.7466 9.52573
      vertex 23.7869 17.7783 9.46355
    endloop
  endfacet
  facet normal 0.224896 0.741171 -0.632524
    outer loop
      vertex 24.1364 17.6723 9.46355
      vertex 24.1243 17.6113 9.38777
      vertex 23.7631 17.7209 9.38777
    endloop
  endfacet
  facet normal 0.22487 0.741433 -0.632227
    outer loop
      vertex 23.7869 17.7783 9.46355
      vertex 24.1364 17.6723 9.46355
      vertex 23.7631 17.7209 9.38777
    endloop
  endfacet
  facet normal 0.256288 0.844929 -0.46948
    outer loop
      vertex 24.1243 17.6113 9.38777
      vertex 24.1153 17.566 9.30133
      vertex 23.7454 17.6782 9.30133
    endloop
  endfacet
  facet normal 0.256325 0.844751 -0.46978
    outer loop
      vertex 23.7631 17.7209 9.38777
      vertex 24.1243 17.6113 9.38777
      vertex 23.7454 17.6782 9.30133
    endloop
  endfacet
  facet normal 0.277904 0.915872 -0.289738
    outer loop
      vertex 24.1153 17.566 9.30133
      vertex 24.1098 17.5384 9.20881
      vertex 23.7397 17.6507 9.20881
    endloop
  endfacet
  facet normal 0.277846 0.916001 -0.289384
    outer loop
      vertex 23.7397 17.6507 9.20881
      vertex 23.7454 17.6782 9.30133
      vertex 24.1153 17.566 9.30133
    endloop
  endfacet
  facet normal 0.270077 0.918261 -0.289577
    outer loop
      vertex 23.7454 17.6782 9.30133
      vertex 23.7397 17.6507 9.20881
      vertex 23.7346 17.6522 9.20881
    endloop
  endfacet
  facet normal 0.046469 0.0869027 -0.995132
    outer loop
      vertex 23.9221 18.1049 9.61
      vertex 23.8848 18.0148 9.60039
      vertex 23.6069 18.1634 9.60039
    endloop
  endfacet
  facet normal 0.0464626 0.0868678 -0.995136
    outer loop
      vertex 23.6611 18.2445 9.61
      vertex 23.9221 18.1049 9.61
      vertex 23.6069 18.1634 9.60039
    endloop
  endfacet
  facet normal 0.137541 0.25732 -0.956488
    outer loop
      vertex 23.8848 18.0148 9.60039
      vertex 23.8489 17.9282 9.57193
      vertex 23.5548 18.0854 9.57193
    endloop
  endfacet
  facet normal 0.137511 0.257162 -0.956535
    outer loop
      vertex 23.6069 18.1634 9.60039
      vertex 23.8848 18.0148 9.60039
      vertex 23.5548 18.0854 9.57193
    endloop
  endfacet
  facet normal 0.222987 0.417088 -0.881087
    outer loop
      vertex 23.8489 17.9282 9.57193
      vertex 23.8158 17.8483 9.52573
      vertex 23.5068 18.0135 9.52573
    endloop
  endfacet
  facet normal 0.223011 0.417224 -0.881016
    outer loop
      vertex 23.5548 18.0854 9.57193
      vertex 23.8489 17.9282 9.57193
      vertex 23.5068 18.0135 9.52573
    endloop
  endfacet
  facet normal 0.29999 0.561305 -0.771326
    outer loop
      vertex 23.8158 17.8483 9.52573
      vertex 23.7869 17.7783 9.46355
      vertex 23.4647 17.9505 9.46355
    endloop
  endfacet
  facet normal 0.29995 0.561045 -0.77153
    outer loop
      vertex 23.5068 18.0135 9.52573
      vertex 23.8158 17.8483 9.52573
      vertex 23.4647 17.9505 9.46355
    endloop
  endfacet
  facet normal 0.365069 0.68335 -0.632264
    outer loop
      vertex 23.7869 17.7783 9.46355
      vertex 23.7631 17.7209 9.38777
      vertex 23.4301 17.8988 9.38777
    endloop
  endfacet
  facet normal 0.365036 0.683012 -0.632647
    outer loop
      vertex 23.4647 17.9505 9.46355
      vertex 23.7869 17.7783 9.46355
      vertex 23.4301 17.8988 9.38777
    endloop
  endfacet
  facet normal 0.41611 0.778551 -0.469798
    outer loop
      vertex 23.7631 17.7209 9.38777
      vertex 23.7454 17.6782 9.30133
      vertex 23.4045 17.8604 9.30133
    endloop
  endfacet
  facet normal 0.416108 0.778886 -0.469245
    outer loop
      vertex 23.4301 17.8988 9.38777
      vertex 23.7631 17.7209 9.38777
      vertex 23.4045 17.8604 9.30133
    endloop
  endfacet
  facet normal 0.45131 0.84398 -0.289858
    outer loop
      vertex 23.7346 17.6522 9.20881
      vertex 23.3935 17.8346 9.20881
      vertex 23.7454 17.6782 9.30133
    endloop
  endfacet
  facet normal 0.451241 0.844282 -0.289085
    outer loop
      vertex 23.3935 17.8346 9.20881
      vertex 23.4045 17.8604 9.30133
      vertex 23.7454 17.6782 9.30133
    endloop
  endfacet
  facet normal 0.45715 0.841155 -0.288915
    outer loop
      vertex 23.4045 17.8604 9.30133
      vertex 23.3935 17.8346 9.20881
      vertex 23.3889 17.8371 9.20881
    endloop
  endfacet
  facet normal 0.062493 0.0761545 -0.995136
    outer loop
      vertex 23.6611 18.2445 9.61
      vertex 23.6069 18.1634 9.60039
      vertex 23.3633 18.3633 9.60039
    endloop
  endfacet
  facet normal 0.0624791 0.0761193 -0.995139
    outer loop
      vertex 23.4323 18.4323 9.61
      vertex 23.6611 18.2445 9.61
      vertex 23.3633 18.3633 9.60039
    endloop
  endfacet
  facet normal 0.185026 0.225423 -0.95653
    outer loop
      vertex 23.6069 18.1634 9.60039
      vertex 23.5548 18.0854 9.57193
      vertex 23.297 18.297 9.57193
    endloop
  endfacet
  facet normal 0.185065 0.225522 -0.956499
    outer loop
      vertex 23.3633 18.3633 9.60039
      vertex 23.6069 18.1634 9.60039
      vertex 23.297 18.297 9.57193
    endloop
  endfacet
  facet normal 0.300208 0.365676 -0.880997
    outer loop
      vertex 23.5548 18.0854 9.57193
      vertex 23.5068 18.0135 9.52573
      vertex 23.2359 18.2359 9.52573
    endloop
  endfacet
  facet normal 0.300267 0.365826 -0.880915
    outer loop
      vertex 23.297 18.297 9.57193
      vertex 23.5548 18.0854 9.57193
      vertex 23.2359 18.2359 9.52573
    endloop
  endfacet
  facet normal 0.40364 0.491751 -0.771528
    outer loop
      vertex 23.5068 18.0135 9.52573
      vertex 23.4647 17.9505 9.46355
      vertex 23.1823 18.1823 9.46355
    endloop
  endfacet
  facet normal 0.403584 0.491596 -0.771657
    outer loop
      vertex 23.2359 18.2359 9.52573
      vertex 23.5068 18.0135 9.52573
      vertex 23.1823 18.1823 9.46355
    endloop
  endfacet
  facet normal 0.491303 0.59859 -0.632702
    outer loop
      vertex 23.4647 17.9505 9.46355
      vertex 23.4301 17.8988 9.38777
      vertex 23.1383 18.1383 9.38777
    endloop
  endfacet
  facet normal 0.491284 0.598527 -0.632775
    outer loop
      vertex 23.1823 18.1823 9.46355
      vertex 23.4647 17.9505 9.46355
      vertex 23.1383 18.1383 9.38777
    endloop
  endfacet
  facet normal 0.560095 0.682758 -0.469185
    outer loop
      vertex 23.4301 17.8988 9.38777
      vertex 23.4045 17.8604 9.30133
      vertex 23.1056 18.1056 9.30133
    endloop
  endfacet
  facet normal 0.560007 0.682297 -0.46996
    outer loop
      vertex 23.1383 18.1383 9.38777
      vertex 23.4301 17.8988 9.38777
      vertex 23.1056 18.1056 9.30133
    endloop
  endfacet
  facet normal 0.607389 0.740054 -0.288787
    outer loop
      vertex 23.4045 17.8604 9.30133
      vertex 23.3889 17.8371 9.20881
      vertex 23.0899 18.0825 9.20881
    endloop
  endfacet
  facet normal 0.607379 0.740398 -0.287927
    outer loop
      vertex 23.0899 18.0825 9.20881
      vertex 23.1056 18.1056 9.30133
      vertex 23.4045 17.8604 9.30133
    endloop
  endfacet
  facet normal 0.600417 0.745973 -0.288138
    outer loop
      vertex 23.1056 18.1056 9.30133
      vertex 23.0899 18.0825 9.20881
      vertex 23.0858 18.0858 9.20881
    endloop
  endfacet
  facet normal 0.0761275 0.0624708 -0.995139
    outer loop
      vertex 23.4323 18.4323 9.61
      vertex 23.3633 18.3633 9.60039
      vertex 23.1634 18.6069 9.60039
    endloop
  endfacet
  facet normal 0.0761481 0.0625027 -0.995136
    outer loop
      vertex 23.2445 18.6611 9.61
      vertex 23.4323 18.4323 9.61
      vertex 23.1634 18.6069 9.60039
    endloop
  endfacet
  facet normal 0.2255 0.185088 -0.9565
    outer loop
      vertex 23.3633 18.3633 9.60039
      vertex 23.297 18.297 9.57193
      vertex 23.0854 18.5548 9.57193
    endloop
  endfacet
  facet normal 0.225441 0.184999 -0.956531
    outer loop
      vertex 23.1634 18.6069 9.60039
      vertex 23.3633 18.3633 9.60039
      vertex 23.0854 18.5548 9.57193
    endloop
  endfacet
  facet normal 0.365792 0.300303 -0.880917
    outer loop
      vertex 23.297 18.297 9.57193
      vertex 23.2359 18.2359 9.52573
      vertex 23.0135 18.5068 9.52573
    endloop
  endfacet
  facet normal 0.365704 0.300167 -0.880999
    outer loop
      vertex 23.0854 18.5548 9.57193
      vertex 23.297 18.297 9.57193
      vertex 23.0135 18.5068 9.52573
    endloop
  endfacet
  facet normal 0.491633 0.403543 -0.771654
    outer loop
      vertex 23.2359 18.2359 9.52573
      vertex 23.1823 18.1823 9.46355
      vertex 22.9505 18.4647 9.46355
    endloop
  endfacet
  facet normal 0.491719 0.403685 -0.771525
    outer loop
      vertex 23.0135 18.5068 9.52573
      vertex 23.2359 18.2359 9.52573
      vertex 22.9505 18.4647 9.46355
    endloop
  endfacet
  facet normal 0.598544 0.491266 -0.632774
    outer loop
      vertex 23.1823 18.1823 9.46355
      vertex 23.1383 18.1383 9.38777
      vertex 22.8988 18.4301 9.38777
    endloop
  endfacet
  facet normal 0.598575 0.491323 -0.632701
    outer loop
      vertex 22.9505 18.4647 9.46355
      vertex 23.1823 18.1823 9.46355
      vertex 22.8988 18.4301 9.38777
    endloop
  endfacet
  facet normal 0.682444 0.559837 -0.469951
    outer loop
      vertex 23.1383 18.1383 9.38777
      vertex 23.1056 18.1056 9.30133
      vertex 22.8604 18.4045 9.30133
    endloop
  endfacet
  facet normal 0.68262 0.560272 -0.469176
    outer loop
      vertex 22.8988 18.4301 9.38777
      vertex 23.1383 18.1383 9.38777
      vertex 22.8604 18.4045 9.30133
    endloop
  endfacet
  facet normal 0.740145 0.607463 -0.288399
    outer loop
      vertex 23.1056 18.1056 9.30133
      vertex 23.0858 18.0858 9.20881
      vertex 22.8404 18.3848 9.20881
    endloop
  endfacet
  facet normal 0.745766 0.60025 -0.289021
    outer loop
      vertex 22.8604 18.4045 9.30133
      vertex 22.8404 18.3848 9.20881
      vertex 22.8371 18.3889 9.20881
    endloop
  endfacet
  facet normal 0.740088 0.607125 -0.289258
    outer loop
      vertex 22.8404 18.3848 9.20881
      vertex 22.8604 18.4045 9.30133
      vertex 23.1056 18.1056 9.30133
    endloop
  endfacet
  facet normal 0.0868738 0.0464536 -0.995136
    outer loop
      vertex 23.2445 18.6611 9.61
      vertex 23.1634 18.6069 9.60039
      vertex 23.0148 18.8848 9.60039
    endloop
  endfacet
  facet normal 0.0868985 0.046479 -0.995132
    outer loop
      vertex 23.1049 18.9221 9.61
      vertex 23.2445 18.6611 9.61
      vertex 23.0148 18.8848 9.60039
    endloop
  endfacet
  facet normal 0.257189 0.13747 -0.956533
    outer loop
      vertex 23.1634 18.6069 9.60039
      vertex 23.0854 18.5548 9.57193
      vertex 22.9282 18.8489 9.57193
    endloop
  endfacet
  facet normal 0.257301 0.137585 -0.956486
    outer loop
      vertex 23.0148 18.8848 9.60039
      vertex 23.1634 18.6069 9.60039
      vertex 22.9282 18.8489 9.57193
    endloop
  endfacet
  facet normal 0.417201 0.223047 -0.881018
    outer loop
      vertex 23.0854 18.5548 9.57193
      vertex 23.0135 18.5068 9.52573
      vertex 22.8483 18.8158 9.52573
    endloop
  endfacet
  facet normal 0.417105 0.222948 -0.881089
    outer loop
      vertex 22.9282 18.8489 9.57193
      vertex 23.0854 18.5548 9.57193
      vertex 22.8483 18.8158 9.52573
    endloop
  endfacet
  facet normal 0.561091 0.299875 -0.771526
    outer loop
      vertex 23.0135 18.5068 9.52573
      vertex 22.9505 18.4647 9.46355
      vertex 22.7783 18.7869 9.46355
    endloop
  endfacet
  facet normal 0.561268 0.300069 -0.771321
    outer loop
      vertex 22.8483 18.8158 9.52573
      vertex 23.0135 18.5068 9.52573
      vertex 22.7783 18.7869 9.46355
    endloop
  endfacet
  facet normal 0.683078 0.364924 -0.632641
    outer loop
      vertex 22.9505 18.4647 9.46355
      vertex 22.8988 18.4301 9.38777
      vertex 22.7209 18.7631 9.38777
    endloop
  endfacet
  facet normal 0.683293 0.365186 -0.632257
    outer loop
      vertex 22.7783 18.7869 9.46355
      vertex 22.9505 18.4647 9.46355
      vertex 22.7209 18.7631 9.38777
    endloop
  endfacet
  facet normal 0.778807 0.416247 -0.469252
    outer loop
      vertex 22.8988 18.4301 9.38777
      vertex 22.8604 18.4045 9.30133
      vertex 22.6782 18.7454 9.30133
    endloop
  endfacet
  facet normal 0.778624 0.415968 -0.469804
    outer loop
      vertex 22.7209 18.7631 9.38777
      vertex 22.8988 18.4301 9.38777
      vertex 22.6782 18.7454 9.30133
    endloop
  endfacet
  facet normal 0.844277 0.451469 -0.288744
    outer loop
      vertex 22.8604 18.4045 9.30133
      vertex 22.8371 18.3889 9.20881
      vertex 22.6547 18.73 9.20881
    endloop
  endfacet
  facet normal 0.840953 0.45704 -0.289676
    outer loop
      vertex 22.6782 18.7454 9.30133
      vertex 22.6547 18.73 9.20881
      vertex 22.6522 18.7346 9.20881
    endloop
  endfacet
  facet normal 0.844166 0.45118 -0.289517
    outer loop
      vertex 22.6547 18.73 9.20881
      vertex 22.6782 18.7454 9.30133
      vertex 22.8604 18.4045 9.30133
    endloop
  endfacet
  facet normal 0.0943084 0.0285802 -0.995133
    outer loop
      vertex 23.1049 18.9221 9.61
      vertex 23.0148 18.8848 9.60039
      vertex 22.9234 19.1864 9.60039
    endloop
  endfacet
  facet normal 0.0943477 0.0286074 -0.995128
    outer loop
      vertex 23.019 19.2054 9.61
      vertex 23.1049 18.9221 9.61
      vertex 22.9234 19.1864 9.60039
    endloop
  endfacet
  facet normal 0.279232 0.0846794 -0.956483
    outer loop
      vertex 23.0148 18.8848 9.60039
      vertex 22.9282 18.8489 9.57193
      vertex 22.8314 19.1681 9.57193
    endloop
  endfacet
  facet normal 0.279079 0.0845751 -0.956536
    outer loop
      vertex 22.9234 19.1864 9.60039
      vertex 23.0148 18.8848 9.60039
      vertex 22.8314 19.1681 9.57193
    endloop
  endfacet
  facet normal 0.452609 0.13724 -0.881085
    outer loop
      vertex 22.9282 18.8489 9.57193
      vertex 22.8483 18.8158 9.52573
      vertex 22.7466 19.1512 9.52573
    endloop
  endfacet
  facet normal 0.452653 0.137271 -0.881057
    outer loop
      vertex 22.8314 19.1681 9.57193
      vertex 22.9282 18.8489 9.57193
      vertex 22.7466 19.1512 9.52573
    endloop
  endfacet
  facet normal 0.608966 0.184694 -0.771394
    outer loop
      vertex 22.8483 18.8158 9.52573
      vertex 22.7783 18.7869 9.46355
      vertex 22.6723 19.1364 9.46355
    endloop
  endfacet
  facet normal 0.608867 0.184621 -0.771489
    outer loop
      vertex 22.7466 19.1512 9.52573
      vertex 22.8483 18.8158 9.52573
      vertex 22.6723 19.1364 9.46355
    endloop
  endfacet
  facet normal 0.7414 0.224965 -0.632232
    outer loop
      vertex 22.7783 18.7869 9.46355
      vertex 22.7209 18.7631 9.38777
      vertex 22.6113 19.1243 9.38777
    endloop
  endfacet
  facet normal 0.741197 0.224798 -0.632529
    outer loop
      vertex 22.6723 19.1364 9.46355
      vertex 22.7783 18.7869 9.46355
      vertex 22.6113 19.1243 9.38777
    endloop
  endfacet
  facet normal 0.844778 0.256242 -0.469777
    outer loop
      vertex 22.7209 18.7631 9.38777
      vertex 22.6782 18.7454 9.30133
      vertex 22.566 19.1153 9.30133
    endloop
  endfacet
  facet normal 0.844905 0.256372 -0.469477
    outer loop
      vertex 22.6113 19.1243 9.38777
      vertex 22.7209 18.7631 9.38777
      vertex 22.566 19.1153 9.30133
    endloop
  endfacet
  facet normal 0.915942 0.277603 -0.289803
    outer loop
      vertex 22.6782 18.7454 9.30133
      vertex 22.6522 18.7346 9.20881
      vertex 22.54 19.1048 9.20881
    endloop
  endfacet
  facet normal 0.911693 0.291742 -0.289314
    outer loop
      vertex 22.566 19.1153 9.30133
      vertex 22.54 19.1048 9.20881
      vertex 22.5384 19.1098 9.20881
    endloop
  endfacet
  facet normal 0.916117 0.277881 -0.288984
    outer loop
      vertex 22.54 19.1048 9.20881
      vertex 22.566 19.1153 9.30133
      vertex 22.6782 18.7454 9.30133
    endloop
  endfacet
  facet normal 0.098112 0.00966728 -0.995128
    outer loop
      vertex 23.019 19.2054 9.61
      vertex 22.9234 19.1864 9.60039
      vertex 22.8925 19.5 9.60039
    endloop
  endfacet
  facet normal 0.0980842 0.00965527 -0.995131
    outer loop
      vertex 22.99 19.5 9.61
      vertex 23.019 19.2054 9.61
      vertex 22.8925 19.5 9.60039
    endloop
  endfacet
  facet normal 0.290214 0.028593 -0.956534
    outer loop
      vertex 22.9234 19.1864 9.60039
      vertex 22.8314 19.1681 9.57193
      vertex 22.7987 19.5 9.57193
    endloop
  endfacet
  facet normal 0.290223 0.0285966 -0.956532
    outer loop
      vertex 22.8925 19.5 9.60039
      vertex 22.9234 19.1864 9.60039
      vertex 22.7987 19.5 9.57193
    endloop
  endfacet
  facet normal 0.47075 0.0464272 -0.881044
    outer loop
      vertex 22.8314 19.1681 9.57193
      vertex 22.7466 19.1512 9.52573
      vertex 22.7122 19.5 9.52573
    endloop
  endfacet
  facet normal 0.470611 0.0463663 -0.881122
    outer loop
      vertex 22.7987 19.5 9.57193
      vertex 22.8314 19.1681 9.57193
      vertex 22.7122 19.5 9.52573
    endloop
  endfacet
  facet normal 0.633206 0.0623453 -0.771468
    outer loop
      vertex 22.7466 19.1512 9.52573
      vertex 22.6723 19.1364 9.46355
      vertex 22.6365 19.5 9.46355
    endloop
  endfacet
  facet normal 0.633486 0.0624769 -0.771227
    outer loop
      vertex 22.7122 19.5 9.52573
      vertex 22.7466 19.1512 9.52573
      vertex 22.6365 19.5 9.46355
    endloop
  endfacet
  facet normal 0.770777 0.0759083 -0.632567
    outer loop
      vertex 22.6723 19.1364 9.46355
      vertex 22.6113 19.1243 9.38777
      vertex 22.5743 19.5 9.38777
    endloop
  endfacet
  facet normal 0.770737 0.0758866 -0.632618
    outer loop
      vertex 22.6365 19.5 9.46355
      vertex 22.6723 19.1364 9.46355
      vertex 22.5743 19.5 9.38777
    endloop
  endfacet
  facet normal 0.87868 0.0865661 -0.469497
    outer loop
      vertex 22.6113 19.1243 9.38777
      vertex 22.566 19.1153 9.30133
      vertex 22.5281 19.5 9.30133
    endloop
  endfacet
  facet normal 0.878627 0.0865296 -0.469604
    outer loop
      vertex 22.5743 19.5 9.38777
      vertex 22.6113 19.1243 9.38777
      vertex 22.5281 19.5 9.30133
    endloop
  endfacet
  facet normal 0.952507 0.0937663 -0.28972
    outer loop
      vertex 22.566 19.1153 9.30133
      vertex 22.5384 19.1098 9.20881
      vertex 22.5005 19.4948 9.20881
    endloop
  endfacet
  facet normal 0.952817 0.0916171 -0.289388
    outer loop
      vertex 22.5281 19.5 9.30133
      vertex 22.5005 19.4948 9.20881
      vertex 22.5 19.5 9.20881
    endloop
  endfacet
  facet normal 0.952583 0.0938469 -0.289443
    outer loop
      vertex 22.5005 19.4948 9.20881
      vertex 22.5281 19.5 9.30133
      vertex 22.566 19.1153 9.30133
    endloop
  endfacet
  facet normal 0.0980842 -0.00966455 -0.995131
    outer loop
      vertex 22.9234 19.8136 9.60039
      vertex 22.99 19.5 9.61
      vertex 22.8925 19.5 9.60039
    endloop
  endfacet
  facet normal 0.0981138 -0.00965818 -0.995128
    outer loop
      vertex 23.019 19.7946 9.61
      vertex 22.99 19.5 9.61
      vertex 22.9234 19.8136 9.60039
    endloop
  endfacet
  facet normal 0.290223 -0.0285938 -0.956532
    outer loop
      vertex 22.8314 19.8319 9.57193
      vertex 22.8925 19.5 9.60039
      vertex 22.7987 19.5 9.57193
    endloop
  endfacet
  facet normal 0.290214 -0.0285957 -0.956534
    outer loop
      vertex 22.9234 19.8136 9.60039
      vertex 22.8925 19.5 9.60039
      vertex 22.8314 19.8319 9.57193
    endloop
  endfacet
  facet normal 0.47061 -0.0464133 -0.88112
    outer loop
      vertex 22.7466 19.8488 9.52573
      vertex 22.7987 19.5 9.57193
      vertex 22.7122 19.5 9.52573
    endloop
  endfacet
  facet normal 0.470758 -0.0463808 -0.881042
    outer loop
      vertex 22.8314 19.8319 9.57193
      vertex 22.7987 19.5 9.57193
      vertex 22.7466 19.8488 9.52573
    endloop
  endfacet
  facet normal 0.63349 -0.0623734 -0.771232
    outer loop
      vertex 22.6723 19.8636 9.46355
      vertex 22.7122 19.5 9.52573
      vertex 22.6365 19.5 9.46355
    endloop
  endfacet
  facet normal 0.63319 -0.0624476 -0.771473
    outer loop
      vertex 22.7466 19.8488 9.52573
      vertex 22.7122 19.5 9.52573
      vertex 22.6723 19.8636 9.46355
    endloop
  endfacet
  facet normal 0.770736 -0.0759042 -0.632618
    outer loop
      vertex 22.6113 19.8757 9.38777
      vertex 22.6365 19.5 9.46355
      vertex 22.5743 19.5 9.38777
    endloop
  endfacet
  facet normal 0.77078 -0.0758908 -0.632566
    outer loop
      vertex 22.6723 19.8636 9.46355
      vertex 22.6365 19.5 9.46355
      vertex 22.6113 19.8757 9.38777
    endloop
  endfacet
  facet normal 0.878624 -0.0865606 -0.469603
    outer loop
      vertex 22.566 19.8847 9.30133
      vertex 22.5743 19.5 9.38777
      vertex 22.5281 19.5 9.30133
    endloop
  endfacet
  facet normal 0.878684 -0.0865353 -0.469496
    outer loop
      vertex 22.6113 19.8757 9.38777
      vertex 22.5743 19.5 9.38777
      vertex 22.566 19.8847 9.30133
    endloop
  endfacet
  facet normal 0.952623 -0.093802 -0.289329
    outer loop
      vertex 22.5379 19.8849 9.20881
      vertex 22.5281 19.5 9.30133
      vertex 22.5 19.5 9.20881
    endloop
  endfacet
  facet normal 0.952913 -0.0898975 -0.289611
    outer loop
      vertex 22.566 19.8847 9.30133
      vertex 22.5379 19.8849 9.20881
      vertex 22.5384 19.8902 9.20881
    endloop
  endfacet
  facet normal 0.952562 -0.0938449 -0.289513
    outer loop
      vertex 22.5379 19.8849 9.20881
      vertex 22.566 19.8847 9.30133
      vertex 22.5281 19.5 9.30133
    endloop
  endfacet
  facet normal 0.0943506 -0.028593 -0.995128
    outer loop
      vertex 23.0148 20.1152 9.60039
      vertex 23.019 19.7946 9.61
      vertex 22.9234 19.8136 9.60039
    endloop
  endfacet
  facet normal 0.0943028 -0.0285937 -0.995133
    outer loop
      vertex 23.1049 20.0779 9.61
      vertex 23.019 19.7946 9.61
      vertex 23.0148 20.1152 9.60039
    endloop
  endfacet
  facet normal 0.279068 -0.0846297 -0.956535
    outer loop
      vertex 22.9282 20.1511 9.57193
      vertex 22.9234 19.8136 9.60039
      vertex 22.8314 19.8319 9.57193
    endloop
  endfacet
  facet normal 0.279253 -0.0846277 -0.956481
    outer loop
      vertex 22.9282 20.1511 9.57193
      vertex 23.0148 20.1152 9.60039
      vertex 22.9234 19.8136 9.60039
    endloop
  endfacet
  facet normal 0.452657 -0.137255 -0.881058
    outer loop
      vertex 22.8483 20.1842 9.52573
      vertex 22.8314 19.8319 9.57193
      vertex 22.7466 19.8488 9.52573
    endloop
  endfacet
  facet normal 0.452603 -0.137256 -0.881085
    outer loop
      vertex 22.8483 20.1842 9.52573
      vertex 22.9282 20.1511 9.57193
      vertex 22.8314 19.8319 9.57193
    endloop
  endfacet
  facet normal 0.608858 -0.184661 -0.771487
    outer loop
      vertex 22.7783 20.2131 9.46355
      vertex 22.7466 19.8488 9.52573
      vertex 22.6723 19.8636 9.46355
    endloop
  endfacet
  facet normal 0.60898 -0.184655 -0.771392
    outer loop
      vertex 22.7783 20.2131 9.46355
      vertex 22.8483 20.1842 9.52573
      vertex 22.7466 19.8488 9.52573
    endloop
  endfacet
  facet normal 0.741171 -0.224896 -0.632524
    outer loop
      vertex 22.7209 20.2369 9.38777
      vertex 22.6723 19.8636 9.46355
      vertex 22.6113 19.8757 9.38777
    endloop
  endfacet
  facet normal 0.741433 -0.22487 -0.632227
    outer loop
      vertex 22.7209 20.2369 9.38777
      vertex 22.7783 20.2131 9.46355
      vertex 22.6723 19.8636 9.46355
    endloop
  endfacet
  facet normal 0.844929 -0.256288 -0.46948
    outer loop
      vertex 22.6782 20.2546 9.30133
      vertex 22.6113 19.8757 9.38777
      vertex 22.566 19.8847 9.30133
    endloop
  endfacet
  facet normal 0.844751 -0.256325 -0.46978
    outer loop
      vertex 22.6782 20.2546 9.30133
      vertex 22.7209 20.2369 9.38777
      vertex 22.6113 19.8757 9.38777
    endloop
  endfacet
  facet normal 0.915872 -0.277904 -0.289738
    outer loop
      vertex 22.5384 19.8902 9.20881
      vertex 22.6507 20.2603 9.20881
      vertex 22.566 19.8847 9.30133
    endloop
  endfacet
  facet normal 0.918261 -0.270077 -0.289577
    outer loop
      vertex 22.6782 20.2546 9.30133
      vertex 22.6507 20.2603 9.20881
      vertex 22.6522 20.2654 9.20881
    endloop
  endfacet
  facet normal 0.916001 -0.277846 -0.289384
    outer loop
      vertex 22.6507 20.2603 9.20881
      vertex 22.6782 20.2546 9.30133
      vertex 22.566 19.8847 9.30133
    endloop
  endfacet
  facet normal 0.0869027 -0.046469 -0.995132
    outer loop
      vertex 23.1634 20.3931 9.60039
      vertex 23.1049 20.0779 9.61
      vertex 23.0148 20.1152 9.60039
    endloop
  endfacet
  facet normal 0.0868678 -0.0464626 -0.995136
    outer loop
      vertex 23.1634 20.3931 9.60039
      vertex 23.2445 20.3389 9.61
      vertex 23.1049 20.0779 9.61
    endloop
  endfacet
  facet normal 0.25732 -0.137541 -0.956488
    outer loop
      vertex 23.0854 20.4452 9.57193
      vertex 23.0148 20.1152 9.60039
      vertex 22.9282 20.1511 9.57193
    endloop
  endfacet
  facet normal 0.257162 -0.137511 -0.956535
    outer loop
      vertex 23.0854 20.4452 9.57193
      vertex 23.1634 20.3931 9.60039
      vertex 23.0148 20.1152 9.60039
    endloop
  endfacet
  facet normal 0.417088 -0.222987 -0.881087
    outer loop
      vertex 23.0135 20.4932 9.52573
      vertex 22.9282 20.1511 9.57193
      vertex 22.8483 20.1842 9.52573
    endloop
  endfacet
  facet normal 0.417224 -0.223011 -0.881016
    outer loop
      vertex 23.0135 20.4932 9.52573
      vertex 23.0854 20.4452 9.57193
      vertex 22.9282 20.1511 9.57193
    endloop
  endfacet
  facet normal 0.561305 -0.29999 -0.771326
    outer loop
      vertex 22.9505 20.5353 9.46355
      vertex 22.8483 20.1842 9.52573
      vertex 22.7783 20.2131 9.46355
    endloop
  endfacet
  facet normal 0.561045 -0.29995 -0.77153
    outer loop
      vertex 22.9505 20.5353 9.46355
      vertex 23.0135 20.4932 9.52573
      vertex 22.8483 20.1842 9.52573
    endloop
  endfacet
  facet normal 0.68335 -0.365069 -0.632264
    outer loop
      vertex 22.8988 20.5699 9.38777
      vertex 22.7783 20.2131 9.46355
      vertex 22.7209 20.2369 9.38777
    endloop
  endfacet
  facet normal 0.683012 -0.365036 -0.632647
    outer loop
      vertex 22.8988 20.5699 9.38777
      vertex 22.9505 20.5353 9.46355
      vertex 22.7783 20.2131 9.46355
    endloop
  endfacet
  facet normal 0.778551 -0.41611 -0.469798
    outer loop
      vertex 22.8604 20.5955 9.30133
      vertex 22.7209 20.2369 9.38777
      vertex 22.6782 20.2546 9.30133
    endloop
  endfacet
  facet normal 0.778886 -0.416108 -0.469245
    outer loop
      vertex 22.8604 20.5955 9.30133
      vertex 22.8988 20.5699 9.38777
      vertex 22.7209 20.2369 9.38777
    endloop
  endfacet
  facet normal 0.84398 -0.45131 -0.289858
    outer loop
      vertex 22.8346 20.6065 9.20881
      vertex 22.6782 20.2546 9.30133
      vertex 22.6522 20.2654 9.20881
    endloop
  endfacet
  facet normal 0.841155 -0.45715 -0.288915
    outer loop
      vertex 22.8604 20.5955 9.30133
      vertex 22.8346 20.6065 9.20881
      vertex 22.8371 20.6111 9.20881
    endloop
  endfacet
  facet normal 0.844282 -0.451241 -0.289085
    outer loop
      vertex 22.8346 20.6065 9.20881
      vertex 22.8604 20.5955 9.30133
      vertex 22.6782 20.2546 9.30133
    endloop
  endfacet
  facet normal 0.0761545 -0.062493 -0.995136
    outer loop
      vertex 23.3633 20.6367 9.60039
      vertex 23.2445 20.3389 9.61
      vertex 23.1634 20.3931 9.60039
    endloop
  endfacet
  facet normal 0.0761193 -0.0624791 -0.995139
    outer loop
      vertex 23.3633 20.6367 9.60039
      vertex 23.4323 20.5677 9.61
      vertex 23.2445 20.3389 9.61
    endloop
  endfacet
  facet normal 0.225423 -0.185026 -0.95653
    outer loop
      vertex 23.297 20.703 9.57193
      vertex 23.1634 20.3931 9.60039
      vertex 23.0854 20.4452 9.57193
    endloop
  endfacet
  facet normal 0.225522 -0.185065 -0.956499
    outer loop
      vertex 23.297 20.703 9.57193
      vertex 23.3633 20.6367 9.60039
      vertex 23.1634 20.3931 9.60039
    endloop
  endfacet
  facet normal 0.365676 -0.300208 -0.880997
    outer loop
      vertex 23.2359 20.7641 9.52573
      vertex 23.0854 20.4452 9.57193
      vertex 23.0135 20.4932 9.52573
    endloop
  endfacet
  facet normal 0.365826 -0.300267 -0.880915
    outer loop
      vertex 23.2359 20.7641 9.52573
      vertex 23.297 20.703 9.57193
      vertex 23.0854 20.4452 9.57193
    endloop
  endfacet
  facet normal 0.491751 -0.40364 -0.771528
    outer loop
      vertex 23.1823 20.8177 9.46355
      vertex 23.0135 20.4932 9.52573
      vertex 22.9505 20.5353 9.46355
    endloop
  endfacet
  facet normal 0.491596 -0.403584 -0.771657
    outer loop
      vertex 23.1823 20.8177 9.46355
      vertex 23.2359 20.7641 9.52573
      vertex 23.0135 20.4932 9.52573
    endloop
  endfacet
  facet normal 0.59859 -0.491303 -0.632702
    outer loop
      vertex 23.1383 20.8617 9.38777
      vertex 22.9505 20.5353 9.46355
      vertex 22.8988 20.5699 9.38777
    endloop
  endfacet
  facet normal 0.598527 -0.491284 -0.632775
    outer loop
      vertex 23.1383 20.8617 9.38777
      vertex 23.1823 20.8177 9.46355
      vertex 22.9505 20.5353 9.46355
    endloop
  endfacet
  facet normal 0.682758 -0.560095 -0.469185
    outer loop
      vertex 23.1056 20.8944 9.30133
      vertex 22.8988 20.5699 9.38777
      vertex 22.8604 20.5955 9.30133
    endloop
  endfacet
  facet normal 0.682297 -0.560007 -0.46996
    outer loop
      vertex 23.1056 20.8944 9.30133
      vertex 23.1383 20.8617 9.38777
      vertex 22.8988 20.5699 9.38777
    endloop
  endfacet
  facet normal 0.740054 -0.607389 -0.288787
    outer loop
      vertex 22.8604 20.5955 9.30133
      vertex 22.8371 20.6111 9.20881
      vertex 23.0825 20.9101 9.20881
    endloop
  endfacet
  facet normal 0.745973 -0.600417 -0.288138
    outer loop
      vertex 23.1056 20.8944 9.30133
      vertex 23.0825 20.9101 9.20881
      vertex 23.0858 20.9142 9.20881
    endloop
  endfacet
  facet normal 0.740398 -0.607379 -0.287927
    outer loop
      vertex 23.0825 20.9101 9.20881
      vertex 23.1056 20.8944 9.30133
      vertex 22.8604 20.5955 9.30133
    endloop
  endfacet
  facet normal 0.0624708 -0.0761275 -0.995139
    outer loop
      vertex 23.6069 20.8366 9.60039
      vertex 23.4323 20.5677 9.61
      vertex 23.3633 20.6367 9.60039
    endloop
  endfacet
  facet normal 0.0625027 -0.0761481 -0.995136
    outer loop
      vertex 23.6069 20.8366 9.60039
      vertex 23.6611 20.7555 9.61
      vertex 23.4323 20.5677 9.61
    endloop
  endfacet
  facet normal 0.185088 -0.2255 -0.9565
    outer loop
      vertex 23.5548 20.9146 9.57193
      vertex 23.3633 20.6367 9.60039
      vertex 23.297 20.703 9.57193
    endloop
  endfacet
  facet normal 0.184999 -0.225441 -0.956531
    outer loop
      vertex 23.5548 20.9146 9.57193
      vertex 23.6069 20.8366 9.60039
      vertex 23.3633 20.6367 9.60039
    endloop
  endfacet
  facet normal 0.300303 -0.365792 -0.880917
    outer loop
      vertex 23.5068 20.9865 9.52573
      vertex 23.297 20.703 9.57193
      vertex 23.2359 20.7641 9.52573
    endloop
  endfacet
  facet normal 0.300167 -0.365704 -0.880999
    outer loop
      vertex 23.5068 20.9865 9.52573
      vertex 23.5548 20.9146 9.57193
      vertex 23.297 20.703 9.57193
    endloop
  endfacet
  facet normal 0.403543 -0.491633 -0.771654
    outer loop
      vertex 23.4647 21.0495 9.46355
      vertex 23.2359 20.7641 9.52573
      vertex 23.1823 20.8177 9.46355
    endloop
  endfacet
  facet normal 0.403685 -0.491719 -0.771525
    outer loop
      vertex 23.4647 21.0495 9.46355
      vertex 23.5068 20.9865 9.52573
      vertex 23.2359 20.7641 9.52573
    endloop
  endfacet
  facet normal 0.491266 -0.598544 -0.632774
    outer loop
      vertex 23.4301 21.1012 9.38777
      vertex 23.1823 20.8177 9.46355
      vertex 23.1383 20.8617 9.38777
    endloop
  endfacet
  facet normal 0.491323 -0.598575 -0.632701
    outer loop
      vertex 23.4301 21.1012 9.38777
      vertex 23.4647 21.0495 9.46355
      vertex 23.1823 20.8177 9.46355
    endloop
  endfacet
  facet normal 0.559837 -0.682444 -0.469951
    outer loop
      vertex 23.4045 21.1396 9.30133
      vertex 23.1383 20.8617 9.38777
      vertex 23.1056 20.8944 9.30133
    endloop
  endfacet
  facet normal 0.560272 -0.68262 -0.469176
    outer loop
      vertex 23.4045 21.1396 9.30133
      vertex 23.4301 21.1012 9.38777
      vertex 23.1383 20.8617 9.38777
    endloop
  endfacet
  facet normal 0.607463 -0.740145 -0.288399
    outer loop
      vertex 23.3848 21.1596 9.20881
      vertex 23.1056 20.8944 9.30133
      vertex 23.0858 20.9142 9.20881
    endloop
  endfacet
  facet normal 0.607125 -0.740088 -0.289258
    outer loop
      vertex 23.3848 21.1596 9.20881
      vertex 23.4045 21.1396 9.30133
      vertex 23.1056 20.8944 9.30133
    endloop
  endfacet
  facet normal 0.60025 -0.745766 -0.289021
    outer loop
      vertex 23.3889 21.1629 9.20881
      vertex 23.4045 21.1396 9.30133
      vertex 23.3848 21.1596 9.20881
    endloop
  endfacet
  facet normal 0.0464536 -0.0868738 -0.995136
    outer loop
      vertex 23.8848 20.9852 9.60039
      vertex 23.6611 20.7555 9.61
      vertex 23.6069 20.8366 9.60039
    endloop
  endfacet
  facet normal 0.046479 -0.0868985 -0.995132
    outer loop
      vertex 23.8848 20.9852 9.60039
      vertex 23.9221 20.8951 9.61
      vertex 23.6611 20.7555 9.61
    endloop
  endfacet
  facet normal 0.13747 -0.257189 -0.956533
    outer loop
      vertex 23.8489 21.0718 9.57193
      vertex 23.6069 20.8366 9.60039
      vertex 23.5548 20.9146 9.57193
    endloop
  endfacet
  facet normal 0.137585 -0.257301 -0.956486
    outer loop
      vertex 23.8489 21.0718 9.57193
      vertex 23.8848 20.9852 9.60039
      vertex 23.6069 20.8366 9.60039
    endloop
  endfacet
  facet normal 0.223047 -0.417201 -0.881018
    outer loop
      vertex 23.8158 21.1517 9.52573
      vertex 23.5548 20.9146 9.57193
      vertex 23.5068 20.9865 9.52573
    endloop
  endfacet
  facet normal 0.222948 -0.417105 -0.881089
    outer loop
      vertex 23.8158 21.1517 9.52573
      vertex 23.8489 21.0718 9.57193
      vertex 23.5548 20.9146 9.57193
    endloop
  endfacet
  facet normal 0.299875 -0.561091 -0.771526
    outer loop
      vertex 23.7869 21.2217 9.46355
      vertex 23.5068 20.9865 9.52573
      vertex 23.4647 21.0495 9.46355
    endloop
  endfacet
  facet normal 0.300069 -0.561268 -0.771321
    outer loop
      vertex 23.7869 21.2217 9.46355
      vertex 23.8158 21.1517 9.52573
      vertex 23.5068 20.9865 9.52573
    endloop
  endfacet
  facet normal 0.364924 -0.683078 -0.632641
    outer loop
      vertex 23.7631 21.2791 9.38777
      vertex 23.4647 21.0495 9.46355
      vertex 23.4301 21.1012 9.38777
    endloop
  endfacet
  facet normal 0.365186 -0.683293 -0.632257
    outer loop
      vertex 23.7631 21.2791 9.38777
      vertex 23.7869 21.2217 9.46355
      vertex 23.4647 21.0495 9.46355
    endloop
  endfacet
  facet normal 0.416247 -0.778807 -0.469252
    outer loop
      vertex 23.7454 21.3218 9.30133
      vertex 23.4301 21.1012 9.38777
      vertex 23.4045 21.1396 9.30133
    endloop
  endfacet
  facet normal 0.415968 -0.778624 -0.469804
    outer loop
      vertex 23.7454 21.3218 9.30133
      vertex 23.7631 21.2791 9.38777
      vertex 23.4301 21.1012 9.38777
    endloop
  endfacet
  facet normal 0.451469 -0.844277 -0.288744
    outer loop
      vertex 23.73 21.3453 9.20881
      vertex 23.4045 21.1396 9.30133
      vertex 23.3889 21.1629 9.20881
    endloop
  endfacet
  facet normal 0.45118 -0.844166 -0.289517
    outer loop
      vertex 23.73 21.3453 9.20881
      vertex 23.7454 21.3218 9.30133
      vertex 23.4045 21.1396 9.30133
    endloop
  endfacet
  facet normal 0.45704 -0.840953 -0.289676
    outer loop
      vertex 23.7454 21.3218 9.30133
      vertex 23.73 21.3453 9.20881
      vertex 23.7346 21.3478 9.20881
    endloop
  endfacet
  facet normal 0.0285802 -0.0943084 -0.995133
    outer loop
      vertex 24.1864 21.0766 9.60039
      vertex 23.9221 20.8951 9.61
      vertex 23.8848 20.9852 9.60039
    endloop
  endfacet
  facet normal 0.0286074 -0.0943477 -0.995128
    outer loop
      vertex 24.1864 21.0766 9.60039
      vertex 24.2054 20.981 9.61
      vertex 23.9221 20.8951 9.61
    endloop
  endfacet
  facet normal 0.0846794 -0.279232 -0.956483
    outer loop
      vertex 24.1681 21.1686 9.57193
      vertex 23.8848 20.9852 9.60039
      vertex 23.8489 21.0718 9.57193
    endloop
  endfacet
  facet normal 0.0845751 -0.279079 -0.956536
    outer loop
      vertex 24.1681 21.1686 9.57193
      vertex 24.1864 21.0766 9.60039
      vertex 23.8848 20.9852 9.60039
    endloop
  endfacet
  facet normal 0.13724 -0.452609 -0.881085
    outer loop
      vertex 24.1512 21.2534 9.52573
      vertex 23.8489 21.0718 9.57193
      vertex 23.8158 21.1517 9.52573
    endloop
  endfacet
  facet normal 0.137271 -0.452653 -0.881057
    outer loop
      vertex 24.1512 21.2534 9.52573
      vertex 24.1681 21.1686 9.57193
      vertex 23.8489 21.0718 9.57193
    endloop
  endfacet
  facet normal 0.184694 -0.608966 -0.771394
    outer loop
      vertex 24.1364 21.3277 9.46355
      vertex 23.8158 21.1517 9.52573
      vertex 23.7869 21.2217 9.46355
    endloop
  endfacet
  facet normal 0.184621 -0.608867 -0.771489
    outer loop
      vertex 24.1364 21.3277 9.46355
      vertex 24.1512 21.2534 9.52573
      vertex 23.8158 21.1517 9.52573
    endloop
  endfacet
  facet normal 0.224965 -0.7414 -0.632232
    outer loop
      vertex 24.1243 21.3887 9.38777
      vertex 23.7869 21.2217 9.46355
      vertex 23.7631 21.2791 9.38777
    endloop
  endfacet
  facet normal 0.224798 -0.741197 -0.632529
    outer loop
      vertex 24.1243 21.3887 9.38777
      vertex 24.1364 21.3277 9.46355
      vertex 23.7869 21.2217 9.46355
    endloop
  endfacet
  facet normal 0.256242 -0.844778 -0.469777
    outer loop
      vertex 24.1153 21.434 9.30133
      vertex 23.7631 21.2791 9.38777
      vertex 23.7454 21.3218 9.30133
    endloop
  endfacet
  facet normal 0.256372 -0.844905 -0.469477
    outer loop
      vertex 24.1153 21.434 9.30133
      vertex 24.1243 21.3887 9.38777
      vertex 23.7631 21.2791 9.38777
    endloop
  endfacet
  facet normal 0.277603 -0.915942 -0.289803
    outer loop
      vertex 24.1048 21.46 9.20881
      vertex 23.7454 21.3218 9.30133
      vertex 23.7346 21.3478 9.20881
    endloop
  endfacet
  facet normal 0.277881 -0.916117 -0.288984
    outer loop
      vertex 24.1048 21.46 9.20881
      vertex 24.1153 21.434 9.30133
      vertex 23.7454 21.3218 9.30133
    endloop
  endfacet
  facet normal 0.291742 -0.911693 -0.289314
    outer loop
      vertex 24.1153 21.434 9.30133
      vertex 24.1048 21.46 9.20881
      vertex 24.1098 21.4616 9.20881
    endloop
  endfacet
  facet normal 0.00966728 -0.098112 -0.995128
    outer loop
      vertex 24.5 21.1075 9.60039
      vertex 24.2054 20.981 9.61
      vertex 24.1864 21.0766 9.60039
    endloop
  endfacet
  facet normal 0.00965527 -0.0980842 -0.995131
    outer loop
      vertex 24.5 21.1075 9.60039
      vertex 24.5 21.01 9.61
      vertex 24.2054 20.981 9.61
    endloop
  endfacet
  facet normal 0.028593 -0.290214 -0.956534
    outer loop
      vertex 24.5 21.2013 9.57193
      vertex 24.1864 21.0766 9.60039
      vertex 24.1681 21.1686 9.57193
    endloop
  endfacet
  facet normal 0.0285966 -0.290223 -0.956532
    outer loop
      vertex 24.5 21.2013 9.57193
      vertex 24.5 21.1075 9.60039
      vertex 24.1864 21.0766 9.60039
    endloop
  endfacet
  facet normal 0.0464272 -0.47075 -0.881044
    outer loop
      vertex 24.5 21.2878 9.52573
      vertex 24.1681 21.1686 9.57193
      vertex 24.1512 21.2534 9.52573
    endloop
  endfacet
  facet normal 0.0463663 -0.470611 -0.881122
    outer loop
      vertex 24.5 21.2878 9.52573
      vertex 24.5 21.2013 9.57193
      vertex 24.1681 21.1686 9.57193
    endloop
  endfacet
  facet normal 0.0623453 -0.633206 -0.771468
    outer loop
      vertex 24.5 21.3635 9.46355
      vertex 24.1512 21.2534 9.52573
      vertex 24.1364 21.3277 9.46355
    endloop
  endfacet
  facet normal 0.0624769 -0.633486 -0.771227
    outer loop
      vertex 24.5 21.3635 9.46355
      vertex 24.5 21.2878 9.52573
      vertex 24.1512 21.2534 9.52573
    endloop
  endfacet
  facet normal 0.0759083 -0.770777 -0.632567
    outer loop
      vertex 24.5 21.4257 9.38777
      vertex 24.1364 21.3277 9.46355
      vertex 24.1243 21.3887 9.38777
    endloop
  endfacet
  facet normal 0.0758866 -0.770737 -0.632618
    outer loop
      vertex 24.5 21.4257 9.38777
      vertex 24.5 21.3635 9.46355
      vertex 24.1364 21.3277 9.46355
    endloop
  endfacet
  facet normal 0.0865661 -0.87868 -0.469497
    outer loop
      vertex 24.5 21.4719 9.30133
      vertex 24.1243 21.3887 9.38777
      vertex 24.1153 21.434 9.30133
    endloop
  endfacet
  facet normal 0.0865296 -0.878627 -0.469604
    outer loop
      vertex 24.5 21.4719 9.30133
      vertex 24.5 21.4257 9.38777
      vertex 24.1243 21.3887 9.38777
    endloop
  endfacet
  facet normal 0.0937663 -0.952507 -0.28972
    outer loop
      vertex 24.4948 21.4995 9.20881
      vertex 24.1153 21.434 9.30133
      vertex 24.1098 21.4616 9.20881
    endloop
  endfacet
  facet normal 0.0938469 -0.952583 -0.289443
    outer loop
      vertex 24.4948 21.4995 9.20881
      vertex 24.5 21.4719 9.30133
      vertex 24.1153 21.434 9.30133
    endloop
  endfacet
  facet normal 0.0916171 -0.952817 -0.289388
    outer loop
      vertex 24.5 21.4719 9.30133
      vertex 24.4948 21.4995 9.20881
      vertex 24.5 21.5 9.20881
    endloop
  endfacet
  facet normal -0.00966455 -0.0980842 -0.995131
    outer loop
      vertex 24.5 21.1075 9.60039
      vertex 24.8136 21.0766 9.60039
      vertex 24.5 21.01 9.61
    endloop
  endfacet
  facet normal -0.00965818 -0.0981138 -0.995128
    outer loop
      vertex 24.8136 21.0766 9.60039
      vertex 24.7946 20.981 9.61
      vertex 24.5 21.01 9.61
    endloop
  endfacet
  facet normal -0.0285938 -0.290223 -0.956532
    outer loop
      vertex 24.5 21.2013 9.57193
      vertex 24.8319 21.1686 9.57193
      vertex 24.5 21.1075 9.60039
    endloop
  endfacet
  facet normal -0.0285957 -0.290214 -0.956534
    outer loop
      vertex 24.8319 21.1686 9.57193
      vertex 24.8136 21.0766 9.60039
      vertex 24.5 21.1075 9.60039
    endloop
  endfacet
  facet normal -0.0464133 -0.47061 -0.88112
    outer loop
      vertex 24.5 21.2878 9.52573
      vertex 24.8488 21.2534 9.52573
      vertex 24.5 21.2013 9.57193
    endloop
  endfacet
  facet normal -0.0463808 -0.470758 -0.881042
    outer loop
      vertex 24.8488 21.2534 9.52573
      vertex 24.8319 21.1686 9.57193
      vertex 24.5 21.2013 9.57193
    endloop
  endfacet
  facet normal -0.0623734 -0.63349 -0.771232
    outer loop
      vertex 24.5 21.3635 9.46355
      vertex 24.8636 21.3277 9.46355
      vertex 24.5 21.2878 9.52573
    endloop
  endfacet
  facet normal -0.0624476 -0.63319 -0.771473
    outer loop
      vertex 24.8636 21.3277 9.46355
      vertex 24.8488 21.2534 9.52573
      vertex 24.5 21.2878 9.52573
    endloop
  endfacet
  facet normal -0.0759042 -0.770736 -0.632618
    outer loop
      vertex 24.5 21.4257 9.38777
      vertex 24.8757 21.3887 9.38777
      vertex 24.5 21.3635 9.46355
    endloop
  endfacet
  facet normal -0.0758908 -0.77078 -0.632566
    outer loop
      vertex 24.8757 21.3887 9.38777
      vertex 24.8636 21.3277 9.46355
      vertex 24.5 21.3635 9.46355
    endloop
  endfacet
  facet normal -0.0865606 -0.878624 -0.469603
    outer loop
      vertex 24.5 21.4719 9.30133
      vertex 24.8847 21.434 9.30133
      vertex 24.5 21.4257 9.38777
    endloop
  endfacet
  facet normal -0.0865353 -0.878684 -0.469496
    outer loop
      vertex 24.8847 21.434 9.30133
      vertex 24.8757 21.3887 9.38777
      vertex 24.5 21.4257 9.38777
    endloop
  endfacet
  facet normal -0.093802 -0.952623 -0.289329
    outer loop
      vertex 24.5 21.5 9.20881
      vertex 24.8849 21.4621 9.20881
      vertex 24.5 21.4719 9.30133
    endloop
  endfacet
  facet normal -0.0938449 -0.952562 -0.289513
    outer loop
      vertex 24.8849 21.4621 9.20881
      vertex 24.8847 21.434 9.30133
      vertex 24.5 21.4719 9.30133
    endloop
  endfacet
  facet normal -0.0898975 -0.952913 -0.289611
    outer loop
      vertex 24.8847 21.434 9.30133
      vertex 24.8849 21.4621 9.20881
      vertex 24.8902 21.4616 9.20881
    endloop
  endfacet
  facet normal -0.028593 -0.0943506 -0.995128
    outer loop
      vertex 24.8136 21.0766 9.60039
      vertex 25.1152 20.9852 9.60039
      vertex 24.7946 20.981 9.61
    endloop
  endfacet
  facet normal -0.0285937 -0.0943028 -0.995133
    outer loop
      vertex 25.1152 20.9852 9.60039
      vertex 25.0779 20.8951 9.61
      vertex 24.7946 20.981 9.61
    endloop
  endfacet
  facet normal -0.0846297 -0.279068 -0.956535
    outer loop
      vertex 24.8319 21.1686 9.57193
      vertex 25.1511 21.0718 9.57193
      vertex 24.8136 21.0766 9.60039
    endloop
  endfacet
  facet normal -0.0846277 -0.279253 -0.956481
    outer loop
      vertex 25.1511 21.0718 9.57193
      vertex 25.1152 20.9852 9.60039
      vertex 24.8136 21.0766 9.60039
    endloop
  endfacet
  facet normal -0.137255 -0.452657 -0.881058
    outer loop
      vertex 24.8488 21.2534 9.52573
      vertex 25.1842 21.1517 9.52573
      vertex 24.8319 21.1686 9.57193
    endloop
  endfacet
  facet normal -0.137256 -0.452603 -0.881085
    outer loop
      vertex 25.1842 21.1517 9.52573
      vertex 25.1511 21.0718 9.57193
      vertex 24.8319 21.1686 9.57193
    endloop
  endfacet
  facet normal -0.184661 -0.608858 -0.771487
    outer loop
      vertex 24.8636 21.3277 9.46355
      vertex 25.2131 21.2217 9.46355
      vertex 24.8488 21.2534 9.52573
    endloop
  endfacet
  facet normal -0.184655 -0.60898 -0.771392
    outer loop
      vertex 25.2131 21.2217 9.46355
      vertex 25.1842 21.1517 9.52573
      vertex 24.8488 21.2534 9.52573
    endloop
  endfacet
  facet normal -0.224896 -0.741171 -0.632524
    outer loop
      vertex 24.8757 21.3887 9.38777
      vertex 25.2369 21.2791 9.38777
      vertex 24.8636 21.3277 9.46355
    endloop
  endfacet
  facet normal -0.22487 -0.741433 -0.632227
    outer loop
      vertex 25.2369 21.2791 9.38777
      vertex 25.2131 21.2217 9.46355
      vertex 24.8636 21.3277 9.46355
    endloop
  endfacet
  facet normal -0.256288 -0.844929 -0.46948
    outer loop
      vertex 24.8847 21.434 9.30133
      vertex 25.2546 21.3218 9.30133
      vertex 24.8757 21.3887 9.38777
    endloop
  endfacet
  facet normal -0.256325 -0.844751 -0.46978
    outer loop
      vertex 25.2546 21.3218 9.30133
      vertex 25.2369 21.2791 9.38777
      vertex 24.8757 21.3887 9.38777
    endloop
  endfacet
  facet normal -0.277904 -0.915872 -0.289738
    outer loop
      vertex 24.8902 21.4616 9.20881
      vertex 25.2603 21.3493 9.20881
      vertex 24.8847 21.434 9.30133
    endloop
  endfacet
  facet normal -0.277846 -0.916001 -0.289384
    outer loop
      vertex 25.2603 21.3493 9.20881
      vertex 25.2546 21.3218 9.30133
      vertex 24.8847 21.434 9.30133
    endloop
  endfacet
  facet normal -0.270077 -0.918261 -0.289577
    outer loop
      vertex 25.2546 21.3218 9.30133
      vertex 25.2603 21.3493 9.20881
      vertex 25.2654 21.3478 9.20881
    endloop
  endfacet
  facet normal -0.046469 -0.0869027 -0.995132
    outer loop
      vertex 25.1152 20.9852 9.60039
      vertex 25.3931 20.8366 9.60039
      vertex 25.0779 20.8951 9.61
    endloop
  endfacet
  facet normal -0.0464626 -0.0868678 -0.995136
    outer loop
      vertex 25.3931 20.8366 9.60039
      vertex 25.3389 20.7555 9.61
      vertex 25.0779 20.8951 9.61
    endloop
  endfacet
  facet normal -0.137541 -0.25732 -0.956488
    outer loop
      vertex 25.1511 21.0718 9.57193
      vertex 25.4452 20.9146 9.57193
      vertex 25.1152 20.9852 9.60039
    endloop
  endfacet
  facet normal -0.137511 -0.257162 -0.956535
    outer loop
      vertex 25.4452 20.9146 9.57193
      vertex 25.3931 20.8366 9.60039
      vertex 25.1152 20.9852 9.60039
    endloop
  endfacet
  facet normal -0.222987 -0.417088 -0.881087
    outer loop
      vertex 25.1842 21.1517 9.52573
      vertex 25.4932 20.9865 9.52573
      vertex 25.1511 21.0718 9.57193
    endloop
  endfacet
  facet normal -0.223011 -0.417224 -0.881016
    outer loop
      vertex 25.4932 20.9865 9.52573
      vertex 25.4452 20.9146 9.57193
      vertex 25.1511 21.0718 9.57193
    endloop
  endfacet
  facet normal -0.29999 -0.561305 -0.771326
    outer loop
      vertex 25.2131 21.2217 9.46355
      vertex 25.5353 21.0495 9.46355
      vertex 25.1842 21.1517 9.52573
    endloop
  endfacet
  facet normal -0.29995 -0.561045 -0.77153
    outer loop
      vertex 25.5353 21.0495 9.46355
      vertex 25.4932 20.9865 9.52573
      vertex 25.1842 21.1517 9.52573
    endloop
  endfacet
  facet normal -0.365069 -0.68335 -0.632264
    outer loop
      vertex 25.2369 21.2791 9.38777
      vertex 25.5699 21.1012 9.38777
      vertex 25.2131 21.2217 9.46355
    endloop
  endfacet
  facet normal -0.365036 -0.683012 -0.632647
    outer loop
      vertex 25.5699 21.1012 9.38777
      vertex 25.5353 21.0495 9.46355
      vertex 25.2131 21.2217 9.46355
    endloop
  endfacet
  facet normal -0.41611 -0.778551 -0.469798
    outer loop
      vertex 25.2546 21.3218 9.30133
      vertex 25.5955 21.1396 9.30133
      vertex 25.2369 21.2791 9.38777
    endloop
  endfacet
  facet normal -0.416108 -0.778886 -0.469245
    outer loop
      vertex 25.5955 21.1396 9.30133
      vertex 25.5699 21.1012 9.38777
      vertex 25.2369 21.2791 9.38777
    endloop
  endfacet
  facet normal -0.45131 -0.84398 -0.289858
    outer loop
      vertex 25.2654 21.3478 9.20881
      vertex 25.6065 21.1654 9.20881
      vertex 25.2546 21.3218 9.30133
    endloop
  endfacet
  facet normal -0.451241 -0.844282 -0.289085
    outer loop
      vertex 25.6065 21.1654 9.20881
      vertex 25.5955 21.1396 9.30133
      vertex 25.2546 21.3218 9.30133
    endloop
  endfacet
  facet normal -0.45715 -0.841155 -0.288915
    outer loop
      vertex 25.5955 21.1396 9.30133
      vertex 25.6065 21.1654 9.20881
      vertex 25.6111 21.1629 9.20881
    endloop
  endfacet
  facet normal -0.062493 -0.0761545 -0.995136
    outer loop
      vertex 25.3931 20.8366 9.60039
      vertex 25.6367 20.6367 9.60039
      vertex 25.3389 20.7555 9.61
    endloop
  endfacet
  facet normal -0.0624791 -0.0761193 -0.995139
    outer loop
      vertex 25.6367 20.6367 9.60039
      vertex 25.5677 20.5677 9.61
      vertex 25.3389 20.7555 9.61
    endloop
  endfacet
  facet normal -0.185026 -0.225423 -0.95653
    outer loop
      vertex 25.4452 20.9146 9.57193
      vertex 25.703 20.703 9.57193
      vertex 25.3931 20.8366 9.60039
    endloop
  endfacet
  facet normal -0.185065 -0.225522 -0.956499
    outer loop
      vertex 25.703 20.703 9.57193
      vertex 25.6367 20.6367 9.60039
      vertex 25.3931 20.8366 9.60039
    endloop
  endfacet
  facet normal -0.300208 -0.365676 -0.880997
    outer loop
      vertex 25.4932 20.9865 9.52573
      vertex 25.7641 20.7641 9.52573
      vertex 25.4452 20.9146 9.57193
    endloop
  endfacet
  facet normal -0.300267 -0.365826 -0.880915
    outer loop
      vertex 25.7641 20.7641 9.52573
      vertex 25.703 20.703 9.57193
      vertex 25.4452 20.9146 9.57193
    endloop
  endfacet
  facet normal -0.40364 -0.491751 -0.771528
    outer loop
      vertex 25.5353 21.0495 9.46355
      vertex 25.8177 20.8177 9.46355
      vertex 25.4932 20.9865 9.52573
    endloop
  endfacet
  facet normal -0.403584 -0.491596 -0.771657
    outer loop
      vertex 25.8177 20.8177 9.46355
      vertex 25.7641 20.7641 9.52573
      vertex 25.4932 20.9865 9.52573
    endloop
  endfacet
  facet normal -0.491303 -0.59859 -0.632702
    outer loop
      vertex 25.5699 21.1012 9.38777
      vertex 25.8617 20.8617 9.38777
      vertex 25.5353 21.0495 9.46355
    endloop
  endfacet
  facet normal -0.491284 -0.598527 -0.632775
    outer loop
      vertex 25.8617 20.8617 9.38777
      vertex 25.8177 20.8177 9.46355
      vertex 25.5353 21.0495 9.46355
    endloop
  endfacet
  facet normal -0.560095 -0.682758 -0.469185
    outer loop
      vertex 25.5955 21.1396 9.30133
      vertex 25.8944 20.8944 9.30133
      vertex 25.5699 21.1012 9.38777
    endloop
  endfacet
  facet normal -0.560007 -0.682297 -0.46996
    outer loop
      vertex 25.8944 20.8944 9.30133
      vertex 25.8617 20.8617 9.38777
      vertex 25.5699 21.1012 9.38777
    endloop
  endfacet
  facet normal -0.607389 -0.740054 -0.288787
    outer loop
      vertex 25.5955 21.1396 9.30133
      vertex 25.6111 21.1629 9.20881
      vertex 25.9101 20.9175 9.20881
    endloop
  endfacet
  facet normal -0.607379 -0.740398 -0.287927
    outer loop
      vertex 25.9101 20.9175 9.20881
      vertex 25.8944 20.8944 9.30133
      vertex 25.5955 21.1396 9.30133
    endloop
  endfacet
  facet normal -0.600417 -0.745973 -0.288138
    outer loop
      vertex 25.8944 20.8944 9.30133
      vertex 25.9101 20.9175 9.20881
      vertex 25.9142 20.9142 9.20881
    endloop
  endfacet
  facet normal -0.0761275 -0.0624708 -0.995139
    outer loop
      vertex 25.6367 20.6367 9.60039
      vertex 25.8366 20.3931 9.60039
      vertex 25.5677 20.5677 9.61
    endloop
  endfacet
  facet normal -0.0761481 -0.0625027 -0.995136
    outer loop
      vertex 25.8366 20.3931 9.60039
      vertex 25.7555 20.3389 9.61
      vertex 25.5677 20.5677 9.61
    endloop
  endfacet
  facet normal -0.2255 -0.185088 -0.9565
    outer loop
      vertex 25.703 20.703 9.57193
      vertex 25.9146 20.4452 9.57193
      vertex 25.6367 20.6367 9.60039
    endloop
  endfacet
  facet normal -0.225441 -0.184999 -0.956531
    outer loop
      vertex 25.9146 20.4452 9.57193
      vertex 25.8366 20.3931 9.60039
      vertex 25.6367 20.6367 9.60039
    endloop
  endfacet
  facet normal -0.365792 -0.300303 -0.880917
    outer loop
      vertex 25.7641 20.7641 9.52573
      vertex 25.9865 20.4932 9.52573
      vertex 25.703 20.703 9.57193
    endloop
  endfacet
  facet normal -0.365704 -0.300167 -0.880999
    outer loop
      vertex 25.9865 20.4932 9.52573
      vertex 25.9146 20.4452 9.57193
      vertex 25.703 20.703 9.57193
    endloop
  endfacet
  facet normal -0.491633 -0.403543 -0.771654
    outer loop
      vertex 25.8177 20.8177 9.46355
      vertex 26.0495 20.5353 9.46355
      vertex 25.7641 20.7641 9.52573
    endloop
  endfacet
  facet normal -0.491719 -0.403685 -0.771525
    outer loop
      vertex 26.0495 20.5353 9.46355
      vertex 25.9865 20.4932 9.52573
      vertex 25.7641 20.7641 9.52573
    endloop
  endfacet
  facet normal -0.598544 -0.491266 -0.632774
    outer loop
      vertex 25.8617 20.8617 9.38777
      vertex 26.1012 20.5699 9.38777
      vertex 25.8177 20.8177 9.46355
    endloop
  endfacet
  facet normal -0.598575 -0.491323 -0.632701
    outer loop
      vertex 26.1012 20.5699 9.38777
      vertex 26.0495 20.5353 9.46355
      vertex 25.8177 20.8177 9.46355
    endloop
  endfacet
  facet normal -0.682444 -0.559837 -0.469951
    outer loop
      vertex 25.8944 20.8944 9.30133
      vertex 26.1396 20.5955 9.30133
      vertex 25.8617 20.8617 9.38777
    endloop
  endfacet
  facet normal -0.68262 -0.560272 -0.469176
    outer loop
      vertex 26.1396 20.5955 9.30133
      vertex 26.1012 20.5699 9.38777
      vertex 25.8617 20.8617 9.38777
    endloop
  endfacet
  facet normal -0.740145 -0.607463 -0.288399
    outer loop
      vertex 25.9142 20.9142 9.20881
      vertex 26.1596 20.6152 9.20881
      vertex 25.8944 20.8944 9.30133
    endloop
  endfacet
  facet normal -0.745766 -0.60025 -0.289021
    outer loop
      vertex 26.1396 20.5955 9.30133
      vertex 26.1596 20.6152 9.20881
      vertex 26.1629 20.6111 9.20881
    endloop
  endfacet
  facet normal -0.740088 -0.607125 -0.289258
    outer loop
      vertex 26.1596 20.6152 9.20881
      vertex 26.1396 20.5955 9.30133
      vertex 25.8944 20.8944 9.30133
    endloop
  endfacet
  facet normal -0.0868738 -0.0464536 -0.995136
    outer loop
      vertex 25.8366 20.3931 9.60039
      vertex 25.9852 20.1152 9.60039
      vertex 25.7555 20.3389 9.61
    endloop
  endfacet
  facet normal -0.0868985 -0.046479 -0.995132
    outer loop
      vertex 25.9852 20.1152 9.60039
      vertex 25.8951 20.0779 9.61
      vertex 25.7555 20.3389 9.61
    endloop
  endfacet
  facet normal -0.257189 -0.13747 -0.956533
    outer loop
      vertex 25.9146 20.4452 9.57193
      vertex 26.0718 20.1511 9.57193
      vertex 25.8366 20.3931 9.60039
    endloop
  endfacet
  facet normal -0.257301 -0.137585 -0.956486
    outer loop
      vertex 26.0718 20.1511 9.57193
      vertex 25.9852 20.1152 9.60039
      vertex 25.8366 20.3931 9.60039
    endloop
  endfacet
  facet normal -0.417201 -0.223047 -0.881018
    outer loop
      vertex 25.9865 20.4932 9.52573
      vertex 26.1517 20.1842 9.52573
      vertex 25.9146 20.4452 9.57193
    endloop
  endfacet
  facet normal -0.417105 -0.222948 -0.881089
    outer loop
      vertex 26.1517 20.1842 9.52573
      vertex 26.0718 20.1511 9.57193
      vertex 25.9146 20.4452 9.57193
    endloop
  endfacet
  facet normal -0.561091 -0.299875 -0.771526
    outer loop
      vertex 26.0495 20.5353 9.46355
      vertex 26.2217 20.2131 9.46355
      vertex 25.9865 20.4932 9.52573
    endloop
  endfacet
  facet normal -0.561268 -0.300069 -0.771321
    outer loop
      vertex 26.2217 20.2131 9.46355
      vertex 26.1517 20.1842 9.52573
      vertex 25.9865 20.4932 9.52573
    endloop
  endfacet
  facet normal -0.683078 -0.364924 -0.632641
    outer loop
      vertex 26.1012 20.5699 9.38777
      vertex 26.2791 20.2369 9.38777
      vertex 26.0495 20.5353 9.46355
    endloop
  endfacet
  facet normal -0.683293 -0.365186 -0.632257
    outer loop
      vertex 26.2791 20.2369 9.38777
      vertex 26.2217 20.2131 9.46355
      vertex 26.0495 20.5353 9.46355
    endloop
  endfacet
  facet normal -0.778807 -0.416247 -0.469252
    outer loop
      vertex 26.1396 20.5955 9.30133
      vertex 26.3218 20.2546 9.30133
      vertex 26.1012 20.5699 9.38777
    endloop
  endfacet
  facet normal -0.778624 -0.415968 -0.469804
    outer loop
      vertex 26.3218 20.2546 9.30133
      vertex 26.2791 20.2369 9.38777
      vertex 26.1012 20.5699 9.38777
    endloop
  endfacet
  facet normal -0.844277 -0.451469 -0.288744
    outer loop
      vertex 26.1629 20.6111 9.20881
      vertex 26.3453 20.27 9.20881
      vertex 26.1396 20.5955 9.30133
    endloop
  endfacet
  facet normal -0.840953 -0.45704 -0.289676
    outer loop
      vertex 26.3218 20.2546 9.30133
      vertex 26.3453 20.27 9.20881
      vertex 26.3478 20.2654 9.20881
    endloop
  endfacet
  facet normal -0.844166 -0.45118 -0.289517
    outer loop
      vertex 26.3453 20.27 9.20881
      vertex 26.3218 20.2546 9.30133
      vertex 26.1396 20.5955 9.30133
    endloop
  endfacet
  facet normal -0.0943084 -0.0285802 -0.995133
    outer loop
      vertex 25.9852 20.1152 9.60039
      vertex 26.0766 19.8136 9.60039
      vertex 25.8951 20.0779 9.61
    endloop
  endfacet
  facet normal -0.0943477 -0.0286074 -0.995128
    outer loop
      vertex 26.0766 19.8136 9.60039
      vertex 25.981 19.7946 9.61
      vertex 25.8951 20.0779 9.61
    endloop
  endfacet
  facet normal -0.279232 -0.0846794 -0.956483
    outer loop
      vertex 26.0718 20.1511 9.57193
      vertex 26.1686 19.8319 9.57193
      vertex 25.9852 20.1152 9.60039
    endloop
  endfacet
  facet normal -0.279079 -0.0845751 -0.956536
    outer loop
      vertex 26.1686 19.8319 9.57193
      vertex 26.0766 19.8136 9.60039
      vertex 25.9852 20.1152 9.60039
    endloop
  endfacet
  facet normal -0.452609 -0.13724 -0.881085
    outer loop
      vertex 26.1517 20.1842 9.52573
      vertex 26.2534 19.8488 9.52573
      vertex 26.0718 20.1511 9.57193
    endloop
  endfacet
  facet normal -0.452653 -0.137271 -0.881057
    outer loop
      vertex 26.2534 19.8488 9.52573
      vertex 26.1686 19.8319 9.57193
      vertex 26.0718 20.1511 9.57193
    endloop
  endfacet
  facet normal -0.608966 -0.184694 -0.771394
    outer loop
      vertex 26.2217 20.2131 9.46355
      vertex 26.3277 19.8636 9.46355
      vertex 26.1517 20.1842 9.52573
    endloop
  endfacet
  facet normal -0.608867 -0.184621 -0.771489
    outer loop
      vertex 26.3277 19.8636 9.46355
      vertex 26.2534 19.8488 9.52573
      vertex 26.1517 20.1842 9.52573
    endloop
  endfacet
  facet normal -0.7414 -0.224965 -0.632232
    outer loop
      vertex 26.2791 20.2369 9.38777
      vertex 26.3887 19.8757 9.38777
      vertex 26.2217 20.2131 9.46355
    endloop
  endfacet
  facet normal -0.741197 -0.224798 -0.632529
    outer loop
      vertex 26.3887 19.8757 9.38777
      vertex 26.3277 19.8636 9.46355
      vertex 26.2217 20.2131 9.46355
    endloop
  endfacet
  facet normal -0.844778 -0.256242 -0.469777
    outer loop
      vertex 26.3218 20.2546 9.30133
      vertex 26.434 19.8847 9.30133
      vertex 26.2791 20.2369 9.38777
    endloop
  endfacet
  facet normal -0.844905 -0.256372 -0.469477
    outer loop
      vertex 26.434 19.8847 9.30133
      vertex 26.3887 19.8757 9.38777
      vertex 26.2791 20.2369 9.38777
    endloop
  endfacet
  facet normal -0.915942 -0.277603 -0.289803
    outer loop
      vertex 26.3478 20.2654 9.20881
      vertex 26.46 19.8952 9.20881
      vertex 26.3218 20.2546 9.30133
    endloop
  endfacet
  facet normal -0.911693 -0.291742 -0.289314
    outer loop
      vertex 26.434 19.8847 9.30133
      vertex 26.46 19.8952 9.20881
      vertex 26.4616 19.8902 9.20881
    endloop
  endfacet
  facet normal -0.916117 -0.277881 -0.288984
    outer loop
      vertex 26.46 19.8952 9.20881
      vertex 26.434 19.8847 9.30133
      vertex 26.3218 20.2546 9.30133
    endloop
  endfacet
  facet normal -0.098112 -0.00966728 -0.995128
    outer loop
      vertex 26.0766 19.8136 9.60039
      vertex 26.1075 19.5 9.60039
      vertex 25.981 19.7946 9.61
    endloop
  endfacet
  facet normal -0.0980842 -0.00965527 -0.995131
    outer loop
      vertex 26.1075 19.5 9.60039
      vertex 26.01 19.5 9.61
      vertex 25.981 19.7946 9.61
    endloop
  endfacet
  facet normal -0.290214 -0.028593 -0.956534
    outer loop
      vertex 26.1686 19.8319 9.57193
      vertex 26.2013 19.5 9.57193
      vertex 26.0766 19.8136 9.60039
    endloop
  endfacet
  facet normal -0.290223 -0.0285966 -0.956532
    outer loop
      vertex 26.2013 19.5 9.57193
      vertex 26.1075 19.5 9.60039
      vertex 26.0766 19.8136 9.60039
    endloop
  endfacet
  facet normal -0.47075 -0.0464272 -0.881044
    outer loop
      vertex 26.2534 19.8488 9.52573
      vertex 26.2878 19.5 9.52573
      vertex 26.1686 19.8319 9.57193
    endloop
  endfacet
  facet normal -0.470611 -0.0463663 -0.881122
    outer loop
      vertex 26.2878 19.5 9.52573
      vertex 26.2013 19.5 9.57193
      vertex 26.1686 19.8319 9.57193
    endloop
  endfacet
  facet normal -0.633206 -0.0623453 -0.771468
    outer loop
      vertex 26.3277 19.8636 9.46355
      vertex 26.3635 19.5 9.46355
      vertex 26.2534 19.8488 9.52573
    endloop
  endfacet
  facet normal -0.633486 -0.0624769 -0.771227
    outer loop
      vertex 26.3635 19.5 9.46355
      vertex 26.2878 19.5 9.52573
      vertex 26.2534 19.8488 9.52573
    endloop
  endfacet
  facet normal -0.770777 -0.0759083 -0.632567
    outer loop
      vertex 26.3887 19.8757 9.38777
      vertex 26.4257 19.5 9.38777
      vertex 26.3277 19.8636 9.46355
    endloop
  endfacet
  facet normal -0.770737 -0.0758866 -0.632618
    outer loop
      vertex 26.4257 19.5 9.38777
      vertex 26.3635 19.5 9.46355
      vertex 26.3277 19.8636 9.46355
    endloop
  endfacet
  facet normal -0.87868 -0.0865661 -0.469497
    outer loop
      vertex 26.434 19.8847 9.30133
      vertex 26.4719 19.5 9.30133
      vertex 26.3887 19.8757 9.38777
    endloop
  endfacet
  facet normal -0.878627 -0.0865296 -0.469604
    outer loop
      vertex 26.4719 19.5 9.30133
      vertex 26.4257 19.5 9.38777
      vertex 26.3887 19.8757 9.38777
    endloop
  endfacet
  facet normal -0.952507 -0.0937663 -0.28972
    outer loop
      vertex 26.4616 19.8902 9.20881
      vertex 26.4995 19.5052 9.20881
      vertex 26.434 19.8847 9.30133
    endloop
  endfacet
  facet normal -0.952817 -0.0916171 -0.289388
    outer loop
      vertex 26.4719 19.5 9.30133
      vertex 26.4995 19.5052 9.20881
      vertex 26.5 19.5 9.20881
    endloop
  endfacet
  facet normal -0.952583 -0.0938469 -0.289443
    outer loop
      vertex 26.4995 19.5052 9.20881
      vertex 26.4719 19.5 9.30133
      vertex 26.434 19.8847 9.30133
    endloop
  endfacet
endsolid OpenSCAD_Model
